solid OpenSCAD_Model
  facet normal 0.679571 0.516174 0.521295
    outer loop
      vertex 44 34.2138 65.2773
      vertex 44 34 65.489
      vertex 44.1436 34 65.3018
    endloop
  endfacet
  facet normal 0.991426 -0 0.130672
    outer loop
      vertex 45.386 10 62.3024
      vertex 45.4715 34 61.6537
      vertex 45.386 34 62.3024
    endloop
  endfacet
  facet normal 0.991426 0 0.130672
    outer loop
      vertex 45.4715 34 61.6537
      vertex 45.386 10 62.3024
      vertex 45.4715 10 61.6537
    endloop
  endfacet
  facet normal 0.797479 -0.594145 0.104973
    outer loop
      vertex 45.4715 10 61.6537
      vertex 44 8.13196 62.2596
      vertex 44 8.02491 61.6537
    endloop
  endfacet
  facet normal 0.843347 0 -0.53737
    outer loop
      vertex 44.4952 10 57.25
      vertex 44.1436 34 56.6982
      vertex 44.4952 34 57.25
    endloop
  endfacet
  facet normal 0.843347 0 -0.53737
    outer loop
      vertex 44.1436 34 56.6982
      vertex 44.4952 10 57.25
      vertex 44.1436 10 56.6982
    endloop
  endfacet
  facet normal 0.740031 -0.551347 0.385189
    outer loop
      vertex 44 9.33533 64.75
      vertex 44.7973 10 64.1696
      vertex 44.4952 10 64.75
    endloop
  endfacet
  facet normal 0.740033 -0.551329 0.385211
    outer loop
      vertex 44.7973 10 64.1696
      vertex 44 9.33533 64.75
      vertex 44 9.11021 64.4278
    endloop
  endfacet
  facet normal 0.740037 0.551328 0.385204
    outer loop
      vertex 44 35.0702 64.1696
      vertex 44 34.8898 64.4278
      vertex 44.7973 34 64.1696
    endloop
  endfacet
  facet normal 0.843347 -0 0.53737
    outer loop
      vertex 44.1436 10 65.3018
      vertex 44.4952 34 64.75
      vertex 44.1436 34 65.3018
    endloop
  endfacet
  facet normal 0.843347 0 0.53737
    outer loop
      vertex 44.4952 34 64.75
      vertex 44.1436 10 65.3018
      vertex 44.4952 10 64.75
    endloop
  endfacet
  facet normal 0.801418 -0.59708 0.0350041
    outer loop
      vertex 44 8 61.2288
      vertex 45.4715 10 61.6537
      vertex 44 8.02491 61.6537
    endloop
  endfacet
  facet normal 0.801426 -0.597072 0.0349406
    outer loop
      vertex 45.4715 10 61.6537
      vertex 44 8 61.2288
      vertex 45.5 10 61
    endloop
  endfacet
  facet normal 0.801428 -0.597064 0.0350275
    outer loop
      vertex 45.5 10 61
      vertex 44 8 61.2288
      vertex 44.01 8 61
    endloop
  endfacet
  facet normal 0.953737 0 -0.300641
    outer loop
      vertex 45.2444 10 59.0589
      vertex 45.0477 34 58.4349
      vertex 45.2444 34 59.0589
    endloop
  endfacet
  facet normal 0.953737 0 -0.300641
    outer loop
      vertex 45.0477 34 58.4349
      vertex 45.2444 10 59.0589
      vertex 45.0477 10 58.4349
    endloop
  endfacet
  facet normal 0.797476 0.59414 0.105021
    outer loop
      vertex 44 35.9751 61.6537
      vertex 44 35.868 62.2596
      vertex 45.4715 34 61.6537
    endloop
  endfacet
  facet normal 0.76103 -0.566968 -0.315245
    outer loop
      vertex 44.7973 10 57.8304
      vertex 44 8.71362 58.2192
      vertex 44 8.9298 57.8304
    endloop
  endfacet
  facet normal 0.797504 -0.594116 0.104942
    outer loop
      vertex 44 8.13196 62.2596
      vertex 45.386 10 62.3024
      vertex 44 8.13952 62.3024
    endloop
  endfacet
  facet normal 0.797488 -0.594108 0.105111
    outer loop
      vertex 45.386 10 62.3024
      vertex 44 8.13196 62.2596
      vertex 45.4715 10 61.6537
    endloop
  endfacet
  facet normal 0.71441 -0.531954 0.454579
    outer loop
      vertex 44.1436 10 65.3018
      vertex 44 9.78621 65.2773
      vertex 44 9.74767 65.2322
    endloop
  endfacet
  facet normal 0.777463 -0.579214 -0.245075
    outer loop
      vertex 45.2444 10 59.0589
      vertex 44 8.5937 58.4349
      vertex 45.0477 10 58.4349
    endloop
  endfacet
  facet normal 0.777464 -0.579192 -0.245126
    outer loop
      vertex 44 8.5937 58.4349
      vertex 45.2444 10 59.0589
      vertex 44 8.32961 59.0589
    endloop
  endfacet
  facet normal 0.740041 0.551338 -0.385183
    outer loop
      vertex 44.7973 34 57.8304
      vertex 44 34.6647 57.25
      vertex 44 34.8898 57.5722
    endloop
  endfacet
  facet normal 0.740042 0.551329 -0.385194
    outer loop
      vertex 44 34.6647 57.25
      vertex 44.7973 34 57.8304
      vertex 44.4952 34 57.25
    endloop
  endfacet
  facet normal 0.797577 0.594164 0.104117
    outer loop
      vertex 45.386 34 62.3024
      vertex 44 35.868 62.2596
      vertex 44 35.8605 62.3024
    endloop
  endfacet
  facet normal 0.797482 0.594116 0.10511
    outer loop
      vertex 44 35.868 62.2596
      vertex 45.386 34 62.3024
      vertex 45.4715 34 61.6537
    endloop
  endfacet
  facet normal 0.714621 0.532024 0.454167
    outer loop
      vertex 44 34.2523 65.2322
      vertex 44 34.2138 65.2773
      vertex 44.1436 34 65.3018
    endloop
  endfacet
  facet normal 0.714138 -0.531926 0.45504
    outer loop
      vertex 44 9.74767 65.2322
      vertex 44.4952 10 64.75
      vertex 44.1436 10 65.3018
    endloop
  endfacet
  facet normal 0.714111 -0.532035 0.454955
    outer loop
      vertex 44.4952 10 64.75
      vertex 44 9.74767 65.2322
      vertex 44 9.33533 64.75
    endloop
  endfacet
  facet normal 0.679562 -0.516192 0.521288
    outer loop
      vertex 44.1436 10 65.3018
      vertex 44 10 65.489
      vertex 44 9.78621 65.2773
    endloop
  endfacet
  facet normal 0.991426 0 -0.130672
    outer loop
      vertex 45.4715 10 60.3463
      vertex 45.386 34 59.6976
      vertex 45.4715 34 60.3463
    endloop
  endfacet
  facet normal 0.991426 0 -0.130672
    outer loop
      vertex 45.386 34 59.6976
      vertex 45.4715 10 60.3463
      vertex 45.386 10 59.6976
    endloop
  endfacet
  facet normal 0.71441 -0.531954 -0.454579
    outer loop
      vertex 44.1436 10 56.6982
      vertex 44 9.74767 56.7678
      vertex 44 9.78621 56.7227
    endloop
  endfacet
  facet normal 0.761033 -0.566968 -0.31524
    outer loop
      vertex 45.0477 10 58.4349
      vertex 44 8.71362 58.2192
      vertex 44.7973 10 57.8304
    endloop
  endfacet
  facet normal 0.761037 -0.566976 -0.315215
    outer loop
      vertex 44 8.71362 58.2192
      vertex 45.0477 10 58.4349
      vertex 44 8.5937 58.4349
    endloop
  endfacet
  facet normal 0.679562 -0.516192 -0.521288
    outer loop
      vertex 44.1436 10 56.6982
      vertex 44 9.78621 56.7227
      vertex 44 10 56.511
    endloop
  endfacet
  facet normal 0.801426 -0.597072 -0.0349406
    outer loop
      vertex 44 8 60.7712
      vertex 45.4715 10 60.3463
      vertex 45.5 10 61
    endloop
  endfacet
  facet normal 0.801428 -0.597064 -0.0350275
    outer loop
      vertex 44 8 60.7712
      vertex 45.5 10 61
      vertex 44.01 8 61
    endloop
  endfacet
  facet normal 0.801418 -0.59708 -0.0350041
    outer loop
      vertex 45.4715 10 60.3463
      vertex 44 8 60.7712
      vertex 44 8.02491 60.3463
    endloop
  endfacet
  facet normal 0.714138 -0.531926 -0.45504
    outer loop
      vertex 44.4952 10 57.25
      vertex 44 9.74767 56.7678
      vertex 44.1436 10 56.6982
    endloop
  endfacet
  facet normal 0.714111 -0.532035 -0.454955
    outer loop
      vertex 44 9.74767 56.7678
      vertex 44.4952 10 57.25
      vertex 44 9.33533 57.25
    endloop
  endfacet
  facet normal 0.789549 -0.588195 0.175043
    outer loop
      vertex 44 8.32961 62.9411
      vertex 45.386 10 62.3024
      vertex 45.2444 10 62.9411
    endloop
  endfacet
  facet normal 0.789549 -0.58819 0.175057
    outer loop
      vertex 45.386 10 62.3024
      vertex 44 8.32961 62.9411
      vertex 44 8.13952 62.3024
    endloop
  endfacet
  facet normal 0.761024 0.566963 0.315271
    outer loop
      vertex 44 35.2864 63.7808
      vertex 44 35.0702 64.1696
      vertex 44.7973 34 64.1696
    endloop
  endfacet
  facet normal 0.887034 -0 0.461704
    outer loop
      vertex 44.4952 10 64.75
      vertex 44.7973 34 64.1696
      vertex 44.4952 34 64.75
    endloop
  endfacet
  facet normal 0.887034 0 0.461704
    outer loop
      vertex 44.7973 34 64.1696
      vertex 44.4952 10 64.75
      vertex 44.7973 10 64.1696
    endloop
  endfacet
  facet normal 0.740031 -0.551324 0.385222
    outer loop
      vertex 44.7973 10 64.1696
      vertex 44 9.11021 64.4278
      vertex 44 8.9298 64.1696
    endloop
  endfacet
  facet normal 0.76103 -0.566968 0.315245
    outer loop
      vertex 44.7973 10 64.1696
      vertex 44 8.9298 64.1696
      vertex 44 8.71362 63.7808
    endloop
  endfacet
  facet normal 0.793443 -0 0.608645
    outer loop
      vertex 44 10 65.489
      vertex 44.1436 34 65.3018
      vertex 44 34 65.489
    endloop
  endfacet
  facet normal 0.793443 0 0.608645
    outer loop
      vertex 44.1436 34 65.3018
      vertex 44 10 65.489
      vertex 44.1436 10 65.3018
    endloop
  endfacet
  facet normal 0.976295 -0 0.216445
    outer loop
      vertex 45.2444 10 62.9411
      vertex 45.386 34 62.3024
      vertex 45.2444 34 62.9411
    endloop
  endfacet
  facet normal 0.976295 0 0.216445
    outer loop
      vertex 45.386 34 62.3024
      vertex 45.2444 10 62.9411
      vertex 45.386 10 62.3024
    endloop
  endfacet
  facet normal 0.999051 -0 0.0435566
    outer loop
      vertex 45.4715 10 61.6537
      vertex 45.5 34 61
      vertex 45.4715 34 61.6537
    endloop
  endfacet
  facet normal 0.999051 0 0.0435566
    outer loop
      vertex 45.5 34 61
      vertex 45.4715 10 61.6537
      vertex 45.5 10 61
    endloop
  endfacet
  facet normal 0.740031 -0.551347 -0.385189
    outer loop
      vertex 44.7973 10 57.8304
      vertex 44 9.33533 57.25
      vertex 44.4952 10 57.25
    endloop
  endfacet
  facet normal 0.740033 -0.551329 -0.385211
    outer loop
      vertex 44 9.33533 57.25
      vertex 44.7973 10 57.8304
      vertex 44 9.11021 57.5722
    endloop
  endfacet
  facet normal 0.887034 0 -0.461704
    outer loop
      vertex 44.7973 10 57.8304
      vertex 44.4952 34 57.25
      vertex 44.7973 34 57.8304
    endloop
  endfacet
  facet normal 0.887034 0 -0.461704
    outer loop
      vertex 44.4952 34 57.25
      vertex 44.7973 10 57.8304
      vertex 44.4952 10 57.25
    endloop
  endfacet
  facet normal 0.740031 -0.551324 -0.385222
    outer loop
      vertex 44.7973 10 57.8304
      vertex 44 8.9298 57.8304
      vertex 44 9.11021 57.5722
    endloop
  endfacet
  facet normal 0.740037 0.551328 -0.385204
    outer loop
      vertex 44 34.8898 57.5722
      vertex 44 35.0702 57.8304
      vertex 44.7973 34 57.8304
    endloop
  endfacet
  facet normal 0.76105 0.566986 -0.315167
    outer loop
      vertex 45.0477 34 58.4349
      vertex 44 35.2864 58.2192
      vertex 44 35.4063 58.4349
    endloop
  endfacet
  facet normal 0.761036 0.566962 -0.315242
    outer loop
      vertex 44 35.2864 58.2192
      vertex 45.0477 34 58.4349
      vertex 44.7973 34 57.8304
    endloop
  endfacet
  facet normal 0.797488 -0.594108 -0.105111
    outer loop
      vertex 44 8.13196 59.7404
      vertex 45.386 10 59.6976
      vertex 45.4715 10 60.3463
    endloop
  endfacet
  facet normal 0.797504 -0.594116 -0.104942
    outer loop
      vertex 45.386 10 59.6976
      vertex 44 8.13196 59.7404
      vertex 44 8.13952 59.6976
    endloop
  endfacet
  facet normal 0.714114 0.531972 0.455024
    outer loop
      vertex 44.4952 34 64.75
      vertex 44 34.2523 65.2322
      vertex 44.1436 34 65.3018
    endloop
  endfacet
  facet normal 0.714105 0.532007 0.454997
    outer loop
      vertex 44 34.2523 65.2322
      vertex 44.4952 34 64.75
      vertex 44 34.6647 64.75
    endloop
  endfacet
  facet normal 0.761013 -0.56697 0.315284
    outer loop
      vertex 44 8.71362 63.7808
      vertex 45.0477 10 63.5652
      vertex 44.7973 10 64.1696
    endloop
  endfacet
  facet normal 0.761002 -0.56695 0.315346
    outer loop
      vertex 45.0477 10 63.5652
      vertex 44 8.71362 63.7808
      vertex 44 8.5937 63.5652
    endloop
  endfacet
  facet normal 0.923853 -0 0.382748
    outer loop
      vertex 44.7973 10 64.1696
      vertex 45.0477 34 63.5652
      vertex 44.7973 34 64.1696
    endloop
  endfacet
  facet normal 0.923853 0 0.382748
    outer loop
      vertex 45.0477 34 63.5652
      vertex 44.7973 10 64.1696
      vertex 45.0477 10 63.5652
    endloop
  endfacet
  facet normal 0.789551 0.588185 -0.175065
    outer loop
      vertex 45.386 34 59.6976
      vertex 44 35.6704 59.0589
      vertex 44 35.8605 59.6976
    endloop
  endfacet
  facet normal 0.78955 0.588192 -0.175044
    outer loop
      vertex 44 35.6704 59.0589
      vertex 45.386 34 59.6976
      vertex 45.2444 34 59.0589
    endloop
  endfacet
  facet normal 0.976295 0 -0.216445
    outer loop
      vertex 45.386 10 59.6976
      vertex 45.2444 34 59.0589
      vertex 45.386 34 59.6976
    endloop
  endfacet
  facet normal 0.976295 0 -0.216445
    outer loop
      vertex 45.2444 34 59.0589
      vertex 45.386 10 59.6976
      vertex 45.2444 10 59.0589
    endloop
  endfacet
  facet normal 0.999051 0 -0.0435566
    outer loop
      vertex 45.5 10 61
      vertex 45.4715 34 60.3463
      vertex 45.5 34 61
    endloop
  endfacet
  facet normal 0.999051 0 -0.0435566
    outer loop
      vertex 45.4715 34 60.3463
      vertex 45.5 10 61
      vertex 45.4715 10 60.3463
    endloop
  endfacet
  facet normal 0.80142 0.597078 0.03499
    outer loop
      vertex 45.4715 34 61.6537
      vertex 44 36 61.2288
      vertex 44 35.9751 61.6537
    endloop
  endfacet
  facet normal 0.801426 0.597072 0.0349406
    outer loop
      vertex 44 36 61.2288
      vertex 45.4715 34 61.6537
      vertex 45.5 34 61
    endloop
  endfacet
  facet normal 0.801428 0.597064 0.0350275
    outer loop
      vertex 44 36 61.2288
      vertex 45.5 34 61
      vertex 44.01 36 61
    endloop
  endfacet
  facet normal 0.714621 0.532024 -0.454167
    outer loop
      vertex 44 34.2138 56.7227
      vertex 44 34.2523 56.7678
      vertex 44.1436 34 56.6982
    endloop
  endfacet
  facet normal 0.714105 0.532007 -0.454997
    outer loop
      vertex 44.4952 34 57.25
      vertex 44 34.2523 56.7678
      vertex 44 34.6647 57.25
    endloop
  endfacet
  facet normal 0.714114 0.531972 -0.455024
    outer loop
      vertex 44 34.2523 56.7678
      vertex 44.4952 34 57.25
      vertex 44.1436 34 56.6982
    endloop
  endfacet
  facet normal 0.777471 -0.579219 0.245038
    outer loop
      vertex 44 8.5937 63.5652
      vertex 45.2444 10 62.9411
      vertex 45.0477 10 63.5652
    endloop
  endfacet
  facet normal 0.777471 -0.579197 0.245089
    outer loop
      vertex 45.2444 10 62.9411
      vertex 44 8.5937 63.5652
      vertex 44 8.32961 62.9411
    endloop
  endfacet
  facet normal 0.953751 -0 0.300597
    outer loop
      vertex 45.0477 10 63.5652
      vertex 45.2444 34 62.9411
      vertex 45.0477 34 63.5652
    endloop
  endfacet
  facet normal 0.953751 0 0.300597
    outer loop
      vertex 45.2444 34 62.9411
      vertex 45.0477 10 63.5652
      vertex 45.2444 10 62.9411
    endloop
  endfacet
  facet normal 0.777464 0.579188 -0.245134
    outer loop
      vertex 45.2444 34 59.0589
      vertex 44 35.4063 58.4349
      vertex 44 35.6704 59.0589
    endloop
  endfacet
  facet normal 0.777463 0.579214 -0.245075
    outer loop
      vertex 44 35.4063 58.4349
      vertex 45.2444 34 59.0589
      vertex 45.0477 34 58.4349
    endloop
  endfacet
  facet normal 0.740042 0.551329 0.385194
    outer loop
      vertex 44.7973 34 64.1696
      vertex 44 34.6647 64.75
      vertex 44.4952 34 64.75
    endloop
  endfacet
  facet normal 0.740041 0.551338 0.385183
    outer loop
      vertex 44 34.6647 64.75
      vertex 44.7973 34 64.1696
      vertex 44 34.8898 64.4278
    endloop
  endfacet
  facet normal 0.797479 -0.594145 -0.104973
    outer loop
      vertex 45.4715 10 60.3463
      vertex 44 8.02491 60.3463
      vertex 44 8.13196 59.7404
    endloop
  endfacet
  facet normal 0.78955 0.588192 0.175044
    outer loop
      vertex 45.386 34 62.3024
      vertex 44 35.6704 62.9411
      vertex 45.2444 34 62.9411
    endloop
  endfacet
  facet normal 0.789551 0.588185 0.175065
    outer loop
      vertex 44 35.6704 62.9411
      vertex 45.386 34 62.3024
      vertex 44 35.8605 62.3024
    endloop
  endfacet
  facet normal 0.761017 0.566964 0.315286
    outer loop
      vertex 45.0477 34 63.5652
      vertex 44 35.2864 63.7808
      vertex 44.7973 34 64.1696
    endloop
  endfacet
  facet normal 0.761015 0.56696 0.315299
    outer loop
      vertex 44 35.2864 63.7808
      vertex 45.0477 34 63.5652
      vertex 44 35.4063 63.5652
    endloop
  endfacet
  facet normal 0.777471 0.579219 0.245038
    outer loop
      vertex 45.2444 34 62.9411
      vertex 44 35.4063 63.5652
      vertex 45.0477 34 63.5652
    endloop
  endfacet
  facet normal 0.777471 0.579194 0.245097
    outer loop
      vertex 44 35.4063 63.5652
      vertex 45.2444 34 62.9411
      vertex 44 35.6704 62.9411
    endloop
  endfacet
  facet normal 0.923875 0 -0.382694
    outer loop
      vertex 45.0477 10 58.4349
      vertex 44.7973 34 57.8304
      vertex 45.0477 34 58.4349
    endloop
  endfacet
  facet normal 0.923875 0 -0.382694
    outer loop
      vertex 44.7973 34 57.8304
      vertex 45.0477 10 58.4349
      vertex 44.7973 10 57.8304
    endloop
  endfacet
  facet normal 0.793443 0 -0.608645
    outer loop
      vertex 44.1436 10 56.6982
      vertex 44 34 56.511
      vertex 44.1436 34 56.6982
    endloop
  endfacet
  facet normal 0.793443 0 -0.608645
    outer loop
      vertex 44 34 56.511
      vertex 44.1436 10 56.6982
      vertex 44 10 56.511
    endloop
  endfacet
  facet normal 0.679571 0.516174 -0.521295
    outer loop
      vertex 44 34 56.511
      vertex 44 34.2138 56.7227
      vertex 44.1436 34 56.6982
    endloop
  endfacet
  facet normal 0.801428 0.597064 -0.0350275
    outer loop
      vertex 45.5 34 61
      vertex 44 36 60.7712
      vertex 44.01 36 61
    endloop
  endfacet
  facet normal 0.801426 0.597072 -0.0349406
    outer loop
      vertex 45.4715 34 60.3463
      vertex 44 36 60.7712
      vertex 45.5 34 61
    endloop
  endfacet
  facet normal 0.80142 0.597078 -0.03499
    outer loop
      vertex 44 36 60.7712
      vertex 45.4715 34 60.3463
      vertex 44 35.9751 60.3463
    endloop
  endfacet
  facet normal 0.797476 0.59414 -0.105021
    outer loop
      vertex 44 35.868 59.7404
      vertex 44 35.9751 60.3463
      vertex 45.4715 34 60.3463
    endloop
  endfacet
  facet normal 0.797482 0.594116 -0.10511
    outer loop
      vertex 45.386 34 59.6976
      vertex 44 35.868 59.7404
      vertex 45.4715 34 60.3463
    endloop
  endfacet
  facet normal 0.797577 0.594164 -0.104117
    outer loop
      vertex 44 35.868 59.7404
      vertex 45.386 34 59.6976
      vertex 44 35.8605 59.6976
    endloop
  endfacet
  facet normal 0 1 0
    outer loop
      vertex 44 36 60.7712
      vertex 44 36 61.2288
      vertex 44.01 36 61
    endloop
  endfacet
  facet normal 0.789549 -0.588195 -0.175043
    outer loop
      vertex 45.386 10 59.6976
      vertex 44 8.32961 59.0589
      vertex 45.2444 10 59.0589
    endloop
  endfacet
  facet normal 0.789549 -0.58819 -0.175057
    outer loop
      vertex 44 8.32961 59.0589
      vertex 45.386 10 59.6976
      vertex 44 8.13952 59.6976
    endloop
  endfacet
  facet normal -0 -1 0
    outer loop
      vertex 44.01 8 61
      vertex 44 8 61.2288
      vertex 44 8 60.7712
    endloop
  endfacet
  facet normal 0.761024 0.566963 -0.315271
    outer loop
      vertex 44 35.0702 57.8304
      vertex 44 35.2864 58.2192
      vertex 44.7973 34 57.8304
    endloop
  endfacet
  facet normal -0.789549 -0.588195 -0.175043
    outer loop
      vertex -44 8.32961 59.0589
      vertex -45.386 10 59.6976
      vertex -45.2444 10 59.0589
    endloop
  endfacet
  facet normal -0.789549 -0.58819 -0.175057
    outer loop
      vertex -45.386 10 59.6976
      vertex -44 8.32961 59.0589
      vertex -44 8.13952 59.6976
    endloop
  endfacet
  facet normal -0.793443 0 -0.608645
    outer loop
      vertex -44 10 56.511
      vertex -44.1436 34 56.6982
      vertex -44 34 56.511
    endloop
  endfacet
  facet normal -0.793443 -0 -0.608645
    outer loop
      vertex -44.1436 34 56.6982
      vertex -44 10 56.511
      vertex -44.1436 10 56.6982
    endloop
  endfacet
  facet normal -0.714621 0.532024 -0.454167
    outer loop
      vertex -44 34.2138 56.7227
      vertex -44.1436 34 56.6982
      vertex -44 34.2523 56.7678
    endloop
  endfacet
  facet normal 0 -1 -0
    outer loop
      vertex -44 8 61.2288
      vertex -44.01 8 61
      vertex -44 8 60.7712
    endloop
  endfacet
  facet normal -0.777471 -0.579219 0.245038
    outer loop
      vertex -45.2444 10 62.9411
      vertex -44 8.5937 63.5652
      vertex -45.0477 10 63.5652
    endloop
  endfacet
  facet normal -0.777471 -0.579197 0.245089
    outer loop
      vertex -44 8.5937 63.5652
      vertex -45.2444 10 62.9411
      vertex -44 8.32961 62.9411
    endloop
  endfacet
  facet normal -0.976295 0 0.216445
    outer loop
      vertex -45.386 10 62.3024
      vertex -45.2444 34 62.9411
      vertex -45.386 34 62.3024
    endloop
  endfacet
  facet normal -0.976295 0 0.216445
    outer loop
      vertex -45.2444 34 62.9411
      vertex -45.386 10 62.3024
      vertex -45.2444 10 62.9411
    endloop
  endfacet
  facet normal -0.714105 0.532007 0.454997
    outer loop
      vertex -44.4952 34 64.75
      vertex -44 34.2523 65.2322
      vertex -44 34.6647 64.75
    endloop
  endfacet
  facet normal -0.714114 0.531972 0.455024
    outer loop
      vertex -44 34.2523 65.2322
      vertex -44.4952 34 64.75
      vertex -44.1436 34 65.3018
    endloop
  endfacet
  facet normal -0.679562 -0.516192 -0.521288
    outer loop
      vertex -44 9.78621 56.7227
      vertex -44.1436 10 56.6982
      vertex -44 10 56.511
    endloop
  endfacet
  facet normal -0.740031 -0.551324 0.385222
    outer loop
      vertex -44 9.11021 64.4278
      vertex -44.7973 10 64.1696
      vertex -44 8.9298 64.1696
    endloop
  endfacet
  facet normal -0.761013 -0.56697 0.315284
    outer loop
      vertex -45.0477 10 63.5652
      vertex -44 8.71362 63.7808
      vertex -44.7973 10 64.1696
    endloop
  endfacet
  facet normal -0.761002 -0.56695 0.315346
    outer loop
      vertex -44 8.71362 63.7808
      vertex -45.0477 10 63.5652
      vertex -44 8.5937 63.5652
    endloop
  endfacet
  facet normal -0.71441 -0.531954 0.454579
    outer loop
      vertex -44 9.78621 65.2773
      vertex -44.1436 10 65.3018
      vertex -44 9.74767 65.2322
    endloop
  endfacet
  facet normal -0.797479 -0.594145 -0.104973
    outer loop
      vertex -44 8.02491 60.3463
      vertex -45.4715 10 60.3463
      vertex -44 8.13196 59.7404
    endloop
  endfacet
  facet normal -0.923853 0 0.382748
    outer loop
      vertex -45.0477 10 63.5652
      vertex -44.7973 34 64.1696
      vertex -45.0477 34 63.5652
    endloop
  endfacet
  facet normal -0.923853 0 0.382748
    outer loop
      vertex -44.7973 34 64.1696
      vertex -45.0477 10 63.5652
      vertex -44.7973 10 64.1696
    endloop
  endfacet
  facet normal -0.740041 0.551338 0.385183
    outer loop
      vertex -44.7973 34 64.1696
      vertex -44 34.6647 64.75
      vertex -44 34.8898 64.4278
    endloop
  endfacet
  facet normal -0.740042 0.551329 0.385194
    outer loop
      vertex -44 34.6647 64.75
      vertex -44.7973 34 64.1696
      vertex -44.4952 34 64.75
    endloop
  endfacet
  facet normal -0.679571 0.516174 -0.521295
    outer loop
      vertex -44 34 56.511
      vertex -44.1436 34 56.6982
      vertex -44 34.2138 56.7227
    endloop
  endfacet
  facet normal -0.797504 -0.594116 -0.104942
    outer loop
      vertex -44 8.13196 59.7404
      vertex -45.386 10 59.6976
      vertex -44 8.13952 59.6976
    endloop
  endfacet
  facet normal -0.797488 -0.594108 -0.105111
    outer loop
      vertex -45.386 10 59.6976
      vertex -44 8.13196 59.7404
      vertex -45.4715 10 60.3463
    endloop
  endfacet
  facet normal -0.761033 -0.566968 -0.31524
    outer loop
      vertex -44 8.71362 58.2192
      vertex -45.0477 10 58.4349
      vertex -44.7973 10 57.8304
    endloop
  endfacet
  facet normal -0.761037 -0.566976 -0.315215
    outer loop
      vertex -45.0477 10 58.4349
      vertex -44 8.71362 58.2192
      vertex -44 8.5937 58.4349
    endloop
  endfacet
  facet normal -0.679562 -0.516192 0.521288
    outer loop
      vertex -44 10 65.489
      vertex -44.1436 10 65.3018
      vertex -44 9.78621 65.2773
    endloop
  endfacet
  facet normal -0.76103 -0.566968 0.315245
    outer loop
      vertex -44 8.9298 64.1696
      vertex -44.7973 10 64.1696
      vertex -44 8.71362 63.7808
    endloop
  endfacet
  facet normal 0 1 -0
    outer loop
      vertex -44 36 60.7712
      vertex -44.01 36 61
      vertex -44 36 61.2288
    endloop
  endfacet
  facet normal -0.740037 0.551328 0.385204
    outer loop
      vertex -44 35.0702 64.1696
      vertex -44.7973 34 64.1696
      vertex -44 34.8898 64.4278
    endloop
  endfacet
  facet normal -0.797577 0.594164 -0.104117
    outer loop
      vertex -45.386 34 59.6976
      vertex -44 35.868 59.7404
      vertex -44 35.8605 59.6976
    endloop
  endfacet
  facet normal -0.797482 0.594116 -0.10511
    outer loop
      vertex -44 35.868 59.7404
      vertex -45.386 34 59.6976
      vertex -45.4715 34 60.3463
    endloop
  endfacet
  facet normal -0.793443 0 0.608645
    outer loop
      vertex -44.1436 10 65.3018
      vertex -44 34 65.489
      vertex -44.1436 34 65.3018
    endloop
  endfacet
  facet normal -0.793443 0 0.608645
    outer loop
      vertex -44 34 65.489
      vertex -44.1436 10 65.3018
      vertex -44 10 65.489
    endloop
  endfacet
  facet normal -0.991426 0 -0.130672
    outer loop
      vertex -45.386 10 59.6976
      vertex -45.4715 34 60.3463
      vertex -45.386 34 59.6976
    endloop
  endfacet
  facet normal -0.991426 -0 -0.130672
    outer loop
      vertex -45.4715 34 60.3463
      vertex -45.386 10 59.6976
      vertex -45.4715 10 60.3463
    endloop
  endfacet
  facet normal -0.801418 -0.59708 -0.0350041
    outer loop
      vertex -44 8 60.7712
      vertex -45.4715 10 60.3463
      vertex -44 8.02491 60.3463
    endloop
  endfacet
  facet normal -0.801426 -0.597072 -0.0349406
    outer loop
      vertex -45.4715 10 60.3463
      vertex -44 8 60.7712
      vertex -45.5 10 61
    endloop
  endfacet
  facet normal -0.801428 -0.597064 -0.0350275
    outer loop
      vertex -45.5 10 61
      vertex -44 8 60.7712
      vertex -44.01 8 61
    endloop
  endfacet
  facet normal -0.740031 -0.551347 0.385189
    outer loop
      vertex -44.7973 10 64.1696
      vertex -44 9.33533 64.75
      vertex -44.4952 10 64.75
    endloop
  endfacet
  facet normal -0.740033 -0.551329 0.385211
    outer loop
      vertex -44 9.33533 64.75
      vertex -44.7973 10 64.1696
      vertex -44 9.11021 64.4278
    endloop
  endfacet
  facet normal -0.714138 -0.531926 0.45504
    outer loop
      vertex -44.4952 10 64.75
      vertex -44 9.74767 65.2322
      vertex -44.1436 10 65.3018
    endloop
  endfacet
  facet normal -0.714111 -0.532035 0.454955
    outer loop
      vertex -44 9.74767 65.2322
      vertex -44.4952 10 64.75
      vertex -44 9.33533 64.75
    endloop
  endfacet
  facet normal -0.887034 0 0.461704
    outer loop
      vertex -44.7973 10 64.1696
      vertex -44.4952 34 64.75
      vertex -44.7973 34 64.1696
    endloop
  endfacet
  facet normal -0.887034 0 0.461704
    outer loop
      vertex -44.4952 34 64.75
      vertex -44.7973 10 64.1696
      vertex -44.4952 10 64.75
    endloop
  endfacet
  facet normal -0.740037 0.551328 -0.385204
    outer loop
      vertex -44 34.8898 57.5722
      vertex -44.7973 34 57.8304
      vertex -44 35.0702 57.8304
    endloop
  endfacet
  facet normal -0.714114 0.531972 -0.455024
    outer loop
      vertex -44.4952 34 57.25
      vertex -44 34.2523 56.7678
      vertex -44.1436 34 56.6982
    endloop
  endfacet
  facet normal -0.714105 0.532007 -0.454997
    outer loop
      vertex -44 34.2523 56.7678
      vertex -44.4952 34 57.25
      vertex -44 34.6647 57.25
    endloop
  endfacet
  facet normal -0.777463 0.579214 -0.245075
    outer loop
      vertex -45.2444 34 59.0589
      vertex -44 35.4063 58.4349
      vertex -45.0477 34 58.4349
    endloop
  endfacet
  facet normal -0.777464 0.579188 -0.245134
    outer loop
      vertex -44 35.4063 58.4349
      vertex -45.2444 34 59.0589
      vertex -44 35.6704 59.0589
    endloop
  endfacet
  facet normal -0.887034 0 -0.461704
    outer loop
      vertex -44.4952 10 57.25
      vertex -44.7973 34 57.8304
      vertex -44.4952 34 57.25
    endloop
  endfacet
  facet normal -0.887034 -0 -0.461704
    outer loop
      vertex -44.7973 34 57.8304
      vertex -44.4952 10 57.25
      vertex -44.7973 10 57.8304
    endloop
  endfacet
  facet normal -0.843347 0 -0.53737
    outer loop
      vertex -44.1436 10 56.6982
      vertex -44.4952 34 57.25
      vertex -44.1436 34 56.6982
    endloop
  endfacet
  facet normal -0.843347 -0 -0.53737
    outer loop
      vertex -44.4952 34 57.25
      vertex -44.1436 10 56.6982
      vertex -44.4952 10 57.25
    endloop
  endfacet
  facet normal -0.991426 0 0.130672
    outer loop
      vertex -45.4715 10 61.6537
      vertex -45.386 34 62.3024
      vertex -45.4715 34 61.6537
    endloop
  endfacet
  facet normal -0.991426 0 0.130672
    outer loop
      vertex -45.386 34 62.3024
      vertex -45.4715 10 61.6537
      vertex -45.386 10 62.3024
    endloop
  endfacet
  facet normal -0.761024 0.566963 -0.315271
    outer loop
      vertex -44 35.0702 57.8304
      vertex -44.7973 34 57.8304
      vertex -44 35.2864 58.2192
    endloop
  endfacet
  facet normal -0.740031 -0.551347 -0.385189
    outer loop
      vertex -44 9.33533 57.25
      vertex -44.7973 10 57.8304
      vertex -44.4952 10 57.25
    endloop
  endfacet
  facet normal -0.740033 -0.551329 -0.385211
    outer loop
      vertex -44.7973 10 57.8304
      vertex -44 9.33533 57.25
      vertex -44 9.11021 57.5722
    endloop
  endfacet
  facet normal -0.789549 -0.588195 0.175043
    outer loop
      vertex -45.386 10 62.3024
      vertex -44 8.32961 62.9411
      vertex -45.2444 10 62.9411
    endloop
  endfacet
  facet normal -0.789549 -0.58819 0.175057
    outer loop
      vertex -44 8.32961 62.9411
      vertex -45.386 10 62.3024
      vertex -44 8.13952 62.3024
    endloop
  endfacet
  facet normal -0.797479 -0.594145 0.104973
    outer loop
      vertex -44 8.13196 62.2596
      vertex -45.4715 10 61.6537
      vertex -44 8.02491 61.6537
    endloop
  endfacet
  facet normal -0.714621 0.532024 0.454167
    outer loop
      vertex -44 34.2523 65.2322
      vertex -44.1436 34 65.3018
      vertex -44 34.2138 65.2773
    endloop
  endfacet
  facet normal -0.740042 0.551329 -0.385194
    outer loop
      vertex -44.7973 34 57.8304
      vertex -44 34.6647 57.25
      vertex -44.4952 34 57.25
    endloop
  endfacet
  facet normal -0.740041 0.551338 -0.385183
    outer loop
      vertex -44 34.6647 57.25
      vertex -44.7973 34 57.8304
      vertex -44 34.8898 57.5722
    endloop
  endfacet
  facet normal -0.76103 -0.566968 -0.315245
    outer loop
      vertex -44 8.71362 58.2192
      vertex -44.7973 10 57.8304
      vertex -44 8.9298 57.8304
    endloop
  endfacet
  facet normal -0.923875 0 -0.382694
    outer loop
      vertex -44.7973 10 57.8304
      vertex -45.0477 34 58.4349
      vertex -44.7973 34 57.8304
    endloop
  endfacet
  facet normal -0.923875 -0 -0.382694
    outer loop
      vertex -45.0477 34 58.4349
      vertex -44.7973 10 57.8304
      vertex -45.0477 10 58.4349
    endloop
  endfacet
  facet normal -0.999051 0 0.0435566
    outer loop
      vertex -45.5 10 61
      vertex -45.4715 34 61.6537
      vertex -45.5 34 61
    endloop
  endfacet
  facet normal -0.999051 0 0.0435566
    outer loop
      vertex -45.4715 34 61.6537
      vertex -45.5 10 61
      vertex -45.4715 10 61.6537
    endloop
  endfacet
  facet normal -0.761024 0.566963 0.315271
    outer loop
      vertex -44 35.2864 63.7808
      vertex -44.7973 34 64.1696
      vertex -44 35.0702 64.1696
    endloop
  endfacet
  facet normal -0.797488 -0.594108 0.105111
    outer loop
      vertex -44 8.13196 62.2596
      vertex -45.386 10 62.3024
      vertex -45.4715 10 61.6537
    endloop
  endfacet
  facet normal -0.797504 -0.594116 0.104942
    outer loop
      vertex -45.386 10 62.3024
      vertex -44 8.13196 62.2596
      vertex -44 8.13952 62.3024
    endloop
  endfacet
  facet normal -0.761036 0.566962 -0.315242
    outer loop
      vertex -45.0477 34 58.4349
      vertex -44 35.2864 58.2192
      vertex -44.7973 34 57.8304
    endloop
  endfacet
  facet normal -0.76105 0.566986 -0.315167
    outer loop
      vertex -44 35.2864 58.2192
      vertex -45.0477 34 58.4349
      vertex -44 35.4063 58.4349
    endloop
  endfacet
  facet normal -0.78955 0.588192 -0.175044
    outer loop
      vertex -45.386 34 59.6976
      vertex -44 35.6704 59.0589
      vertex -45.2444 34 59.0589
    endloop
  endfacet
  facet normal -0.789551 0.588185 -0.175065
    outer loop
      vertex -44 35.6704 59.0589
      vertex -45.386 34 59.6976
      vertex -44 35.8605 59.6976
    endloop
  endfacet
  facet normal -0.843347 0 0.53737
    outer loop
      vertex -44.4952 10 64.75
      vertex -44.1436 34 65.3018
      vertex -44.4952 34 64.75
    endloop
  endfacet
  facet normal -0.843347 0 0.53737
    outer loop
      vertex -44.1436 34 65.3018
      vertex -44.4952 10 64.75
      vertex -44.1436 10 65.3018
    endloop
  endfacet
  facet normal -0.976295 0 -0.216445
    outer loop
      vertex -45.2444 10 59.0589
      vertex -45.386 34 59.6976
      vertex -45.2444 34 59.0589
    endloop
  endfacet
  facet normal -0.976295 -0 -0.216445
    outer loop
      vertex -45.386 34 59.6976
      vertex -45.2444 10 59.0589
      vertex -45.386 10 59.6976
    endloop
  endfacet
  facet normal -0.789551 0.588185 0.175065
    outer loop
      vertex -45.386 34 62.3024
      vertex -44 35.6704 62.9411
      vertex -44 35.8605 62.3024
    endloop
  endfacet
  facet normal -0.78955 0.588192 0.175044
    outer loop
      vertex -44 35.6704 62.9411
      vertex -45.386 34 62.3024
      vertex -45.2444 34 62.9411
    endloop
  endfacet
  facet normal -0.777463 -0.579214 -0.245075
    outer loop
      vertex -44 8.5937 58.4349
      vertex -45.2444 10 59.0589
      vertex -45.0477 10 58.4349
    endloop
  endfacet
  facet normal -0.777464 -0.579192 -0.245126
    outer loop
      vertex -45.2444 10 59.0589
      vertex -44 8.5937 58.4349
      vertex -44 8.32961 59.0589
    endloop
  endfacet
  facet normal -0.797476 0.59414 -0.105021
    outer loop
      vertex -44 35.868 59.7404
      vertex -45.4715 34 60.3463
      vertex -44 35.9751 60.3463
    endloop
  endfacet
  facet normal -0.999051 0 -0.0435566
    outer loop
      vertex -45.4715 10 60.3463
      vertex -45.5 34 61
      vertex -45.4715 34 60.3463
    endloop
  endfacet
  facet normal -0.999051 -0 -0.0435566
    outer loop
      vertex -45.5 34 61
      vertex -45.4715 10 60.3463
      vertex -45.5 10 61
    endloop
  endfacet
  facet normal -0.740031 -0.551324 -0.385222
    outer loop
      vertex -44 8.9298 57.8304
      vertex -44.7973 10 57.8304
      vertex -44 9.11021 57.5722
    endloop
  endfacet
  facet normal -0.714138 -0.531926 -0.45504
    outer loop
      vertex -44 9.74767 56.7678
      vertex -44.4952 10 57.25
      vertex -44.1436 10 56.6982
    endloop
  endfacet
  facet normal -0.714111 -0.532035 -0.454955
    outer loop
      vertex -44.4952 10 57.25
      vertex -44 9.74767 56.7678
      vertex -44 9.33533 57.25
    endloop
  endfacet
  facet normal -0.801426 -0.597072 0.0349406
    outer loop
      vertex -44 8 61.2288
      vertex -45.4715 10 61.6537
      vertex -45.5 10 61
    endloop
  endfacet
  facet normal -0.801428 -0.597064 0.0350275
    outer loop
      vertex -44 8 61.2288
      vertex -45.5 10 61
      vertex -44.01 8 61
    endloop
  endfacet
  facet normal -0.801418 -0.59708 0.0350041
    outer loop
      vertex -45.4715 10 61.6537
      vertex -44 8 61.2288
      vertex -44 8.02491 61.6537
    endloop
  endfacet
  facet normal -0.801428 0.597064 0.0350275
    outer loop
      vertex -45.5 34 61
      vertex -44 36 61.2288
      vertex -44.01 36 61
    endloop
  endfacet
  facet normal -0.801426 0.597072 0.0349406
    outer loop
      vertex -45.4715 34 61.6537
      vertex -44 36 61.2288
      vertex -45.5 34 61
    endloop
  endfacet
  facet normal -0.80142 0.597078 0.03499
    outer loop
      vertex -44 36 61.2288
      vertex -45.4715 34 61.6537
      vertex -44 35.9751 61.6537
    endloop
  endfacet
  facet normal -0.761015 0.56696 0.315299
    outer loop
      vertex -45.0477 34 63.5652
      vertex -44 35.2864 63.7808
      vertex -44 35.4063 63.5652
    endloop
  endfacet
  facet normal -0.761017 0.566964 0.315286
    outer loop
      vertex -44 35.2864 63.7808
      vertex -45.0477 34 63.5652
      vertex -44.7973 34 64.1696
    endloop
  endfacet
  facet normal -0.777471 0.579194 0.245097
    outer loop
      vertex -45.2444 34 62.9411
      vertex -44 35.4063 63.5652
      vertex -44 35.6704 62.9411
    endloop
  endfacet
  facet normal -0.777471 0.579219 0.245038
    outer loop
      vertex -44 35.4063 63.5652
      vertex -45.2444 34 62.9411
      vertex -45.0477 34 63.5652
    endloop
  endfacet
  facet normal -0.679571 0.516174 0.521295
    outer loop
      vertex -44 34.2138 65.2773
      vertex -44.1436 34 65.3018
      vertex -44 34 65.489
    endloop
  endfacet
  facet normal -0.71441 -0.531954 -0.454579
    outer loop
      vertex -44 9.74767 56.7678
      vertex -44.1436 10 56.6982
      vertex -44 9.78621 56.7227
    endloop
  endfacet
  facet normal -0.953737 0 -0.300641
    outer loop
      vertex -45.0477 10 58.4349
      vertex -45.2444 34 59.0589
      vertex -45.0477 34 58.4349
    endloop
  endfacet
  facet normal -0.953737 -0 -0.300641
    outer loop
      vertex -45.2444 34 59.0589
      vertex -45.0477 10 58.4349
      vertex -45.2444 10 59.0589
    endloop
  endfacet
  facet normal -0.797476 0.59414 0.105021
    outer loop
      vertex -44 35.9751 61.6537
      vertex -45.4715 34 61.6537
      vertex -44 35.868 62.2596
    endloop
  endfacet
  facet normal -0.797482 0.594116 0.10511
    outer loop
      vertex -45.386 34 62.3024
      vertex -44 35.868 62.2596
      vertex -45.4715 34 61.6537
    endloop
  endfacet
  facet normal -0.797577 0.594164 0.104117
    outer loop
      vertex -44 35.868 62.2596
      vertex -45.386 34 62.3024
      vertex -44 35.8605 62.3024
    endloop
  endfacet
  facet normal -0.953751 0 0.300597
    outer loop
      vertex -45.2444 10 62.9411
      vertex -45.0477 34 63.5652
      vertex -45.2444 34 62.9411
    endloop
  endfacet
  facet normal -0.953751 0 0.300597
    outer loop
      vertex -45.0477 34 63.5652
      vertex -45.2444 10 62.9411
      vertex -45.0477 10 63.5652
    endloop
  endfacet
  facet normal -0.80142 0.597078 -0.03499
    outer loop
      vertex -45.4715 34 60.3463
      vertex -44 36 60.7712
      vertex -44 35.9751 60.3463
    endloop
  endfacet
  facet normal -0.801426 0.597072 -0.0349406
    outer loop
      vertex -44 36 60.7712
      vertex -45.4715 34 60.3463
      vertex -45.5 34 61
    endloop
  endfacet
  facet normal -0.801428 0.597064 -0.0350275
    outer loop
      vertex -44 36 60.7712
      vertex -45.5 34 61
      vertex -44.01 36 61
    endloop
  endfacet
  facet normal 0.679571 0.516174 0.521295
    outer loop
      vertex 44 34.2138 54.7773
      vertex 44 34 54.989
      vertex 44.1436 34 54.8018
    endloop
  endfacet
  facet normal 0.999051 -0 0.0435566
    outer loop
      vertex 45.4715 10 51.1537
      vertex 45.5 34 50.5
      vertex 45.4715 34 51.1537
    endloop
  endfacet
  facet normal 0.999051 0 0.0435566
    outer loop
      vertex 45.5 34 50.5
      vertex 45.4715 10 51.1537
      vertex 45.5 10 50.5
    endloop
  endfacet
  facet normal 0.797479 -0.594145 0.104973
    outer loop
      vertex 45.4715 10 51.1537
      vertex 44 8.13196 51.7596
      vertex 44 8.02491 51.1537
    endloop
  endfacet
  facet normal 0.843347 0 -0.53737
    outer loop
      vertex 44.4952 10 46.75
      vertex 44.1436 34 46.1982
      vertex 44.4952 34 46.75
    endloop
  endfacet
  facet normal 0.843347 0 -0.53737
    outer loop
      vertex 44.1436 34 46.1982
      vertex 44.4952 10 46.75
      vertex 44.1436 10 46.1982
    endloop
  endfacet
  facet normal 0.740031 -0.551347 0.385189
    outer loop
      vertex 44 9.33533 54.25
      vertex 44.7973 10 53.6696
      vertex 44.4952 10 54.25
    endloop
  endfacet
  facet normal 0.740033 -0.551329 0.385211
    outer loop
      vertex 44.7973 10 53.6696
      vertex 44 9.33533 54.25
      vertex 44 9.11021 53.9278
    endloop
  endfacet
  facet normal 0.843347 -0 0.53737
    outer loop
      vertex 44.1436 10 54.8018
      vertex 44.4952 34 54.25
      vertex 44.1436 34 54.8018
    endloop
  endfacet
  facet normal 0.843347 0 0.53737
    outer loop
      vertex 44.4952 34 54.25
      vertex 44.1436 10 54.8018
      vertex 44.4952 10 54.25
    endloop
  endfacet
  facet normal 0.740037 0.551328 0.385204
    outer loop
      vertex 44 35.0702 53.6696
      vertex 44 34.8898 53.9278
      vertex 44.7973 34 53.6696
    endloop
  endfacet
  facet normal 0.714114 0.531972 0.455024
    outer loop
      vertex 44.4952 34 54.25
      vertex 44 34.2523 54.7322
      vertex 44.1436 34 54.8018
    endloop
  endfacet
  facet normal 0.714105 0.532007 0.454997
    outer loop
      vertex 44 34.2523 54.7322
      vertex 44.4952 34 54.25
      vertex 44 34.6647 54.25
    endloop
  endfacet
  facet normal 0.801418 -0.59708 0.0350041
    outer loop
      vertex 44 8 50.7288
      vertex 45.4715 10 51.1537
      vertex 44 8.02491 51.1537
    endloop
  endfacet
  facet normal 0.801426 -0.597072 0.0349406
    outer loop
      vertex 45.4715 10 51.1537
      vertex 44 8 50.7288
      vertex 45.5 10 50.5
    endloop
  endfacet
  facet normal 0.801428 -0.597064 0.0350275
    outer loop
      vertex 45.5 10 50.5
      vertex 44 8 50.7288
      vertex 44.01 8 50.5
    endloop
  endfacet
  facet normal 0.761024 0.566963 -0.315271
    outer loop
      vertex 44 35.0702 47.3304
      vertex 44 35.2864 47.7192
      vertex 44.7973 34 47.3304
    endloop
  endfacet
  facet normal 0.76103 -0.566968 -0.315245
    outer loop
      vertex 44.7973 10 47.3304
      vertex 44 8.71362 47.7192
      vertex 44 8.9298 47.3304
    endloop
  endfacet
  facet normal 0 1 0
    outer loop
      vertex 44 36 50.2712
      vertex 44 36 50.7288
      vertex 44.01 36 50.5
    endloop
  endfacet
  facet normal 0.71441 -0.531954 0.454579
    outer loop
      vertex 44.1436 10 54.8018
      vertex 44 9.78621 54.7773
      vertex 44 9.74767 54.7322
    endloop
  endfacet
  facet normal 0.777463 -0.579214 -0.245075
    outer loop
      vertex 45.2444 10 48.5589
      vertex 44 8.5937 47.9349
      vertex 45.0477 10 47.9349
    endloop
  endfacet
  facet normal 0.777464 -0.579192 -0.245126
    outer loop
      vertex 44 8.5937 47.9349
      vertex 45.2444 10 48.5589
      vertex 44 8.32961 48.5589
    endloop
  endfacet
  facet normal 0.887034 0 -0.461704
    outer loop
      vertex 44.7973 10 47.3304
      vertex 44.4952 34 46.75
      vertex 44.7973 34 47.3304
    endloop
  endfacet
  facet normal 0.887034 0 -0.461704
    outer loop
      vertex 44.4952 34 46.75
      vertex 44.7973 10 47.3304
      vertex 44.4952 10 46.75
    endloop
  endfacet
  facet normal 0.797504 -0.594116 0.104942
    outer loop
      vertex 44 8.13196 51.7596
      vertex 45.386 10 51.8024
      vertex 44 8.13952 51.8024
    endloop
  endfacet
  facet normal 0.797488 -0.594108 0.105111
    outer loop
      vertex 45.386 10 51.8024
      vertex 44 8.13196 51.7596
      vertex 45.4715 10 51.1537
    endloop
  endfacet
  facet normal 0.714621 0.532024 0.454167
    outer loop
      vertex 44 34.2523 54.7322
      vertex 44 34.2138 54.7773
      vertex 44.1436 34 54.8018
    endloop
  endfacet
  facet normal 0.714138 -0.531926 0.45504
    outer loop
      vertex 44 9.74767 54.7322
      vertex 44.4952 10 54.25
      vertex 44.1436 10 54.8018
    endloop
  endfacet
  facet normal 0.714111 -0.532035 0.454955
    outer loop
      vertex 44.4952 10 54.25
      vertex 44 9.74767 54.7322
      vertex 44 9.33533 54.25
    endloop
  endfacet
  facet normal 0.679562 -0.516192 0.521288
    outer loop
      vertex 44.1436 10 54.8018
      vertex 44 10 54.989
      vertex 44 9.78621 54.7773
    endloop
  endfacet
  facet normal 0.991426 0 -0.130672
    outer loop
      vertex 45.4715 10 49.8463
      vertex 45.386 34 49.1976
      vertex 45.4715 34 49.8463
    endloop
  endfacet
  facet normal 0.991426 0 -0.130672
    outer loop
      vertex 45.386 34 49.1976
      vertex 45.4715 10 49.8463
      vertex 45.386 10 49.1976
    endloop
  endfacet
  facet normal 0.71441 -0.531954 -0.454579
    outer loop
      vertex 44.1436 10 46.1982
      vertex 44 9.74767 46.2678
      vertex 44 9.78621 46.2227
    endloop
  endfacet
  facet normal 0.761033 -0.566968 -0.31524
    outer loop
      vertex 45.0477 10 47.9349
      vertex 44 8.71362 47.7192
      vertex 44.7973 10 47.3304
    endloop
  endfacet
  facet normal 0.761037 -0.566976 -0.315215
    outer loop
      vertex 44 8.71362 47.7192
      vertex 45.0477 10 47.9349
      vertex 44 8.5937 47.9349
    endloop
  endfacet
  facet normal 0.679562 -0.516192 -0.521288
    outer loop
      vertex 44.1436 10 46.1982
      vertex 44 9.78621 46.2227
      vertex 44 10 46.011
    endloop
  endfacet
  facet normal 0.801426 -0.597072 -0.0349406
    outer loop
      vertex 44 8 50.2712
      vertex 45.4715 10 49.8463
      vertex 45.5 10 50.5
    endloop
  endfacet
  facet normal 0.801428 -0.597064 -0.0350275
    outer loop
      vertex 44 8 50.2712
      vertex 45.5 10 50.5
      vertex 44.01 8 50.5
    endloop
  endfacet
  facet normal 0.801418 -0.59708 -0.0350041
    outer loop
      vertex 45.4715 10 49.8463
      vertex 44 8 50.2712
      vertex 44 8.02491 49.8463
    endloop
  endfacet
  facet normal 0.714138 -0.531926 -0.45504
    outer loop
      vertex 44.4952 10 46.75
      vertex 44 9.74767 46.2678
      vertex 44.1436 10 46.1982
    endloop
  endfacet
  facet normal 0.714111 -0.532035 -0.454955
    outer loop
      vertex 44 9.74767 46.2678
      vertex 44.4952 10 46.75
      vertex 44 9.33533 46.75
    endloop
  endfacet
  facet normal 0.789549 -0.588195 0.175043
    outer loop
      vertex 44 8.32961 52.4411
      vertex 45.386 10 51.8024
      vertex 45.2444 10 52.4411
    endloop
  endfacet
  facet normal 0.789549 -0.58819 0.175057
    outer loop
      vertex 45.386 10 51.8024
      vertex 44 8.32961 52.4411
      vertex 44 8.13952 51.8024
    endloop
  endfacet
  facet normal 0.761024 0.566963 0.315271
    outer loop
      vertex 44 35.2864 53.2808
      vertex 44 35.0702 53.6696
      vertex 44.7973 34 53.6696
    endloop
  endfacet
  facet normal 0.740031 -0.551324 0.385222
    outer loop
      vertex 44.7973 10 53.6696
      vertex 44 9.11021 53.9278
      vertex 44 8.9298 53.6696
    endloop
  endfacet
  facet normal 0.76103 -0.566968 0.315245
    outer loop
      vertex 44.7973 10 53.6696
      vertex 44 8.9298 53.6696
      vertex 44 8.71362 53.2808
    endloop
  endfacet
  facet normal 0.793443 -0 0.608645
    outer loop
      vertex 44 10 54.989
      vertex 44.1436 34 54.8018
      vertex 44 34 54.989
    endloop
  endfacet
  facet normal 0.793443 0 0.608645
    outer loop
      vertex 44.1436 34 54.8018
      vertex 44 10 54.989
      vertex 44.1436 10 54.8018
    endloop
  endfacet
  facet normal 0.976295 -0 0.216445
    outer loop
      vertex 45.2444 10 52.4411
      vertex 45.386 34 51.8024
      vertex 45.2444 34 52.4411
    endloop
  endfacet
  facet normal 0.976295 0 0.216445
    outer loop
      vertex 45.386 34 51.8024
      vertex 45.2444 10 52.4411
      vertex 45.386 10 51.8024
    endloop
  endfacet
  facet normal 0.740031 -0.551347 -0.385189
    outer loop
      vertex 44.7973 10 47.3304
      vertex 44 9.33533 46.75
      vertex 44.4952 10 46.75
    endloop
  endfacet
  facet normal 0.740033 -0.551329 -0.385211
    outer loop
      vertex 44 9.33533 46.75
      vertex 44.7973 10 47.3304
      vertex 44 9.11021 47.0722
    endloop
  endfacet
  facet normal 0.740031 -0.551324 -0.385222
    outer loop
      vertex 44.7973 10 47.3304
      vertex 44 8.9298 47.3304
      vertex 44 9.11021 47.0722
    endloop
  endfacet
  facet normal 0.777464 0.579188 -0.245134
    outer loop
      vertex 45.2444 34 48.5589
      vertex 44 35.4063 47.9349
      vertex 44 35.6704 48.5589
    endloop
  endfacet
  facet normal 0.777463 0.579214 -0.245075
    outer loop
      vertex 44 35.4063 47.9349
      vertex 45.2444 34 48.5589
      vertex 45.0477 34 47.9349
    endloop
  endfacet
  facet normal 0.797488 -0.594108 -0.105111
    outer loop
      vertex 44 8.13196 49.2404
      vertex 45.386 10 49.1976
      vertex 45.4715 10 49.8463
    endloop
  endfacet
  facet normal 0.797504 -0.594116 -0.104942
    outer loop
      vertex 45.386 10 49.1976
      vertex 44 8.13196 49.2404
      vertex 44 8.13952 49.1976
    endloop
  endfacet
  facet normal 0.740042 0.551329 0.385194
    outer loop
      vertex 44.7973 34 53.6696
      vertex 44 34.6647 54.25
      vertex 44.4952 34 54.25
    endloop
  endfacet
  facet normal 0.740041 0.551338 0.385183
    outer loop
      vertex 44 34.6647 54.25
      vertex 44.7973 34 53.6696
      vertex 44 34.8898 53.9278
    endloop
  endfacet
  facet normal 0.761013 -0.56697 0.315284
    outer loop
      vertex 44 8.71362 53.2808
      vertex 45.0477 10 53.0652
      vertex 44.7973 10 53.6696
    endloop
  endfacet
  facet normal 0.761002 -0.56695 0.315346
    outer loop
      vertex 45.0477 10 53.0652
      vertex 44 8.71362 53.2808
      vertex 44 8.5937 53.0652
    endloop
  endfacet
  facet normal 0.923853 -0 0.382748
    outer loop
      vertex 44.7973 10 53.6696
      vertex 45.0477 34 53.0652
      vertex 44.7973 34 53.6696
    endloop
  endfacet
  facet normal 0.923853 0 0.382748
    outer loop
      vertex 45.0477 34 53.0652
      vertex 44.7973 10 53.6696
      vertex 45.0477 10 53.0652
    endloop
  endfacet
  facet normal 0.789551 0.588185 -0.175065
    outer loop
      vertex 45.386 34 49.1976
      vertex 44 35.6704 48.5589
      vertex 44 35.8605 49.1976
    endloop
  endfacet
  facet normal 0.78955 0.588192 -0.175044
    outer loop
      vertex 44 35.6704 48.5589
      vertex 45.386 34 49.1976
      vertex 45.2444 34 48.5589
    endloop
  endfacet
  facet normal 0.976295 0 -0.216445
    outer loop
      vertex 45.386 10 49.1976
      vertex 45.2444 34 48.5589
      vertex 45.386 34 49.1976
    endloop
  endfacet
  facet normal 0.976295 0 -0.216445
    outer loop
      vertex 45.2444 34 48.5589
      vertex 45.386 10 49.1976
      vertex 45.2444 10 48.5589
    endloop
  endfacet
  facet normal -0 -1 0
    outer loop
      vertex 44.01 8 50.5
      vertex 44 8 50.7288
      vertex 44 8 50.2712
    endloop
  endfacet
  facet normal 0.777471 0.579219 0.245038
    outer loop
      vertex 45.2444 34 52.4411
      vertex 44 35.4063 53.0652
      vertex 45.0477 34 53.0652
    endloop
  endfacet
  facet normal 0.777471 0.579194 0.245097
    outer loop
      vertex 44 35.4063 53.0652
      vertex 45.2444 34 52.4411
      vertex 44 35.6704 52.4411
    endloop
  endfacet
  facet normal 0.714621 0.532024 -0.454167
    outer loop
      vertex 44 34.2138 46.2227
      vertex 44 34.2523 46.2678
      vertex 44.1436 34 46.1982
    endloop
  endfacet
  facet normal 0.714105 0.532007 -0.454997
    outer loop
      vertex 44.4952 34 46.75
      vertex 44 34.2523 46.2678
      vertex 44 34.6647 46.75
    endloop
  endfacet
  facet normal 0.714114 0.531972 -0.455024
    outer loop
      vertex 44 34.2523 46.2678
      vertex 44.4952 34 46.75
      vertex 44.1436 34 46.1982
    endloop
  endfacet
  facet normal 0.777471 -0.579219 0.245038
    outer loop
      vertex 44 8.5937 53.0652
      vertex 45.2444 10 52.4411
      vertex 45.0477 10 53.0652
    endloop
  endfacet
  facet normal 0.777471 -0.579197 0.245089
    outer loop
      vertex 45.2444 10 52.4411
      vertex 44 8.5937 53.0652
      vertex 44 8.32961 52.4411
    endloop
  endfacet
  facet normal 0.953751 -0 0.300597
    outer loop
      vertex 45.0477 10 53.0652
      vertex 45.2444 34 52.4411
      vertex 45.0477 34 53.0652
    endloop
  endfacet
  facet normal 0.953751 0 0.300597
    outer loop
      vertex 45.2444 34 52.4411
      vertex 45.0477 10 53.0652
      vertex 45.2444 10 52.4411
    endloop
  endfacet
  facet normal 0.923875 0 -0.382694
    outer loop
      vertex 45.0477 10 47.9349
      vertex 44.7973 34 47.3304
      vertex 45.0477 34 47.9349
    endloop
  endfacet
  facet normal 0.923875 0 -0.382694
    outer loop
      vertex 44.7973 34 47.3304
      vertex 45.0477 10 47.9349
      vertex 44.7973 10 47.3304
    endloop
  endfacet
  facet normal 0.797482 0.594116 -0.10511
    outer loop
      vertex 45.386 34 49.1976
      vertex 44 35.868 49.2404
      vertex 45.4715 34 49.8463
    endloop
  endfacet
  facet normal 0.797577 0.594164 -0.104117
    outer loop
      vertex 44 35.868 49.2404
      vertex 45.386 34 49.1976
      vertex 44 35.8605 49.1976
    endloop
  endfacet
  facet normal 0.887034 -0 0.461704
    outer loop
      vertex 44.4952 10 54.25
      vertex 44.7973 34 53.6696
      vertex 44.4952 34 54.25
    endloop
  endfacet
  facet normal 0.887034 0 0.461704
    outer loop
      vertex 44.7973 34 53.6696
      vertex 44.4952 10 54.25
      vertex 44.7973 10 53.6696
    endloop
  endfacet
  facet normal 0.797479 -0.594145 -0.104973
    outer loop
      vertex 45.4715 10 49.8463
      vertex 44 8.02491 49.8463
      vertex 44 8.13196 49.2404
    endloop
  endfacet
  facet normal 0.78955 0.588192 0.175044
    outer loop
      vertex 45.386 34 51.8024
      vertex 44 35.6704 52.4411
      vertex 45.2444 34 52.4411
    endloop
  endfacet
  facet normal 0.789551 0.588185 0.175065
    outer loop
      vertex 44 35.6704 52.4411
      vertex 45.386 34 51.8024
      vertex 44 35.8605 51.8024
    endloop
  endfacet
  facet normal 0.761017 0.566964 0.315286
    outer loop
      vertex 45.0477 34 53.0652
      vertex 44 35.2864 53.2808
      vertex 44.7973 34 53.6696
    endloop
  endfacet
  facet normal 0.761015 0.56696 0.315299
    outer loop
      vertex 44 35.2864 53.2808
      vertex 45.0477 34 53.0652
      vertex 44 35.4063 53.0652
    endloop
  endfacet
  facet normal 0.797577 0.594164 0.104117
    outer loop
      vertex 45.386 34 51.8024
      vertex 44 35.868 51.7596
      vertex 44 35.8605 51.8024
    endloop
  endfacet
  facet normal 0.797482 0.594116 0.10511
    outer loop
      vertex 44 35.868 51.7596
      vertex 45.386 34 51.8024
      vertex 45.4715 34 51.1537
    endloop
  endfacet
  facet normal 0.991426 -0 0.130672
    outer loop
      vertex 45.386 10 51.8024
      vertex 45.4715 34 51.1537
      vertex 45.386 34 51.8024
    endloop
  endfacet
  facet normal 0.991426 0 0.130672
    outer loop
      vertex 45.4715 34 51.1537
      vertex 45.386 10 51.8024
      vertex 45.4715 10 51.1537
    endloop
  endfacet
  facet normal 0.953737 0 -0.300641
    outer loop
      vertex 45.2444 10 48.5589
      vertex 45.0477 34 47.9349
      vertex 45.2444 34 48.5589
    endloop
  endfacet
  facet normal 0.953737 0 -0.300641
    outer loop
      vertex 45.0477 34 47.9349
      vertex 45.2444 10 48.5589
      vertex 45.0477 10 47.9349
    endloop
  endfacet
  facet normal 0.76105 0.566986 -0.315167
    outer loop
      vertex 45.0477 34 47.9349
      vertex 44 35.2864 47.7192
      vertex 44 35.4063 47.9349
    endloop
  endfacet
  facet normal 0.761036 0.566962 -0.315242
    outer loop
      vertex 44 35.2864 47.7192
      vertex 45.0477 34 47.9349
      vertex 44.7973 34 47.3304
    endloop
  endfacet
  facet normal 0.793443 0 -0.608645
    outer loop
      vertex 44.1436 10 46.1982
      vertex 44 34 46.011
      vertex 44.1436 34 46.1982
    endloop
  endfacet
  facet normal 0.793443 0 -0.608645
    outer loop
      vertex 44 34 46.011
      vertex 44.1436 10 46.1982
      vertex 44 10 46.011
    endloop
  endfacet
  facet normal 0.679571 0.516174 -0.521295
    outer loop
      vertex 44 34 46.011
      vertex 44 34.2138 46.2227
      vertex 44.1436 34 46.1982
    endloop
  endfacet
  facet normal 0.801428 0.597064 -0.0350275
    outer loop
      vertex 45.5 34 50.5
      vertex 44 36 50.2712
      vertex 44.01 36 50.5
    endloop
  endfacet
  facet normal 0.801426 0.597072 -0.0349406
    outer loop
      vertex 45.4715 34 49.8463
      vertex 44 36 50.2712
      vertex 45.5 34 50.5
    endloop
  endfacet
  facet normal 0.80142 0.597078 -0.03499
    outer loop
      vertex 44 36 50.2712
      vertex 45.4715 34 49.8463
      vertex 44 35.9751 49.8463
    endloop
  endfacet
  facet normal 0.797476 0.59414 -0.105021
    outer loop
      vertex 44 35.868 49.2404
      vertex 44 35.9751 49.8463
      vertex 45.4715 34 49.8463
    endloop
  endfacet
  facet normal 0.999051 0 -0.0435566
    outer loop
      vertex 45.5 10 50.5
      vertex 45.4715 34 49.8463
      vertex 45.5 34 50.5
    endloop
  endfacet
  facet normal 0.999051 0 -0.0435566
    outer loop
      vertex 45.4715 34 49.8463
      vertex 45.5 10 50.5
      vertex 45.4715 10 49.8463
    endloop
  endfacet
  facet normal 0.789549 -0.588195 -0.175043
    outer loop
      vertex 45.386 10 49.1976
      vertex 44 8.32961 48.5589
      vertex 45.2444 10 48.5589
    endloop
  endfacet
  facet normal 0.789549 -0.58819 -0.175057
    outer loop
      vertex 44 8.32961 48.5589
      vertex 45.386 10 49.1976
      vertex 44 8.13952 49.1976
    endloop
  endfacet
  facet normal 0.80142 0.597078 0.03499
    outer loop
      vertex 45.4715 34 51.1537
      vertex 44 36 50.7288
      vertex 44 35.9751 51.1537
    endloop
  endfacet
  facet normal 0.801426 0.597072 0.0349406
    outer loop
      vertex 44 36 50.7288
      vertex 45.4715 34 51.1537
      vertex 45.5 34 50.5
    endloop
  endfacet
  facet normal 0.801428 0.597064 0.0350275
    outer loop
      vertex 44 36 50.7288
      vertex 45.5 34 50.5
      vertex 44.01 36 50.5
    endloop
  endfacet
  facet normal 0.797476 0.59414 0.105021
    outer loop
      vertex 44 35.9751 51.1537
      vertex 44 35.868 51.7596
      vertex 45.4715 34 51.1537
    endloop
  endfacet
  facet normal 0.740041 0.551338 -0.385183
    outer loop
      vertex 44.7973 34 47.3304
      vertex 44 34.6647 46.75
      vertex 44 34.8898 47.0722
    endloop
  endfacet
  facet normal 0.740042 0.551329 -0.385194
    outer loop
      vertex 44 34.6647 46.75
      vertex 44.7973 34 47.3304
      vertex 44.4952 34 46.75
    endloop
  endfacet
  facet normal 0.740037 0.551328 -0.385204
    outer loop
      vertex 44 34.8898 47.0722
      vertex 44 35.0702 47.3304
      vertex 44.7973 34 47.3304
    endloop
  endfacet
  facet normal -0.789549 -0.588195 -0.175043
    outer loop
      vertex -44 8.32961 48.5589
      vertex -45.386 10 49.1976
      vertex -45.2444 10 48.5589
    endloop
  endfacet
  facet normal -0.789549 -0.58819 -0.175057
    outer loop
      vertex -45.386 10 49.1976
      vertex -44 8.32961 48.5589
      vertex -44 8.13952 49.1976
    endloop
  endfacet
  facet normal -0.793443 0 -0.608645
    outer loop
      vertex -44 10 46.011
      vertex -44.1436 34 46.1982
      vertex -44 34 46.011
    endloop
  endfacet
  facet normal -0.793443 -0 -0.608645
    outer loop
      vertex -44.1436 34 46.1982
      vertex -44 10 46.011
      vertex -44.1436 10 46.1982
    endloop
  endfacet
  facet normal -0.714621 0.532024 -0.454167
    outer loop
      vertex -44 34.2138 46.2227
      vertex -44.1436 34 46.1982
      vertex -44 34.2523 46.2678
    endloop
  endfacet
  facet normal -0.777471 -0.579219 0.245038
    outer loop
      vertex -45.2444 10 52.4411
      vertex -44 8.5937 53.0652
      vertex -45.0477 10 53.0652
    endloop
  endfacet
  facet normal -0.777471 -0.579197 0.245089
    outer loop
      vertex -44 8.5937 53.0652
      vertex -45.2444 10 52.4411
      vertex -44 8.32961 52.4411
    endloop
  endfacet
  facet normal -0.789551 0.588185 0.175065
    outer loop
      vertex -45.386 34 51.8024
      vertex -44 35.6704 52.4411
      vertex -44 35.8605 51.8024
    endloop
  endfacet
  facet normal -0.78955 0.588192 0.175044
    outer loop
      vertex -44 35.6704 52.4411
      vertex -45.386 34 51.8024
      vertex -45.2444 34 52.4411
    endloop
  endfacet
  facet normal -0.714105 0.532007 0.454997
    outer loop
      vertex -44.4952 34 54.25
      vertex -44 34.2523 54.7322
      vertex -44 34.6647 54.25
    endloop
  endfacet
  facet normal -0.714114 0.531972 0.455024
    outer loop
      vertex -44 34.2523 54.7322
      vertex -44.4952 34 54.25
      vertex -44.1436 34 54.8018
    endloop
  endfacet
  facet normal -0.679562 -0.516192 -0.521288
    outer loop
      vertex -44 9.78621 46.2227
      vertex -44.1436 10 46.1982
      vertex -44 10 46.011
    endloop
  endfacet
  facet normal -0.740031 -0.551324 0.385222
    outer loop
      vertex -44 9.11021 53.9278
      vertex -44.7973 10 53.6696
      vertex -44 8.9298 53.6696
    endloop
  endfacet
  facet normal -0.761013 -0.56697 0.315284
    outer loop
      vertex -45.0477 10 53.0652
      vertex -44 8.71362 53.2808
      vertex -44.7973 10 53.6696
    endloop
  endfacet
  facet normal -0.761002 -0.56695 0.315346
    outer loop
      vertex -44 8.71362 53.2808
      vertex -45.0477 10 53.0652
      vertex -44 8.5937 53.0652
    endloop
  endfacet
  facet normal -0.71441 -0.531954 0.454579
    outer loop
      vertex -44 9.78621 54.7773
      vertex -44.1436 10 54.8018
      vertex -44 9.74767 54.7322
    endloop
  endfacet
  facet normal -0.797479 -0.594145 -0.104973
    outer loop
      vertex -44 8.02491 49.8463
      vertex -45.4715 10 49.8463
      vertex -44 8.13196 49.2404
    endloop
  endfacet
  facet normal -0.923853 0 0.382748
    outer loop
      vertex -45.0477 10 53.0652
      vertex -44.7973 34 53.6696
      vertex -45.0477 34 53.0652
    endloop
  endfacet
  facet normal -0.923853 0 0.382748
    outer loop
      vertex -44.7973 34 53.6696
      vertex -45.0477 10 53.0652
      vertex -44.7973 10 53.6696
    endloop
  endfacet
  facet normal -0.679571 0.516174 -0.521295
    outer loop
      vertex -44 34 46.011
      vertex -44.1436 34 46.1982
      vertex -44 34.2138 46.2227
    endloop
  endfacet
  facet normal -0.801428 0.597064 0.0350275
    outer loop
      vertex -45.5 34 50.5
      vertex -44 36 50.7288
      vertex -44.01 36 50.5
    endloop
  endfacet
  facet normal -0.801426 0.597072 0.0349406
    outer loop
      vertex -45.4715 34 51.1537
      vertex -44 36 50.7288
      vertex -45.5 34 50.5
    endloop
  endfacet
  facet normal -0.80142 0.597078 0.03499
    outer loop
      vertex -44 36 50.7288
      vertex -45.4715 34 51.1537
      vertex -44 35.9751 51.1537
    endloop
  endfacet
  facet normal -0.797504 -0.594116 -0.104942
    outer loop
      vertex -44 8.13196 49.2404
      vertex -45.386 10 49.1976
      vertex -44 8.13952 49.1976
    endloop
  endfacet
  facet normal -0.797488 -0.594108 -0.105111
    outer loop
      vertex -45.386 10 49.1976
      vertex -44 8.13196 49.2404
      vertex -45.4715 10 49.8463
    endloop
  endfacet
  facet normal -0.761033 -0.566968 -0.31524
    outer loop
      vertex -44 8.71362 47.7192
      vertex -45.0477 10 47.9349
      vertex -44.7973 10 47.3304
    endloop
  endfacet
  facet normal -0.761037 -0.566976 -0.315215
    outer loop
      vertex -45.0477 10 47.9349
      vertex -44 8.71362 47.7192
      vertex -44 8.5937 47.9349
    endloop
  endfacet
  facet normal -0.679562 -0.516192 0.521288
    outer loop
      vertex -44 10 54.989
      vertex -44.1436 10 54.8018
      vertex -44 9.78621 54.7773
    endloop
  endfacet
  facet normal -0.76103 -0.566968 0.315245
    outer loop
      vertex -44 8.9298 53.6696
      vertex -44.7973 10 53.6696
      vertex -44 8.71362 53.2808
    endloop
  endfacet
  facet normal 0 1 -0
    outer loop
      vertex -44 36 50.2712
      vertex -44.01 36 50.5
      vertex -44 36 50.7288
    endloop
  endfacet
  facet normal -0.887034 0 0.461704
    outer loop
      vertex -44.7973 10 53.6696
      vertex -44.4952 34 54.25
      vertex -44.7973 34 53.6696
    endloop
  endfacet
  facet normal -0.887034 0 0.461704
    outer loop
      vertex -44.4952 34 54.25
      vertex -44.7973 10 53.6696
      vertex -44.4952 10 54.25
    endloop
  endfacet
  facet normal -0.999051 0 -0.0435566
    outer loop
      vertex -45.4715 10 49.8463
      vertex -45.5 34 50.5
      vertex -45.4715 34 49.8463
    endloop
  endfacet
  facet normal -0.999051 -0 -0.0435566
    outer loop
      vertex -45.5 34 50.5
      vertex -45.4715 10 49.8463
      vertex -45.5 10 50.5
    endloop
  endfacet
  facet normal -0.793443 0 0.608645
    outer loop
      vertex -44.1436 10 54.8018
      vertex -44 34 54.989
      vertex -44.1436 34 54.8018
    endloop
  endfacet
  facet normal -0.793443 0 0.608645
    outer loop
      vertex -44 34 54.989
      vertex -44.1436 10 54.8018
      vertex -44 10 54.989
    endloop
  endfacet
  facet normal -0.801418 -0.59708 -0.0350041
    outer loop
      vertex -44 8 50.2712
      vertex -45.4715 10 49.8463
      vertex -44 8.02491 49.8463
    endloop
  endfacet
  facet normal -0.801426 -0.597072 -0.0349406
    outer loop
      vertex -45.4715 10 49.8463
      vertex -44 8 50.2712
      vertex -45.5 10 50.5
    endloop
  endfacet
  facet normal -0.801428 -0.597064 -0.0350275
    outer loop
      vertex -45.5 10 50.5
      vertex -44 8 50.2712
      vertex -44.01 8 50.5
    endloop
  endfacet
  facet normal -0.740031 -0.551347 0.385189
    outer loop
      vertex -44.7973 10 53.6696
      vertex -44 9.33533 54.25
      vertex -44.4952 10 54.25
    endloop
  endfacet
  facet normal -0.740033 -0.551329 0.385211
    outer loop
      vertex -44 9.33533 54.25
      vertex -44.7973 10 53.6696
      vertex -44 9.11021 53.9278
    endloop
  endfacet
  facet normal -0.714138 -0.531926 0.45504
    outer loop
      vertex -44.4952 10 54.25
      vertex -44 9.74767 54.7322
      vertex -44.1436 10 54.8018
    endloop
  endfacet
  facet normal -0.714111 -0.532035 0.454955
    outer loop
      vertex -44 9.74767 54.7322
      vertex -44.4952 10 54.25
      vertex -44 9.33533 54.25
    endloop
  endfacet
  facet normal -0.740037 0.551328 0.385204
    outer loop
      vertex -44 35.0702 53.6696
      vertex -44.7973 34 53.6696
      vertex -44 34.8898 53.9278
    endloop
  endfacet
  facet normal -0.740037 0.551328 -0.385204
    outer loop
      vertex -44 34.8898 47.0722
      vertex -44.7973 34 47.3304
      vertex -44 35.0702 47.3304
    endloop
  endfacet
  facet normal -0.714114 0.531972 -0.455024
    outer loop
      vertex -44.4952 34 46.75
      vertex -44 34.2523 46.2678
      vertex -44.1436 34 46.1982
    endloop
  endfacet
  facet normal -0.714105 0.532007 -0.454997
    outer loop
      vertex -44 34.2523 46.2678
      vertex -44.4952 34 46.75
      vertex -44 34.6647 46.75
    endloop
  endfacet
  facet normal -0.777463 0.579214 -0.245075
    outer loop
      vertex -45.2444 34 48.5589
      vertex -44 35.4063 47.9349
      vertex -45.0477 34 47.9349
    endloop
  endfacet
  facet normal -0.777464 0.579188 -0.245134
    outer loop
      vertex -44 35.4063 47.9349
      vertex -45.2444 34 48.5589
      vertex -44 35.6704 48.5589
    endloop
  endfacet
  facet normal 0 -1 -0
    outer loop
      vertex -44 8 50.7288
      vertex -44.01 8 50.5
      vertex -44 8 50.2712
    endloop
  endfacet
  facet normal -0.777471 0.579194 0.245097
    outer loop
      vertex -45.2444 34 52.4411
      vertex -44 35.4063 53.0652
      vertex -44 35.6704 52.4411
    endloop
  endfacet
  facet normal -0.777471 0.579219 0.245038
    outer loop
      vertex -44 35.4063 53.0652
      vertex -45.2444 34 52.4411
      vertex -45.0477 34 53.0652
    endloop
  endfacet
  facet normal -0.761024 0.566963 -0.315271
    outer loop
      vertex -44 35.0702 47.3304
      vertex -44.7973 34 47.3304
      vertex -44 35.2864 47.7192
    endloop
  endfacet
  facet normal -0.740031 -0.551347 -0.385189
    outer loop
      vertex -44 9.33533 46.75
      vertex -44.7973 10 47.3304
      vertex -44.4952 10 46.75
    endloop
  endfacet
  facet normal -0.740033 -0.551329 -0.385211
    outer loop
      vertex -44.7973 10 47.3304
      vertex -44 9.33533 46.75
      vertex -44 9.11021 47.0722
    endloop
  endfacet
  facet normal -0.789549 -0.588195 0.175043
    outer loop
      vertex -45.386 10 51.8024
      vertex -44 8.32961 52.4411
      vertex -45.2444 10 52.4411
    endloop
  endfacet
  facet normal -0.789549 -0.58819 0.175057
    outer loop
      vertex -44 8.32961 52.4411
      vertex -45.386 10 51.8024
      vertex -44 8.13952 51.8024
    endloop
  endfacet
  facet normal -0.843347 0 -0.53737
    outer loop
      vertex -44.1436 10 46.1982
      vertex -44.4952 34 46.75
      vertex -44.1436 34 46.1982
    endloop
  endfacet
  facet normal -0.843347 -0 -0.53737
    outer loop
      vertex -44.4952 34 46.75
      vertex -44.1436 10 46.1982
      vertex -44.4952 10 46.75
    endloop
  endfacet
  facet normal -0.797479 -0.594145 0.104973
    outer loop
      vertex -44 8.13196 51.7596
      vertex -45.4715 10 51.1537
      vertex -44 8.02491 51.1537
    endloop
  endfacet
  facet normal -0.714621 0.532024 0.454167
    outer loop
      vertex -44 34.2523 54.7322
      vertex -44.1436 34 54.8018
      vertex -44 34.2138 54.7773
    endloop
  endfacet
  facet normal -0.740042 0.551329 -0.385194
    outer loop
      vertex -44.7973 34 47.3304
      vertex -44 34.6647 46.75
      vertex -44.4952 34 46.75
    endloop
  endfacet
  facet normal -0.740041 0.551338 -0.385183
    outer loop
      vertex -44 34.6647 46.75
      vertex -44.7973 34 47.3304
      vertex -44 34.8898 47.0722
    endloop
  endfacet
  facet normal -0.76103 -0.566968 -0.315245
    outer loop
      vertex -44 8.71362 47.7192
      vertex -44.7973 10 47.3304
      vertex -44 8.9298 47.3304
    endloop
  endfacet
  facet normal -0.923875 0 -0.382694
    outer loop
      vertex -44.7973 10 47.3304
      vertex -45.0477 34 47.9349
      vertex -44.7973 34 47.3304
    endloop
  endfacet
  facet normal -0.923875 -0 -0.382694
    outer loop
      vertex -45.0477 34 47.9349
      vertex -44.7973 10 47.3304
      vertex -45.0477 10 47.9349
    endloop
  endfacet
  facet normal -0.991426 0 0.130672
    outer loop
      vertex -45.4715 10 51.1537
      vertex -45.386 34 51.8024
      vertex -45.4715 34 51.1537
    endloop
  endfacet
  facet normal -0.991426 0 0.130672
    outer loop
      vertex -45.386 34 51.8024
      vertex -45.4715 10 51.1537
      vertex -45.386 10 51.8024
    endloop
  endfacet
  facet normal -0.761024 0.566963 0.315271
    outer loop
      vertex -44 35.2864 53.2808
      vertex -44.7973 34 53.6696
      vertex -44 35.0702 53.6696
    endloop
  endfacet
  facet normal -0.797488 -0.594108 0.105111
    outer loop
      vertex -44 8.13196 51.7596
      vertex -45.386 10 51.8024
      vertex -45.4715 10 51.1537
    endloop
  endfacet
  facet normal -0.797504 -0.594116 0.104942
    outer loop
      vertex -45.386 10 51.8024
      vertex -44 8.13196 51.7596
      vertex -44 8.13952 51.8024
    endloop
  endfacet
  facet normal -0.761036 0.566962 -0.315242
    outer loop
      vertex -45.0477 34 47.9349
      vertex -44 35.2864 47.7192
      vertex -44.7973 34 47.3304
    endloop
  endfacet
  facet normal -0.76105 0.566986 -0.315167
    outer loop
      vertex -44 35.2864 47.7192
      vertex -45.0477 34 47.9349
      vertex -44 35.4063 47.9349
    endloop
  endfacet
  facet normal -0.843347 0 0.53737
    outer loop
      vertex -44.4952 10 54.25
      vertex -44.1436 34 54.8018
      vertex -44.4952 34 54.25
    endloop
  endfacet
  facet normal -0.843347 0 0.53737
    outer loop
      vertex -44.1436 34 54.8018
      vertex -44.4952 10 54.25
      vertex -44.1436 10 54.8018
    endloop
  endfacet
  facet normal -0.976295 0 -0.216445
    outer loop
      vertex -45.2444 10 48.5589
      vertex -45.386 34 49.1976
      vertex -45.2444 34 48.5589
    endloop
  endfacet
  facet normal -0.976295 -0 -0.216445
    outer loop
      vertex -45.386 34 49.1976
      vertex -45.2444 10 48.5589
      vertex -45.386 10 49.1976
    endloop
  endfacet
  facet normal -0.797577 0.594164 -0.104117
    outer loop
      vertex -45.386 34 49.1976
      vertex -44 35.868 49.2404
      vertex -44 35.8605 49.1976
    endloop
  endfacet
  facet normal -0.797482 0.594116 -0.10511
    outer loop
      vertex -44 35.868 49.2404
      vertex -45.386 34 49.1976
      vertex -45.4715 34 49.8463
    endloop
  endfacet
  facet normal -0.777463 -0.579214 -0.245075
    outer loop
      vertex -44 8.5937 47.9349
      vertex -45.2444 10 48.5589
      vertex -45.0477 10 47.9349
    endloop
  endfacet
  facet normal -0.777464 -0.579192 -0.245126
    outer loop
      vertex -45.2444 10 48.5589
      vertex -44 8.5937 47.9349
      vertex -44 8.32961 48.5589
    endloop
  endfacet
  facet normal -0.887034 0 -0.461704
    outer loop
      vertex -44.4952 10 46.75
      vertex -44.7973 34 47.3304
      vertex -44.4952 34 46.75
    endloop
  endfacet
  facet normal -0.887034 -0 -0.461704
    outer loop
      vertex -44.7973 34 47.3304
      vertex -44.4952 10 46.75
      vertex -44.7973 10 47.3304
    endloop
  endfacet
  facet normal -0.797476 0.59414 -0.105021
    outer loop
      vertex -44 35.868 49.2404
      vertex -45.4715 34 49.8463
      vertex -44 35.9751 49.8463
    endloop
  endfacet
  facet normal -0.953751 0 0.300597
    outer loop
      vertex -45.2444 10 52.4411
      vertex -45.0477 34 53.0652
      vertex -45.2444 34 52.4411
    endloop
  endfacet
  facet normal -0.953751 0 0.300597
    outer loop
      vertex -45.0477 34 53.0652
      vertex -45.2444 10 52.4411
      vertex -45.0477 10 53.0652
    endloop
  endfacet
  facet normal -0.991426 0 -0.130672
    outer loop
      vertex -45.386 10 49.1976
      vertex -45.4715 34 49.8463
      vertex -45.386 34 49.1976
    endloop
  endfacet
  facet normal -0.991426 -0 -0.130672
    outer loop
      vertex -45.4715 34 49.8463
      vertex -45.386 10 49.1976
      vertex -45.4715 10 49.8463
    endloop
  endfacet
  facet normal -0.740031 -0.551324 -0.385222
    outer loop
      vertex -44 8.9298 47.3304
      vertex -44.7973 10 47.3304
      vertex -44 9.11021 47.0722
    endloop
  endfacet
  facet normal -0.714138 -0.531926 -0.45504
    outer loop
      vertex -44 9.74767 46.2678
      vertex -44.4952 10 46.75
      vertex -44.1436 10 46.1982
    endloop
  endfacet
  facet normal -0.714111 -0.532035 -0.454955
    outer loop
      vertex -44.4952 10 46.75
      vertex -44 9.74767 46.2678
      vertex -44 9.33533 46.75
    endloop
  endfacet
  facet normal -0.801426 -0.597072 0.0349406
    outer loop
      vertex -44 8 50.7288
      vertex -45.4715 10 51.1537
      vertex -45.5 10 50.5
    endloop
  endfacet
  facet normal -0.801428 -0.597064 0.0350275
    outer loop
      vertex -44 8 50.7288
      vertex -45.5 10 50.5
      vertex -44.01 8 50.5
    endloop
  endfacet
  facet normal -0.801418 -0.59708 0.0350041
    outer loop
      vertex -45.4715 10 51.1537
      vertex -44 8 50.7288
      vertex -44 8.02491 51.1537
    endloop
  endfacet
  facet normal -0.999051 0 0.0435566
    outer loop
      vertex -45.5 10 50.5
      vertex -45.4715 34 51.1537
      vertex -45.5 34 50.5
    endloop
  endfacet
  facet normal -0.999051 0 0.0435566
    outer loop
      vertex -45.4715 34 51.1537
      vertex -45.5 10 50.5
      vertex -45.4715 10 51.1537
    endloop
  endfacet
  facet normal -0.761015 0.56696 0.315299
    outer loop
      vertex -45.0477 34 53.0652
      vertex -44 35.2864 53.2808
      vertex -44 35.4063 53.0652
    endloop
  endfacet
  facet normal -0.761017 0.566964 0.315286
    outer loop
      vertex -44 35.2864 53.2808
      vertex -45.0477 34 53.0652
      vertex -44.7973 34 53.6696
    endloop
  endfacet
  facet normal -0.679571 0.516174 0.521295
    outer loop
      vertex -44 34.2138 54.7773
      vertex -44.1436 34 54.8018
      vertex -44 34 54.989
    endloop
  endfacet
  facet normal -0.740041 0.551338 0.385183
    outer loop
      vertex -44.7973 34 53.6696
      vertex -44 34.6647 54.25
      vertex -44 34.8898 53.9278
    endloop
  endfacet
  facet normal -0.740042 0.551329 0.385194
    outer loop
      vertex -44 34.6647 54.25
      vertex -44.7973 34 53.6696
      vertex -44.4952 34 54.25
    endloop
  endfacet
  facet normal -0.71441 -0.531954 -0.454579
    outer loop
      vertex -44 9.74767 46.2678
      vertex -44.1436 10 46.1982
      vertex -44 9.78621 46.2227
    endloop
  endfacet
  facet normal -0.953737 0 -0.300641
    outer loop
      vertex -45.0477 10 47.9349
      vertex -45.2444 34 48.5589
      vertex -45.0477 34 47.9349
    endloop
  endfacet
  facet normal -0.953737 -0 -0.300641
    outer loop
      vertex -45.2444 34 48.5589
      vertex -45.0477 10 47.9349
      vertex -45.2444 10 48.5589
    endloop
  endfacet
  facet normal -0.797476 0.59414 0.105021
    outer loop
      vertex -44 35.9751 51.1537
      vertex -45.4715 34 51.1537
      vertex -44 35.868 51.7596
    endloop
  endfacet
  facet normal -0.797482 0.594116 0.10511
    outer loop
      vertex -45.386 34 51.8024
      vertex -44 35.868 51.7596
      vertex -45.4715 34 51.1537
    endloop
  endfacet
  facet normal -0.797577 0.594164 0.104117
    outer loop
      vertex -44 35.868 51.7596
      vertex -45.386 34 51.8024
      vertex -44 35.8605 51.8024
    endloop
  endfacet
  facet normal -0.78955 0.588192 -0.175044
    outer loop
      vertex -45.386 34 49.1976
      vertex -44 35.6704 48.5589
      vertex -45.2444 34 48.5589
    endloop
  endfacet
  facet normal -0.789551 0.588185 -0.175065
    outer loop
      vertex -44 35.6704 48.5589
      vertex -45.386 34 49.1976
      vertex -44 35.8605 49.1976
    endloop
  endfacet
  facet normal -0.976295 0 0.216445
    outer loop
      vertex -45.386 10 51.8024
      vertex -45.2444 34 52.4411
      vertex -45.386 34 51.8024
    endloop
  endfacet
  facet normal -0.976295 0 0.216445
    outer loop
      vertex -45.2444 34 52.4411
      vertex -45.386 10 51.8024
      vertex -45.2444 10 52.4411
    endloop
  endfacet
  facet normal -0.80142 0.597078 -0.03499
    outer loop
      vertex -45.4715 34 49.8463
      vertex -44 36 50.2712
      vertex -44 35.9751 49.8463
    endloop
  endfacet
  facet normal -0.801426 0.597072 -0.0349406
    outer loop
      vertex -44 36 50.2712
      vertex -45.4715 34 49.8463
      vertex -45.5 34 50.5
    endloop
  endfacet
  facet normal -0.801428 0.597064 -0.0350275
    outer loop
      vertex -44 36 50.2712
      vertex -45.5 34 50.5
      vertex -44.01 36 50.5
    endloop
  endfacet
  facet normal 0.679571 0.516174 0.521295
    outer loop
      vertex 44 34.2138 44.2773
      vertex 44 34 44.489
      vertex 44.1436 34 44.3018
    endloop
  endfacet
  facet normal 0.991426 -0 0.130672
    outer loop
      vertex 45.386 10 41.3024
      vertex 45.4715 34 40.6537
      vertex 45.386 34 41.3024
    endloop
  endfacet
  facet normal 0.991426 0 0.130672
    outer loop
      vertex 45.4715 34 40.6537
      vertex 45.386 10 41.3024
      vertex 45.4715 10 40.6537
    endloop
  endfacet
  facet normal 0.797479 -0.594145 0.104973
    outer loop
      vertex 45.4715 10 40.6537
      vertex 44 8.13196 41.2596
      vertex 44 8.02491 40.6537
    endloop
  endfacet
  facet normal 0.843347 0 -0.53737
    outer loop
      vertex 44.4952 10 36.25
      vertex 44.1436 34 35.6982
      vertex 44.4952 34 36.25
    endloop
  endfacet
  facet normal 0.843347 0 -0.53737
    outer loop
      vertex 44.1436 34 35.6982
      vertex 44.4952 10 36.25
      vertex 44.1436 10 35.6982
    endloop
  endfacet
  facet normal 0.740031 -0.551347 0.385189
    outer loop
      vertex 44 9.33533 43.75
      vertex 44.7973 10 43.1696
      vertex 44.4952 10 43.75
    endloop
  endfacet
  facet normal 0.740033 -0.551329 0.385211
    outer loop
      vertex 44.7973 10 43.1696
      vertex 44 9.33533 43.75
      vertex 44 9.11021 43.4278
    endloop
  endfacet
  facet normal 0.740037 0.551328 0.385204
    outer loop
      vertex 44 35.0702 43.1696
      vertex 44 34.8898 43.4278
      vertex 44.7973 34 43.1696
    endloop
  endfacet
  facet normal 0.843347 -0 0.53737
    outer loop
      vertex 44.1436 10 44.3018
      vertex 44.4952 34 43.75
      vertex 44.1436 34 44.3018
    endloop
  endfacet
  facet normal 0.843347 0 0.53737
    outer loop
      vertex 44.4952 34 43.75
      vertex 44.1436 10 44.3018
      vertex 44.4952 10 43.75
    endloop
  endfacet
  facet normal 0.801418 -0.59708 0.0350041
    outer loop
      vertex 44 8 40.2288
      vertex 45.4715 10 40.6537
      vertex 44 8.02491 40.6537
    endloop
  endfacet
  facet normal 0.801426 -0.597072 0.0349406
    outer loop
      vertex 45.4715 10 40.6537
      vertex 44 8 40.2288
      vertex 45.5 10 40
    endloop
  endfacet
  facet normal 0.801428 -0.597064 0.0350275
    outer loop
      vertex 45.5 10 40
      vertex 44 8 40.2288
      vertex 44.01 8 40
    endloop
  endfacet
  facet normal 0.953737 0 -0.300641
    outer loop
      vertex 45.2444 10 38.0589
      vertex 45.0477 34 37.4349
      vertex 45.2444 34 38.0589
    endloop
  endfacet
  facet normal 0.953737 0 -0.300641
    outer loop
      vertex 45.0477 34 37.4349
      vertex 45.2444 10 38.0589
      vertex 45.0477 10 37.4349
    endloop
  endfacet
  facet normal 0.797476 0.59414 0.105021
    outer loop
      vertex 44 35.9751 40.6537
      vertex 44 35.868 41.2596
      vertex 45.4715 34 40.6537
    endloop
  endfacet
  facet normal 0.76103 -0.566968 -0.315245
    outer loop
      vertex 44.7973 10 36.8304
      vertex 44 8.71362 37.2192
      vertex 44 8.9298 36.8304
    endloop
  endfacet
  facet normal 0.797504 -0.594116 0.104942
    outer loop
      vertex 44 8.13196 41.2596
      vertex 45.386 10 41.3024
      vertex 44 8.13952 41.3024
    endloop
  endfacet
  facet normal 0.797488 -0.594108 0.105111
    outer loop
      vertex 45.386 10 41.3024
      vertex 44 8.13196 41.2596
      vertex 45.4715 10 40.6537
    endloop
  endfacet
  facet normal 0.71441 -0.531954 0.454579
    outer loop
      vertex 44.1436 10 44.3018
      vertex 44 9.78621 44.2773
      vertex 44 9.74767 44.2322
    endloop
  endfacet
  facet normal 0.777463 -0.579214 -0.245075
    outer loop
      vertex 45.2444 10 38.0589
      vertex 44 8.5937 37.4349
      vertex 45.0477 10 37.4349
    endloop
  endfacet
  facet normal 0.777464 -0.579192 -0.245126
    outer loop
      vertex 44 8.5937 37.4349
      vertex 45.2444 10 38.0589
      vertex 44 8.32961 38.0589
    endloop
  endfacet
  facet normal 0.740041 0.551338 -0.385183
    outer loop
      vertex 44.7973 34 36.8304
      vertex 44 34.6647 36.25
      vertex 44 34.8898 36.5722
    endloop
  endfacet
  facet normal 0.740042 0.551329 -0.385194
    outer loop
      vertex 44 34.6647 36.25
      vertex 44.7973 34 36.8304
      vertex 44.4952 34 36.25
    endloop
  endfacet
  facet normal 0.797577 0.594164 0.104117
    outer loop
      vertex 45.386 34 41.3024
      vertex 44 35.868 41.2596
      vertex 44 35.8605 41.3024
    endloop
  endfacet
  facet normal 0.797482 0.594116 0.10511
    outer loop
      vertex 44 35.868 41.2596
      vertex 45.386 34 41.3024
      vertex 45.4715 34 40.6537
    endloop
  endfacet
  facet normal 0.714621 0.532024 0.454167
    outer loop
      vertex 44 34.2523 44.2322
      vertex 44 34.2138 44.2773
      vertex 44.1436 34 44.3018
    endloop
  endfacet
  facet normal 0.714138 -0.531926 0.45504
    outer loop
      vertex 44 9.74767 44.2322
      vertex 44.4952 10 43.75
      vertex 44.1436 10 44.3018
    endloop
  endfacet
  facet normal 0.714111 -0.532035 0.454955
    outer loop
      vertex 44.4952 10 43.75
      vertex 44 9.74767 44.2322
      vertex 44 9.33533 43.75
    endloop
  endfacet
  facet normal 0.679562 -0.516192 0.521288
    outer loop
      vertex 44.1436 10 44.3018
      vertex 44 10 44.489
      vertex 44 9.78621 44.2773
    endloop
  endfacet
  facet normal 0.991426 0 -0.130672
    outer loop
      vertex 45.4715 10 39.3463
      vertex 45.386 34 38.6976
      vertex 45.4715 34 39.3463
    endloop
  endfacet
  facet normal 0.991426 0 -0.130672
    outer loop
      vertex 45.386 34 38.6976
      vertex 45.4715 10 39.3463
      vertex 45.386 10 38.6976
    endloop
  endfacet
  facet normal 0.71441 -0.531954 -0.454579
    outer loop
      vertex 44.1436 10 35.6982
      vertex 44 9.74767 35.7678
      vertex 44 9.78621 35.7227
    endloop
  endfacet
  facet normal 0.761033 -0.566968 -0.31524
    outer loop
      vertex 45.0477 10 37.4349
      vertex 44 8.71362 37.2192
      vertex 44.7973 10 36.8304
    endloop
  endfacet
  facet normal 0.761037 -0.566976 -0.315215
    outer loop
      vertex 44 8.71362 37.2192
      vertex 45.0477 10 37.4349
      vertex 44 8.5937 37.4349
    endloop
  endfacet
  facet normal 0.679562 -0.516192 -0.521288
    outer loop
      vertex 44.1436 10 35.6982
      vertex 44 9.78621 35.7227
      vertex 44 10 35.511
    endloop
  endfacet
  facet normal 0.801426 -0.597072 -0.0349406
    outer loop
      vertex 44 8 39.7712
      vertex 45.4715 10 39.3463
      vertex 45.5 10 40
    endloop
  endfacet
  facet normal 0.801428 -0.597064 -0.0350275
    outer loop
      vertex 44 8 39.7712
      vertex 45.5 10 40
      vertex 44.01 8 40
    endloop
  endfacet
  facet normal 0.801418 -0.59708 -0.0350041
    outer loop
      vertex 45.4715 10 39.3463
      vertex 44 8 39.7712
      vertex 44 8.02491 39.3463
    endloop
  endfacet
  facet normal 0.714138 -0.531926 -0.45504
    outer loop
      vertex 44.4952 10 36.25
      vertex 44 9.74767 35.7678
      vertex 44.1436 10 35.6982
    endloop
  endfacet
  facet normal 0.714111 -0.532035 -0.454955
    outer loop
      vertex 44 9.74767 35.7678
      vertex 44.4952 10 36.25
      vertex 44 9.33533 36.25
    endloop
  endfacet
  facet normal 0.789549 -0.588195 0.175043
    outer loop
      vertex 44 8.32961 41.9411
      vertex 45.386 10 41.3024
      vertex 45.2444 10 41.9411
    endloop
  endfacet
  facet normal 0.789549 -0.58819 0.175057
    outer loop
      vertex 45.386 10 41.3024
      vertex 44 8.32961 41.9411
      vertex 44 8.13952 41.3024
    endloop
  endfacet
  facet normal 0.761024 0.566963 0.315271
    outer loop
      vertex 44 35.2864 42.7808
      vertex 44 35.0702 43.1696
      vertex 44.7973 34 43.1696
    endloop
  endfacet
  facet normal 0.887034 -0 0.461704
    outer loop
      vertex 44.4952 10 43.75
      vertex 44.7973 34 43.1696
      vertex 44.4952 34 43.75
    endloop
  endfacet
  facet normal 0.887034 0 0.461704
    outer loop
      vertex 44.7973 34 43.1696
      vertex 44.4952 10 43.75
      vertex 44.7973 10 43.1696
    endloop
  endfacet
  facet normal 0.740031 -0.551324 0.385222
    outer loop
      vertex 44.7973 10 43.1696
      vertex 44 9.11021 43.4278
      vertex 44 8.9298 43.1696
    endloop
  endfacet
  facet normal 0.76103 -0.566968 0.315245
    outer loop
      vertex 44.7973 10 43.1696
      vertex 44 8.9298 43.1696
      vertex 44 8.71362 42.7808
    endloop
  endfacet
  facet normal 0.976295 -0 0.216445
    outer loop
      vertex 45.2444 10 41.9411
      vertex 45.386 34 41.3024
      vertex 45.2444 34 41.9411
    endloop
  endfacet
  facet normal 0.976295 0 0.216445
    outer loop
      vertex 45.386 34 41.3024
      vertex 45.2444 10 41.9411
      vertex 45.386 10 41.3024
    endloop
  endfacet
  facet normal 0.999051 -0 0.0435566
    outer loop
      vertex 45.4715 10 40.6537
      vertex 45.5 34 40
      vertex 45.4715 34 40.6537
    endloop
  endfacet
  facet normal 0.999051 0 0.0435566
    outer loop
      vertex 45.5 34 40
      vertex 45.4715 10 40.6537
      vertex 45.5 10 40
    endloop
  endfacet
  facet normal 0.740031 -0.551347 -0.385189
    outer loop
      vertex 44.7973 10 36.8304
      vertex 44 9.33533 36.25
      vertex 44.4952 10 36.25
    endloop
  endfacet
  facet normal 0.740033 -0.551329 -0.385211
    outer loop
      vertex 44 9.33533 36.25
      vertex 44.7973 10 36.8304
      vertex 44 9.11021 36.5722
    endloop
  endfacet
  facet normal 0.887034 0 -0.461704
    outer loop
      vertex 44.7973 10 36.8304
      vertex 44.4952 34 36.25
      vertex 44.7973 34 36.8304
    endloop
  endfacet
  facet normal 0.887034 0 -0.461704
    outer loop
      vertex 44.4952 34 36.25
      vertex 44.7973 10 36.8304
      vertex 44.4952 10 36.25
    endloop
  endfacet
  facet normal 0.740031 -0.551324 -0.385222
    outer loop
      vertex 44.7973 10 36.8304
      vertex 44 8.9298 36.8304
      vertex 44 9.11021 36.5722
    endloop
  endfacet
  facet normal 0.740037 0.551328 -0.385204
    outer loop
      vertex 44 34.8898 36.5722
      vertex 44 35.0702 36.8304
      vertex 44.7973 34 36.8304
    endloop
  endfacet
  facet normal 0.76105 0.566986 -0.315167
    outer loop
      vertex 45.0477 34 37.4349
      vertex 44 35.2864 37.2192
      vertex 44 35.4063 37.4349
    endloop
  endfacet
  facet normal 0.761036 0.566962 -0.315242
    outer loop
      vertex 44 35.2864 37.2192
      vertex 45.0477 34 37.4349
      vertex 44.7973 34 36.8304
    endloop
  endfacet
  facet normal 0.797488 -0.594108 -0.105111
    outer loop
      vertex 44 8.13196 38.7404
      vertex 45.386 10 38.6976
      vertex 45.4715 10 39.3463
    endloop
  endfacet
  facet normal 0.797504 -0.594116 -0.104942
    outer loop
      vertex 45.386 10 38.6976
      vertex 44 8.13196 38.7404
      vertex 44 8.13952 38.6976
    endloop
  endfacet
  facet normal 0.714114 0.531972 0.455024
    outer loop
      vertex 44.4952 34 43.75
      vertex 44 34.2523 44.2322
      vertex 44.1436 34 44.3018
    endloop
  endfacet
  facet normal 0.714105 0.532007 0.454997
    outer loop
      vertex 44 34.2523 44.2322
      vertex 44.4952 34 43.75
      vertex 44 34.6647 43.75
    endloop
  endfacet
  facet normal 0.761013 -0.56697 0.315284
    outer loop
      vertex 44 8.71362 42.7808
      vertex 45.0477 10 42.5652
      vertex 44.7973 10 43.1696
    endloop
  endfacet
  facet normal 0.761002 -0.56695 0.315346
    outer loop
      vertex 45.0477 10 42.5652
      vertex 44 8.71362 42.7808
      vertex 44 8.5937 42.5652
    endloop
  endfacet
  facet normal 0.923853 -0 0.382748
    outer loop
      vertex 44.7973 10 43.1696
      vertex 45.0477 34 42.5652
      vertex 44.7973 34 43.1696
    endloop
  endfacet
  facet normal 0.923853 0 0.382748
    outer loop
      vertex 45.0477 34 42.5652
      vertex 44.7973 10 43.1696
      vertex 45.0477 10 42.5652
    endloop
  endfacet
  facet normal 0.789551 0.588185 -0.175065
    outer loop
      vertex 45.386 34 38.6976
      vertex 44 35.6704 38.0589
      vertex 44 35.8605 38.6976
    endloop
  endfacet
  facet normal 0.78955 0.588192 -0.175044
    outer loop
      vertex 44 35.6704 38.0589
      vertex 45.386 34 38.6976
      vertex 45.2444 34 38.0589
    endloop
  endfacet
  facet normal 0.793443 -0 0.608645
    outer loop
      vertex 44 10 44.489
      vertex 44.1436 34 44.3018
      vertex 44 34 44.489
    endloop
  endfacet
  facet normal 0.793443 0 0.608645
    outer loop
      vertex 44.1436 34 44.3018
      vertex 44 10 44.489
      vertex 44.1436 10 44.3018
    endloop
  endfacet
  facet normal 0.976295 0 -0.216445
    outer loop
      vertex 45.386 10 38.6976
      vertex 45.2444 34 38.0589
      vertex 45.386 34 38.6976
    endloop
  endfacet
  facet normal 0.976295 0 -0.216445
    outer loop
      vertex 45.2444 34 38.0589
      vertex 45.386 10 38.6976
      vertex 45.2444 10 38.0589
    endloop
  endfacet
  facet normal 0.999051 0 -0.0435566
    outer loop
      vertex 45.5 10 40
      vertex 45.4715 34 39.3463
      vertex 45.5 34 40
    endloop
  endfacet
  facet normal 0.999051 0 -0.0435566
    outer loop
      vertex 45.4715 34 39.3463
      vertex 45.5 10 40
      vertex 45.4715 10 39.3463
    endloop
  endfacet
  facet normal 0.80142 0.597078 0.03499
    outer loop
      vertex 45.4715 34 40.6537
      vertex 44 36 40.2288
      vertex 44 35.9751 40.6537
    endloop
  endfacet
  facet normal 0.801426 0.597072 0.0349406
    outer loop
      vertex 44 36 40.2288
      vertex 45.4715 34 40.6537
      vertex 45.5 34 40
    endloop
  endfacet
  facet normal 0.801428 0.597064 0.0350275
    outer loop
      vertex 44 36 40.2288
      vertex 45.5 34 40
      vertex 44.01 36 40
    endloop
  endfacet
  facet normal 0.714621 0.532024 -0.454167
    outer loop
      vertex 44 34.2138 35.7227
      vertex 44 34.2523 35.7678
      vertex 44.1436 34 35.6982
    endloop
  endfacet
  facet normal 0.714105 0.532007 -0.454997
    outer loop
      vertex 44.4952 34 36.25
      vertex 44 34.2523 35.7678
      vertex 44 34.6647 36.25
    endloop
  endfacet
  facet normal 0.714114 0.531972 -0.455024
    outer loop
      vertex 44 34.2523 35.7678
      vertex 44.4952 34 36.25
      vertex 44.1436 34 35.6982
    endloop
  endfacet
  facet normal 0.777471 -0.579219 0.245038
    outer loop
      vertex 44 8.5937 42.5652
      vertex 45.2444 10 41.9411
      vertex 45.0477 10 42.5652
    endloop
  endfacet
  facet normal 0.777471 -0.579197 0.245089
    outer loop
      vertex 45.2444 10 41.9411
      vertex 44 8.5937 42.5652
      vertex 44 8.32961 41.9411
    endloop
  endfacet
  facet normal 0.953751 -0 0.300597
    outer loop
      vertex 45.0477 10 42.5652
      vertex 45.2444 34 41.9411
      vertex 45.0477 34 42.5652
    endloop
  endfacet
  facet normal 0.953751 0 0.300597
    outer loop
      vertex 45.2444 34 41.9411
      vertex 45.0477 10 42.5652
      vertex 45.2444 10 41.9411
    endloop
  endfacet
  facet normal 0.777464 0.579188 -0.245134
    outer loop
      vertex 45.2444 34 38.0589
      vertex 44 35.4063 37.4349
      vertex 44 35.6704 38.0589
    endloop
  endfacet
  facet normal 0.777463 0.579214 -0.245075
    outer loop
      vertex 44 35.4063 37.4349
      vertex 45.2444 34 38.0589
      vertex 45.0477 34 37.4349
    endloop
  endfacet
  facet normal 0.740042 0.551329 0.385194
    outer loop
      vertex 44.7973 34 43.1696
      vertex 44 34.6647 43.75
      vertex 44.4952 34 43.75
    endloop
  endfacet
  facet normal 0.740041 0.551338 0.385183
    outer loop
      vertex 44 34.6647 43.75
      vertex 44.7973 34 43.1696
      vertex 44 34.8898 43.4278
    endloop
  endfacet
  facet normal 0.797479 -0.594145 -0.104973
    outer loop
      vertex 45.4715 10 39.3463
      vertex 44 8.02491 39.3463
      vertex 44 8.13196 38.7404
    endloop
  endfacet
  facet normal 0.78955 0.588192 0.175044
    outer loop
      vertex 45.386 34 41.3024
      vertex 44 35.6704 41.9411
      vertex 45.2444 34 41.9411
    endloop
  endfacet
  facet normal 0.789551 0.588185 0.175065
    outer loop
      vertex 44 35.6704 41.9411
      vertex 45.386 34 41.3024
      vertex 44 35.8605 41.3024
    endloop
  endfacet
  facet normal 0.761017 0.566964 0.315286
    outer loop
      vertex 45.0477 34 42.5652
      vertex 44 35.2864 42.7808
      vertex 44.7973 34 43.1696
    endloop
  endfacet
  facet normal 0.761015 0.56696 0.315299
    outer loop
      vertex 44 35.2864 42.7808
      vertex 45.0477 34 42.5652
      vertex 44 35.4063 42.5652
    endloop
  endfacet
  facet normal 0.777471 0.579219 0.245038
    outer loop
      vertex 45.2444 34 41.9411
      vertex 44 35.4063 42.5652
      vertex 45.0477 34 42.5652
    endloop
  endfacet
  facet normal 0.777471 0.579194 0.245097
    outer loop
      vertex 44 35.4063 42.5652
      vertex 45.2444 34 41.9411
      vertex 44 35.6704 41.9411
    endloop
  endfacet
  facet normal 0.923875 0 -0.382694
    outer loop
      vertex 45.0477 10 37.4349
      vertex 44.7973 34 36.8304
      vertex 45.0477 34 37.4349
    endloop
  endfacet
  facet normal 0.923875 0 -0.382694
    outer loop
      vertex 44.7973 34 36.8304
      vertex 45.0477 10 37.4349
      vertex 44.7973 10 36.8304
    endloop
  endfacet
  facet normal 0.793443 0 -0.608645
    outer loop
      vertex 44.1436 10 35.6982
      vertex 44 34 35.511
      vertex 44.1436 34 35.6982
    endloop
  endfacet
  facet normal 0.793443 0 -0.608645
    outer loop
      vertex 44 34 35.511
      vertex 44.1436 10 35.6982
      vertex 44 10 35.511
    endloop
  endfacet
  facet normal 0.679571 0.516174 -0.521295
    outer loop
      vertex 44 34 35.511
      vertex 44 34.2138 35.7227
      vertex 44.1436 34 35.6982
    endloop
  endfacet
  facet normal 0.801428 0.597064 -0.0350275
    outer loop
      vertex 45.5 34 40
      vertex 44 36 39.7712
      vertex 44.01 36 40
    endloop
  endfacet
  facet normal 0.801426 0.597072 -0.0349406
    outer loop
      vertex 45.4715 34 39.3463
      vertex 44 36 39.7712
      vertex 45.5 34 40
    endloop
  endfacet
  facet normal 0.80142 0.597078 -0.03499
    outer loop
      vertex 44 36 39.7712
      vertex 45.4715 34 39.3463
      vertex 44 35.9751 39.3463
    endloop
  endfacet
  facet normal 0.797476 0.59414 -0.105021
    outer loop
      vertex 44 35.868 38.7404
      vertex 44 35.9751 39.3463
      vertex 45.4715 34 39.3463
    endloop
  endfacet
  facet normal 0.797482 0.594116 -0.10511
    outer loop
      vertex 45.386 34 38.6976
      vertex 44 35.868 38.7404
      vertex 45.4715 34 39.3463
    endloop
  endfacet
  facet normal 0.797577 0.594164 -0.104117
    outer loop
      vertex 44 35.868 38.7404
      vertex 45.386 34 38.6976
      vertex 44 35.8605 38.6976
    endloop
  endfacet
  facet normal 0 1 0
    outer loop
      vertex 44 36 39.7712
      vertex 44 36 40.2288
      vertex 44.01 36 40
    endloop
  endfacet
  facet normal 0.789549 -0.588195 -0.175043
    outer loop
      vertex 45.386 10 38.6976
      vertex 44 8.32961 38.0589
      vertex 45.2444 10 38.0589
    endloop
  endfacet
  facet normal 0.789549 -0.58819 -0.175057
    outer loop
      vertex 44 8.32961 38.0589
      vertex 45.386 10 38.6976
      vertex 44 8.13952 38.6976
    endloop
  endfacet
  facet normal -0 -1 0
    outer loop
      vertex 44.01 8 40
      vertex 44 8 40.2288
      vertex 44 8 39.7712
    endloop
  endfacet
  facet normal 0.761024 0.566963 -0.315271
    outer loop
      vertex 44 35.0702 36.8304
      vertex 44 35.2864 37.2192
      vertex 44.7973 34 36.8304
    endloop
  endfacet
  facet normal -0.789549 -0.588195 -0.175043
    outer loop
      vertex -44 8.32961 38.0589
      vertex -45.386 10 38.6976
      vertex -45.2444 10 38.0589
    endloop
  endfacet
  facet normal -0.789549 -0.58819 -0.175057
    outer loop
      vertex -45.386 10 38.6976
      vertex -44 8.32961 38.0589
      vertex -44 8.13952 38.6976
    endloop
  endfacet
  facet normal -0.793443 0 -0.608645
    outer loop
      vertex -44 10 35.511
      vertex -44.1436 34 35.6982
      vertex -44 34 35.511
    endloop
  endfacet
  facet normal -0.793443 -0 -0.608645
    outer loop
      vertex -44.1436 34 35.6982
      vertex -44 10 35.511
      vertex -44.1436 10 35.6982
    endloop
  endfacet
  facet normal -0.714621 0.532024 -0.454167
    outer loop
      vertex -44 34.2138 35.7227
      vertex -44.1436 34 35.6982
      vertex -44 34.2523 35.7678
    endloop
  endfacet
  facet normal 0 -1 -0
    outer loop
      vertex -44 8 40.2288
      vertex -44.01 8 40
      vertex -44 8 39.7712
    endloop
  endfacet
  facet normal -0.777471 -0.579219 0.245038
    outer loop
      vertex -45.2444 10 41.9411
      vertex -44 8.5937 42.5652
      vertex -45.0477 10 42.5652
    endloop
  endfacet
  facet normal -0.777471 -0.579197 0.245089
    outer loop
      vertex -44 8.5937 42.5652
      vertex -45.2444 10 41.9411
      vertex -44 8.32961 41.9411
    endloop
  endfacet
  facet normal -0.714105 0.532007 0.454997
    outer loop
      vertex -44.4952 34 43.75
      vertex -44 34.2523 44.2322
      vertex -44 34.6647 43.75
    endloop
  endfacet
  facet normal -0.714114 0.531972 0.455024
    outer loop
      vertex -44 34.2523 44.2322
      vertex -44.4952 34 43.75
      vertex -44.1436 34 44.3018
    endloop
  endfacet
  facet normal -0.679562 -0.516192 -0.521288
    outer loop
      vertex -44 9.78621 35.7227
      vertex -44.1436 10 35.6982
      vertex -44 10 35.511
    endloop
  endfacet
  facet normal -0.740031 -0.551324 0.385222
    outer loop
      vertex -44 9.11021 43.4278
      vertex -44.7973 10 43.1696
      vertex -44 8.9298 43.1696
    endloop
  endfacet
  facet normal -0.761013 -0.56697 0.315284
    outer loop
      vertex -45.0477 10 42.5652
      vertex -44 8.71362 42.7808
      vertex -44.7973 10 43.1696
    endloop
  endfacet
  facet normal -0.761002 -0.56695 0.315346
    outer loop
      vertex -44 8.71362 42.7808
      vertex -45.0477 10 42.5652
      vertex -44 8.5937 42.5652
    endloop
  endfacet
  facet normal -0.71441 -0.531954 0.454579
    outer loop
      vertex -44 9.78621 44.2773
      vertex -44.1436 10 44.3018
      vertex -44 9.74767 44.2322
    endloop
  endfacet
  facet normal -0.797479 -0.594145 -0.104973
    outer loop
      vertex -44 8.02491 39.3463
      vertex -45.4715 10 39.3463
      vertex -44 8.13196 38.7404
    endloop
  endfacet
  facet normal -0.923853 0 0.382748
    outer loop
      vertex -45.0477 10 42.5652
      vertex -44.7973 34 43.1696
      vertex -45.0477 34 42.5652
    endloop
  endfacet
  facet normal -0.923853 0 0.382748
    outer loop
      vertex -44.7973 34 43.1696
      vertex -45.0477 10 42.5652
      vertex -44.7973 10 43.1696
    endloop
  endfacet
  facet normal -0.740041 0.551338 0.385183
    outer loop
      vertex -44.7973 34 43.1696
      vertex -44 34.6647 43.75
      vertex -44 34.8898 43.4278
    endloop
  endfacet
  facet normal -0.740042 0.551329 0.385194
    outer loop
      vertex -44 34.6647 43.75
      vertex -44.7973 34 43.1696
      vertex -44.4952 34 43.75
    endloop
  endfacet
  facet normal -0.679571 0.516174 -0.521295
    outer loop
      vertex -44 34 35.511
      vertex -44.1436 34 35.6982
      vertex -44 34.2138 35.7227
    endloop
  endfacet
  facet normal -0.777471 0.579194 0.245097
    outer loop
      vertex -45.2444 34 41.9411
      vertex -44 35.4063 42.5652
      vertex -44 35.6704 41.9411
    endloop
  endfacet
  facet normal -0.777471 0.579219 0.245038
    outer loop
      vertex -44 35.4063 42.5652
      vertex -45.2444 34 41.9411
      vertex -45.0477 34 42.5652
    endloop
  endfacet
  facet normal -0.797504 -0.594116 -0.104942
    outer loop
      vertex -44 8.13196 38.7404
      vertex -45.386 10 38.6976
      vertex -44 8.13952 38.6976
    endloop
  endfacet
  facet normal -0.797488 -0.594108 -0.105111
    outer loop
      vertex -45.386 10 38.6976
      vertex -44 8.13196 38.7404
      vertex -45.4715 10 39.3463
    endloop
  endfacet
  facet normal -0.761033 -0.566968 -0.31524
    outer loop
      vertex -44 8.71362 37.2192
      vertex -45.0477 10 37.4349
      vertex -44.7973 10 36.8304
    endloop
  endfacet
  facet normal -0.761037 -0.566976 -0.315215
    outer loop
      vertex -45.0477 10 37.4349
      vertex -44 8.71362 37.2192
      vertex -44 8.5937 37.4349
    endloop
  endfacet
  facet normal -0.679562 -0.516192 0.521288
    outer loop
      vertex -44 10 44.489
      vertex -44.1436 10 44.3018
      vertex -44 9.78621 44.2773
    endloop
  endfacet
  facet normal -0.76103 -0.566968 0.315245
    outer loop
      vertex -44 8.9298 43.1696
      vertex -44.7973 10 43.1696
      vertex -44 8.71362 42.7808
    endloop
  endfacet
  facet normal 0 1 -0
    outer loop
      vertex -44 36 39.7712
      vertex -44.01 36 40
      vertex -44 36 40.2288
    endloop
  endfacet
  facet normal -0.740037 0.551328 0.385204
    outer loop
      vertex -44 35.0702 43.1696
      vertex -44.7973 34 43.1696
      vertex -44 34.8898 43.4278
    endloop
  endfacet
  facet normal -0.797577 0.594164 -0.104117
    outer loop
      vertex -45.386 34 38.6976
      vertex -44 35.868 38.7404
      vertex -44 35.8605 38.6976
    endloop
  endfacet
  facet normal -0.797482 0.594116 -0.10511
    outer loop
      vertex -44 35.868 38.7404
      vertex -45.386 34 38.6976
      vertex -45.4715 34 39.3463
    endloop
  endfacet
  facet normal -0.793443 0 0.608645
    outer loop
      vertex -44.1436 10 44.3018
      vertex -44 34 44.489
      vertex -44.1436 34 44.3018
    endloop
  endfacet
  facet normal -0.793443 0 0.608645
    outer loop
      vertex -44 34 44.489
      vertex -44.1436 10 44.3018
      vertex -44 10 44.489
    endloop
  endfacet
  facet normal -0.991426 0 -0.130672
    outer loop
      vertex -45.386 10 38.6976
      vertex -45.4715 34 39.3463
      vertex -45.386 34 38.6976
    endloop
  endfacet
  facet normal -0.991426 -0 -0.130672
    outer loop
      vertex -45.4715 34 39.3463
      vertex -45.386 10 38.6976
      vertex -45.4715 10 39.3463
    endloop
  endfacet
  facet normal -0.801418 -0.59708 -0.0350041
    outer loop
      vertex -44 8 39.7712
      vertex -45.4715 10 39.3463
      vertex -44 8.02491 39.3463
    endloop
  endfacet
  facet normal -0.801426 -0.597072 -0.0349406
    outer loop
      vertex -45.4715 10 39.3463
      vertex -44 8 39.7712
      vertex -45.5 10 40
    endloop
  endfacet
  facet normal -0.801428 -0.597064 -0.0350275
    outer loop
      vertex -45.5 10 40
      vertex -44 8 39.7712
      vertex -44.01 8 40
    endloop
  endfacet
  facet normal -0.740031 -0.551347 0.385189
    outer loop
      vertex -44.7973 10 43.1696
      vertex -44 9.33533 43.75
      vertex -44.4952 10 43.75
    endloop
  endfacet
  facet normal -0.740033 -0.551329 0.385211
    outer loop
      vertex -44 9.33533 43.75
      vertex -44.7973 10 43.1696
      vertex -44 9.11021 43.4278
    endloop
  endfacet
  facet normal -0.714138 -0.531926 0.45504
    outer loop
      vertex -44.4952 10 43.75
      vertex -44 9.74767 44.2322
      vertex -44.1436 10 44.3018
    endloop
  endfacet
  facet normal -0.714111 -0.532035 0.454955
    outer loop
      vertex -44 9.74767 44.2322
      vertex -44.4952 10 43.75
      vertex -44 9.33533 43.75
    endloop
  endfacet
  facet normal -0.887034 0 0.461704
    outer loop
      vertex -44.7973 10 43.1696
      vertex -44.4952 34 43.75
      vertex -44.7973 34 43.1696
    endloop
  endfacet
  facet normal -0.887034 0 0.461704
    outer loop
      vertex -44.4952 34 43.75
      vertex -44.7973 10 43.1696
      vertex -44.4952 10 43.75
    endloop
  endfacet
  facet normal -0.740037 0.551328 -0.385204
    outer loop
      vertex -44 34.8898 36.5722
      vertex -44.7973 34 36.8304
      vertex -44 35.0702 36.8304
    endloop
  endfacet
  facet normal -0.714114 0.531972 -0.455024
    outer loop
      vertex -44.4952 34 36.25
      vertex -44 34.2523 35.7678
      vertex -44.1436 34 35.6982
    endloop
  endfacet
  facet normal -0.714105 0.532007 -0.454997
    outer loop
      vertex -44 34.2523 35.7678
      vertex -44.4952 34 36.25
      vertex -44 34.6647 36.25
    endloop
  endfacet
  facet normal -0.777463 0.579214 -0.245075
    outer loop
      vertex -45.2444 34 38.0589
      vertex -44 35.4063 37.4349
      vertex -45.0477 34 37.4349
    endloop
  endfacet
  facet normal -0.777464 0.579188 -0.245134
    outer loop
      vertex -44 35.4063 37.4349
      vertex -45.2444 34 38.0589
      vertex -44 35.6704 38.0589
    endloop
  endfacet
  facet normal -0.887034 0 -0.461704
    outer loop
      vertex -44.4952 10 36.25
      vertex -44.7973 34 36.8304
      vertex -44.4952 34 36.25
    endloop
  endfacet
  facet normal -0.887034 -0 -0.461704
    outer loop
      vertex -44.7973 34 36.8304
      vertex -44.4952 10 36.25
      vertex -44.7973 10 36.8304
    endloop
  endfacet
  facet normal -0.843347 0 -0.53737
    outer loop
      vertex -44.1436 10 35.6982
      vertex -44.4952 34 36.25
      vertex -44.1436 34 35.6982
    endloop
  endfacet
  facet normal -0.843347 -0 -0.53737
    outer loop
      vertex -44.4952 34 36.25
      vertex -44.1436 10 35.6982
      vertex -44.4952 10 36.25
    endloop
  endfacet
  facet normal -0.991426 0 0.130672
    outer loop
      vertex -45.4715 10 40.6537
      vertex -45.386 34 41.3024
      vertex -45.4715 34 40.6537
    endloop
  endfacet
  facet normal -0.991426 0 0.130672
    outer loop
      vertex -45.386 34 41.3024
      vertex -45.4715 10 40.6537
      vertex -45.386 10 41.3024
    endloop
  endfacet
  facet normal -0.761024 0.566963 -0.315271
    outer loop
      vertex -44 35.0702 36.8304
      vertex -44.7973 34 36.8304
      vertex -44 35.2864 37.2192
    endloop
  endfacet
  facet normal -0.740031 -0.551347 -0.385189
    outer loop
      vertex -44 9.33533 36.25
      vertex -44.7973 10 36.8304
      vertex -44.4952 10 36.25
    endloop
  endfacet
  facet normal -0.740033 -0.551329 -0.385211
    outer loop
      vertex -44.7973 10 36.8304
      vertex -44 9.33533 36.25
      vertex -44 9.11021 36.5722
    endloop
  endfacet
  facet normal -0.789549 -0.588195 0.175043
    outer loop
      vertex -45.386 10 41.3024
      vertex -44 8.32961 41.9411
      vertex -45.2444 10 41.9411
    endloop
  endfacet
  facet normal -0.789549 -0.58819 0.175057
    outer loop
      vertex -44 8.32961 41.9411
      vertex -45.386 10 41.3024
      vertex -44 8.13952 41.3024
    endloop
  endfacet
  facet normal -0.797479 -0.594145 0.104973
    outer loop
      vertex -44 8.13196 41.2596
      vertex -45.4715 10 40.6537
      vertex -44 8.02491 40.6537
    endloop
  endfacet
  facet normal -0.714621 0.532024 0.454167
    outer loop
      vertex -44 34.2523 44.2322
      vertex -44.1436 34 44.3018
      vertex -44 34.2138 44.2773
    endloop
  endfacet
  facet normal -0.740042 0.551329 -0.385194
    outer loop
      vertex -44.7973 34 36.8304
      vertex -44 34.6647 36.25
      vertex -44.4952 34 36.25
    endloop
  endfacet
  facet normal -0.740041 0.551338 -0.385183
    outer loop
      vertex -44 34.6647 36.25
      vertex -44.7973 34 36.8304
      vertex -44 34.8898 36.5722
    endloop
  endfacet
  facet normal -0.76103 -0.566968 -0.315245
    outer loop
      vertex -44 8.71362 37.2192
      vertex -44.7973 10 36.8304
      vertex -44 8.9298 36.8304
    endloop
  endfacet
  facet normal -0.923875 0 -0.382694
    outer loop
      vertex -44.7973 10 36.8304
      vertex -45.0477 34 37.4349
      vertex -44.7973 34 36.8304
    endloop
  endfacet
  facet normal -0.923875 -0 -0.382694
    outer loop
      vertex -45.0477 34 37.4349
      vertex -44.7973 10 36.8304
      vertex -45.0477 10 37.4349
    endloop
  endfacet
  facet normal -0.999051 0 0.0435566
    outer loop
      vertex -45.5 10 40
      vertex -45.4715 34 40.6537
      vertex -45.5 34 40
    endloop
  endfacet
  facet normal -0.999051 0 0.0435566
    outer loop
      vertex -45.4715 34 40.6537
      vertex -45.5 10 40
      vertex -45.4715 10 40.6537
    endloop
  endfacet
  facet normal -0.761024 0.566963 0.315271
    outer loop
      vertex -44 35.2864 42.7808
      vertex -44.7973 34 43.1696
      vertex -44 35.0702 43.1696
    endloop
  endfacet
  facet normal -0.797488 -0.594108 0.105111
    outer loop
      vertex -44 8.13196 41.2596
      vertex -45.386 10 41.3024
      vertex -45.4715 10 40.6537
    endloop
  endfacet
  facet normal -0.797504 -0.594116 0.104942
    outer loop
      vertex -45.386 10 41.3024
      vertex -44 8.13196 41.2596
      vertex -44 8.13952 41.3024
    endloop
  endfacet
  facet normal -0.761036 0.566962 -0.315242
    outer loop
      vertex -45.0477 34 37.4349
      vertex -44 35.2864 37.2192
      vertex -44.7973 34 36.8304
    endloop
  endfacet
  facet normal -0.76105 0.566986 -0.315167
    outer loop
      vertex -44 35.2864 37.2192
      vertex -45.0477 34 37.4349
      vertex -44 35.4063 37.4349
    endloop
  endfacet
  facet normal -0.843347 0 0.53737
    outer loop
      vertex -44.4952 10 43.75
      vertex -44.1436 34 44.3018
      vertex -44.4952 34 43.75
    endloop
  endfacet
  facet normal -0.843347 0 0.53737
    outer loop
      vertex -44.1436 34 44.3018
      vertex -44.4952 10 43.75
      vertex -44.1436 10 44.3018
    endloop
  endfacet
  facet normal -0.976295 0 -0.216445
    outer loop
      vertex -45.2444 10 38.0589
      vertex -45.386 34 38.6976
      vertex -45.2444 34 38.0589
    endloop
  endfacet
  facet normal -0.976295 -0 -0.216445
    outer loop
      vertex -45.386 34 38.6976
      vertex -45.2444 10 38.0589
      vertex -45.386 10 38.6976
    endloop
  endfacet
  facet normal -0.789551 0.588185 0.175065
    outer loop
      vertex -45.386 34 41.3024
      vertex -44 35.6704 41.9411
      vertex -44 35.8605 41.3024
    endloop
  endfacet
  facet normal -0.78955 0.588192 0.175044
    outer loop
      vertex -44 35.6704 41.9411
      vertex -45.386 34 41.3024
      vertex -45.2444 34 41.9411
    endloop
  endfacet
  facet normal -0.777463 -0.579214 -0.245075
    outer loop
      vertex -44 8.5937 37.4349
      vertex -45.2444 10 38.0589
      vertex -45.0477 10 37.4349
    endloop
  endfacet
  facet normal -0.777464 -0.579192 -0.245126
    outer loop
      vertex -45.2444 10 38.0589
      vertex -44 8.5937 37.4349
      vertex -44 8.32961 38.0589
    endloop
  endfacet
  facet normal -0.797476 0.59414 -0.105021
    outer loop
      vertex -44 35.868 38.7404
      vertex -45.4715 34 39.3463
      vertex -44 35.9751 39.3463
    endloop
  endfacet
  facet normal -0.999051 0 -0.0435566
    outer loop
      vertex -45.4715 10 39.3463
      vertex -45.5 34 40
      vertex -45.4715 34 39.3463
    endloop
  endfacet
  facet normal -0.999051 -0 -0.0435566
    outer loop
      vertex -45.5 34 40
      vertex -45.4715 10 39.3463
      vertex -45.5 10 40
    endloop
  endfacet
  facet normal -0.740031 -0.551324 -0.385222
    outer loop
      vertex -44 8.9298 36.8304
      vertex -44.7973 10 36.8304
      vertex -44 9.11021 36.5722
    endloop
  endfacet
  facet normal -0.714138 -0.531926 -0.45504
    outer loop
      vertex -44 9.74767 35.7678
      vertex -44.4952 10 36.25
      vertex -44.1436 10 35.6982
    endloop
  endfacet
  facet normal -0.714111 -0.532035 -0.454955
    outer loop
      vertex -44.4952 10 36.25
      vertex -44 9.74767 35.7678
      vertex -44 9.33533 36.25
    endloop
  endfacet
  facet normal -0.801426 -0.597072 0.0349406
    outer loop
      vertex -44 8 40.2288
      vertex -45.4715 10 40.6537
      vertex -45.5 10 40
    endloop
  endfacet
  facet normal -0.801428 -0.597064 0.0350275
    outer loop
      vertex -44 8 40.2288
      vertex -45.5 10 40
      vertex -44.01 8 40
    endloop
  endfacet
  facet normal -0.801418 -0.59708 0.0350041
    outer loop
      vertex -45.4715 10 40.6537
      vertex -44 8 40.2288
      vertex -44 8.02491 40.6537
    endloop
  endfacet
  facet normal -0.801428 0.597064 0.0350275
    outer loop
      vertex -45.5 34 40
      vertex -44 36 40.2288
      vertex -44.01 36 40
    endloop
  endfacet
  facet normal -0.801426 0.597072 0.0349406
    outer loop
      vertex -45.4715 34 40.6537
      vertex -44 36 40.2288
      vertex -45.5 34 40
    endloop
  endfacet
  facet normal -0.80142 0.597078 0.03499
    outer loop
      vertex -44 36 40.2288
      vertex -45.4715 34 40.6537
      vertex -44 35.9751 40.6537
    endloop
  endfacet
  facet normal -0.761015 0.56696 0.315299
    outer loop
      vertex -45.0477 34 42.5652
      vertex -44 35.2864 42.7808
      vertex -44 35.4063 42.5652
    endloop
  endfacet
  facet normal -0.761017 0.566964 0.315286
    outer loop
      vertex -44 35.2864 42.7808
      vertex -45.0477 34 42.5652
      vertex -44.7973 34 43.1696
    endloop
  endfacet
  facet normal -0.679571 0.516174 0.521295
    outer loop
      vertex -44 34.2138 44.2773
      vertex -44.1436 34 44.3018
      vertex -44 34 44.489
    endloop
  endfacet
  facet normal -0.71441 -0.531954 -0.454579
    outer loop
      vertex -44 9.74767 35.7678
      vertex -44.1436 10 35.6982
      vertex -44 9.78621 35.7227
    endloop
  endfacet
  facet normal -0.953737 0 -0.300641
    outer loop
      vertex -45.0477 10 37.4349
      vertex -45.2444 34 38.0589
      vertex -45.0477 34 37.4349
    endloop
  endfacet
  facet normal -0.953737 -0 -0.300641
    outer loop
      vertex -45.2444 34 38.0589
      vertex -45.0477 10 37.4349
      vertex -45.2444 10 38.0589
    endloop
  endfacet
  facet normal -0.797476 0.59414 0.105021
    outer loop
      vertex -44 35.9751 40.6537
      vertex -45.4715 34 40.6537
      vertex -44 35.868 41.2596
    endloop
  endfacet
  facet normal -0.797482 0.594116 0.10511
    outer loop
      vertex -45.386 34 41.3024
      vertex -44 35.868 41.2596
      vertex -45.4715 34 40.6537
    endloop
  endfacet
  facet normal -0.797577 0.594164 0.104117
    outer loop
      vertex -44 35.868 41.2596
      vertex -45.386 34 41.3024
      vertex -44 35.8605 41.3024
    endloop
  endfacet
  facet normal -0.78955 0.588192 -0.175044
    outer loop
      vertex -45.386 34 38.6976
      vertex -44 35.6704 38.0589
      vertex -45.2444 34 38.0589
    endloop
  endfacet
  facet normal -0.789551 0.588185 -0.175065
    outer loop
      vertex -44 35.6704 38.0589
      vertex -45.386 34 38.6976
      vertex -44 35.8605 38.6976
    endloop
  endfacet
  facet normal -0.976295 0 0.216445
    outer loop
      vertex -45.386 10 41.3024
      vertex -45.2444 34 41.9411
      vertex -45.386 34 41.3024
    endloop
  endfacet
  facet normal -0.976295 0 0.216445
    outer loop
      vertex -45.2444 34 41.9411
      vertex -45.386 10 41.3024
      vertex -45.2444 10 41.9411
    endloop
  endfacet
  facet normal -0.953751 0 0.300597
    outer loop
      vertex -45.2444 10 41.9411
      vertex -45.0477 34 42.5652
      vertex -45.2444 34 41.9411
    endloop
  endfacet
  facet normal -0.953751 0 0.300597
    outer loop
      vertex -45.0477 34 42.5652
      vertex -45.2444 10 41.9411
      vertex -45.0477 10 42.5652
    endloop
  endfacet
  facet normal -0.80142 0.597078 -0.03499
    outer loop
      vertex -45.4715 34 39.3463
      vertex -44 36 39.7712
      vertex -44 35.9751 39.3463
    endloop
  endfacet
  facet normal -0.801426 0.597072 -0.0349406
    outer loop
      vertex -44 36 39.7712
      vertex -45.4715 34 39.3463
      vertex -45.5 34 40
    endloop
  endfacet
  facet normal -0.801428 0.597064 -0.0350275
    outer loop
      vertex -44 36 39.7712
      vertex -45.5 34 40
      vertex -44.01 36 40
    endloop
  endfacet
  facet normal 0.679571 0.516174 0.521295
    outer loop
      vertex 44 34.2138 33.7773
      vertex 44 34 33.989
      vertex 44.1436 34 33.8018
    endloop
  endfacet
  facet normal 0.999051 -0 0.0435566
    outer loop
      vertex 45.4715 10 30.1537
      vertex 45.5 34 29.5
      vertex 45.4715 34 30.1537
    endloop
  endfacet
  facet normal 0.999051 0 0.0435566
    outer loop
      vertex 45.5 34 29.5
      vertex 45.4715 10 30.1537
      vertex 45.5 10 29.5
    endloop
  endfacet
  facet normal 0.797479 -0.594145 0.104973
    outer loop
      vertex 45.4715 10 30.1537
      vertex 44 8.13196 30.7596
      vertex 44 8.02491 30.1537
    endloop
  endfacet
  facet normal 0.843347 0 -0.53737
    outer loop
      vertex 44.4952 10 25.75
      vertex 44.1436 34 25.1982
      vertex 44.4952 34 25.75
    endloop
  endfacet
  facet normal 0.843347 0 -0.53737
    outer loop
      vertex 44.1436 34 25.1982
      vertex 44.4952 10 25.75
      vertex 44.1436 10 25.1982
    endloop
  endfacet
  facet normal 0.740031 -0.551347 0.385189
    outer loop
      vertex 44 9.33533 33.25
      vertex 44.7973 10 32.6696
      vertex 44.4952 10 33.25
    endloop
  endfacet
  facet normal 0.740033 -0.551329 0.385211
    outer loop
      vertex 44.7973 10 32.6696
      vertex 44 9.33533 33.25
      vertex 44 9.11021 32.9278
    endloop
  endfacet
  facet normal 0.843347 -0 0.53737
    outer loop
      vertex 44.1436 10 33.8018
      vertex 44.4952 34 33.25
      vertex 44.1436 34 33.8018
    endloop
  endfacet
  facet normal 0.843347 0 0.53737
    outer loop
      vertex 44.4952 34 33.25
      vertex 44.1436 10 33.8018
      vertex 44.4952 10 33.25
    endloop
  endfacet
  facet normal 0.740037 0.551328 0.385204
    outer loop
      vertex 44 35.0702 32.6696
      vertex 44 34.8898 32.9278
      vertex 44.7973 34 32.6696
    endloop
  endfacet
  facet normal 0.714114 0.531972 0.455024
    outer loop
      vertex 44.4952 34 33.25
      vertex 44 34.2523 33.7322
      vertex 44.1436 34 33.8018
    endloop
  endfacet
  facet normal 0.714105 0.532007 0.454997
    outer loop
      vertex 44 34.2523 33.7322
      vertex 44.4952 34 33.25
      vertex 44 34.6647 33.25
    endloop
  endfacet
  facet normal 0.801418 -0.59708 0.0350041
    outer loop
      vertex 44 8 29.7288
      vertex 45.4715 10 30.1537
      vertex 44 8.02491 30.1537
    endloop
  endfacet
  facet normal 0.801426 -0.597072 0.0349406
    outer loop
      vertex 45.4715 10 30.1537
      vertex 44 8 29.7288
      vertex 45.5 10 29.5
    endloop
  endfacet
  facet normal 0.801428 -0.597064 0.0350275
    outer loop
      vertex 45.5 10 29.5
      vertex 44 8 29.7288
      vertex 44.01 8 29.5
    endloop
  endfacet
  facet normal 0.761024 0.566963 -0.315271
    outer loop
      vertex 44 35.0702 26.3304
      vertex 44 35.2864 26.7192
      vertex 44.7973 34 26.3304
    endloop
  endfacet
  facet normal 0.76103 -0.566968 -0.315245
    outer loop
      vertex 44.7973 10 26.3304
      vertex 44 8.71362 26.7192
      vertex 44 8.9298 26.3304
    endloop
  endfacet
  facet normal 0 1 0
    outer loop
      vertex 44 36 29.2712
      vertex 44 36 29.7288
      vertex 44.01 36 29.5
    endloop
  endfacet
  facet normal 0.71441 -0.531954 0.454579
    outer loop
      vertex 44.1436 10 33.8018
      vertex 44 9.78621 33.7773
      vertex 44 9.74767 33.7322
    endloop
  endfacet
  facet normal 0.777463 -0.579214 -0.245075
    outer loop
      vertex 45.2444 10 27.5589
      vertex 44 8.5937 26.9349
      vertex 45.0477 10 26.9349
    endloop
  endfacet
  facet normal 0.777464 -0.579192 -0.245126
    outer loop
      vertex 44 8.5937 26.9349
      vertex 45.2444 10 27.5589
      vertex 44 8.32961 27.5589
    endloop
  endfacet
  facet normal 0.887034 0 -0.461704
    outer loop
      vertex 44.7973 10 26.3304
      vertex 44.4952 34 25.75
      vertex 44.7973 34 26.3304
    endloop
  endfacet
  facet normal 0.887034 0 -0.461704
    outer loop
      vertex 44.4952 34 25.75
      vertex 44.7973 10 26.3304
      vertex 44.4952 10 25.75
    endloop
  endfacet
  facet normal 0.797504 -0.594116 0.104942
    outer loop
      vertex 44 8.13196 30.7596
      vertex 45.386 10 30.8024
      vertex 44 8.13952 30.8024
    endloop
  endfacet
  facet normal 0.797488 -0.594108 0.105111
    outer loop
      vertex 45.386 10 30.8024
      vertex 44 8.13196 30.7596
      vertex 45.4715 10 30.1537
    endloop
  endfacet
  facet normal 0.714621 0.532024 0.454167
    outer loop
      vertex 44 34.2523 33.7322
      vertex 44 34.2138 33.7773
      vertex 44.1436 34 33.8018
    endloop
  endfacet
  facet normal 0.714138 -0.531926 0.45504
    outer loop
      vertex 44 9.74767 33.7322
      vertex 44.4952 10 33.25
      vertex 44.1436 10 33.8018
    endloop
  endfacet
  facet normal 0.714111 -0.532035 0.454955
    outer loop
      vertex 44.4952 10 33.25
      vertex 44 9.74767 33.7322
      vertex 44 9.33533 33.25
    endloop
  endfacet
  facet normal 0.679562 -0.516192 0.521288
    outer loop
      vertex 44.1436 10 33.8018
      vertex 44 10 33.989
      vertex 44 9.78621 33.7773
    endloop
  endfacet
  facet normal 0.991426 0 -0.130672
    outer loop
      vertex 45.4715 10 28.8463
      vertex 45.386 34 28.1976
      vertex 45.4715 34 28.8463
    endloop
  endfacet
  facet normal 0.991426 0 -0.130672
    outer loop
      vertex 45.386 34 28.1976
      vertex 45.4715 10 28.8463
      vertex 45.386 10 28.1976
    endloop
  endfacet
  facet normal 0.71441 -0.531954 -0.454579
    outer loop
      vertex 44.1436 10 25.1982
      vertex 44 9.74767 25.2678
      vertex 44 9.78621 25.2227
    endloop
  endfacet
  facet normal 0.761033 -0.566968 -0.31524
    outer loop
      vertex 45.0477 10 26.9349
      vertex 44 8.71362 26.7192
      vertex 44.7973 10 26.3304
    endloop
  endfacet
  facet normal 0.761037 -0.566976 -0.315215
    outer loop
      vertex 44 8.71362 26.7192
      vertex 45.0477 10 26.9349
      vertex 44 8.5937 26.9349
    endloop
  endfacet
  facet normal 0.679562 -0.516192 -0.521288
    outer loop
      vertex 44.1436 10 25.1982
      vertex 44 9.78621 25.2227
      vertex 44 10 25.011
    endloop
  endfacet
  facet normal 0.801426 -0.597072 -0.0349406
    outer loop
      vertex 44 8 29.2712
      vertex 45.4715 10 28.8463
      vertex 45.5 10 29.5
    endloop
  endfacet
  facet normal 0.801428 -0.597064 -0.0350275
    outer loop
      vertex 44 8 29.2712
      vertex 45.5 10 29.5
      vertex 44.01 8 29.5
    endloop
  endfacet
  facet normal 0.801418 -0.59708 -0.0350041
    outer loop
      vertex 45.4715 10 28.8463
      vertex 44 8 29.2712
      vertex 44 8.02491 28.8463
    endloop
  endfacet
  facet normal 0.714138 -0.531926 -0.45504
    outer loop
      vertex 44.4952 10 25.75
      vertex 44 9.74767 25.2678
      vertex 44.1436 10 25.1982
    endloop
  endfacet
  facet normal 0.714111 -0.532035 -0.454955
    outer loop
      vertex 44 9.74767 25.2678
      vertex 44.4952 10 25.75
      vertex 44 9.33533 25.75
    endloop
  endfacet
  facet normal 0.789549 -0.588195 0.175043
    outer loop
      vertex 44 8.32961 31.4411
      vertex 45.386 10 30.8024
      vertex 45.2444 10 31.4411
    endloop
  endfacet
  facet normal 0.789549 -0.58819 0.175057
    outer loop
      vertex 45.386 10 30.8024
      vertex 44 8.32961 31.4411
      vertex 44 8.13952 30.8024
    endloop
  endfacet
  facet normal 0.761024 0.566963 0.315271
    outer loop
      vertex 44 35.2864 32.2808
      vertex 44 35.0702 32.6696
      vertex 44.7973 34 32.6696
    endloop
  endfacet
  facet normal 0.740031 -0.551324 0.385222
    outer loop
      vertex 44.7973 10 32.6696
      vertex 44 9.11021 32.9278
      vertex 44 8.9298 32.6696
    endloop
  endfacet
  facet normal 0.76103 -0.566968 0.315245
    outer loop
      vertex 44.7973 10 32.6696
      vertex 44 8.9298 32.6696
      vertex 44 8.71362 32.2808
    endloop
  endfacet
  facet normal 0.793443 -0 0.608645
    outer loop
      vertex 44 10 33.989
      vertex 44.1436 34 33.8018
      vertex 44 34 33.989
    endloop
  endfacet
  facet normal 0.793443 0 0.608645
    outer loop
      vertex 44.1436 34 33.8018
      vertex 44 10 33.989
      vertex 44.1436 10 33.8018
    endloop
  endfacet
  facet normal 0.976295 -0 0.216445
    outer loop
      vertex 45.2444 10 31.4411
      vertex 45.386 34 30.8024
      vertex 45.2444 34 31.4411
    endloop
  endfacet
  facet normal 0.976295 0 0.216445
    outer loop
      vertex 45.386 34 30.8024
      vertex 45.2444 10 31.4411
      vertex 45.386 10 30.8024
    endloop
  endfacet
  facet normal 0.740031 -0.551347 -0.385189
    outer loop
      vertex 44.7973 10 26.3304
      vertex 44 9.33533 25.75
      vertex 44.4952 10 25.75
    endloop
  endfacet
  facet normal 0.740033 -0.551329 -0.385211
    outer loop
      vertex 44 9.33533 25.75
      vertex 44.7973 10 26.3304
      vertex 44 9.11021 26.0722
    endloop
  endfacet
  facet normal 0.740031 -0.551324 -0.385222
    outer loop
      vertex 44.7973 10 26.3304
      vertex 44 8.9298 26.3304
      vertex 44 9.11021 26.0722
    endloop
  endfacet
  facet normal 0.777464 0.579188 -0.245134
    outer loop
      vertex 45.2444 34 27.5589
      vertex 44 35.4063 26.9349
      vertex 44 35.6704 27.5589
    endloop
  endfacet
  facet normal 0.777463 0.579214 -0.245075
    outer loop
      vertex 44 35.4063 26.9349
      vertex 45.2444 34 27.5589
      vertex 45.0477 34 26.9349
    endloop
  endfacet
  facet normal 0.797488 -0.594108 -0.105111
    outer loop
      vertex 44 8.13196 28.2404
      vertex 45.386 10 28.1976
      vertex 45.4715 10 28.8463
    endloop
  endfacet
  facet normal 0.797504 -0.594116 -0.104942
    outer loop
      vertex 45.386 10 28.1976
      vertex 44 8.13196 28.2404
      vertex 44 8.13952 28.1976
    endloop
  endfacet
  facet normal 0.740042 0.551329 0.385194
    outer loop
      vertex 44.7973 34 32.6696
      vertex 44 34.6647 33.25
      vertex 44.4952 34 33.25
    endloop
  endfacet
  facet normal 0.740041 0.551338 0.385183
    outer loop
      vertex 44 34.6647 33.25
      vertex 44.7973 34 32.6696
      vertex 44 34.8898 32.9278
    endloop
  endfacet
  facet normal 0.761013 -0.56697 0.315284
    outer loop
      vertex 44 8.71362 32.2808
      vertex 45.0477 10 32.0652
      vertex 44.7973 10 32.6696
    endloop
  endfacet
  facet normal 0.761002 -0.56695 0.315346
    outer loop
      vertex 45.0477 10 32.0652
      vertex 44 8.71362 32.2808
      vertex 44 8.5937 32.0652
    endloop
  endfacet
  facet normal 0.923853 -0 0.382748
    outer loop
      vertex 44.7973 10 32.6696
      vertex 45.0477 34 32.0652
      vertex 44.7973 34 32.6696
    endloop
  endfacet
  facet normal 0.923853 0 0.382748
    outer loop
      vertex 45.0477 34 32.0652
      vertex 44.7973 10 32.6696
      vertex 45.0477 10 32.0652
    endloop
  endfacet
  facet normal 0.789551 0.588185 -0.175065
    outer loop
      vertex 45.386 34 28.1976
      vertex 44 35.6704 27.5589
      vertex 44 35.8605 28.1976
    endloop
  endfacet
  facet normal 0.78955 0.588192 -0.175044
    outer loop
      vertex 44 35.6704 27.5589
      vertex 45.386 34 28.1976
      vertex 45.2444 34 27.5589
    endloop
  endfacet
  facet normal 0.976295 0 -0.216445
    outer loop
      vertex 45.386 10 28.1976
      vertex 45.2444 34 27.5589
      vertex 45.386 34 28.1976
    endloop
  endfacet
  facet normal 0.976295 0 -0.216445
    outer loop
      vertex 45.2444 34 27.5589
      vertex 45.386 10 28.1976
      vertex 45.2444 10 27.5589
    endloop
  endfacet
  facet normal -0 -1 0
    outer loop
      vertex 44.01 8 29.5
      vertex 44 8 29.7288
      vertex 44 8 29.2712
    endloop
  endfacet
  facet normal 0.714621 0.532024 -0.454167
    outer loop
      vertex 44 34.2138 25.2227
      vertex 44 34.2523 25.2678
      vertex 44.1436 34 25.1982
    endloop
  endfacet
  facet normal 0.714105 0.532007 -0.454997
    outer loop
      vertex 44.4952 34 25.75
      vertex 44 34.2523 25.2678
      vertex 44 34.6647 25.75
    endloop
  endfacet
  facet normal 0.714114 0.531972 -0.455024
    outer loop
      vertex 44 34.2523 25.2678
      vertex 44.4952 34 25.75
      vertex 44.1436 34 25.1982
    endloop
  endfacet
  facet normal 0.777471 -0.579219 0.245038
    outer loop
      vertex 44 8.5937 32.0652
      vertex 45.2444 10 31.4411
      vertex 45.0477 10 32.0652
    endloop
  endfacet
  facet normal 0.777471 -0.579197 0.245089
    outer loop
      vertex 45.2444 10 31.4411
      vertex 44 8.5937 32.0652
      vertex 44 8.32961 31.4411
    endloop
  endfacet
  facet normal 0.953751 -0 0.300597
    outer loop
      vertex 45.0477 10 32.0652
      vertex 45.2444 34 31.4411
      vertex 45.0477 34 32.0652
    endloop
  endfacet
  facet normal 0.953751 0 0.300597
    outer loop
      vertex 45.2444 34 31.4411
      vertex 45.0477 10 32.0652
      vertex 45.2444 10 31.4411
    endloop
  endfacet
  facet normal 0.923875 0 -0.382694
    outer loop
      vertex 45.0477 10 26.9349
      vertex 44.7973 34 26.3304
      vertex 45.0477 34 26.9349
    endloop
  endfacet
  facet normal 0.923875 0 -0.382694
    outer loop
      vertex 44.7973 34 26.3304
      vertex 45.0477 10 26.9349
      vertex 44.7973 10 26.3304
    endloop
  endfacet
  facet normal 0.797482 0.594116 -0.10511
    outer loop
      vertex 45.386 34 28.1976
      vertex 44 35.868 28.2404
      vertex 45.4715 34 28.8463
    endloop
  endfacet
  facet normal 0.797577 0.594164 -0.104117
    outer loop
      vertex 44 35.868 28.2404
      vertex 45.386 34 28.1976
      vertex 44 35.8605 28.1976
    endloop
  endfacet
  facet normal 0.887034 -0 0.461704
    outer loop
      vertex 44.4952 10 33.25
      vertex 44.7973 34 32.6696
      vertex 44.4952 34 33.25
    endloop
  endfacet
  facet normal 0.887034 0 0.461704
    outer loop
      vertex 44.7973 34 32.6696
      vertex 44.4952 10 33.25
      vertex 44.7973 10 32.6696
    endloop
  endfacet
  facet normal 0.797479 -0.594145 -0.104973
    outer loop
      vertex 45.4715 10 28.8463
      vertex 44 8.02491 28.8463
      vertex 44 8.13196 28.2404
    endloop
  endfacet
  facet normal 0.78955 0.588192 0.175044
    outer loop
      vertex 45.386 34 30.8024
      vertex 44 35.6704 31.4411
      vertex 45.2444 34 31.4411
    endloop
  endfacet
  facet normal 0.789551 0.588185 0.175065
    outer loop
      vertex 44 35.6704 31.4411
      vertex 45.386 34 30.8024
      vertex 44 35.8605 30.8024
    endloop
  endfacet
  facet normal 0.761017 0.566964 0.315286
    outer loop
      vertex 45.0477 34 32.0652
      vertex 44 35.2864 32.2808
      vertex 44.7973 34 32.6696
    endloop
  endfacet
  facet normal 0.761015 0.56696 0.315299
    outer loop
      vertex 44 35.2864 32.2808
      vertex 45.0477 34 32.0652
      vertex 44 35.4063 32.0652
    endloop
  endfacet
  facet normal 0.777471 0.579219 0.245038
    outer loop
      vertex 45.2444 34 31.4411
      vertex 44 35.4063 32.0652
      vertex 45.0477 34 32.0652
    endloop
  endfacet
  facet normal 0.777471 0.579194 0.245097
    outer loop
      vertex 44 35.4063 32.0652
      vertex 45.2444 34 31.4411
      vertex 44 35.6704 31.4411
    endloop
  endfacet
  facet normal 0.797577 0.594164 0.104117
    outer loop
      vertex 45.386 34 30.8024
      vertex 44 35.868 30.7596
      vertex 44 35.8605 30.8024
    endloop
  endfacet
  facet normal 0.797482 0.594116 0.10511
    outer loop
      vertex 44 35.868 30.7596
      vertex 45.386 34 30.8024
      vertex 45.4715 34 30.1537
    endloop
  endfacet
  facet normal 0.991426 -0 0.130672
    outer loop
      vertex 45.386 10 30.8024
      vertex 45.4715 34 30.1537
      vertex 45.386 34 30.8024
    endloop
  endfacet
  facet normal 0.991426 0 0.130672
    outer loop
      vertex 45.4715 34 30.1537
      vertex 45.386 10 30.8024
      vertex 45.4715 10 30.1537
    endloop
  endfacet
  facet normal 0.953737 0 -0.300641
    outer loop
      vertex 45.2444 10 27.5589
      vertex 45.0477 34 26.9349
      vertex 45.2444 34 27.5589
    endloop
  endfacet
  facet normal 0.953737 0 -0.300641
    outer loop
      vertex 45.0477 34 26.9349
      vertex 45.2444 10 27.5589
      vertex 45.0477 10 26.9349
    endloop
  endfacet
  facet normal 0.76105 0.566986 -0.315167
    outer loop
      vertex 45.0477 34 26.9349
      vertex 44 35.2864 26.7192
      vertex 44 35.4063 26.9349
    endloop
  endfacet
  facet normal 0.761036 0.566962 -0.315242
    outer loop
      vertex 44 35.2864 26.7192
      vertex 45.0477 34 26.9349
      vertex 44.7973 34 26.3304
    endloop
  endfacet
  facet normal 0.793443 0 -0.608645
    outer loop
      vertex 44.1436 10 25.1982
      vertex 44 34 25.011
      vertex 44.1436 34 25.1982
    endloop
  endfacet
  facet normal 0.793443 0 -0.608645
    outer loop
      vertex 44 34 25.011
      vertex 44.1436 10 25.1982
      vertex 44 10 25.011
    endloop
  endfacet
  facet normal 0.679571 0.516174 -0.521295
    outer loop
      vertex 44 34 25.011
      vertex 44 34.2138 25.2227
      vertex 44.1436 34 25.1982
    endloop
  endfacet
  facet normal 0.801428 0.597064 -0.0350275
    outer loop
      vertex 45.5 34 29.5
      vertex 44 36 29.2712
      vertex 44.01 36 29.5
    endloop
  endfacet
  facet normal 0.801426 0.597072 -0.0349406
    outer loop
      vertex 45.4715 34 28.8463
      vertex 44 36 29.2712
      vertex 45.5 34 29.5
    endloop
  endfacet
  facet normal 0.80142 0.597078 -0.03499
    outer loop
      vertex 44 36 29.2712
      vertex 45.4715 34 28.8463
      vertex 44 35.9751 28.8463
    endloop
  endfacet
  facet normal 0.797476 0.59414 -0.105021
    outer loop
      vertex 44 35.868 28.2404
      vertex 44 35.9751 28.8463
      vertex 45.4715 34 28.8463
    endloop
  endfacet
  facet normal 0.999051 0 -0.0435566
    outer loop
      vertex 45.5 10 29.5
      vertex 45.4715 34 28.8463
      vertex 45.5 34 29.5
    endloop
  endfacet
  facet normal 0.999051 0 -0.0435566
    outer loop
      vertex 45.4715 34 28.8463
      vertex 45.5 10 29.5
      vertex 45.4715 10 28.8463
    endloop
  endfacet
  facet normal 0.789549 -0.588195 -0.175043
    outer loop
      vertex 45.386 10 28.1976
      vertex 44 8.32961 27.5589
      vertex 45.2444 10 27.5589
    endloop
  endfacet
  facet normal 0.789549 -0.58819 -0.175057
    outer loop
      vertex 44 8.32961 27.5589
      vertex 45.386 10 28.1976
      vertex 44 8.13952 28.1976
    endloop
  endfacet
  facet normal 0.80142 0.597078 0.03499
    outer loop
      vertex 45.4715 34 30.1537
      vertex 44 36 29.7288
      vertex 44 35.9751 30.1537
    endloop
  endfacet
  facet normal 0.801426 0.597072 0.0349406
    outer loop
      vertex 44 36 29.7288
      vertex 45.4715 34 30.1537
      vertex 45.5 34 29.5
    endloop
  endfacet
  facet normal 0.801428 0.597064 0.0350275
    outer loop
      vertex 44 36 29.7288
      vertex 45.5 34 29.5
      vertex 44.01 36 29.5
    endloop
  endfacet
  facet normal 0.797476 0.59414 0.105021
    outer loop
      vertex 44 35.9751 30.1537
      vertex 44 35.868 30.7596
      vertex 45.4715 34 30.1537
    endloop
  endfacet
  facet normal 0.740041 0.551338 -0.385183
    outer loop
      vertex 44.7973 34 26.3304
      vertex 44 34.6647 25.75
      vertex 44 34.8898 26.0722
    endloop
  endfacet
  facet normal 0.740042 0.551329 -0.385194
    outer loop
      vertex 44 34.6647 25.75
      vertex 44.7973 34 26.3304
      vertex 44.4952 34 25.75
    endloop
  endfacet
  facet normal 0.740037 0.551328 -0.385204
    outer loop
      vertex 44 34.8898 26.0722
      vertex 44 35.0702 26.3304
      vertex 44.7973 34 26.3304
    endloop
  endfacet
  facet normal -0.789549 -0.588195 -0.175043
    outer loop
      vertex -44 8.32961 27.5589
      vertex -45.386 10 28.1976
      vertex -45.2444 10 27.5589
    endloop
  endfacet
  facet normal -0.789549 -0.58819 -0.175057
    outer loop
      vertex -45.386 10 28.1976
      vertex -44 8.32961 27.5589
      vertex -44 8.13952 28.1976
    endloop
  endfacet
  facet normal -0.793443 0 -0.608645
    outer loop
      vertex -44 10 25.011
      vertex -44.1436 34 25.1982
      vertex -44 34 25.011
    endloop
  endfacet
  facet normal -0.793443 -0 -0.608645
    outer loop
      vertex -44.1436 34 25.1982
      vertex -44 10 25.011
      vertex -44.1436 10 25.1982
    endloop
  endfacet
  facet normal -0.714621 0.532024 -0.454167
    outer loop
      vertex -44 34.2138 25.2227
      vertex -44.1436 34 25.1982
      vertex -44 34.2523 25.2678
    endloop
  endfacet
  facet normal -0.777471 -0.579219 0.245038
    outer loop
      vertex -45.2444 10 31.4411
      vertex -44 8.5937 32.0652
      vertex -45.0477 10 32.0652
    endloop
  endfacet
  facet normal -0.777471 -0.579197 0.245089
    outer loop
      vertex -44 8.5937 32.0652
      vertex -45.2444 10 31.4411
      vertex -44 8.32961 31.4411
    endloop
  endfacet
  facet normal -0.789551 0.588185 0.175065
    outer loop
      vertex -45.386 34 30.8024
      vertex -44 35.6704 31.4411
      vertex -44 35.8605 30.8024
    endloop
  endfacet
  facet normal -0.78955 0.588192 0.175044
    outer loop
      vertex -44 35.6704 31.4411
      vertex -45.386 34 30.8024
      vertex -45.2444 34 31.4411
    endloop
  endfacet
  facet normal -0.714105 0.532007 0.454997
    outer loop
      vertex -44.4952 34 33.25
      vertex -44 34.2523 33.7322
      vertex -44 34.6647 33.25
    endloop
  endfacet
  facet normal -0.714114 0.531972 0.455024
    outer loop
      vertex -44 34.2523 33.7322
      vertex -44.4952 34 33.25
      vertex -44.1436 34 33.8018
    endloop
  endfacet
  facet normal -0.679562 -0.516192 -0.521288
    outer loop
      vertex -44 9.78621 25.2227
      vertex -44.1436 10 25.1982
      vertex -44 10 25.011
    endloop
  endfacet
  facet normal -0.740031 -0.551324 0.385222
    outer loop
      vertex -44 9.11021 32.9278
      vertex -44.7973 10 32.6696
      vertex -44 8.9298 32.6696
    endloop
  endfacet
  facet normal -0.761013 -0.56697 0.315284
    outer loop
      vertex -45.0477 10 32.0652
      vertex -44 8.71362 32.2808
      vertex -44.7973 10 32.6696
    endloop
  endfacet
  facet normal -0.761002 -0.56695 0.315346
    outer loop
      vertex -44 8.71362 32.2808
      vertex -45.0477 10 32.0652
      vertex -44 8.5937 32.0652
    endloop
  endfacet
  facet normal -0.71441 -0.531954 0.454579
    outer loop
      vertex -44 9.78621 33.7773
      vertex -44.1436 10 33.8018
      vertex -44 9.74767 33.7322
    endloop
  endfacet
  facet normal -0.797479 -0.594145 -0.104973
    outer loop
      vertex -44 8.02491 28.8463
      vertex -45.4715 10 28.8463
      vertex -44 8.13196 28.2404
    endloop
  endfacet
  facet normal -0.923853 0 0.382748
    outer loop
      vertex -45.0477 10 32.0652
      vertex -44.7973 34 32.6696
      vertex -45.0477 34 32.0652
    endloop
  endfacet
  facet normal -0.923853 0 0.382748
    outer loop
      vertex -44.7973 34 32.6696
      vertex -45.0477 10 32.0652
      vertex -44.7973 10 32.6696
    endloop
  endfacet
  facet normal -0.679571 0.516174 -0.521295
    outer loop
      vertex -44 34 25.011
      vertex -44.1436 34 25.1982
      vertex -44 34.2138 25.2227
    endloop
  endfacet
  facet normal -0.801428 0.597064 0.0350275
    outer loop
      vertex -45.5 34 29.5
      vertex -44 36 29.7288
      vertex -44.01 36 29.5
    endloop
  endfacet
  facet normal -0.801426 0.597072 0.0349406
    outer loop
      vertex -45.4715 34 30.1537
      vertex -44 36 29.7288
      vertex -45.5 34 29.5
    endloop
  endfacet
  facet normal -0.80142 0.597078 0.03499
    outer loop
      vertex -44 36 29.7288
      vertex -45.4715 34 30.1537
      vertex -44 35.9751 30.1537
    endloop
  endfacet
  facet normal -0.797504 -0.594116 -0.104942
    outer loop
      vertex -44 8.13196 28.2404
      vertex -45.386 10 28.1976
      vertex -44 8.13952 28.1976
    endloop
  endfacet
  facet normal -0.797488 -0.594108 -0.105111
    outer loop
      vertex -45.386 10 28.1976
      vertex -44 8.13196 28.2404
      vertex -45.4715 10 28.8463
    endloop
  endfacet
  facet normal -0.761033 -0.566968 -0.31524
    outer loop
      vertex -44 8.71362 26.7192
      vertex -45.0477 10 26.9349
      vertex -44.7973 10 26.3304
    endloop
  endfacet
  facet normal -0.761037 -0.566976 -0.315215
    outer loop
      vertex -45.0477 10 26.9349
      vertex -44 8.71362 26.7192
      vertex -44 8.5937 26.9349
    endloop
  endfacet
  facet normal -0.679562 -0.516192 0.521288
    outer loop
      vertex -44 10 33.989
      vertex -44.1436 10 33.8018
      vertex -44 9.78621 33.7773
    endloop
  endfacet
  facet normal -0.76103 -0.566968 0.315245
    outer loop
      vertex -44 8.9298 32.6696
      vertex -44.7973 10 32.6696
      vertex -44 8.71362 32.2808
    endloop
  endfacet
  facet normal 0 1 -0
    outer loop
      vertex -44 36 29.2712
      vertex -44.01 36 29.5
      vertex -44 36 29.7288
    endloop
  endfacet
  facet normal -0.887034 0 0.461704
    outer loop
      vertex -44.7973 10 32.6696
      vertex -44.4952 34 33.25
      vertex -44.7973 34 32.6696
    endloop
  endfacet
  facet normal -0.887034 0 0.461704
    outer loop
      vertex -44.4952 34 33.25
      vertex -44.7973 10 32.6696
      vertex -44.4952 10 33.25
    endloop
  endfacet
  facet normal -0.999051 0 -0.0435566
    outer loop
      vertex -45.4715 10 28.8463
      vertex -45.5 34 29.5
      vertex -45.4715 34 28.8463
    endloop
  endfacet
  facet normal -0.999051 -0 -0.0435566
    outer loop
      vertex -45.5 34 29.5
      vertex -45.4715 10 28.8463
      vertex -45.5 10 29.5
    endloop
  endfacet
  facet normal -0.793443 0 0.608645
    outer loop
      vertex -44.1436 10 33.8018
      vertex -44 34 33.989
      vertex -44.1436 34 33.8018
    endloop
  endfacet
  facet normal -0.793443 0 0.608645
    outer loop
      vertex -44 34 33.989
      vertex -44.1436 10 33.8018
      vertex -44 10 33.989
    endloop
  endfacet
  facet normal -0.801418 -0.59708 -0.0350041
    outer loop
      vertex -44 8 29.2712
      vertex -45.4715 10 28.8463
      vertex -44 8.02491 28.8463
    endloop
  endfacet
  facet normal -0.801426 -0.597072 -0.0349406
    outer loop
      vertex -45.4715 10 28.8463
      vertex -44 8 29.2712
      vertex -45.5 10 29.5
    endloop
  endfacet
  facet normal -0.801428 -0.597064 -0.0350275
    outer loop
      vertex -45.5 10 29.5
      vertex -44 8 29.2712
      vertex -44.01 8 29.5
    endloop
  endfacet
  facet normal -0.740031 -0.551347 0.385189
    outer loop
      vertex -44.7973 10 32.6696
      vertex -44 9.33533 33.25
      vertex -44.4952 10 33.25
    endloop
  endfacet
  facet normal -0.740033 -0.551329 0.385211
    outer loop
      vertex -44 9.33533 33.25
      vertex -44.7973 10 32.6696
      vertex -44 9.11021 32.9278
    endloop
  endfacet
  facet normal -0.714138 -0.531926 0.45504
    outer loop
      vertex -44.4952 10 33.25
      vertex -44 9.74767 33.7322
      vertex -44.1436 10 33.8018
    endloop
  endfacet
  facet normal -0.714111 -0.532035 0.454955
    outer loop
      vertex -44 9.74767 33.7322
      vertex -44.4952 10 33.25
      vertex -44 9.33533 33.25
    endloop
  endfacet
  facet normal -0.740037 0.551328 0.385204
    outer loop
      vertex -44 35.0702 32.6696
      vertex -44.7973 34 32.6696
      vertex -44 34.8898 32.9278
    endloop
  endfacet
  facet normal -0.740037 0.551328 -0.385204
    outer loop
      vertex -44 34.8898 26.0722
      vertex -44.7973 34 26.3304
      vertex -44 35.0702 26.3304
    endloop
  endfacet
  facet normal -0.714114 0.531972 -0.455024
    outer loop
      vertex -44.4952 34 25.75
      vertex -44 34.2523 25.2678
      vertex -44.1436 34 25.1982
    endloop
  endfacet
  facet normal -0.714105 0.532007 -0.454997
    outer loop
      vertex -44 34.2523 25.2678
      vertex -44.4952 34 25.75
      vertex -44 34.6647 25.75
    endloop
  endfacet
  facet normal -0.777463 0.579214 -0.245075
    outer loop
      vertex -45.2444 34 27.5589
      vertex -44 35.4063 26.9349
      vertex -45.0477 34 26.9349
    endloop
  endfacet
  facet normal -0.777464 0.579188 -0.245134
    outer loop
      vertex -44 35.4063 26.9349
      vertex -45.2444 34 27.5589
      vertex -44 35.6704 27.5589
    endloop
  endfacet
  facet normal 0 -1 -0
    outer loop
      vertex -44 8 29.7288
      vertex -44.01 8 29.5
      vertex -44 8 29.2712
    endloop
  endfacet
  facet normal -0.777471 0.579194 0.245097
    outer loop
      vertex -45.2444 34 31.4411
      vertex -44 35.4063 32.0652
      vertex -44 35.6704 31.4411
    endloop
  endfacet
  facet normal -0.777471 0.579219 0.245038
    outer loop
      vertex -44 35.4063 32.0652
      vertex -45.2444 34 31.4411
      vertex -45.0477 34 32.0652
    endloop
  endfacet
  facet normal -0.761024 0.566963 -0.315271
    outer loop
      vertex -44 35.0702 26.3304
      vertex -44.7973 34 26.3304
      vertex -44 35.2864 26.7192
    endloop
  endfacet
  facet normal -0.740031 -0.551347 -0.385189
    outer loop
      vertex -44 9.33533 25.75
      vertex -44.7973 10 26.3304
      vertex -44.4952 10 25.75
    endloop
  endfacet
  facet normal -0.740033 -0.551329 -0.385211
    outer loop
      vertex -44.7973 10 26.3304
      vertex -44 9.33533 25.75
      vertex -44 9.11021 26.0722
    endloop
  endfacet
  facet normal -0.789549 -0.588195 0.175043
    outer loop
      vertex -45.386 10 30.8024
      vertex -44 8.32961 31.4411
      vertex -45.2444 10 31.4411
    endloop
  endfacet
  facet normal -0.789549 -0.58819 0.175057
    outer loop
      vertex -44 8.32961 31.4411
      vertex -45.386 10 30.8024
      vertex -44 8.13952 30.8024
    endloop
  endfacet
  facet normal -0.843347 0 -0.53737
    outer loop
      vertex -44.1436 10 25.1982
      vertex -44.4952 34 25.75
      vertex -44.1436 34 25.1982
    endloop
  endfacet
  facet normal -0.843347 -0 -0.53737
    outer loop
      vertex -44.4952 34 25.75
      vertex -44.1436 10 25.1982
      vertex -44.4952 10 25.75
    endloop
  endfacet
  facet normal -0.797479 -0.594145 0.104973
    outer loop
      vertex -44 8.13196 30.7596
      vertex -45.4715 10 30.1537
      vertex -44 8.02491 30.1537
    endloop
  endfacet
  facet normal -0.714621 0.532024 0.454167
    outer loop
      vertex -44 34.2523 33.7322
      vertex -44.1436 34 33.8018
      vertex -44 34.2138 33.7773
    endloop
  endfacet
  facet normal -0.740042 0.551329 -0.385194
    outer loop
      vertex -44.7973 34 26.3304
      vertex -44 34.6647 25.75
      vertex -44.4952 34 25.75
    endloop
  endfacet
  facet normal -0.740041 0.551338 -0.385183
    outer loop
      vertex -44 34.6647 25.75
      vertex -44.7973 34 26.3304
      vertex -44 34.8898 26.0722
    endloop
  endfacet
  facet normal -0.76103 -0.566968 -0.315245
    outer loop
      vertex -44 8.71362 26.7192
      vertex -44.7973 10 26.3304
      vertex -44 8.9298 26.3304
    endloop
  endfacet
  facet normal -0.923875 0 -0.382694
    outer loop
      vertex -44.7973 10 26.3304
      vertex -45.0477 34 26.9349
      vertex -44.7973 34 26.3304
    endloop
  endfacet
  facet normal -0.923875 -0 -0.382694
    outer loop
      vertex -45.0477 34 26.9349
      vertex -44.7973 10 26.3304
      vertex -45.0477 10 26.9349
    endloop
  endfacet
  facet normal -0.991426 0 0.130672
    outer loop
      vertex -45.4715 10 30.1537
      vertex -45.386 34 30.8024
      vertex -45.4715 34 30.1537
    endloop
  endfacet
  facet normal -0.991426 0 0.130672
    outer loop
      vertex -45.386 34 30.8024
      vertex -45.4715 10 30.1537
      vertex -45.386 10 30.8024
    endloop
  endfacet
  facet normal -0.761024 0.566963 0.315271
    outer loop
      vertex -44 35.2864 32.2808
      vertex -44.7973 34 32.6696
      vertex -44 35.0702 32.6696
    endloop
  endfacet
  facet normal -0.797488 -0.594108 0.105111
    outer loop
      vertex -44 8.13196 30.7596
      vertex -45.386 10 30.8024
      vertex -45.4715 10 30.1537
    endloop
  endfacet
  facet normal -0.797504 -0.594116 0.104942
    outer loop
      vertex -45.386 10 30.8024
      vertex -44 8.13196 30.7596
      vertex -44 8.13952 30.8024
    endloop
  endfacet
  facet normal -0.761036 0.566962 -0.315242
    outer loop
      vertex -45.0477 34 26.9349
      vertex -44 35.2864 26.7192
      vertex -44.7973 34 26.3304
    endloop
  endfacet
  facet normal -0.76105 0.566986 -0.315167
    outer loop
      vertex -44 35.2864 26.7192
      vertex -45.0477 34 26.9349
      vertex -44 35.4063 26.9349
    endloop
  endfacet
  facet normal -0.843347 0 0.53737
    outer loop
      vertex -44.4952 10 33.25
      vertex -44.1436 34 33.8018
      vertex -44.4952 34 33.25
    endloop
  endfacet
  facet normal -0.843347 0 0.53737
    outer loop
      vertex -44.1436 34 33.8018
      vertex -44.4952 10 33.25
      vertex -44.1436 10 33.8018
    endloop
  endfacet
  facet normal -0.976295 0 -0.216445
    outer loop
      vertex -45.2444 10 27.5589
      vertex -45.386 34 28.1976
      vertex -45.2444 34 27.5589
    endloop
  endfacet
  facet normal -0.976295 -0 -0.216445
    outer loop
      vertex -45.386 34 28.1976
      vertex -45.2444 10 27.5589
      vertex -45.386 10 28.1976
    endloop
  endfacet
  facet normal -0.797577 0.594164 -0.104117
    outer loop
      vertex -45.386 34 28.1976
      vertex -44 35.868 28.2404
      vertex -44 35.8605 28.1976
    endloop
  endfacet
  facet normal -0.797482 0.594116 -0.10511
    outer loop
      vertex -44 35.868 28.2404
      vertex -45.386 34 28.1976
      vertex -45.4715 34 28.8463
    endloop
  endfacet
  facet normal -0.777463 -0.579214 -0.245075
    outer loop
      vertex -44 8.5937 26.9349
      vertex -45.2444 10 27.5589
      vertex -45.0477 10 26.9349
    endloop
  endfacet
  facet normal -0.777464 -0.579192 -0.245126
    outer loop
      vertex -45.2444 10 27.5589
      vertex -44 8.5937 26.9349
      vertex -44 8.32961 27.5589
    endloop
  endfacet
  facet normal -0.887034 0 -0.461704
    outer loop
      vertex -44.4952 10 25.75
      vertex -44.7973 34 26.3304
      vertex -44.4952 34 25.75
    endloop
  endfacet
  facet normal -0.887034 -0 -0.461704
    outer loop
      vertex -44.7973 34 26.3304
      vertex -44.4952 10 25.75
      vertex -44.7973 10 26.3304
    endloop
  endfacet
  facet normal -0.797476 0.59414 -0.105021
    outer loop
      vertex -44 35.868 28.2404
      vertex -45.4715 34 28.8463
      vertex -44 35.9751 28.8463
    endloop
  endfacet
  facet normal -0.953751 0 0.300597
    outer loop
      vertex -45.2444 10 31.4411
      vertex -45.0477 34 32.0652
      vertex -45.2444 34 31.4411
    endloop
  endfacet
  facet normal -0.953751 0 0.300597
    outer loop
      vertex -45.0477 34 32.0652
      vertex -45.2444 10 31.4411
      vertex -45.0477 10 32.0652
    endloop
  endfacet
  facet normal -0.991426 0 -0.130672
    outer loop
      vertex -45.386 10 28.1976
      vertex -45.4715 34 28.8463
      vertex -45.386 34 28.1976
    endloop
  endfacet
  facet normal -0.991426 -0 -0.130672
    outer loop
      vertex -45.4715 34 28.8463
      vertex -45.386 10 28.1976
      vertex -45.4715 10 28.8463
    endloop
  endfacet
  facet normal -0.740031 -0.551324 -0.385222
    outer loop
      vertex -44 8.9298 26.3304
      vertex -44.7973 10 26.3304
      vertex -44 9.11021 26.0722
    endloop
  endfacet
  facet normal -0.714138 -0.531926 -0.45504
    outer loop
      vertex -44 9.74767 25.2678
      vertex -44.4952 10 25.75
      vertex -44.1436 10 25.1982
    endloop
  endfacet
  facet normal -0.714111 -0.532035 -0.454955
    outer loop
      vertex -44.4952 10 25.75
      vertex -44 9.74767 25.2678
      vertex -44 9.33533 25.75
    endloop
  endfacet
  facet normal -0.801426 -0.597072 0.0349406
    outer loop
      vertex -44 8 29.7288
      vertex -45.4715 10 30.1537
      vertex -45.5 10 29.5
    endloop
  endfacet
  facet normal -0.801428 -0.597064 0.0350275
    outer loop
      vertex -44 8 29.7288
      vertex -45.5 10 29.5
      vertex -44.01 8 29.5
    endloop
  endfacet
  facet normal -0.801418 -0.59708 0.0350041
    outer loop
      vertex -45.4715 10 30.1537
      vertex -44 8 29.7288
      vertex -44 8.02491 30.1537
    endloop
  endfacet
  facet normal -0.999051 0 0.0435566
    outer loop
      vertex -45.5 10 29.5
      vertex -45.4715 34 30.1537
      vertex -45.5 34 29.5
    endloop
  endfacet
  facet normal -0.999051 0 0.0435566
    outer loop
      vertex -45.4715 34 30.1537
      vertex -45.5 10 29.5
      vertex -45.4715 10 30.1537
    endloop
  endfacet
  facet normal -0.761015 0.56696 0.315299
    outer loop
      vertex -45.0477 34 32.0652
      vertex -44 35.2864 32.2808
      vertex -44 35.4063 32.0652
    endloop
  endfacet
  facet normal -0.761017 0.566964 0.315286
    outer loop
      vertex -44 35.2864 32.2808
      vertex -45.0477 34 32.0652
      vertex -44.7973 34 32.6696
    endloop
  endfacet
  facet normal -0.679571 0.516174 0.521295
    outer loop
      vertex -44 34.2138 33.7773
      vertex -44.1436 34 33.8018
      vertex -44 34 33.989
    endloop
  endfacet
  facet normal -0.740041 0.551338 0.385183
    outer loop
      vertex -44.7973 34 32.6696
      vertex -44 34.6647 33.25
      vertex -44 34.8898 32.9278
    endloop
  endfacet
  facet normal -0.740042 0.551329 0.385194
    outer loop
      vertex -44 34.6647 33.25
      vertex -44.7973 34 32.6696
      vertex -44.4952 34 33.25
    endloop
  endfacet
  facet normal -0.71441 -0.531954 -0.454579
    outer loop
      vertex -44 9.74767 25.2678
      vertex -44.1436 10 25.1982
      vertex -44 9.78621 25.2227
    endloop
  endfacet
  facet normal -0.953737 0 -0.300641
    outer loop
      vertex -45.0477 10 26.9349
      vertex -45.2444 34 27.5589
      vertex -45.0477 34 26.9349
    endloop
  endfacet
  facet normal -0.953737 -0 -0.300641
    outer loop
      vertex -45.2444 34 27.5589
      vertex -45.0477 10 26.9349
      vertex -45.2444 10 27.5589
    endloop
  endfacet
  facet normal -0.797476 0.59414 0.105021
    outer loop
      vertex -44 35.9751 30.1537
      vertex -45.4715 34 30.1537
      vertex -44 35.868 30.7596
    endloop
  endfacet
  facet normal -0.797482 0.594116 0.10511
    outer loop
      vertex -45.386 34 30.8024
      vertex -44 35.868 30.7596
      vertex -45.4715 34 30.1537
    endloop
  endfacet
  facet normal -0.797577 0.594164 0.104117
    outer loop
      vertex -44 35.868 30.7596
      vertex -45.386 34 30.8024
      vertex -44 35.8605 30.8024
    endloop
  endfacet
  facet normal -0.78955 0.588192 -0.175044
    outer loop
      vertex -45.386 34 28.1976
      vertex -44 35.6704 27.5589
      vertex -45.2444 34 27.5589
    endloop
  endfacet
  facet normal -0.789551 0.588185 -0.175065
    outer loop
      vertex -44 35.6704 27.5589
      vertex -45.386 34 28.1976
      vertex -44 35.8605 28.1976
    endloop
  endfacet
  facet normal -0.976295 0 0.216445
    outer loop
      vertex -45.386 10 30.8024
      vertex -45.2444 34 31.4411
      vertex -45.386 34 30.8024
    endloop
  endfacet
  facet normal -0.976295 0 0.216445
    outer loop
      vertex -45.2444 34 31.4411
      vertex -45.386 10 30.8024
      vertex -45.2444 10 31.4411
    endloop
  endfacet
  facet normal -0.80142 0.597078 -0.03499
    outer loop
      vertex -45.4715 34 28.8463
      vertex -44 36 29.2712
      vertex -44 35.9751 28.8463
    endloop
  endfacet
  facet normal -0.801426 0.597072 -0.0349406
    outer loop
      vertex -44 36 29.2712
      vertex -45.4715 34 28.8463
      vertex -45.5 34 29.5
    endloop
  endfacet
  facet normal -0.801428 0.597064 -0.0350275
    outer loop
      vertex -44 36 29.2712
      vertex -45.5 34 29.5
      vertex -44.01 36 29.5
    endloop
  endfacet
  facet normal 0.679571 0.516174 0.521295
    outer loop
      vertex 44 34.2138 23.2773
      vertex 44 34 23.489
      vertex 44.1436 34 23.3018
    endloop
  endfacet
  facet normal 0.999051 -0 0.0435566
    outer loop
      vertex 45.4715 10 19.6537
      vertex 45.5 34 19
      vertex 45.4715 34 19.6537
    endloop
  endfacet
  facet normal 0.999051 0 0.0435566
    outer loop
      vertex 45.5 34 19
      vertex 45.4715 10 19.6537
      vertex 45.5 10 19
    endloop
  endfacet
  facet normal 0.797479 -0.594145 0.104973
    outer loop
      vertex 45.4715 10 19.6537
      vertex 44 8.13196 20.2596
      vertex 44 8.02491 19.6537
    endloop
  endfacet
  facet normal 0.843347 0 -0.53737
    outer loop
      vertex 44.4952 10 15.25
      vertex 44.1436 34 14.6982
      vertex 44.4952 34 15.25
    endloop
  endfacet
  facet normal 0.843347 0 -0.53737
    outer loop
      vertex 44.1436 34 14.6982
      vertex 44.4952 10 15.25
      vertex 44.1436 10 14.6982
    endloop
  endfacet
  facet normal 0.740031 -0.551347 0.385189
    outer loop
      vertex 44 9.33533 22.75
      vertex 44.7973 10 22.1696
      vertex 44.4952 10 22.75
    endloop
  endfacet
  facet normal 0.740033 -0.551329 0.385211
    outer loop
      vertex 44.7973 10 22.1696
      vertex 44 9.33533 22.75
      vertex 44 9.11021 22.4278
    endloop
  endfacet
  facet normal 0.843347 -0 0.53737
    outer loop
      vertex 44.1436 10 23.3018
      vertex 44.4952 34 22.75
      vertex 44.1436 34 23.3018
    endloop
  endfacet
  facet normal 0.843347 0 0.53737
    outer loop
      vertex 44.4952 34 22.75
      vertex 44.1436 10 23.3018
      vertex 44.4952 10 22.75
    endloop
  endfacet
  facet normal 0.740037 0.551328 0.385204
    outer loop
      vertex 44 35.0702 22.1696
      vertex 44 34.8898 22.4278
      vertex 44.7973 34 22.1696
    endloop
  endfacet
  facet normal 0.714114 0.531972 0.455024
    outer loop
      vertex 44.4952 34 22.75
      vertex 44 34.2523 23.2322
      vertex 44.1436 34 23.3018
    endloop
  endfacet
  facet normal 0.714105 0.532007 0.454997
    outer loop
      vertex 44 34.2523 23.2322
      vertex 44.4952 34 22.75
      vertex 44 34.6647 22.75
    endloop
  endfacet
  facet normal 0.801418 -0.59708 0.0350041
    outer loop
      vertex 44 8 19.2288
      vertex 45.4715 10 19.6537
      vertex 44 8.02491 19.6537
    endloop
  endfacet
  facet normal 0.801426 -0.597072 0.0349406
    outer loop
      vertex 45.4715 10 19.6537
      vertex 44 8 19.2288
      vertex 45.5 10 19
    endloop
  endfacet
  facet normal 0.801428 -0.597064 0.0350275
    outer loop
      vertex 45.5 10 19
      vertex 44 8 19.2288
      vertex 44.01 8 19
    endloop
  endfacet
  facet normal 0.761024 0.566963 -0.315271
    outer loop
      vertex 44 35.0702 15.8304
      vertex 44 35.2864 16.2192
      vertex 44.7973 34 15.8304
    endloop
  endfacet
  facet normal 0.76103 -0.566968 -0.315245
    outer loop
      vertex 44.7973 10 15.8304
      vertex 44 8.71362 16.2192
      vertex 44 8.9298 15.8304
    endloop
  endfacet
  facet normal 0 1 0
    outer loop
      vertex 44 36 18.7712
      vertex 44 36 19.2288
      vertex 44.01 36 19
    endloop
  endfacet
  facet normal 0.71441 -0.531954 0.454579
    outer loop
      vertex 44.1436 10 23.3018
      vertex 44 9.78621 23.2773
      vertex 44 9.74767 23.2322
    endloop
  endfacet
  facet normal 0.777463 -0.579214 -0.245075
    outer loop
      vertex 45.2444 10 17.0589
      vertex 44 8.5937 16.4349
      vertex 45.0477 10 16.4349
    endloop
  endfacet
  facet normal 0.777464 -0.579192 -0.245126
    outer loop
      vertex 44 8.5937 16.4349
      vertex 45.2444 10 17.0589
      vertex 44 8.32961 17.0589
    endloop
  endfacet
  facet normal 0.887034 0 -0.461704
    outer loop
      vertex 44.7973 10 15.8304
      vertex 44.4952 34 15.25
      vertex 44.7973 34 15.8304
    endloop
  endfacet
  facet normal 0.887034 0 -0.461704
    outer loop
      vertex 44.4952 34 15.25
      vertex 44.7973 10 15.8304
      vertex 44.4952 10 15.25
    endloop
  endfacet
  facet normal 0.797504 -0.594116 0.104942
    outer loop
      vertex 44 8.13196 20.2596
      vertex 45.386 10 20.3024
      vertex 44 8.13952 20.3024
    endloop
  endfacet
  facet normal 0.797488 -0.594108 0.105111
    outer loop
      vertex 45.386 10 20.3024
      vertex 44 8.13196 20.2596
      vertex 45.4715 10 19.6537
    endloop
  endfacet
  facet normal 0.714621 0.532024 0.454167
    outer loop
      vertex 44 34.2523 23.2322
      vertex 44 34.2138 23.2773
      vertex 44.1436 34 23.3018
    endloop
  endfacet
  facet normal 0.714138 -0.531926 0.45504
    outer loop
      vertex 44 9.74767 23.2322
      vertex 44.4952 10 22.75
      vertex 44.1436 10 23.3018
    endloop
  endfacet
  facet normal 0.714111 -0.532035 0.454955
    outer loop
      vertex 44.4952 10 22.75
      vertex 44 9.74767 23.2322
      vertex 44 9.33533 22.75
    endloop
  endfacet
  facet normal 0.679562 -0.516192 0.521288
    outer loop
      vertex 44.1436 10 23.3018
      vertex 44 10 23.489
      vertex 44 9.78621 23.2773
    endloop
  endfacet
  facet normal 0.991426 0 -0.130672
    outer loop
      vertex 45.4715 10 18.3463
      vertex 45.386 34 17.6976
      vertex 45.4715 34 18.3463
    endloop
  endfacet
  facet normal 0.991426 0 -0.130672
    outer loop
      vertex 45.386 34 17.6976
      vertex 45.4715 10 18.3463
      vertex 45.386 10 17.6976
    endloop
  endfacet
  facet normal 0.71441 -0.531954 -0.454579
    outer loop
      vertex 44.1436 10 14.6982
      vertex 44 9.74767 14.7678
      vertex 44 9.78621 14.7227
    endloop
  endfacet
  facet normal 0.761033 -0.566968 -0.31524
    outer loop
      vertex 45.0477 10 16.4349
      vertex 44 8.71362 16.2192
      vertex 44.7973 10 15.8304
    endloop
  endfacet
  facet normal 0.761037 -0.566976 -0.315215
    outer loop
      vertex 44 8.71362 16.2192
      vertex 45.0477 10 16.4349
      vertex 44 8.5937 16.4349
    endloop
  endfacet
  facet normal 0.679562 -0.516192 -0.521288
    outer loop
      vertex 44.1436 10 14.6982
      vertex 44 9.78621 14.7227
      vertex 44 10 14.511
    endloop
  endfacet
  facet normal 0.801426 -0.597072 -0.0349406
    outer loop
      vertex 44 8 18.7712
      vertex 45.4715 10 18.3463
      vertex 45.5 10 19
    endloop
  endfacet
  facet normal 0.801428 -0.597064 -0.0350275
    outer loop
      vertex 44 8 18.7712
      vertex 45.5 10 19
      vertex 44.01 8 19
    endloop
  endfacet
  facet normal 0.801418 -0.59708 -0.0350041
    outer loop
      vertex 45.4715 10 18.3463
      vertex 44 8 18.7712
      vertex 44 8.02491 18.3463
    endloop
  endfacet
  facet normal 0.714138 -0.531926 -0.45504
    outer loop
      vertex 44.4952 10 15.25
      vertex 44 9.74767 14.7678
      vertex 44.1436 10 14.6982
    endloop
  endfacet
  facet normal 0.714111 -0.532035 -0.454955
    outer loop
      vertex 44 9.74767 14.7678
      vertex 44.4952 10 15.25
      vertex 44 9.33533 15.25
    endloop
  endfacet
  facet normal 0.789549 -0.588195 0.175043
    outer loop
      vertex 44 8.32961 20.9411
      vertex 45.386 10 20.3024
      vertex 45.2444 10 20.9411
    endloop
  endfacet
  facet normal 0.789549 -0.58819 0.175057
    outer loop
      vertex 45.386 10 20.3024
      vertex 44 8.32961 20.9411
      vertex 44 8.13952 20.3024
    endloop
  endfacet
  facet normal 0.761024 0.566963 0.315271
    outer loop
      vertex 44 35.2864 21.7808
      vertex 44 35.0702 22.1696
      vertex 44.7973 34 22.1696
    endloop
  endfacet
  facet normal 0.740031 -0.551324 0.385222
    outer loop
      vertex 44.7973 10 22.1696
      vertex 44 9.11021 22.4278
      vertex 44 8.9298 22.1696
    endloop
  endfacet
  facet normal 0.76103 -0.566968 0.315245
    outer loop
      vertex 44.7973 10 22.1696
      vertex 44 8.9298 22.1696
      vertex 44 8.71362 21.7808
    endloop
  endfacet
  facet normal 0.976295 -0 0.216445
    outer loop
      vertex 45.2444 10 20.9411
      vertex 45.386 34 20.3024
      vertex 45.2444 34 20.9411
    endloop
  endfacet
  facet normal 0.976295 0 0.216445
    outer loop
      vertex 45.386 34 20.3024
      vertex 45.2444 10 20.9411
      vertex 45.386 10 20.3024
    endloop
  endfacet
  facet normal 0.740031 -0.551347 -0.385189
    outer loop
      vertex 44.7973 10 15.8304
      vertex 44 9.33533 15.25
      vertex 44.4952 10 15.25
    endloop
  endfacet
  facet normal 0.740033 -0.551329 -0.385211
    outer loop
      vertex 44 9.33533 15.25
      vertex 44.7973 10 15.8304
      vertex 44 9.11021 15.5722
    endloop
  endfacet
  facet normal 0.923875 0 -0.382694
    outer loop
      vertex 45.0477 10 16.4349
      vertex 44.7973 34 15.8304
      vertex 45.0477 34 16.4349
    endloop
  endfacet
  facet normal 0.923875 0 -0.382694
    outer loop
      vertex 44.7973 34 15.8304
      vertex 45.0477 10 16.4349
      vertex 44.7973 10 15.8304
    endloop
  endfacet
  facet normal 0.740031 -0.551324 -0.385222
    outer loop
      vertex 44.7973 10 15.8304
      vertex 44 8.9298 15.8304
      vertex 44 9.11021 15.5722
    endloop
  endfacet
  facet normal 0.777464 0.579188 -0.245134
    outer loop
      vertex 45.2444 34 17.0589
      vertex 44 35.4063 16.4349
      vertex 44 35.6704 17.0589
    endloop
  endfacet
  facet normal 0.777463 0.579214 -0.245075
    outer loop
      vertex 44 35.4063 16.4349
      vertex 45.2444 34 17.0589
      vertex 45.0477 34 16.4349
    endloop
  endfacet
  facet normal 0.797488 -0.594108 -0.105111
    outer loop
      vertex 44 8.13196 17.7404
      vertex 45.386 10 17.6976
      vertex 45.4715 10 18.3463
    endloop
  endfacet
  facet normal 0.797504 -0.594116 -0.104942
    outer loop
      vertex 45.386 10 17.6976
      vertex 44 8.13196 17.7404
      vertex 44 8.13952 17.6976
    endloop
  endfacet
  facet normal 0.740042 0.551329 0.385194
    outer loop
      vertex 44.7973 34 22.1696
      vertex 44 34.6647 22.75
      vertex 44.4952 34 22.75
    endloop
  endfacet
  facet normal 0.740041 0.551338 0.385183
    outer loop
      vertex 44 34.6647 22.75
      vertex 44.7973 34 22.1696
      vertex 44 34.8898 22.4278
    endloop
  endfacet
  facet normal 0.761013 -0.56697 0.315284
    outer loop
      vertex 44 8.71362 21.7808
      vertex 45.0477 10 21.5652
      vertex 44.7973 10 22.1696
    endloop
  endfacet
  facet normal 0.761002 -0.56695 0.315346
    outer loop
      vertex 45.0477 10 21.5652
      vertex 44 8.71362 21.7808
      vertex 44 8.5937 21.5652
    endloop
  endfacet
  facet normal 0.923853 -0 0.382748
    outer loop
      vertex 44.7973 10 22.1696
      vertex 45.0477 34 21.5652
      vertex 44.7973 34 22.1696
    endloop
  endfacet
  facet normal 0.923853 0 0.382748
    outer loop
      vertex 45.0477 34 21.5652
      vertex 44.7973 10 22.1696
      vertex 45.0477 10 21.5652
    endloop
  endfacet
  facet normal 0.789551 0.588185 -0.175065
    outer loop
      vertex 45.386 34 17.6976
      vertex 44 35.6704 17.0589
      vertex 44 35.8605 17.6976
    endloop
  endfacet
  facet normal 0.78955 0.588192 -0.175044
    outer loop
      vertex 44 35.6704 17.0589
      vertex 45.386 34 17.6976
      vertex 45.2444 34 17.0589
    endloop
  endfacet
  facet normal 0.793443 -0 0.608645
    outer loop
      vertex 44 10 23.489
      vertex 44.1436 34 23.3018
      vertex 44 34 23.489
    endloop
  endfacet
  facet normal 0.793443 0 0.608645
    outer loop
      vertex 44.1436 34 23.3018
      vertex 44 10 23.489
      vertex 44.1436 10 23.3018
    endloop
  endfacet
  facet normal 0.976295 0 -0.216445
    outer loop
      vertex 45.386 10 17.6976
      vertex 45.2444 34 17.0589
      vertex 45.386 34 17.6976
    endloop
  endfacet
  facet normal 0.976295 0 -0.216445
    outer loop
      vertex 45.2444 34 17.0589
      vertex 45.386 10 17.6976
      vertex 45.2444 10 17.0589
    endloop
  endfacet
  facet normal -0 -1 0
    outer loop
      vertex 44.01 8 19
      vertex 44 8 19.2288
      vertex 44 8 18.7712
    endloop
  endfacet
  facet normal 0.777471 0.579219 0.245038
    outer loop
      vertex 45.2444 34 20.9411
      vertex 44 35.4063 21.5652
      vertex 45.0477 34 21.5652
    endloop
  endfacet
  facet normal 0.777471 0.579194 0.245097
    outer loop
      vertex 44 35.4063 21.5652
      vertex 45.2444 34 20.9411
      vertex 44 35.6704 20.9411
    endloop
  endfacet
  facet normal 0.714621 0.532024 -0.454167
    outer loop
      vertex 44 34.2138 14.7227
      vertex 44 34.2523 14.7678
      vertex 44.1436 34 14.6982
    endloop
  endfacet
  facet normal 0.714105 0.532007 -0.454997
    outer loop
      vertex 44.4952 34 15.25
      vertex 44 34.2523 14.7678
      vertex 44 34.6647 15.25
    endloop
  endfacet
  facet normal 0.714114 0.531972 -0.455024
    outer loop
      vertex 44 34.2523 14.7678
      vertex 44.4952 34 15.25
      vertex 44.1436 34 14.6982
    endloop
  endfacet
  facet normal 0.777471 -0.579219 0.245038
    outer loop
      vertex 44 8.5937 21.5652
      vertex 45.2444 10 20.9411
      vertex 45.0477 10 21.5652
    endloop
  endfacet
  facet normal 0.777471 -0.579197 0.245089
    outer loop
      vertex 45.2444 10 20.9411
      vertex 44 8.5937 21.5652
      vertex 44 8.32961 20.9411
    endloop
  endfacet
  facet normal 0.953751 -0 0.300597
    outer loop
      vertex 45.0477 10 21.5652
      vertex 45.2444 34 20.9411
      vertex 45.0477 34 21.5652
    endloop
  endfacet
  facet normal 0.953751 0 0.300597
    outer loop
      vertex 45.2444 34 20.9411
      vertex 45.0477 10 21.5652
      vertex 45.2444 10 20.9411
    endloop
  endfacet
  facet normal 0.797482 0.594116 -0.10511
    outer loop
      vertex 45.386 34 17.6976
      vertex 44 35.868 17.7404
      vertex 45.4715 34 18.3463
    endloop
  endfacet
  facet normal 0.797577 0.594164 -0.104117
    outer loop
      vertex 44 35.868 17.7404
      vertex 45.386 34 17.6976
      vertex 44 35.8605 17.6976
    endloop
  endfacet
  facet normal 0.887034 -0 0.461704
    outer loop
      vertex 44.4952 10 22.75
      vertex 44.7973 34 22.1696
      vertex 44.4952 34 22.75
    endloop
  endfacet
  facet normal 0.887034 0 0.461704
    outer loop
      vertex 44.7973 34 22.1696
      vertex 44.4952 10 22.75
      vertex 44.7973 10 22.1696
    endloop
  endfacet
  facet normal 0.797479 -0.594145 -0.104973
    outer loop
      vertex 45.4715 10 18.3463
      vertex 44 8.02491 18.3463
      vertex 44 8.13196 17.7404
    endloop
  endfacet
  facet normal 0.78955 0.588192 0.175044
    outer loop
      vertex 45.386 34 20.3024
      vertex 44 35.6704 20.9411
      vertex 45.2444 34 20.9411
    endloop
  endfacet
  facet normal 0.789551 0.588185 0.175065
    outer loop
      vertex 44 35.6704 20.9411
      vertex 45.386 34 20.3024
      vertex 44 35.8605 20.3024
    endloop
  endfacet
  facet normal 0.761017 0.566964 0.315286
    outer loop
      vertex 45.0477 34 21.5652
      vertex 44 35.2864 21.7808
      vertex 44.7973 34 22.1696
    endloop
  endfacet
  facet normal 0.761015 0.56696 0.315299
    outer loop
      vertex 44 35.2864 21.7808
      vertex 45.0477 34 21.5652
      vertex 44 35.4063 21.5652
    endloop
  endfacet
  facet normal 0.797577 0.594164 0.104117
    outer loop
      vertex 45.386 34 20.3024
      vertex 44 35.868 20.2596
      vertex 44 35.8605 20.3024
    endloop
  endfacet
  facet normal 0.797482 0.594116 0.10511
    outer loop
      vertex 44 35.868 20.2596
      vertex 45.386 34 20.3024
      vertex 45.4715 34 19.6537
    endloop
  endfacet
  facet normal 0.991426 -0 0.130672
    outer loop
      vertex 45.386 10 20.3024
      vertex 45.4715 34 19.6537
      vertex 45.386 34 20.3024
    endloop
  endfacet
  facet normal 0.991426 0 0.130672
    outer loop
      vertex 45.4715 34 19.6537
      vertex 45.386 10 20.3024
      vertex 45.4715 10 19.6537
    endloop
  endfacet
  facet normal 0.953737 0 -0.300641
    outer loop
      vertex 45.2444 10 17.0589
      vertex 45.0477 34 16.4349
      vertex 45.2444 34 17.0589
    endloop
  endfacet
  facet normal 0.953737 0 -0.300641
    outer loop
      vertex 45.0477 34 16.4349
      vertex 45.2444 10 17.0589
      vertex 45.0477 10 16.4349
    endloop
  endfacet
  facet normal 0.76105 0.566986 -0.315167
    outer loop
      vertex 45.0477 34 16.4349
      vertex 44 35.2864 16.2192
      vertex 44 35.4063 16.4349
    endloop
  endfacet
  facet normal 0.761036 0.566962 -0.315242
    outer loop
      vertex 44 35.2864 16.2192
      vertex 45.0477 34 16.4349
      vertex 44.7973 34 15.8304
    endloop
  endfacet
  facet normal 0.793443 0 -0.608645
    outer loop
      vertex 44.1436 10 14.6982
      vertex 44 34 14.511
      vertex 44.1436 34 14.6982
    endloop
  endfacet
  facet normal 0.793443 0 -0.608645
    outer loop
      vertex 44 34 14.511
      vertex 44.1436 10 14.6982
      vertex 44 10 14.511
    endloop
  endfacet
  facet normal 0.679571 0.516174 -0.521295
    outer loop
      vertex 44 34 14.511
      vertex 44 34.2138 14.7227
      vertex 44.1436 34 14.6982
    endloop
  endfacet
  facet normal 0.801428 0.597064 -0.0350275
    outer loop
      vertex 45.5 34 19
      vertex 44 36 18.7712
      vertex 44.01 36 19
    endloop
  endfacet
  facet normal 0.801426 0.597072 -0.0349406
    outer loop
      vertex 45.4715 34 18.3463
      vertex 44 36 18.7712
      vertex 45.5 34 19
    endloop
  endfacet
  facet normal 0.80142 0.597078 -0.03499
    outer loop
      vertex 44 36 18.7712
      vertex 45.4715 34 18.3463
      vertex 44 35.9751 18.3463
    endloop
  endfacet
  facet normal 0.797476 0.59414 -0.105021
    outer loop
      vertex 44 35.868 17.7404
      vertex 44 35.9751 18.3463
      vertex 45.4715 34 18.3463
    endloop
  endfacet
  facet normal 0.999051 0 -0.0435566
    outer loop
      vertex 45.5 10 19
      vertex 45.4715 34 18.3463
      vertex 45.5 34 19
    endloop
  endfacet
  facet normal 0.999051 0 -0.0435566
    outer loop
      vertex 45.4715 34 18.3463
      vertex 45.5 10 19
      vertex 45.4715 10 18.3463
    endloop
  endfacet
  facet normal 0.789549 -0.588195 -0.175043
    outer loop
      vertex 45.386 10 17.6976
      vertex 44 8.32961 17.0589
      vertex 45.2444 10 17.0589
    endloop
  endfacet
  facet normal 0.789549 -0.58819 -0.175057
    outer loop
      vertex 44 8.32961 17.0589
      vertex 45.386 10 17.6976
      vertex 44 8.13952 17.6976
    endloop
  endfacet
  facet normal 0.80142 0.597078 0.03499
    outer loop
      vertex 45.4715 34 19.6537
      vertex 44 36 19.2288
      vertex 44 35.9751 19.6537
    endloop
  endfacet
  facet normal 0.801426 0.597072 0.0349406
    outer loop
      vertex 44 36 19.2288
      vertex 45.4715 34 19.6537
      vertex 45.5 34 19
    endloop
  endfacet
  facet normal 0.801428 0.597064 0.0350275
    outer loop
      vertex 44 36 19.2288
      vertex 45.5 34 19
      vertex 44.01 36 19
    endloop
  endfacet
  facet normal 0.797476 0.59414 0.105021
    outer loop
      vertex 44 35.9751 19.6537
      vertex 44 35.868 20.2596
      vertex 45.4715 34 19.6537
    endloop
  endfacet
  facet normal 0.740041 0.551338 -0.385183
    outer loop
      vertex 44.7973 34 15.8304
      vertex 44 34.6647 15.25
      vertex 44 34.8898 15.5722
    endloop
  endfacet
  facet normal 0.740042 0.551329 -0.385194
    outer loop
      vertex 44 34.6647 15.25
      vertex 44.7973 34 15.8304
      vertex 44.4952 34 15.25
    endloop
  endfacet
  facet normal 0.740037 0.551328 -0.385204
    outer loop
      vertex 44 34.8898 15.5722
      vertex 44 35.0702 15.8304
      vertex 44.7973 34 15.8304
    endloop
  endfacet
  facet normal -0.789549 -0.588195 -0.175043
    outer loop
      vertex -44 8.32961 17.0589
      vertex -45.386 10 17.6976
      vertex -45.2444 10 17.0589
    endloop
  endfacet
  facet normal -0.789549 -0.58819 -0.175057
    outer loop
      vertex -45.386 10 17.6976
      vertex -44 8.32961 17.0589
      vertex -44 8.13952 17.6976
    endloop
  endfacet
  facet normal -0.793443 0 -0.608645
    outer loop
      vertex -44 10 14.511
      vertex -44.1436 34 14.6982
      vertex -44 34 14.511
    endloop
  endfacet
  facet normal -0.793443 -0 -0.608645
    outer loop
      vertex -44.1436 34 14.6982
      vertex -44 10 14.511
      vertex -44.1436 10 14.6982
    endloop
  endfacet
  facet normal -0.714621 0.532024 -0.454167
    outer loop
      vertex -44 34.2138 14.7227
      vertex -44.1436 34 14.6982
      vertex -44 34.2523 14.7678
    endloop
  endfacet
  facet normal 0 -1 -0
    outer loop
      vertex -44 8 19.2288
      vertex -44.01 8 19
      vertex -44 8 18.7712
    endloop
  endfacet
  facet normal -0.777471 -0.579219 0.245038
    outer loop
      vertex -45.2444 10 20.9411
      vertex -44 8.5937 21.5652
      vertex -45.0477 10 21.5652
    endloop
  endfacet
  facet normal -0.777471 -0.579197 0.245089
    outer loop
      vertex -44 8.5937 21.5652
      vertex -45.2444 10 20.9411
      vertex -44 8.32961 20.9411
    endloop
  endfacet
  facet normal -0.714105 0.532007 0.454997
    outer loop
      vertex -44.4952 34 22.75
      vertex -44 34.2523 23.2322
      vertex -44 34.6647 22.75
    endloop
  endfacet
  facet normal -0.714114 0.531972 0.455024
    outer loop
      vertex -44 34.2523 23.2322
      vertex -44.4952 34 22.75
      vertex -44.1436 34 23.3018
    endloop
  endfacet
  facet normal -0.679562 -0.516192 -0.521288
    outer loop
      vertex -44 9.78621 14.7227
      vertex -44.1436 10 14.6982
      vertex -44 10 14.511
    endloop
  endfacet
  facet normal -0.740031 -0.551324 0.385222
    outer loop
      vertex -44 9.11021 22.4278
      vertex -44.7973 10 22.1696
      vertex -44 8.9298 22.1696
    endloop
  endfacet
  facet normal -0.761013 -0.56697 0.315284
    outer loop
      vertex -45.0477 10 21.5652
      vertex -44 8.71362 21.7808
      vertex -44.7973 10 22.1696
    endloop
  endfacet
  facet normal -0.761002 -0.56695 0.315346
    outer loop
      vertex -44 8.71362 21.7808
      vertex -45.0477 10 21.5652
      vertex -44 8.5937 21.5652
    endloop
  endfacet
  facet normal -0.71441 -0.531954 0.454579
    outer loop
      vertex -44 9.78621 23.2773
      vertex -44.1436 10 23.3018
      vertex -44 9.74767 23.2322
    endloop
  endfacet
  facet normal -0.797479 -0.594145 -0.104973
    outer loop
      vertex -44 8.02491 18.3463
      vertex -45.4715 10 18.3463
      vertex -44 8.13196 17.7404
    endloop
  endfacet
  facet normal -0.923853 0 0.382748
    outer loop
      vertex -45.0477 10 21.5652
      vertex -44.7973 34 22.1696
      vertex -45.0477 34 21.5652
    endloop
  endfacet
  facet normal -0.923853 0 0.382748
    outer loop
      vertex -44.7973 34 22.1696
      vertex -45.0477 10 21.5652
      vertex -44.7973 10 22.1696
    endloop
  endfacet
  facet normal -0.740041 0.551338 0.385183
    outer loop
      vertex -44.7973 34 22.1696
      vertex -44 34.6647 22.75
      vertex -44 34.8898 22.4278
    endloop
  endfacet
  facet normal -0.740042 0.551329 0.385194
    outer loop
      vertex -44 34.6647 22.75
      vertex -44.7973 34 22.1696
      vertex -44.4952 34 22.75
    endloop
  endfacet
  facet normal -0.679571 0.516174 -0.521295
    outer loop
      vertex -44 34 14.511
      vertex -44.1436 34 14.6982
      vertex -44 34.2138 14.7227
    endloop
  endfacet
  facet normal -0.777471 0.579194 0.245097
    outer loop
      vertex -45.2444 34 20.9411
      vertex -44 35.4063 21.5652
      vertex -44 35.6704 20.9411
    endloop
  endfacet
  facet normal -0.777471 0.579219 0.245038
    outer loop
      vertex -44 35.4063 21.5652
      vertex -45.2444 34 20.9411
      vertex -45.0477 34 21.5652
    endloop
  endfacet
  facet normal -0.797504 -0.594116 -0.104942
    outer loop
      vertex -44 8.13196 17.7404
      vertex -45.386 10 17.6976
      vertex -44 8.13952 17.6976
    endloop
  endfacet
  facet normal -0.797488 -0.594108 -0.105111
    outer loop
      vertex -45.386 10 17.6976
      vertex -44 8.13196 17.7404
      vertex -45.4715 10 18.3463
    endloop
  endfacet
  facet normal -0.761033 -0.566968 -0.31524
    outer loop
      vertex -44 8.71362 16.2192
      vertex -45.0477 10 16.4349
      vertex -44.7973 10 15.8304
    endloop
  endfacet
  facet normal -0.761037 -0.566976 -0.315215
    outer loop
      vertex -45.0477 10 16.4349
      vertex -44 8.71362 16.2192
      vertex -44 8.5937 16.4349
    endloop
  endfacet
  facet normal -0.679562 -0.516192 0.521288
    outer loop
      vertex -44 10 23.489
      vertex -44.1436 10 23.3018
      vertex -44 9.78621 23.2773
    endloop
  endfacet
  facet normal -0.76103 -0.566968 0.315245
    outer loop
      vertex -44 8.9298 22.1696
      vertex -44.7973 10 22.1696
      vertex -44 8.71362 21.7808
    endloop
  endfacet
  facet normal 0 1 -0
    outer loop
      vertex -44 36 18.7712
      vertex -44.01 36 19
      vertex -44 36 19.2288
    endloop
  endfacet
  facet normal -0.740037 0.551328 0.385204
    outer loop
      vertex -44 35.0702 22.1696
      vertex -44.7973 34 22.1696
      vertex -44 34.8898 22.4278
    endloop
  endfacet
  facet normal -0.797577 0.594164 -0.104117
    outer loop
      vertex -45.386 34 17.6976
      vertex -44 35.868 17.7404
      vertex -44 35.8605 17.6976
    endloop
  endfacet
  facet normal -0.797482 0.594116 -0.10511
    outer loop
      vertex -44 35.868 17.7404
      vertex -45.386 34 17.6976
      vertex -45.4715 34 18.3463
    endloop
  endfacet
  facet normal -0.793443 0 0.608645
    outer loop
      vertex -44.1436 10 23.3018
      vertex -44 34 23.489
      vertex -44.1436 34 23.3018
    endloop
  endfacet
  facet normal -0.793443 0 0.608645
    outer loop
      vertex -44 34 23.489
      vertex -44.1436 10 23.3018
      vertex -44 10 23.489
    endloop
  endfacet
  facet normal -0.991426 0 -0.130672
    outer loop
      vertex -45.386 10 17.6976
      vertex -45.4715 34 18.3463
      vertex -45.386 34 17.6976
    endloop
  endfacet
  facet normal -0.991426 -0 -0.130672
    outer loop
      vertex -45.4715 34 18.3463
      vertex -45.386 10 17.6976
      vertex -45.4715 10 18.3463
    endloop
  endfacet
  facet normal -0.801418 -0.59708 -0.0350041
    outer loop
      vertex -44 8 18.7712
      vertex -45.4715 10 18.3463
      vertex -44 8.02491 18.3463
    endloop
  endfacet
  facet normal -0.801426 -0.597072 -0.0349406
    outer loop
      vertex -45.4715 10 18.3463
      vertex -44 8 18.7712
      vertex -45.5 10 19
    endloop
  endfacet
  facet normal -0.801428 -0.597064 -0.0350275
    outer loop
      vertex -45.5 10 19
      vertex -44 8 18.7712
      vertex -44.01 8 19
    endloop
  endfacet
  facet normal -0.740031 -0.551347 0.385189
    outer loop
      vertex -44.7973 10 22.1696
      vertex -44 9.33533 22.75
      vertex -44.4952 10 22.75
    endloop
  endfacet
  facet normal -0.740033 -0.551329 0.385211
    outer loop
      vertex -44 9.33533 22.75
      vertex -44.7973 10 22.1696
      vertex -44 9.11021 22.4278
    endloop
  endfacet
  facet normal -0.714138 -0.531926 0.45504
    outer loop
      vertex -44.4952 10 22.75
      vertex -44 9.74767 23.2322
      vertex -44.1436 10 23.3018
    endloop
  endfacet
  facet normal -0.714111 -0.532035 0.454955
    outer loop
      vertex -44 9.74767 23.2322
      vertex -44.4952 10 22.75
      vertex -44 9.33533 22.75
    endloop
  endfacet
  facet normal -0.887034 0 0.461704
    outer loop
      vertex -44.7973 10 22.1696
      vertex -44.4952 34 22.75
      vertex -44.7973 34 22.1696
    endloop
  endfacet
  facet normal -0.887034 0 0.461704
    outer loop
      vertex -44.4952 34 22.75
      vertex -44.7973 10 22.1696
      vertex -44.4952 10 22.75
    endloop
  endfacet
  facet normal -0.740037 0.551328 -0.385204
    outer loop
      vertex -44 34.8898 15.5722
      vertex -44.7973 34 15.8304
      vertex -44 35.0702 15.8304
    endloop
  endfacet
  facet normal -0.714114 0.531972 -0.455024
    outer loop
      vertex -44.4952 34 15.25
      vertex -44 34.2523 14.7678
      vertex -44.1436 34 14.6982
    endloop
  endfacet
  facet normal -0.714105 0.532007 -0.454997
    outer loop
      vertex -44 34.2523 14.7678
      vertex -44.4952 34 15.25
      vertex -44 34.6647 15.25
    endloop
  endfacet
  facet normal -0.777463 0.579214 -0.245075
    outer loop
      vertex -45.2444 34 17.0589
      vertex -44 35.4063 16.4349
      vertex -45.0477 34 16.4349
    endloop
  endfacet
  facet normal -0.777464 0.579188 -0.245134
    outer loop
      vertex -44 35.4063 16.4349
      vertex -45.2444 34 17.0589
      vertex -44 35.6704 17.0589
    endloop
  endfacet
  facet normal -0.887034 0 -0.461704
    outer loop
      vertex -44.4952 10 15.25
      vertex -44.7973 34 15.8304
      vertex -44.4952 34 15.25
    endloop
  endfacet
  facet normal -0.887034 -0 -0.461704
    outer loop
      vertex -44.7973 34 15.8304
      vertex -44.4952 10 15.25
      vertex -44.7973 10 15.8304
    endloop
  endfacet
  facet normal -0.843347 0 -0.53737
    outer loop
      vertex -44.1436 10 14.6982
      vertex -44.4952 34 15.25
      vertex -44.1436 34 14.6982
    endloop
  endfacet
  facet normal -0.843347 -0 -0.53737
    outer loop
      vertex -44.4952 34 15.25
      vertex -44.1436 10 14.6982
      vertex -44.4952 10 15.25
    endloop
  endfacet
  facet normal -0.991426 0 0.130672
    outer loop
      vertex -45.4715 10 19.6537
      vertex -45.386 34 20.3024
      vertex -45.4715 34 19.6537
    endloop
  endfacet
  facet normal -0.991426 0 0.130672
    outer loop
      vertex -45.386 34 20.3024
      vertex -45.4715 10 19.6537
      vertex -45.386 10 20.3024
    endloop
  endfacet
  facet normal -0.761024 0.566963 -0.315271
    outer loop
      vertex -44 35.0702 15.8304
      vertex -44.7973 34 15.8304
      vertex -44 35.2864 16.2192
    endloop
  endfacet
  facet normal -0.740031 -0.551347 -0.385189
    outer loop
      vertex -44 9.33533 15.25
      vertex -44.7973 10 15.8304
      vertex -44.4952 10 15.25
    endloop
  endfacet
  facet normal -0.740033 -0.551329 -0.385211
    outer loop
      vertex -44.7973 10 15.8304
      vertex -44 9.33533 15.25
      vertex -44 9.11021 15.5722
    endloop
  endfacet
  facet normal -0.789549 -0.588195 0.175043
    outer loop
      vertex -45.386 10 20.3024
      vertex -44 8.32961 20.9411
      vertex -45.2444 10 20.9411
    endloop
  endfacet
  facet normal -0.789549 -0.58819 0.175057
    outer loop
      vertex -44 8.32961 20.9411
      vertex -45.386 10 20.3024
      vertex -44 8.13952 20.3024
    endloop
  endfacet
  facet normal -0.797479 -0.594145 0.104973
    outer loop
      vertex -44 8.13196 20.2596
      vertex -45.4715 10 19.6537
      vertex -44 8.02491 19.6537
    endloop
  endfacet
  facet normal -0.714621 0.532024 0.454167
    outer loop
      vertex -44 34.2523 23.2322
      vertex -44.1436 34 23.3018
      vertex -44 34.2138 23.2773
    endloop
  endfacet
  facet normal -0.740042 0.551329 -0.385194
    outer loop
      vertex -44.7973 34 15.8304
      vertex -44 34.6647 15.25
      vertex -44.4952 34 15.25
    endloop
  endfacet
  facet normal -0.740041 0.551338 -0.385183
    outer loop
      vertex -44 34.6647 15.25
      vertex -44.7973 34 15.8304
      vertex -44 34.8898 15.5722
    endloop
  endfacet
  facet normal -0.76103 -0.566968 -0.315245
    outer loop
      vertex -44 8.71362 16.2192
      vertex -44.7973 10 15.8304
      vertex -44 8.9298 15.8304
    endloop
  endfacet
  facet normal -0.923875 0 -0.382694
    outer loop
      vertex -44.7973 10 15.8304
      vertex -45.0477 34 16.4349
      vertex -44.7973 34 15.8304
    endloop
  endfacet
  facet normal -0.923875 -0 -0.382694
    outer loop
      vertex -45.0477 34 16.4349
      vertex -44.7973 10 15.8304
      vertex -45.0477 10 16.4349
    endloop
  endfacet
  facet normal -0.999051 0 0.0435566
    outer loop
      vertex -45.5 10 19
      vertex -45.4715 34 19.6537
      vertex -45.5 34 19
    endloop
  endfacet
  facet normal -0.999051 0 0.0435566
    outer loop
      vertex -45.4715 34 19.6537
      vertex -45.5 10 19
      vertex -45.4715 10 19.6537
    endloop
  endfacet
  facet normal -0.761024 0.566963 0.315271
    outer loop
      vertex -44 35.2864 21.7808
      vertex -44.7973 34 22.1696
      vertex -44 35.0702 22.1696
    endloop
  endfacet
  facet normal -0.797488 -0.594108 0.105111
    outer loop
      vertex -44 8.13196 20.2596
      vertex -45.386 10 20.3024
      vertex -45.4715 10 19.6537
    endloop
  endfacet
  facet normal -0.797504 -0.594116 0.104942
    outer loop
      vertex -45.386 10 20.3024
      vertex -44 8.13196 20.2596
      vertex -44 8.13952 20.3024
    endloop
  endfacet
  facet normal -0.761036 0.566962 -0.315242
    outer loop
      vertex -45.0477 34 16.4349
      vertex -44 35.2864 16.2192
      vertex -44.7973 34 15.8304
    endloop
  endfacet
  facet normal -0.76105 0.566986 -0.315167
    outer loop
      vertex -44 35.2864 16.2192
      vertex -45.0477 34 16.4349
      vertex -44 35.4063 16.4349
    endloop
  endfacet
  facet normal -0.843347 0 0.53737
    outer loop
      vertex -44.4952 10 22.75
      vertex -44.1436 34 23.3018
      vertex -44.4952 34 22.75
    endloop
  endfacet
  facet normal -0.843347 0 0.53737
    outer loop
      vertex -44.1436 34 23.3018
      vertex -44.4952 10 22.75
      vertex -44.1436 10 23.3018
    endloop
  endfacet
  facet normal -0.976295 0 -0.216445
    outer loop
      vertex -45.2444 10 17.0589
      vertex -45.386 34 17.6976
      vertex -45.2444 34 17.0589
    endloop
  endfacet
  facet normal -0.976295 -0 -0.216445
    outer loop
      vertex -45.386 34 17.6976
      vertex -45.2444 10 17.0589
      vertex -45.386 10 17.6976
    endloop
  endfacet
  facet normal -0.789551 0.588185 0.175065
    outer loop
      vertex -45.386 34 20.3024
      vertex -44 35.6704 20.9411
      vertex -44 35.8605 20.3024
    endloop
  endfacet
  facet normal -0.78955 0.588192 0.175044
    outer loop
      vertex -44 35.6704 20.9411
      vertex -45.386 34 20.3024
      vertex -45.2444 34 20.9411
    endloop
  endfacet
  facet normal -0.777463 -0.579214 -0.245075
    outer loop
      vertex -44 8.5937 16.4349
      vertex -45.2444 10 17.0589
      vertex -45.0477 10 16.4349
    endloop
  endfacet
  facet normal -0.777464 -0.579192 -0.245126
    outer loop
      vertex -45.2444 10 17.0589
      vertex -44 8.5937 16.4349
      vertex -44 8.32961 17.0589
    endloop
  endfacet
  facet normal -0.797476 0.59414 -0.105021
    outer loop
      vertex -44 35.868 17.7404
      vertex -45.4715 34 18.3463
      vertex -44 35.9751 18.3463
    endloop
  endfacet
  facet normal -0.999051 0 -0.0435566
    outer loop
      vertex -45.4715 10 18.3463
      vertex -45.5 34 19
      vertex -45.4715 34 18.3463
    endloop
  endfacet
  facet normal -0.999051 -0 -0.0435566
    outer loop
      vertex -45.5 34 19
      vertex -45.4715 10 18.3463
      vertex -45.5 10 19
    endloop
  endfacet
  facet normal -0.740031 -0.551324 -0.385222
    outer loop
      vertex -44 8.9298 15.8304
      vertex -44.7973 10 15.8304
      vertex -44 9.11021 15.5722
    endloop
  endfacet
  facet normal -0.714138 -0.531926 -0.45504
    outer loop
      vertex -44 9.74767 14.7678
      vertex -44.4952 10 15.25
      vertex -44.1436 10 14.6982
    endloop
  endfacet
  facet normal -0.714111 -0.532035 -0.454955
    outer loop
      vertex -44.4952 10 15.25
      vertex -44 9.74767 14.7678
      vertex -44 9.33533 15.25
    endloop
  endfacet
  facet normal -0.801426 -0.597072 0.0349406
    outer loop
      vertex -44 8 19.2288
      vertex -45.4715 10 19.6537
      vertex -45.5 10 19
    endloop
  endfacet
  facet normal -0.801428 -0.597064 0.0350275
    outer loop
      vertex -44 8 19.2288
      vertex -45.5 10 19
      vertex -44.01 8 19
    endloop
  endfacet
  facet normal -0.801418 -0.59708 0.0350041
    outer loop
      vertex -45.4715 10 19.6537
      vertex -44 8 19.2288
      vertex -44 8.02491 19.6537
    endloop
  endfacet
  facet normal -0.801428 0.597064 0.0350275
    outer loop
      vertex -45.5 34 19
      vertex -44 36 19.2288
      vertex -44.01 36 19
    endloop
  endfacet
  facet normal -0.801426 0.597072 0.0349406
    outer loop
      vertex -45.4715 34 19.6537
      vertex -44 36 19.2288
      vertex -45.5 34 19
    endloop
  endfacet
  facet normal -0.80142 0.597078 0.03499
    outer loop
      vertex -44 36 19.2288
      vertex -45.4715 34 19.6537
      vertex -44 35.9751 19.6537
    endloop
  endfacet
  facet normal -0.761015 0.56696 0.315299
    outer loop
      vertex -45.0477 34 21.5652
      vertex -44 35.2864 21.7808
      vertex -44 35.4063 21.5652
    endloop
  endfacet
  facet normal -0.761017 0.566964 0.315286
    outer loop
      vertex -44 35.2864 21.7808
      vertex -45.0477 34 21.5652
      vertex -44.7973 34 22.1696
    endloop
  endfacet
  facet normal -0.679571 0.516174 0.521295
    outer loop
      vertex -44 34.2138 23.2773
      vertex -44.1436 34 23.3018
      vertex -44 34 23.489
    endloop
  endfacet
  facet normal -0.71441 -0.531954 -0.454579
    outer loop
      vertex -44 9.74767 14.7678
      vertex -44.1436 10 14.6982
      vertex -44 9.78621 14.7227
    endloop
  endfacet
  facet normal -0.953737 0 -0.300641
    outer loop
      vertex -45.0477 10 16.4349
      vertex -45.2444 34 17.0589
      vertex -45.0477 34 16.4349
    endloop
  endfacet
  facet normal -0.953737 -0 -0.300641
    outer loop
      vertex -45.2444 34 17.0589
      vertex -45.0477 10 16.4349
      vertex -45.2444 10 17.0589
    endloop
  endfacet
  facet normal -0.797476 0.59414 0.105021
    outer loop
      vertex -44 35.9751 19.6537
      vertex -45.4715 34 19.6537
      vertex -44 35.868 20.2596
    endloop
  endfacet
  facet normal -0.797482 0.594116 0.10511
    outer loop
      vertex -45.386 34 20.3024
      vertex -44 35.868 20.2596
      vertex -45.4715 34 19.6537
    endloop
  endfacet
  facet normal -0.797577 0.594164 0.104117
    outer loop
      vertex -44 35.868 20.2596
      vertex -45.386 34 20.3024
      vertex -44 35.8605 20.3024
    endloop
  endfacet
  facet normal -0.78955 0.588192 -0.175044
    outer loop
      vertex -45.386 34 17.6976
      vertex -44 35.6704 17.0589
      vertex -45.2444 34 17.0589
    endloop
  endfacet
  facet normal -0.789551 0.588185 -0.175065
    outer loop
      vertex -44 35.6704 17.0589
      vertex -45.386 34 17.6976
      vertex -44 35.8605 17.6976
    endloop
  endfacet
  facet normal -0.976295 0 0.216445
    outer loop
      vertex -45.386 10 20.3024
      vertex -45.2444 34 20.9411
      vertex -45.386 34 20.3024
    endloop
  endfacet
  facet normal -0.976295 0 0.216445
    outer loop
      vertex -45.2444 34 20.9411
      vertex -45.386 10 20.3024
      vertex -45.2444 10 20.9411
    endloop
  endfacet
  facet normal -0.953751 0 0.300597
    outer loop
      vertex -45.2444 10 20.9411
      vertex -45.0477 34 21.5652
      vertex -45.2444 34 20.9411
    endloop
  endfacet
  facet normal -0.953751 0 0.300597
    outer loop
      vertex -45.0477 34 21.5652
      vertex -45.2444 10 20.9411
      vertex -45.0477 10 21.5652
    endloop
  endfacet
  facet normal -0.80142 0.597078 -0.03499
    outer loop
      vertex -45.4715 34 18.3463
      vertex -44 36 18.7712
      vertex -44 35.9751 18.3463
    endloop
  endfacet
  facet normal -0.801426 0.597072 -0.0349406
    outer loop
      vertex -44 36 18.7712
      vertex -45.4715 34 18.3463
      vertex -45.5 34 19
    endloop
  endfacet
  facet normal -0.801428 0.597064 -0.0350275
    outer loop
      vertex -44 36 18.7712
      vertex -45.5 34 19
      vertex -44.01 36 19
    endloop
  endfacet
  facet normal 0.679571 0.516174 0.521295
    outer loop
      vertex 44 34.2138 12.7773
      vertex 44 34 12.989
      vertex 44.1436 34 12.8018
    endloop
  endfacet
  facet normal 0.999051 -0 0.0435586
    outer loop
      vertex 45.4715 10 9.15367
      vertex 45.5 34 8.5
      vertex 45.4715 34 9.15367
    endloop
  endfacet
  facet normal 0.999051 0 0.0435586
    outer loop
      vertex 45.5 34 8.5
      vertex 45.4715 10 9.15367
      vertex 45.5 10 8.5
    endloop
  endfacet
  facet normal 0.797479 -0.594145 0.104973
    outer loop
      vertex 45.4715 10 9.15367
      vertex 44 8.13196 9.75957
      vertex 44 8.02491 9.15367
    endloop
  endfacet
  facet normal 0.843356 0 -0.537356
    outer loop
      vertex 44.4952 10 4.75
      vertex 44.1436 34 4.19818
      vertex 44.4952 34 4.75
    endloop
  endfacet
  facet normal 0.843356 0 -0.537356
    outer loop
      vertex 44.1436 34 4.19818
      vertex 44.4952 10 4.75
      vertex 44.1436 10 4.19818
    endloop
  endfacet
  facet normal 0.740031 -0.551347 0.385189
    outer loop
      vertex 44 9.33533 12.25
      vertex 44.7973 10 11.6696
      vertex 44.4952 10 12.25
    endloop
  endfacet
  facet normal 0.740033 -0.551329 0.385211
    outer loop
      vertex 44.7973 10 11.6696
      vertex 44 9.33533 12.25
      vertex 44 9.11021 11.9278
    endloop
  endfacet
  facet normal 0.843347 -0 0.53737
    outer loop
      vertex 44.1436 10 12.8018
      vertex 44.4952 34 12.25
      vertex 44.1436 34 12.8018
    endloop
  endfacet
  facet normal 0.843347 0 0.53737
    outer loop
      vertex 44.4952 34 12.25
      vertex 44.1436 10 12.8018
      vertex 44.4952 10 12.25
    endloop
  endfacet
  facet normal 0.740037 0.551328 0.385204
    outer loop
      vertex 44 35.0702 11.6696
      vertex 44 34.8898 11.9278
      vertex 44.7973 34 11.6696
    endloop
  endfacet
  facet normal 0.714114 0.531972 0.455024
    outer loop
      vertex 44.4952 34 12.25
      vertex 44 34.2523 12.7322
      vertex 44.1436 34 12.8018
    endloop
  endfacet
  facet normal 0.714105 0.532007 0.454997
    outer loop
      vertex 44 34.2523 12.7322
      vertex 44.4952 34 12.25
      vertex 44 34.6647 12.25
    endloop
  endfacet
  facet normal 0.801418 -0.59708 0.0350099
    outer loop
      vertex 44 8 8.72884
      vertex 45.4715 10 9.15367
      vertex 44 8.02491 9.15367
    endloop
  endfacet
  facet normal 0.801426 -0.597072 0.0349422
    outer loop
      vertex 45.4715 10 9.15367
      vertex 44 8 8.72884
      vertex 45.5 10 8.5
    endloop
  endfacet
  facet normal 0.801429 -0.597064 0.0350213
    outer loop
      vertex 45.5 10 8.5
      vertex 44 8 8.72884
      vertex 44.01 8 8.5
    endloop
  endfacet
  facet normal 0.761024 0.566963 -0.315271
    outer loop
      vertex 44 35.0702 5.33037
      vertex 44 35.2864 5.71917
      vertex 44.7973 34 5.33037
    endloop
  endfacet
  facet normal 0.76103 -0.566968 -0.315245
    outer loop
      vertex 44.7973 10 5.33037
      vertex 44 8.71362 5.71917
      vertex 44 8.9298 5.33037
    endloop
  endfacet
  facet normal 0 1 0
    outer loop
      vertex 44 36 8.27117
      vertex 44 36 8.72884
      vertex 44.01 36 8.5
    endloop
  endfacet
  facet normal 0.71441 -0.531954 0.454579
    outer loop
      vertex 44.1436 10 12.8018
      vertex 44 9.78621 12.7773
      vertex 44 9.74767 12.7322
    endloop
  endfacet
  facet normal 0.777464 -0.579214 -0.245072
    outer loop
      vertex 45.2444 10 6.55887
      vertex 44 8.5937 5.93486
      vertex 45.0477 10 5.93486
    endloop
  endfacet
  facet normal 0.777465 -0.579192 -0.245122
    outer loop
      vertex 44 8.5937 5.93486
      vertex 45.2444 10 6.55887
      vertex 44 8.32961 6.55887
    endloop
  endfacet
  facet normal 0.887024 0 -0.461723
    outer loop
      vertex 44.7973 10 5.33037
      vertex 44.4952 34 4.75
      vertex 44.7973 34 5.33037
    endloop
  endfacet
  facet normal 0.887024 0 -0.461723
    outer loop
      vertex 44.4952 34 4.75
      vertex 44.7973 10 5.33037
      vertex 44.4952 10 4.75
    endloop
  endfacet
  facet normal 0.797504 -0.594116 0.104942
    outer loop
      vertex 44 8.13196 9.75957
      vertex 45.386 10 9.80237
      vertex 44 8.13952 9.80237
    endloop
  endfacet
  facet normal 0.797488 -0.594108 0.105111
    outer loop
      vertex 45.386 10 9.80237
      vertex 44 8.13196 9.75957
      vertex 45.4715 10 9.15367
    endloop
  endfacet
  facet normal 0.714621 0.532024 0.454167
    outer loop
      vertex 44 34.2523 12.7322
      vertex 44 34.2138 12.7773
      vertex 44.1436 34 12.8018
    endloop
  endfacet
  facet normal 0.714138 -0.531926 0.45504
    outer loop
      vertex 44 9.74767 12.7322
      vertex 44.4952 10 12.25
      vertex 44.1436 10 12.8018
    endloop
  endfacet
  facet normal 0.714111 -0.532035 0.454955
    outer loop
      vertex 44.4952 10 12.25
      vertex 44 9.74767 12.7322
      vertex 44 9.33533 12.25
    endloop
  endfacet
  facet normal 0.679562 -0.516192 0.521288
    outer loop
      vertex 44.1436 10 12.8018
      vertex 44 10 12.989
      vertex 44 9.78621 12.7773
    endloop
  endfacet
  facet normal 0.991425 0 -0.130674
    outer loop
      vertex 45.4715 10 7.84634
      vertex 45.386 34 7.19765
      vertex 45.4715 34 7.84634
    endloop
  endfacet
  facet normal 0.991425 0 -0.130674
    outer loop
      vertex 45.386 34 7.19765
      vertex 45.4715 10 7.84634
      vertex 45.386 10 7.19765
    endloop
  endfacet
  facet normal 0.714153 -0.531955 -0.454983
    outer loop
      vertex 44.1436 10 4.19818
      vertex 44 9.74767 4.2678
      vertex 44 9.78621 4.22274
    endloop
  endfacet
  facet normal 0.761031 -0.566968 -0.315244
    outer loop
      vertex 45.0477 10 5.93486
      vertex 44 8.71362 5.71917
      vertex 44.7973 10 5.33037
    endloop
  endfacet
  facet normal 0.761034 -0.566974 -0.315228
    outer loop
      vertex 44 8.71362 5.71917
      vertex 45.0477 10 5.93486
      vertex 44 8.5937 5.93486
    endloop
  endfacet
  facet normal 0.679489 -0.516289 -0.521288
    outer loop
      vertex 44.1436 10 4.19818
      vertex 44 9.78621 4.22274
      vertex 44 10 4.011
    endloop
  endfacet
  facet normal 0.801426 -0.597072 -0.0349427
    outer loop
      vertex 44 8 8.27117
      vertex 45.4715 10 7.84634
      vertex 45.5 10 8.5
    endloop
  endfacet
  facet normal 0.801429 -0.597064 -0.0350229
    outer loop
      vertex 44 8 8.27117
      vertex 45.5 10 8.5
      vertex 44.01 8 8.5
    endloop
  endfacet
  facet normal 0.801418 -0.59708 -0.0350099
    outer loop
      vertex 45.4715 10 7.84634
      vertex 44 8 8.27117
      vertex 44 8.02491 7.84634
    endloop
  endfacet
  facet normal 0.714131 -0.531953 -0.455019
    outer loop
      vertex 44.4952 10 4.75
      vertex 44 9.74767 4.2678
      vertex 44.1436 10 4.19818
    endloop
  endfacet
  facet normal 0.714111 -0.532035 -0.454955
    outer loop
      vertex 44 9.74767 4.2678
      vertex 44.4952 10 4.75
      vertex 44 9.33533 4.75
    endloop
  endfacet
  facet normal 0.78955 -0.588195 0.175035
    outer loop
      vertex 44 8.32961 10.4411
      vertex 45.386 10 9.80237
      vertex 45.2444 10 10.4411
    endloop
  endfacet
  facet normal 0.78955 -0.588191 0.175049
    outer loop
      vertex 45.386 10 9.80237
      vertex 44 8.32961 10.4411
      vertex 44 8.13952 9.80237
    endloop
  endfacet
  facet normal 0.761024 0.566963 0.315271
    outer loop
      vertex 44 35.2864 11.2808
      vertex 44 35.0702 11.6696
      vertex 44.7973 34 11.6696
    endloop
  endfacet
  facet normal 0.740031 -0.551324 0.385222
    outer loop
      vertex 44.7973 10 11.6696
      vertex 44 9.11021 11.9278
      vertex 44 8.9298 11.6696
    endloop
  endfacet
  facet normal 0.76103 -0.566968 0.315245
    outer loop
      vertex 44.7973 10 11.6696
      vertex 44 8.9298 11.6696
      vertex 44 8.71362 11.2808
    endloop
  endfacet
  facet normal 0.976297 -0 0.216435
    outer loop
      vertex 45.2444 10 10.4411
      vertex 45.386 34 9.80237
      vertex 45.2444 34 10.4411
    endloop
  endfacet
  facet normal 0.976297 0 0.216435
    outer loop
      vertex 45.386 34 9.80237
      vertex 45.2444 10 10.4411
      vertex 45.386 10 9.80237
    endloop
  endfacet
  facet normal 0.740026 -0.551342 -0.385206
    outer loop
      vertex 44.7973 10 5.33037
      vertex 44 9.33533 4.75
      vertex 44.4952 10 4.75
    endloop
  endfacet
  facet normal 0.740028 -0.551316 -0.385239
    outer loop
      vertex 44 9.33533 4.75
      vertex 44.7973 10 5.33037
      vertex 44 9.11021 5.07217
    endloop
  endfacet
  facet normal 0.740031 -0.551324 -0.385222
    outer loop
      vertex 44.7973 10 5.33037
      vertex 44 8.9298 5.33037
      vertex 44 9.11021 5.07217
    endloop
  endfacet
  facet normal 0.777465 0.579189 -0.24513
    outer loop
      vertex 45.2444 34 6.55887
      vertex 44 35.4063 5.93486
      vertex 44 35.6704 6.55887
    endloop
  endfacet
  facet normal 0.777464 0.579214 -0.245072
    outer loop
      vertex 44 35.4063 5.93486
      vertex 45.2444 34 6.55887
      vertex 45.0477 34 5.93486
    endloop
  endfacet
  facet normal 0.797488 -0.594108 -0.105112
    outer loop
      vertex 44 8.13196 7.24045
      vertex 45.386 10 7.19765
      vertex 45.4715 10 7.84634
    endloop
  endfacet
  facet normal 0.797504 -0.594116 -0.104942
    outer loop
      vertex 45.386 10 7.19765
      vertex 44 8.13196 7.24045
      vertex 44 8.13952 7.19765
    endloop
  endfacet
  facet normal 0.740042 0.551329 0.385194
    outer loop
      vertex 44.7973 34 11.6696
      vertex 44 34.6647 12.25
      vertex 44.4952 34 12.25
    endloop
  endfacet
  facet normal 0.740041 0.551338 0.385183
    outer loop
      vertex 44 34.6647 12.25
      vertex 44.7973 34 11.6696
      vertex 44 34.8898 11.9278
    endloop
  endfacet
  facet normal 0.761013 -0.56697 0.315284
    outer loop
      vertex 44 8.71362 11.2808
      vertex 45.0477 10 11.0652
      vertex 44.7973 10 11.6696
    endloop
  endfacet
  facet normal 0.761002 -0.56695 0.315346
    outer loop
      vertex 45.0477 10 11.0652
      vertex 44 8.71362 11.2808
      vertex 44 8.5937 11.0652
    endloop
  endfacet
  facet normal 0.923853 -0 0.382748
    outer loop
      vertex 44.7973 10 11.6696
      vertex 45.0477 34 11.0652
      vertex 44.7973 34 11.6696
    endloop
  endfacet
  facet normal 0.923853 0 0.382748
    outer loop
      vertex 45.0477 34 11.0652
      vertex 44.7973 10 11.6696
      vertex 45.0477 10 11.0652
    endloop
  endfacet
  facet normal 0.789554 0.588187 -0.175044
    outer loop
      vertex 45.386 34 7.19765
      vertex 44 35.6704 6.55887
      vertex 44 35.8605 7.19765
    endloop
  endfacet
  facet normal 0.789553 0.588195 -0.175022
    outer loop
      vertex 44 35.6704 6.55887
      vertex 45.386 34 7.19765
      vertex 45.2444 34 6.55887
    endloop
  endfacet
  facet normal 0.793443 -0 0.608645
    outer loop
      vertex 44 10 12.989
      vertex 44.1436 34 12.8018
      vertex 44 34 12.989
    endloop
  endfacet
  facet normal 0.793443 0 0.608645
    outer loop
      vertex 44.1436 34 12.8018
      vertex 44 10 12.989
      vertex 44.1436 10 12.8018
    endloop
  endfacet
  facet normal 0.976301 0 -0.216419
    outer loop
      vertex 45.386 10 7.19765
      vertex 45.2444 34 6.55887
      vertex 45.386 34 7.19765
    endloop
  endfacet
  facet normal 0.976301 0 -0.216419
    outer loop
      vertex 45.2444 34 6.55887
      vertex 45.386 10 7.19765
      vertex 45.2444 10 6.55887
    endloop
  endfacet
  facet normal -0 -1 0
    outer loop
      vertex 44.01 8 8.5
      vertex 44 8 8.72884
      vertex 44 8 8.27117
    endloop
  endfacet
  facet normal 0.714364 0.532025 -0.454571
    outer loop
      vertex 44 34.2138 4.22274
      vertex 44 34.2523 4.2678
      vertex 44.1436 34 4.19818
    endloop
  endfacet
  facet normal 0.714105 0.532007 -0.454997
    outer loop
      vertex 44.4952 34 4.75
      vertex 44 34.2523 4.2678
      vertex 44 34.6647 4.75
    endloop
  endfacet
  facet normal 0.714107 0.531998 -0.455004
    outer loop
      vertex 44 34.2523 4.2678
      vertex 44.4952 34 4.75
      vertex 44.1436 34 4.19818
    endloop
  endfacet
  facet normal 0.777471 -0.579219 0.245038
    outer loop
      vertex 44 8.5937 11.0652
      vertex 45.2444 10 10.4411
      vertex 45.0477 10 11.0652
    endloop
  endfacet
  facet normal 0.777471 -0.579197 0.245089
    outer loop
      vertex 45.2444 10 10.4411
      vertex 44 8.5937 11.0652
      vertex 44 8.32961 10.4411
    endloop
  endfacet
  facet normal 0.953751 -0 0.300597
    outer loop
      vertex 45.0477 10 11.0652
      vertex 45.2444 34 10.4411
      vertex 45.0477 34 11.0652
    endloop
  endfacet
  facet normal 0.953751 0 0.300597
    outer loop
      vertex 45.2444 34 10.4411
      vertex 45.0477 10 11.0652
      vertex 45.2444 10 10.4411
    endloop
  endfacet
  facet normal 0.923873 0 -0.382699
    outer loop
      vertex 45.0477 10 5.93486
      vertex 44.7973 34 5.33037
      vertex 45.0477 34 5.93486
    endloop
  endfacet
  facet normal 0.923873 0 -0.382699
    outer loop
      vertex 44.7973 34 5.33037
      vertex 45.0477 10 5.93486
      vertex 44.7973 10 5.33037
    endloop
  endfacet
  facet normal 0.797482 0.594116 -0.105111
    outer loop
      vertex 45.386 34 7.19765
      vertex 44 35.868 7.24045
      vertex 45.4715 34 7.84634
    endloop
  endfacet
  facet normal 0.797577 0.594164 -0.104117
    outer loop
      vertex 44 35.868 7.24045
      vertex 45.386 34 7.19765
      vertex 44 35.8605 7.19765
    endloop
  endfacet
  facet normal 0.887034 -0 0.461704
    outer loop
      vertex 44.4952 10 12.25
      vertex 44.7973 34 11.6696
      vertex 44.4952 34 12.25
    endloop
  endfacet
  facet normal 0.887034 0 0.461704
    outer loop
      vertex 44.7973 34 11.6696
      vertex 44.4952 10 12.25
      vertex 44.7973 10 11.6696
    endloop
  endfacet
  facet normal 0.797479 -0.594145 -0.104975
    outer loop
      vertex 45.4715 10 7.84634
      vertex 44 8.02491 7.84634
      vertex 44 8.13196 7.24045
    endloop
  endfacet
  facet normal 0.789551 0.588193 0.175036
    outer loop
      vertex 45.386 34 9.80237
      vertex 44 35.6704 10.4411
      vertex 45.2444 34 10.4411
    endloop
  endfacet
  facet normal 0.789552 0.588186 0.175057
    outer loop
      vertex 44 35.6704 10.4411
      vertex 45.386 34 9.80237
      vertex 44 35.8605 9.80237
    endloop
  endfacet
  facet normal 0.761017 0.566964 0.315286
    outer loop
      vertex 45.0477 34 11.0652
      vertex 44 35.2864 11.2808
      vertex 44.7973 34 11.6696
    endloop
  endfacet
  facet normal 0.761015 0.56696 0.315299
    outer loop
      vertex 44 35.2864 11.2808
      vertex 45.0477 34 11.0652
      vertex 44 35.4063 11.0652
    endloop
  endfacet
  facet normal 0.777471 0.579219 0.245038
    outer loop
      vertex 45.2444 34 10.4411
      vertex 44 35.4063 11.0652
      vertex 45.0477 34 11.0652
    endloop
  endfacet
  facet normal 0.777471 0.579194 0.245097
    outer loop
      vertex 44 35.4063 11.0652
      vertex 45.2444 34 10.4411
      vertex 44 35.6704 10.4411
    endloop
  endfacet
  facet normal 0.797577 0.594164 0.104117
    outer loop
      vertex 45.386 34 9.80237
      vertex 44 35.868 9.75957
      vertex 44 35.8605 9.80237
    endloop
  endfacet
  facet normal 0.797482 0.594116 0.10511
    outer loop
      vertex 44 35.868 9.75957
      vertex 45.386 34 9.80237
      vertex 45.4715 34 9.15367
    endloop
  endfacet
  facet normal 0.991426 -0 0.130672
    outer loop
      vertex 45.386 10 9.80237
      vertex 45.4715 34 9.15367
      vertex 45.386 34 9.80237
    endloop
  endfacet
  facet normal 0.991426 0 0.130672
    outer loop
      vertex 45.4715 34 9.15367
      vertex 45.386 10 9.80237
      vertex 45.4715 10 9.15367
    endloop
  endfacet
  facet normal 0.953739 0 -0.300637
    outer loop
      vertex 45.2444 10 6.55887
      vertex 45.0477 34 5.93486
      vertex 45.2444 34 6.55887
    endloop
  endfacet
  facet normal 0.953739 0 -0.300637
    outer loop
      vertex 45.0477 34 5.93486
      vertex 45.2444 10 6.55887
      vertex 45.0477 10 5.93486
    endloop
  endfacet
  facet normal 0.801429 0.597064 -0.0350229
    outer loop
      vertex 45.5 34 8.5
      vertex 44 36 8.27117
      vertex 44.01 36 8.5
    endloop
  endfacet
  facet normal 0.801426 0.597072 -0.0349427
    outer loop
      vertex 45.4715 34 7.84634
      vertex 44 36 8.27117
      vertex 45.5 34 8.5
    endloop
  endfacet
  facet normal 0.801419 0.597078 -0.0349957
    outer loop
      vertex 44 36 8.27117
      vertex 45.4715 34 7.84634
      vertex 44 35.9751 7.84634
    endloop
  endfacet
  facet normal 0.761046 0.566983 -0.31518
    outer loop
      vertex 45.0477 34 5.93486
      vertex 44 35.2864 5.71917
      vertex 44 35.4063 5.93486
    endloop
  endfacet
  facet normal 0.761035 0.566962 -0.315246
    outer loop
      vertex 44 35.2864 5.71917
      vertex 45.0477 34 5.93486
      vertex 44.7973 34 5.33037
    endloop
  endfacet
  facet normal 0.793411 0 -0.608686
    outer loop
      vertex 44.1436 10 4.19818
      vertex 44 34 4.011
      vertex 44.1436 34 4.19818
    endloop
  endfacet
  facet normal 0.793411 0 -0.608686
    outer loop
      vertex 44 34 4.011
      vertex 44.1436 10 4.19818
      vertex 44 10 4.011
    endloop
  endfacet
  facet normal 0.679497 0.516271 -0.521294
    outer loop
      vertex 44 34 4.011
      vertex 44 34.2138 4.22274
      vertex 44.1436 34 4.19818
    endloop
  endfacet
  facet normal 0.797476 0.59414 -0.105023
    outer loop
      vertex 44 35.868 7.24045
      vertex 44 35.9751 7.84634
      vertex 45.4715 34 7.84634
    endloop
  endfacet
  facet normal 0.999051 0 -0.0435593
    outer loop
      vertex 45.5 10 8.5
      vertex 45.4715 34 7.84634
      vertex 45.5 34 8.5
    endloop
  endfacet
  facet normal 0.999051 0 -0.0435593
    outer loop
      vertex 45.4715 34 7.84634
      vertex 45.5 10 8.5
      vertex 45.4715 10 7.84634
    endloop
  endfacet
  facet normal 0.789552 -0.588197 -0.175022
    outer loop
      vertex 45.386 10 7.19765
      vertex 44 8.32961 6.55887
      vertex 45.2444 10 6.55887
    endloop
  endfacet
  facet normal 0.789552 -0.588192 -0.175036
    outer loop
      vertex 44 8.32961 6.55887
      vertex 45.386 10 7.19765
      vertex 44 8.13952 7.19765
    endloop
  endfacet
  facet normal 0.801419 0.597078 0.0349957
    outer loop
      vertex 45.4715 34 9.15367
      vertex 44 36 8.72884
      vertex 44 35.9751 9.15367
    endloop
  endfacet
  facet normal 0.801426 0.597072 0.0349422
    outer loop
      vertex 44 36 8.72884
      vertex 45.4715 34 9.15367
      vertex 45.5 34 8.5
    endloop
  endfacet
  facet normal 0.801429 0.597064 0.0350213
    outer loop
      vertex 44 36 8.72884
      vertex 45.5 34 8.5
      vertex 44.01 36 8.5
    endloop
  endfacet
  facet normal 0.797476 0.59414 0.105021
    outer loop
      vertex 44 35.9751 9.15367
      vertex 44 35.868 9.75957
      vertex 45.4715 34 9.15367
    endloop
  endfacet
  facet normal 0.740036 0.551325 -0.385211
    outer loop
      vertex 44.7973 34 5.33037
      vertex 44 34.6647 4.75
      vertex 44 34.8898 5.07217
    endloop
  endfacet
  facet normal 0.740036 0.551325 -0.385211
    outer loop
      vertex 44 34.6647 4.75
      vertex 44.7973 34 5.33037
      vertex 44.4952 34 4.75
    endloop
  endfacet
  facet normal 0.740037 0.551328 -0.385204
    outer loop
      vertex 44 34.8898 5.07217
      vertex 44 35.0702 5.33037
      vertex 44.7973 34 5.33037
    endloop
  endfacet
  facet normal -0.789552 -0.588197 -0.175022
    outer loop
      vertex -44 8.32961 6.55887
      vertex -45.386 10 7.19765
      vertex -45.2444 10 6.55887
    endloop
  endfacet
  facet normal -0.789552 -0.588192 -0.175036
    outer loop
      vertex -45.386 10 7.19765
      vertex -44 8.32961 6.55887
      vertex -44 8.13952 7.19765
    endloop
  endfacet
  facet normal -0.793411 0 -0.608686
    outer loop
      vertex -44 10 4.011
      vertex -44.1436 34 4.19818
      vertex -44 34 4.011
    endloop
  endfacet
  facet normal -0.793411 -0 -0.608686
    outer loop
      vertex -44.1436 34 4.19818
      vertex -44 10 4.011
      vertex -44.1436 10 4.19818
    endloop
  endfacet
  facet normal -0.714364 0.532025 -0.454571
    outer loop
      vertex -44 34.2138 4.22274
      vertex -44.1436 34 4.19818
      vertex -44 34.2523 4.2678
    endloop
  endfacet
  facet normal 0 -1 -0
    outer loop
      vertex -44 8 8.72884
      vertex -44.01 8 8.5
      vertex -44 8 8.27117
    endloop
  endfacet
  facet normal -0.777471 -0.579219 0.245038
    outer loop
      vertex -45.2444 10 10.4411
      vertex -44 8.5937 11.0652
      vertex -45.0477 10 11.0652
    endloop
  endfacet
  facet normal -0.777471 -0.579197 0.245089
    outer loop
      vertex -44 8.5937 11.0652
      vertex -45.2444 10 10.4411
      vertex -44 8.32961 10.4411
    endloop
  endfacet
  facet normal -0.976297 0 0.216435
    outer loop
      vertex -45.386 10 9.80237
      vertex -45.2444 34 10.4411
      vertex -45.386 34 9.80237
    endloop
  endfacet
  facet normal -0.976297 0 0.216435
    outer loop
      vertex -45.2444 34 10.4411
      vertex -45.386 10 9.80237
      vertex -45.2444 10 10.4411
    endloop
  endfacet
  facet normal -0.714105 0.532007 0.454997
    outer loop
      vertex -44.4952 34 12.25
      vertex -44 34.2523 12.7322
      vertex -44 34.6647 12.25
    endloop
  endfacet
  facet normal -0.714114 0.531972 0.455024
    outer loop
      vertex -44 34.2523 12.7322
      vertex -44.4952 34 12.25
      vertex -44.1436 34 12.8018
    endloop
  endfacet
  facet normal -0.679489 -0.516289 -0.521288
    outer loop
      vertex -44 9.78621 4.22274
      vertex -44.1436 10 4.19818
      vertex -44 10 4.011
    endloop
  endfacet
  facet normal -0.740031 -0.551324 0.385222
    outer loop
      vertex -44 9.11021 11.9278
      vertex -44.7973 10 11.6696
      vertex -44 8.9298 11.6696
    endloop
  endfacet
  facet normal -0.761013 -0.56697 0.315284
    outer loop
      vertex -45.0477 10 11.0652
      vertex -44 8.71362 11.2808
      vertex -44.7973 10 11.6696
    endloop
  endfacet
  facet normal -0.761002 -0.56695 0.315346
    outer loop
      vertex -44 8.71362 11.2808
      vertex -45.0477 10 11.0652
      vertex -44 8.5937 11.0652
    endloop
  endfacet
  facet normal -0.71441 -0.531954 0.454579
    outer loop
      vertex -44 9.78621 12.7773
      vertex -44.1436 10 12.8018
      vertex -44 9.74767 12.7322
    endloop
  endfacet
  facet normal -0.797479 -0.594145 -0.104975
    outer loop
      vertex -44 8.02491 7.84634
      vertex -45.4715 10 7.84634
      vertex -44 8.13196 7.24045
    endloop
  endfacet
  facet normal -0.923853 0 0.382748
    outer loop
      vertex -45.0477 10 11.0652
      vertex -44.7973 34 11.6696
      vertex -45.0477 34 11.0652
    endloop
  endfacet
  facet normal -0.923853 0 0.382748
    outer loop
      vertex -44.7973 34 11.6696
      vertex -45.0477 10 11.0652
      vertex -44.7973 10 11.6696
    endloop
  endfacet
  facet normal -0.740041 0.551338 0.385183
    outer loop
      vertex -44.7973 34 11.6696
      vertex -44 34.6647 12.25
      vertex -44 34.8898 11.9278
    endloop
  endfacet
  facet normal -0.740042 0.551329 0.385194
    outer loop
      vertex -44 34.6647 12.25
      vertex -44.7973 34 11.6696
      vertex -44.4952 34 12.25
    endloop
  endfacet
  facet normal -0.679497 0.516271 -0.521294
    outer loop
      vertex -44 34 4.011
      vertex -44.1436 34 4.19818
      vertex -44 34.2138 4.22274
    endloop
  endfacet
  facet normal -0.777471 0.579194 0.245097
    outer loop
      vertex -45.2444 34 10.4411
      vertex -44 35.4063 11.0652
      vertex -44 35.6704 10.4411
    endloop
  endfacet
  facet normal -0.777471 0.579219 0.245038
    outer loop
      vertex -44 35.4063 11.0652
      vertex -45.2444 34 10.4411
      vertex -45.0477 34 11.0652
    endloop
  endfacet
  facet normal -0.797504 -0.594116 -0.104942
    outer loop
      vertex -44 8.13196 7.24045
      vertex -45.386 10 7.19765
      vertex -44 8.13952 7.19765
    endloop
  endfacet
  facet normal -0.797488 -0.594108 -0.105112
    outer loop
      vertex -45.386 10 7.19765
      vertex -44 8.13196 7.24045
      vertex -45.4715 10 7.84634
    endloop
  endfacet
  facet normal -0.761031 -0.566968 -0.315244
    outer loop
      vertex -44 8.71362 5.71917
      vertex -45.0477 10 5.93486
      vertex -44.7973 10 5.33037
    endloop
  endfacet
  facet normal -0.761034 -0.566974 -0.315228
    outer loop
      vertex -45.0477 10 5.93486
      vertex -44 8.71362 5.71917
      vertex -44 8.5937 5.93486
    endloop
  endfacet
  facet normal -0.679562 -0.516192 0.521288
    outer loop
      vertex -44 10 12.989
      vertex -44.1436 10 12.8018
      vertex -44 9.78621 12.7773
    endloop
  endfacet
  facet normal -0.76103 -0.566968 0.315245
    outer loop
      vertex -44 8.9298 11.6696
      vertex -44.7973 10 11.6696
      vertex -44 8.71362 11.2808
    endloop
  endfacet
  facet normal 0 1 -0
    outer loop
      vertex -44 36 8.27117
      vertex -44.01 36 8.5
      vertex -44 36 8.72884
    endloop
  endfacet
  facet normal -0.740037 0.551328 0.385204
    outer loop
      vertex -44 35.0702 11.6696
      vertex -44.7973 34 11.6696
      vertex -44 34.8898 11.9278
    endloop
  endfacet
  facet normal -0.797577 0.594164 -0.104117
    outer loop
      vertex -45.386 34 7.19765
      vertex -44 35.868 7.24045
      vertex -44 35.8605 7.19765
    endloop
  endfacet
  facet normal -0.797482 0.594116 -0.105111
    outer loop
      vertex -44 35.868 7.24045
      vertex -45.386 34 7.19765
      vertex -45.4715 34 7.84634
    endloop
  endfacet
  facet normal -0.793443 0 0.608645
    outer loop
      vertex -44.1436 10 12.8018
      vertex -44 34 12.989
      vertex -44.1436 34 12.8018
    endloop
  endfacet
  facet normal -0.793443 0 0.608645
    outer loop
      vertex -44 34 12.989
      vertex -44.1436 10 12.8018
      vertex -44 10 12.989
    endloop
  endfacet
  facet normal -0.991425 0 -0.130674
    outer loop
      vertex -45.386 10 7.19765
      vertex -45.4715 34 7.84634
      vertex -45.386 34 7.19765
    endloop
  endfacet
  facet normal -0.991425 -0 -0.130674
    outer loop
      vertex -45.4715 34 7.84634
      vertex -45.386 10 7.19765
      vertex -45.4715 10 7.84634
    endloop
  endfacet
  facet normal -0.801418 -0.59708 -0.0350099
    outer loop
      vertex -44 8 8.27117
      vertex -45.4715 10 7.84634
      vertex -44 8.02491 7.84634
    endloop
  endfacet
  facet normal -0.801426 -0.597072 -0.0349427
    outer loop
      vertex -45.4715 10 7.84634
      vertex -44 8 8.27117
      vertex -45.5 10 8.5
    endloop
  endfacet
  facet normal -0.801429 -0.597064 -0.0350229
    outer loop
      vertex -45.5 10 8.5
      vertex -44 8 8.27117
      vertex -44.01 8 8.5
    endloop
  endfacet
  facet normal -0.740031 -0.551347 0.385189
    outer loop
      vertex -44.7973 10 11.6696
      vertex -44 9.33533 12.25
      vertex -44.4952 10 12.25
    endloop
  endfacet
  facet normal -0.740033 -0.551329 0.385211
    outer loop
      vertex -44 9.33533 12.25
      vertex -44.7973 10 11.6696
      vertex -44 9.11021 11.9278
    endloop
  endfacet
  facet normal -0.714138 -0.531926 0.45504
    outer loop
      vertex -44.4952 10 12.25
      vertex -44 9.74767 12.7322
      vertex -44.1436 10 12.8018
    endloop
  endfacet
  facet normal -0.714111 -0.532035 0.454955
    outer loop
      vertex -44 9.74767 12.7322
      vertex -44.4952 10 12.25
      vertex -44 9.33533 12.25
    endloop
  endfacet
  facet normal -0.887034 0 0.461704
    outer loop
      vertex -44.7973 10 11.6696
      vertex -44.4952 34 12.25
      vertex -44.7973 34 11.6696
    endloop
  endfacet
  facet normal -0.887034 0 0.461704
    outer loop
      vertex -44.4952 34 12.25
      vertex -44.7973 10 11.6696
      vertex -44.4952 10 12.25
    endloop
  endfacet
  facet normal -0.740037 0.551328 -0.385204
    outer loop
      vertex -44 34.8898 5.07217
      vertex -44.7973 34 5.33037
      vertex -44 35.0702 5.33037
    endloop
  endfacet
  facet normal -0.714107 0.531998 -0.455004
    outer loop
      vertex -44.4952 34 4.75
      vertex -44 34.2523 4.2678
      vertex -44.1436 34 4.19818
    endloop
  endfacet
  facet normal -0.714105 0.532007 -0.454997
    outer loop
      vertex -44 34.2523 4.2678
      vertex -44.4952 34 4.75
      vertex -44 34.6647 4.75
    endloop
  endfacet
  facet normal -0.777464 0.579214 -0.245072
    outer loop
      vertex -45.2444 34 6.55887
      vertex -44 35.4063 5.93486
      vertex -45.0477 34 5.93486
    endloop
  endfacet
  facet normal -0.777465 0.579189 -0.24513
    outer loop
      vertex -44 35.4063 5.93486
      vertex -45.2444 34 6.55887
      vertex -44 35.6704 6.55887
    endloop
  endfacet
  facet normal -0.887024 0 -0.461723
    outer loop
      vertex -44.4952 10 4.75
      vertex -44.7973 34 5.33037
      vertex -44.4952 34 4.75
    endloop
  endfacet
  facet normal -0.887024 -0 -0.461723
    outer loop
      vertex -44.7973 34 5.33037
      vertex -44.4952 10 4.75
      vertex -44.7973 10 5.33037
    endloop
  endfacet
  facet normal -0.843356 0 -0.537356
    outer loop
      vertex -44.1436 10 4.19818
      vertex -44.4952 34 4.75
      vertex -44.1436 34 4.19818
    endloop
  endfacet
  facet normal -0.843356 -0 -0.537356
    outer loop
      vertex -44.4952 34 4.75
      vertex -44.1436 10 4.19818
      vertex -44.4952 10 4.75
    endloop
  endfacet
  facet normal -0.991426 0 0.130672
    outer loop
      vertex -45.4715 10 9.15367
      vertex -45.386 34 9.80237
      vertex -45.4715 34 9.15367
    endloop
  endfacet
  facet normal -0.991426 0 0.130672
    outer loop
      vertex -45.386 34 9.80237
      vertex -45.4715 10 9.15367
      vertex -45.386 10 9.80237
    endloop
  endfacet
  facet normal -0.761024 0.566963 -0.315271
    outer loop
      vertex -44 35.0702 5.33037
      vertex -44.7973 34 5.33037
      vertex -44 35.2864 5.71917
    endloop
  endfacet
  facet normal -0.740026 -0.551342 -0.385206
    outer loop
      vertex -44 9.33533 4.75
      vertex -44.7973 10 5.33037
      vertex -44.4952 10 4.75
    endloop
  endfacet
  facet normal -0.740028 -0.551316 -0.385239
    outer loop
      vertex -44.7973 10 5.33037
      vertex -44 9.33533 4.75
      vertex -44 9.11021 5.07217
    endloop
  endfacet
  facet normal -0.78955 -0.588195 0.175035
    outer loop
      vertex -45.386 10 9.80237
      vertex -44 8.32961 10.4411
      vertex -45.2444 10 10.4411
    endloop
  endfacet
  facet normal -0.78955 -0.588191 0.175049
    outer loop
      vertex -44 8.32961 10.4411
      vertex -45.386 10 9.80237
      vertex -44 8.13952 9.80237
    endloop
  endfacet
  facet normal -0.797479 -0.594145 0.104973
    outer loop
      vertex -44 8.13196 9.75957
      vertex -45.4715 10 9.15367
      vertex -44 8.02491 9.15367
    endloop
  endfacet
  facet normal -0.714621 0.532024 0.454167
    outer loop
      vertex -44 34.2523 12.7322
      vertex -44.1436 34 12.8018
      vertex -44 34.2138 12.7773
    endloop
  endfacet
  facet normal -0.740036 0.551325 -0.385211
    outer loop
      vertex -44.7973 34 5.33037
      vertex -44 34.6647 4.75
      vertex -44.4952 34 4.75
    endloop
  endfacet
  facet normal -0.740036 0.551325 -0.385211
    outer loop
      vertex -44 34.6647 4.75
      vertex -44.7973 34 5.33037
      vertex -44 34.8898 5.07217
    endloop
  endfacet
  facet normal -0.76103 -0.566968 -0.315245
    outer loop
      vertex -44 8.71362 5.71917
      vertex -44.7973 10 5.33037
      vertex -44 8.9298 5.33037
    endloop
  endfacet
  facet normal -0.923873 0 -0.382699
    outer loop
      vertex -44.7973 10 5.33037
      vertex -45.0477 34 5.93486
      vertex -44.7973 34 5.33037
    endloop
  endfacet
  facet normal -0.923873 -0 -0.382699
    outer loop
      vertex -45.0477 34 5.93486
      vertex -44.7973 10 5.33037
      vertex -45.0477 10 5.93486
    endloop
  endfacet
  facet normal -0.999051 0 0.0435586
    outer loop
      vertex -45.5 10 8.5
      vertex -45.4715 34 9.15367
      vertex -45.5 34 8.5
    endloop
  endfacet
  facet normal -0.999051 0 0.0435586
    outer loop
      vertex -45.4715 34 9.15367
      vertex -45.5 10 8.5
      vertex -45.4715 10 9.15367
    endloop
  endfacet
  facet normal -0.761024 0.566963 0.315271
    outer loop
      vertex -44 35.2864 11.2808
      vertex -44.7973 34 11.6696
      vertex -44 35.0702 11.6696
    endloop
  endfacet
  facet normal -0.797488 -0.594108 0.105111
    outer loop
      vertex -44 8.13196 9.75957
      vertex -45.386 10 9.80237
      vertex -45.4715 10 9.15367
    endloop
  endfacet
  facet normal -0.797504 -0.594116 0.104942
    outer loop
      vertex -45.386 10 9.80237
      vertex -44 8.13196 9.75957
      vertex -44 8.13952 9.80237
    endloop
  endfacet
  facet normal -0.761035 0.566962 -0.315246
    outer loop
      vertex -45.0477 34 5.93486
      vertex -44 35.2864 5.71917
      vertex -44.7973 34 5.33037
    endloop
  endfacet
  facet normal -0.761046 0.566983 -0.31518
    outer loop
      vertex -44 35.2864 5.71917
      vertex -45.0477 34 5.93486
      vertex -44 35.4063 5.93486
    endloop
  endfacet
  facet normal -0.789553 0.588195 -0.175022
    outer loop
      vertex -45.386 34 7.19765
      vertex -44 35.6704 6.55887
      vertex -45.2444 34 6.55887
    endloop
  endfacet
  facet normal -0.789554 0.588187 -0.175044
    outer loop
      vertex -44 35.6704 6.55887
      vertex -45.386 34 7.19765
      vertex -44 35.8605 7.19765
    endloop
  endfacet
  facet normal -0.843347 0 0.53737
    outer loop
      vertex -44.4952 10 12.25
      vertex -44.1436 34 12.8018
      vertex -44.4952 34 12.25
    endloop
  endfacet
  facet normal -0.843347 0 0.53737
    outer loop
      vertex -44.1436 34 12.8018
      vertex -44.4952 10 12.25
      vertex -44.1436 10 12.8018
    endloop
  endfacet
  facet normal -0.976301 0 -0.216419
    outer loop
      vertex -45.2444 10 6.55887
      vertex -45.386 34 7.19765
      vertex -45.2444 34 6.55887
    endloop
  endfacet
  facet normal -0.976301 -0 -0.216419
    outer loop
      vertex -45.386 34 7.19765
      vertex -45.2444 10 6.55887
      vertex -45.386 10 7.19765
    endloop
  endfacet
  facet normal -0.789552 0.588186 0.175057
    outer loop
      vertex -45.386 34 9.80237
      vertex -44 35.6704 10.4411
      vertex -44 35.8605 9.80237
    endloop
  endfacet
  facet normal -0.789551 0.588193 0.175036
    outer loop
      vertex -44 35.6704 10.4411
      vertex -45.386 34 9.80237
      vertex -45.2444 34 10.4411
    endloop
  endfacet
  facet normal -0.777464 -0.579214 -0.245072
    outer loop
      vertex -44 8.5937 5.93486
      vertex -45.2444 10 6.55887
      vertex -45.0477 10 5.93486
    endloop
  endfacet
  facet normal -0.777465 -0.579192 -0.245122
    outer loop
      vertex -45.2444 10 6.55887
      vertex -44 8.5937 5.93486
      vertex -44 8.32961 6.55887
    endloop
  endfacet
  facet normal -0.797476 0.59414 -0.105023
    outer loop
      vertex -44 35.868 7.24045
      vertex -45.4715 34 7.84634
      vertex -44 35.9751 7.84634
    endloop
  endfacet
  facet normal -0.999051 0 -0.0435593
    outer loop
      vertex -45.4715 10 7.84634
      vertex -45.5 34 8.5
      vertex -45.4715 34 7.84634
    endloop
  endfacet
  facet normal -0.999051 -0 -0.0435593
    outer loop
      vertex -45.5 34 8.5
      vertex -45.4715 10 7.84634
      vertex -45.5 10 8.5
    endloop
  endfacet
  facet normal -0.740031 -0.551324 -0.385222
    outer loop
      vertex -44 8.9298 5.33037
      vertex -44.7973 10 5.33037
      vertex -44 9.11021 5.07217
    endloop
  endfacet
  facet normal -0.714131 -0.531953 -0.455019
    outer loop
      vertex -44 9.74767 4.2678
      vertex -44.4952 10 4.75
      vertex -44.1436 10 4.19818
    endloop
  endfacet
  facet normal -0.714111 -0.532035 -0.454955
    outer loop
      vertex -44.4952 10 4.75
      vertex -44 9.74767 4.2678
      vertex -44 9.33533 4.75
    endloop
  endfacet
  facet normal -0.801426 -0.597072 0.0349422
    outer loop
      vertex -44 8 8.72884
      vertex -45.4715 10 9.15367
      vertex -45.5 10 8.5
    endloop
  endfacet
  facet normal -0.801429 -0.597064 0.0350213
    outer loop
      vertex -44 8 8.72884
      vertex -45.5 10 8.5
      vertex -44.01 8 8.5
    endloop
  endfacet
  facet normal -0.801418 -0.59708 0.0350099
    outer loop
      vertex -45.4715 10 9.15367
      vertex -44 8 8.72884
      vertex -44 8.02491 9.15367
    endloop
  endfacet
  facet normal -0.801429 0.597064 0.0350213
    outer loop
      vertex -45.5 34 8.5
      vertex -44 36 8.72884
      vertex -44.01 36 8.5
    endloop
  endfacet
  facet normal -0.801426 0.597072 0.0349422
    outer loop
      vertex -45.4715 34 9.15367
      vertex -44 36 8.72884
      vertex -45.5 34 8.5
    endloop
  endfacet
  facet normal -0.801419 0.597078 0.0349957
    outer loop
      vertex -44 36 8.72884
      vertex -45.4715 34 9.15367
      vertex -44 35.9751 9.15367
    endloop
  endfacet
  facet normal -0.761015 0.56696 0.315299
    outer loop
      vertex -45.0477 34 11.0652
      vertex -44 35.2864 11.2808
      vertex -44 35.4063 11.0652
    endloop
  endfacet
  facet normal -0.761017 0.566964 0.315286
    outer loop
      vertex -44 35.2864 11.2808
      vertex -45.0477 34 11.0652
      vertex -44.7973 34 11.6696
    endloop
  endfacet
  facet normal -0.679571 0.516174 0.521295
    outer loop
      vertex -44 34.2138 12.7773
      vertex -44.1436 34 12.8018
      vertex -44 34 12.989
    endloop
  endfacet
  facet normal -0.714153 -0.531955 -0.454983
    outer loop
      vertex -44 9.74767 4.2678
      vertex -44.1436 10 4.19818
      vertex -44 9.78621 4.22274
    endloop
  endfacet
  facet normal -0.953739 0 -0.300637
    outer loop
      vertex -45.0477 10 5.93486
      vertex -45.2444 34 6.55887
      vertex -45.0477 34 5.93486
    endloop
  endfacet
  facet normal -0.953739 -0 -0.300637
    outer loop
      vertex -45.2444 34 6.55887
      vertex -45.0477 10 5.93486
      vertex -45.2444 10 6.55887
    endloop
  endfacet
  facet normal -0.797476 0.59414 0.105021
    outer loop
      vertex -44 35.9751 9.15367
      vertex -45.4715 34 9.15367
      vertex -44 35.868 9.75957
    endloop
  endfacet
  facet normal -0.797482 0.594116 0.10511
    outer loop
      vertex -45.386 34 9.80237
      vertex -44 35.868 9.75957
      vertex -45.4715 34 9.15367
    endloop
  endfacet
  facet normal -0.797577 0.594164 0.104117
    outer loop
      vertex -44 35.868 9.75957
      vertex -45.386 34 9.80237
      vertex -44 35.8605 9.80237
    endloop
  endfacet
  facet normal -0.953751 0 0.300597
    outer loop
      vertex -45.2444 10 10.4411
      vertex -45.0477 34 11.0652
      vertex -45.2444 34 10.4411
    endloop
  endfacet
  facet normal -0.953751 0 0.300597
    outer loop
      vertex -45.0477 34 11.0652
      vertex -45.2444 10 10.4411
      vertex -45.0477 10 11.0652
    endloop
  endfacet
  facet normal -0.801419 0.597078 -0.0349957
    outer loop
      vertex -45.4715 34 7.84634
      vertex -44 36 8.27117
      vertex -44 35.9751 7.84634
    endloop
  endfacet
  facet normal -0.801426 0.597072 -0.0349427
    outer loop
      vertex -44 36 8.27117
      vertex -45.4715 34 7.84634
      vertex -45.5 34 8.5
    endloop
  endfacet
  facet normal -0.801429 0.597064 -0.0350229
    outer loop
      vertex -44 36 8.27117
      vertex -45.5 34 8.5
      vertex -44.01 36 8.5
    endloop
  endfacet
  facet normal 1 -0 0
    outer loop
      vertex -33 -1.8 65
      vertex -33 0 6
      vertex -33 0 65
    endloop
  endfacet
  facet normal 1 0 0
    outer loop
      vertex -33 0 6
      vertex -33 -1.8 65
      vertex -33 -1.8 6
    endloop
  endfacet
  facet normal 0 -1 0
    outer loop
      vertex 11.4912 0 33.2252
      vertex 9.9613 0 34.3896
      vertex 10.0694 0 34.1887
    endloop
  endfacet
  facet normal 0 -1 0
    outer loop
      vertex 9.9613 0 34.3896
      vertex 13.8847 0 34.0667
      vertex 14.1056 0 34.3223
    endloop
  endfacet
  facet normal 0 -1 0
    outer loop
      vertex 11.4912 0 33.2252
      vertex 10.0694 0 34.1887
      vertex 10.194 0 34.0042
    endloop
  endfacet
  facet normal 0 -1 0
    outer loop
      vertex 9.9613 0 34.3896
      vertex 13.6525 0 33.8415
      vertex 13.8847 0 34.0667
    endloop
  endfacet
  facet normal 0 -1 0
    outer loop
      vertex 11.4912 0 33.2252
      vertex 10.194 0 34.0042
      vertex 10.335 0 33.8362
    endloop
  endfacet
  facet normal 0 -1 0
    outer loop
      vertex 11.4912 0 33.2252
      vertex 10.335 0 33.8362
      vertex 10.4917 0 33.6861
    endloop
  endfacet
  facet normal 0 -1 0
    outer loop
      vertex 9.9613 0 34.3896
      vertex 13.4091 0 33.6466
      vertex 13.6525 0 33.8415
    endloop
  endfacet
  facet normal 0 -1 0
    outer loop
      vertex 11.4912 0 33.2252
      vertex 10.4917 0 33.6861
      vertex 10.6631 0 33.555
    endloop
  endfacet
  facet normal 0 -1 0
    outer loop
      vertex 9.9613 0 34.3896
      vertex 11.7299 0 33.1939
      vertex 11.9807 0 33.1835
    endloop
  endfacet
  facet normal 0 -1 0
    outer loop
      vertex 11.4912 0 33.2252
      vertex 10.6631 0 33.555
      vertex 10.8493 0 33.443
    endloop
  endfacet
  facet normal 0 -1 0
    outer loop
      vertex 9.9613 0 34.3896
      vertex 11.9807 0 33.1835
      vertex 13.4091 0 33.6466
    endloop
  endfacet
  facet normal 0 -1 0
    outer loop
      vertex 11.4912 0 33.2252
      vertex 10.8493 0 33.443
      vertex 11.0502 0 33.3501
    endloop
  endfacet
  facet normal 0 -1 0
    outer loop
      vertex 11.4912 0 33.2252
      vertex 11.0502 0 33.3501
      vertex 11.2646 0 33.2773
    endloop
  endfacet
  facet normal 0 -1 0
    outer loop
      vertex 9.9613 0 34.3896
      vertex 11.4912 0 33.2252
      vertex 11.7299 0 33.1939
    endloop
  endfacet
  facet normal 0 -1 0
    outer loop
      vertex 13.4091 0 33.6466
      vertex 11.9807 0 33.1835
      vertex 13.1543 0 33.4821
    endloop
  endfacet
  facet normal 0 -1 0
    outer loop
      vertex 12.8857 0 33.3515
      vertex 12.2989 0 33.2022
      vertex 12.6005 0 33.2582
    endloop
  endfacet
  facet normal -0 -1 0
    outer loop
      vertex 12.2989 0 33.2022
      vertex 13.1543 0 33.4821
      vertex 11.9807 0 33.1835
    endloop
  endfacet
  facet normal 0 -1 0
    outer loop
      vertex 13.1543 0 33.4821
      vertex 12.2989 0 33.2022
      vertex 12.8857 0 33.3515
    endloop
  endfacet
  facet normal 0 -1 0
    outer loop
      vertex 9.79683 0 36.3885
      vertex 11.9807 0 38.0443
      vertex 11.7299 0 38.0339
    endloop
  endfacet
  facet normal 0 -1 0
    outer loop
      vertex 9.86971 0 36.6207
      vertex 11.7299 0 38.0339
      vertex 11.4912 0 38.0026
    endloop
  endfacet
  facet normal 0 -1 0
    outer loop
      vertex 9.74477 0 36.1434
      vertex 11.9807 0 38.0443
      vertex 9.79683 0 36.3885
    endloop
  endfacet
  facet normal 0 -1 0
    outer loop
      vertex 9.9613 0 36.8382
      vertex 11.4912 0 38.0026
      vertex 11.2646 0 37.9505
    endloop
  endfacet
  facet normal 0 -1 0
    outer loop
      vertex 9.9613 0 36.8382
      vertex 11.2646 0 37.9505
      vertex 11.0502 0 37.8776
    endloop
  endfacet
  facet normal 0 -1 0
    outer loop
      vertex 11.7299 0 38.0339
      vertex 9.86971 0 36.6207
      vertex 9.79683 0 36.3885
    endloop
  endfacet
  facet normal 0 -1 0
    outer loop
      vertex 10.0694 0 37.0391
      vertex 11.0502 0 37.8776
      vertex 10.8493 0 37.7848
    endloop
  endfacet
  facet normal 0 -1 0
    outer loop
      vertex 11.4912 0 38.0026
      vertex 9.9613 0 36.8382
      vertex 9.86971 0 36.6207
    endloop
  endfacet
  facet normal 0 -1 0
    outer loop
      vertex 10.0694 0 37.0391
      vertex 10.8493 0 37.7848
      vertex 10.6631 0 37.6728
    endloop
  endfacet
  facet normal 0 -1 -0
    outer loop
      vertex 11.9807 0 38.0443
      vertex 9.74477 0 36.1434
      vertex 12.2989 0 38.0257
    endloop
  endfacet
  facet normal 0 -1 0
    outer loop
      vertex 10.0694 0 37.0391
      vertex 10.6631 0 37.6728
      vertex 10.4917 0 37.5417
    endloop
  endfacet
  facet normal 0 -1 0
    outer loop
      vertex 10.194 0 37.2236
      vertex 10.4917 0 37.5417
      vertex 10.335 0 37.3915
    endloop
  endfacet
  facet normal 0 -1 0
    outer loop
      vertex 10.0694 0 37.0391
      vertex 10.4917 0 37.5417
      vertex 10.194 0 37.2236
    endloop
  endfacet
  facet normal 0 -1 0
    outer loop
      vertex 11.0502 0 37.8776
      vertex 10.0694 0 37.0391
      vertex 9.9613 0 36.8382
    endloop
  endfacet
  facet normal 0 -1 -0
    outer loop
      vertex 12.2989 0 38.0257
      vertex 9.74477 0 36.1434
      vertex 12.6005 0 37.9697
    endloop
  endfacet
  facet normal 0 -1 -0
    outer loop
      vertex 12.6005 0 37.9697
      vertex 9.74477 0 36.1434
      vertex 12.8857 0 37.8764
    endloop
  endfacet
  facet normal 0 -1 -0
    outer loop
      vertex 12.8857 0 37.8764
      vertex 9.74477 0 36.1434
      vertex 13.1543 0 37.7457
    endloop
  endfacet
  facet normal 0 -1 -0
    outer loop
      vertex 13.1543 0 37.7457
      vertex 9.74477 0 36.1434
      vertex 13.4091 0 37.5812
    endloop
  endfacet
  facet normal 0 -1 0
    outer loop
      vertex -7.9084 0 40.3219
      vertex -3.69785 0 40.4747
      vertex -8.42052 0 40.486
    endloop
  endfacet
  facet normal 0 -1 0
    outer loop
      vertex -7.4249 0 40.1147
      vertex -3.69785 0 40.4747
      vertex -7.9084 0 40.3219
    endloop
  endfacet
  facet normal 0 -1 0
    outer loop
      vertex -6.9744 0 39.8681
      vertex -3.69785 0 40.4747
      vertex -7.4249 0 40.1147
    endloop
  endfacet
  facet normal 0 -1 0
    outer loop
      vertex -6.5569 0 39.5821
      vertex -3.69785 0 40.4747
      vertex -6.9744 0 39.8681
    endloop
  endfacet
  facet normal 0 -1 0
    outer loop
      vertex -6.17241 0 39.2566
      vertex -3.69785 0 40.4747
      vertex -6.5569 0 39.5821
    endloop
  endfacet
  facet normal 0 -1 0
    outer loop
      vertex -5.82475 0 38.897
      vertex -3.69785 0 40.4747
      vertex -6.17241 0 39.2566
    endloop
  endfacet
  facet normal 0 -1 0
    outer loop
      vertex -5.5179 0 38.5086
      vertex -3.69785 0 40.4747
      vertex -5.82475 0 38.897
    endloop
  endfacet
  facet normal 0 -1 0
    outer loop
      vertex -5.25185 0 38.0915
      vertex -3.69785 0 40.4747
      vertex -5.5179 0 38.5086
    endloop
  endfacet
  facet normal 0 -1 0
    outer loop
      vertex -5.0266 0 37.6455
      vertex -3.69785 0 40.4747
      vertex -5.25185 0 38.0915
    endloop
  endfacet
  facet normal 0 -1 0
    outer loop
      vertex -4.84737 0 37.1737
      vertex -3.69785 0 40.4747
      vertex -5.0266 0 37.6455
    endloop
  endfacet
  facet normal 0 -1 0
    outer loop
      vertex -4.71933 0 36.6789
      vertex -3.69785 0 40.4747
      vertex -4.84737 0 37.1737
    endloop
  endfacet
  facet normal 0 -1 0
    outer loop
      vertex -4.64252 0 36.1612
      vertex -3.69785 0 40.4747
      vertex -4.71933 0 36.6789
    endloop
  endfacet
  facet normal 0 -1 0
    outer loop
      vertex -4.6169 0 35.6204
      vertex -3.69785 0 40.4747
      vertex -4.64252 0 36.1612
    endloop
  endfacet
  facet normal 0 -1 0
    outer loop
      vertex -3.69785 0 30.7531
      vertex -4.6169 0 35.6204
      vertex -4.64252 0 35.0791
    endloop
  endfacet
  facet normal 0 -1 0
    outer loop
      vertex -3.69785 0 30.7531
      vertex -4.64252 0 35.0791
      vertex -4.71933 0 34.5595
    endloop
  endfacet
  facet normal 0 -1 0
    outer loop
      vertex -4.6169 0 35.6204
      vertex -3.69785 0 30.7531
      vertex -3.69785 0 40.4747
    endloop
  endfacet
  facet normal 0 -1 0
    outer loop
      vertex -4.84737 0 34.0618
      vertex -3.69785 0 30.7531
      vertex -4.71933 0 34.5595
    endloop
  endfacet
  facet normal 0 -1 0
    outer loop
      vertex -5.0266 0 33.5858
      vertex -3.69785 0 30.7531
      vertex -4.84737 0 34.0618
    endloop
  endfacet
  facet normal 0 -1 0
    outer loop
      vertex -5.25185 0 33.136
      vertex -3.69785 0 30.7531
      vertex -5.0266 0 33.5858
    endloop
  endfacet
  facet normal 0 -1 0
    outer loop
      vertex -5.5179 0 32.7165
      vertex -3.69785 0 30.7531
      vertex -5.25185 0 33.136
    endloop
  endfacet
  facet normal 0 -1 0
    outer loop
      vertex -5.82475 0 32.3272
      vertex -3.69785 0 30.7531
      vertex -5.5179 0 32.7165
    endloop
  endfacet
  facet normal 0 -1 0
    outer loop
      vertex -6.17241 0 31.9683
      vertex -3.69785 0 30.7531
      vertex -5.82475 0 32.3272
    endloop
  endfacet
  facet normal 0 -1 0
    outer loop
      vertex -6.5569 0 31.6441
      vertex -3.69785 0 30.7531
      vertex -6.17241 0 31.9683
    endloop
  endfacet
  facet normal 0 -1 0
    outer loop
      vertex -6.9744 0 31.359
      vertex -3.69785 0 30.7531
      vertex -6.5569 0 31.6441
    endloop
  endfacet
  facet normal 0 -1 0
    outer loop
      vertex -7.4249 0 31.1129
      vertex -3.69785 0 30.7531
      vertex -6.9744 0 31.359
    endloop
  endfacet
  facet normal 0 -1 0
    outer loop
      vertex -7.9084 0 30.9058
      vertex -3.69785 0 30.7531
      vertex -7.4249 0 31.1129
    endloop
  endfacet
  facet normal 0 -1 0
    outer loop
      vertex -8.95518 0 30.6247
      vertex -3.69785 0 30.7531
      vertex -8.42007 0 30.7418
    endloop
  endfacet
  facet normal 0 -1 0
    outer loop
      vertex -8.42007 0 30.7418
      vertex -3.69785 0 30.7531
      vertex -7.9084 0 30.9058
    endloop
  endfacet
  facet normal 0 -1 0
    outer loop
      vertex 33 0 65
      vertex 11.2417 0 40.6739
      vertex 11.8141 0 40.6969
    endloop
  endfacet
  facet normal 0 -1 0
    outer loop
      vertex 1.49625 0 40.4747
      vertex -33 0 65
      vertex -3.69785 0 40.4747
    endloop
  endfacet
  facet normal 0 -1 0
    outer loop
      vertex 2.43716 0 40.43
      vertex 33 0 65
      vertex 1.49625 0 40.4747
    endloop
  endfacet
  facet normal 0 -1 0
    outer loop
      vertex -3.69785 0 40.4747
      vertex -9.51765 0 40.6735
      vertex -8.95692 0 40.6032
    endloop
  endfacet
  facet normal -0 -1 0
    outer loop
      vertex 10.6909 0 40.6049
      vertex 33 0 65
      vertex 2.43716 0 40.43
    endloop
  endfacet
  facet normal 0 -1 0
    outer loop
      vertex -3.69785 0 40.4747
      vertex -8.95692 0 40.6032
      vertex -8.42052 0 40.486
    endloop
  endfacet
  facet normal 0 -1 0
    outer loop
      vertex -33 0 65
      vertex 1.49625 0 40.4747
      vertex 33 0 65
    endloop
  endfacet
  facet normal 0 -1 0
    outer loop
      vertex 33 0 65
      vertex 10.6909 0 40.6049
      vertex 11.2417 0 40.6739
    endloop
  endfacet
  facet normal 0 -1 0
    outer loop
      vertex 10.6909 0 40.6049
      vertex 2.43716 0 40.43
      vertex 10.1619 0 40.4899
    endloop
  endfacet
  facet normal 0 -1 0
    outer loop
      vertex 3.24614 0 40.2959
      vertex 10.1619 0 40.4899
      vertex 2.43716 0 40.43
    endloop
  endfacet
  facet normal 0 -1 0
    outer loop
      vertex 10.1619 0 40.4899
      vertex 3.24614 0 40.2959
      vertex 9.65451 0 40.3288
    endloop
  endfacet
  facet normal 0 -1 0
    outer loop
      vertex 3.92316 0 40.0724
      vertex 9.65451 0 40.3288
      vertex 3.24614 0 40.2959
    endloop
  endfacet
  facet normal 0 -1 0
    outer loop
      vertex 9.65451 0 40.3288
      vertex 3.92316 0 40.0724
      vertex 9.1745 0 40.1253
    endloop
  endfacet
  facet normal 0 -1 0
    outer loop
      vertex 3.92316 0 40.0724
      vertex 8.72749 0 39.8827
      vertex 9.1745 0 40.1253
    endloop
  endfacet
  facet normal 0 -1 0
    outer loop
      vertex 4.46825 0 39.7594
      vertex 8.72749 0 39.8827
      vertex 3.92316 0 40.0724
    endloop
  endfacet
  facet normal 0 -1 0
    outer loop
      vertex 4.46825 0 39.7594
      vertex 8.31346 0 39.601
      vertex 8.72749 0 39.8827
    endloop
  endfacet
  facet normal 0 -1 0
    outer loop
      vertex 4.8875 0 39.3771
      vertex 8.31346 0 39.601
      vertex 4.46825 0 39.7594
    endloop
  endfacet
  facet normal 0 -1 0
    outer loop
      vertex 4.8875 0 39.3771
      vertex 7.93242 0 39.2803
      vertex 8.31346 0 39.601
    endloop
  endfacet
  facet normal 0 -1 0
    outer loop
      vertex 7.58826 0 38.9244
      vertex 4.8875 0 39.3771
      vertex 5.18697 0 38.9453
    endloop
  endfacet
  facet normal 0 -1 0
    outer loop
      vertex 4.8875 0 39.3771
      vertex 7.58826 0 38.9244
      vertex 7.93242 0 39.2803
    endloop
  endfacet
  facet normal 0 -1 0
    outer loop
      vertex 5.18697 0 38.9453
      vertex 7.28488 0 38.5373
      vertex 7.58826 0 38.9244
    endloop
  endfacet
  facet normal 0 -1 0
    outer loop
      vertex 5.36664 0 38.464
      vertex 7.28488 0 38.5373
      vertex 5.18697 0 38.9453
    endloop
  endfacet
  facet normal 0 -1 0
    outer loop
      vertex 5.36664 0 38.464
      vertex 7.02231 0 38.1189
      vertex 7.28488 0 38.5373
    endloop
  endfacet
  facet normal 0 -1 0
    outer loop
      vertex 5.42654 0 37.9332
      vertex 7.02231 0 38.1189
      vertex 5.36664 0 38.464
    endloop
  endfacet
  facet normal 0 -1 0
    outer loop
      vertex 5.42654 0 37.9332
      vertex 6.80051 0 37.6693
      vertex 7.02231 0 38.1189
    endloop
  endfacet
  facet normal 0 -1 0
    outer loop
      vertex 5.40094 0 37.5751
      vertex 6.80051 0 37.6693
      vertex 5.42654 0 37.9332
    endloop
  endfacet
  facet normal 0 -1 0
    outer loop
      vertex 6.62433 0 37.1919
      vertex 5.40094 0 37.5751
      vertex 5.32411 0 37.237
    endloop
  endfacet
  facet normal 0 -1 0
    outer loop
      vertex 5.40094 0 37.5751
      vertex 6.62433 0 37.1919
      vertex 6.80051 0 37.6693
    endloop
  endfacet
  facet normal 0 -1 0
    outer loop
      vertex 6.49849 0 36.6902
      vertex 5.32411 0 37.237
      vertex 5.19608 0 36.9189
    endloop
  endfacet
  facet normal 0 -1 0
    outer loop
      vertex 5.32411 0 37.237
      vertex 6.49849 0 36.6902
      vertex 6.62433 0 37.1919
    endloop
  endfacet
  facet normal 0 -1 0
    outer loop
      vertex 6.42297 0 36.1642
      vertex 5.19608 0 36.9189
      vertex 5.01685 0 36.6207
    endloop
  endfacet
  facet normal 0 -1 0
    outer loop
      vertex 4.88837 0 35.4178
      vertex 5.01685 0 36.6207
      vertex 4.78899 0 36.3477
    endloop
  endfacet
  facet normal 0 -1 0
    outer loop
      vertex 5.19608 0 36.9189
      vertex 6.42297 0 36.1642
      vertex 6.49849 0 36.6902
    endloop
  endfacet
  facet normal 0 -1 0
    outer loop
      vertex 4.88837 0 35.4178
      vertex 4.78899 0 36.3477
      vertex 4.51514 0 36.1052
    endloop
  endfacet
  facet normal 0 -1 0
    outer loop
      vertex 4.5455 0 35.6308
      vertex 4.51514 0 36.1052
      vertex 4.19528 0 35.893
    endloop
  endfacet
  facet normal 0 -1 0
    outer loop
      vertex 4.15575 0 35.8083
      vertex 4.19528 0 35.893
      vertex 4.07651 0 35.8339
    endloop
  endfacet
  facet normal 0 -1 0
    outer loop
      vertex 4.5455 0 35.6308
      vertex 4.19528 0 35.893
      vertex 4.15575 0 35.8083
    endloop
  endfacet
  facet normal 0 -1 0
    outer loop
      vertex 4.88837 0 35.4178
      vertex 4.51514 0 36.1052
      vertex 4.5455 0 35.6308
    endloop
  endfacet
  facet normal 0 -1 -0
    outer loop
      vertex 5.01685 0 36.6207
      vertex 4.88837 0 35.4178
      vertex 6.42297 0 36.1642
    endloop
  endfacet
  facet normal 0 -1 0
    outer loop
      vertex 5.18434 0 35.1691
      vertex 6.42297 0 36.1642
      vertex 4.88837 0 35.4178
    endloop
  endfacet
  facet normal 0 -1 0
    outer loop
      vertex 6.42297 0 36.1642
      vertex 5.18434 0 35.1691
      vertex 6.39781 0 35.6139
    endloop
  endfacet
  facet normal 0 -1 0
    outer loop
      vertex 5.43344 0 34.8848
      vertex 6.39781 0 35.6139
      vertex 5.18434 0 35.1691
    endloop
  endfacet
  facet normal 0 -1 -0
    outer loop
      vertex 6.39781 0 35.6139
      vertex 5.43344 0 34.8848
      vertex 6.42297 0 35.0636
    endloop
  endfacet
  facet normal 0 -1 0
    outer loop
      vertex 5.63092 0 34.5676
      vertex 6.42297 0 35.0636
      vertex 5.43344 0 34.8848
    endloop
  endfacet
  facet normal 0 -1 0
    outer loop
      vertex 5.63092 0 34.5676
      vertex 6.49849 0 34.5376
      vertex 6.42297 0 35.0636
    endloop
  endfacet
  facet normal 0 -1 0
    outer loop
      vertex 5.77199 0 34.22
      vertex 6.49849 0 34.5376
      vertex 5.63092 0 34.5676
    endloop
  endfacet
  facet normal 0 -1 0
    outer loop
      vertex 5.77199 0 34.22
      vertex 6.62433 0 34.0359
      vertex 6.49849 0 34.5376
    endloop
  endfacet
  facet normal 0 -1 0
    outer loop
      vertex 5.85663 0 33.8419
      vertex 6.62433 0 34.0359
      vertex 5.77199 0 34.22
    endloop
  endfacet
  facet normal 0 -1 0
    outer loop
      vertex 5.88484 0 33.4335
      vertex 6.62433 0 34.0359
      vertex 5.85663 0 33.8419
    endloop
  endfacet
  facet normal 0 -1 -0
    outer loop
      vertex 6.62433 0 34.0359
      vertex 5.88484 0 33.4335
      vertex 6.80051 0 33.5585
    endloop
  endfacet
  facet normal 0 -1 0
    outer loop
      vertex 5.88484 0 33.4335
      vertex 7.02231 0 33.1089
      vertex 6.80051 0 33.5585
    endloop
  endfacet
  facet normal 0 -1 0
    outer loop
      vertex 5.81931 0 32.8363
      vertex 7.02231 0 33.1089
      vertex 5.88484 0 33.4335
    endloop
  endfacet
  facet normal 0 -1 0
    outer loop
      vertex 5.81931 0 32.8363
      vertex 7.28488 0 32.6905
      vertex 7.02231 0 33.1089
    endloop
  endfacet
  facet normal 0 -1 0
    outer loop
      vertex 5.6227 0 32.3086
      vertex 7.28488 0 32.6905
      vertex 5.81931 0 32.8363
    endloop
  endfacet
  facet normal 0 -1 0
    outer loop
      vertex 5.6227 0 32.3086
      vertex 7.58826 0 32.3034
      vertex 7.28488 0 32.6905
    endloop
  endfacet
  facet normal 0 -1 0
    outer loop
      vertex 5.295 0 31.8503
      vertex 7.58826 0 32.3034
      vertex 5.6227 0 32.3086
    endloop
  endfacet
  facet normal 0 -1 -0
    outer loop
      vertex 7.58826 0 32.3034
      vertex 5.295 0 31.8503
      vertex 7.93242 0 31.9475
    endloop
  endfacet
  facet normal 0 -1 0
    outer loop
      vertex 5.295 0 31.8503
      vertex 8.31346 0 31.6268
      vertex 7.93242 0 31.9475
    endloop
  endfacet
  facet normal 0 -1 0
    outer loop
      vertex 4.83624 0 31.4614
      vertex 8.31346 0 31.6268
      vertex 5.295 0 31.8503
    endloop
  endfacet
  facet normal 0 -1 0
    outer loop
      vertex 4.83624 0 31.4614
      vertex 8.72749 0 31.3451
      vertex 8.31346 0 31.6268
    endloop
  endfacet
  facet normal 0 -1 0
    outer loop
      vertex 4.25166 0 31.1516
      vertex 8.72749 0 31.3451
      vertex 4.83624 0 31.4614
    endloop
  endfacet
  facet normal 0 -1 0
    outer loop
      vertex 4.25166 0 31.1516
      vertex 9.1745 0 31.1025
      vertex 8.72749 0 31.3451
    endloop
  endfacet
  facet normal 0 -1 0
    outer loop
      vertex 9.65451 0 30.8989
      vertex 4.25166 0 31.1516
      vertex 3.54643 0 30.9302
    endloop
  endfacet
  facet normal 0 -1 0
    outer loop
      vertex 4.25166 0 31.1516
      vertex 9.65451 0 30.8989
      vertex 9.1745 0 31.1025
    endloop
  endfacet
  facet normal 0 -1 0
    outer loop
      vertex 10.1619 0 30.7379
      vertex 3.54643 0 30.9302
      vertex 2.72057 0 30.7974
    endloop
  endfacet
  facet normal 0 -1 0
    outer loop
      vertex 33 0 6
      vertex 2.72057 0 30.7974
      vertex 1.77403 0 30.7531
    endloop
  endfacet
  facet normal 0 -1 0
    outer loop
      vertex 3.54643 0 30.9302
      vertex 10.1619 0 30.7379
      vertex 9.65451 0 30.8989
    endloop
  endfacet
  facet normal 0 -1 0
    outer loop
      vertex -33 0 6
      vertex -3.69785 0 30.7531
      vertex -8.95518 0 30.6247
    endloop
  endfacet
  facet normal 0 -1 -0
    outer loop
      vertex -3.69785 0 30.7531
      vertex -33 0 6
      vertex 1.77403 0 30.7531
    endloop
  endfacet
  facet normal 0 -1 0
    outer loop
      vertex 2.72057 0 30.7974
      vertex 33 0 6
      vertex 10.6909 0 30.6229
    endloop
  endfacet
  facet normal 0 -1 0
    outer loop
      vertex -33 0 6
      vertex -8.95518 0 30.6247
      vertex -9.51372 0 30.5544
    endloop
  endfacet
  facet normal 0 -1 0
    outer loop
      vertex 2.72057 0 30.7974
      vertex 10.6909 0 30.6229
      vertex 10.1619 0 30.7379
    endloop
  endfacet
  facet normal 0 -1 0
    outer loop
      vertex -33 0 6
      vertex -9.51372 0 30.5544
      vertex -10.0957 0 30.5309
    endloop
  endfacet
  facet normal 0 -1 0
    outer loop
      vertex 10.6909 0 30.6229
      vertex 33 0 6
      vertex 11.2417 0 30.5539
    endloop
  endfacet
  facet normal 0 -1 0
    outer loop
      vertex -9.51765 0 40.6735
      vertex -33 0 65
      vertex -10.1027 0 40.6969
    endloop
  endfacet
  facet normal 0 -1 0
    outer loop
      vertex -33 0 65
      vertex -10.6829 0 40.6735
      vertex -10.1027 0 40.6969
    endloop
  endfacet
  facet normal 0 -1 0
    outer loop
      vertex -33 0 65
      vertex -11.241 0 40.6032
      vertex -10.6829 0 40.6735
    endloop
  endfacet
  facet normal 0 -1 0
    outer loop
      vertex -33 0 65
      vertex -11.777 0 40.486
      vertex -11.241 0 40.6032
    endloop
  endfacet
  facet normal 0 -1 0
    outer loop
      vertex -33 0 65
      vertex -12.291 0 40.3219
      vertex -11.777 0 40.486
    endloop
  endfacet
  facet normal 0 -1 0
    outer loop
      vertex -33 0 65
      vertex -12.7771 0 40.1147
      vertex -12.291 0 40.3219
    endloop
  endfacet
  facet normal 0 -1 0
    outer loop
      vertex -33 0 65
      vertex -13.2294 0 39.8681
      vertex -12.7771 0 40.1147
    endloop
  endfacet
  facet normal 0 -1 0
    outer loop
      vertex -33 0 65
      vertex -13.6481 0 39.5821
      vertex -13.2294 0 39.8681
    endloop
  endfacet
  facet normal 0 -1 0
    outer loop
      vertex -33 0 65
      vertex -14.033 0 39.2566
      vertex -13.6481 0 39.5821
    endloop
  endfacet
  facet normal 0 -1 0
    outer loop
      vertex -33 0 65
      vertex -14.3806 0 38.897
      vertex -14.033 0 39.2566
    endloop
  endfacet
  facet normal 0 -1 0
    outer loop
      vertex -33 0 65
      vertex -14.6875 0 38.5086
      vertex -14.3806 0 38.897
    endloop
  endfacet
  facet normal 0 -1 0
    outer loop
      vertex -33 0 65
      vertex -14.9536 0 38.0915
      vertex -14.6875 0 38.5086
    endloop
  endfacet
  facet normal 0 -1 0
    outer loop
      vertex -33 0 65
      vertex -15.1788 0 37.6455
      vertex -14.9536 0 38.0915
    endloop
  endfacet
  facet normal 0 -1 0
    outer loop
      vertex -33 0 65
      vertex -15.358 0 37.1737
      vertex -15.1788 0 37.6455
    endloop
  endfacet
  facet normal 0 -1 0
    outer loop
      vertex -33 0 65
      vertex -15.486 0 36.6789
      vertex -15.358 0 37.1737
    endloop
  endfacet
  facet normal 0 -1 0
    outer loop
      vertex -33 0 65
      vertex -15.5628 0 36.1612
      vertex -15.486 0 36.6789
    endloop
  endfacet
  facet normal 0 -1 0
    outer loop
      vertex -33 0 65
      vertex -15.5884 0 35.6204
      vertex -15.5628 0 36.1612
    endloop
  endfacet
  facet normal 0 -1 0
    outer loop
      vertex -33 0 6
      vertex -15.5884 0 35.6204
      vertex -33 0 65
    endloop
  endfacet
  facet normal 0 -1 -0
    outer loop
      vertex -15.5884 0 35.6204
      vertex -33 0 6
      vertex -15.5628 0 35.0791
    endloop
  endfacet
  facet normal 0 -1 -0
    outer loop
      vertex -15.5628 0 35.0791
      vertex -33 0 6
      vertex -15.486 0 34.5595
    endloop
  endfacet
  facet normal 0 -1 -0
    outer loop
      vertex -15.486 0 34.5595
      vertex -33 0 6
      vertex -15.358 0 34.0618
    endloop
  endfacet
  facet normal 0 -1 -0
    outer loop
      vertex -15.358 0 34.0618
      vertex -33 0 6
      vertex -15.1788 0 33.5858
    endloop
  endfacet
  facet normal 0 -1 -0
    outer loop
      vertex 1.77403 0 30.7531
      vertex -33 0 6
      vertex 33 0 6
    endloop
  endfacet
  facet normal 0 -1 -0
    outer loop
      vertex -10.6782 0 30.5544
      vertex -33 0 6
      vertex -10.0957 0 30.5309
    endloop
  endfacet
  facet normal 0 -1 -0
    outer loop
      vertex -11.2381 0 30.6247
      vertex -33 0 6
      vertex -10.6782 0 30.5544
    endloop
  endfacet
  facet normal 0 -1 -0
    outer loop
      vertex -11.7754 0 30.7418
      vertex -33 0 6
      vertex -11.2381 0 30.6247
    endloop
  endfacet
  facet normal 0 -1 -0
    outer loop
      vertex -12.2901 0 30.9058
      vertex -33 0 6
      vertex -11.7754 0 30.7418
    endloop
  endfacet
  facet normal 0 -1 -0
    outer loop
      vertex -12.7766 0 31.1129
      vertex -33 0 6
      vertex -12.2901 0 30.9058
    endloop
  endfacet
  facet normal 0 -1 -0
    outer loop
      vertex -13.2292 0 31.359
      vertex -33 0 6
      vertex -12.7766 0 31.1129
    endloop
  endfacet
  facet normal 0 -1 -0
    outer loop
      vertex -13.648 0 31.6441
      vertex -33 0 6
      vertex -13.2292 0 31.359
    endloop
  endfacet
  facet normal 0 -1 -0
    outer loop
      vertex -14.033 0 31.9683
      vertex -33 0 6
      vertex -13.648 0 31.6441
    endloop
  endfacet
  facet normal 0 -1 -0
    outer loop
      vertex -14.3806 0 32.3272
      vertex -33 0 6
      vertex -14.033 0 31.9683
    endloop
  endfacet
  facet normal 0 -1 -0
    outer loop
      vertex -14.6875 0 32.7165
      vertex -33 0 6
      vertex -14.3806 0 32.3272
    endloop
  endfacet
  facet normal 0 -1 -0
    outer loop
      vertex -14.9536 0 33.136
      vertex -33 0 6
      vertex -14.6875 0 32.7165
    endloop
  endfacet
  facet normal 0 -1 -0
    outer loop
      vertex -15.1788 0 33.5858
      vertex -33 0 6
      vertex -14.9536 0 33.136
    endloop
  endfacet
  facet normal 0 -1 0
    outer loop
      vertex -33 0 65
      vertex -38 0 71
      vertex -35 0 65
    endloop
  endfacet
  facet normal 0 -1 0
    outer loop
      vertex -38 0 71
      vertex -35 0 6
      vertex -35 0 65
    endloop
  endfacet
  facet normal 0 -1 0
    outer loop
      vertex -38 0 0
      vertex -33 0 6
      vertex -35 0 6
    endloop
  endfacet
  facet normal 0 -1 -0
    outer loop
      vertex -33 0 6
      vertex -38 0 0
      vertex 33 0 6
    endloop
  endfacet
  facet normal 0 -1 0
    outer loop
      vertex 38 0 0
      vertex 33 0 6
      vertex -38 0 0
    endloop
  endfacet
  facet normal 0 -1 0
    outer loop
      vertex -38 0 0
      vertex -35 0 6
      vertex -38 0 71
    endloop
  endfacet
  facet normal 0 -1 0
    outer loop
      vertex -38 0 71
      vertex -33 0 65
      vertex 38 0 71
    endloop
  endfacet
  facet normal 0 -1 0
    outer loop
      vertex 33 0 65
      vertex 38 0 71
      vertex -33 0 65
    endloop
  endfacet
  facet normal 0 -1 0
    outer loop
      vertex 35 0 65
      vertex 38 0 71
      vertex 33 0 65
    endloop
  endfacet
  facet normal 0 -1 0
    outer loop
      vertex 35 0 6
      vertex 38 0 71
      vertex 35 0 65
    endloop
  endfacet
  facet normal 0 -1 0
    outer loop
      vertex 35 0 6
      vertex 38 0 0
      vertex 38 0 71
    endloop
  endfacet
  facet normal 0 -1 0
    outer loop
      vertex 33 0 6
      vertex 38 0 0
      vertex 35 0 6
    endloop
  endfacet
  facet normal 0 -1 0
    outer loop
      vertex -3.69785 0 40.4747
      vertex -33 0 65
      vertex -9.51765 0 40.6735
    endloop
  endfacet
  facet normal 0 -1 0
    outer loop
      vertex 12.5089 0 40.6657
      vertex 33 0 65
      vertex 11.8141 0 40.6969
    endloop
  endfacet
  facet normal 0 -1 0
    outer loop
      vertex 13.1629 0 40.5719
      vertex 33 0 65
      vertex 12.5089 0 40.6657
    endloop
  endfacet
  facet normal 0 -1 0
    outer loop
      vertex 13.7762 0 40.4157
      vertex 33 0 65
      vertex 13.1629 0 40.5719
    endloop
  endfacet
  facet normal 0 -1 0
    outer loop
      vertex 14.3486 0 40.1969
      vertex 33 0 65
      vertex 13.7762 0 40.4157
    endloop
  endfacet
  facet normal 0 -1 0
    outer loop
      vertex 14.8768 0 39.9192
      vertex 33 0 65
      vertex 14.3486 0 40.1969
    endloop
  endfacet
  facet normal 0 -1 0
    outer loop
      vertex 15.3572 0 39.5859
      vertex 33 0 65
      vertex 14.8768 0 39.9192
    endloop
  endfacet
  facet normal 0 -1 0
    outer loop
      vertex 15.7899 0 39.197
      vertex 33 0 65
      vertex 15.3572 0 39.5859
    endloop
  endfacet
  facet normal 0 -1 0
    outer loop
      vertex 16.1749 0 38.7526
      vertex 33 0 65
      vertex 15.7899 0 39.197
    endloop
  endfacet
  facet normal 0 -1 0
    outer loop
      vertex 9.71353 0 35.8852
      vertex 13.4091 0 37.5812
      vertex 9.74477 0 36.1434
    endloop
  endfacet
  facet normal 0 -1 -0
    outer loop
      vertex 13.4091 0 37.5812
      vertex 9.71353 0 35.8852
      vertex 13.6525 0 37.3864
    endloop
  endfacet
  facet normal 0 -1 0
    outer loop
      vertex 9.70311 0 35.6139
      vertex 13.6525 0 37.3864
      vertex 9.71353 0 35.8852
    endloop
  endfacet
  facet normal 0 -1 0
    outer loop
      vertex 14.1056 0 34.3223
      vertex 13.6525 0 37.3864
      vertex 9.70311 0 35.6139
    endloop
  endfacet
  facet normal 0 -1 0
    outer loop
      vertex 13.6525 0 37.3864
      vertex 14.1056 0 34.3223
      vertex 13.8847 0 37.1611
    endloop
  endfacet
  facet normal 0 -1 0
    outer loop
      vertex 14.1056 0 34.3223
      vertex 9.70311 0 35.6139
      vertex 9.71353 0 35.3427
    endloop
  endfacet
  facet normal 0 -1 0
    outer loop
      vertex 14.1056 0 34.3223
      vertex 9.71353 0 35.3427
      vertex 9.74477 0 35.0845
    endloop
  endfacet
  facet normal 0 -1 0
    outer loop
      vertex 14.1056 0 34.3223
      vertex 9.74477 0 35.0845
      vertex 9.79683 0 34.8392
    endloop
  endfacet
  facet normal 0 -1 0
    outer loop
      vertex 14.1056 0 34.3223
      vertex 9.79683 0 34.8392
      vertex 9.86971 0 34.607
    endloop
  endfacet
  facet normal 0 -1 0
    outer loop
      vertex 14.1056 0 34.3223
      vertex 9.86971 0 34.607
      vertex 9.9613 0 34.3896
    endloop
  endfacet
  facet normal 0 -1 0
    outer loop
      vertex 13.8847 0 37.1611
      vertex 14.1056 0 34.3223
      vertex 14.1056 0 36.9055
    endloop
  endfacet
  facet normal 0 -1 0
    outer loop
      vertex 14.1056 0 34.3223
      vertex 16.1749 0 38.7526
      vertex 14.1056 0 36.9055
    endloop
  endfacet
  facet normal 0 -1 0
    outer loop
      vertex 16.1749 0 32.4752
      vertex 16.1749 0 38.7526
      vertex 14.1056 0 34.3223
    endloop
  endfacet
  facet normal 0 -1 0
    outer loop
      vertex 16.1749 0 38.7526
      vertex 16.1749 0 32.4752
      vertex 33 0 65
    endloop
  endfacet
  facet normal 0 -1 0
    outer loop
      vertex 11.2417 0 30.5539
      vertex 33 0 6
      vertex 11.8141 0 30.5309
    endloop
  endfacet
  facet normal 0 -1 0
    outer loop
      vertex 11.8141 0 30.5309
      vertex 33 0 6
      vertex 12.5089 0 30.5626
    endloop
  endfacet
  facet normal 0 -1 0
    outer loop
      vertex 12.5089 0 30.5626
      vertex 33 0 6
      vertex 13.1629 0 30.6577
    endloop
  endfacet
  facet normal 0 -1 0
    outer loop
      vertex 13.1629 0 30.6577
      vertex 33 0 6
      vertex 13.7762 0 30.8161
    endloop
  endfacet
  facet normal 0 -1 0
    outer loop
      vertex 16.1749 0 32.4752
      vertex 33 0 6
      vertex 33 0 65
    endloop
  endfacet
  facet normal 0 -1 0
    outer loop
      vertex 15.7899 0 32.0365
      vertex 33 0 6
      vertex 16.1749 0 32.4752
    endloop
  endfacet
  facet normal 0 -1 0
    outer loop
      vertex 15.3572 0 31.6506
      vertex 33 0 6
      vertex 15.7899 0 32.0365
    endloop
  endfacet
  facet normal 0 -1 0
    outer loop
      vertex 14.8768 0 31.3178
      vertex 33 0 6
      vertex 15.3572 0 31.6506
    endloop
  endfacet
  facet normal 0 -1 0
    outer loop
      vertex 14.3486 0 31.0378
      vertex 33 0 6
      vertex 14.8768 0 31.3178
    endloop
  endfacet
  facet normal 0 -1 0
    outer loop
      vertex 13.7762 0 30.8161
      vertex 33 0 6
      vertex 14.3486 0 31.0378
    endloop
  endfacet
  facet normal 0 -1 0
    outer loop
      vertex -10.3276 0 38.0339
      vertex -9.87654 0 38.0339
      vertex -10.102 0 38.0443
    endloop
  endfacet
  facet normal 0 -1 0
    outer loop
      vertex -10.5452 0 38.0026
      vertex -9.87654 0 38.0339
      vertex -10.3276 0 38.0339
    endloop
  endfacet
  facet normal 0 -1 0
    outer loop
      vertex -10.5452 0 38.0026
      vertex -9.65906 0 38.0026
      vertex -9.87654 0 38.0339
    endloop
  endfacet
  facet normal 0 -1 0
    outer loop
      vertex -10.755 0 37.9505
      vertex -9.65906 0 38.0026
      vertex -10.5452 0 38.0026
    endloop
  endfacet
  facet normal 0 -1 0
    outer loop
      vertex -10.755 0 37.9505
      vertex -9.44954 0 37.9505
      vertex -9.65906 0 38.0026
    endloop
  endfacet
  facet normal 0 -1 0
    outer loop
      vertex -10.9568 0 37.8776
      vertex -9.44954 0 37.9505
      vertex -10.755 0 37.9505
    endloop
  endfacet
  facet normal 0 -1 0
    outer loop
      vertex -10.9568 0 37.8776
      vertex -9.248 0 37.8776
      vertex -9.44954 0 37.9505
    endloop
  endfacet
  facet normal 0 -1 0
    outer loop
      vertex -11.1486 0 37.7852
      vertex -9.248 0 37.8776
      vertex -10.9568 0 37.8776
    endloop
  endfacet
  facet normal 0 -1 0
    outer loop
      vertex -11.1486 0 37.7852
      vertex -9.05644 0 37.7852
      vertex -9.248 0 37.8776
    endloop
  endfacet
  facet normal 0 -1 0
    outer loop
      vertex -11.3283 0 37.6745
      vertex -9.05644 0 37.7852
      vertex -11.1486 0 37.7852
    endloop
  endfacet
  facet normal 0 -1 0
    outer loop
      vertex -11.3283 0 37.6745
      vertex -8.87695 0 37.6745
      vertex -9.05644 0 37.7852
    endloop
  endfacet
  facet normal 0 -1 0
    outer loop
      vertex -11.4958 0 37.5457
      vertex -8.87695 0 37.6745
      vertex -11.3283 0 37.6745
    endloop
  endfacet
  facet normal 0 -1 0
    outer loop
      vertex -11.4958 0 37.5457
      vertex -8.70953 0 37.5457
      vertex -8.87695 0 37.6745
    endloop
  endfacet
  facet normal 0 -1 0
    outer loop
      vertex -11.6512 0 37.3985
      vertex -8.70953 0 37.5457
      vertex -11.4958 0 37.5457
    endloop
  endfacet
  facet normal 0 -1 0
    outer loop
      vertex -11.6512 0 37.3985
      vertex -8.5542 0 37.3985
      vertex -8.70953 0 37.5457
    endloop
  endfacet
  facet normal 0 -1 0
    outer loop
      vertex -11.7923 0 37.2336
      vertex -8.5542 0 37.3985
      vertex -11.6512 0 37.3985
    endloop
  endfacet
  facet normal 0 -1 0
    outer loop
      vertex -11.7923 0 37.2336
      vertex -8.41315 0 37.2336
      vertex -8.5542 0 37.3985
    endloop
  endfacet
  facet normal 0 -1 0
    outer loop
      vertex -11.9168 0 37.0513
      vertex -8.41315 0 37.2336
      vertex -11.7923 0 37.2336
    endloop
  endfacet
  facet normal 0 -1 0
    outer loop
      vertex -11.9168 0 37.0513
      vertex -8.2886 0 37.0513
      vertex -8.41315 0 37.2336
    endloop
  endfacet
  facet normal 0 -1 0
    outer loop
      vertex -12.0249 0 36.8516
      vertex -8.2886 0 37.0513
      vertex -11.9168 0 37.0513
    endloop
  endfacet
  facet normal 0 -1 0
    outer loop
      vertex -12.0249 0 36.8516
      vertex -8.18056 0 36.8516
      vertex -8.2886 0 37.0513
    endloop
  endfacet
  facet normal 0 -1 0
    outer loop
      vertex -12.1165 0 36.6346
      vertex -8.18056 0 36.8516
      vertex -12.0249 0 36.8516
    endloop
  endfacet
  facet normal 0 -1 0
    outer loop
      vertex -12.1165 0 36.6346
      vertex -8.089 0 36.6346
      vertex -8.18056 0 36.8516
    endloop
  endfacet
  facet normal 0 -1 0
    outer loop
      vertex -12.1894 0 36.4016
      vertex -8.089 0 36.6346
      vertex -12.1165 0 36.6346
    endloop
  endfacet
  facet normal 0 -1 0
    outer loop
      vertex -12.1894 0 36.4016
      vertex -8.01607 0 36.4016
      vertex -8.089 0 36.6346
    endloop
  endfacet
  facet normal 0 -1 0
    outer loop
      vertex -12.2415 0 36.1538
      vertex -8.01607 0 36.4016
      vertex -12.1894 0 36.4016
    endloop
  endfacet
  facet normal 0 -1 0
    outer loop
      vertex -12.2415 0 36.1538
      vertex -7.96397 0 36.1538
      vertex -8.01607 0 36.4016
    endloop
  endfacet
  facet normal 0 -1 0
    outer loop
      vertex -12.2727 0 35.8912
      vertex -7.96397 0 36.1538
      vertex -12.2415 0 36.1538
    endloop
  endfacet
  facet normal 0 -1 0
    outer loop
      vertex -12.2727 0 35.8912
      vertex -7.93272 0 35.8912
      vertex -7.96397 0 36.1538
    endloop
  endfacet
  facet normal 0 -1 0
    outer loop
      vertex -12.2831 0 35.6139
      vertex -7.93272 0 35.8912
      vertex -12.2727 0 35.8912
    endloop
  endfacet
  facet normal 0 -1 0
    outer loop
      vertex -12.2831 0 35.6139
      vertex -7.9223 0 35.6139
      vertex -7.93272 0 35.8912
    endloop
  endfacet
  facet normal 0 -1 0
    outer loop
      vertex -12.2727 0 35.3366
      vertex -7.9223 0 35.6139
      vertex -12.2831 0 35.6139
    endloop
  endfacet
  facet normal 0 -1 0
    outer loop
      vertex -12.2727 0 35.3366
      vertex -7.93272 0 35.3366
      vertex -7.9223 0 35.6139
    endloop
  endfacet
  facet normal 0 -1 0
    outer loop
      vertex -12.2415 0 35.074
      vertex -7.93272 0 35.3366
      vertex -12.2727 0 35.3366
    endloop
  endfacet
  facet normal 0 -1 0
    outer loop
      vertex -12.2415 0 35.074
      vertex -7.96397 0 35.074
      vertex -7.93272 0 35.3366
    endloop
  endfacet
  facet normal 0 -1 0
    outer loop
      vertex -12.1894 0 34.8262
      vertex -7.96397 0 35.074
      vertex -12.2415 0 35.074
    endloop
  endfacet
  facet normal 0 -1 0
    outer loop
      vertex -12.1894 0 34.8262
      vertex -8.01607 0 34.8262
      vertex -7.96397 0 35.074
    endloop
  endfacet
  facet normal 0 -1 0
    outer loop
      vertex -12.1165 0 34.5931
      vertex -8.01607 0 34.8262
      vertex -12.1894 0 34.8262
    endloop
  endfacet
  facet normal 0 -1 0
    outer loop
      vertex -12.1165 0 34.5931
      vertex -8.089 0 34.5931
      vertex -8.01607 0 34.8262
    endloop
  endfacet
  facet normal 0 -1 0
    outer loop
      vertex -12.0249 0 34.3762
      vertex -8.089 0 34.5931
      vertex -12.1165 0 34.5931
    endloop
  endfacet
  facet normal 0 -1 0
    outer loop
      vertex -12.0249 0 34.3762
      vertex -8.18056 0 34.3762
      vertex -8.089 0 34.5931
    endloop
  endfacet
  facet normal 0 -1 0
    outer loop
      vertex -11.9168 0 34.1765
      vertex -8.18056 0 34.3762
      vertex -12.0249 0 34.3762
    endloop
  endfacet
  facet normal 0 -1 0
    outer loop
      vertex -11.9168 0 34.1765
      vertex -8.2886 0 34.1765
      vertex -8.18056 0 34.3762
    endloop
  endfacet
  facet normal 0 -1 0
    outer loop
      vertex -11.7923 0 33.9943
      vertex -8.2886 0 34.1765
      vertex -11.9168 0 34.1765
    endloop
  endfacet
  facet normal 0 -1 0
    outer loop
      vertex -11.7923 0 33.9943
      vertex -8.41315 0 33.9943
      vertex -8.2886 0 34.1765
    endloop
  endfacet
  facet normal 0 -1 0
    outer loop
      vertex -11.6512 0 33.8293
      vertex -8.41315 0 33.9943
      vertex -11.7923 0 33.9943
    endloop
  endfacet
  facet normal 0 -1 0
    outer loop
      vertex -11.6512 0 33.8293
      vertex -8.5542 0 33.8293
      vertex -8.41315 0 33.9943
    endloop
  endfacet
  facet normal 0 -1 0
    outer loop
      vertex -11.4959 0 33.6822
      vertex -8.5542 0 33.8293
      vertex -11.6512 0 33.8293
    endloop
  endfacet
  facet normal 0 -1 0
    outer loop
      vertex -11.4959 0 33.6822
      vertex -8.70958 0 33.6822
      vertex -8.5542 0 33.8293
    endloop
  endfacet
  facet normal 0 -1 0
    outer loop
      vertex -11.3285 0 33.5533
      vertex -8.70958 0 33.6822
      vertex -11.4959 0 33.6822
    endloop
  endfacet
  facet normal 0 -1 0
    outer loop
      vertex -11.3285 0 33.5533
      vertex -8.87711 0 33.5533
      vertex -8.70958 0 33.6822
    endloop
  endfacet
  facet normal 0 -1 0
    outer loop
      vertex -11.149 0 33.4426
      vertex -8.87711 0 33.5533
      vertex -11.3285 0 33.5533
    endloop
  endfacet
  facet normal 0 -1 0
    outer loop
      vertex -11.149 0 33.4426
      vertex -9.05678 0 33.4426
      vertex -8.87711 0 33.5533
    endloop
  endfacet
  facet normal 0 -1 0
    outer loop
      vertex -10.9575 0 33.3501
      vertex -9.05678 0 33.4426
      vertex -11.149 0 33.4426
    endloop
  endfacet
  facet normal 0 -1 0
    outer loop
      vertex -10.9575 0 33.3501
      vertex -9.2486 0 33.3501
      vertex -9.05678 0 33.4426
    endloop
  endfacet
  facet normal 0 -1 0
    outer loop
      vertex -10.7559 0 33.2773
      vertex -9.2486 0 33.3501
      vertex -10.9575 0 33.3501
    endloop
  endfacet
  facet normal 0 -1 0
    outer loop
      vertex -10.7559 0 33.2773
      vertex -9.45044 0 33.2773
      vertex -9.2486 0 33.3501
    endloop
  endfacet
  facet normal 0 -1 0
    outer loop
      vertex -10.5464 0 33.2252
      vertex -9.45044 0 33.2773
      vertex -10.7559 0 33.2773
    endloop
  endfacet
  facet normal 0 -1 0
    outer loop
      vertex -10.5464 0 33.2252
      vertex -9.66017 0 33.2252
      vertex -9.45044 0 33.2773
    endloop
  endfacet
  facet normal 0 -1 0
    outer loop
      vertex -10.3288 0 33.1939
      vertex -9.66017 0 33.2252
      vertex -10.5464 0 33.2252
    endloop
  endfacet
  facet normal 0 -1 0
    outer loop
      vertex -10.3288 0 33.1939
      vertex -9.87779 0 33.1939
      vertex -9.66017 0 33.2252
    endloop
  endfacet
  facet normal -0 -1 0
    outer loop
      vertex -9.87779 0 33.1939
      vertex -10.3288 0 33.1939
      vertex -10.1033 0 33.1835
    endloop
  endfacet
  facet normal 0 -1 0
    outer loop
      vertex 1.49625 0 33.0446
      vertex 1.49625 0 34.5723
      vertex -0.475845 0 34.5723
    endloop
  endfacet
  facet normal 0 -1 0
    outer loop
      vertex 1.49625 0 34.5723
      vertex 1.49625 0 33.0446
      vertex 1.75015 0 34.5602
    endloop
  endfacet
  facet normal -0 -1 0
    outer loop
      vertex 1.75015 0 33.0568
      vertex 1.75015 0 34.5602
      vertex 1.49625 0 33.0446
    endloop
  endfacet
  facet normal 0 -1 0
    outer loop
      vertex 1.75015 0 34.5602
      vertex 1.75015 0 33.0568
      vertex 1.97021 0 34.5237
    endloop
  endfacet
  facet normal -0 -1 0
    outer loop
      vertex 1.97021 0 33.0932
      vertex 1.97021 0 34.5237
      vertex 1.75015 0 33.0568
    endloop
  endfacet
  facet normal 0 -1 0
    outer loop
      vertex 1.97021 0 34.5237
      vertex 1.97021 0 33.0932
      vertex 2.1564 0 34.4629
    endloop
  endfacet
  facet normal -0 -1 0
    outer loop
      vertex 2.1564 0 33.154
      vertex 2.1564 0 34.4629
      vertex 1.97021 0 33.0932
    endloop
  endfacet
  facet normal -0 -1 0
    outer loop
      vertex 2.57954 0 33.8085
      vertex 2.1564 0 34.4629
      vertex 2.1564 0 33.154
    endloop
  endfacet
  facet normal -0 -1 -0
    outer loop
      vertex 2.56261 0 33.9847
      vertex 2.30875 0 34.3778
      vertex 2.57954 0 33.8085
    endloop
  endfacet
  facet normal 0 -1 0
    outer loop
      vertex 2.42722 0 34.2693
      vertex 2.56261 0 33.9847
      vertex 2.51184 0 34.1383
    endloop
  endfacet
  facet normal 0 -1 0
    outer loop
      vertex 2.30875 0 34.3778
      vertex 2.56261 0 33.9847
      vertex 2.42722 0 34.2693
    endloop
  endfacet
  facet normal 0 -1 0
    outer loop
      vertex 2.1564 0 34.4629
      vertex 2.57954 0 33.8085
      vertex 2.30875 0 34.3778
    endloop
  endfacet
  facet normal 0 -1 0
    outer loop
      vertex 2.57954 0 33.8085
      vertex 2.1564 0 33.154
      vertex 2.56261 0 33.6323
    endloop
  endfacet
  facet normal -0 -1 0
    outer loop
      vertex 2.30875 0 33.239
      vertex 2.56261 0 33.6323
      vertex 2.1564 0 33.154
    endloop
  endfacet
  facet normal 0 -1 0
    outer loop
      vertex 2.51184 0 33.4787
      vertex 2.30875 0 33.239
      vertex 2.42722 0 33.3476
    endloop
  endfacet
  facet normal 0 -1 0
    outer loop
      vertex 1.49625 0 33.0446
      vertex -0.475845 0 34.5723
      vertex -0.475845 0 33.0446
    endloop
  endfacet
  facet normal 0 -1 0
    outer loop
      vertex 2.56261 0 33.6323
      vertex 2.30875 0 33.239
      vertex 2.51184 0 33.4787
    endloop
  endfacet
  facet normal 0 -1 0
    outer loop
      vertex 1.05183 0 36.7388
      vertex 1.05183 0 38.1832
      vertex -0.475845 0 38.1832
    endloop
  endfacet
  facet normal 0 -1 0
    outer loop
      vertex 1.05183 0 38.1832
      vertex 1.05183 0 36.7388
      vertex 1.31093 0 38.1719
    endloop
  endfacet
  facet normal -0 -1 0
    outer loop
      vertex 1.31093 0 36.7505
      vertex 1.31093 0 38.1719
      vertex 1.05183 0 36.7388
    endloop
  endfacet
  facet normal 0 -1 0
    outer loop
      vertex 1.31093 0 38.1719
      vertex 1.31093 0 36.7505
      vertex 1.53268 0 38.1381
    endloop
  endfacet
  facet normal -0 -1 0
    outer loop
      vertex 1.53268 0 36.7857
      vertex 1.53268 0 38.1381
      vertex 1.31093 0 36.7505
    endloop
  endfacet
  facet normal -0 -1 0
    outer loop
      vertex 1.71713 0 36.8443
      vertex 1.53268 0 38.1381
      vertex 1.53268 0 36.7857
    endloop
  endfacet
  facet normal 0 -1 0
    outer loop
      vertex 1.53268 0 38.1381
      vertex 1.71713 0 36.8443
      vertex 1.71713 0 38.0816
    endloop
  endfacet
  facet normal -0 -1 0
    outer loop
      vertex 2.12125 0 37.461
      vertex 1.71713 0 38.0816
      vertex 1.71713 0 36.8443
    endloop
  endfacet
  facet normal -0 -1 -0
    outer loop
      vertex 2.10518 0 37.6303
      vertex 1.71713 0 38.0816
      vertex 2.12125 0 37.461
    endloop
  endfacet
  facet normal 0 -1 0
    outer loop
      vertex 1.97667 0 37.9011
      vertex 2.10518 0 37.6303
      vertex 2.05699 0 37.777
    endloop
  endfacet
  facet normal 0 -1 0
    outer loop
      vertex 1.86424 0 38.0026
      vertex 2.10518 0 37.6303
      vertex 1.97667 0 37.9011
    endloop
  endfacet
  facet normal 0 -1 0
    outer loop
      vertex 1.71713 0 38.0816
      vertex 2.10518 0 37.6303
      vertex 1.86424 0 38.0026
    endloop
  endfacet
  facet normal -0 -1 0
    outer loop
      vertex 1.86424 0 36.9263
      vertex 2.10518 0 37.2974
      vertex 1.71713 0 36.8443
    endloop
  endfacet
  facet normal 0 -1 0
    outer loop
      vertex 2.10518 0 37.2974
      vertex 1.86424 0 36.9263
      vertex 2.05699 0 37.1537
    endloop
  endfacet
  facet normal 0 -1 0
    outer loop
      vertex 2.05699 0 37.1537
      vertex 1.86424 0 36.9263
      vertex 1.97667 0 37.03
    endloop
  endfacet
  facet normal 0 -1 0
    outer loop
      vertex 1.05183 0 36.7388
      vertex -0.475845 0 38.1832
      vertex -0.475845 0 36.7388
    endloop
  endfacet
  facet normal 0 -1 0
    outer loop
      vertex 2.12125 0 37.461
      vertex 1.71713 0 36.8443
      vertex 2.10518 0 37.2974
    endloop
  endfacet
  facet normal 0 -1 0
    outer loop
      vertex -35 -1.8 6
      vertex -33 -1.8 65
      vertex -35 -1.8 65
    endloop
  endfacet
  facet normal 0 -1 -0
    outer loop
      vertex -33 -1.8 65
      vertex -35 -1.8 6
      vertex -33 -1.8 6
    endloop
  endfacet
  facet normal -1 0 0
    outer loop
      vertex -35 -1.8 6
      vertex -35 0 65
      vertex -35 0 6
    endloop
  endfacet
  facet normal -1 -0 0
    outer loop
      vertex -35 0 65
      vertex -35 -1.8 6
      vertex -35 -1.8 65
    endloop
  endfacet
  facet normal 0 0 -1
    outer loop
      vertex -35 -1.8 6
      vertex -33 0 6
      vertex -33 -1.8 6
    endloop
  endfacet
  facet normal -0 0 -1
    outer loop
      vertex -33 0 6
      vertex -35 -1.8 6
      vertex -35 0 6
    endloop
  endfacet
  facet normal -0 0 1
    outer loop
      vertex -35 0 65
      vertex -33 -1.8 65
      vertex -33 0 65
    endloop
  endfacet
  facet normal 0 0 1
    outer loop
      vertex -33 -1.8 65
      vertex -35 0 65
      vertex -35 -1.8 65
    endloop
  endfacet
  facet normal 1 -0 0
    outer loop
      vertex 35 -1.8 65
      vertex 35 0 6
      vertex 35 0 65
    endloop
  endfacet
  facet normal 1 0 0
    outer loop
      vertex 35 0 6
      vertex 35 -1.8 65
      vertex 35 -1.8 6
    endloop
  endfacet
  facet normal 0 -1 0
    outer loop
      vertex 33 -1.8 6
      vertex 35 -1.8 65
      vertex 33 -1.8 65
    endloop
  endfacet
  facet normal 0 -1 -0
    outer loop
      vertex 35 -1.8 65
      vertex 33 -1.8 6
      vertex 35 -1.8 6
    endloop
  endfacet
  facet normal -1 0 0
    outer loop
      vertex 33 -1.8 6
      vertex 33 0 65
      vertex 33 0 6
    endloop
  endfacet
  facet normal -1 -0 0
    outer loop
      vertex 33 0 65
      vertex 33 -1.8 6
      vertex 33 -1.8 65
    endloop
  endfacet
  facet normal 0 0 -1
    outer loop
      vertex 33 -1.8 6
      vertex 35 0 6
      vertex 35 -1.8 6
    endloop
  endfacet
  facet normal -0 0 -1
    outer loop
      vertex 35 0 6
      vertex 33 -1.8 6
      vertex 33 0 6
    endloop
  endfacet
  facet normal -0 0 1
    outer loop
      vertex 33 0 65
      vertex 35 -1.8 65
      vertex 35 0 65
    endloop
  endfacet
  facet normal 0 0 1
    outer loop
      vertex 35 -1.8 65
      vertex 33 0 65
      vertex 33 -1.8 65
    endloop
  endfacet
  facet normal -0.915776 0.40169 0
    outer loop
      vertex -43.8164 39.4729 0
      vertex -43.023 41.2817 71
      vertex -43.023 41.2817 0
    endloop
  endfacet
  facet normal -0.915776 0.40169 0
    outer loop
      vertex -43.023 41.2817 71
      vertex -43.8164 39.4729 0
      vertex -43.8164 39.4729 71
    endloop
  endfacet
  facet normal 0.735731 -0.677274 0
    outer loop
      vertex 41.6853 1.26515 71
      vertex 43.023 2.71831 0
      vertex 43.023 2.71831 71
    endloop
  endfacet
  facet normal 0.735731 -0.677274 0
    outer loop
      vertex 43.023 2.71831 0
      vertex 41.6853 1.26515 71
      vertex 41.6853 1.26515 0
    endloop
  endfacet
  facet normal 0.475937 -0.879479 0
    outer loop
      vertex 39.9482 0.325104 0
      vertex 41.6853 1.26515 71
      vertex 39.9482 0.325104 71
    endloop
  endfacet
  facet normal 0.475937 -0.879479 0
    outer loop
      vertex 41.6853 1.26515 71
      vertex 39.9482 0.325104 0
      vertex 41.6853 1.26515 0
    endloop
  endfacet
  facet normal -0.99232 0.123695 0
    outer loop
      vertex -44 38 0
      vertex -43.8164 39.4729 71
      vertex -43.8164 39.4729 0
    endloop
  endfacet
  facet normal -0.99232 0.123695 0
    outer loop
      vertex -43.8164 39.4729 71
      vertex -44 38 0
      vertex -44 38 71
    endloop
  endfacet
  facet normal -0.677296 -0.735711 0
    outer loop
      vertex -42.7348 2.31473 0
      vertex -41.2817 0.977005 71
      vertex -42.7348 2.31473 71
    endloop
  endfacet
  facet normal -0.677296 -0.735711 -0
    outer loop
      vertex -41.2817 0.977005 71
      vertex -42.7348 2.31473 0
      vertex -41.2817 0.977005 0
    endloop
  endfacet
  facet normal 0.164598 -0.986361 0
    outer loop
      vertex 38 0 0
      vertex 39.9482 0.325104 71
      vertex 38 0 71
    endloop
  endfacet
  facet normal 0.164598 -0.986361 0
    outer loop
      vertex 39.9482 0.325104 71
      vertex 38 0 0
      vertex 39.9482 0.325104 0
    endloop
  endfacet
  facet normal -0.164596 0.986361 0
    outer loop
      vertex -38 44 0
      vertex -39.9482 43.6749 71
      vertex -38 44 71
    endloop
  endfacet
  facet normal -0.164596 0.986361 0
    outer loop
      vertex -39.9482 43.6749 71
      vertex -38 44 0
      vertex -39.9482 43.6749 0
    endloop
  endfacet
  facet normal -1 0 0
    outer loop
      vertex -44 35.9751 60.3463
      vertex -44 38 71
      vertex -44 35.9751 51.1537
    endloop
  endfacet
  facet normal -1 0 0
    outer loop
      vertex -44 38 71
      vertex -44 35.9751 60.3463
      vertex -44 36 60.7712
    endloop
  endfacet
  facet normal -1 0 0
    outer loop
      vertex -44 35.868 51.7596
      vertex -44 35.9751 60.3463
      vertex -44 35.9751 51.1537
    endloop
  endfacet
  facet normal -1 0 0
    outer loop
      vertex -44 35.868 51.7596
      vertex -44 35.868 59.7404
      vertex -44 35.9751 60.3463
    endloop
  endfacet
  facet normal -1 0 0
    outer loop
      vertex -44 35.8605 51.8024
      vertex -44 35.868 59.7404
      vertex -44 35.868 51.7596
    endloop
  endfacet
  facet normal -1 0 0
    outer loop
      vertex -44 35.8605 51.8024
      vertex -44 35.8605 59.6976
      vertex -44 35.868 59.7404
    endloop
  endfacet
  facet normal -1 0 0
    outer loop
      vertex -44 35.6704 52.4411
      vertex -44 35.8605 59.6976
      vertex -44 35.8605 51.8024
    endloop
  endfacet
  facet normal -1 0 0
    outer loop
      vertex -44 35.6704 52.4411
      vertex -44 35.6704 59.0589
      vertex -44 35.8605 59.6976
    endloop
  endfacet
  facet normal -1 0 0
    outer loop
      vertex -44 35.4063 53.0652
      vertex -44 35.6704 59.0589
      vertex -44 35.6704 52.4411
    endloop
  endfacet
  facet normal -1 0 0
    outer loop
      vertex -44 35.4063 53.0652
      vertex -44 35.4063 58.4349
      vertex -44 35.6704 59.0589
    endloop
  endfacet
  facet normal -1 0 0
    outer loop
      vertex -44 35.2864 53.2808
      vertex -44 35.4063 58.4349
      vertex -44 35.4063 53.0652
    endloop
  endfacet
  facet normal -1 0 0
    outer loop
      vertex -44 35.2864 53.2808
      vertex -44 35.2864 58.2192
      vertex -44 35.4063 58.4349
    endloop
  endfacet
  facet normal -1 0 0
    outer loop
      vertex -44 35.0702 53.6696
      vertex -44 35.2864 58.2192
      vertex -44 35.2864 53.2808
    endloop
  endfacet
  facet normal -1 0 0
    outer loop
      vertex -44 35.0702 53.6696
      vertex -44 35.0702 57.8304
      vertex -44 35.2864 58.2192
    endloop
  endfacet
  facet normal -1 0 0
    outer loop
      vertex -44 34.8898 53.9278
      vertex -44 35.0702 57.8304
      vertex -44 35.0702 53.6696
    endloop
  endfacet
  facet normal -1 0 0
    outer loop
      vertex -44 34.8898 53.9278
      vertex -44 34.8898 57.5722
      vertex -44 35.0702 57.8304
    endloop
  endfacet
  facet normal -1 0 0
    outer loop
      vertex -44 34.6647 54.25
      vertex -44 34.8898 57.5722
      vertex -44 34.8898 53.9278
    endloop
  endfacet
  facet normal -1 0 0
    outer loop
      vertex -44 34.6647 54.25
      vertex -44 34.6647 57.25
      vertex -44 34.8898 57.5722
    endloop
  endfacet
  facet normal -1 0 0
    outer loop
      vertex -44 34.2523 54.7322
      vertex -44 34.6647 57.25
      vertex -44 34.6647 54.25
    endloop
  endfacet
  facet normal -1 0 0
    outer loop
      vertex -44 34.2523 54.7322
      vertex -44 34.2523 56.7678
      vertex -44 34.6647 57.25
    endloop
  endfacet
  facet normal -1 0 0
    outer loop
      vertex -44 34.2138 54.7773
      vertex -44 34.2523 56.7678
      vertex -44 34.2523 54.7322
    endloop
  endfacet
  facet normal -1 0 0
    outer loop
      vertex -44 34.2138 54.7773
      vertex -44 34.2138 56.7227
      vertex -44 34.2523 56.7678
    endloop
  endfacet
  facet normal -1 0 0
    outer loop
      vertex -44 34 54.989
      vertex -44 34.2138 56.7227
      vertex -44 34.2138 54.7773
    endloop
  endfacet
  facet normal -1 0 0
    outer loop
      vertex -44 34 54.989
      vertex -44 34 56.511
      vertex -44 34.2138 56.7227
    endloop
  endfacet
  facet normal -1 0 0
    outer loop
      vertex -44 10 54.989
      vertex -44 34 56.511
      vertex -44 34 54.989
    endloop
  endfacet
  facet normal -1 0 0
    outer loop
      vertex -44 10 54.989
      vertex -44 10 56.511
      vertex -44 34 56.511
    endloop
  endfacet
  facet normal -1 0 0
    outer loop
      vertex -44 9.78621 54.7773
      vertex -44 10 56.511
      vertex -44 10 54.989
    endloop
  endfacet
  facet normal -1 0 0
    outer loop
      vertex -44 9.78621 54.7773
      vertex -44 9.78621 56.7227
      vertex -44 10 56.511
    endloop
  endfacet
  facet normal -1 0 0
    outer loop
      vertex -44 9.74767 54.7322
      vertex -44 9.78621 56.7227
      vertex -44 9.78621 54.7773
    endloop
  endfacet
  facet normal -1 0 0
    outer loop
      vertex -44 9.74767 54.7322
      vertex -44 9.74767 56.7678
      vertex -44 9.78621 56.7227
    endloop
  endfacet
  facet normal -1 0 0
    outer loop
      vertex -44 9.33533 54.25
      vertex -44 9.74767 56.7678
      vertex -44 9.74767 54.7322
    endloop
  endfacet
  facet normal -1 0 0
    outer loop
      vertex -44 9.33533 54.25
      vertex -44 9.33533 57.25
      vertex -44 9.74767 56.7678
    endloop
  endfacet
  facet normal -1 0 0
    outer loop
      vertex -44 9.11021 53.9278
      vertex -44 9.33533 57.25
      vertex -44 9.33533 54.25
    endloop
  endfacet
  facet normal -1 0 0
    outer loop
      vertex -44 9.11021 53.9278
      vertex -44 9.11021 57.5722
      vertex -44 9.33533 57.25
    endloop
  endfacet
  facet normal -1 0 0
    outer loop
      vertex -44 8.9298 53.6696
      vertex -44 9.11021 57.5722
      vertex -44 9.11021 53.9278
    endloop
  endfacet
  facet normal -1 0 0
    outer loop
      vertex -44 8.9298 53.6696
      vertex -44 8.9298 57.8304
      vertex -44 9.11021 57.5722
    endloop
  endfacet
  facet normal -1 0 0
    outer loop
      vertex -44 8.71362 53.2808
      vertex -44 8.9298 57.8304
      vertex -44 8.9298 53.6696
    endloop
  endfacet
  facet normal -1 0 0
    outer loop
      vertex -44 8.71362 53.2808
      vertex -44 8.71362 58.2192
      vertex -44 8.9298 57.8304
    endloop
  endfacet
  facet normal -1 0 0
    outer loop
      vertex -44 8.5937 53.0652
      vertex -44 8.71362 58.2192
      vertex -44 8.71362 53.2808
    endloop
  endfacet
  facet normal -1 0 0
    outer loop
      vertex -44 8.5937 53.0652
      vertex -44 8.5937 58.4349
      vertex -44 8.71362 58.2192
    endloop
  endfacet
  facet normal -1 0 0
    outer loop
      vertex -44 8.32961 52.4411
      vertex -44 8.5937 58.4349
      vertex -44 8.5937 53.0652
    endloop
  endfacet
  facet normal -1 0 0
    outer loop
      vertex -44 8.32961 52.4411
      vertex -44 8.32961 59.0589
      vertex -44 8.5937 58.4349
    endloop
  endfacet
  facet normal -1 0 0
    outer loop
      vertex -44 8.13952 51.8024
      vertex -44 8.32961 59.0589
      vertex -44 8.32961 52.4411
    endloop
  endfacet
  facet normal -1 0 0
    outer loop
      vertex -44 8.13952 51.8024
      vertex -44 8.13952 59.6976
      vertex -44 8.32961 59.0589
    endloop
  endfacet
  facet normal -1 0 0
    outer loop
      vertex -44 8.13196 51.7596
      vertex -44 8.13952 59.6976
      vertex -44 8.13952 51.8024
    endloop
  endfacet
  facet normal -1 0 0
    outer loop
      vertex -44 8.13196 51.7596
      vertex -44 8.13196 59.7404
      vertex -44 8.13952 59.6976
    endloop
  endfacet
  facet normal -1 0 0
    outer loop
      vertex -44 8.02491 51.1537
      vertex -44 8.13196 59.7404
      vertex -44 8.13196 51.7596
    endloop
  endfacet
  facet normal -1 0 0
    outer loop
      vertex -44 8.02491 51.1537
      vertex -44 8.02491 60.3463
      vertex -44 8.13196 59.7404
    endloop
  endfacet
  facet normal -1 0 0
    outer loop
      vertex -44 6 71
      vertex -44 8.02491 51.1537
      vertex -44 8 50.7288
    endloop
  endfacet
  facet normal -1 0 0
    outer loop
      vertex -44 8.02491 51.1537
      vertex -44 6 71
      vertex -44 8.02491 60.3463
    endloop
  endfacet
  facet normal -1 0 0
    outer loop
      vertex -44 35.9751 40.6537
      vertex -44 36 50.2712
      vertex -44 36 40.2288
    endloop
  endfacet
  facet normal -1 0 0
    outer loop
      vertex -44 35.9751 40.6537
      vertex -44 35.9751 49.8463
      vertex -44 36 50.2712
    endloop
  endfacet
  facet normal -1 0 0
    outer loop
      vertex -44 35.868 41.2596
      vertex -44 35.9751 49.8463
      vertex -44 35.9751 40.6537
    endloop
  endfacet
  facet normal -1 0 0
    outer loop
      vertex -44 35.868 41.2596
      vertex -44 35.868 49.2404
      vertex -44 35.9751 49.8463
    endloop
  endfacet
  facet normal -1 0 0
    outer loop
      vertex -44 35.8605 41.3024
      vertex -44 35.868 49.2404
      vertex -44 35.868 41.2596
    endloop
  endfacet
  facet normal -1 0 0
    outer loop
      vertex -44 35.8605 41.3024
      vertex -44 35.8605 49.1976
      vertex -44 35.868 49.2404
    endloop
  endfacet
  facet normal -1 0 0
    outer loop
      vertex -44 35.6704 41.9411
      vertex -44 35.8605 49.1976
      vertex -44 35.8605 41.3024
    endloop
  endfacet
  facet normal -1 0 0
    outer loop
      vertex -44 35.6704 41.9411
      vertex -44 35.6704 48.5589
      vertex -44 35.8605 49.1976
    endloop
  endfacet
  facet normal -1 0 0
    outer loop
      vertex -44 35.4063 42.5652
      vertex -44 35.6704 48.5589
      vertex -44 35.6704 41.9411
    endloop
  endfacet
  facet normal -1 0 0
    outer loop
      vertex -44 35.4063 42.5652
      vertex -44 35.4063 47.9349
      vertex -44 35.6704 48.5589
    endloop
  endfacet
  facet normal -1 0 0
    outer loop
      vertex -44 35.2864 42.7808
      vertex -44 35.4063 47.9349
      vertex -44 35.4063 42.5652
    endloop
  endfacet
  facet normal -1 0 0
    outer loop
      vertex -44 35.2864 42.7808
      vertex -44 35.2864 47.7192
      vertex -44 35.4063 47.9349
    endloop
  endfacet
  facet normal -1 0 0
    outer loop
      vertex -44 35.0702 43.1696
      vertex -44 35.2864 47.7192
      vertex -44 35.2864 42.7808
    endloop
  endfacet
  facet normal -1 0 0
    outer loop
      vertex -44 35.0702 43.1696
      vertex -44 35.0702 47.3304
      vertex -44 35.2864 47.7192
    endloop
  endfacet
  facet normal -1 0 0
    outer loop
      vertex -44 34.8898 43.4278
      vertex -44 35.0702 47.3304
      vertex -44 35.0702 43.1696
    endloop
  endfacet
  facet normal -1 0 0
    outer loop
      vertex -44 34.8898 43.4278
      vertex -44 34.8898 47.0722
      vertex -44 35.0702 47.3304
    endloop
  endfacet
  facet normal -1 0 0
    outer loop
      vertex -44 34.6647 43.75
      vertex -44 34.8898 47.0722
      vertex -44 34.8898 43.4278
    endloop
  endfacet
  facet normal -1 0 0
    outer loop
      vertex -44 34.6647 43.75
      vertex -44 34.6647 46.75
      vertex -44 34.8898 47.0722
    endloop
  endfacet
  facet normal -1 0 0
    outer loop
      vertex -44 34.2523 44.2322
      vertex -44 34.6647 46.75
      vertex -44 34.6647 43.75
    endloop
  endfacet
  facet normal -1 0 0
    outer loop
      vertex -44 34.2523 44.2322
      vertex -44 34.2523 46.2678
      vertex -44 34.6647 46.75
    endloop
  endfacet
  facet normal -1 0 0
    outer loop
      vertex -44 34.2138 44.2773
      vertex -44 34.2523 46.2678
      vertex -44 34.2523 44.2322
    endloop
  endfacet
  facet normal -1 0 0
    outer loop
      vertex -44 34.2138 44.2773
      vertex -44 34.2138 46.2227
      vertex -44 34.2523 46.2678
    endloop
  endfacet
  facet normal -1 0 0
    outer loop
      vertex -44 34 44.489
      vertex -44 34.2138 46.2227
      vertex -44 34.2138 44.2773
    endloop
  endfacet
  facet normal -1 0 0
    outer loop
      vertex -44 34 44.489
      vertex -44 34 46.011
      vertex -44 34.2138 46.2227
    endloop
  endfacet
  facet normal -1 0 0
    outer loop
      vertex -44 10 44.489
      vertex -44 34 46.011
      vertex -44 34 44.489
    endloop
  endfacet
  facet normal -1 0 0
    outer loop
      vertex -44 10 44.489
      vertex -44 10 46.011
      vertex -44 34 46.011
    endloop
  endfacet
  facet normal -1 0 0
    outer loop
      vertex -44 9.78621 44.2773
      vertex -44 10 46.011
      vertex -44 10 44.489
    endloop
  endfacet
  facet normal -1 0 0
    outer loop
      vertex -44 9.78621 44.2773
      vertex -44 9.78621 46.2227
      vertex -44 10 46.011
    endloop
  endfacet
  facet normal -1 0 0
    outer loop
      vertex -44 9.74767 44.2322
      vertex -44 9.78621 46.2227
      vertex -44 9.78621 44.2773
    endloop
  endfacet
  facet normal -1 0 0
    outer loop
      vertex -44 9.74767 44.2322
      vertex -44 9.74767 46.2678
      vertex -44 9.78621 46.2227
    endloop
  endfacet
  facet normal -1 0 0
    outer loop
      vertex -44 9.33533 43.75
      vertex -44 9.74767 46.2678
      vertex -44 9.74767 44.2322
    endloop
  endfacet
  facet normal -1 0 0
    outer loop
      vertex -44 9.33533 43.75
      vertex -44 9.33533 46.75
      vertex -44 9.74767 46.2678
    endloop
  endfacet
  facet normal -1 0 0
    outer loop
      vertex -44 9.11021 43.4278
      vertex -44 9.33533 46.75
      vertex -44 9.33533 43.75
    endloop
  endfacet
  facet normal -1 0 0
    outer loop
      vertex -44 9.11021 43.4278
      vertex -44 9.11021 47.0722
      vertex -44 9.33533 46.75
    endloop
  endfacet
  facet normal -1 0 0
    outer loop
      vertex -44 8.9298 43.1696
      vertex -44 9.11021 47.0722
      vertex -44 9.11021 43.4278
    endloop
  endfacet
  facet normal -1 0 0
    outer loop
      vertex -44 8.9298 43.1696
      vertex -44 8.9298 47.3304
      vertex -44 9.11021 47.0722
    endloop
  endfacet
  facet normal -1 0 0
    outer loop
      vertex -44 8.71362 42.7808
      vertex -44 8.9298 47.3304
      vertex -44 8.9298 43.1696
    endloop
  endfacet
  facet normal -1 0 0
    outer loop
      vertex -44 8.71362 42.7808
      vertex -44 8.71362 47.7192
      vertex -44 8.9298 47.3304
    endloop
  endfacet
  facet normal -1 0 0
    outer loop
      vertex -44 8.5937 42.5652
      vertex -44 8.71362 47.7192
      vertex -44 8.71362 42.7808
    endloop
  endfacet
  facet normal -1 0 0
    outer loop
      vertex -44 8.5937 42.5652
      vertex -44 8.5937 47.9349
      vertex -44 8.71362 47.7192
    endloop
  endfacet
  facet normal -1 0 0
    outer loop
      vertex -44 8.32961 41.9411
      vertex -44 8.5937 47.9349
      vertex -44 8.5937 42.5652
    endloop
  endfacet
  facet normal -1 0 0
    outer loop
      vertex -44 8.32961 41.9411
      vertex -44 8.32961 48.5589
      vertex -44 8.5937 47.9349
    endloop
  endfacet
  facet normal -1 0 0
    outer loop
      vertex -44 8.13952 41.3024
      vertex -44 8.32961 48.5589
      vertex -44 8.32961 41.9411
    endloop
  endfacet
  facet normal -1 0 0
    outer loop
      vertex -44 8.13952 41.3024
      vertex -44 8.13952 49.1976
      vertex -44 8.32961 48.5589
    endloop
  endfacet
  facet normal -1 0 0
    outer loop
      vertex -44 8.13196 41.2596
      vertex -44 8.13952 49.1976
      vertex -44 8.13952 41.3024
    endloop
  endfacet
  facet normal -1 0 0
    outer loop
      vertex -44 8.13196 41.2596
      vertex -44 8.13196 49.2404
      vertex -44 8.13952 49.1976
    endloop
  endfacet
  facet normal -1 0 0
    outer loop
      vertex -44 8.02491 40.6537
      vertex -44 8.13196 49.2404
      vertex -44 8.13196 41.2596
    endloop
  endfacet
  facet normal -1 0 0
    outer loop
      vertex -44 8.02491 40.6537
      vertex -44 8.02491 49.8463
      vertex -44 8.13196 49.2404
    endloop
  endfacet
  facet normal -1 0 0
    outer loop
      vertex -44 8 40.2288
      vertex -44 8.02491 49.8463
      vertex -44 8.02491 40.6537
    endloop
  endfacet
  facet normal -1 -0 0
    outer loop
      vertex -44 8.02491 49.8463
      vertex -44 8 40.2288
      vertex -44 8 50.2712
    endloop
  endfacet
  facet normal -1 0 0
    outer loop
      vertex -44 35.9751 30.1537
      vertex -44 36 39.7712
      vertex -44 36 29.7288
    endloop
  endfacet
  facet normal -1 0 0
    outer loop
      vertex -44 35.9751 30.1537
      vertex -44 35.9751 39.3463
      vertex -44 36 39.7712
    endloop
  endfacet
  facet normal -1 0 0
    outer loop
      vertex -44 35.868 30.7596
      vertex -44 35.9751 39.3463
      vertex -44 35.9751 30.1537
    endloop
  endfacet
  facet normal -1 0 0
    outer loop
      vertex -44 35.868 30.7596
      vertex -44 35.868 38.7404
      vertex -44 35.9751 39.3463
    endloop
  endfacet
  facet normal -1 0 0
    outer loop
      vertex -44 35.8605 30.8024
      vertex -44 35.868 38.7404
      vertex -44 35.868 30.7596
    endloop
  endfacet
  facet normal -1 0 0
    outer loop
      vertex -44 35.8605 30.8024
      vertex -44 35.8605 38.6976
      vertex -44 35.868 38.7404
    endloop
  endfacet
  facet normal -1 0 0
    outer loop
      vertex -44 35.6704 31.4411
      vertex -44 35.8605 38.6976
      vertex -44 35.8605 30.8024
    endloop
  endfacet
  facet normal -1 0 0
    outer loop
      vertex -44 35.6704 31.4411
      vertex -44 35.6704 38.0589
      vertex -44 35.8605 38.6976
    endloop
  endfacet
  facet normal -1 0 0
    outer loop
      vertex -44 35.4063 32.0652
      vertex -44 35.6704 38.0589
      vertex -44 35.6704 31.4411
    endloop
  endfacet
  facet normal -1 0 0
    outer loop
      vertex -44 35.4063 32.0652
      vertex -44 35.4063 37.4349
      vertex -44 35.6704 38.0589
    endloop
  endfacet
  facet normal -1 0 0
    outer loop
      vertex -44 35.2864 32.2808
      vertex -44 35.4063 37.4349
      vertex -44 35.4063 32.0652
    endloop
  endfacet
  facet normal -1 0 0
    outer loop
      vertex -44 35.2864 32.2808
      vertex -44 35.2864 37.2192
      vertex -44 35.4063 37.4349
    endloop
  endfacet
  facet normal -1 0 0
    outer loop
      vertex -44 35.0702 32.6696
      vertex -44 35.2864 37.2192
      vertex -44 35.2864 32.2808
    endloop
  endfacet
  facet normal -1 0 0
    outer loop
      vertex -44 35.0702 32.6696
      vertex -44 35.0702 36.8304
      vertex -44 35.2864 37.2192
    endloop
  endfacet
  facet normal -1 0 0
    outer loop
      vertex -44 34.8898 32.9278
      vertex -44 35.0702 36.8304
      vertex -44 35.0702 32.6696
    endloop
  endfacet
  facet normal -1 0 0
    outer loop
      vertex -44 34.8898 32.9278
      vertex -44 34.8898 36.5722
      vertex -44 35.0702 36.8304
    endloop
  endfacet
  facet normal -1 0 0
    outer loop
      vertex -44 34.6647 33.25
      vertex -44 34.8898 36.5722
      vertex -44 34.8898 32.9278
    endloop
  endfacet
  facet normal -1 0 0
    outer loop
      vertex -44 34.6647 33.25
      vertex -44 34.6647 36.25
      vertex -44 34.8898 36.5722
    endloop
  endfacet
  facet normal -1 0 0
    outer loop
      vertex -44 34.2523 33.7322
      vertex -44 34.6647 36.25
      vertex -44 34.6647 33.25
    endloop
  endfacet
  facet normal -1 0 0
    outer loop
      vertex -44 34.2523 33.7322
      vertex -44 34.2523 35.7678
      vertex -44 34.6647 36.25
    endloop
  endfacet
  facet normal -1 0 0
    outer loop
      vertex -44 34.2138 33.7773
      vertex -44 34.2523 35.7678
      vertex -44 34.2523 33.7322
    endloop
  endfacet
  facet normal -1 0 0
    outer loop
      vertex -44 34.2138 33.7773
      vertex -44 34.2138 35.7227
      vertex -44 34.2523 35.7678
    endloop
  endfacet
  facet normal -1 0 0
    outer loop
      vertex -44 34 33.989
      vertex -44 34.2138 35.7227
      vertex -44 34.2138 33.7773
    endloop
  endfacet
  facet normal -1 0 0
    outer loop
      vertex -44 34 33.989
      vertex -44 34 35.511
      vertex -44 34.2138 35.7227
    endloop
  endfacet
  facet normal -1 0 0
    outer loop
      vertex -44 10 33.989
      vertex -44 34 35.511
      vertex -44 34 33.989
    endloop
  endfacet
  facet normal -1 0 0
    outer loop
      vertex -44 10 33.989
      vertex -44 10 35.511
      vertex -44 34 35.511
    endloop
  endfacet
  facet normal -1 0 0
    outer loop
      vertex -44 9.78621 33.7773
      vertex -44 10 35.511
      vertex -44 10 33.989
    endloop
  endfacet
  facet normal -1 0 0
    outer loop
      vertex -44 9.78621 33.7773
      vertex -44 9.78621 35.7227
      vertex -44 10 35.511
    endloop
  endfacet
  facet normal -1 0 0
    outer loop
      vertex -44 9.74767 33.7322
      vertex -44 9.78621 35.7227
      vertex -44 9.78621 33.7773
    endloop
  endfacet
  facet normal -1 0 0
    outer loop
      vertex -44 9.74767 33.7322
      vertex -44 9.74767 35.7678
      vertex -44 9.78621 35.7227
    endloop
  endfacet
  facet normal -1 0 0
    outer loop
      vertex -44 9.33533 33.25
      vertex -44 9.74767 35.7678
      vertex -44 9.74767 33.7322
    endloop
  endfacet
  facet normal -1 0 0
    outer loop
      vertex -44 9.33533 33.25
      vertex -44 9.33533 36.25
      vertex -44 9.74767 35.7678
    endloop
  endfacet
  facet normal -1 0 0
    outer loop
      vertex -44 9.11021 32.9278
      vertex -44 9.33533 36.25
      vertex -44 9.33533 33.25
    endloop
  endfacet
  facet normal -1 0 0
    outer loop
      vertex -44 9.11021 32.9278
      vertex -44 9.11021 36.5722
      vertex -44 9.33533 36.25
    endloop
  endfacet
  facet normal -1 0 0
    outer loop
      vertex -44 8.9298 32.6696
      vertex -44 9.11021 36.5722
      vertex -44 9.11021 32.9278
    endloop
  endfacet
  facet normal -1 0 0
    outer loop
      vertex -44 8.9298 32.6696
      vertex -44 8.9298 36.8304
      vertex -44 9.11021 36.5722
    endloop
  endfacet
  facet normal -1 0 0
    outer loop
      vertex -44 8.71362 32.2808
      vertex -44 8.9298 36.8304
      vertex -44 8.9298 32.6696
    endloop
  endfacet
  facet normal -1 0 0
    outer loop
      vertex -44 8.71362 32.2808
      vertex -44 8.71362 37.2192
      vertex -44 8.9298 36.8304
    endloop
  endfacet
  facet normal -1 0 0
    outer loop
      vertex -44 8.5937 32.0652
      vertex -44 8.71362 37.2192
      vertex -44 8.71362 32.2808
    endloop
  endfacet
  facet normal -1 0 0
    outer loop
      vertex -44 8.5937 32.0652
      vertex -44 8.5937 37.4349
      vertex -44 8.71362 37.2192
    endloop
  endfacet
  facet normal -1 0 0
    outer loop
      vertex -44 8.32961 31.4411
      vertex -44 8.5937 37.4349
      vertex -44 8.5937 32.0652
    endloop
  endfacet
  facet normal -1 0 0
    outer loop
      vertex -44 8.32961 31.4411
      vertex -44 8.32961 38.0589
      vertex -44 8.5937 37.4349
    endloop
  endfacet
  facet normal -1 0 0
    outer loop
      vertex -44 8.13952 30.8024
      vertex -44 8.32961 38.0589
      vertex -44 8.32961 31.4411
    endloop
  endfacet
  facet normal -1 0 0
    outer loop
      vertex -44 8.13952 30.8024
      vertex -44 8.13952 38.6976
      vertex -44 8.32961 38.0589
    endloop
  endfacet
  facet normal -1 0 0
    outer loop
      vertex -44 8.13196 30.7596
      vertex -44 8.13952 38.6976
      vertex -44 8.13952 30.8024
    endloop
  endfacet
  facet normal -1 0 0
    outer loop
      vertex -44 8.13196 30.7596
      vertex -44 8.13196 38.7404
      vertex -44 8.13952 38.6976
    endloop
  endfacet
  facet normal -1 0 0
    outer loop
      vertex -44 8.02491 30.1537
      vertex -44 8.13196 38.7404
      vertex -44 8.13196 30.7596
    endloop
  endfacet
  facet normal -1 0 0
    outer loop
      vertex -44 8.02491 30.1537
      vertex -44 8.02491 39.3463
      vertex -44 8.13196 38.7404
    endloop
  endfacet
  facet normal -1 0 0
    outer loop
      vertex -44 8 29.7288
      vertex -44 8.02491 39.3463
      vertex -44 8.02491 30.1537
    endloop
  endfacet
  facet normal -1 -0 0
    outer loop
      vertex -44 8.02491 39.3463
      vertex -44 8 29.7288
      vertex -44 8 39.7712
    endloop
  endfacet
  facet normal -1 0 0
    outer loop
      vertex -44 35.9751 19.6537
      vertex -44 36 29.2712
      vertex -44 36 19.2288
    endloop
  endfacet
  facet normal -1 0 0
    outer loop
      vertex -44 35.9751 19.6537
      vertex -44 35.9751 28.8463
      vertex -44 36 29.2712
    endloop
  endfacet
  facet normal -1 0 0
    outer loop
      vertex -44 35.868 20.2596
      vertex -44 35.9751 28.8463
      vertex -44 35.9751 19.6537
    endloop
  endfacet
  facet normal -1 0 0
    outer loop
      vertex -44 35.868 20.2596
      vertex -44 35.868 28.2404
      vertex -44 35.9751 28.8463
    endloop
  endfacet
  facet normal -1 0 0
    outer loop
      vertex -44 35.8605 20.3024
      vertex -44 35.868 28.2404
      vertex -44 35.868 20.2596
    endloop
  endfacet
  facet normal -1 0 0
    outer loop
      vertex -44 35.8605 20.3024
      vertex -44 35.8605 28.1976
      vertex -44 35.868 28.2404
    endloop
  endfacet
  facet normal -1 0 0
    outer loop
      vertex -44 35.6704 20.9411
      vertex -44 35.8605 28.1976
      vertex -44 35.8605 20.3024
    endloop
  endfacet
  facet normal -1 0 0
    outer loop
      vertex -44 35.6704 20.9411
      vertex -44 35.6704 27.5589
      vertex -44 35.8605 28.1976
    endloop
  endfacet
  facet normal -1 0 0
    outer loop
      vertex -44 35.4063 21.5652
      vertex -44 35.6704 27.5589
      vertex -44 35.6704 20.9411
    endloop
  endfacet
  facet normal -1 0 0
    outer loop
      vertex -44 35.4063 21.5652
      vertex -44 35.4063 26.9349
      vertex -44 35.6704 27.5589
    endloop
  endfacet
  facet normal -1 0 0
    outer loop
      vertex -44 35.2864 21.7808
      vertex -44 35.4063 26.9349
      vertex -44 35.4063 21.5652
    endloop
  endfacet
  facet normal -1 0 0
    outer loop
      vertex -44 35.2864 21.7808
      vertex -44 35.2864 26.7192
      vertex -44 35.4063 26.9349
    endloop
  endfacet
  facet normal -1 0 0
    outer loop
      vertex -44 35.0702 22.1696
      vertex -44 35.2864 26.7192
      vertex -44 35.2864 21.7808
    endloop
  endfacet
  facet normal -1 0 0
    outer loop
      vertex -44 35.0702 22.1696
      vertex -44 35.0702 26.3304
      vertex -44 35.2864 26.7192
    endloop
  endfacet
  facet normal -1 0 0
    outer loop
      vertex -44 34.8898 22.4278
      vertex -44 35.0702 26.3304
      vertex -44 35.0702 22.1696
    endloop
  endfacet
  facet normal -1 0 0
    outer loop
      vertex -44 34.8898 22.4278
      vertex -44 34.8898 26.0722
      vertex -44 35.0702 26.3304
    endloop
  endfacet
  facet normal -1 0 0
    outer loop
      vertex -44 34.6647 22.75
      vertex -44 34.8898 26.0722
      vertex -44 34.8898 22.4278
    endloop
  endfacet
  facet normal -1 0 0
    outer loop
      vertex -44 34.6647 22.75
      vertex -44 34.6647 25.75
      vertex -44 34.8898 26.0722
    endloop
  endfacet
  facet normal -1 0 0
    outer loop
      vertex -44 34.2523 23.2322
      vertex -44 34.6647 25.75
      vertex -44 34.6647 22.75
    endloop
  endfacet
  facet normal -1 0 0
    outer loop
      vertex -44 34.2523 23.2322
      vertex -44 34.2523 25.2678
      vertex -44 34.6647 25.75
    endloop
  endfacet
  facet normal -1 0 0
    outer loop
      vertex -44 34.2138 23.2773
      vertex -44 34.2523 25.2678
      vertex -44 34.2523 23.2322
    endloop
  endfacet
  facet normal -1 0 0
    outer loop
      vertex -44 34.2138 23.2773
      vertex -44 34.2138 25.2227
      vertex -44 34.2523 25.2678
    endloop
  endfacet
  facet normal -1 0 0
    outer loop
      vertex -44 34 23.489
      vertex -44 34.2138 25.2227
      vertex -44 34.2138 23.2773
    endloop
  endfacet
  facet normal -1 0 0
    outer loop
      vertex -44 34 23.489
      vertex -44 34 25.011
      vertex -44 34.2138 25.2227
    endloop
  endfacet
  facet normal -1 0 0
    outer loop
      vertex -44 10 23.489
      vertex -44 34 25.011
      vertex -44 34 23.489
    endloop
  endfacet
  facet normal -1 0 0
    outer loop
      vertex -44 10 23.489
      vertex -44 10 25.011
      vertex -44 34 25.011
    endloop
  endfacet
  facet normal -1 0 0
    outer loop
      vertex -44 9.78621 23.2773
      vertex -44 10 25.011
      vertex -44 10 23.489
    endloop
  endfacet
  facet normal -1 0 0
    outer loop
      vertex -44 9.78621 23.2773
      vertex -44 9.78621 25.2227
      vertex -44 10 25.011
    endloop
  endfacet
  facet normal -1 0 0
    outer loop
      vertex -44 9.74767 23.2322
      vertex -44 9.78621 25.2227
      vertex -44 9.78621 23.2773
    endloop
  endfacet
  facet normal -1 0 0
    outer loop
      vertex -44 9.74767 23.2322
      vertex -44 9.74767 25.2678
      vertex -44 9.78621 25.2227
    endloop
  endfacet
  facet normal -1 0 0
    outer loop
      vertex -44 9.33533 22.75
      vertex -44 9.74767 25.2678
      vertex -44 9.74767 23.2322
    endloop
  endfacet
  facet normal -1 0 0
    outer loop
      vertex -44 9.33533 22.75
      vertex -44 9.33533 25.75
      vertex -44 9.74767 25.2678
    endloop
  endfacet
  facet normal -1 0 0
    outer loop
      vertex -44 9.11021 22.4278
      vertex -44 9.33533 25.75
      vertex -44 9.33533 22.75
    endloop
  endfacet
  facet normal -1 0 0
    outer loop
      vertex -44 9.11021 22.4278
      vertex -44 9.11021 26.0722
      vertex -44 9.33533 25.75
    endloop
  endfacet
  facet normal -1 0 0
    outer loop
      vertex -44 8.9298 22.1696
      vertex -44 9.11021 26.0722
      vertex -44 9.11021 22.4278
    endloop
  endfacet
  facet normal -1 0 0
    outer loop
      vertex -44 8.9298 22.1696
      vertex -44 8.9298 26.3304
      vertex -44 9.11021 26.0722
    endloop
  endfacet
  facet normal -1 0 0
    outer loop
      vertex -44 8.71362 21.7808
      vertex -44 8.9298 26.3304
      vertex -44 8.9298 22.1696
    endloop
  endfacet
  facet normal -1 0 0
    outer loop
      vertex -44 8.71362 21.7808
      vertex -44 8.71362 26.7192
      vertex -44 8.9298 26.3304
    endloop
  endfacet
  facet normal -1 0 0
    outer loop
      vertex -44 8.5937 21.5652
      vertex -44 8.71362 26.7192
      vertex -44 8.71362 21.7808
    endloop
  endfacet
  facet normal -1 0 0
    outer loop
      vertex -44 8.5937 21.5652
      vertex -44 8.5937 26.9349
      vertex -44 8.71362 26.7192
    endloop
  endfacet
  facet normal -1 0 0
    outer loop
      vertex -44 8.32961 20.9411
      vertex -44 8.5937 26.9349
      vertex -44 8.5937 21.5652
    endloop
  endfacet
  facet normal -1 0 0
    outer loop
      vertex -44 8.32961 20.9411
      vertex -44 8.32961 27.5589
      vertex -44 8.5937 26.9349
    endloop
  endfacet
  facet normal -1 0 0
    outer loop
      vertex -44 8.13952 20.3024
      vertex -44 8.32961 27.5589
      vertex -44 8.32961 20.9411
    endloop
  endfacet
  facet normal -1 0 0
    outer loop
      vertex -44 8.13952 20.3024
      vertex -44 8.13952 28.1976
      vertex -44 8.32961 27.5589
    endloop
  endfacet
  facet normal -1 0 0
    outer loop
      vertex -44 8.13196 20.2596
      vertex -44 8.13952 28.1976
      vertex -44 8.13952 20.3024
    endloop
  endfacet
  facet normal -1 0 0
    outer loop
      vertex -44 8.13196 20.2596
      vertex -44 8.13196 28.2404
      vertex -44 8.13952 28.1976
    endloop
  endfacet
  facet normal -1 0 0
    outer loop
      vertex -44 8.02491 19.6537
      vertex -44 8.13196 28.2404
      vertex -44 8.13196 20.2596
    endloop
  endfacet
  facet normal -1 0 0
    outer loop
      vertex -44 8.02491 19.6537
      vertex -44 8.02491 28.8463
      vertex -44 8.13196 28.2404
    endloop
  endfacet
  facet normal -1 0 0
    outer loop
      vertex -44 8 19.2288
      vertex -44 8.02491 28.8463
      vertex -44 8.02491 19.6537
    endloop
  endfacet
  facet normal -1 -0 0
    outer loop
      vertex -44 8.02491 28.8463
      vertex -44 8 19.2288
      vertex -44 8 29.2712
    endloop
  endfacet
  facet normal -1 0 0
    outer loop
      vertex -44 35.9751 18.3463
      vertex -44 38 0
      vertex -44 35.9751 9.15367
    endloop
  endfacet
  facet normal -1 0 0
    outer loop
      vertex -44 38 0
      vertex -44 35.9751 18.3463
      vertex -44 36 18.7712
    endloop
  endfacet
  facet normal -1 0 0
    outer loop
      vertex -44 35.868 9.75957
      vertex -44 35.9751 18.3463
      vertex -44 35.9751 9.15367
    endloop
  endfacet
  facet normal -1 0 0
    outer loop
      vertex -44 35.868 9.75957
      vertex -44 35.868 17.7404
      vertex -44 35.9751 18.3463
    endloop
  endfacet
  facet normal -1 0 0
    outer loop
      vertex -44 35.8605 9.80237
      vertex -44 35.868 17.7404
      vertex -44 35.868 9.75957
    endloop
  endfacet
  facet normal -1 0 0
    outer loop
      vertex -44 35.8605 9.80237
      vertex -44 35.8605 17.6976
      vertex -44 35.868 17.7404
    endloop
  endfacet
  facet normal -1 0 0
    outer loop
      vertex -44 35.6704 10.4411
      vertex -44 35.8605 17.6976
      vertex -44 35.8605 9.80237
    endloop
  endfacet
  facet normal -1 0 0
    outer loop
      vertex -44 35.6704 10.4411
      vertex -44 35.6704 17.0589
      vertex -44 35.8605 17.6976
    endloop
  endfacet
  facet normal -1 0 0
    outer loop
      vertex -44 35.4063 11.0652
      vertex -44 35.6704 17.0589
      vertex -44 35.6704 10.4411
    endloop
  endfacet
  facet normal -1 0 0
    outer loop
      vertex -44 35.4063 11.0652
      vertex -44 35.4063 16.4349
      vertex -44 35.6704 17.0589
    endloop
  endfacet
  facet normal -1 0 0
    outer loop
      vertex -44 35.2864 11.2808
      vertex -44 35.4063 16.4349
      vertex -44 35.4063 11.0652
    endloop
  endfacet
  facet normal -1 0 0
    outer loop
      vertex -44 35.2864 11.2808
      vertex -44 35.2864 16.2192
      vertex -44 35.4063 16.4349
    endloop
  endfacet
  facet normal -1 0 0
    outer loop
      vertex -44 35.0702 11.6696
      vertex -44 35.2864 16.2192
      vertex -44 35.2864 11.2808
    endloop
  endfacet
  facet normal -1 0 0
    outer loop
      vertex -44 35.0702 11.6696
      vertex -44 35.0702 15.8304
      vertex -44 35.2864 16.2192
    endloop
  endfacet
  facet normal -1 0 0
    outer loop
      vertex -44 34.8898 11.9278
      vertex -44 35.0702 15.8304
      vertex -44 35.0702 11.6696
    endloop
  endfacet
  facet normal -1 0 0
    outer loop
      vertex -44 34.8898 11.9278
      vertex -44 34.8898 15.5722
      vertex -44 35.0702 15.8304
    endloop
  endfacet
  facet normal -1 0 0
    outer loop
      vertex -44 34.6647 12.25
      vertex -44 34.8898 15.5722
      vertex -44 34.8898 11.9278
    endloop
  endfacet
  facet normal -1 0 0
    outer loop
      vertex -44 34.6647 12.25
      vertex -44 34.6647 15.25
      vertex -44 34.8898 15.5722
    endloop
  endfacet
  facet normal -1 0 0
    outer loop
      vertex -44 34.2523 12.7322
      vertex -44 34.6647 15.25
      vertex -44 34.6647 12.25
    endloop
  endfacet
  facet normal -1 0 0
    outer loop
      vertex -44 34.2523 12.7322
      vertex -44 34.2523 14.7678
      vertex -44 34.6647 15.25
    endloop
  endfacet
  facet normal -1 0 0
    outer loop
      vertex -44 34.2138 12.7773
      vertex -44 34.2523 14.7678
      vertex -44 34.2523 12.7322
    endloop
  endfacet
  facet normal -1 0 0
    outer loop
      vertex -44 34.2138 12.7773
      vertex -44 34.2138 14.7227
      vertex -44 34.2523 14.7678
    endloop
  endfacet
  facet normal -1 0 0
    outer loop
      vertex -44 34 12.989
      vertex -44 34.2138 14.7227
      vertex -44 34.2138 12.7773
    endloop
  endfacet
  facet normal -1 0 0
    outer loop
      vertex -44 34 12.989
      vertex -44 34 14.511
      vertex -44 34.2138 14.7227
    endloop
  endfacet
  facet normal -1 0 0
    outer loop
      vertex -44 10 12.989
      vertex -44 34 14.511
      vertex -44 34 12.989
    endloop
  endfacet
  facet normal -1 0 0
    outer loop
      vertex -44 10 12.989
      vertex -44 10 14.511
      vertex -44 34 14.511
    endloop
  endfacet
  facet normal -1 0 0
    outer loop
      vertex -44 9.78621 12.7773
      vertex -44 10 14.511
      vertex -44 10 12.989
    endloop
  endfacet
  facet normal -1 0 0
    outer loop
      vertex -44 9.78621 12.7773
      vertex -44 9.78621 14.7227
      vertex -44 10 14.511
    endloop
  endfacet
  facet normal -1 0 0
    outer loop
      vertex -44 9.74767 12.7322
      vertex -44 9.78621 14.7227
      vertex -44 9.78621 12.7773
    endloop
  endfacet
  facet normal -1 0 0
    outer loop
      vertex -44 9.74767 12.7322
      vertex -44 9.74767 14.7678
      vertex -44 9.78621 14.7227
    endloop
  endfacet
  facet normal -1 0 0
    outer loop
      vertex -44 9.33533 12.25
      vertex -44 9.74767 14.7678
      vertex -44 9.74767 12.7322
    endloop
  endfacet
  facet normal -1 0 0
    outer loop
      vertex -44 9.33533 12.25
      vertex -44 9.33533 15.25
      vertex -44 9.74767 14.7678
    endloop
  endfacet
  facet normal -1 0 0
    outer loop
      vertex -44 9.11021 11.9278
      vertex -44 9.33533 15.25
      vertex -44 9.33533 12.25
    endloop
  endfacet
  facet normal -1 0 0
    outer loop
      vertex -44 9.11021 11.9278
      vertex -44 9.11021 15.5722
      vertex -44 9.33533 15.25
    endloop
  endfacet
  facet normal -1 0 0
    outer loop
      vertex -44 8.9298 11.6696
      vertex -44 9.11021 15.5722
      vertex -44 9.11021 11.9278
    endloop
  endfacet
  facet normal -1 0 0
    outer loop
      vertex -44 8.9298 11.6696
      vertex -44 8.9298 15.8304
      vertex -44 9.11021 15.5722
    endloop
  endfacet
  facet normal -1 0 0
    outer loop
      vertex -44 8.71362 11.2808
      vertex -44 8.9298 15.8304
      vertex -44 8.9298 11.6696
    endloop
  endfacet
  facet normal -1 0 0
    outer loop
      vertex -44 8.71362 11.2808
      vertex -44 8.71362 16.2192
      vertex -44 8.9298 15.8304
    endloop
  endfacet
  facet normal -1 0 0
    outer loop
      vertex -44 8.5937 11.0652
      vertex -44 8.71362 16.2192
      vertex -44 8.71362 11.2808
    endloop
  endfacet
  facet normal -1 0 0
    outer loop
      vertex -44 8.5937 11.0652
      vertex -44 8.5937 16.4349
      vertex -44 8.71362 16.2192
    endloop
  endfacet
  facet normal -1 0 0
    outer loop
      vertex -44 8.32961 10.4411
      vertex -44 8.5937 16.4349
      vertex -44 8.5937 11.0652
    endloop
  endfacet
  facet normal -1 0 0
    outer loop
      vertex -44 8.32961 10.4411
      vertex -44 8.32961 17.0589
      vertex -44 8.5937 16.4349
    endloop
  endfacet
  facet normal -1 0 0
    outer loop
      vertex -44 8.13952 9.80237
      vertex -44 8.32961 17.0589
      vertex -44 8.32961 10.4411
    endloop
  endfacet
  facet normal -1 0 0
    outer loop
      vertex -44 8.13952 9.80237
      vertex -44 8.13952 17.6976
      vertex -44 8.32961 17.0589
    endloop
  endfacet
  facet normal -1 0 0
    outer loop
      vertex -44 8.13196 9.75957
      vertex -44 8.13952 17.6976
      vertex -44 8.13952 9.80237
    endloop
  endfacet
  facet normal -1 0 0
    outer loop
      vertex -44 8.13196 9.75957
      vertex -44 8.13196 17.7404
      vertex -44 8.13952 17.6976
    endloop
  endfacet
  facet normal -1 0 0
    outer loop
      vertex -44 8.02491 9.15367
      vertex -44 8.13196 17.7404
      vertex -44 8.13196 9.75957
    endloop
  endfacet
  facet normal -1 0 0
    outer loop
      vertex -44 8.02491 9.15367
      vertex -44 8.02491 18.3463
      vertex -44 8.13196 17.7404
    endloop
  endfacet
  facet normal -1 0 0
    outer loop
      vertex -44 6 0
      vertex -44 8.02491 9.15367
      vertex -44 8 8.72884
    endloop
  endfacet
  facet normal -1 -0 0
    outer loop
      vertex -44 8.02491 9.15367
      vertex -44 6 0
      vertex -44 8.02491 18.3463
    endloop
  endfacet
  facet normal -1 0 0
    outer loop
      vertex -44 36 8.72884
      vertex -44 38 0
      vertex -44 36 8.27117
    endloop
  endfacet
  facet normal -1 0 0
    outer loop
      vertex -44 38 0
      vertex -44 35.9751 7.84634
      vertex -44 36 8.27117
    endloop
  endfacet
  facet normal -1 0 0
    outer loop
      vertex -44 38 0
      vertex -44 35.868 7.24045
      vertex -44 35.9751 7.84634
    endloop
  endfacet
  facet normal -1 0 0
    outer loop
      vertex -44 38 0
      vertex -44 35.8605 7.19765
      vertex -44 35.868 7.24045
    endloop
  endfacet
  facet normal -1 0 0
    outer loop
      vertex -44 38 0
      vertex -44 35.6704 6.55887
      vertex -44 35.8605 7.19765
    endloop
  endfacet
  facet normal -1 0 0
    outer loop
      vertex -44 38 0
      vertex -44 35.4063 5.93486
      vertex -44 35.6704 6.55887
    endloop
  endfacet
  facet normal -1 0 0
    outer loop
      vertex -44 38 0
      vertex -44 35.2864 5.71917
      vertex -44 35.4063 5.93486
    endloop
  endfacet
  facet normal -1 0 0
    outer loop
      vertex -44 38 0
      vertex -44 35.0702 5.33037
      vertex -44 35.2864 5.71917
    endloop
  endfacet
  facet normal -1 0 0
    outer loop
      vertex -44 38 0
      vertex -44 34.8898 5.07217
      vertex -44 35.0702 5.33037
    endloop
  endfacet
  facet normal -1 0 0
    outer loop
      vertex -44 38 0
      vertex -44 34.6647 4.75
      vertex -44 34.8898 5.07217
    endloop
  endfacet
  facet normal -1 0 0
    outer loop
      vertex -44 38 0
      vertex -44 34.2523 4.2678
      vertex -44 34.6647 4.75
    endloop
  endfacet
  facet normal -1 0 0
    outer loop
      vertex -44 38 0
      vertex -44 34.2138 4.22274
      vertex -44 34.2523 4.2678
    endloop
  endfacet
  facet normal -1 0 0
    outer loop
      vertex -44 38 0
      vertex -44 34 4.011
      vertex -44 34.2138 4.22274
    endloop
  endfacet
  facet normal -1 0 0
    outer loop
      vertex -44 38 0
      vertex -44 10 4.011
      vertex -44 34 4.011
    endloop
  endfacet
  facet normal -1 0 0
    outer loop
      vertex -44 6 0
      vertex -44 8 8.72884
      vertex -44 8 8.27117
    endloop
  endfacet
  facet normal -1 -0 0
    outer loop
      vertex -44 8.02491 18.3463
      vertex -44 6 0
      vertex -44 8 18.7712
    endloop
  endfacet
  facet normal -1 -0 0
    outer loop
      vertex -44 8 18.7712
      vertex -44 6 0
      vertex -44 8 19.2288
    endloop
  endfacet
  facet normal -1 -0 0
    outer loop
      vertex -44 8 19.2288
      vertex -44 6 0
      vertex -44 8 29.2712
    endloop
  endfacet
  facet normal -1 -0 0
    outer loop
      vertex -44 8 29.2712
      vertex -44 6 0
      vertex -44 8 29.7288
    endloop
  endfacet
  facet normal -1 -0 0
    outer loop
      vertex -44 8 29.7288
      vertex -44 6 0
      vertex -44 8 39.7712
    endloop
  endfacet
  facet normal -1 0 0
    outer loop
      vertex -44 6 71
      vertex -44 8 39.7712
      vertex -44 6 0
    endloop
  endfacet
  facet normal -1 0 0
    outer loop
      vertex -44 8 39.7712
      vertex -44 6 71
      vertex -44 8 40.2288
    endloop
  endfacet
  facet normal -1 0 0
    outer loop
      vertex -44 8 40.2288
      vertex -44 6 71
      vertex -44 8 50.2712
    endloop
  endfacet
  facet normal -1 0 0
    outer loop
      vertex -44 8 50.2712
      vertex -44 6 71
      vertex -44 8 50.7288
    endloop
  endfacet
  facet normal -1 0 0
    outer loop
      vertex -44 8.02491 60.3463
      vertex -44 6 71
      vertex -44 8 60.7712
    endloop
  endfacet
  facet normal -1 -0 0
    outer loop
      vertex -44 8.02491 7.84634
      vertex -44 6 0
      vertex -44 8 8.27117
    endloop
  endfacet
  facet normal -1 -0 0
    outer loop
      vertex -44 8.13196 7.24045
      vertex -44 6 0
      vertex -44 8.02491 7.84634
    endloop
  endfacet
  facet normal -1 -0 0
    outer loop
      vertex -44 8.13952 7.19765
      vertex -44 6 0
      vertex -44 8.13196 7.24045
    endloop
  endfacet
  facet normal -1 -0 0
    outer loop
      vertex -44 8.32961 6.55887
      vertex -44 6 0
      vertex -44 8.13952 7.19765
    endloop
  endfacet
  facet normal -1 -0 0
    outer loop
      vertex -44 8.5937 5.93486
      vertex -44 6 0
      vertex -44 8.32961 6.55887
    endloop
  endfacet
  facet normal -1 -0 0
    outer loop
      vertex -44 8.71362 5.71917
      vertex -44 6 0
      vertex -44 8.5937 5.93486
    endloop
  endfacet
  facet normal -1 -0 0
    outer loop
      vertex -44 8.9298 5.33037
      vertex -44 6 0
      vertex -44 8.71362 5.71917
    endloop
  endfacet
  facet normal -1 -0 0
    outer loop
      vertex -44 9.11021 5.07217
      vertex -44 6 0
      vertex -44 8.9298 5.33037
    endloop
  endfacet
  facet normal -1 -0 0
    outer loop
      vertex -44 9.33533 4.75
      vertex -44 6 0
      vertex -44 9.11021 5.07217
    endloop
  endfacet
  facet normal -1 -0 0
    outer loop
      vertex -44 9.74767 4.2678
      vertex -44 6 0
      vertex -44 9.33533 4.75
    endloop
  endfacet
  facet normal -1 -0 0
    outer loop
      vertex -44 9.78621 4.22274
      vertex -44 6 0
      vertex -44 9.74767 4.2678
    endloop
  endfacet
  facet normal -1 -0 0
    outer loop
      vertex -44 10 4.011
      vertex -44 6 0
      vertex -44 9.78621 4.22274
    endloop
  endfacet
  facet normal -1 0 0
    outer loop
      vertex -44 6 0
      vertex -44 10 4.011
      vertex -44 38 0
    endloop
  endfacet
  facet normal -1 0 0
    outer loop
      vertex -44 35.9751 9.15367
      vertex -44 38 0
      vertex -44 36 8.72884
    endloop
  endfacet
  facet normal -1 0 0
    outer loop
      vertex -44 36 19.2288
      vertex -44 38 0
      vertex -44 36 18.7712
    endloop
  endfacet
  facet normal -1 0 0
    outer loop
      vertex -44 36 29.2712
      vertex -44 38 0
      vertex -44 36 19.2288
    endloop
  endfacet
  facet normal -1 0 0
    outer loop
      vertex -44 36 29.7288
      vertex -44 38 0
      vertex -44 36 29.2712
    endloop
  endfacet
  facet normal -1 0 0
    outer loop
      vertex -44 38 0
      vertex -44 36 29.7288
      vertex -44 38 71
    endloop
  endfacet
  facet normal -1 0 0
    outer loop
      vertex -44 36 39.7712
      vertex -44 38 71
      vertex -44 36 29.7288
    endloop
  endfacet
  facet normal -1 0 0
    outer loop
      vertex -44 36 40.2288
      vertex -44 38 71
      vertex -44 36 39.7712
    endloop
  endfacet
  facet normal -1 0 0
    outer loop
      vertex -44 36 50.2712
      vertex -44 38 71
      vertex -44 36 40.2288
    endloop
  endfacet
  facet normal -1 0 0
    outer loop
      vertex -44 36 50.7288
      vertex -44 38 71
      vertex -44 36 50.2712
    endloop
  endfacet
  facet normal -1 0 0
    outer loop
      vertex -44 35.9751 51.1537
      vertex -44 38 71
      vertex -44 36 50.7288
    endloop
  endfacet
  facet normal -1 0 0
    outer loop
      vertex -44 36 61.2288
      vertex -44 38 71
      vertex -44 36 60.7712
    endloop
  endfacet
  facet normal -1 0 0
    outer loop
      vertex -44 35.9751 61.6537
      vertex -44 38 71
      vertex -44 36 61.2288
    endloop
  endfacet
  facet normal -1 0 0
    outer loop
      vertex -44 35.868 62.2596
      vertex -44 38 71
      vertex -44 35.9751 61.6537
    endloop
  endfacet
  facet normal -1 0 0
    outer loop
      vertex -44 35.8605 62.3024
      vertex -44 38 71
      vertex -44 35.868 62.2596
    endloop
  endfacet
  facet normal -1 0 0
    outer loop
      vertex -44 35.6704 62.9411
      vertex -44 38 71
      vertex -44 35.8605 62.3024
    endloop
  endfacet
  facet normal -1 0 0
    outer loop
      vertex -44 35.4063 63.5652
      vertex -44 38 71
      vertex -44 35.6704 62.9411
    endloop
  endfacet
  facet normal -1 0 0
    outer loop
      vertex -44 35.2864 63.7808
      vertex -44 38 71
      vertex -44 35.4063 63.5652
    endloop
  endfacet
  facet normal -1 0 0
    outer loop
      vertex -44 35.0702 64.1696
      vertex -44 38 71
      vertex -44 35.2864 63.7808
    endloop
  endfacet
  facet normal -1 0 0
    outer loop
      vertex -44 34.8898 64.4278
      vertex -44 38 71
      vertex -44 35.0702 64.1696
    endloop
  endfacet
  facet normal -1 0 0
    outer loop
      vertex -44 34.6647 64.75
      vertex -44 38 71
      vertex -44 34.8898 64.4278
    endloop
  endfacet
  facet normal -1 0 0
    outer loop
      vertex -44 34.2523 65.2322
      vertex -44 38 71
      vertex -44 34.6647 64.75
    endloop
  endfacet
  facet normal -1 0 0
    outer loop
      vertex -44 34.2138 65.2773
      vertex -44 38 71
      vertex -44 34.2523 65.2322
    endloop
  endfacet
  facet normal -1 0 0
    outer loop
      vertex -44 34 65.489
      vertex -44 38 71
      vertex -44 34.2138 65.2773
    endloop
  endfacet
  facet normal -1 0 0
    outer loop
      vertex -44 10 65.489
      vertex -44 38 71
      vertex -44 34 65.489
    endloop
  endfacet
  facet normal -1 0 0
    outer loop
      vertex -44 10 65.489
      vertex -44 6 71
      vertex -44 38 71
    endloop
  endfacet
  facet normal -1 0 0
    outer loop
      vertex -44 9.78621 65.2773
      vertex -44 6 71
      vertex -44 10 65.489
    endloop
  endfacet
  facet normal -1 0 0
    outer loop
      vertex -44 9.74767 65.2322
      vertex -44 6 71
      vertex -44 9.78621 65.2773
    endloop
  endfacet
  facet normal -1 0 0
    outer loop
      vertex -44 9.33533 64.75
      vertex -44 6 71
      vertex -44 9.74767 65.2322
    endloop
  endfacet
  facet normal -1 0 0
    outer loop
      vertex -44 9.11021 64.4278
      vertex -44 6 71
      vertex -44 9.33533 64.75
    endloop
  endfacet
  facet normal -1 0 0
    outer loop
      vertex -44 8.9298 64.1696
      vertex -44 6 71
      vertex -44 9.11021 64.4278
    endloop
  endfacet
  facet normal -1 0 0
    outer loop
      vertex -44 8.71362 63.7808
      vertex -44 6 71
      vertex -44 8.9298 64.1696
    endloop
  endfacet
  facet normal -1 0 0
    outer loop
      vertex -44 8.5937 63.5652
      vertex -44 6 71
      vertex -44 8.71362 63.7808
    endloop
  endfacet
  facet normal -1 0 0
    outer loop
      vertex -44 8.32961 62.9411
      vertex -44 6 71
      vertex -44 8.5937 63.5652
    endloop
  endfacet
  facet normal -1 0 0
    outer loop
      vertex -44 8.13952 62.3024
      vertex -44 6 71
      vertex -44 8.32961 62.9411
    endloop
  endfacet
  facet normal -1 0 0
    outer loop
      vertex -44 8.13196 62.2596
      vertex -44 6 71
      vertex -44 8.13952 62.3024
    endloop
  endfacet
  facet normal -1 0 0
    outer loop
      vertex -44 8.02491 61.6537
      vertex -44 6 71
      vertex -44 8.13196 62.2596
    endloop
  endfacet
  facet normal -1 0 0
    outer loop
      vertex -44 8 61.2288
      vertex -44 6 71
      vertex -44 8.02491 61.6537
    endloop
  endfacet
  facet normal -1 0 0
    outer loop
      vertex -44 8 60.7712
      vertex -44 6 71
      vertex -44 8 61.2288
    endloop
  endfacet
  facet normal -0.123691 -0.992321 0
    outer loop
      vertex -39.4729 0.183594 0
      vertex -38 0 71
      vertex -39.4729 0.183594 71
    endloop
  endfacet
  facet normal -0.123691 -0.992321 -0
    outer loop
      vertex -38 0 71
      vertex -39.4729 0.183594 0
      vertex -38 0 0
    endloop
  endfacet
  facet normal -0.475959 0.879468 0
    outer loop
      vertex -39.9482 43.6749 0
      vertex -41.6853 42.7348 71
      vertex -39.9482 43.6749 71
    endloop
  endfacet
  facet normal -0.475959 0.879468 0
    outer loop
      vertex -41.6853 42.7348 71
      vertex -39.9482 43.6749 0
      vertex -41.6853 42.7348 0
    endloop
  endfacet
  facet normal 0.879468 0.475959 0
    outer loop
      vertex 43.6749 39.9482 71
      vertex 42.7348 41.6853 0
      vertex 42.7348 41.6853 71
    endloop
  endfacet
  facet normal 0.879468 0.475959 0
    outer loop
      vertex 42.7348 41.6853 0
      vertex 43.6749 39.9482 71
      vertex 43.6749 39.9482 0
    endloop
  endfacet
  facet normal -0.986361 -0.164596 0
    outer loop
      vertex -43.6749 4.0518 0
      vertex -44 6 71
      vertex -44 6 0
    endloop
  endfacet
  facet normal -0.986361 -0.164596 0
    outer loop
      vertex -44 6 71
      vertex -43.6749 4.0518 0
      vertex -43.6749 4.0518 71
    endloop
  endfacet
  facet normal -0.401694 -0.915774 0
    outer loop
      vertex -41.2817 0.977005 0
      vertex -39.4729 0.183594 71
      vertex -41.2817 0.977005 71
    endloop
  endfacet
  facet normal -0.401694 -0.915774 -0
    outer loop
      vertex -39.4729 0.183594 71
      vertex -41.2817 0.977005 0
      vertex -39.4729 0.183594 0
    endloop
  endfacet
  facet normal 0.986361 0.164596 0
    outer loop
      vertex 44 38 71
      vertex 43.6749 39.9482 0
      vertex 43.6749 39.9482 71
    endloop
  endfacet
  facet normal 0.986361 0.164596 0
    outer loop
      vertex 43.6749 39.9482 0
      vertex 44 38 71
      vertex 44 38 0
    endloop
  endfacet
  facet normal 0.123695 0.99232 -0
    outer loop
      vertex 39.4729 43.8164 0
      vertex 38 44 71
      vertex 39.4729 43.8164 71
    endloop
  endfacet
  facet normal 0.123695 0.99232 0
    outer loop
      vertex 38 44 71
      vertex 39.4729 43.8164 0
      vertex 38 44 0
    endloop
  endfacet
  facet normal -0.735717 0.677289 0
    outer loop
      vertex -43.023 41.2817 0
      vertex -41.6853 42.7348 71
      vertex -41.6853 42.7348 0
    endloop
  endfacet
  facet normal -0.735717 0.677289 0
    outer loop
      vertex -41.6853 42.7348 71
      vertex -43.023 41.2817 0
      vertex -43.023 41.2817 71
    endloop
  endfacet
  facet normal 0.40169 0.915776 -0
    outer loop
      vertex 41.2817 43.023 0
      vertex 39.4729 43.8164 71
      vertex 41.2817 43.023 71
    endloop
  endfacet
  facet normal 0.40169 0.915776 0
    outer loop
      vertex 39.4729 43.8164 71
      vertex 41.2817 43.023 0
      vertex 39.4729 43.8164 0
    endloop
  endfacet
  facet normal 0 1 -0
    outer loop
      vertex 32.8 44 5
      vertex -32.8 44 66
      vertex 32.8 44 66
    endloop
  endfacet
  facet normal 0 1 0
    outer loop
      vertex -32.8 44 66
      vertex 32.8 44 5
      vertex -32.8 44 5
    endloop
  endfacet
  facet normal 0 1 0
    outer loop
      vertex 32.8 44 66
      vertex 38 44 71
      vertex 35.2 44 66
    endloop
  endfacet
  facet normal 0 1 0
    outer loop
      vertex 38 44 71
      vertex 35.2 44 5
      vertex 35.2 44 66
    endloop
  endfacet
  facet normal 0 1 0
    outer loop
      vertex 38 44 0
      vertex 32.8 44 5
      vertex 35.2 44 5
    endloop
  endfacet
  facet normal 0 1 0
    outer loop
      vertex 32.8 44 5
      vertex 38 44 0
      vertex -32.8 44 5
    endloop
  endfacet
  facet normal 0 1 0
    outer loop
      vertex -38 44 0
      vertex -32.8 44 5
      vertex 38 44 0
    endloop
  endfacet
  facet normal 0 1 -0
    outer loop
      vertex 38 44 0
      vertex 35.2 44 5
      vertex 38 44 71
    endloop
  endfacet
  facet normal 0 1 0
    outer loop
      vertex 38 44 71
      vertex 32.8 44 66
      vertex -38 44 71
    endloop
  endfacet
  facet normal 0 1 -0
    outer loop
      vertex -32.8 44 66
      vertex -38 44 71
      vertex 32.8 44 66
    endloop
  endfacet
  facet normal 0 1 -0
    outer loop
      vertex -35.2 44 66
      vertex -38 44 71
      vertex -32.8 44 66
    endloop
  endfacet
  facet normal 0 1 -0
    outer loop
      vertex -35.2 44 5
      vertex -38 44 71
      vertex -35.2 44 66
    endloop
  endfacet
  facet normal 0 1 0
    outer loop
      vertex -35.2 44 5
      vertex -38 44 0
      vertex -38 44 71
    endloop
  endfacet
  facet normal 0 1 0
    outer loop
      vertex -32.8 44 5
      vertex -38 44 0
      vertex -35.2 44 5
    endloop
  endfacet
  facet normal 1 -0 0
    outer loop
      vertex 44 35.9751 9.15367
      vertex 44 38 0
      vertex 44 35.9751 18.3463
    endloop
  endfacet
  facet normal 1 0 0
    outer loop
      vertex 44 38 0
      vertex 44 35.9751 9.15367
      vertex 44 36 8.72884
    endloop
  endfacet
  facet normal 1 -0 0
    outer loop
      vertex 44 35.868 17.7404
      vertex 44 35.9751 9.15367
      vertex 44 35.9751 18.3463
    endloop
  endfacet
  facet normal 1 0 0
    outer loop
      vertex 44 35.868 17.7404
      vertex 44 35.868 9.75957
      vertex 44 35.9751 9.15367
    endloop
  endfacet
  facet normal 1 -0 0
    outer loop
      vertex 44 35.8605 17.6976
      vertex 44 35.868 9.75957
      vertex 44 35.868 17.7404
    endloop
  endfacet
  facet normal 1 0 0
    outer loop
      vertex 44 35.8605 17.6976
      vertex 44 35.8605 9.80237
      vertex 44 35.868 9.75957
    endloop
  endfacet
  facet normal 1 -0 0
    outer loop
      vertex 44 35.6704 17.0589
      vertex 44 35.8605 9.80237
      vertex 44 35.8605 17.6976
    endloop
  endfacet
  facet normal 1 0 0
    outer loop
      vertex 44 35.6704 17.0589
      vertex 44 35.6704 10.4411
      vertex 44 35.8605 9.80237
    endloop
  endfacet
  facet normal 1 -0 0
    outer loop
      vertex 44 35.4063 16.4349
      vertex 44 35.6704 10.4411
      vertex 44 35.6704 17.0589
    endloop
  endfacet
  facet normal 1 0 0
    outer loop
      vertex 44 35.4063 16.4349
      vertex 44 35.4063 11.0652
      vertex 44 35.6704 10.4411
    endloop
  endfacet
  facet normal 1 -0 0
    outer loop
      vertex 44 35.2864 16.2192
      vertex 44 35.4063 11.0652
      vertex 44 35.4063 16.4349
    endloop
  endfacet
  facet normal 1 0 0
    outer loop
      vertex 44 35.2864 16.2192
      vertex 44 35.2864 11.2808
      vertex 44 35.4063 11.0652
    endloop
  endfacet
  facet normal 1 -0 0
    outer loop
      vertex 44 35.0702 15.8304
      vertex 44 35.2864 11.2808
      vertex 44 35.2864 16.2192
    endloop
  endfacet
  facet normal 1 0 0
    outer loop
      vertex 44 35.0702 15.8304
      vertex 44 35.0702 11.6696
      vertex 44 35.2864 11.2808
    endloop
  endfacet
  facet normal 1 -0 0
    outer loop
      vertex 44 34.8898 15.5722
      vertex 44 35.0702 11.6696
      vertex 44 35.0702 15.8304
    endloop
  endfacet
  facet normal 1 0 0
    outer loop
      vertex 44 34.8898 15.5722
      vertex 44 34.8898 11.9278
      vertex 44 35.0702 11.6696
    endloop
  endfacet
  facet normal 1 -0 0
    outer loop
      vertex 44 34.6647 15.25
      vertex 44 34.8898 11.9278
      vertex 44 34.8898 15.5722
    endloop
  endfacet
  facet normal 1 0 0
    outer loop
      vertex 44 34.6647 15.25
      vertex 44 34.6647 12.25
      vertex 44 34.8898 11.9278
    endloop
  endfacet
  facet normal 1 -0 0
    outer loop
      vertex 44 34.2523 14.7678
      vertex 44 34.6647 12.25
      vertex 44 34.6647 15.25
    endloop
  endfacet
  facet normal 1 0 0
    outer loop
      vertex 44 34.2523 14.7678
      vertex 44 34.2523 12.7322
      vertex 44 34.6647 12.25
    endloop
  endfacet
  facet normal 1 -0 0
    outer loop
      vertex 44 34.2138 14.7227
      vertex 44 34.2523 12.7322
      vertex 44 34.2523 14.7678
    endloop
  endfacet
  facet normal 1 0 0
    outer loop
      vertex 44 34.2138 14.7227
      vertex 44 34.2138 12.7773
      vertex 44 34.2523 12.7322
    endloop
  endfacet
  facet normal 1 -0 0
    outer loop
      vertex 44 34 14.511
      vertex 44 34.2138 12.7773
      vertex 44 34.2138 14.7227
    endloop
  endfacet
  facet normal 1 0 0
    outer loop
      vertex 44 34 14.511
      vertex 44 34 12.989
      vertex 44 34.2138 12.7773
    endloop
  endfacet
  facet normal 1 -0 0
    outer loop
      vertex 44 10 14.511
      vertex 44 34 12.989
      vertex 44 34 14.511
    endloop
  endfacet
  facet normal 1 0 0
    outer loop
      vertex 44 10 14.511
      vertex 44 10 12.989
      vertex 44 34 12.989
    endloop
  endfacet
  facet normal 1 0 0
    outer loop
      vertex 44 9.78621 14.7227
      vertex 44 10 12.989
      vertex 44 10 14.511
    endloop
  endfacet
  facet normal 1 0 0
    outer loop
      vertex 44 9.78621 14.7227
      vertex 44 9.78621 12.7773
      vertex 44 10 12.989
    endloop
  endfacet
  facet normal 1 0 0
    outer loop
      vertex 44 9.74767 14.7678
      vertex 44 9.78621 12.7773
      vertex 44 9.78621 14.7227
    endloop
  endfacet
  facet normal 1 0 0
    outer loop
      vertex 44 9.74767 14.7678
      vertex 44 9.74767 12.7322
      vertex 44 9.78621 12.7773
    endloop
  endfacet
  facet normal 1 0 0
    outer loop
      vertex 44 9.33533 15.25
      vertex 44 9.74767 12.7322
      vertex 44 9.74767 14.7678
    endloop
  endfacet
  facet normal 1 0 0
    outer loop
      vertex 44 9.33533 15.25
      vertex 44 9.33533 12.25
      vertex 44 9.74767 12.7322
    endloop
  endfacet
  facet normal 1 0 0
    outer loop
      vertex 44 9.11021 15.5722
      vertex 44 9.33533 12.25
      vertex 44 9.33533 15.25
    endloop
  endfacet
  facet normal 1 0 0
    outer loop
      vertex 44 9.11021 15.5722
      vertex 44 9.11021 11.9278
      vertex 44 9.33533 12.25
    endloop
  endfacet
  facet normal 1 0 0
    outer loop
      vertex 44 8.9298 15.8304
      vertex 44 9.11021 11.9278
      vertex 44 9.11021 15.5722
    endloop
  endfacet
  facet normal 1 0 0
    outer loop
      vertex 44 8.9298 15.8304
      vertex 44 8.9298 11.6696
      vertex 44 9.11021 11.9278
    endloop
  endfacet
  facet normal 1 0 0
    outer loop
      vertex 44 8.71362 16.2192
      vertex 44 8.9298 11.6696
      vertex 44 8.9298 15.8304
    endloop
  endfacet
  facet normal 1 0 0
    outer loop
      vertex 44 8.71362 16.2192
      vertex 44 8.71362 11.2808
      vertex 44 8.9298 11.6696
    endloop
  endfacet
  facet normal 1 0 0
    outer loop
      vertex 44 8.5937 16.4349
      vertex 44 8.71362 11.2808
      vertex 44 8.71362 16.2192
    endloop
  endfacet
  facet normal 1 0 0
    outer loop
      vertex 44 8.5937 16.4349
      vertex 44 8.5937 11.0652
      vertex 44 8.71362 11.2808
    endloop
  endfacet
  facet normal 1 0 0
    outer loop
      vertex 44 8.32961 17.0589
      vertex 44 8.5937 11.0652
      vertex 44 8.5937 16.4349
    endloop
  endfacet
  facet normal 1 0 0
    outer loop
      vertex 44 8.32961 17.0589
      vertex 44 8.32961 10.4411
      vertex 44 8.5937 11.0652
    endloop
  endfacet
  facet normal 1 0 0
    outer loop
      vertex 44 8.13952 17.6976
      vertex 44 8.32961 10.4411
      vertex 44 8.32961 17.0589
    endloop
  endfacet
  facet normal 1 0 0
    outer loop
      vertex 44 8.13952 17.6976
      vertex 44 8.13952 9.80237
      vertex 44 8.32961 10.4411
    endloop
  endfacet
  facet normal 1 0 0
    outer loop
      vertex 44 8.13196 17.7404
      vertex 44 8.13952 9.80237
      vertex 44 8.13952 17.6976
    endloop
  endfacet
  facet normal 1 0 0
    outer loop
      vertex 44 8.13196 17.7404
      vertex 44 8.13196 9.75957
      vertex 44 8.13952 9.80237
    endloop
  endfacet
  facet normal 1 0 0
    outer loop
      vertex 44 8.02491 18.3463
      vertex 44 8.13196 9.75957
      vertex 44 8.13196 17.7404
    endloop
  endfacet
  facet normal 1 0 0
    outer loop
      vertex 44 8.02491 18.3463
      vertex 44 8.02491 9.15367
      vertex 44 8.13196 9.75957
    endloop
  endfacet
  facet normal 1 0 0
    outer loop
      vertex 44 6 0
      vertex 44 8.02491 18.3463
      vertex 44 8 18.7712
    endloop
  endfacet
  facet normal 1 0 0
    outer loop
      vertex 44 8.02491 18.3463
      vertex 44 6 0
      vertex 44 8.02491 9.15367
    endloop
  endfacet
  facet normal 1 -0 0
    outer loop
      vertex 44 35.9751 28.8463
      vertex 44 36 19.2288
      vertex 44 36 29.2712
    endloop
  endfacet
  facet normal 1 0 0
    outer loop
      vertex 44 35.9751 28.8463
      vertex 44 35.9751 19.6537
      vertex 44 36 19.2288
    endloop
  endfacet
  facet normal 1 -0 0
    outer loop
      vertex 44 35.868 28.2404
      vertex 44 35.9751 19.6537
      vertex 44 35.9751 28.8463
    endloop
  endfacet
  facet normal 1 0 0
    outer loop
      vertex 44 35.868 28.2404
      vertex 44 35.868 20.2596
      vertex 44 35.9751 19.6537
    endloop
  endfacet
  facet normal 1 -0 0
    outer loop
      vertex 44 35.8605 28.1976
      vertex 44 35.868 20.2596
      vertex 44 35.868 28.2404
    endloop
  endfacet
  facet normal 1 0 0
    outer loop
      vertex 44 35.8605 28.1976
      vertex 44 35.8605 20.3024
      vertex 44 35.868 20.2596
    endloop
  endfacet
  facet normal 1 -0 0
    outer loop
      vertex 44 35.6704 27.5589
      vertex 44 35.8605 20.3024
      vertex 44 35.8605 28.1976
    endloop
  endfacet
  facet normal 1 0 0
    outer loop
      vertex 44 35.6704 27.5589
      vertex 44 35.6704 20.9411
      vertex 44 35.8605 20.3024
    endloop
  endfacet
  facet normal 1 -0 0
    outer loop
      vertex 44 35.4063 26.9349
      vertex 44 35.6704 20.9411
      vertex 44 35.6704 27.5589
    endloop
  endfacet
  facet normal 1 0 0
    outer loop
      vertex 44 35.4063 26.9349
      vertex 44 35.4063 21.5652
      vertex 44 35.6704 20.9411
    endloop
  endfacet
  facet normal 1 -0 0
    outer loop
      vertex 44 35.2864 26.7192
      vertex 44 35.4063 21.5652
      vertex 44 35.4063 26.9349
    endloop
  endfacet
  facet normal 1 0 0
    outer loop
      vertex 44 35.2864 26.7192
      vertex 44 35.2864 21.7808
      vertex 44 35.4063 21.5652
    endloop
  endfacet
  facet normal 1 -0 0
    outer loop
      vertex 44 35.0702 26.3304
      vertex 44 35.2864 21.7808
      vertex 44 35.2864 26.7192
    endloop
  endfacet
  facet normal 1 0 0
    outer loop
      vertex 44 35.0702 26.3304
      vertex 44 35.0702 22.1696
      vertex 44 35.2864 21.7808
    endloop
  endfacet
  facet normal 1 -0 0
    outer loop
      vertex 44 34.8898 26.0722
      vertex 44 35.0702 22.1696
      vertex 44 35.0702 26.3304
    endloop
  endfacet
  facet normal 1 0 0
    outer loop
      vertex 44 34.8898 26.0722
      vertex 44 34.8898 22.4278
      vertex 44 35.0702 22.1696
    endloop
  endfacet
  facet normal 1 -0 0
    outer loop
      vertex 44 34.6647 25.75
      vertex 44 34.8898 22.4278
      vertex 44 34.8898 26.0722
    endloop
  endfacet
  facet normal 1 0 0
    outer loop
      vertex 44 34.6647 25.75
      vertex 44 34.6647 22.75
      vertex 44 34.8898 22.4278
    endloop
  endfacet
  facet normal 1 -0 0
    outer loop
      vertex 44 34.2523 25.2678
      vertex 44 34.6647 22.75
      vertex 44 34.6647 25.75
    endloop
  endfacet
  facet normal 1 0 0
    outer loop
      vertex 44 34.2523 25.2678
      vertex 44 34.2523 23.2322
      vertex 44 34.6647 22.75
    endloop
  endfacet
  facet normal 1 -0 0
    outer loop
      vertex 44 34.2138 25.2227
      vertex 44 34.2523 23.2322
      vertex 44 34.2523 25.2678
    endloop
  endfacet
  facet normal 1 0 0
    outer loop
      vertex 44 34.2138 25.2227
      vertex 44 34.2138 23.2773
      vertex 44 34.2523 23.2322
    endloop
  endfacet
  facet normal 1 -0 0
    outer loop
      vertex 44 34 25.011
      vertex 44 34.2138 23.2773
      vertex 44 34.2138 25.2227
    endloop
  endfacet
  facet normal 1 0 0
    outer loop
      vertex 44 34 25.011
      vertex 44 34 23.489
      vertex 44 34.2138 23.2773
    endloop
  endfacet
  facet normal 1 -0 0
    outer loop
      vertex 44 10 25.011
      vertex 44 34 23.489
      vertex 44 34 25.011
    endloop
  endfacet
  facet normal 1 0 0
    outer loop
      vertex 44 10 25.011
      vertex 44 10 23.489
      vertex 44 34 23.489
    endloop
  endfacet
  facet normal 1 0 0
    outer loop
      vertex 44 9.78621 25.2227
      vertex 44 10 23.489
      vertex 44 10 25.011
    endloop
  endfacet
  facet normal 1 0 0
    outer loop
      vertex 44 9.78621 25.2227
      vertex 44 9.78621 23.2773
      vertex 44 10 23.489
    endloop
  endfacet
  facet normal 1 0 0
    outer loop
      vertex 44 9.74767 25.2678
      vertex 44 9.78621 23.2773
      vertex 44 9.78621 25.2227
    endloop
  endfacet
  facet normal 1 0 0
    outer loop
      vertex 44 9.74767 25.2678
      vertex 44 9.74767 23.2322
      vertex 44 9.78621 23.2773
    endloop
  endfacet
  facet normal 1 0 0
    outer loop
      vertex 44 9.33533 25.75
      vertex 44 9.74767 23.2322
      vertex 44 9.74767 25.2678
    endloop
  endfacet
  facet normal 1 0 0
    outer loop
      vertex 44 9.33533 25.75
      vertex 44 9.33533 22.75
      vertex 44 9.74767 23.2322
    endloop
  endfacet
  facet normal 1 0 0
    outer loop
      vertex 44 9.11021 26.0722
      vertex 44 9.33533 22.75
      vertex 44 9.33533 25.75
    endloop
  endfacet
  facet normal 1 0 0
    outer loop
      vertex 44 9.11021 26.0722
      vertex 44 9.11021 22.4278
      vertex 44 9.33533 22.75
    endloop
  endfacet
  facet normal 1 0 0
    outer loop
      vertex 44 8.9298 26.3304
      vertex 44 9.11021 22.4278
      vertex 44 9.11021 26.0722
    endloop
  endfacet
  facet normal 1 0 0
    outer loop
      vertex 44 8.9298 26.3304
      vertex 44 8.9298 22.1696
      vertex 44 9.11021 22.4278
    endloop
  endfacet
  facet normal 1 0 0
    outer loop
      vertex 44 8.71362 26.7192
      vertex 44 8.9298 22.1696
      vertex 44 8.9298 26.3304
    endloop
  endfacet
  facet normal 1 0 0
    outer loop
      vertex 44 8.71362 26.7192
      vertex 44 8.71362 21.7808
      vertex 44 8.9298 22.1696
    endloop
  endfacet
  facet normal 1 0 0
    outer loop
      vertex 44 8.5937 26.9349
      vertex 44 8.71362 21.7808
      vertex 44 8.71362 26.7192
    endloop
  endfacet
  facet normal 1 0 0
    outer loop
      vertex 44 8.5937 26.9349
      vertex 44 8.5937 21.5652
      vertex 44 8.71362 21.7808
    endloop
  endfacet
  facet normal 1 0 0
    outer loop
      vertex 44 8.32961 27.5589
      vertex 44 8.5937 21.5652
      vertex 44 8.5937 26.9349
    endloop
  endfacet
  facet normal 1 0 0
    outer loop
      vertex 44 8.32961 27.5589
      vertex 44 8.32961 20.9411
      vertex 44 8.5937 21.5652
    endloop
  endfacet
  facet normal 1 0 0
    outer loop
      vertex 44 8.13952 28.1976
      vertex 44 8.32961 20.9411
      vertex 44 8.32961 27.5589
    endloop
  endfacet
  facet normal 1 0 0
    outer loop
      vertex 44 8.13952 28.1976
      vertex 44 8.13952 20.3024
      vertex 44 8.32961 20.9411
    endloop
  endfacet
  facet normal 1 0 0
    outer loop
      vertex 44 8.13196 28.2404
      vertex 44 8.13952 20.3024
      vertex 44 8.13952 28.1976
    endloop
  endfacet
  facet normal 1 0 0
    outer loop
      vertex 44 8.13196 28.2404
      vertex 44 8.13196 20.2596
      vertex 44 8.13952 20.3024
    endloop
  endfacet
  facet normal 1 0 0
    outer loop
      vertex 44 8.02491 28.8463
      vertex 44 8.13196 20.2596
      vertex 44 8.13196 28.2404
    endloop
  endfacet
  facet normal 1 0 0
    outer loop
      vertex 44 8.02491 28.8463
      vertex 44 8.02491 19.6537
      vertex 44 8.13196 20.2596
    endloop
  endfacet
  facet normal 1 0 0
    outer loop
      vertex 44 8 29.2712
      vertex 44 8.02491 19.6537
      vertex 44 8.02491 28.8463
    endloop
  endfacet
  facet normal 1 0 0
    outer loop
      vertex 44 8.02491 19.6537
      vertex 44 8 29.2712
      vertex 44 8 19.2288
    endloop
  endfacet
  facet normal 1 -0 0
    outer loop
      vertex 44 35.9751 39.3463
      vertex 44 36 29.7288
      vertex 44 36 39.7712
    endloop
  endfacet
  facet normal 1 0 0
    outer loop
      vertex 44 35.9751 39.3463
      vertex 44 35.9751 30.1537
      vertex 44 36 29.7288
    endloop
  endfacet
  facet normal 1 -0 0
    outer loop
      vertex 44 35.868 38.7404
      vertex 44 35.9751 30.1537
      vertex 44 35.9751 39.3463
    endloop
  endfacet
  facet normal 1 0 0
    outer loop
      vertex 44 35.868 38.7404
      vertex 44 35.868 30.7596
      vertex 44 35.9751 30.1537
    endloop
  endfacet
  facet normal 1 -0 0
    outer loop
      vertex 44 35.8605 38.6976
      vertex 44 35.868 30.7596
      vertex 44 35.868 38.7404
    endloop
  endfacet
  facet normal 1 0 0
    outer loop
      vertex 44 35.8605 38.6976
      vertex 44 35.8605 30.8024
      vertex 44 35.868 30.7596
    endloop
  endfacet
  facet normal 1 -0 0
    outer loop
      vertex 44 35.6704 38.0589
      vertex 44 35.8605 30.8024
      vertex 44 35.8605 38.6976
    endloop
  endfacet
  facet normal 1 0 0
    outer loop
      vertex 44 35.6704 38.0589
      vertex 44 35.6704 31.4411
      vertex 44 35.8605 30.8024
    endloop
  endfacet
  facet normal 1 -0 0
    outer loop
      vertex 44 35.4063 37.4349
      vertex 44 35.6704 31.4411
      vertex 44 35.6704 38.0589
    endloop
  endfacet
  facet normal 1 0 0
    outer loop
      vertex 44 35.4063 37.4349
      vertex 44 35.4063 32.0652
      vertex 44 35.6704 31.4411
    endloop
  endfacet
  facet normal 1 -0 0
    outer loop
      vertex 44 35.2864 37.2192
      vertex 44 35.4063 32.0652
      vertex 44 35.4063 37.4349
    endloop
  endfacet
  facet normal 1 0 0
    outer loop
      vertex 44 35.2864 37.2192
      vertex 44 35.2864 32.2808
      vertex 44 35.4063 32.0652
    endloop
  endfacet
  facet normal 1 -0 0
    outer loop
      vertex 44 35.0702 36.8304
      vertex 44 35.2864 32.2808
      vertex 44 35.2864 37.2192
    endloop
  endfacet
  facet normal 1 0 0
    outer loop
      vertex 44 35.0702 36.8304
      vertex 44 35.0702 32.6696
      vertex 44 35.2864 32.2808
    endloop
  endfacet
  facet normal 1 -0 0
    outer loop
      vertex 44 34.8898 36.5722
      vertex 44 35.0702 32.6696
      vertex 44 35.0702 36.8304
    endloop
  endfacet
  facet normal 1 0 0
    outer loop
      vertex 44 34.8898 36.5722
      vertex 44 34.8898 32.9278
      vertex 44 35.0702 32.6696
    endloop
  endfacet
  facet normal 1 -0 0
    outer loop
      vertex 44 34.6647 36.25
      vertex 44 34.8898 32.9278
      vertex 44 34.8898 36.5722
    endloop
  endfacet
  facet normal 1 0 0
    outer loop
      vertex 44 34.6647 36.25
      vertex 44 34.6647 33.25
      vertex 44 34.8898 32.9278
    endloop
  endfacet
  facet normal 1 -0 0
    outer loop
      vertex 44 34.2523 35.7678
      vertex 44 34.6647 33.25
      vertex 44 34.6647 36.25
    endloop
  endfacet
  facet normal 1 0 0
    outer loop
      vertex 44 34.2523 35.7678
      vertex 44 34.2523 33.7322
      vertex 44 34.6647 33.25
    endloop
  endfacet
  facet normal 1 -0 0
    outer loop
      vertex 44 34.2138 35.7227
      vertex 44 34.2523 33.7322
      vertex 44 34.2523 35.7678
    endloop
  endfacet
  facet normal 1 0 0
    outer loop
      vertex 44 34.2138 35.7227
      vertex 44 34.2138 33.7773
      vertex 44 34.2523 33.7322
    endloop
  endfacet
  facet normal 1 -0 0
    outer loop
      vertex 44 34 35.511
      vertex 44 34.2138 33.7773
      vertex 44 34.2138 35.7227
    endloop
  endfacet
  facet normal 1 0 0
    outer loop
      vertex 44 34 35.511
      vertex 44 34 33.989
      vertex 44 34.2138 33.7773
    endloop
  endfacet
  facet normal 1 -0 0
    outer loop
      vertex 44 10 35.511
      vertex 44 34 33.989
      vertex 44 34 35.511
    endloop
  endfacet
  facet normal 1 0 0
    outer loop
      vertex 44 10 35.511
      vertex 44 10 33.989
      vertex 44 34 33.989
    endloop
  endfacet
  facet normal 1 0 0
    outer loop
      vertex 44 9.78621 35.7227
      vertex 44 10 33.989
      vertex 44 10 35.511
    endloop
  endfacet
  facet normal 1 0 0
    outer loop
      vertex 44 9.78621 35.7227
      vertex 44 9.78621 33.7773
      vertex 44 10 33.989
    endloop
  endfacet
  facet normal 1 0 0
    outer loop
      vertex 44 9.74767 35.7678
      vertex 44 9.78621 33.7773
      vertex 44 9.78621 35.7227
    endloop
  endfacet
  facet normal 1 0 0
    outer loop
      vertex 44 9.74767 35.7678
      vertex 44 9.74767 33.7322
      vertex 44 9.78621 33.7773
    endloop
  endfacet
  facet normal 1 0 0
    outer loop
      vertex 44 9.33533 36.25
      vertex 44 9.74767 33.7322
      vertex 44 9.74767 35.7678
    endloop
  endfacet
  facet normal 1 0 0
    outer loop
      vertex 44 9.33533 36.25
      vertex 44 9.33533 33.25
      vertex 44 9.74767 33.7322
    endloop
  endfacet
  facet normal 1 0 0
    outer loop
      vertex 44 9.11021 36.5722
      vertex 44 9.33533 33.25
      vertex 44 9.33533 36.25
    endloop
  endfacet
  facet normal 1 0 0
    outer loop
      vertex 44 9.11021 36.5722
      vertex 44 9.11021 32.9278
      vertex 44 9.33533 33.25
    endloop
  endfacet
  facet normal 1 0 0
    outer loop
      vertex 44 8.9298 36.8304
      vertex 44 9.11021 32.9278
      vertex 44 9.11021 36.5722
    endloop
  endfacet
  facet normal 1 0 0
    outer loop
      vertex 44 8.9298 36.8304
      vertex 44 8.9298 32.6696
      vertex 44 9.11021 32.9278
    endloop
  endfacet
  facet normal 1 0 0
    outer loop
      vertex 44 8.71362 37.2192
      vertex 44 8.9298 32.6696
      vertex 44 8.9298 36.8304
    endloop
  endfacet
  facet normal 1 0 0
    outer loop
      vertex 44 8.71362 37.2192
      vertex 44 8.71362 32.2808
      vertex 44 8.9298 32.6696
    endloop
  endfacet
  facet normal 1 0 0
    outer loop
      vertex 44 8.5937 37.4349
      vertex 44 8.71362 32.2808
      vertex 44 8.71362 37.2192
    endloop
  endfacet
  facet normal 1 0 0
    outer loop
      vertex 44 8.5937 37.4349
      vertex 44 8.5937 32.0652
      vertex 44 8.71362 32.2808
    endloop
  endfacet
  facet normal 1 0 0
    outer loop
      vertex 44 8.32961 38.0589
      vertex 44 8.5937 32.0652
      vertex 44 8.5937 37.4349
    endloop
  endfacet
  facet normal 1 0 0
    outer loop
      vertex 44 8.32961 38.0589
      vertex 44 8.32961 31.4411
      vertex 44 8.5937 32.0652
    endloop
  endfacet
  facet normal 1 0 0
    outer loop
      vertex 44 8.13952 38.6976
      vertex 44 8.32961 31.4411
      vertex 44 8.32961 38.0589
    endloop
  endfacet
  facet normal 1 0 0
    outer loop
      vertex 44 8.13952 38.6976
      vertex 44 8.13952 30.8024
      vertex 44 8.32961 31.4411
    endloop
  endfacet
  facet normal 1 0 0
    outer loop
      vertex 44 8.13196 38.7404
      vertex 44 8.13952 30.8024
      vertex 44 8.13952 38.6976
    endloop
  endfacet
  facet normal 1 0 0
    outer loop
      vertex 44 8.13196 38.7404
      vertex 44 8.13196 30.7596
      vertex 44 8.13952 30.8024
    endloop
  endfacet
  facet normal 1 0 0
    outer loop
      vertex 44 8.02491 39.3463
      vertex 44 8.13196 30.7596
      vertex 44 8.13196 38.7404
    endloop
  endfacet
  facet normal 1 0 0
    outer loop
      vertex 44 8.02491 39.3463
      vertex 44 8.02491 30.1537
      vertex 44 8.13196 30.7596
    endloop
  endfacet
  facet normal 1 0 0
    outer loop
      vertex 44 8 39.7712
      vertex 44 8.02491 30.1537
      vertex 44 8.02491 39.3463
    endloop
  endfacet
  facet normal 1 0 0
    outer loop
      vertex 44 8.02491 30.1537
      vertex 44 8 39.7712
      vertex 44 8 29.7288
    endloop
  endfacet
  facet normal 1 -0 0
    outer loop
      vertex 44 35.9751 49.8463
      vertex 44 36 40.2288
      vertex 44 36 50.2712
    endloop
  endfacet
  facet normal 1 0 0
    outer loop
      vertex 44 35.9751 49.8463
      vertex 44 35.9751 40.6537
      vertex 44 36 40.2288
    endloop
  endfacet
  facet normal 1 -0 0
    outer loop
      vertex 44 35.868 49.2404
      vertex 44 35.9751 40.6537
      vertex 44 35.9751 49.8463
    endloop
  endfacet
  facet normal 1 0 0
    outer loop
      vertex 44 35.868 49.2404
      vertex 44 35.868 41.2596
      vertex 44 35.9751 40.6537
    endloop
  endfacet
  facet normal 1 -0 0
    outer loop
      vertex 44 35.8605 49.1976
      vertex 44 35.868 41.2596
      vertex 44 35.868 49.2404
    endloop
  endfacet
  facet normal 1 0 0
    outer loop
      vertex 44 35.8605 49.1976
      vertex 44 35.8605 41.3024
      vertex 44 35.868 41.2596
    endloop
  endfacet
  facet normal 1 -0 0
    outer loop
      vertex 44 35.6704 48.5589
      vertex 44 35.8605 41.3024
      vertex 44 35.8605 49.1976
    endloop
  endfacet
  facet normal 1 0 0
    outer loop
      vertex 44 35.6704 48.5589
      vertex 44 35.6704 41.9411
      vertex 44 35.8605 41.3024
    endloop
  endfacet
  facet normal 1 -0 0
    outer loop
      vertex 44 35.4063 47.9349
      vertex 44 35.6704 41.9411
      vertex 44 35.6704 48.5589
    endloop
  endfacet
  facet normal 1 0 0
    outer loop
      vertex 44 35.4063 47.9349
      vertex 44 35.4063 42.5652
      vertex 44 35.6704 41.9411
    endloop
  endfacet
  facet normal 1 -0 0
    outer loop
      vertex 44 35.2864 47.7192
      vertex 44 35.4063 42.5652
      vertex 44 35.4063 47.9349
    endloop
  endfacet
  facet normal 1 0 0
    outer loop
      vertex 44 35.2864 47.7192
      vertex 44 35.2864 42.7808
      vertex 44 35.4063 42.5652
    endloop
  endfacet
  facet normal 1 -0 0
    outer loop
      vertex 44 35.0702 47.3304
      vertex 44 35.2864 42.7808
      vertex 44 35.2864 47.7192
    endloop
  endfacet
  facet normal 1 0 0
    outer loop
      vertex 44 35.0702 47.3304
      vertex 44 35.0702 43.1696
      vertex 44 35.2864 42.7808
    endloop
  endfacet
  facet normal 1 -0 0
    outer loop
      vertex 44 34.8898 47.0722
      vertex 44 35.0702 43.1696
      vertex 44 35.0702 47.3304
    endloop
  endfacet
  facet normal 1 0 0
    outer loop
      vertex 44 34.8898 47.0722
      vertex 44 34.8898 43.4278
      vertex 44 35.0702 43.1696
    endloop
  endfacet
  facet normal 1 -0 0
    outer loop
      vertex 44 34.6647 46.75
      vertex 44 34.8898 43.4278
      vertex 44 34.8898 47.0722
    endloop
  endfacet
  facet normal 1 0 0
    outer loop
      vertex 44 34.6647 46.75
      vertex 44 34.6647 43.75
      vertex 44 34.8898 43.4278
    endloop
  endfacet
  facet normal 1 -0 0
    outer loop
      vertex 44 34.2523 46.2678
      vertex 44 34.6647 43.75
      vertex 44 34.6647 46.75
    endloop
  endfacet
  facet normal 1 0 0
    outer loop
      vertex 44 34.2523 46.2678
      vertex 44 34.2523 44.2322
      vertex 44 34.6647 43.75
    endloop
  endfacet
  facet normal 1 -0 0
    outer loop
      vertex 44 34.2138 46.2227
      vertex 44 34.2523 44.2322
      vertex 44 34.2523 46.2678
    endloop
  endfacet
  facet normal 1 0 0
    outer loop
      vertex 44 34.2138 46.2227
      vertex 44 34.2138 44.2773
      vertex 44 34.2523 44.2322
    endloop
  endfacet
  facet normal 1 -0 0
    outer loop
      vertex 44 34 46.011
      vertex 44 34.2138 44.2773
      vertex 44 34.2138 46.2227
    endloop
  endfacet
  facet normal 1 0 0
    outer loop
      vertex 44 34 46.011
      vertex 44 34 44.489
      vertex 44 34.2138 44.2773
    endloop
  endfacet
  facet normal 1 -0 0
    outer loop
      vertex 44 10 46.011
      vertex 44 34 44.489
      vertex 44 34 46.011
    endloop
  endfacet
  facet normal 1 0 0
    outer loop
      vertex 44 10 46.011
      vertex 44 10 44.489
      vertex 44 34 44.489
    endloop
  endfacet
  facet normal 1 0 0
    outer loop
      vertex 44 9.78621 46.2227
      vertex 44 10 44.489
      vertex 44 10 46.011
    endloop
  endfacet
  facet normal 1 0 0
    outer loop
      vertex 44 9.78621 46.2227
      vertex 44 9.78621 44.2773
      vertex 44 10 44.489
    endloop
  endfacet
  facet normal 1 0 0
    outer loop
      vertex 44 9.74767 46.2678
      vertex 44 9.78621 44.2773
      vertex 44 9.78621 46.2227
    endloop
  endfacet
  facet normal 1 0 0
    outer loop
      vertex 44 9.74767 46.2678
      vertex 44 9.74767 44.2322
      vertex 44 9.78621 44.2773
    endloop
  endfacet
  facet normal 1 0 0
    outer loop
      vertex 44 9.33533 46.75
      vertex 44 9.74767 44.2322
      vertex 44 9.74767 46.2678
    endloop
  endfacet
  facet normal 1 0 0
    outer loop
      vertex 44 9.33533 46.75
      vertex 44 9.33533 43.75
      vertex 44 9.74767 44.2322
    endloop
  endfacet
  facet normal 1 0 0
    outer loop
      vertex 44 9.11021 47.0722
      vertex 44 9.33533 43.75
      vertex 44 9.33533 46.75
    endloop
  endfacet
  facet normal 1 0 0
    outer loop
      vertex 44 9.11021 47.0722
      vertex 44 9.11021 43.4278
      vertex 44 9.33533 43.75
    endloop
  endfacet
  facet normal 1 0 0
    outer loop
      vertex 44 8.9298 47.3304
      vertex 44 9.11021 43.4278
      vertex 44 9.11021 47.0722
    endloop
  endfacet
  facet normal 1 0 0
    outer loop
      vertex 44 8.9298 47.3304
      vertex 44 8.9298 43.1696
      vertex 44 9.11021 43.4278
    endloop
  endfacet
  facet normal 1 0 0
    outer loop
      vertex 44 8.71362 47.7192
      vertex 44 8.9298 43.1696
      vertex 44 8.9298 47.3304
    endloop
  endfacet
  facet normal 1 0 0
    outer loop
      vertex 44 8.71362 47.7192
      vertex 44 8.71362 42.7808
      vertex 44 8.9298 43.1696
    endloop
  endfacet
  facet normal 1 0 0
    outer loop
      vertex 44 8.5937 47.9349
      vertex 44 8.71362 42.7808
      vertex 44 8.71362 47.7192
    endloop
  endfacet
  facet normal 1 0 0
    outer loop
      vertex 44 8.5937 47.9349
      vertex 44 8.5937 42.5652
      vertex 44 8.71362 42.7808
    endloop
  endfacet
  facet normal 1 0 0
    outer loop
      vertex 44 8.32961 48.5589
      vertex 44 8.5937 42.5652
      vertex 44 8.5937 47.9349
    endloop
  endfacet
  facet normal 1 0 0
    outer loop
      vertex 44 8.32961 48.5589
      vertex 44 8.32961 41.9411
      vertex 44 8.5937 42.5652
    endloop
  endfacet
  facet normal 1 0 0
    outer loop
      vertex 44 8.13952 49.1976
      vertex 44 8.32961 41.9411
      vertex 44 8.32961 48.5589
    endloop
  endfacet
  facet normal 1 0 0
    outer loop
      vertex 44 8.13952 49.1976
      vertex 44 8.13952 41.3024
      vertex 44 8.32961 41.9411
    endloop
  endfacet
  facet normal 1 0 0
    outer loop
      vertex 44 8.13196 49.2404
      vertex 44 8.13952 41.3024
      vertex 44 8.13952 49.1976
    endloop
  endfacet
  facet normal 1 0 0
    outer loop
      vertex 44 8.13196 49.2404
      vertex 44 8.13196 41.2596
      vertex 44 8.13952 41.3024
    endloop
  endfacet
  facet normal 1 0 0
    outer loop
      vertex 44 8.02491 49.8463
      vertex 44 8.13196 41.2596
      vertex 44 8.13196 49.2404
    endloop
  endfacet
  facet normal 1 0 0
    outer loop
      vertex 44 8.02491 49.8463
      vertex 44 8.02491 40.6537
      vertex 44 8.13196 41.2596
    endloop
  endfacet
  facet normal 1 0 0
    outer loop
      vertex 44 8 50.2712
      vertex 44 8.02491 40.6537
      vertex 44 8.02491 49.8463
    endloop
  endfacet
  facet normal 1 0 0
    outer loop
      vertex 44 8.02491 40.6537
      vertex 44 8 50.2712
      vertex 44 8 40.2288
    endloop
  endfacet
  facet normal 1 0 0
    outer loop
      vertex 44 35.9751 51.1537
      vertex 44 38 71
      vertex 44 35.9751 60.3463
    endloop
  endfacet
  facet normal 1 0 0
    outer loop
      vertex 44 38 71
      vertex 44 35.9751 51.1537
      vertex 44 36 50.7288
    endloop
  endfacet
  facet normal 1 -0 0
    outer loop
      vertex 44 35.868 59.7404
      vertex 44 35.9751 51.1537
      vertex 44 35.9751 60.3463
    endloop
  endfacet
  facet normal 1 0 0
    outer loop
      vertex 44 35.868 59.7404
      vertex 44 35.868 51.7596
      vertex 44 35.9751 51.1537
    endloop
  endfacet
  facet normal 1 -0 0
    outer loop
      vertex 44 35.8605 59.6976
      vertex 44 35.868 51.7596
      vertex 44 35.868 59.7404
    endloop
  endfacet
  facet normal 1 0 0
    outer loop
      vertex 44 35.8605 59.6976
      vertex 44 35.8605 51.8024
      vertex 44 35.868 51.7596
    endloop
  endfacet
  facet normal 1 -0 0
    outer loop
      vertex 44 35.6704 59.0589
      vertex 44 35.8605 51.8024
      vertex 44 35.8605 59.6976
    endloop
  endfacet
  facet normal 1 0 0
    outer loop
      vertex 44 35.6704 59.0589
      vertex 44 35.6704 52.4411
      vertex 44 35.8605 51.8024
    endloop
  endfacet
  facet normal 1 -0 0
    outer loop
      vertex 44 35.4063 58.4349
      vertex 44 35.6704 52.4411
      vertex 44 35.6704 59.0589
    endloop
  endfacet
  facet normal 1 0 0
    outer loop
      vertex 44 35.4063 58.4349
      vertex 44 35.4063 53.0652
      vertex 44 35.6704 52.4411
    endloop
  endfacet
  facet normal 1 -0 0
    outer loop
      vertex 44 35.2864 58.2192
      vertex 44 35.4063 53.0652
      vertex 44 35.4063 58.4349
    endloop
  endfacet
  facet normal 1 0 0
    outer loop
      vertex 44 35.2864 58.2192
      vertex 44 35.2864 53.2808
      vertex 44 35.4063 53.0652
    endloop
  endfacet
  facet normal 1 -0 0
    outer loop
      vertex 44 35.0702 57.8304
      vertex 44 35.2864 53.2808
      vertex 44 35.2864 58.2192
    endloop
  endfacet
  facet normal 1 0 0
    outer loop
      vertex 44 35.0702 57.8304
      vertex 44 35.0702 53.6696
      vertex 44 35.2864 53.2808
    endloop
  endfacet
  facet normal 1 -0 0
    outer loop
      vertex 44 34.8898 57.5722
      vertex 44 35.0702 53.6696
      vertex 44 35.0702 57.8304
    endloop
  endfacet
  facet normal 1 0 0
    outer loop
      vertex 44 34.8898 57.5722
      vertex 44 34.8898 53.9278
      vertex 44 35.0702 53.6696
    endloop
  endfacet
  facet normal 1 -0 0
    outer loop
      vertex 44 34.6647 57.25
      vertex 44 34.8898 53.9278
      vertex 44 34.8898 57.5722
    endloop
  endfacet
  facet normal 1 0 0
    outer loop
      vertex 44 34.6647 57.25
      vertex 44 34.6647 54.25
      vertex 44 34.8898 53.9278
    endloop
  endfacet
  facet normal 1 -0 0
    outer loop
      vertex 44 34.2523 56.7678
      vertex 44 34.6647 54.25
      vertex 44 34.6647 57.25
    endloop
  endfacet
  facet normal 1 0 0
    outer loop
      vertex 44 34.2523 56.7678
      vertex 44 34.2523 54.7322
      vertex 44 34.6647 54.25
    endloop
  endfacet
  facet normal 1 -0 0
    outer loop
      vertex 44 34.2138 56.7227
      vertex 44 34.2523 54.7322
      vertex 44 34.2523 56.7678
    endloop
  endfacet
  facet normal 1 0 0
    outer loop
      vertex 44 34.2138 56.7227
      vertex 44 34.2138 54.7773
      vertex 44 34.2523 54.7322
    endloop
  endfacet
  facet normal 1 -0 0
    outer loop
      vertex 44 34 56.511
      vertex 44 34.2138 54.7773
      vertex 44 34.2138 56.7227
    endloop
  endfacet
  facet normal 1 0 0
    outer loop
      vertex 44 34 56.511
      vertex 44 34 54.989
      vertex 44 34.2138 54.7773
    endloop
  endfacet
  facet normal 1 -0 0
    outer loop
      vertex 44 10 56.511
      vertex 44 34 54.989
      vertex 44 34 56.511
    endloop
  endfacet
  facet normal 1 0 0
    outer loop
      vertex 44 10 56.511
      vertex 44 10 54.989
      vertex 44 34 54.989
    endloop
  endfacet
  facet normal 1 0 0
    outer loop
      vertex 44 9.78621 56.7227
      vertex 44 10 54.989
      vertex 44 10 56.511
    endloop
  endfacet
  facet normal 1 0 0
    outer loop
      vertex 44 9.78621 56.7227
      vertex 44 9.78621 54.7773
      vertex 44 10 54.989
    endloop
  endfacet
  facet normal 1 0 0
    outer loop
      vertex 44 9.74767 56.7678
      vertex 44 9.78621 54.7773
      vertex 44 9.78621 56.7227
    endloop
  endfacet
  facet normal 1 0 0
    outer loop
      vertex 44 9.74767 56.7678
      vertex 44 9.74767 54.7322
      vertex 44 9.78621 54.7773
    endloop
  endfacet
  facet normal 1 0 0
    outer loop
      vertex 44 9.33533 57.25
      vertex 44 9.74767 54.7322
      vertex 44 9.74767 56.7678
    endloop
  endfacet
  facet normal 1 0 0
    outer loop
      vertex 44 9.33533 57.25
      vertex 44 9.33533 54.25
      vertex 44 9.74767 54.7322
    endloop
  endfacet
  facet normal 1 0 0
    outer loop
      vertex 44 9.11021 57.5722
      vertex 44 9.33533 54.25
      vertex 44 9.33533 57.25
    endloop
  endfacet
  facet normal 1 0 0
    outer loop
      vertex 44 9.11021 57.5722
      vertex 44 9.11021 53.9278
      vertex 44 9.33533 54.25
    endloop
  endfacet
  facet normal 1 0 0
    outer loop
      vertex 44 8.9298 57.8304
      vertex 44 9.11021 53.9278
      vertex 44 9.11021 57.5722
    endloop
  endfacet
  facet normal 1 0 0
    outer loop
      vertex 44 8.9298 57.8304
      vertex 44 8.9298 53.6696
      vertex 44 9.11021 53.9278
    endloop
  endfacet
  facet normal 1 0 0
    outer loop
      vertex 44 8.71362 58.2192
      vertex 44 8.9298 53.6696
      vertex 44 8.9298 57.8304
    endloop
  endfacet
  facet normal 1 0 0
    outer loop
      vertex 44 8.71362 58.2192
      vertex 44 8.71362 53.2808
      vertex 44 8.9298 53.6696
    endloop
  endfacet
  facet normal 1 0 0
    outer loop
      vertex 44 8.5937 58.4349
      vertex 44 8.71362 53.2808
      vertex 44 8.71362 58.2192
    endloop
  endfacet
  facet normal 1 0 0
    outer loop
      vertex 44 8.5937 58.4349
      vertex 44 8.5937 53.0652
      vertex 44 8.71362 53.2808
    endloop
  endfacet
  facet normal 1 0 0
    outer loop
      vertex 44 8.32961 59.0589
      vertex 44 8.5937 53.0652
      vertex 44 8.5937 58.4349
    endloop
  endfacet
  facet normal 1 0 0
    outer loop
      vertex 44 8.32961 59.0589
      vertex 44 8.32961 52.4411
      vertex 44 8.5937 53.0652
    endloop
  endfacet
  facet normal 1 0 0
    outer loop
      vertex 44 8.13952 59.6976
      vertex 44 8.32961 52.4411
      vertex 44 8.32961 59.0589
    endloop
  endfacet
  facet normal 1 0 0
    outer loop
      vertex 44 8.13952 59.6976
      vertex 44 8.13952 51.8024
      vertex 44 8.32961 52.4411
    endloop
  endfacet
  facet normal 1 0 0
    outer loop
      vertex 44 8.13196 59.7404
      vertex 44 8.13952 51.8024
      vertex 44 8.13952 59.6976
    endloop
  endfacet
  facet normal 1 0 0
    outer loop
      vertex 44 8.13196 59.7404
      vertex 44 8.13196 51.7596
      vertex 44 8.13952 51.8024
    endloop
  endfacet
  facet normal 1 0 0
    outer loop
      vertex 44 8.02491 60.3463
      vertex 44 8.13196 51.7596
      vertex 44 8.13196 59.7404
    endloop
  endfacet
  facet normal 1 0 0
    outer loop
      vertex 44 8.02491 60.3463
      vertex 44 8.02491 51.1537
      vertex 44 8.13196 51.7596
    endloop
  endfacet
  facet normal 1 0 0
    outer loop
      vertex 44 6 71
      vertex 44 8.02491 60.3463
      vertex 44 8 60.7712
    endloop
  endfacet
  facet normal 1 0 0
    outer loop
      vertex 44 8.02491 60.3463
      vertex 44 6 71
      vertex 44 8.02491 51.1537
    endloop
  endfacet
  facet normal 1 0 0
    outer loop
      vertex 44 36 60.7712
      vertex 44 38 71
      vertex 44 36 61.2288
    endloop
  endfacet
  facet normal 1 0 0
    outer loop
      vertex 44 38 71
      vertex 44 35.9751 61.6537
      vertex 44 36 61.2288
    endloop
  endfacet
  facet normal 1 0 0
    outer loop
      vertex 44 38 71
      vertex 44 35.868 62.2596
      vertex 44 35.9751 61.6537
    endloop
  endfacet
  facet normal 1 0 0
    outer loop
      vertex 44 38 71
      vertex 44 35.8605 62.3024
      vertex 44 35.868 62.2596
    endloop
  endfacet
  facet normal 1 0 0
    outer loop
      vertex 44 38 71
      vertex 44 35.6704 62.9411
      vertex 44 35.8605 62.3024
    endloop
  endfacet
  facet normal 1 0 0
    outer loop
      vertex 44 38 71
      vertex 44 35.4063 63.5652
      vertex 44 35.6704 62.9411
    endloop
  endfacet
  facet normal 1 0 0
    outer loop
      vertex 44 38 71
      vertex 44 35.2864 63.7808
      vertex 44 35.4063 63.5652
    endloop
  endfacet
  facet normal 1 0 0
    outer loop
      vertex 44 38 71
      vertex 44 35.0702 64.1696
      vertex 44 35.2864 63.7808
    endloop
  endfacet
  facet normal 1 0 0
    outer loop
      vertex 44 38 71
      vertex 44 34.8898 64.4278
      vertex 44 35.0702 64.1696
    endloop
  endfacet
  facet normal 1 0 0
    outer loop
      vertex 44 38 71
      vertex 44 34.6647 64.75
      vertex 44 34.8898 64.4278
    endloop
  endfacet
  facet normal 1 0 0
    outer loop
      vertex 44 38 71
      vertex 44 34.2523 65.2322
      vertex 44 34.6647 64.75
    endloop
  endfacet
  facet normal 1 0 0
    outer loop
      vertex 44 38 71
      vertex 44 34.2138 65.2773
      vertex 44 34.2523 65.2322
    endloop
  endfacet
  facet normal 1 0 0
    outer loop
      vertex 44 38 71
      vertex 44 34 65.489
      vertex 44 34.2138 65.2773
    endloop
  endfacet
  facet normal 1 0 0
    outer loop
      vertex 44 38 71
      vertex 44 10 65.489
      vertex 44 34 65.489
    endloop
  endfacet
  facet normal 1 0 0
    outer loop
      vertex 44 6 71
      vertex 44 8 60.7712
      vertex 44 8 61.2288
    endloop
  endfacet
  facet normal 1 0 0
    outer loop
      vertex 44 8.02491 51.1537
      vertex 44 6 71
      vertex 44 8 50.7288
    endloop
  endfacet
  facet normal 1 0 0
    outer loop
      vertex 44 8 50.7288
      vertex 44 6 71
      vertex 44 8 50.2712
    endloop
  endfacet
  facet normal 1 0 0
    outer loop
      vertex 44 8 50.2712
      vertex 44 6 71
      vertex 44 8 40.2288
    endloop
  endfacet
  facet normal 1 0 0
    outer loop
      vertex 44 8 40.2288
      vertex 44 6 71
      vertex 44 8 39.7712
    endloop
  endfacet
  facet normal 1 0 0
    outer loop
      vertex 44 8 39.7712
      vertex 44 6 71
      vertex 44 8 29.7288
    endloop
  endfacet
  facet normal 1 0 0
    outer loop
      vertex 44 6 0
      vertex 44 8 29.7288
      vertex 44 6 71
    endloop
  endfacet
  facet normal 1 0 0
    outer loop
      vertex 44 8 29.7288
      vertex 44 6 0
      vertex 44 8 29.2712
    endloop
  endfacet
  facet normal 1 0 0
    outer loop
      vertex 44 8 29.2712
      vertex 44 6 0
      vertex 44 8 19.2288
    endloop
  endfacet
  facet normal 1 0 0
    outer loop
      vertex 44 8.02491 9.15367
      vertex 44 6 0
      vertex 44 8 8.72884
    endloop
  endfacet
  facet normal 1 0 0
    outer loop
      vertex 44 8 19.2288
      vertex 44 6 0
      vertex 44 8 18.7712
    endloop
  endfacet
  facet normal 1 0 0
    outer loop
      vertex 44 8.02491 61.6537
      vertex 44 6 71
      vertex 44 8 61.2288
    endloop
  endfacet
  facet normal 1 0 0
    outer loop
      vertex 44 8.13196 62.2596
      vertex 44 6 71
      vertex 44 8.02491 61.6537
    endloop
  endfacet
  facet normal 1 0 0
    outer loop
      vertex 44 8.13952 62.3024
      vertex 44 6 71
      vertex 44 8.13196 62.2596
    endloop
  endfacet
  facet normal 1 0 0
    outer loop
      vertex 44 8.32961 62.9411
      vertex 44 6 71
      vertex 44 8.13952 62.3024
    endloop
  endfacet
  facet normal 1 0 0
    outer loop
      vertex 44 8.5937 63.5652
      vertex 44 6 71
      vertex 44 8.32961 62.9411
    endloop
  endfacet
  facet normal 1 0 0
    outer loop
      vertex 44 8.71362 63.7808
      vertex 44 6 71
      vertex 44 8.5937 63.5652
    endloop
  endfacet
  facet normal 1 0 0
    outer loop
      vertex 44 8.9298 64.1696
      vertex 44 6 71
      vertex 44 8.71362 63.7808
    endloop
  endfacet
  facet normal 1 0 0
    outer loop
      vertex 44 9.11021 64.4278
      vertex 44 6 71
      vertex 44 8.9298 64.1696
    endloop
  endfacet
  facet normal 1 0 0
    outer loop
      vertex 44 9.33533 64.75
      vertex 44 6 71
      vertex 44 9.11021 64.4278
    endloop
  endfacet
  facet normal 1 0 0
    outer loop
      vertex 44 9.74767 65.2322
      vertex 44 6 71
      vertex 44 9.33533 64.75
    endloop
  endfacet
  facet normal 1 0 0
    outer loop
      vertex 44 9.78621 65.2773
      vertex 44 6 71
      vertex 44 9.74767 65.2322
    endloop
  endfacet
  facet normal 1 0 0
    outer loop
      vertex 44 10 65.489
      vertex 44 6 71
      vertex 44 9.78621 65.2773
    endloop
  endfacet
  facet normal 1 -0 0
    outer loop
      vertex 44 6 71
      vertex 44 10 65.489
      vertex 44 38 71
    endloop
  endfacet
  facet normal 1 0 0
    outer loop
      vertex 44 35.9751 60.3463
      vertex 44 38 71
      vertex 44 36 60.7712
    endloop
  endfacet
  facet normal 1 0 0
    outer loop
      vertex 44 36 50.2712
      vertex 44 38 71
      vertex 44 36 50.7288
    endloop
  endfacet
  facet normal 1 0 0
    outer loop
      vertex 44 36 40.2288
      vertex 44 38 71
      vertex 44 36 50.2712
    endloop
  endfacet
  facet normal 1 0 0
    outer loop
      vertex 44 36 39.7712
      vertex 44 38 71
      vertex 44 36 40.2288
    endloop
  endfacet
  facet normal 1 0 0
    outer loop
      vertex 44 38 71
      vertex 44 36 39.7712
      vertex 44 38 0
    endloop
  endfacet
  facet normal 1 -0 0
    outer loop
      vertex 44 36 29.7288
      vertex 44 38 0
      vertex 44 36 39.7712
    endloop
  endfacet
  facet normal 1 -0 0
    outer loop
      vertex 44 36 29.2712
      vertex 44 38 0
      vertex 44 36 29.7288
    endloop
  endfacet
  facet normal 1 -0 0
    outer loop
      vertex 44 36 19.2288
      vertex 44 38 0
      vertex 44 36 29.2712
    endloop
  endfacet
  facet normal 1 -0 0
    outer loop
      vertex 44 36 18.7712
      vertex 44 38 0
      vertex 44 36 19.2288
    endloop
  endfacet
  facet normal 1 -0 0
    outer loop
      vertex 44 35.9751 18.3463
      vertex 44 38 0
      vertex 44 36 18.7712
    endloop
  endfacet
  facet normal 1 -0 0
    outer loop
      vertex 44 36 8.27117
      vertex 44 38 0
      vertex 44 36 8.72884
    endloop
  endfacet
  facet normal 1 -0 0
    outer loop
      vertex 44 35.9751 7.84634
      vertex 44 38 0
      vertex 44 36 8.27117
    endloop
  endfacet
  facet normal 1 -0 0
    outer loop
      vertex 44 35.868 7.24045
      vertex 44 38 0
      vertex 44 35.9751 7.84634
    endloop
  endfacet
  facet normal 1 -0 0
    outer loop
      vertex 44 35.8605 7.19765
      vertex 44 38 0
      vertex 44 35.868 7.24045
    endloop
  endfacet
  facet normal 1 -0 0
    outer loop
      vertex 44 35.6704 6.55887
      vertex 44 38 0
      vertex 44 35.8605 7.19765
    endloop
  endfacet
  facet normal 1 -0 0
    outer loop
      vertex 44 35.4063 5.93486
      vertex 44 38 0
      vertex 44 35.6704 6.55887
    endloop
  endfacet
  facet normal 1 -0 0
    outer loop
      vertex 44 35.2864 5.71917
      vertex 44 38 0
      vertex 44 35.4063 5.93486
    endloop
  endfacet
  facet normal 1 -0 0
    outer loop
      vertex 44 35.0702 5.33037
      vertex 44 38 0
      vertex 44 35.2864 5.71917
    endloop
  endfacet
  facet normal 1 -0 0
    outer loop
      vertex 44 34.8898 5.07217
      vertex 44 38 0
      vertex 44 35.0702 5.33037
    endloop
  endfacet
  facet normal 1 -0 0
    outer loop
      vertex 44 34.6647 4.75
      vertex 44 38 0
      vertex 44 34.8898 5.07217
    endloop
  endfacet
  facet normal 1 -0 0
    outer loop
      vertex 44 34.2523 4.2678
      vertex 44 38 0
      vertex 44 34.6647 4.75
    endloop
  endfacet
  facet normal 1 -0 0
    outer loop
      vertex 44 34.2138 4.22274
      vertex 44 38 0
      vertex 44 34.2523 4.2678
    endloop
  endfacet
  facet normal 1 -0 0
    outer loop
      vertex 44 34 4.011
      vertex 44 38 0
      vertex 44 34.2138 4.22274
    endloop
  endfacet
  facet normal 1 -0 0
    outer loop
      vertex 44 10 4.011
      vertex 44 38 0
      vertex 44 34 4.011
    endloop
  endfacet
  facet normal 1 0 0
    outer loop
      vertex 44 10 4.011
      vertex 44 6 0
      vertex 44 38 0
    endloop
  endfacet
  facet normal 1 0 0
    outer loop
      vertex 44 9.78621 4.22274
      vertex 44 6 0
      vertex 44 10 4.011
    endloop
  endfacet
  facet normal 1 0 0
    outer loop
      vertex 44 9.74767 4.2678
      vertex 44 6 0
      vertex 44 9.78621 4.22274
    endloop
  endfacet
  facet normal 1 0 0
    outer loop
      vertex 44 9.33533 4.75
      vertex 44 6 0
      vertex 44 9.74767 4.2678
    endloop
  endfacet
  facet normal 1 0 0
    outer loop
      vertex 44 9.11021 5.07217
      vertex 44 6 0
      vertex 44 9.33533 4.75
    endloop
  endfacet
  facet normal 1 0 0
    outer loop
      vertex 44 8.9298 5.33037
      vertex 44 6 0
      vertex 44 9.11021 5.07217
    endloop
  endfacet
  facet normal 1 0 0
    outer loop
      vertex 44 8.71362 5.71917
      vertex 44 6 0
      vertex 44 8.9298 5.33037
    endloop
  endfacet
  facet normal 1 0 0
    outer loop
      vertex 44 8.5937 5.93486
      vertex 44 6 0
      vertex 44 8.71362 5.71917
    endloop
  endfacet
  facet normal 1 0 0
    outer loop
      vertex 44 8.32961 6.55887
      vertex 44 6 0
      vertex 44 8.5937 5.93486
    endloop
  endfacet
  facet normal 1 0 0
    outer loop
      vertex 44 8.13952 7.19765
      vertex 44 6 0
      vertex 44 8.32961 6.55887
    endloop
  endfacet
  facet normal 1 0 0
    outer loop
      vertex 44 8.13196 7.24045
      vertex 44 6 0
      vertex 44 8.13952 7.19765
    endloop
  endfacet
  facet normal 1 0 0
    outer loop
      vertex 44 8.02491 7.84634
      vertex 44 6 0
      vertex 44 8.13196 7.24045
    endloop
  endfacet
  facet normal 1 0 0
    outer loop
      vertex 44 8 8.27117
      vertex 44 6 0
      vertex 44 8.02491 7.84634
    endloop
  endfacet
  facet normal 1 0 0
    outer loop
      vertex 44 8 8.72884
      vertex 44 6 0
      vertex 44 8 8.27117
    endloop
  endfacet
  facet normal -0.879464 -0.475965 0
    outer loop
      vertex -42.7348 2.31473 0
      vertex -43.6749 4.0518 71
      vertex -43.6749 4.0518 0
    endloop
  endfacet
  facet normal -0.879464 -0.475965 0
    outer loop
      vertex -43.6749 4.0518 71
      vertex -42.7348 2.31473 0
      vertex -42.7348 2.31473 71
    endloop
  endfacet
  facet normal 0.677289 0.735717 -0
    outer loop
      vertex 42.7348 41.6853 0
      vertex 41.2817 43.023 71
      vertex 42.7348 41.6853 71
    endloop
  endfacet
  facet normal 0.677289 0.735717 0
    outer loop
      vertex 41.2817 43.023 71
      vertex 42.7348 41.6853 0
      vertex 41.2817 43.023 0
    endloop
  endfacet
  facet normal 0 0 -1
    outer loop
      vertex 38 0 0
      vertex 44 6 0
      vertex 43.8164 4.52708 0
    endloop
  endfacet
  facet normal -0 0 -1
    outer loop
      vertex 44 6 0
      vertex 38 0 0
      vertex 44 38 0
    endloop
  endfacet
  facet normal 0 0 -1
    outer loop
      vertex 38 0 0
      vertex 43.8164 4.52708 0
      vertex 43.023 2.71831 0
    endloop
  endfacet
  facet normal -0 0 -1
    outer loop
      vertex 44 38 0
      vertex 38 0 0
      vertex 38 44 0
    endloop
  endfacet
  facet normal 0 0 -1
    outer loop
      vertex 38 0 0
      vertex 43.023 2.71831 0
      vertex 41.6853 1.26515 0
    endloop
  endfacet
  facet normal 0 0 -1
    outer loop
      vertex 44 38 0
      vertex 38 44 0
      vertex 43.6749 39.9482 0
    endloop
  endfacet
  facet normal 0 0 -1
    outer loop
      vertex 38 0 0
      vertex 41.6853 1.26515 0
      vertex 39.9482 0.325104 0
    endloop
  endfacet
  facet normal 0 0 -1
    outer loop
      vertex 43.6749 39.9482 0
      vertex 38 44 0
      vertex 42.7348 41.6853 0
    endloop
  endfacet
  facet normal 0 0 -1
    outer loop
      vertex 42.7348 41.6853 0
      vertex 38 44 0
      vertex 41.2817 43.023 0
    endloop
  endfacet
  facet normal 0 0 -1
    outer loop
      vertex 41.2817 43.023 0
      vertex 38 44 0
      vertex 39.4729 43.8164 0
    endloop
  endfacet
  facet normal 0 0 -1
    outer loop
      vertex -38 0 0
      vertex 38 44 0
      vertex 38 0 0
    endloop
  endfacet
  facet normal 0 0 -1
    outer loop
      vertex -38 0 0
      vertex -38 44 0
      vertex 38 44 0
    endloop
  endfacet
  facet normal 0 0 -1
    outer loop
      vertex -44 6 0
      vertex -38 0 0
      vertex -39.4729 0.183594 0
    endloop
  endfacet
  facet normal 0 0 -1
    outer loop
      vertex -38 0 0
      vertex -44 6 0
      vertex -38 44 0
    endloop
  endfacet
  facet normal 0 0 -1
    outer loop
      vertex -44 6 0
      vertex -39.4729 0.183594 0
      vertex -41.2817 0.977005 0
    endloop
  endfacet
  facet normal 0 0 -1
    outer loop
      vertex -38 44 0
      vertex -44 6 0
      vertex -44 38 0
    endloop
  endfacet
  facet normal 0 0 -1
    outer loop
      vertex -44 6 0
      vertex -41.2817 0.977005 0
      vertex -42.7348 2.31473 0
    endloop
  endfacet
  facet normal 0 0 -1
    outer loop
      vertex -38 44 0
      vertex -44 38 0
      vertex -39.9482 43.6749 0
    endloop
  endfacet
  facet normal 0 0 -1
    outer loop
      vertex -44 6 0
      vertex -42.7348 2.31473 0
      vertex -43.6749 4.0518 0
    endloop
  endfacet
  facet normal 0 0 -1
    outer loop
      vertex -39.9482 43.6749 0
      vertex -44 38 0
      vertex -41.6853 42.7348 0
    endloop
  endfacet
  facet normal 0 0 -1
    outer loop
      vertex -41.6853 42.7348 0
      vertex -44 38 0
      vertex -43.023 41.2817 0
    endloop
  endfacet
  facet normal 0 0 -1
    outer loop
      vertex -43.023 41.2817 0
      vertex -44 38 0
      vertex -43.8164 39.4729 0
    endloop
  endfacet
  facet normal 0 0 1
    outer loop
      vertex -25.5 2.68 71
      vertex -30.5 2.68 71
      vertex -25.5 1.67999 71
    endloop
  endfacet
  facet normal 0 0 1
    outer loop
      vertex 30.5 2.68 71
      vertex 25.5 2.68 71
      vertex 30.5 1.67999 71
    endloop
  endfacet
  facet normal 0 0 1
    outer loop
      vertex 44 38 71
      vertex 42.0639 39.3951 71
      vertex 42.32 37.8607 71
    endloop
  endfacet
  facet normal 0 0 1
    outer loop
      vertex 42.7348 41.6853 71
      vertex 41.3907 40.6391 71
      vertex 42.0639 39.3951 71
    endloop
  endfacet
  facet normal 0 0 1
    outer loop
      vertex 41.2817 43.023 71
      vertex 41.3907 40.6391 71
      vertex 42.7348 41.6853 71
    endloop
  endfacet
  facet normal 0 0 1
    outer loop
      vertex 41.2817 43.023 71
      vertex 40.3501 41.5971 71
      vertex 41.3907 40.6391 71
    endloop
  endfacet
  facet normal 0 0 1
    outer loop
      vertex 39.4729 43.8164 71
      vertex 40.3501 41.5971 71
      vertex 41.2817 43.023 71
    endloop
  endfacet
  facet normal 0 0 1
    outer loop
      vertex 39.4729 43.8164 71
      vertex 39.0222 42.1796 71
      vertex 40.3501 41.5971 71
    endloop
  endfacet
  facet normal 0 0 1
    outer loop
      vertex 38 44 71
      vertex 39.0222 42.1796 71
      vertex 39.4729 43.8164 71
    endloop
  endfacet
  facet normal 0 0 1
    outer loop
      vertex 38 44 71
      vertex 37.8956 42.32 71
      vertex 39.0222 42.1796 71
    endloop
  endfacet
  facet normal 0 0 1
    outer loop
      vertex 38 44 71
      vertex -37.8607 42.32 71
      vertex 37.8956 42.32 71
    endloop
  endfacet
  facet normal -0 0 1
    outer loop
      vertex -38 44 71
      vertex -37.8607 42.32 71
      vertex 38 44 71
    endloop
  endfacet
  facet normal 0 0 1
    outer loop
      vertex -38 44 71
      vertex -39.3951 42.0639 71
      vertex -37.8607 42.32 71
    endloop
  endfacet
  facet normal -0 0 1
    outer loop
      vertex -39.9482 43.6749 71
      vertex -39.3951 42.0639 71
      vertex -38 44 71
    endloop
  endfacet
  facet normal 0 0 1
    outer loop
      vertex -39.9482 43.6749 71
      vertex -40.6391 41.3907 71
      vertex -39.3951 42.0639 71
    endloop
  endfacet
  facet normal -0 0 1
    outer loop
      vertex -41.6853 42.7348 71
      vertex -40.6391 41.3907 71
      vertex -39.9482 43.6749 71
    endloop
  endfacet
  facet normal 0 0 1
    outer loop
      vertex -40.6391 41.3907 71
      vertex -41.6853 42.7348 71
      vertex -41.5971 40.3501 71
    endloop
  endfacet
  facet normal -0 0 1
    outer loop
      vertex -43.023 41.2817 71
      vertex -41.5971 40.3501 71
      vertex -41.6853 42.7348 71
    endloop
  endfacet
  facet normal 0 0 1
    outer loop
      vertex -44 38 71
      vertex -42.32 6.13927 71
      vertex -42.32 37.8956 71
    endloop
  endfacet
  facet normal 0 0 1
    outer loop
      vertex -43.8164 39.4729 71
      vertex -41.5971 40.3501 71
      vertex -43.023 41.2817 71
    endloop
  endfacet
  facet normal 0 0 1
    outer loop
      vertex -41.5971 40.3501 71
      vertex -43.8164 39.4729 71
      vertex -42.1796 39.0222 71
    endloop
  endfacet
  facet normal 0 0 1
    outer loop
      vertex -44 38 71
      vertex -42.1796 39.0222 71
      vertex -43.8164 39.4729 71
    endloop
  endfacet
  facet normal 0 0 1
    outer loop
      vertex -42.32 6.13927 71
      vertex -44 38 71
      vertex -44 6 71
    endloop
  endfacet
  facet normal 0 0 1
    outer loop
      vertex -42.1796 39.0222 71
      vertex -44 38 71
      vertex -42.32 37.8956 71
    endloop
  endfacet
  facet normal 0 -0 1
    outer loop
      vertex -43.6749 4.0518 71
      vertex -42.32 6.13927 71
      vertex -44 6 71
    endloop
  endfacet
  facet normal 0 0 1
    outer loop
      vertex -42.32 6.13927 71
      vertex -43.6749 4.0518 71
      vertex -42.7348 2.31473 71
    endloop
  endfacet
  facet normal -0 0 1
    outer loop
      vertex 42.32 37.8607 71
      vertex 44 6 71
      vertex 44 38 71
    endloop
  endfacet
  facet normal -0 0 1
    outer loop
      vertex 42.0639 39.3951 71
      vertex 44 38 71
      vertex 43.6749 39.9482 71
    endloop
  endfacet
  facet normal 0 0 1
    outer loop
      vertex 44 6 71
      vertex 42.32 37.8607 71
      vertex 42.32 6.10435 71
    endloop
  endfacet
  facet normal 0 0 1
    outer loop
      vertex 42.0639 39.3951 71
      vertex 43.6749 39.9482 71
      vertex 42.7348 41.6853 71
    endloop
  endfacet
  facet normal 0 0 1
    outer loop
      vertex 42.1796 4.97778 71
      vertex 44 6 71
      vertex 42.32 6.10435 71
    endloop
  endfacet
  facet normal 0 0 1
    outer loop
      vertex 44 6 71
      vertex 42.1796 4.97778 71
      vertex 43.8164 4.52708 71
    endloop
  endfacet
  facet normal 0 0 1
    outer loop
      vertex 41.5971 3.6499 71
      vertex 43.8164 4.52708 71
      vertex 42.1796 4.97778 71
    endloop
  endfacet
  facet normal 0 0 1
    outer loop
      vertex 43.8164 4.52708 71
      vertex 41.5971 3.6499 71
      vertex 43.023 2.71831 71
    endloop
  endfacet
  facet normal 0 0 1
    outer loop
      vertex 43.023 2.71831 71
      vertex 41.5971 3.6499 71
      vertex 41.6853 1.26515 71
    endloop
  endfacet
  facet normal -0 0 1
    outer loop
      vertex 40.6391 2.60925 71
      vertex 41.6853 1.26515 71
      vertex 41.5971 3.6499 71
    endloop
  endfacet
  facet normal 0 0 1
    outer loop
      vertex 40.6391 2.60925 71
      vertex 39.9482 0.325104 71
      vertex 41.6853 1.26515 71
    endloop
  endfacet
  facet normal -0 0 1
    outer loop
      vertex 39.3951 1.93605 71
      vertex 39.9482 0.325104 71
      vertex 40.6391 2.60925 71
    endloop
  endfacet
  facet normal 0 0 1
    outer loop
      vertex 39.3951 1.93605 71
      vertex 38 0 71
      vertex 39.9482 0.325104 71
    endloop
  endfacet
  facet normal -0 0 1
    outer loop
      vertex 37.8607 1.67999 71
      vertex 38 0 71
      vertex 39.3951 1.93605 71
    endloop
  endfacet
  facet normal -0 0 1
    outer loop
      vertex 30.5 1.67999 71
      vertex 38 0 71
      vertex 37.8607 1.67999 71
    endloop
  endfacet
  facet normal 0 0 1
    outer loop
      vertex 25.5 1.67999 71
      vertex 30.5 1.67999 71
      vertex 25.5 2.68 71
    endloop
  endfacet
  facet normal 0 0 1
    outer loop
      vertex 30.5 1.67999 71
      vertex 25.5 1.67999 71
      vertex 38 0 71
    endloop
  endfacet
  facet normal -0 0 1
    outer loop
      vertex -25.5 1.67999 71
      vertex 38 0 71
      vertex 25.5 1.67999 71
    endloop
  endfacet
  facet normal 0 0 1
    outer loop
      vertex -30.5 1.67999 71
      vertex -25.5 1.67999 71
      vertex -30.5 2.68 71
    endloop
  endfacet
  facet normal 0 0 1
    outer loop
      vertex -38 0 71
      vertex -25.5 1.67999 71
      vertex -30.5 1.67999 71
    endloop
  endfacet
  facet normal 0 0 1
    outer loop
      vertex -38 0 71
      vertex -30.5 1.67999 71
      vertex -37.8956 1.67999 71
    endloop
  endfacet
  facet normal 0 0 1
    outer loop
      vertex -25.5 1.67999 71
      vertex -38 0 71
      vertex 38 0 71
    endloop
  endfacet
  facet normal 0 0 1
    outer loop
      vertex -39.0222 1.82042 71
      vertex -38 0 71
      vertex -37.8956 1.67999 71
    endloop
  endfacet
  facet normal 0 0 1
    outer loop
      vertex -39.0222 1.82042 71
      vertex -39.4729 0.183594 71
      vertex -38 0 71
    endloop
  endfacet
  facet normal 0 0 1
    outer loop
      vertex -40.3501 2.40288 71
      vertex -39.4729 0.183594 71
      vertex -39.0222 1.82042 71
    endloop
  endfacet
  facet normal 0 0 1
    outer loop
      vertex -40.3501 2.40288 71
      vertex -41.2817 0.977005 71
      vertex -39.4729 0.183594 71
    endloop
  endfacet
  facet normal 0 0 1
    outer loop
      vertex -41.3907 3.36087 71
      vertex -41.2817 0.977005 71
      vertex -40.3501 2.40288 71
    endloop
  endfacet
  facet normal 0 0 1
    outer loop
      vertex -42.7348 2.31473 71
      vertex -41.3907 3.36087 71
      vertex -42.0639 4.60486 71
    endloop
  endfacet
  facet normal 0 0 1
    outer loop
      vertex -41.3907 3.36087 71
      vertex -42.7348 2.31473 71
      vertex -41.2817 0.977005 71
    endloop
  endfacet
  facet normal 0 0 1
    outer loop
      vertex -42.7348 2.31473 71
      vertex -42.0639 4.60486 71
      vertex -42.32 6.13927 71
    endloop
  endfacet
  facet normal 0.992321 -0.123693 0
    outer loop
      vertex 43.8164 4.52708 71
      vertex 44 6 0
      vertex 44 6 71
    endloop
  endfacet
  facet normal 0.992321 -0.123693 0
    outer loop
      vertex 44 6 0
      vertex 43.8164 4.52708 71
      vertex 43.8164 4.52708 0
    endloop
  endfacet
  facet normal 0.915773 -0.401695 0
    outer loop
      vertex 43.023 2.71831 71
      vertex 43.8164 4.52708 0
      vertex 43.8164 4.52708 71
    endloop
  endfacet
  facet normal 0.915773 -0.401695 0
    outer loop
      vertex 43.8164 4.52708 0
      vertex 43.023 2.71831 71
      vertex 43.023 2.71831 0
    endloop
  endfacet
  facet normal -1 0 0
    outer loop
      vertex -32.8 42.32 5
      vertex -32.8 44 66
      vertex -32.8 44 5
    endloop
  endfacet
  facet normal -1 -0 0
    outer loop
      vertex -32.8 44 66
      vertex -32.8 42.32 5
      vertex -32.8 42.32 66
    endloop
  endfacet
  facet normal 1 -0 0
    outer loop
      vertex -35.2 42.32 66
      vertex -35.2 44 5
      vertex -35.2 44 66
    endloop
  endfacet
  facet normal 1 0 0
    outer loop
      vertex -35.2 44 5
      vertex -35.2 42.32 66
      vertex -35.2 42.32 5
    endloop
  endfacet
  facet normal -0 0 1
    outer loop
      vertex -35.2 44 5
      vertex -32.8 42.32 5
      vertex -32.8 44 5
    endloop
  endfacet
  facet normal 0 0 1
    outer loop
      vertex -32.8 42.32 5
      vertex -35.2 44 5
      vertex -35.2 42.32 5
    endloop
  endfacet
  facet normal 0 0 -1
    outer loop
      vertex -35.2 42.32 66
      vertex -32.8 44 66
      vertex -32.8 42.32 66
    endloop
  endfacet
  facet normal -0 0 -1
    outer loop
      vertex -32.8 44 66
      vertex -35.2 42.32 66
      vertex -35.2 44 66
    endloop
  endfacet
  facet normal -1 0 0
    outer loop
      vertex 35.2 42.32 5
      vertex 35.2 44 66
      vertex 35.2 44 5
    endloop
  endfacet
  facet normal -1 -0 0
    outer loop
      vertex 35.2 44 66
      vertex 35.2 42.32 5
      vertex 35.2 42.32 66
    endloop
  endfacet
  facet normal 1 -0 0
    outer loop
      vertex 32.8 42.32 66
      vertex 32.8 44 5
      vertex 32.8 44 66
    endloop
  endfacet
  facet normal 1 0 0
    outer loop
      vertex 32.8 44 5
      vertex 32.8 42.32 66
      vertex 32.8 42.32 5
    endloop
  endfacet
  facet normal -0 0 1
    outer loop
      vertex 32.8 44 5
      vertex 35.2 42.32 5
      vertex 35.2 44 5
    endloop
  endfacet
  facet normal 0 0 1
    outer loop
      vertex 35.2 42.32 5
      vertex 32.8 44 5
      vertex 32.8 42.32 5
    endloop
  endfacet
  facet normal 0 0 -1
    outer loop
      vertex 32.8 42.32 66
      vertex 35.2 44 66
      vertex 35.2 42.32 66
    endloop
  endfacet
  facet normal -0 0 -1
    outer loop
      vertex 35.2 44 66
      vertex 32.8 42.32 66
      vertex 32.8 44 66
    endloop
  endfacet
  facet normal -0.986356 -0.164628 0
    outer loop
      vertex 42.32 37.8607 1.68
      vertex 42.0639 39.3951 71
      vertex 42.0639 39.3951 1.68
    endloop
  endfacet
  facet normal -0.986356 -0.164628 0
    outer loop
      vertex 42.0639 39.3951 71
      vertex 42.32 37.8607 1.68
      vertex 42.32 37.8607 71
    endloop
  endfacet
  facet normal 0 -1 0
    outer loop
      vertex -32.8 42.32 5
      vertex 32.8 42.32 66
      vertex -32.8 42.32 66
    endloop
  endfacet
  facet normal 0 -1 -0
    outer loop
      vertex 32.8 42.32 66
      vertex -32.8 42.32 5
      vertex 32.8 42.32 5
    endloop
  endfacet
  facet normal 0 -1 0
    outer loop
      vertex -32.8 42.32 66
      vertex -37.8607 42.32 71
      vertex -35.2 42.32 66
    endloop
  endfacet
  facet normal 0 -1 0
    outer loop
      vertex -37.8607 42.32 1.68
      vertex -35.2 42.32 66
      vertex -37.8607 42.32 71
    endloop
  endfacet
  facet normal 0 -1 0
    outer loop
      vertex -37.8607 42.32 1.68
      vertex -32.8 42.32 5
      vertex -35.2 42.32 5
    endloop
  endfacet
  facet normal 0 -1 -0
    outer loop
      vertex -32.8 42.32 5
      vertex -37.8607 42.32 1.68
      vertex 32.8 42.32 5
    endloop
  endfacet
  facet normal 0 -1 0
    outer loop
      vertex 37.8956 42.32 1.68
      vertex 32.8 42.32 5
      vertex -37.8607 42.32 1.68
    endloop
  endfacet
  facet normal 0 -1 -0
    outer loop
      vertex -35.2 42.32 66
      vertex -37.8607 42.32 1.68
      vertex -35.2 42.32 5
    endloop
  endfacet
  facet normal 0 -1 0
    outer loop
      vertex -37.8607 42.32 71
      vertex -32.8 42.32 66
      vertex 37.8956 42.32 71
    endloop
  endfacet
  facet normal 0 -1 0
    outer loop
      vertex 32.8 42.32 66
      vertex 37.8956 42.32 71
      vertex -32.8 42.32 66
    endloop
  endfacet
  facet normal 0 -1 0
    outer loop
      vertex 35.2 42.32 66
      vertex 37.8956 42.32 71
      vertex 32.8 42.32 66
    endloop
  endfacet
  facet normal 0 -1 0
    outer loop
      vertex 37.8956 42.32 1.68
      vertex 35.2 42.32 66
      vertex 35.2 42.32 5
    endloop
  endfacet
  facet normal 0 -1 0
    outer loop
      vertex 35.2 42.32 66
      vertex 37.8956 42.32 1.68
      vertex 37.8956 42.32 71
    endloop
  endfacet
  facet normal 0 -1 0
    outer loop
      vertex 32.8 42.32 5
      vertex 37.8956 42.32 1.68
      vertex 35.2 42.32 5
    endloop
  endfacet
  facet normal -0.735719 0.677287 0
    outer loop
      vertex 40.6391 2.60925 1.68
      vertex 41.5971 3.6499 71
      vertex 41.5971 3.6499 1.68
    endloop
  endfacet
  facet normal -0.735719 0.677287 0
    outer loop
      vertex 41.5971 3.6499 71
      vertex 40.6391 2.60925 1.68
      vertex 40.6391 2.60925 71
    endloop
  endfacet
  facet normal -0.475937 0.879479 0
    outer loop
      vertex 40.6391 2.60925 1.68
      vertex 39.3951 1.93605 71
      vertex 40.6391 2.60925 71
    endloop
  endfacet
  facet normal -0.475937 0.879479 0
    outer loop
      vertex 39.3951 1.93605 71
      vertex 40.6391 2.60925 1.68
      vertex 39.3951 1.93605 1.68
    endloop
  endfacet
  facet normal 0.475937 -0.879479 0
    outer loop
      vertex -40.6391 41.3907 1.68
      vertex -39.3951 42.0639 71
      vertex -40.6391 41.3907 71
    endloop
  endfacet
  facet normal 0.475937 -0.879479 0
    outer loop
      vertex -39.3951 42.0639 71
      vertex -40.6391 41.3907 1.68
      vertex -39.3951 42.0639 1.68
    endloop
  endfacet
  facet normal -0.164603 0.98636 0
    outer loop
      vertex 39.3951 1.93605 1.68
      vertex 37.8607 1.67999 71
      vertex 39.3951 1.93605 71
    endloop
  endfacet
  facet normal -0.164603 0.98636 0
    outer loop
      vertex 37.8607 1.67999 71
      vertex 39.3951 1.93605 1.68
      vertex 37.8607 1.67999 1.68
    endloop
  endfacet
  facet normal -0.879479 -0.475937 0
    outer loop
      vertex 42.0639 39.3951 1.68
      vertex 41.3907 40.6391 71
      vertex 41.3907 40.6391 1.68
    endloop
  endfacet
  facet normal -0.879479 -0.475937 0
    outer loop
      vertex 41.3907 40.6391 71
      vertex 42.0639 39.3951 1.68
      vertex 42.0639 39.3951 71
    endloop
  endfacet
  facet normal -0.123666 -0.992324 0
    outer loop
      vertex 37.8956 42.32 1.68
      vertex 39.0222 42.1796 71
      vertex 37.8956 42.32 71
    endloop
  endfacet
  facet normal -0.123666 -0.992324 -0
    outer loop
      vertex 39.0222 42.1796 71
      vertex 37.8956 42.32 1.68
      vertex 39.0222 42.1796 1.68
    endloop
  endfacet
  facet normal 0.123692 0.992321 -0
    outer loop
      vertex -37.8956 1.67999 1.68
      vertex -39.0222 1.82042 71
      vertex -37.8956 1.67999 71
    endloop
  endfacet
  facet normal 0.123692 0.992321 0
    outer loop
      vertex -39.0222 1.82042 71
      vertex -37.8956 1.67999 1.68
      vertex -39.0222 1.82042 1.68
    endloop
  endfacet
  facet normal 0.986339 0.164726 0
    outer loop
      vertex -42.32 6.13927 71
      vertex -42.2767 5.88 63
      vertex -42.32 6.13927 63
    endloop
  endfacet
  facet normal 0.986356 0.164627 3.28692e-06
    outer loop
      vertex -42.0639 4.60486 71
      vertex -42.2767 5.88 63
      vertex -42.32 6.13927 71
    endloop
  endfacet
  facet normal 0.986359 0.164607 -0
    outer loop
      vertex -42.0639 4.60486 1.68
      vertex -42.2767 5.88 63
      vertex -42.0639 4.60486 71
    endloop
  endfacet
  facet normal 0.986359 0.164607 0
    outer loop
      vertex -42.2767 5.88 63
      vertex -42.0639 4.60486 1.68
      vertex -42.2767 5.88 1.68
    endloop
  endfacet
  facet normal 1 0 0
    outer loop
      vertex -42.32 37.8956 71
      vertex -42.32 9.88 63
      vertex -42.32 37.8956 1.68
    endloop
  endfacet
  facet normal 1 -0 0
    outer loop
      vertex -42.32 6.13927 71
      vertex -42.32 9.88 63
      vertex -42.32 37.8956 71
    endloop
  endfacet
  facet normal 1 0 0
    outer loop
      vertex -42.32 9.88 63
      vertex -42.32 6.13927 71
      vertex -42.32 6.13927 63
    endloop
  endfacet
  facet normal 1 0 0
    outer loop
      vertex -42.32 37.8956 1.68
      vertex -42.32 9.88 63
      vertex -42.32 9.88 1.68
    endloop
  endfacet
  facet normal -0.401712 -0.915766 0
    outer loop
      vertex 39.0222 42.1796 1.68
      vertex 40.3501 41.5971 71
      vertex 39.0222 42.1796 71
    endloop
  endfacet
  facet normal -0.401712 -0.915766 -0
    outer loop
      vertex 40.3501 41.5971 71
      vertex 39.0222 42.1796 1.68
      vertex 40.3501 41.5971 1.68
    endloop
  endfacet
  facet normal 0.677301 0.735706 -0
    outer loop
      vertex -40.3501 2.40288 1.68
      vertex -41.3907 3.36087 71
      vertex -40.3501 2.40288 71
    endloop
  endfacet
  facet normal 0.677301 0.735706 0
    outer loop
      vertex -41.3907 3.36087 71
      vertex -40.3501 2.40288 1.68
      vertex -41.3907 3.36087 1.68
    endloop
  endfacet
  facet normal 0.992324 -0.123666 0
    outer loop
      vertex -42.32 37.8956 71
      vertex -42.1796 39.0222 1.68
      vertex -42.1796 39.0222 71
    endloop
  endfacet
  facet normal 0.992324 -0.123666 0
    outer loop
      vertex -42.1796 39.0222 1.68
      vertex -42.32 37.8956 71
      vertex -42.32 37.8956 1.68
    endloop
  endfacet
  facet normal 0 1 -0
    outer loop
      vertex -30.5 1.67999 1.68
      vertex -37.8956 1.67999 71
      vertex -30.5 1.67999 71
    endloop
  endfacet
  facet normal 0 1 0
    outer loop
      vertex -37.8956 1.67999 71
      vertex -30.5 1.67999 1.68
      vertex -37.8956 1.67999 1.68
    endloop
  endfacet
  facet normal 0 1 -0
    outer loop
      vertex 37.8607 1.67999 1.68
      vertex 30.5 1.67999 71
      vertex 37.8607 1.67999 71
    endloop
  endfacet
  facet normal 0 1 0
    outer loop
      vertex 30.5 1.67999 71
      vertex 37.8607 1.67999 1.68
      vertex 30.5 1.67999 1.68
    endloop
  endfacet
  facet normal 0 1 -0
    outer loop
      vertex 25.5 1.67999 1.68
      vertex -25.5 1.67999 71
      vertex 25.5 1.67999 71
    endloop
  endfacet
  facet normal 0 1 0
    outer loop
      vertex -25.5 1.67999 71
      vertex 25.5 1.67999 1.68
      vertex -25.5 1.67999 1.68
    endloop
  endfacet
  facet normal 0.401689 0.915776 -0
    outer loop
      vertex -39.0222 1.82042 1.68
      vertex -40.3501 2.40288 71
      vertex -39.0222 1.82042 71
    endloop
  endfacet
  facet normal 0.401689 0.915776 0
    outer loop
      vertex -40.3501 2.40288 71
      vertex -39.0222 1.82042 1.68
      vertex -40.3501 2.40288 1.68
    endloop
  endfacet
  facet normal -0.677305 -0.735703 0
    outer loop
      vertex 40.3501 41.5971 1.68
      vertex 41.3907 40.6391 71
      vertex 40.3501 41.5971 71
    endloop
  endfacet
  facet normal -0.677305 -0.735703 -0
    outer loop
      vertex 41.3907 40.6391 71
      vertex 40.3501 41.5971 1.68
      vertex 41.3907 40.6391 1.68
    endloop
  endfacet
  facet normal 0.735703 -0.677305 0
    outer loop
      vertex -41.5971 40.3501 71
      vertex -40.6391 41.3907 1.68
      vertex -40.6391 41.3907 71
    endloop
  endfacet
  facet normal 0.735703 -0.677305 0
    outer loop
      vertex -40.6391 41.3907 1.68
      vertex -41.5971 40.3501 71
      vertex -41.5971 40.3501 1.68
    endloop
  endfacet
  facet normal -1 0 0
    outer loop
      vertex 42.32 9.88 63
      vertex 42.32 37.8607 1.68
      vertex 42.32 9.88 1.68
    endloop
  endfacet
  facet normal -1 0 0
    outer loop
      vertex 42.32 37.8607 1.68
      vertex 42.32 9.88 63
      vertex 42.32 37.8607 71
    endloop
  endfacet
  facet normal -1 0 0
    outer loop
      vertex 42.32 6.10435 71
      vertex 42.32 9.88 63
      vertex 42.32 6.10435 63
    endloop
  endfacet
  facet normal -1 0 0
    outer loop
      vertex 42.32 9.88 63
      vertex 42.32 6.10435 71
      vertex 42.32 37.8607 71
    endloop
  endfacet
  facet normal 0.164628 -0.986356 0
    outer loop
      vertex -39.3951 42.0639 1.68
      vertex -37.8607 42.32 71
      vertex -39.3951 42.0639 71
    endloop
  endfacet
  facet normal 0.164628 -0.986356 0
    outer loop
      vertex -37.8607 42.32 71
      vertex -39.3951 42.0639 1.68
      vertex -37.8607 42.32 1.68
    endloop
  endfacet
  facet normal 0.915766 -0.401712 0
    outer loop
      vertex -42.1796 39.0222 71
      vertex -41.5971 40.3501 1.68
      vertex -41.5971 40.3501 71
    endloop
  endfacet
  facet normal 0.915766 -0.401712 0
    outer loop
      vertex -41.5971 40.3501 1.68
      vertex -42.1796 39.0222 71
      vertex -42.1796 39.0222 1.68
    endloop
  endfacet
  facet normal 0.879478 0.47594 0
    outer loop
      vertex -41.3907 3.36087 71
      vertex -42.0639 4.60486 1.68
      vertex -42.0639 4.60486 71
    endloop
  endfacet
  facet normal 0.879478 0.47594 0
    outer loop
      vertex -42.0639 4.60486 1.68
      vertex -41.3907 3.36087 71
      vertex -41.3907 3.36087 1.68
    endloop
  endfacet
  facet normal 0 0 1
    outer loop
      vertex 37.8956 42.32 1.68
      vertex 42.32 37.8607 1.68
      vertex 42.0639 39.3951 1.68
    endloop
  endfacet
  facet normal 0 0 1
    outer loop
      vertex 37.8956 42.32 1.68
      vertex 42.0639 39.3951 1.68
      vertex 41.3907 40.6391 1.68
    endloop
  endfacet
  facet normal 0 0 1
    outer loop
      vertex 37.8956 42.32 1.68
      vertex 41.3907 40.6391 1.68
      vertex 40.3501 41.5971 1.68
    endloop
  endfacet
  facet normal 0 0 1
    outer loop
      vertex 42.32 37.8607 1.68
      vertex 39.32 9.88 1.68
      vertex 42.32 9.88 1.68
    endloop
  endfacet
  facet normal 0 0 1
    outer loop
      vertex 42.32 37.8607 1.68
      vertex 37.8956 42.32 1.68
      vertex 39.32 9.88 1.68
    endloop
  endfacet
  facet normal 0 0 1
    outer loop
      vertex 37.8956 42.32 1.68
      vertex 40.3501 41.5971 1.68
      vertex 39.0222 42.1796 1.68
    endloop
  endfacet
  facet normal -0 0 1
    outer loop
      vertex 39.32 5.88 1.68
      vertex 42.1796 4.97778 1.68
      vertex 42.292 5.88 1.68
    endloop
  endfacet
  facet normal 0 0 1
    outer loop
      vertex 42.1796 4.97778 1.68
      vertex 39.32 5.88 1.68
      vertex 41.5971 3.6499 1.68
    endloop
  endfacet
  facet normal 0 0 1
    outer loop
      vertex 41.5971 3.6499 1.68
      vertex 39.32 5.88 1.68
      vertex 40.6391 2.60925 1.68
    endloop
  endfacet
  facet normal 0 0 1
    outer loop
      vertex 40.6391 2.60925 1.68
      vertex 39.32 5.88 1.68
      vertex 39.3951 1.93605 1.68
    endloop
  endfacet
  facet normal 0 0 1
    outer loop
      vertex 25.5 2.68 1.68
      vertex 39.32 9.88 1.68
      vertex 37.8956 42.32 1.68
    endloop
  endfacet
  facet normal 0 0 1
    outer loop
      vertex 39.32 9.88 1.68
      vertex 30.5 2.68 1.68
      vertex 39.32 5.88 1.68
    endloop
  endfacet
  facet normal 0 -0 1
    outer loop
      vertex 37.8607 1.67999 1.68
      vertex 39.32 5.88 1.68
      vertex 30.5 2.68 1.68
    endloop
  endfacet
  facet normal 0 0 1
    outer loop
      vertex 39.32 5.88 1.68
      vertex 37.8607 1.67999 1.68
      vertex 39.3951 1.93605 1.68
    endloop
  endfacet
  facet normal 0 0 1
    outer loop
      vertex 39.32 9.88 1.68
      vertex 25.5 2.68 1.68
      vertex 30.5 2.68 1.68
    endloop
  endfacet
  facet normal 0 0 1
    outer loop
      vertex 25.5 2.68 1.68
      vertex -25.5 2.68 1.68
      vertex 25.5 1.67999 1.68
    endloop
  endfacet
  facet normal 0 0 1
    outer loop
      vertex 37.8956 42.32 1.68
      vertex -25.5 2.68 1.68
      vertex 25.5 2.68 1.68
    endloop
  endfacet
  facet normal -0 0 1
    outer loop
      vertex -37.8607 42.32 1.68
      vertex -25.5 2.68 1.68
      vertex 37.8956 42.32 1.68
    endloop
  endfacet
  facet normal -0 0 1
    outer loop
      vertex -39.32 9.88 1.68
      vertex -25.5 2.68 1.68
      vertex -37.8607 42.32 1.68
    endloop
  endfacet
  facet normal 0 0 1
    outer loop
      vertex -25.5 2.68 1.68
      vertex -39.32 9.88 1.68
      vertex -30.5 2.68 1.68
    endloop
  endfacet
  facet normal -0 0 1
    outer loop
      vertex -39.32 5.88 1.68
      vertex -30.5 2.68 1.68
      vertex -39.32 9.88 1.68
    endloop
  endfacet
  facet normal 0 -0 1
    outer loop
      vertex -37.8956 1.67999 1.68
      vertex -30.5 2.68 1.68
      vertex -39.32 5.88 1.68
    endloop
  endfacet
  facet normal 0 0 1
    outer loop
      vertex -30.5 2.68 1.68
      vertex -37.8956 1.67999 1.68
      vertex -30.5 1.67999 1.68
    endloop
  endfacet
  facet normal 0 0 1
    outer loop
      vertex -42.32 37.8956 1.68
      vertex -37.8607 42.32 1.68
      vertex -39.3951 42.0639 1.68
    endloop
  endfacet
  facet normal 0 0 1
    outer loop
      vertex -42.32 37.8956 1.68
      vertex -39.3951 42.0639 1.68
      vertex -40.6391 41.3907 1.68
    endloop
  endfacet
  facet normal 0 0 1
    outer loop
      vertex -42.32 37.8956 1.68
      vertex -40.6391 41.3907 1.68
      vertex -41.5971 40.3501 1.68
    endloop
  endfacet
  facet normal 0 0 1
    outer loop
      vertex -42.32 37.8956 1.68
      vertex -41.5971 40.3501 1.68
      vertex -42.1796 39.0222 1.68
    endloop
  endfacet
  facet normal 0 0 1
    outer loop
      vertex -37.8607 42.32 1.68
      vertex -42.32 37.8956 1.68
      vertex -39.32 9.88 1.68
    endloop
  endfacet
  facet normal 0 0 1
    outer loop
      vertex -39.32 9.88 1.68
      vertex -42.32 37.8956 1.68
      vertex -42.32 9.88 1.68
    endloop
  endfacet
  facet normal 0 0 1
    outer loop
      vertex 37.8607 1.67999 1.68
      vertex 30.5 2.68 1.68
      vertex 30.5 1.67999 1.68
    endloop
  endfacet
  facet normal 0 0 1
    outer loop
      vertex 25.5 1.67999 1.68
      vertex -25.5 2.68 1.68
      vertex -25.5 1.67999 1.68
    endloop
  endfacet
  facet normal 0 0 1
    outer loop
      vertex -37.8956 1.67999 1.68
      vertex -39.32 5.88 1.68
      vertex -39.0222 1.82042 1.68
    endloop
  endfacet
  facet normal 0 0 1
    outer loop
      vertex -39.32 5.88 1.68
      vertex -40.3501 2.40288 1.68
      vertex -39.0222 1.82042 1.68
    endloop
  endfacet
  facet normal 0 0 1
    outer loop
      vertex -39.32 5.88 1.68
      vertex -41.3907 3.36087 1.68
      vertex -40.3501 2.40288 1.68
    endloop
  endfacet
  facet normal 0 0 1
    outer loop
      vertex -39.32 5.88 1.68
      vertex -42.0639 4.60486 1.68
      vertex -41.3907 3.36087 1.68
    endloop
  endfacet
  facet normal 0 -0 1
    outer loop
      vertex -42.0639 4.60486 1.68
      vertex -39.32 5.88 1.68
      vertex -42.2767 5.88 1.68
    endloop
  endfacet
  facet normal -0.992329 0.123626 0
    outer loop
      vertex 42.292 5.88 1.68
      vertex 42.1796 4.97778 1.68
      vertex 42.292 5.88 63
    endloop
  endfacet
  facet normal -0.992302 0.123844 0
    outer loop
      vertex 42.292 5.88 63
      vertex 42.32 6.10435 71
      vertex 42.32 6.10435 63
    endloop
  endfacet
  facet normal -0.992323 0.123669 4.97893e-06
    outer loop
      vertex 42.292 5.88 63
      vertex 42.1796 4.97778 71
      vertex 42.32 6.10435 71
    endloop
  endfacet
  facet normal -0.992329 0.123626 0
    outer loop
      vertex 42.1796 4.97778 71
      vertex 42.292 5.88 63
      vertex 42.1796 4.97778 1.68
    endloop
  endfacet
  facet normal -0.915764 0.401717 0
    outer loop
      vertex 41.5971 3.6499 1.68
      vertex 42.1796 4.97778 71
      vertex 42.1796 4.97778 1.68
    endloop
  endfacet
  facet normal -0.915764 0.401717 0
    outer loop
      vertex 42.1796 4.97778 71
      vertex 41.5971 3.6499 1.68
      vertex 41.5971 3.6499 71
    endloop
  endfacet
  facet normal 0 -1 0
    outer loop
      vertex -10.3276 0.7 38.0339
      vertex -10.1027 0.7 40.6969
      vertex -10.6829 0.7 40.6735
    endloop
  endfacet
  facet normal 0 -1 0
    outer loop
      vertex -10.5452 0.7 38.0026
      vertex -10.6829 0.7 40.6735
      vertex -11.241 0.7 40.6032
    endloop
  endfacet
  facet normal 0 -1 -0
    outer loop
      vertex -10.1027 0.7 40.6969
      vertex -10.3276 0.7 38.0339
      vertex -10.102 0.7 38.0443
    endloop
  endfacet
  facet normal 0 -1 0
    outer loop
      vertex -10.755 0.7 37.9505
      vertex -11.241 0.7 40.6032
      vertex -11.777 0.7 40.486
    endloop
  endfacet
  facet normal 0 -1 0
    outer loop
      vertex -9.87654 0.7 38.0339
      vertex -10.1027 0.7 40.6969
      vertex -10.102 0.7 38.0443
    endloop
  endfacet
  facet normal 0 -1 0
    outer loop
      vertex -10.9568 0.7 37.8776
      vertex -11.777 0.7 40.486
      vertex -12.291 0.7 40.3219
    endloop
  endfacet
  facet normal 0 -1 0
    outer loop
      vertex -10.1027 0.7 40.6969
      vertex -9.87654 0.7 38.0339
      vertex -9.51765 0.7 40.6735
    endloop
  endfacet
  facet normal 0 -1 0
    outer loop
      vertex -11.1486 0.7 37.7852
      vertex -12.291 0.7 40.3219
      vertex -12.7771 0.7 40.1147
    endloop
  endfacet
  facet normal 0 -1 0
    outer loop
      vertex -9.65906 0.7 38.0026
      vertex -9.51765 0.7 40.6735
      vertex -9.87654 0.7 38.0339
    endloop
  endfacet
  facet normal 0 -1 0
    outer loop
      vertex -11.4958 0.7 37.5457
      vertex -12.7771 0.7 40.1147
      vertex -13.2294 0.7 39.8681
    endloop
  endfacet
  facet normal 0 -1 0
    outer loop
      vertex -9.44954 0.7 37.9505
      vertex -8.95692 0.7 40.6032
      vertex -9.65906 0.7 38.0026
    endloop
  endfacet
  facet normal 0 -1 0
    outer loop
      vertex -11.6512 0.7 37.3985
      vertex -13.2294 0.7 39.8681
      vertex -13.6481 0.7 39.5821
    endloop
  endfacet
  facet normal 0 -1 -0
    outer loop
      vertex -8.95692 0.7 40.6032
      vertex -9.44954 0.7 37.9505
      vertex -8.42052 0.7 40.486
    endloop
  endfacet
  facet normal 0 -1 0
    outer loop
      vertex -11.7923 0.7 37.2336
      vertex -13.6481 0.7 39.5821
      vertex -14.033 0.7 39.2566
    endloop
  endfacet
  facet normal 0 -1 0
    outer loop
      vertex -9.248 0.7 37.8776
      vertex -8.42052 0.7 40.486
      vertex -9.44954 0.7 37.9505
    endloop
  endfacet
  facet normal 0 -1 0
    outer loop
      vertex -11.7923 0.7 37.2336
      vertex -14.033 0.7 39.2566
      vertex -14.3806 0.7 38.897
    endloop
  endfacet
  facet normal 0 -1 -0
    outer loop
      vertex -8.42052 0.7 40.486
      vertex -9.248 0.7 37.8776
      vertex -7.9084 0.7 40.3219
    endloop
  endfacet
  facet normal 0 -1 0
    outer loop
      vertex -11.9168 0.7 37.0513
      vertex -14.3806 0.7 38.897
      vertex -14.6875 0.7 38.5086
    endloop
  endfacet
  facet normal 0 -1 0
    outer loop
      vertex -9.05644 0.7 37.7852
      vertex -7.9084 0.7 40.3219
      vertex -9.248 0.7 37.8776
    endloop
  endfacet
  facet normal 0 -1 0
    outer loop
      vertex -12.0249 0.7 36.8516
      vertex -14.6875 0.7 38.5086
      vertex -14.9536 0.7 38.0915
    endloop
  endfacet
  facet normal 0 -1 -0
    outer loop
      vertex -7.9084 0.7 40.3219
      vertex -9.05644 0.7 37.7852
      vertex -7.4249 0.7 40.1147
    endloop
  endfacet
  facet normal 0 -1 0
    outer loop
      vertex -8.87695 0.7 37.6745
      vertex -7.4249 0.7 40.1147
      vertex -9.05644 0.7 37.7852
    endloop
  endfacet
  facet normal 0 -1 -0
    outer loop
      vertex -9.51765 0.7 40.6735
      vertex -9.65906 0.7 38.0026
      vertex -8.95692 0.7 40.6032
    endloop
  endfacet
  facet normal 0 -1 0
    outer loop
      vertex -10.6829 0.7 40.6735
      vertex -10.5452 0.7 38.0026
      vertex -10.3276 0.7 38.0339
    endloop
  endfacet
  facet normal 0 -1 0
    outer loop
      vertex -11.241 0.7 40.6032
      vertex -10.755 0.7 37.9505
      vertex -10.5452 0.7 38.0026
    endloop
  endfacet
  facet normal 0 -1 0
    outer loop
      vertex -11.777 0.7 40.486
      vertex -10.9568 0.7 37.8776
      vertex -10.755 0.7 37.9505
    endloop
  endfacet
  facet normal 0 -1 0
    outer loop
      vertex -12.291 0.7 40.3219
      vertex -11.1486 0.7 37.7852
      vertex -10.9568 0.7 37.8776
    endloop
  endfacet
  facet normal 0 -1 0
    outer loop
      vertex -12.7771 0.7 40.1147
      vertex -11.3283 0.7 37.6745
      vertex -11.1486 0.7 37.7852
    endloop
  endfacet
  facet normal 0 -1 0
    outer loop
      vertex -12.1165 0.7 36.6346
      vertex -14.9536 0.7 38.0915
      vertex -15.1788 0.7 37.6455
    endloop
  endfacet
  facet normal 0 -1 0
    outer loop
      vertex -12.7771 0.7 40.1147
      vertex -11.4958 0.7 37.5457
      vertex -11.3283 0.7 37.6745
    endloop
  endfacet
  facet normal 0 -1 0
    outer loop
      vertex -13.2294 0.7 39.8681
      vertex -11.6512 0.7 37.3985
      vertex -11.4958 0.7 37.5457
    endloop
  endfacet
  facet normal 0 -1 0
    outer loop
      vertex -13.6481 0.7 39.5821
      vertex -11.7923 0.7 37.2336
      vertex -11.6512 0.7 37.3985
    endloop
  endfacet
  facet normal 0 -1 0
    outer loop
      vertex -12.1894 0.7 36.4016
      vertex -15.1788 0.7 37.6455
      vertex -15.358 0.7 37.1737
    endloop
  endfacet
  facet normal 0 -1 0
    outer loop
      vertex -14.3806 0.7 38.897
      vertex -11.9168 0.7 37.0513
      vertex -11.7923 0.7 37.2336
    endloop
  endfacet
  facet normal 0 -1 0
    outer loop
      vertex -14.6875 0.7 38.5086
      vertex -12.0249 0.7 36.8516
      vertex -11.9168 0.7 37.0513
    endloop
  endfacet
  facet normal 0 -1 0
    outer loop
      vertex -12.2415 0.7 36.1538
      vertex -15.358 0.7 37.1737
      vertex -15.486 0.7 36.6789
    endloop
  endfacet
  facet normal 0 -1 0
    outer loop
      vertex -14.9536 0.7 38.0915
      vertex -12.1165 0.7 36.6346
      vertex -12.0249 0.7 36.8516
    endloop
  endfacet
  facet normal 0 -1 0
    outer loop
      vertex -15.1788 0.7 37.6455
      vertex -12.1894 0.7 36.4016
      vertex -12.1165 0.7 36.6346
    endloop
  endfacet
  facet normal 0 -1 0
    outer loop
      vertex -12.2727 0.7 35.8912
      vertex -15.486 0.7 36.6789
      vertex -15.5628 0.7 36.1612
    endloop
  endfacet
  facet normal 0 -1 0
    outer loop
      vertex -15.358 0.7 37.1737
      vertex -12.2415 0.7 36.1538
      vertex -12.1894 0.7 36.4016
    endloop
  endfacet
  facet normal 0 -1 0
    outer loop
      vertex -15.486 0.7 36.6789
      vertex -12.2727 0.7 35.8912
      vertex -12.2415 0.7 36.1538
    endloop
  endfacet
  facet normal 0 -1 0
    outer loop
      vertex -15.5884 0.7 35.6204
      vertex -12.2727 0.7 35.8912
      vertex -15.5628 0.7 36.1612
    endloop
  endfacet
  facet normal 0 -1 0
    outer loop
      vertex -15.5884 0.7 35.6204
      vertex -12.2831 0.7 35.6139
      vertex -12.2727 0.7 35.8912
    endloop
  endfacet
  facet normal 0 -1 0
    outer loop
      vertex -15.5884 0.7 35.6204
      vertex -12.2727 0.7 35.3366
      vertex -12.2831 0.7 35.6139
    endloop
  endfacet
  facet normal 0 -1 0
    outer loop
      vertex -15.5628 0.7 35.0791
      vertex -12.2727 0.7 35.3366
      vertex -15.5884 0.7 35.6204
    endloop
  endfacet
  facet normal 0 -1 0
    outer loop
      vertex -15.486 0.7 34.5595
      vertex -12.2727 0.7 35.3366
      vertex -15.5628 0.7 35.0791
    endloop
  endfacet
  facet normal 0 -1 -0
    outer loop
      vertex -12.2727 0.7 35.3366
      vertex -15.486 0.7 34.5595
      vertex -12.2415 0.7 35.074
    endloop
  endfacet
  facet normal 0 -1 0
    outer loop
      vertex -15.358 0.7 34.0618
      vertex -12.2415 0.7 35.074
      vertex -15.486 0.7 34.5595
    endloop
  endfacet
  facet normal 0 -1 -0
    outer loop
      vertex -12.2415 0.7 35.074
      vertex -15.358 0.7 34.0618
      vertex -12.1894 0.7 34.8262
    endloop
  endfacet
  facet normal 0 -1 0
    outer loop
      vertex -15.1788 0.7 33.5858
      vertex -12.1894 0.7 34.8262
      vertex -15.358 0.7 34.0618
    endloop
  endfacet
  facet normal 0 -1 -0
    outer loop
      vertex -12.1894 0.7 34.8262
      vertex -15.1788 0.7 33.5858
      vertex -12.1165 0.7 34.5931
    endloop
  endfacet
  facet normal 0 -1 0
    outer loop
      vertex -14.9536 0.7 33.136
      vertex -12.1165 0.7 34.5931
      vertex -15.1788 0.7 33.5858
    endloop
  endfacet
  facet normal 0 -1 -0
    outer loop
      vertex -12.1165 0.7 34.5931
      vertex -14.9536 0.7 33.136
      vertex -12.0249 0.7 34.3762
    endloop
  endfacet
  facet normal 0 -1 0
    outer loop
      vertex -14.6875 0.7 32.7165
      vertex -12.0249 0.7 34.3762
      vertex -14.9536 0.7 33.136
    endloop
  endfacet
  facet normal 0 -1 -0
    outer loop
      vertex -12.0249 0.7 34.3762
      vertex -14.6875 0.7 32.7165
      vertex -11.9168 0.7 34.1765
    endloop
  endfacet
  facet normal 0 -1 0
    outer loop
      vertex -14.3806 0.7 32.3272
      vertex -11.9168 0.7 34.1765
      vertex -14.6875 0.7 32.7165
    endloop
  endfacet
  facet normal 0 -1 -0
    outer loop
      vertex -11.9168 0.7 34.1765
      vertex -14.3806 0.7 32.3272
      vertex -11.7923 0.7 33.9943
    endloop
  endfacet
  facet normal 0 -1 0
    outer loop
      vertex -14.033 0.7 31.9683
      vertex -11.7923 0.7 33.9943
      vertex -14.3806 0.7 32.3272
    endloop
  endfacet
  facet normal 0 -1 0
    outer loop
      vertex -13.648 0.7 31.6441
      vertex -11.7923 0.7 33.9943
      vertex -14.033 0.7 31.9683
    endloop
  endfacet
  facet normal 0 -1 -0
    outer loop
      vertex -11.7923 0.7 33.9943
      vertex -13.648 0.7 31.6441
      vertex -11.6512 0.7 33.8293
    endloop
  endfacet
  facet normal 0 -1 0
    outer loop
      vertex -13.2292 0.7 31.359
      vertex -11.6512 0.7 33.8293
      vertex -13.648 0.7 31.6441
    endloop
  endfacet
  facet normal 0 -1 -0
    outer loop
      vertex -11.6512 0.7 33.8293
      vertex -13.2292 0.7 31.359
      vertex -11.4959 0.7 33.6822
    endloop
  endfacet
  facet normal 0 -1 -0
    outer loop
      vertex -11.4959 0.7 33.6822
      vertex -12.7766 0.7 31.1129
      vertex -11.3285 0.7 33.5533
    endloop
  endfacet
  facet normal 0 -1 0
    outer loop
      vertex -12.7766 0.7 31.1129
      vertex -11.4959 0.7 33.6822
      vertex -13.2292 0.7 31.359
    endloop
  endfacet
  facet normal 0 -1 0
    outer loop
      vertex -8.70953 0.7 37.5457
      vertex -7.4249 0.7 40.1147
      vertex -8.87695 0.7 37.6745
    endloop
  endfacet
  facet normal 0 -1 -0
    outer loop
      vertex -7.4249 0.7 40.1147
      vertex -8.70953 0.7 37.5457
      vertex -6.9744 0.7 39.8681
    endloop
  endfacet
  facet normal 0 -1 0
    outer loop
      vertex -8.5542 0.7 37.3985
      vertex -6.9744 0.7 39.8681
      vertex -8.70953 0.7 37.5457
    endloop
  endfacet
  facet normal 0 -1 -0
    outer loop
      vertex -6.9744 0.7 39.8681
      vertex -8.5542 0.7 37.3985
      vertex -6.5569 0.7 39.5821
    endloop
  endfacet
  facet normal 0 -1 0
    outer loop
      vertex -8.41315 0.7 37.2336
      vertex -6.5569 0.7 39.5821
      vertex -8.5542 0.7 37.3985
    endloop
  endfacet
  facet normal 0 -1 -0
    outer loop
      vertex -6.5569 0.7 39.5821
      vertex -8.41315 0.7 37.2336
      vertex -6.17241 0.7 39.2566
    endloop
  endfacet
  facet normal 0 -1 -0
    outer loop
      vertex -6.17241 0.7 39.2566
      vertex -8.41315 0.7 37.2336
      vertex -5.82475 0.7 38.897
    endloop
  endfacet
  facet normal 0 -1 0
    outer loop
      vertex -8.2886 0.7 37.0513
      vertex -5.82475 0.7 38.897
      vertex -8.41315 0.7 37.2336
    endloop
  endfacet
  facet normal 0 -1 -0
    outer loop
      vertex -5.82475 0.7 38.897
      vertex -8.2886 0.7 37.0513
      vertex -5.5179 0.7 38.5086
    endloop
  endfacet
  facet normal 0 -1 0
    outer loop
      vertex -8.18056 0.7 36.8516
      vertex -5.5179 0.7 38.5086
      vertex -8.2886 0.7 37.0513
    endloop
  endfacet
  facet normal 0 -1 -0
    outer loop
      vertex -5.5179 0.7 38.5086
      vertex -8.18056 0.7 36.8516
      vertex -5.25185 0.7 38.0915
    endloop
  endfacet
  facet normal 0 -1 0
    outer loop
      vertex -8.089 0.7 36.6346
      vertex -5.25185 0.7 38.0915
      vertex -8.18056 0.7 36.8516
    endloop
  endfacet
  facet normal 0 -1 -0
    outer loop
      vertex -5.25185 0.7 38.0915
      vertex -8.089 0.7 36.6346
      vertex -5.0266 0.7 37.6455
    endloop
  endfacet
  facet normal 0 -1 0
    outer loop
      vertex -8.01607 0.7 36.4016
      vertex -5.0266 0.7 37.6455
      vertex -8.089 0.7 36.6346
    endloop
  endfacet
  facet normal 0 -1 -0
    outer loop
      vertex -5.0266 0.7 37.6455
      vertex -8.01607 0.7 36.4016
      vertex -4.84737 0.7 37.1737
    endloop
  endfacet
  facet normal 0 -1 0
    outer loop
      vertex -7.96397 0.7 36.1538
      vertex -4.84737 0.7 37.1737
      vertex -8.01607 0.7 36.4016
    endloop
  endfacet
  facet normal 0 -1 -0
    outer loop
      vertex -4.84737 0.7 37.1737
      vertex -7.96397 0.7 36.1538
      vertex -4.71933 0.7 36.6789
    endloop
  endfacet
  facet normal 0 -1 0
    outer loop
      vertex -7.93272 0.7 35.8912
      vertex -4.71933 0.7 36.6789
      vertex -7.96397 0.7 36.1538
    endloop
  endfacet
  facet normal 0 -1 -0
    outer loop
      vertex -4.71933 0.7 36.6789
      vertex -7.93272 0.7 35.8912
      vertex -4.64252 0.7 36.1612
    endloop
  endfacet
  facet normal 0 -1 0
    outer loop
      vertex -7.93272 0.7 35.8912
      vertex -4.6169 0.7 35.6204
      vertex -4.64252 0.7 36.1612
    endloop
  endfacet
  facet normal 0 -1 0
    outer loop
      vertex -7.9223 0.7 35.6139
      vertex -4.6169 0.7 35.6204
      vertex -7.93272 0.7 35.8912
    endloop
  endfacet
  facet normal 0 -1 0
    outer loop
      vertex -7.93272 0.7 35.3366
      vertex -4.6169 0.7 35.6204
      vertex -7.9223 0.7 35.6139
    endloop
  endfacet
  facet normal 0 -1 0
    outer loop
      vertex -7.93272 0.7 35.3366
      vertex -4.64252 0.7 35.0791
      vertex -4.6169 0.7 35.6204
    endloop
  endfacet
  facet normal 0 -1 0
    outer loop
      vertex -4.71933 0.7 34.5595
      vertex -7.93272 0.7 35.3366
      vertex -7.96397 0.7 35.074
    endloop
  endfacet
  facet normal 0 -1 0
    outer loop
      vertex -4.84737 0.7 34.0618
      vertex -7.96397 0.7 35.074
      vertex -8.01607 0.7 34.8262
    endloop
  endfacet
  facet normal 0 -1 0
    outer loop
      vertex -5.0266 0.7 33.5858
      vertex -8.01607 0.7 34.8262
      vertex -8.089 0.7 34.5931
    endloop
  endfacet
  facet normal 0 -1 0
    outer loop
      vertex -7.93272 0.7 35.3366
      vertex -4.71933 0.7 34.5595
      vertex -4.64252 0.7 35.0791
    endloop
  endfacet
  facet normal 0 -1 0
    outer loop
      vertex -5.25185 0.7 33.136
      vertex -8.089 0.7 34.5931
      vertex -8.18056 0.7 34.3762
    endloop
  endfacet
  facet normal 0 -1 0
    outer loop
      vertex -5.5179 0.7 32.7165
      vertex -8.18056 0.7 34.3762
      vertex -8.2886 0.7 34.1765
    endloop
  endfacet
  facet normal 0 -1 0
    outer loop
      vertex -7.96397 0.7 35.074
      vertex -4.84737 0.7 34.0618
      vertex -4.71933 0.7 34.5595
    endloop
  endfacet
  facet normal 0 -1 0
    outer loop
      vertex -5.82475 0.7 32.3272
      vertex -8.2886 0.7 34.1765
      vertex -8.41315 0.7 33.9943
    endloop
  endfacet
  facet normal 0 -1 0
    outer loop
      vertex -6.5569 0.7 31.6441
      vertex -8.41315 0.7 33.9943
      vertex -8.5542 0.7 33.8293
    endloop
  endfacet
  facet normal 0 -1 0
    outer loop
      vertex -6.9744 0.7 31.359
      vertex -8.5542 0.7 33.8293
      vertex -8.70958 0.7 33.6822
    endloop
  endfacet
  facet normal 0 -1 0
    outer loop
      vertex -8.01607 0.7 34.8262
      vertex -5.0266 0.7 33.5858
      vertex -4.84737 0.7 34.0618
    endloop
  endfacet
  facet normal 0 -1 0
    outer loop
      vertex -7.4249 0.7 31.1129
      vertex -8.70958 0.7 33.6822
      vertex -8.87711 0.7 33.5533
    endloop
  endfacet
  facet normal 0 -1 0
    outer loop
      vertex -7.4249 0.7 31.1129
      vertex -8.87711 0.7 33.5533
      vertex -9.05678 0.7 33.4426
    endloop
  endfacet
  facet normal 0 -1 0
    outer loop
      vertex -7.9084 0.7 30.9058
      vertex -9.05678 0.7 33.4426
      vertex -9.2486 0.7 33.3501
    endloop
  endfacet
  facet normal 0 -1 0
    outer loop
      vertex -8.42007 0.7 30.7418
      vertex -9.2486 0.7 33.3501
      vertex -9.45044 0.7 33.2773
    endloop
  endfacet
  facet normal 0 -1 0
    outer loop
      vertex -8.95518 0.7 30.6247
      vertex -9.45044 0.7 33.2773
      vertex -9.66017 0.7 33.2252
    endloop
  endfacet
  facet normal 0 -1 0
    outer loop
      vertex -9.51372 0.7 30.5544
      vertex -9.66017 0.7 33.2252
      vertex -9.87779 0.7 33.1939
    endloop
  endfacet
  facet normal 0 -1 0
    outer loop
      vertex -8.089 0.7 34.5931
      vertex -5.25185 0.7 33.136
      vertex -5.0266 0.7 33.5858
    endloop
  endfacet
  facet normal 0 -1 0
    outer loop
      vertex -10.0957 0.7 30.5309
      vertex -9.87779 0.7 33.1939
      vertex -10.1033 0.7 33.1835
    endloop
  endfacet
  facet normal 0 -1 -0
    outer loop
      vertex -11.3285 0.7 33.5533
      vertex -12.7766 0.7 31.1129
      vertex -11.149 0.7 33.4426
    endloop
  endfacet
  facet normal 0 -1 0
    outer loop
      vertex -12.2901 0.7 30.9058
      vertex -11.149 0.7 33.4426
      vertex -12.7766 0.7 31.1129
    endloop
  endfacet
  facet normal 0 -1 0
    outer loop
      vertex -10.3288 0.7 33.1939
      vertex -10.0957 0.7 30.5309
      vertex -10.1033 0.7 33.1835
    endloop
  endfacet
  facet normal 0 -1 -0
    outer loop
      vertex -11.149 0.7 33.4426
      vertex -12.2901 0.7 30.9058
      vertex -10.9575 0.7 33.3501
    endloop
  endfacet
  facet normal 0 -1 -0
    outer loop
      vertex -9.87779 0.7 33.1939
      vertex -10.0957 0.7 30.5309
      vertex -9.51372 0.7 30.5544
    endloop
  endfacet
  facet normal 0 -1 0
    outer loop
      vertex -11.7754 0.7 30.7418
      vertex -10.9575 0.7 33.3501
      vertex -12.2901 0.7 30.9058
    endloop
  endfacet
  facet normal 0 -1 0
    outer loop
      vertex -9.66017 0.7 33.2252
      vertex -9.51372 0.7 30.5544
      vertex -8.95518 0.7 30.6247
    endloop
  endfacet
  facet normal 0 -1 -0
    outer loop
      vertex -10.9575 0.7 33.3501
      vertex -11.7754 0.7 30.7418
      vertex -10.7559 0.7 33.2773
    endloop
  endfacet
  facet normal 0 -1 0
    outer loop
      vertex -8.18056 0.7 34.3762
      vertex -5.5179 0.7 32.7165
      vertex -5.25185 0.7 33.136
    endloop
  endfacet
  facet normal 0 -1 0
    outer loop
      vertex -11.2381 0.7 30.6247
      vertex -10.7559 0.7 33.2773
      vertex -11.7754 0.7 30.7418
    endloop
  endfacet
  facet normal 0 -1 0
    outer loop
      vertex -8.2886 0.7 34.1765
      vertex -5.82475 0.7 32.3272
      vertex -5.5179 0.7 32.7165
    endloop
  endfacet
  facet normal 0 -1 -0
    outer loop
      vertex -10.7559 0.7 33.2773
      vertex -11.2381 0.7 30.6247
      vertex -10.5464 0.7 33.2252
    endloop
  endfacet
  facet normal 0 -1 0
    outer loop
      vertex -10.6782 0.7 30.5544
      vertex -10.5464 0.7 33.2252
      vertex -11.2381 0.7 30.6247
    endloop
  endfacet
  facet normal 0 -1 -0
    outer loop
      vertex -10.5464 0.7 33.2252
      vertex -10.6782 0.7 30.5544
      vertex -10.3288 0.7 33.1939
    endloop
  endfacet
  facet normal 0 -1 0
    outer loop
      vertex -10.0957 0.7 30.5309
      vertex -10.3288 0.7 33.1939
      vertex -10.6782 0.7 30.5544
    endloop
  endfacet
  facet normal 0 -1 0
    outer loop
      vertex -8.41315 0.7 33.9943
      vertex -6.17241 0.7 31.9683
      vertex -5.82475 0.7 32.3272
    endloop
  endfacet
  facet normal 0 -1 0
    outer loop
      vertex -8.41315 0.7 33.9943
      vertex -6.5569 0.7 31.6441
      vertex -6.17241 0.7 31.9683
    endloop
  endfacet
  facet normal 0 -1 0
    outer loop
      vertex -8.5542 0.7 33.8293
      vertex -6.9744 0.7 31.359
      vertex -6.5569 0.7 31.6441
    endloop
  endfacet
  facet normal 0 -1 0
    outer loop
      vertex -9.2486 0.7 33.3501
      vertex -8.42007 0.7 30.7418
      vertex -7.9084 0.7 30.9058
    endloop
  endfacet
  facet normal 0 -1 0
    outer loop
      vertex -9.05678 0.7 33.4426
      vertex -7.9084 0.7 30.9058
      vertex -7.4249 0.7 31.1129
    endloop
  endfacet
  facet normal 0 -1 0
    outer loop
      vertex -9.45044 0.7 33.2773
      vertex -8.95518 0.7 30.6247
      vertex -8.42007 0.7 30.7418
    endloop
  endfacet
  facet normal 0 -1 0
    outer loop
      vertex -8.70958 0.7 33.6822
      vertex -7.4249 0.7 31.1129
      vertex -6.9744 0.7 31.359
    endloop
  endfacet
  facet normal 0 -1 -0
    outer loop
      vertex 11.8141 0.7 40.6969
      vertex 11.7299 0.7 38.0339
      vertex 11.9807 0.7 38.0443
    endloop
  endfacet
  facet normal 0 -1 0
    outer loop
      vertex 7.28488 0.7 38.5373
      vertex 11.4912 0.7 38.0026
      vertex 11.7299 0.7 38.0339
    endloop
  endfacet
  facet normal 0 -1 0
    outer loop
      vertex 7.28488 0.7 38.5373
      vertex 11.2646 0.7 37.9505
      vertex 11.4912 0.7 38.0026
    endloop
  endfacet
  facet normal 0 -1 0
    outer loop
      vertex 7.28488 0.7 38.5373
      vertex 11.0502 0.7 37.8776
      vertex 11.2646 0.7 37.9505
    endloop
  endfacet
  facet normal 0 -1 0
    outer loop
      vertex 7.28488 0.7 38.5373
      vertex 10.8493 0.7 37.7848
      vertex 11.0502 0.7 37.8776
    endloop
  endfacet
  facet normal 0 -1 0
    outer loop
      vertex 7.28488 0.7 38.5373
      vertex 10.6631 0.7 37.6728
      vertex 10.8493 0.7 37.7848
    endloop
  endfacet
  facet normal 0 -1 0
    outer loop
      vertex 9.86971 0.7 36.6207
      vertex 7.02231 0.7 38.1189
      vertex 6.80051 0.7 37.6693
    endloop
  endfacet
  facet normal 0 -1 0
    outer loop
      vertex 7.28488 0.7 38.5373
      vertex 10.4917 0.7 37.5417
      vertex 10.6631 0.7 37.6728
    endloop
  endfacet
  facet normal 0 -1 0
    outer loop
      vertex 7.28488 0.7 38.5373
      vertex 10.335 0.7 37.3915
      vertex 10.4917 0.7 37.5417
    endloop
  endfacet
  facet normal 0 -1 0
    outer loop
      vertex 7.28488 0.7 38.5373
      vertex 10.194 0.7 37.2236
      vertex 10.335 0.7 37.3915
    endloop
  endfacet
  facet normal 0 -1 0
    outer loop
      vertex 9.79683 0.7 36.3885
      vertex 6.80051 0.7 37.6693
      vertex 6.62433 0.7 37.1919
    endloop
  endfacet
  facet normal 0 -1 0
    outer loop
      vertex 7.28488 0.7 38.5373
      vertex 10.0694 0.7 37.0391
      vertex 10.194 0.7 37.2236
    endloop
  endfacet
  facet normal 0 -1 0
    outer loop
      vertex 7.28488 0.7 38.5373
      vertex 9.9613 0.7 36.8382
      vertex 10.0694 0.7 37.0391
    endloop
  endfacet
  facet normal 0 -1 0
    outer loop
      vertex 9.74477 0.7 36.1434
      vertex 6.62433 0.7 37.1919
      vertex 6.49849 0.7 36.6902
    endloop
  endfacet
  facet normal 0 -1 0
    outer loop
      vertex 7.02231 0.7 38.1189
      vertex 9.86971 0.7 36.6207
      vertex 9.9613 0.7 36.8382
    endloop
  endfacet
  facet normal 0 -1 0
    outer loop
      vertex 6.80051 0.7 37.6693
      vertex 9.79683 0.7 36.3885
      vertex 9.86971 0.7 36.6207
    endloop
  endfacet
  facet normal 0 -1 0
    outer loop
      vertex 9.71353 0.7 35.8852
      vertex 6.49849 0.7 36.6902
      vertex 6.42297 0.7 36.1642
    endloop
  endfacet
  facet normal 0 -1 0
    outer loop
      vertex 6.62433 0.7 37.1919
      vertex 9.74477 0.7 36.1434
      vertex 9.79683 0.7 36.3885
    endloop
  endfacet
  facet normal 0 -1 0
    outer loop
      vertex 6.49849 0.7 36.6902
      vertex 9.71353 0.7 35.8852
      vertex 9.74477 0.7 36.1434
    endloop
  endfacet
  facet normal 0 -1 0
    outer loop
      vertex 6.39781 0.7 35.6139
      vertex 9.71353 0.7 35.8852
      vertex 6.42297 0.7 36.1642
    endloop
  endfacet
  facet normal 0 -1 0
    outer loop
      vertex 6.39781 0.7 35.6139
      vertex 9.70311 0.7 35.6139
      vertex 9.71353 0.7 35.8852
    endloop
  endfacet
  facet normal 0 -1 0
    outer loop
      vertex 6.39781 0.7 35.6139
      vertex 9.71353 0.7 35.3427
      vertex 9.70311 0.7 35.6139
    endloop
  endfacet
  facet normal 0 -1 0
    outer loop
      vertex 6.42297 0.7 35.0636
      vertex 9.71353 0.7 35.3427
      vertex 6.39781 0.7 35.6139
    endloop
  endfacet
  facet normal 0 -1 0
    outer loop
      vertex 6.49849 0.7 34.5376
      vertex 9.71353 0.7 35.3427
      vertex 6.42297 0.7 35.0636
    endloop
  endfacet
  facet normal 0 -1 -0
    outer loop
      vertex 9.71353 0.7 35.3427
      vertex 6.49849 0.7 34.5376
      vertex 9.74477 0.7 35.0845
    endloop
  endfacet
  facet normal 0 -1 0
    outer loop
      vertex 6.62433 0.7 34.0359
      vertex 9.74477 0.7 35.0845
      vertex 6.49849 0.7 34.5376
    endloop
  endfacet
  facet normal 0 -1 -0
    outer loop
      vertex 9.74477 0.7 35.0845
      vertex 6.62433 0.7 34.0359
      vertex 9.79683 0.7 34.8392
    endloop
  endfacet
  facet normal 0 -1 0
    outer loop
      vertex 6.80051 0.7 33.5585
      vertex 9.79683 0.7 34.8392
      vertex 6.62433 0.7 34.0359
    endloop
  endfacet
  facet normal 0 -1 -0
    outer loop
      vertex 9.79683 0.7 34.8392
      vertex 6.80051 0.7 33.5585
      vertex 9.86971 0.7 34.607
    endloop
  endfacet
  facet normal 0 -1 0
    outer loop
      vertex 7.02231 0.7 33.1089
      vertex 9.86971 0.7 34.607
      vertex 6.80051 0.7 33.5585
    endloop
  endfacet
  facet normal 0 -1 -0
    outer loop
      vertex 9.86971 0.7 34.607
      vertex 7.02231 0.7 33.1089
      vertex 9.9613 0.7 34.3896
    endloop
  endfacet
  facet normal 0 -1 0
    outer loop
      vertex 7.28488 0.7 32.6905
      vertex 9.9613 0.7 34.3896
      vertex 7.02231 0.7 33.1089
    endloop
  endfacet
  facet normal 0 -1 -0
    outer loop
      vertex 9.9613 0.7 34.3896
      vertex 7.28488 0.7 32.6905
      vertex 10.0694 0.7 34.1887
    endloop
  endfacet
  facet normal 0 -1 0
    outer loop
      vertex 7.58826 0.7 32.3034
      vertex 10.0694 0.7 34.1887
      vertex 7.28488 0.7 32.6905
    endloop
  endfacet
  facet normal 0 -1 -0
    outer loop
      vertex 10.0694 0.7 34.1887
      vertex 7.58826 0.7 32.3034
      vertex 10.194 0.7 34.0042
    endloop
  endfacet
  facet normal 0 -1 0
    outer loop
      vertex 7.93242 0.7 31.9475
      vertex 10.194 0.7 34.0042
      vertex 7.58826 0.7 32.3034
    endloop
  endfacet
  facet normal 0 -1 -0
    outer loop
      vertex 10.194 0.7 34.0042
      vertex 7.93242 0.7 31.9475
      vertex 10.335 0.7 33.8362
    endloop
  endfacet
  facet normal 0 -1 0
    outer loop
      vertex 8.31346 0.7 31.6268
      vertex 10.335 0.7 33.8362
      vertex 7.93242 0.7 31.9475
    endloop
  endfacet
  facet normal 0 -1 0
    outer loop
      vertex 8.72749 0.7 31.3451
      vertex 10.335 0.7 33.8362
      vertex 8.31346 0.7 31.6268
    endloop
  endfacet
  facet normal 0 -1 -0
    outer loop
      vertex 10.335 0.7 33.8362
      vertex 8.72749 0.7 31.3451
      vertex 10.4917 0.7 33.6861
    endloop
  endfacet
  facet normal 0 -1 -0
    outer loop
      vertex 10.4917 0.7 33.6861
      vertex 9.1745 0.7 31.1025
      vertex 10.6631 0.7 33.555
    endloop
  endfacet
  facet normal 0 -1 0
    outer loop
      vertex 9.1745 0.7 31.1025
      vertex 10.4917 0.7 33.6861
      vertex 8.72749 0.7 31.3451
    endloop
  endfacet
  facet normal 0 -1 0
    outer loop
      vertex 11.7299 0.7 38.0339
      vertex 11.8141 0.7 40.6969
      vertex 11.2417 0.7 40.6739
    endloop
  endfacet
  facet normal 0 -1 0
    outer loop
      vertex 11.7299 0.7 38.0339
      vertex 11.2417 0.7 40.6739
      vertex 10.6909 0.7 40.6049
    endloop
  endfacet
  facet normal 0 -1 0
    outer loop
      vertex 11.8141 0.7 40.6969
      vertex 11.9807 0.7 38.0443
      vertex 12.5089 0.7 40.6657
    endloop
  endfacet
  facet normal 0 -1 0
    outer loop
      vertex 11.7299 0.7 38.0339
      vertex 10.6909 0.7 40.6049
      vertex 10.1619 0.7 40.4899
    endloop
  endfacet
  facet normal 0 -1 0
    outer loop
      vertex 12.2989 0.7 38.0257
      vertex 12.5089 0.7 40.6657
      vertex 11.9807 0.7 38.0443
    endloop
  endfacet
  facet normal 0 -1 0
    outer loop
      vertex 11.7299 0.7 38.0339
      vertex 10.1619 0.7 40.4899
      vertex 9.65451 0.7 40.3288
    endloop
  endfacet
  facet normal 0 -1 -0
    outer loop
      vertex 12.5089 0.7 40.6657
      vertex 12.2989 0.7 38.0257
      vertex 13.1629 0.7 40.5719
    endloop
  endfacet
  facet normal 0 -1 0
    outer loop
      vertex 11.7299 0.7 38.0339
      vertex 9.65451 0.7 40.3288
      vertex 9.1745 0.7 40.1253
    endloop
  endfacet
  facet normal 0 -1 0
    outer loop
      vertex 12.6005 0.7 37.9697
      vertex 13.1629 0.7 40.5719
      vertex 12.2989 0.7 38.0257
    endloop
  endfacet
  facet normal 0 -1 0
    outer loop
      vertex 11.7299 0.7 38.0339
      vertex 9.1745 0.7 40.1253
      vertex 8.72749 0.7 39.8827
    endloop
  endfacet
  facet normal 0 -1 0
    outer loop
      vertex 11.7299 0.7 38.0339
      vertex 8.72749 0.7 39.8827
      vertex 8.31346 0.7 39.601
    endloop
  endfacet
  facet normal 0 -1 -0
    outer loop
      vertex 13.1629 0.7 40.5719
      vertex 12.6005 0.7 37.9697
      vertex 13.7762 0.7 40.4157
    endloop
  endfacet
  facet normal 0 -1 0
    outer loop
      vertex 11.7299 0.7 38.0339
      vertex 8.31346 0.7 39.601
      vertex 7.93242 0.7 39.2803
    endloop
  endfacet
  facet normal 0 -1 0
    outer loop
      vertex 12.8857 0.7 37.8764
      vertex 13.7762 0.7 40.4157
      vertex 12.6005 0.7 37.9697
    endloop
  endfacet
  facet normal 0 -1 0
    outer loop
      vertex 11.7299 0.7 38.0339
      vertex 7.93242 0.7 39.2803
      vertex 7.58826 0.7 38.9244
    endloop
  endfacet
  facet normal 0 -1 -0
    outer loop
      vertex 13.7762 0.7 40.4157
      vertex 12.8857 0.7 37.8764
      vertex 14.3486 0.7 40.1969
    endloop
  endfacet
  facet normal 0 -1 0
    outer loop
      vertex 11.7299 0.7 38.0339
      vertex 7.58826 0.7 38.9244
      vertex 7.28488 0.7 38.5373
    endloop
  endfacet
  facet normal 0 -1 0
    outer loop
      vertex 9.9613 0.7 36.8382
      vertex 7.28488 0.7 38.5373
      vertex 7.02231 0.7 38.1189
    endloop
  endfacet
  facet normal 0 -1 0
    outer loop
      vertex 13.1543 0.7 37.7457
      vertex 14.3486 0.7 40.1969
      vertex 12.8857 0.7 37.8764
    endloop
  endfacet
  facet normal 0 -1 -0
    outer loop
      vertex 14.3486 0.7 40.1969
      vertex 13.1543 0.7 37.7457
      vertex 14.8768 0.7 39.9192
    endloop
  endfacet
  facet normal 0 -1 0
    outer loop
      vertex 13.4091 0.7 37.5812
      vertex 14.8768 0.7 39.9192
      vertex 13.1543 0.7 37.7457
    endloop
  endfacet
  facet normal 0 -1 -0
    outer loop
      vertex 14.8768 0.7 39.9192
      vertex 13.4091 0.7 37.5812
      vertex 15.3572 0.7 39.5859
    endloop
  endfacet
  facet normal 0 -1 0
    outer loop
      vertex 13.6525 0.7 37.3864
      vertex 15.3572 0.7 39.5859
      vertex 13.4091 0.7 37.5812
    endloop
  endfacet
  facet normal 0 -1 -0
    outer loop
      vertex 15.3572 0.7 39.5859
      vertex 13.6525 0.7 37.3864
      vertex 15.7899 0.7 39.197
    endloop
  endfacet
  facet normal 0 -1 0
    outer loop
      vertex 13.8847 0.7 37.1611
      vertex 15.7899 0.7 39.197
      vertex 13.6525 0.7 37.3864
    endloop
  endfacet
  facet normal 0 -1 -0
    outer loop
      vertex 15.7899 0.7 39.197
      vertex 13.8847 0.7 37.1611
      vertex 16.1749 0.7 38.7526
    endloop
  endfacet
  facet normal 0 -1 0
    outer loop
      vertex 16.1749 0.7 38.7526
      vertex 13.8847 0.7 37.1611
      vertex 14.1056 0.7 36.9055
    endloop
  endfacet
  facet normal 0 -1 0
    outer loop
      vertex 9.65451 0.7 30.8989
      vertex 10.6631 0.7 33.555
      vertex 9.1745 0.7 31.1025
    endloop
  endfacet
  facet normal 0 -1 -0
    outer loop
      vertex 10.6631 0.7 33.555
      vertex 9.65451 0.7 30.8989
      vertex 10.8493 0.7 33.443
    endloop
  endfacet
  facet normal 0 -1 0
    outer loop
      vertex 13.8847 0.7 34.0667
      vertex 16.1749 0.7 32.4752
      vertex 14.1056 0.7 34.3223
    endloop
  endfacet
  facet normal 0 -1 0
    outer loop
      vertex 15.7899 0.7 32.0365
      vertex 13.8847 0.7 34.0667
      vertex 13.6525 0.7 33.8415
    endloop
  endfacet
  facet normal 0 -1 0
    outer loop
      vertex 15.3572 0.7 31.6506
      vertex 13.6525 0.7 33.8415
      vertex 13.4091 0.7 33.6466
    endloop
  endfacet
  facet normal 0 -1 0
    outer loop
      vertex 14.8768 0.7 31.3178
      vertex 13.4091 0.7 33.6466
      vertex 13.1543 0.7 33.4821
    endloop
  endfacet
  facet normal 0 -1 0
    outer loop
      vertex 14.3486 0.7 31.0378
      vertex 13.1543 0.7 33.4821
      vertex 12.8857 0.7 33.3515
    endloop
  endfacet
  facet normal 0 -1 0
    outer loop
      vertex 13.7762 0.7 30.8161
      vertex 12.8857 0.7 33.3515
      vertex 12.6005 0.7 33.2582
    endloop
  endfacet
  facet normal 0 -1 0
    outer loop
      vertex 13.1629 0.7 30.6577
      vertex 12.6005 0.7 33.2582
      vertex 12.2989 0.7 33.2022
    endloop
  endfacet
  facet normal 0 -1 0
    outer loop
      vertex 10.1619 0.7 30.7379
      vertex 10.8493 0.7 33.443
      vertex 9.65451 0.7 30.8989
    endloop
  endfacet
  facet normal 0 -1 -0
    outer loop
      vertex 10.8493 0.7 33.443
      vertex 10.1619 0.7 30.7379
      vertex 11.0502 0.7 33.3501
    endloop
  endfacet
  facet normal 0 -1 0
    outer loop
      vertex 11.9807 0.7 33.1835
      vertex 12.5089 0.7 30.5626
      vertex 12.2989 0.7 33.2022
    endloop
  endfacet
  facet normal 0 -1 -0
    outer loop
      vertex 11.0502 0.7 33.3501
      vertex 10.1619 0.7 30.7379
      vertex 11.2646 0.7 33.2773
    endloop
  endfacet
  facet normal -0 -1 0
    outer loop
      vertex 13.1629 0.7 30.6577
      vertex 12.2989 0.7 33.2022
      vertex 12.5089 0.7 30.5626
    endloop
  endfacet
  facet normal 0 -1 0
    outer loop
      vertex 10.6909 0.7 30.6229
      vertex 11.2646 0.7 33.2773
      vertex 10.1619 0.7 30.7379
    endloop
  endfacet
  facet normal 0 -1 -0
    outer loop
      vertex 11.2646 0.7 33.2773
      vertex 10.6909 0.7 30.6229
      vertex 11.4912 0.7 33.2252
    endloop
  endfacet
  facet normal -0 -1 0
    outer loop
      vertex 12.5089 0.7 30.5626
      vertex 11.9807 0.7 33.1835
      vertex 11.8141 0.7 30.5309
    endloop
  endfacet
  facet normal 0 -1 0
    outer loop
      vertex 11.2417 0.7 30.5539
      vertex 11.4912 0.7 33.2252
      vertex 10.6909 0.7 30.6229
    endloop
  endfacet
  facet normal 0 -1 -0
    outer loop
      vertex 11.4912 0.7 33.2252
      vertex 11.2417 0.7 30.5539
      vertex 11.7299 0.7 33.1939
    endloop
  endfacet
  facet normal 0 -1 0
    outer loop
      vertex 11.8141 0.7 30.5309
      vertex 11.7299 0.7 33.1939
      vertex 11.2417 0.7 30.5539
    endloop
  endfacet
  facet normal 0 -1 0
    outer loop
      vertex 11.7299 0.7 33.1939
      vertex 11.8141 0.7 30.5309
      vertex 11.9807 0.7 33.1835
    endloop
  endfacet
  facet normal 0 -1 0
    outer loop
      vertex 12.6005 0.7 33.2582
      vertex 13.1629 0.7 30.6577
      vertex 13.7762 0.7 30.8161
    endloop
  endfacet
  facet normal 0 -1 0
    outer loop
      vertex 12.8857 0.7 33.3515
      vertex 13.7762 0.7 30.8161
      vertex 14.3486 0.7 31.0378
    endloop
  endfacet
  facet normal 0 -1 0
    outer loop
      vertex 13.4091 0.7 33.6466
      vertex 14.8768 0.7 31.3178
      vertex 15.3572 0.7 31.6506
    endloop
  endfacet
  facet normal 0 -1 0
    outer loop
      vertex 13.1543 0.7 33.4821
      vertex 14.3486 0.7 31.0378
      vertex 14.8768 0.7 31.3178
    endloop
  endfacet
  facet normal 0 -1 0
    outer loop
      vertex 13.8847 0.7 34.0667
      vertex 15.7899 0.7 32.0365
      vertex 16.1749 0.7 32.4752
    endloop
  endfacet
  facet normal 0 -1 0
    outer loop
      vertex 13.6525 0.7 33.8415
      vertex 15.3572 0.7 31.6506
      vertex 15.7899 0.7 32.0365
    endloop
  endfacet
  facet normal 0 -1 0
    outer loop
      vertex -0.475845 0.7 38.1832
      vertex 1.49625 0.7 40.4747
      vertex -3.69785 0.7 40.4747
    endloop
  endfacet
  facet normal 0 -1 0
    outer loop
      vertex 1.05183 0.7 38.1832
      vertex 1.49625 0.7 40.4747
      vertex -0.475845 0.7 38.1832
    endloop
  endfacet
  facet normal 0 -1 0
    outer loop
      vertex 1.31093 0.7 38.1719
      vertex 1.49625 0.7 40.4747
      vertex 1.05183 0.7 38.1832
    endloop
  endfacet
  facet normal 0 -1 0
    outer loop
      vertex 1.53268 0.7 38.1381
      vertex 1.49625 0.7 40.4747
      vertex 1.31093 0.7 38.1719
    endloop
  endfacet
  facet normal 0 -1 0
    outer loop
      vertex 1.71713 0.7 38.0816
      vertex 2.43716 0.7 40.43
      vertex 1.53268 0.7 38.1381
    endloop
  endfacet
  facet normal 0 -1 0
    outer loop
      vertex 1.86424 0.7 38.0026
      vertex 2.43716 0.7 40.43
      vertex 1.71713 0.7 38.0816
    endloop
  endfacet
  facet normal 0 -1 0
    outer loop
      vertex 1.97667 0.7 37.9011
      vertex 3.24614 0.7 40.2959
      vertex 1.86424 0.7 38.0026
    endloop
  endfacet
  facet normal 0 -1 0
    outer loop
      vertex 1.49625 0.7 40.4747
      vertex 1.53268 0.7 38.1381
      vertex 2.43716 0.7 40.43
    endloop
  endfacet
  facet normal 0 -1 0
    outer loop
      vertex -3.69785 0.7 40.4747
      vertex -0.475845 0.7 36.7388
      vertex -0.475845 0.7 38.1832
    endloop
  endfacet
  facet normal 0 -1 0
    outer loop
      vertex -0.475845 0.7 34.5723
      vertex 1.05183 0.7 36.7388
      vertex -0.475845 0.7 36.7388
    endloop
  endfacet
  facet normal -0 -1 0
    outer loop
      vertex 4.51514 0.7 36.1052
      vertex 1.05183 0.7 36.7388
      vertex 4.07651 0.7 35.8339
    endloop
  endfacet
  facet normal 0 -1 0
    outer loop
      vertex 1.05183 0.7 36.7388
      vertex 4.78899 0.7 36.3477
      vertex 5.01685 0.7 36.6207
    endloop
  endfacet
  facet normal 0 -1 0
    outer loop
      vertex 1.05183 0.7 36.7388
      vertex 4.51514 0.7 36.1052
      vertex 4.78899 0.7 36.3477
    endloop
  endfacet
  facet normal 0 -1 0
    outer loop
      vertex 4.51514 0.7 36.1052
      vertex 4.07651 0.7 35.8339
      vertex 4.19528 0.7 35.893
    endloop
  endfacet
  facet normal 0 -1 0
    outer loop
      vertex 1.97021 0.7 34.5237
      vertex 1.05183 0.7 36.7388
      vertex 1.75015 0.7 34.5602
    endloop
  endfacet
  facet normal 0 -1 0
    outer loop
      vertex 1.05183 0.7 36.7388
      vertex 1.97021 0.7 34.5237
      vertex 4.07651 0.7 35.8339
    endloop
  endfacet
  facet normal 0 -1 0
    outer loop
      vertex 2.1564 0.7 34.4629
      vertex 4.07651 0.7 35.8339
      vertex 1.97021 0.7 34.5237
    endloop
  endfacet
  facet normal 0 -1 0
    outer loop
      vertex 2.42722 0.7 34.2693
      vertex 4.07651 0.7 35.8339
      vertex 2.30875 0.7 34.3778
    endloop
  endfacet
  facet normal 0 -1 0
    outer loop
      vertex 2.51184 0.7 34.1383
      vertex 4.07651 0.7 35.8339
      vertex 2.42722 0.7 34.2693
    endloop
  endfacet
  facet normal 0 -1 -0
    outer loop
      vertex 1.05183 0.7 36.7388
      vertex -0.475845 0.7 34.5723
      vertex 1.49625 0.7 34.5723
    endloop
  endfacet
  facet normal 0 -1 0
    outer loop
      vertex -3.69785 0.7 40.4747
      vertex -0.475845 0.7 34.5723
      vertex -0.475845 0.7 36.7388
    endloop
  endfacet
  facet normal 0 -1 0
    outer loop
      vertex -3.69785 0.7 30.7531
      vertex -0.475845 0.7 34.5723
      vertex -3.69785 0.7 40.4747
    endloop
  endfacet
  facet normal 0 -1 0
    outer loop
      vertex 1.77403 0.7 30.7531
      vertex 1.49625 0.7 33.0446
      vertex -0.475845 0.7 33.0446
    endloop
  endfacet
  facet normal -0 -1 0
    outer loop
      vertex 4.25166 0.7 31.1516
      vertex 1.49625 0.7 33.0446
      vertex 3.54643 0.7 30.9302
    endloop
  endfacet
  facet normal -0 -1 0
    outer loop
      vertex 4.83624 0.7 31.4614
      vertex 1.49625 0.7 33.0446
      vertex 4.25166 0.7 31.1516
    endloop
  endfacet
  facet normal 0 -1 0
    outer loop
      vertex 1.49625 0.7 33.0446
      vertex 5.295 0.7 31.8503
      vertex 5.81931 0.7 32.8363
    endloop
  endfacet
  facet normal 0 -1 0
    outer loop
      vertex 5.81931 0.7 32.8363
      vertex 5.295 0.7 31.8503
      vertex 5.6227 0.7 32.3086
    endloop
  endfacet
  facet normal -0 -1 0
    outer loop
      vertex 5.295 0.7 31.8503
      vertex 1.49625 0.7 33.0446
      vertex 4.83624 0.7 31.4614
    endloop
  endfacet
  facet normal 0 -1 0
    outer loop
      vertex 1.49625 0.7 33.0446
      vertex 2.72057 0.7 30.7974
      vertex 3.54643 0.7 30.9302
    endloop
  endfacet
  facet normal 0 -1 -0
    outer loop
      vertex -0.475845 0.7 34.5723
      vertex -3.69785 0.7 30.7531
      vertex -0.475845 0.7 33.0446
    endloop
  endfacet
  facet normal 0 -1 0
    outer loop
      vertex 1.77403 0.7 30.7531
      vertex -0.475845 0.7 33.0446
      vertex -3.69785 0.7 30.7531
    endloop
  endfacet
  facet normal 0 -1 0
    outer loop
      vertex 1.49625 0.7 33.0446
      vertex 1.77403 0.7 30.7531
      vertex 2.72057 0.7 30.7974
    endloop
  endfacet
  facet normal 0 -1 -0
    outer loop
      vertex 2.43716 0.7 40.43
      vertex 1.86424 0.7 38.0026
      vertex 3.24614 0.7 40.2959
    endloop
  endfacet
  facet normal 0 -1 -0
    outer loop
      vertex 3.24614 0.7 40.2959
      vertex 1.97667 0.7 37.9011
      vertex 3.92316 0.7 40.0724
    endloop
  endfacet
  facet normal 0 -1 0
    outer loop
      vertex 2.05699 0.7 37.777
      vertex 3.92316 0.7 40.0724
      vertex 1.97667 0.7 37.9011
    endloop
  endfacet
  facet normal 0 -1 -0
    outer loop
      vertex 3.92316 0.7 40.0724
      vertex 2.05699 0.7 37.777
      vertex 4.46825 0.7 39.7594
    endloop
  endfacet
  facet normal 0 -1 -0
    outer loop
      vertex 4.46825 0.7 39.7594
      vertex 2.05699 0.7 37.777
      vertex 4.8875 0.7 39.3771
    endloop
  endfacet
  facet normal 0 -1 -0
    outer loop
      vertex 4.8875 0.7 39.3771
      vertex 2.05699 0.7 37.777
      vertex 5.18697 0.7 38.9453
    endloop
  endfacet
  facet normal 0 -1 0
    outer loop
      vertex 2.10518 0.7 37.6303
      vertex 5.18697 0.7 38.9453
      vertex 2.05699 0.7 37.777
    endloop
  endfacet
  facet normal 0 -1 -0
    outer loop
      vertex 5.18697 0.7 38.9453
      vertex 2.10518 0.7 37.6303
      vertex 5.36664 0.7 38.464
    endloop
  endfacet
  facet normal 0 -1 -0
    outer loop
      vertex 5.36664 0.7 38.464
      vertex 2.10518 0.7 37.6303
      vertex 5.42654 0.7 37.9332
    endloop
  endfacet
  facet normal 0 -1 0
    outer loop
      vertex 2.10518 0.7 37.6303
      vertex 5.40094 0.7 37.5751
      vertex 5.42654 0.7 37.9332
    endloop
  endfacet
  facet normal 0 -1 0
    outer loop
      vertex 5.32411 0.7 37.237
      vertex 2.10518 0.7 37.6303
      vertex 2.12125 0.7 37.461
    endloop
  endfacet
  facet normal 0 -1 0
    outer loop
      vertex 5.01685 0.7 36.6207
      vertex 2.12125 0.7 37.461
      vertex 2.10518 0.7 37.2974
    endloop
  endfacet
  facet normal 0 -1 0
    outer loop
      vertex 2.10518 0.7 37.6303
      vertex 5.32411 0.7 37.237
      vertex 5.40094 0.7 37.5751
    endloop
  endfacet
  facet normal 0 -1 0
    outer loop
      vertex 5.01685 0.7 36.6207
      vertex 2.10518 0.7 37.2974
      vertex 2.05699 0.7 37.1537
    endloop
  endfacet
  facet normal 0 -1 0
    outer loop
      vertex 5.01685 0.7 36.6207
      vertex 2.05699 0.7 37.1537
      vertex 1.97667 0.7 37.03
    endloop
  endfacet
  facet normal 0 -1 0
    outer loop
      vertex 5.01685 0.7 36.6207
      vertex 1.97667 0.7 37.03
      vertex 1.86424 0.7 36.9263
    endloop
  endfacet
  facet normal 0 -1 0
    outer loop
      vertex 2.12125 0.7 37.461
      vertex 5.19608 0.7 36.9189
      vertex 5.32411 0.7 37.237
    endloop
  endfacet
  facet normal 0 -1 0
    outer loop
      vertex 5.01685 0.7 36.6207
      vertex 1.86424 0.7 36.9263
      vertex 1.71713 0.7 36.8443
    endloop
  endfacet
  facet normal 0 -1 0
    outer loop
      vertex 5.01685 0.7 36.6207
      vertex 1.71713 0.7 36.8443
      vertex 1.53268 0.7 36.7857
    endloop
  endfacet
  facet normal 0 -1 0
    outer loop
      vertex 5.01685 0.7 36.6207
      vertex 1.53268 0.7 36.7857
      vertex 1.31093 0.7 36.7505
    endloop
  endfacet
  facet normal 0 -1 0
    outer loop
      vertex 5.01685 0.7 36.6207
      vertex 1.31093 0.7 36.7505
      vertex 1.05183 0.7 36.7388
    endloop
  endfacet
  facet normal 0 -1 0
    outer loop
      vertex 2.12125 0.7 37.461
      vertex 5.01685 0.7 36.6207
      vertex 5.19608 0.7 36.9189
    endloop
  endfacet
  facet normal 0 -1 0
    outer loop
      vertex 1.05183 0.7 36.7388
      vertex 1.49625 0.7 34.5723
      vertex 1.75015 0.7 34.5602
    endloop
  endfacet
  facet normal 0 -1 0
    outer loop
      vertex 2.30875 0.7 34.3778
      vertex 4.07651 0.7 35.8339
      vertex 2.1564 0.7 34.4629
    endloop
  endfacet
  facet normal 0 -1 -0
    outer loop
      vertex 4.07651 0.7 35.8339
      vertex 2.51184 0.7 34.1383
      vertex 4.15575 0.7 35.8083
    endloop
  endfacet
  facet normal 0 -1 -0
    outer loop
      vertex 4.15575 0.7 35.8083
      vertex 2.51184 0.7 34.1383
      vertex 4.5455 0.7 35.6308
    endloop
  endfacet
  facet normal 0 -1 0
    outer loop
      vertex 2.56261 0.7 33.9847
      vertex 4.5455 0.7 35.6308
      vertex 2.51184 0.7 34.1383
    endloop
  endfacet
  facet normal 0 -1 -0
    outer loop
      vertex 4.5455 0.7 35.6308
      vertex 2.56261 0.7 33.9847
      vertex 4.88837 0.7 35.4178
    endloop
  endfacet
  facet normal 0 -1 -0
    outer loop
      vertex 4.88837 0.7 35.4178
      vertex 2.56261 0.7 33.9847
      vertex 5.18434 0.7 35.1691
    endloop
  endfacet
  facet normal 0 -1 0
    outer loop
      vertex 2.57954 0.7 33.8085
      vertex 5.18434 0.7 35.1691
      vertex 2.56261 0.7 33.9847
    endloop
  endfacet
  facet normal 0 -1 -0
    outer loop
      vertex 5.18434 0.7 35.1691
      vertex 2.57954 0.7 33.8085
      vertex 5.43344 0.7 34.8848
    endloop
  endfacet
  facet normal 0 -1 -0
    outer loop
      vertex 5.43344 0.7 34.8848
      vertex 2.57954 0.7 33.8085
      vertex 5.63092 0.7 34.5676
    endloop
  endfacet
  facet normal 0 -1 -0
    outer loop
      vertex 5.63092 0.7 34.5676
      vertex 2.57954 0.7 33.8085
      vertex 5.77199 0.7 34.22
    endloop
  endfacet
  facet normal 0 -1 -0
    outer loop
      vertex 5.77199 0.7 34.22
      vertex 2.57954 0.7 33.8085
      vertex 5.85663 0.7 33.8419
    endloop
  endfacet
  facet normal 0 -1 0
    outer loop
      vertex 2.56261 0.7 33.6323
      vertex 5.85663 0.7 33.8419
      vertex 2.57954 0.7 33.8085
    endloop
  endfacet
  facet normal 0 -1 0
    outer loop
      vertex 5.81931 0.7 32.8363
      vertex 2.56261 0.7 33.6323
      vertex 2.51184 0.7 33.4787
    endloop
  endfacet
  facet normal 0 -1 0
    outer loop
      vertex 2.56261 0.7 33.6323
      vertex 5.88484 0.7 33.4335
      vertex 5.85663 0.7 33.8419
    endloop
  endfacet
  facet normal 0 -1 0
    outer loop
      vertex 5.81931 0.7 32.8363
      vertex 2.51184 0.7 33.4787
      vertex 2.42722 0.7 33.3476
    endloop
  endfacet
  facet normal 0 -1 0
    outer loop
      vertex 5.81931 0.7 32.8363
      vertex 2.42722 0.7 33.3476
      vertex 2.30875 0.7 33.239
    endloop
  endfacet
  facet normal 0 -1 0
    outer loop
      vertex 5.81931 0.7 32.8363
      vertex 2.30875 0.7 33.239
      vertex 2.1564 0.7 33.154
    endloop
  endfacet
  facet normal 0 -1 0
    outer loop
      vertex 5.81931 0.7 32.8363
      vertex 2.1564 0.7 33.154
      vertex 1.97021 0.7 33.0932
    endloop
  endfacet
  facet normal 0 -1 0
    outer loop
      vertex 5.81931 0.7 32.8363
      vertex 1.97021 0.7 33.0932
      vertex 1.75015 0.7 33.0568
    endloop
  endfacet
  facet normal 0 -1 0
    outer loop
      vertex 2.56261 0.7 33.6323
      vertex 5.81931 0.7 32.8363
      vertex 5.88484 0.7 33.4335
    endloop
  endfacet
  facet normal 0 -1 0
    outer loop
      vertex 5.81931 0.7 32.8363
      vertex 1.75015 0.7 33.0568
      vertex 1.49625 0.7 33.0446
    endloop
  endfacet
  facet normal -0.124398 0 -0.992232
    outer loop
      vertex -9.51765 0 40.6735
      vertex -8.95692 0.7 40.6032
      vertex -8.95692 0 40.6032
    endloop
  endfacet
  facet normal -0.124398 0 -0.992232
    outer loop
      vertex -8.95692 0.7 40.6032
      vertex -9.51765 0 40.6735
      vertex -9.51765 0.7 40.6735
    endloop
  endfacet
  facet normal -0.213458 0 -0.976952
    outer loop
      vertex -8.95692 0 40.6032
      vertex -8.42052 0.7 40.486
      vertex -8.42052 0 40.486
    endloop
  endfacet
  facet normal -0.213458 0 -0.976952
    outer loop
      vertex -8.42052 0.7 40.486
      vertex -8.95692 0 40.6032
      vertex -8.95692 0.7 40.6032
    endloop
  endfacet
  facet normal -0.305149 0 -0.952304
    outer loop
      vertex -8.42052 0 40.486
      vertex -7.9084 0.7 40.3219
      vertex -7.9084 0 40.3219
    endloop
  endfacet
  facet normal -0.305149 0 -0.952304
    outer loop
      vertex -7.9084 0.7 40.3219
      vertex -8.42052 0 40.486
      vertex -8.42052 0.7 40.486
    endloop
  endfacet
  facet normal -0.393896 0 -0.919155
    outer loop
      vertex -7.9084 0 40.3219
      vertex -7.4249 0.7 40.1147
      vertex -7.4249 0 40.1147
    endloop
  endfacet
  facet normal -0.393896 0 -0.919155
    outer loop
      vertex -7.4249 0.7 40.1147
      vertex -7.9084 0 40.3219
      vertex -7.9084 0.7 40.3219
    endloop
  endfacet
  facet normal -0.480161 0 -0.87718
    outer loop
      vertex -7.4249 0 40.1147
      vertex -6.9744 0.7 39.8681
      vertex -6.9744 0 39.8681
    endloop
  endfacet
  facet normal -0.480161 0 -0.87718
    outer loop
      vertex -6.9744 0.7 39.8681
      vertex -7.4249 0 40.1147
      vertex -7.4249 0.7 40.1147
    endloop
  endfacet
  facet normal -0.565144 0 -0.824992
    outer loop
      vertex -6.9744 0 39.8681
      vertex -6.5569 0.7 39.5821
      vertex -6.5569 0 39.5821
    endloop
  endfacet
  facet normal -0.565144 0 -0.824992
    outer loop
      vertex -6.5569 0.7 39.5821
      vertex -6.9744 0 39.8681
      vertex -6.9744 0.7 39.8681
    endloop
  endfacet
  facet normal -0.64613 0 -0.763227
    outer loop
      vertex -6.5569 0 39.5821
      vertex -6.17241 0.7 39.2566
      vertex -6.17241 0 39.2566
    endloop
  endfacet
  facet normal -0.64613 0 -0.763227
    outer loop
      vertex -6.17241 0.7 39.2566
      vertex -6.5569 0 39.5821
      vertex -6.5569 0.7 39.5821
    endloop
  endfacet
  facet normal -0.718942 0 -0.69507
    outer loop
      vertex -5.82475 0 38.897
      vertex -6.17241 0.7 39.2566
      vertex -5.82475 0.7 38.897
    endloop
  endfacet
  facet normal -0.718942 -0 -0.69507
    outer loop
      vertex -6.17241 0.7 39.2566
      vertex -5.82475 0 38.897
      vertex -6.17241 0 39.2566
    endloop
  endfacet
  facet normal -0.784668 0 -0.619916
    outer loop
      vertex -5.5179 0 38.5086
      vertex -5.82475 0.7 38.897
      vertex -5.5179 0.7 38.5086
    endloop
  endfacet
  facet normal -0.784668 -0 -0.619916
    outer loop
      vertex -5.82475 0.7 38.897
      vertex -5.5179 0 38.5086
      vertex -5.82475 0 38.897
    endloop
  endfacet
  facet normal -0.843091 0 -0.537771
    outer loop
      vertex -5.25185 0 38.0915
      vertex -5.5179 0.7 38.5086
      vertex -5.25185 0.7 38.0915
    endloop
  endfacet
  facet normal -0.843091 -0 -0.537771
    outer loop
      vertex -5.5179 0.7 38.5086
      vertex -5.25185 0 38.0915
      vertex -5.5179 0 38.5086
    endloop
  endfacet
  facet normal -0.892619 0 -0.450812
    outer loop
      vertex -5.0266 0 37.6455
      vertex -5.25185 0.7 38.0915
      vertex -5.0266 0.7 37.6455
    endloop
  endfacet
  facet normal -0.892619 -0 -0.450812
    outer loop
      vertex -5.25185 0.7 38.0915
      vertex -5.0266 0 37.6455
      vertex -5.25185 0 38.0915
    endloop
  endfacet
  facet normal -0.934819 0 -0.355124
    outer loop
      vertex -4.84737 0 37.1737
      vertex -5.0266 0.7 37.6455
      vertex -4.84737 0.7 37.1737
    endloop
  endfacet
  facet normal -0.934819 -0 -0.355124
    outer loop
      vertex -5.0266 0.7 37.6455
      vertex -4.84737 0 37.1737
      vertex -5.0266 0 37.6455
    endloop
  endfacet
  facet normal -0.968112 0 -0.250519
    outer loop
      vertex -4.71933 0 36.6789
      vertex -4.84737 0.7 37.1737
      vertex -4.71933 0.7 36.6789
    endloop
  endfacet
  facet normal -0.968112 -0 -0.250519
    outer loop
      vertex -4.84737 0.7 37.1737
      vertex -4.71933 0 36.6789
      vertex -4.84737 0 37.1737
    endloop
  endfacet
  facet normal -0.989172 0 -0.146761
    outer loop
      vertex -4.64252 0 36.1612
      vertex -4.71933 0.7 36.6789
      vertex -4.64252 0.7 36.1612
    endloop
  endfacet
  facet normal -0.989172 -0 -0.146761
    outer loop
      vertex -4.71933 0.7 36.6789
      vertex -4.64252 0 36.1612
      vertex -4.71933 0 36.6789
    endloop
  endfacet
  facet normal -0.99888 0 -0.0473212
    outer loop
      vertex -4.6169 0 35.6204
      vertex -4.64252 0.7 36.1612
      vertex -4.6169 0.7 35.6204
    endloop
  endfacet
  facet normal -0.99888 -0 -0.0473212
    outer loop
      vertex -4.64252 0.7 36.1612
      vertex -4.6169 0 35.6204
      vertex -4.64252 0 36.1612
    endloop
  endfacet
  facet normal -0.998882 0 0.0472776
    outer loop
      vertex -4.64252 0 35.0791
      vertex -4.6169 0.7 35.6204
      vertex -4.64252 0.7 35.0791
    endloop
  endfacet
  facet normal -0.998882 0 0.0472776
    outer loop
      vertex -4.6169 0.7 35.6204
      vertex -4.64252 0 35.0791
      vertex -4.6169 0 35.6204
    endloop
  endfacet
  facet normal -0.98925 0 0.146236
    outer loop
      vertex -4.71933 0 34.5595
      vertex -4.64252 0.7 35.0791
      vertex -4.71933 0.7 34.5595
    endloop
  endfacet
  facet normal -0.98925 0 0.146236
    outer loop
      vertex -4.64252 0.7 35.0791
      vertex -4.71933 0 34.5595
      vertex -4.64252 0 35.0791
    endloop
  endfacet
  facet normal -0.968465 0 0.249151
    outer loop
      vertex -4.84737 0 34.0618
      vertex -4.71933 0.7 34.5595
      vertex -4.84737 0.7 34.0618
    endloop
  endfacet
  facet normal -0.968465 0 0.249151
    outer loop
      vertex -4.71933 0.7 34.5595
      vertex -4.84737 0 34.0618
      vertex -4.71933 0 34.5595
    endloop
  endfacet
  facet normal -0.935856 0 0.352381
    outer loop
      vertex -5.0266 0 33.5858
      vertex -4.84737 0.7 34.0618
      vertex -5.0266 0.7 33.5858
    endloop
  endfacet
  facet normal -0.935856 0 0.352381
    outer loop
      vertex -4.84737 0.7 34.0618
      vertex -5.0266 0 33.5858
      vertex -4.84737 0 34.0618
    endloop
  endfacet
  facet normal -0.894149 0 0.44777
    outer loop
      vertex -5.25185 0 33.136
      vertex -5.0266 0.7 33.5858
      vertex -5.25185 0.7 33.136
    endloop
  endfacet
  facet normal -0.894149 0 0.44777
    outer loop
      vertex -5.0266 0.7 33.5858
      vertex -5.25185 0 33.136
      vertex -5.0266 0 33.5858
    endloop
  endfacet
  facet normal -0.844485 0 0.535579
    outer loop
      vertex -5.5179 0 32.7165
      vertex -5.25185 0.7 33.136
      vertex -5.5179 0.7 32.7165
    endloop
  endfacet
  facet normal -0.844485 0 0.535579
    outer loop
      vertex -5.25185 0.7 33.136
      vertex -5.5179 0 32.7165
      vertex -5.25185 0 33.136
    endloop
  endfacet
  facet normal -0.785365 0 0.619033
    outer loop
      vertex -5.82475 0 32.3272
      vertex -5.5179 0.7 32.7165
      vertex -5.82475 0.7 32.3272
    endloop
  endfacet
  facet normal -0.785365 0 0.619033
    outer loop
      vertex -5.5179 0.7 32.7165
      vertex -5.82475 0 32.3272
      vertex -5.5179 0 32.7165
    endloop
  endfacet
  facet normal -0.718265 0 0.69577
    outer loop
      vertex -6.17241 0 31.9683
      vertex -5.82475 0.7 32.3272
      vertex -6.17241 0.7 31.9683
    endloop
  endfacet
  facet normal -0.718265 0 0.69577
    outer loop
      vertex -5.82475 0.7 32.3272
      vertex -6.17241 0 31.9683
      vertex -5.82475 0 32.3272
    endloop
  endfacet
  facet normal -0.644623 0 0.764501
    outer loop
      vertex -6.5569 0.7 31.6441
      vertex -6.17241 0 31.9683
      vertex -6.17241 0.7 31.9683
    endloop
  endfacet
  facet normal -0.644623 0 0.764501
    outer loop
      vertex -6.17241 0 31.9683
      vertex -6.5569 0.7 31.6441
      vertex -6.5569 0 31.6441
    endloop
  endfacet
  facet normal -0.563932 0 0.825821
    outer loop
      vertex -6.9744 0.7 31.359
      vertex -6.5569 0 31.6441
      vertex -6.5569 0.7 31.6441
    endloop
  endfacet
  facet normal -0.563932 0 0.825821
    outer loop
      vertex -6.5569 0 31.6441
      vertex -6.9744 0.7 31.359
      vertex -6.9744 0 31.359
    endloop
  endfacet
  facet normal -0.479412 0 0.87759
    outer loop
      vertex -7.4249 0.7 31.1129
      vertex -6.9744 0 31.359
      vertex -6.9744 0.7 31.359
    endloop
  endfacet
  facet normal -0.479412 0 0.87759
    outer loop
      vertex -6.9744 0 31.359
      vertex -7.4249 0.7 31.1129
      vertex -7.4249 0 31.1129
    endloop
  endfacet
  facet normal -0.393736 0 0.919224
    outer loop
      vertex -7.9084 0.7 30.9058
      vertex -7.4249 0 31.1129
      vertex -7.4249 0.7 31.1129
    endloop
  endfacet
  facet normal -0.393736 0 0.919224
    outer loop
      vertex -7.4249 0 31.1129
      vertex -7.9084 0.7 30.9058
      vertex -7.9084 0 30.9058
    endloop
  endfacet
  facet normal -0.305224 0 0.952281
    outer loop
      vertex -8.42007 0.7 30.7418
      vertex -7.9084 0 30.9058
      vertex -7.9084 0.7 30.9058
    endloop
  endfacet
  facet normal -0.305224 0 0.952281
    outer loop
      vertex -7.9084 0 30.9058
      vertex -8.42007 0.7 30.7418
      vertex -8.42007 0 30.7418
    endloop
  endfacet
  facet normal -0.213775 0 0.976883
    outer loop
      vertex -8.95518 0.7 30.6247
      vertex -8.42007 0 30.7418
      vertex -8.42007 0.7 30.7418
    endloop
  endfacet
  facet normal -0.213775 0 0.976883
    outer loop
      vertex -8.42007 0 30.7418
      vertex -8.95518 0.7 30.6247
      vertex -8.95518 0 30.6247
    endloop
  endfacet
  facet normal -0.124879 0 0.992172
    outer loop
      vertex -9.51372 0.7 30.5544
      vertex -8.95518 0 30.6247
      vertex -8.95518 0.7 30.6247
    endloop
  endfacet
  facet normal -0.124879 0 0.992172
    outer loop
      vertex -8.95518 0 30.6247
      vertex -9.51372 0.7 30.5544
      vertex -9.51372 0 30.5544
    endloop
  endfacet
  facet normal -0.0403465 0 0.999186
    outer loop
      vertex -10.0957 0.7 30.5309
      vertex -9.51372 0 30.5544
      vertex -9.51372 0.7 30.5544
    endloop
  endfacet
  facet normal -0.0403465 0 0.999186
    outer loop
      vertex -9.51372 0 30.5544
      vertex -10.0957 0.7 30.5309
      vertex -10.0957 0 30.5309
    endloop
  endfacet
  facet normal 0.0403106 0 0.999187
    outer loop
      vertex -10.6782 0.7 30.5544
      vertex -10.0957 0 30.5309
      vertex -10.0957 0.7 30.5309
    endloop
  endfacet
  facet normal 0.0403106 0 0.999187
    outer loop
      vertex -10.0957 0 30.5309
      vertex -10.6782 0.7 30.5544
      vertex -10.6782 0 30.5544
    endloop
  endfacet
  facet normal 0.12458 0 0.99221
    outer loop
      vertex -11.2381 0.7 30.6247
      vertex -10.6782 0 30.5544
      vertex -10.6782 0.7 30.5544
    endloop
  endfacet
  facet normal 0.12458 0 0.99221
    outer loop
      vertex -10.6782 0 30.5544
      vertex -11.2381 0.7 30.6247
      vertex -11.2381 0 30.6247
    endloop
  endfacet
  facet normal 0.212943 0 0.977065
    outer loop
      vertex -11.7754 0.7 30.7418
      vertex -11.2381 0 30.6247
      vertex -11.2381 0.7 30.6247
    endloop
  endfacet
  facet normal 0.212943 0 0.977065
    outer loop
      vertex -11.2381 0 30.6247
      vertex -11.7754 0.7 30.7418
      vertex -11.7754 0 30.7418
    endloop
  endfacet
  facet normal 0.303593 0 0.952802
    outer loop
      vertex -12.2901 0.7 30.9058
      vertex -11.7754 0 30.7418
      vertex -11.7754 0.7 30.7418
    endloop
  endfacet
  facet normal 0.303593 0 0.952802
    outer loop
      vertex -11.7754 0 30.7418
      vertex -12.2901 0.7 30.9058
      vertex -12.2901 0 30.9058
    endloop
  endfacet
  facet normal 0.391681 0 0.920101
    outer loop
      vertex -12.7766 0.7 31.1129
      vertex -12.2901 0 30.9058
      vertex -12.2901 0.7 30.9058
    endloop
  endfacet
  facet normal 0.391681 0 0.920101
    outer loop
      vertex -12.2901 0 30.9058
      vertex -12.7766 0.7 31.1129
      vertex -12.7766 0 31.1129
    endloop
  endfacet
  facet normal 0.477696 0 0.878525
    outer loop
      vertex -13.2292 0.7 31.359
      vertex -12.7766 0 31.1129
      vertex -12.7766 0.7 31.1129
    endloop
  endfacet
  facet normal 0.477696 0 0.878525
    outer loop
      vertex -12.7766 0 31.1129
      vertex -13.2292 0.7 31.359
      vertex -13.2292 0 31.359
    endloop
  endfacet
  facet normal 0.562736 0 0.826636
    outer loop
      vertex -13.648 0.7 31.6441
      vertex -13.2292 0 31.359
      vertex -13.2292 0.7 31.359
    endloop
  endfacet
  facet normal 0.562736 0 0.826636
    outer loop
      vertex -13.2292 0 31.359
      vertex -13.648 0.7 31.6441
      vertex -13.648 0 31.6441
    endloop
  endfacet
  facet normal 0.644124 0 0.764922
    outer loop
      vertex -14.033 0.7 31.9683
      vertex -13.648 0 31.6441
      vertex -13.648 0.7 31.6441
    endloop
  endfacet
  facet normal 0.644124 0 0.764922
    outer loop
      vertex -13.648 0 31.6441
      vertex -14.033 0.7 31.9683
      vertex -14.033 0 31.9683
    endloop
  endfacet
  facet normal 0.718325 -0 0.695708
    outer loop
      vertex -14.3806 0 32.3272
      vertex -14.033 0.7 31.9683
      vertex -14.3806 0.7 32.3272
    endloop
  endfacet
  facet normal 0.718325 0 0.695708
    outer loop
      vertex -14.033 0.7 31.9683
      vertex -14.3806 0 32.3272
      vertex -14.033 0 31.9683
    endloop
  endfacet
  facet normal 0.785316 -0 0.619095
    outer loop
      vertex -14.6875 0 32.7165
      vertex -14.3806 0.7 32.3272
      vertex -14.6875 0.7 32.7165
    endloop
  endfacet
  facet normal 0.785316 0 0.619095
    outer loop
      vertex -14.3806 0.7 32.3272
      vertex -14.6875 0 32.7165
      vertex -14.3806 0 32.3272
    endloop
  endfacet
  facet normal 0.84444 -0 0.535651
    outer loop
      vertex -14.9536 0 33.136
      vertex -14.6875 0.7 32.7165
      vertex -14.9536 0.7 33.136
    endloop
  endfacet
  facet normal 0.84444 0 0.535651
    outer loop
      vertex -14.6875 0.7 32.7165
      vertex -14.9536 0 33.136
      vertex -14.6875 0 32.7165
    endloop
  endfacet
  facet normal 0.894189 -0 0.447691
    outer loop
      vertex -15.1788 0 33.5858
      vertex -14.9536 0.7 33.136
      vertex -15.1788 0.7 33.5858
    endloop
  endfacet
  facet normal 0.894189 0 0.447691
    outer loop
      vertex -14.9536 0.7 33.136
      vertex -15.1788 0 33.5858
      vertex -14.9536 0 33.136
    endloop
  endfacet
  facet normal 0.935876 -0 0.35233
    outer loop
      vertex -15.358 0 34.0618
      vertex -15.1788 0.7 33.5858
      vertex -15.358 0.7 34.0618
    endloop
  endfacet
  facet normal 0.935876 0 0.35233
    outer loop
      vertex -15.1788 0.7 33.5858
      vertex -15.358 0 34.0618
      vertex -15.1788 0 33.5858
    endloop
  endfacet
  facet normal 0.968484 -0 0.249078
    outer loop
      vertex -15.486 0 34.5595
      vertex -15.358 0.7 34.0618
      vertex -15.486 0.7 34.5595
    endloop
  endfacet
  facet normal 0.968484 0 0.249078
    outer loop
      vertex -15.358 0.7 34.0618
      vertex -15.486 0 34.5595
      vertex -15.358 0 34.0618
    endloop
  endfacet
  facet normal 0.989252 -0 0.146217
    outer loop
      vertex -15.5628 0 35.0791
      vertex -15.486 0.7 34.5595
      vertex -15.5628 0.7 35.0791
    endloop
  endfacet
  facet normal 0.989252 0 0.146217
    outer loop
      vertex -15.486 0.7 34.5595
      vertex -15.5628 0 35.0791
      vertex -15.486 0 34.5595
    endloop
  endfacet
  facet normal 0.998884 -0 0.0472408
    outer loop
      vertex -15.5884 0 35.6204
      vertex -15.5628 0.7 35.0791
      vertex -15.5884 0.7 35.6204
    endloop
  endfacet
  facet normal 0.998884 0 0.0472408
    outer loop
      vertex -15.5628 0.7 35.0791
      vertex -15.5884 0 35.6204
      vertex -15.5628 0 35.0791
    endloop
  endfacet
  facet normal 0.998881 0 -0.0472843
    outer loop
      vertex -15.5628 0 36.1612
      vertex -15.5884 0.7 35.6204
      vertex -15.5628 0.7 36.1612
    endloop
  endfacet
  facet normal 0.998881 0 -0.0472843
    outer loop
      vertex -15.5884 0.7 35.6204
      vertex -15.5628 0 36.1612
      vertex -15.5884 0 35.6204
    endloop
  endfacet
  facet normal 0.989175 0 -0.146743
    outer loop
      vertex -15.486 0 36.6789
      vertex -15.5628 0.7 36.1612
      vertex -15.486 0.7 36.6789
    endloop
  endfacet
  facet normal 0.989175 0 -0.146743
    outer loop
      vertex -15.5628 0.7 36.1612
      vertex -15.486 0 36.6789
      vertex -15.5628 0 36.1612
    endloop
  endfacet
  facet normal 0.968131 0 -0.250446
    outer loop
      vertex -15.358 0 37.1737
      vertex -15.486 0.7 36.6789
      vertex -15.358 0.7 37.1737
    endloop
  endfacet
  facet normal 0.968131 0 -0.250446
    outer loop
      vertex -15.486 0.7 36.6789
      vertex -15.358 0 37.1737
      vertex -15.486 0 36.6789
    endloop
  endfacet
  facet normal 0.934839 0 -0.355072
    outer loop
      vertex -15.1788 0 37.6455
      vertex -15.358 0.7 37.1737
      vertex -15.1788 0.7 37.6455
    endloop
  endfacet
  facet normal 0.934839 0 -0.355072
    outer loop
      vertex -15.358 0.7 37.1737
      vertex -15.1788 0 37.6455
      vertex -15.358 0 37.1737
    endloop
  endfacet
  facet normal 0.892659 0 -0.450733
    outer loop
      vertex -14.9536 0 38.0915
      vertex -15.1788 0.7 37.6455
      vertex -14.9536 0.7 38.0915
    endloop
  endfacet
  facet normal 0.892659 0 -0.450733
    outer loop
      vertex -15.1788 0.7 37.6455
      vertex -14.9536 0 38.0915
      vertex -15.1788 0 37.6455
    endloop
  endfacet
  facet normal 0.843045 0 -0.537843
    outer loop
      vertex -14.6875 0 38.5086
      vertex -14.9536 0.7 38.0915
      vertex -14.6875 0.7 38.5086
    endloop
  endfacet
  facet normal 0.843045 0 -0.537843
    outer loop
      vertex -14.9536 0.7 38.0915
      vertex -14.6875 0 38.5086
      vertex -14.9536 0 38.0915
    endloop
  endfacet
  facet normal 0.784619 0 -0.619978
    outer loop
      vertex -14.3806 0 38.897
      vertex -14.6875 0.7 38.5086
      vertex -14.3806 0.7 38.897
    endloop
  endfacet
  facet normal 0.784619 0 -0.619978
    outer loop
      vertex -14.6875 0.7 38.5086
      vertex -14.3806 0 38.897
      vertex -14.6875 0 38.5086
    endloop
  endfacet
  facet normal 0.719002 0 -0.695008
    outer loop
      vertex -14.033 0 39.2566
      vertex -14.3806 0.7 38.897
      vertex -14.033 0.7 39.2566
    endloop
  endfacet
  facet normal 0.719002 0 -0.695008
    outer loop
      vertex -14.3806 0.7 38.897
      vertex -14.033 0 39.2566
      vertex -14.3806 0 38.897
    endloop
  endfacet
  facet normal 0.645729 0 -0.763567
    outer loop
      vertex -14.033 0 39.2566
      vertex -13.6481 0.7 39.5821
      vertex -13.6481 0 39.5821
    endloop
  endfacet
  facet normal 0.645729 0 -0.763567
    outer loop
      vertex -13.6481 0.7 39.5821
      vertex -14.033 0 39.2566
      vertex -14.033 0.7 39.2566
    endloop
  endfacet
  facet normal 0.56404 0 -0.825747
    outer loop
      vertex -13.6481 0 39.5821
      vertex -13.2294 0.7 39.8681
      vertex -13.2294 0 39.8681
    endloop
  endfacet
  facet normal 0.56404 0 -0.825747
    outer loop
      vertex -13.2294 0.7 39.8681
      vertex -13.6481 0 39.5821
      vertex -13.6481 0.7 39.5821
    endloop
  endfacet
  facet normal 0.478689 0 -0.877985
    outer loop
      vertex -13.2294 0 39.8681
      vertex -12.7771 0.7 40.1147
      vertex -12.7771 0 40.1147
    endloop
  endfacet
  facet normal 0.478689 0 -0.877985
    outer loop
      vertex -12.7771 0.7 40.1147
      vertex -13.2294 0 39.8681
      vertex -13.2294 0.7 39.8681
    endloop
  endfacet
  facet normal 0.392114 0 -0.919917
    outer loop
      vertex -12.7771 0 40.1147
      vertex -12.291 0.7 40.3219
      vertex -12.291 0 40.3219
    endloop
  endfacet
  facet normal 0.392114 0 -0.919917
    outer loop
      vertex -12.291 0.7 40.3219
      vertex -12.7771 0 40.1147
      vertex -12.7771 0.7 40.1147
    endloop
  endfacet
  facet normal 0.304137 0 -0.952628
    outer loop
      vertex -12.291 0 40.3219
      vertex -11.777 0.7 40.486
      vertex -11.777 0 40.486
    endloop
  endfacet
  facet normal 0.304137 0 -0.952628
    outer loop
      vertex -11.777 0.7 40.486
      vertex -12.291 0 40.3219
      vertex -12.291 0.7 40.3219
    endloop
  endfacet
  facet normal 0.21361 0 -0.976919
    outer loop
      vertex -11.777 0 40.486
      vertex -11.241 0.7 40.6032
      vertex -11.241 0 40.6032
    endloop
  endfacet
  facet normal 0.21361 0 -0.976919
    outer loop
      vertex -11.241 0.7 40.6032
      vertex -11.777 0 40.486
      vertex -11.777 0.7 40.486
    endloop
  endfacet
  facet normal 0.124976 0 -0.99216
    outer loop
      vertex -11.241 0 40.6032
      vertex -10.6829 0.7 40.6735
      vertex -10.6829 0 40.6735
    endloop
  endfacet
  facet normal 0.124976 0 -0.99216
    outer loop
      vertex -10.6829 0.7 40.6735
      vertex -11.241 0 40.6032
      vertex -11.241 0.7 40.6032
    endloop
  endfacet
  facet normal 0.0402982 0 -0.999188
    outer loop
      vertex -10.6829 0 40.6735
      vertex -10.1027 0.7 40.6969
      vertex -10.1027 0 40.6969
    endloop
  endfacet
  facet normal 0.0402982 0 -0.999188
    outer loop
      vertex -10.1027 0.7 40.6969
      vertex -10.6829 0 40.6735
      vertex -10.6829 0.7 40.6735
    endloop
  endfacet
  facet normal -0.0399646 0 -0.999201
    outer loop
      vertex -10.1027 0 40.6969
      vertex -9.51765 0.7 40.6735
      vertex -9.51765 0 40.6735
    endloop
  endfacet
  facet normal -0.0399646 0 -0.999201
    outer loop
      vertex -9.51765 0.7 40.6735
      vertex -10.1027 0 40.6969
      vertex -10.1027 0.7 40.6969
    endloop
  endfacet
  facet normal -0.142377 0 0.989813
    outer loop
      vertex -10.5452 0.7 38.0026
      vertex -10.3276 0 38.0339
      vertex -10.3276 0.7 38.0339
    endloop
  endfacet
  facet normal -0.142377 0 0.989813
    outer loop
      vertex -10.3276 0 38.0339
      vertex -10.5452 0.7 38.0026
      vertex -10.5452 0 38.0026
    endloop
  endfacet
  facet normal -0.241011 0 0.970522
    outer loop
      vertex -10.755 0.7 37.9505
      vertex -10.5452 0 38.0026
      vertex -10.5452 0.7 38.0026
    endloop
  endfacet
  facet normal -0.241011 0 0.970522
    outer loop
      vertex -10.5452 0 38.0026
      vertex -10.755 0.7 37.9505
      vertex -10.755 0 37.9505
    endloop
  endfacet
  facet normal -0.339759 0 0.940513
    outer loop
      vertex -10.9568 0.7 37.8776
      vertex -10.755 0 37.9505
      vertex -10.755 0.7 37.9505
    endloop
  endfacet
  facet normal -0.339759 0 0.940513
    outer loop
      vertex -10.755 0 37.9505
      vertex -10.9568 0.7 37.8776
      vertex -10.9568 0 37.8776
    endloop
  endfacet
  facet normal -0.434013 0 0.900906
    outer loop
      vertex -11.1486 0.7 37.7852
      vertex -10.9568 0 37.8776
      vertex -10.9568 0.7 37.8776
    endloop
  endfacet
  facet normal -0.434013 0 0.900906
    outer loop
      vertex -10.9568 0 37.8776
      vertex -11.1486 0.7 37.7852
      vertex -11.1486 0 37.7852
    endloop
  endfacet
  facet normal -0.524494 0 0.851414
    outer loop
      vertex -11.3283 0.7 37.6745
      vertex -11.1486 0 37.7852
      vertex -11.1486 0.7 37.7852
    endloop
  endfacet
  facet normal -0.524494 0 0.851414
    outer loop
      vertex -11.1486 0 37.7852
      vertex -11.3283 0.7 37.6745
      vertex -11.3283 0 37.6745
    endloop
  endfacet
  facet normal -0.609574 0 0.79273
    outer loop
      vertex -11.4958 0.7 37.5457
      vertex -11.3283 0 37.6745
      vertex -11.3283 0.7 37.6745
    endloop
  endfacet
  facet normal -0.609574 0 0.79273
    outer loop
      vertex -11.3283 0 37.6745
      vertex -11.4958 0.7 37.5457
      vertex -11.4958 0 37.5457
    endloop
  endfacet
  facet normal -0.687693 0 0.726002
    outer loop
      vertex -11.6512 0.7 37.3985
      vertex -11.4958 0 37.5457
      vertex -11.4958 0.7 37.5457
    endloop
  endfacet
  facet normal -0.687693 0 0.726002
    outer loop
      vertex -11.4958 0 37.5457
      vertex -11.6512 0.7 37.3985
      vertex -11.6512 0 37.3985
    endloop
  endfacet
  facet normal -0.759809 0 0.650146
    outer loop
      vertex -11.7923 0 37.2336
      vertex -11.6512 0.7 37.3985
      vertex -11.7923 0.7 37.2336
    endloop
  endfacet
  facet normal -0.759809 0 0.650146
    outer loop
      vertex -11.6512 0.7 37.3985
      vertex -11.7923 0 37.2336
      vertex -11.6512 0 37.3985
    endloop
  endfacet
  facet normal -0.825796 0 0.563969
    outer loop
      vertex -11.9168 0 37.0513
      vertex -11.7923 0.7 37.2336
      vertex -11.9168 0.7 37.0513
    endloop
  endfacet
  facet normal -0.825796 0 0.563969
    outer loop
      vertex -11.7923 0.7 37.2336
      vertex -11.9168 0 37.0513
      vertex -11.7923 0 37.2336
    endloop
  endfacet
  facet normal -0.879423 0 0.476042
    outer loop
      vertex -12.0249 0 36.8516
      vertex -11.9168 0.7 37.0513
      vertex -12.0249 0.7 36.8516
    endloop
  endfacet
  facet normal -0.879423 0 0.476042
    outer loop
      vertex -11.9168 0.7 37.0513
      vertex -12.0249 0 36.8516
      vertex -11.9168 0 37.0513
    endloop
  endfacet
  facet normal -0.921283 0 0.388892
    outer loop
      vertex -12.1165 0 36.6346
      vertex -12.0249 0.7 36.8516
      vertex -12.1165 0.7 36.6346
    endloop
  endfacet
  facet normal -0.921283 0 0.388892
    outer loop
      vertex -12.0249 0.7 36.8516
      vertex -12.1165 0 36.6346
      vertex -12.0249 0 36.8516
    endloop
  endfacet
  facet normal -0.954378 0 0.298601
    outer loop
      vertex -12.1894 0 36.4016
      vertex -12.1165 0.7 36.6346
      vertex -12.1894 0.7 36.4016
    endloop
  endfacet
  facet normal -0.954378 0 0.298601
    outer loop
      vertex -12.1165 0.7 36.6346
      vertex -12.1894 0 36.4016
      vertex -12.1165 0 36.6346
    endloop
  endfacet
  facet normal -0.978604 0 0.205752
    outer loop
      vertex -12.2415 0 36.1538
      vertex -12.1894 0.7 36.4016
      vertex -12.2415 0.7 36.1538
    endloop
  endfacet
  facet normal -0.978604 0 0.205752
    outer loop
      vertex -12.1894 0.7 36.4016
      vertex -12.2415 0 36.1538
      vertex -12.1894 0 36.4016
    endloop
  endfacet
  facet normal -0.993016 0 0.117982
    outer loop
      vertex -12.2727 0 35.8912
      vertex -12.2415 0.7 36.1538
      vertex -12.2727 0.7 35.8912
    endloop
  endfacet
  facet normal -0.993016 0 0.117982
    outer loop
      vertex -12.2415 0.7 36.1538
      vertex -12.2727 0 35.8912
      vertex -12.2415 0 36.1538
    endloop
  endfacet
  facet normal -0.999297 0 0.0374782
    outer loop
      vertex -12.2831 0 35.6139
      vertex -12.2727 0.7 35.8912
      vertex -12.2831 0.7 35.6139
    endloop
  endfacet
  facet normal -0.999297 0 0.0374782
    outer loop
      vertex -12.2727 0.7 35.8912
      vertex -12.2831 0 35.6139
      vertex -12.2727 0 35.8912
    endloop
  endfacet
  facet normal -0.999297 0 -0.0374782
    outer loop
      vertex -12.2727 0 35.3366
      vertex -12.2831 0.7 35.6139
      vertex -12.2727 0.7 35.3366
    endloop
  endfacet
  facet normal -0.999297 -0 -0.0374782
    outer loop
      vertex -12.2831 0.7 35.6139
      vertex -12.2727 0 35.3366
      vertex -12.2831 0 35.6139
    endloop
  endfacet
  facet normal -0.993016 0 -0.117982
    outer loop
      vertex -12.2415 0 35.074
      vertex -12.2727 0.7 35.3366
      vertex -12.2415 0.7 35.074
    endloop
  endfacet
  facet normal -0.993016 -0 -0.117982
    outer loop
      vertex -12.2727 0.7 35.3366
      vertex -12.2415 0 35.074
      vertex -12.2727 0 35.3366
    endloop
  endfacet
  facet normal -0.978604 0 -0.205752
    outer loop
      vertex -12.1894 0 34.8262
      vertex -12.2415 0.7 35.074
      vertex -12.1894 0.7 34.8262
    endloop
  endfacet
  facet normal -0.978604 -0 -0.205752
    outer loop
      vertex -12.2415 0.7 35.074
      vertex -12.1894 0 34.8262
      vertex -12.2415 0 35.074
    endloop
  endfacet
  facet normal -0.954414 0 -0.298485
    outer loop
      vertex -12.1165 0 34.5931
      vertex -12.1894 0.7 34.8262
      vertex -12.1165 0.7 34.5931
    endloop
  endfacet
  facet normal -0.954414 -0 -0.298485
    outer loop
      vertex -12.1894 0.7 34.8262
      vertex -12.1165 0 34.5931
      vertex -12.1894 0 34.8262
    endloop
  endfacet
  facet normal -0.921219 0 -0.389044
    outer loop
      vertex -12.0249 0 34.3762
      vertex -12.1165 0.7 34.5931
      vertex -12.0249 0.7 34.3762
    endloop
  endfacet
  facet normal -0.921219 -0 -0.389044
    outer loop
      vertex -12.1165 0.7 34.5931
      vertex -12.0249 0 34.3762
      vertex -12.1165 0 34.5931
    endloop
  endfacet
  facet normal -0.879423 0 -0.476042
    outer loop
      vertex -11.9168 0 34.1765
      vertex -12.0249 0.7 34.3762
      vertex -11.9168 0.7 34.1765
    endloop
  endfacet
  facet normal -0.879423 -0 -0.476042
    outer loop
      vertex -12.0249 0.7 34.3762
      vertex -11.9168 0 34.1765
      vertex -12.0249 0 34.3762
    endloop
  endfacet
  facet normal -0.825652 0 -0.56418
    outer loop
      vertex -11.7923 0 33.9943
      vertex -11.9168 0.7 34.1765
      vertex -11.7923 0.7 33.9943
    endloop
  endfacet
  facet normal -0.825652 -0 -0.56418
    outer loop
      vertex -11.9168 0.7 34.1765
      vertex -11.7923 0 33.9943
      vertex -11.9168 0 34.1765
    endloop
  endfacet
  facet normal -0.760004 0 -0.649918
    outer loop
      vertex -11.6512 0 33.8293
      vertex -11.7923 0.7 33.9943
      vertex -11.6512 0.7 33.8293
    endloop
  endfacet
  facet normal -0.760004 -0 -0.649918
    outer loop
      vertex -11.7923 0.7 33.9943
      vertex -11.6512 0 33.8293
      vertex -11.7923 0 33.9943
    endloop
  endfacet
  facet normal -0.68768 0 -0.726014
    outer loop
      vertex -11.6512 0 33.8293
      vertex -11.4959 0.7 33.6822
      vertex -11.4959 0 33.6822
    endloop
  endfacet
  facet normal -0.68768 0 -0.726014
    outer loop
      vertex -11.4959 0.7 33.6822
      vertex -11.6512 0 33.8293
      vertex -11.6512 0.7 33.8293
    endloop
  endfacet
  facet normal -0.6101 0 -0.792325
    outer loop
      vertex -11.4959 0 33.6822
      vertex -11.3285 0.7 33.5533
      vertex -11.3285 0 33.5533
    endloop
  endfacet
  facet normal -0.6101 0 -0.792325
    outer loop
      vertex -11.3285 0.7 33.5533
      vertex -11.4959 0 33.6822
      vertex -11.4959 0.7 33.6822
    endloop
  endfacet
  facet normal -0.524917 0 -0.851153
    outer loop
      vertex -11.3285 0 33.5533
      vertex -11.149 0.7 33.4426
      vertex -11.149 0 33.4426
    endloop
  endfacet
  facet normal -0.524917 0 -0.851153
    outer loop
      vertex -11.149 0.7 33.4426
      vertex -11.3285 0 33.5533
      vertex -11.3285 0.7 33.5533
    endloop
  endfacet
  facet normal -0.434946 0 -0.900456
    outer loop
      vertex -11.149 0 33.4426
      vertex -10.9575 0.7 33.3501
      vertex -10.9575 0 33.3501
    endloop
  endfacet
  facet normal -0.434946 0 -0.900456
    outer loop
      vertex -10.9575 0.7 33.3501
      vertex -11.149 0 33.4426
      vertex -11.149 0.7 33.4426
    endloop
  endfacet
  facet normal -0.339644 0 -0.940554
    outer loop
      vertex -10.9575 0 33.3501
      vertex -10.7559 0.7 33.2773
      vertex -10.7559 0 33.2773
    endloop
  endfacet
  facet normal -0.339644 0 -0.940554
    outer loop
      vertex -10.7559 0.7 33.2773
      vertex -10.9575 0 33.3501
      vertex -10.9575 0.7 33.3501
    endloop
  endfacet
  facet normal -0.241337 0 -0.970441
    outer loop
      vertex -10.7559 0 33.2773
      vertex -10.5464 0.7 33.2252
      vertex -10.5464 0 33.2252
    endloop
  endfacet
  facet normal -0.241337 0 -0.970441
    outer loop
      vertex -10.5464 0.7 33.2252
      vertex -10.7559 0 33.2773
      vertex -10.7559 0.7 33.2773
    endloop
  endfacet
  facet normal -0.142377 0 -0.989813
    outer loop
      vertex -10.5464 0 33.2252
      vertex -10.3288 0.7 33.1939
      vertex -10.3288 0 33.1939
    endloop
  endfacet
  facet normal -0.142377 0 -0.989813
    outer loop
      vertex -10.3288 0.7 33.1939
      vertex -10.5464 0 33.2252
      vertex -10.5464 0.7 33.2252
    endloop
  endfacet
  facet normal -0.0460708 0 -0.998938
    outer loop
      vertex -10.3288 0 33.1939
      vertex -10.1033 0.7 33.1835
      vertex -10.1033 0 33.1835
    endloop
  endfacet
  facet normal -0.0460708 0 -0.998938
    outer loop
      vertex -10.1033 0.7 33.1835
      vertex -10.3288 0 33.1939
      vertex -10.3288 0.7 33.1939
    endloop
  endfacet
  facet normal 0.0460687 0 -0.998938
    outer loop
      vertex -10.1033 0 33.1835
      vertex -9.87779 0.7 33.1939
      vertex -9.87779 0 33.1939
    endloop
  endfacet
  facet normal 0.0460687 0 -0.998938
    outer loop
      vertex -9.87779 0.7 33.1939
      vertex -10.1033 0 33.1835
      vertex -10.1033 0.7 33.1835
    endloop
  endfacet
  facet normal 0.142364 0 -0.989814
    outer loop
      vertex -9.87779 0 33.1939
      vertex -9.66017 0.7 33.2252
      vertex -9.66017 0 33.2252
    endloop
  endfacet
  facet normal 0.142364 0 -0.989814
    outer loop
      vertex -9.66017 0.7 33.2252
      vertex -9.87779 0 33.1939
      vertex -9.87779 0.7 33.1939
    endloop
  endfacet
  facet normal 0.241087 0 -0.970503
    outer loop
      vertex -9.66017 0 33.2252
      vertex -9.45044 0.7 33.2773
      vertex -9.45044 0 33.2773
    endloop
  endfacet
  facet normal 0.241087 0 -0.970503
    outer loop
      vertex -9.45044 0.7 33.2773
      vertex -9.66017 0 33.2252
      vertex -9.66017 0.7 33.2252
    endloop
  endfacet
  facet normal 0.339287 0 -0.940683
    outer loop
      vertex -9.45044 0 33.2773
      vertex -9.2486 0.7 33.3501
      vertex -9.2486 0 33.3501
    endloop
  endfacet
  facet normal 0.339287 0 -0.940683
    outer loop
      vertex -9.2486 0.7 33.3501
      vertex -9.45044 0 33.2773
      vertex -9.45044 0.7 33.2773
    endloop
  endfacet
  facet normal 0.434358 0 -0.90074
    outer loop
      vertex -9.2486 0 33.3501
      vertex -9.05678 0.7 33.4426
      vertex -9.05678 0 33.4426
    endloop
  endfacet
  facet normal 0.434358 0 -0.90074
    outer loop
      vertex -9.05678 0.7 33.4426
      vertex -9.2486 0 33.3501
      vertex -9.2486 0.7 33.3501
    endloop
  endfacet
  facet normal 0.524557 0 -0.851375
    outer loop
      vertex -9.05678 0 33.4426
      vertex -8.87711 0.7 33.5533
      vertex -8.87711 0 33.5533
    endloop
  endfacet
  facet normal 0.524557 0 -0.851375
    outer loop
      vertex -8.87711 0.7 33.5533
      vertex -9.05678 0 33.4426
      vertex -9.05678 0.7 33.4426
    endloop
  endfacet
  facet normal 0.609802 0 -0.792554
    outer loop
      vertex -8.87711 0 33.5533
      vertex -8.70958 0.7 33.6822
      vertex -8.70958 0 33.6822
    endloop
  endfacet
  facet normal 0.609802 0 -0.792554
    outer loop
      vertex -8.70958 0.7 33.6822
      vertex -8.87711 0 33.5533
      vertex -8.87711 0.7 33.5533
    endloop
  endfacet
  facet normal 0.687493 0 -0.726191
    outer loop
      vertex -8.70958 0 33.6822
      vertex -8.5542 0.7 33.8293
      vertex -8.5542 0 33.8293
    endloop
  endfacet
  facet normal 0.687493 0 -0.726191
    outer loop
      vertex -8.5542 0.7 33.8293
      vertex -8.70958 0 33.6822
      vertex -8.70958 0.7 33.6822
    endloop
  endfacet
  facet normal 0.760118 0 -0.649785
    outer loop
      vertex -8.41315 0 33.9943
      vertex -8.5542 0.7 33.8293
      vertex -8.41315 0.7 33.9943
    endloop
  endfacet
  facet normal 0.760118 0 -0.649785
    outer loop
      vertex -8.5542 0.7 33.8293
      vertex -8.41315 0 33.9943
      vertex -8.5542 0 33.8293
    endloop
  endfacet
  facet normal 0.825546 0 -0.564335
    outer loop
      vertex -8.2886 0 34.1765
      vertex -8.41315 0.7 33.9943
      vertex -8.2886 0.7 34.1765
    endloop
  endfacet
  facet normal 0.825546 0 -0.564335
    outer loop
      vertex -8.41315 0.7 33.9943
      vertex -8.2886 0 34.1765
      vertex -8.41315 0 33.9943
    endloop
  endfacet
  facet normal 0.879533 0 -0.475838
    outer loop
      vertex -8.18056 0 34.3762
      vertex -8.2886 0.7 34.1765
      vertex -8.18056 0.7 34.3762
    endloop
  endfacet
  facet normal 0.879533 0 -0.475838
    outer loop
      vertex -8.2886 0.7 34.1765
      vertex -8.18056 0 34.3762
      vertex -8.2886 0 34.1765
    endloop
  endfacet
  facet normal 0.92128 0 -0.3889
    outer loop
      vertex -8.089 0 34.5931
      vertex -8.18056 0.7 34.3762
      vertex -8.089 0.7 34.5931
    endloop
  endfacet
  facet normal 0.92128 0 -0.3889
    outer loop
      vertex -8.18056 0.7 34.3762
      vertex -8.089 0 34.5931
      vertex -8.18056 0 34.3762
    endloop
  endfacet
  facet normal 0.954379 0 -0.298597
    outer loop
      vertex -8.01607 0 34.8262
      vertex -8.089 0.7 34.5931
      vertex -8.01607 0.7 34.8262
    endloop
  endfacet
  facet normal 0.954379 0 -0.298597
    outer loop
      vertex -8.089 0.7 34.5931
      vertex -8.01607 0 34.8262
      vertex -8.089 0 34.5931
    endloop
  endfacet
  facet normal 0.978604 0 -0.205752
    outer loop
      vertex -7.96397 0 35.074
      vertex -8.01607 0.7 34.8262
      vertex -7.96397 0.7 35.074
    endloop
  endfacet
  facet normal 0.978604 0 -0.205752
    outer loop
      vertex -8.01607 0.7 34.8262
      vertex -7.96397 0 35.074
      vertex -8.01607 0 34.8262
    endloop
  endfacet
  facet normal 0.992994 0 -0.118169
    outer loop
      vertex -7.93272 0 35.3366
      vertex -7.96397 0.7 35.074
      vertex -7.93272 0.7 35.3366
    endloop
  endfacet
  facet normal 0.992994 0 -0.118169
    outer loop
      vertex -7.96397 0.7 35.074
      vertex -7.93272 0 35.3366
      vertex -7.96397 0 35.074
    endloop
  endfacet
  facet normal 0.999295 0 -0.0375501
    outer loop
      vertex -7.9223 0 35.6139
      vertex -7.93272 0.7 35.3366
      vertex -7.9223 0.7 35.6139
    endloop
  endfacet
  facet normal 0.999295 0 -0.0375501
    outer loop
      vertex -7.93272 0.7 35.3366
      vertex -7.9223 0 35.6139
      vertex -7.93272 0 35.3366
    endloop
  endfacet
  facet normal 0.999295 -0 0.0375501
    outer loop
      vertex -7.93272 0 35.8912
      vertex -7.9223 0.7 35.6139
      vertex -7.93272 0.7 35.8912
    endloop
  endfacet
  facet normal 0.999295 0 0.0375501
    outer loop
      vertex -7.9223 0.7 35.6139
      vertex -7.93272 0 35.8912
      vertex -7.9223 0 35.6139
    endloop
  endfacet
  facet normal 0.992994 -0 0.118169
    outer loop
      vertex -7.96397 0 36.1538
      vertex -7.93272 0.7 35.8912
      vertex -7.96397 0.7 36.1538
    endloop
  endfacet
  facet normal 0.992994 0 0.118169
    outer loop
      vertex -7.93272 0.7 35.8912
      vertex -7.96397 0 36.1538
      vertex -7.93272 0 35.8912
    endloop
  endfacet
  facet normal 0.978604 -0 0.205752
    outer loop
      vertex -8.01607 0 36.4016
      vertex -7.96397 0.7 36.1538
      vertex -8.01607 0.7 36.4016
    endloop
  endfacet
  facet normal 0.978604 0 0.205752
    outer loop
      vertex -7.96397 0.7 36.1538
      vertex -8.01607 0 36.4016
      vertex -7.96397 0 36.1538
    endloop
  endfacet
  facet normal 0.954343 -0 0.298713
    outer loop
      vertex -8.089 0 36.6346
      vertex -8.01607 0.7 36.4016
      vertex -8.089 0.7 36.6346
    endloop
  endfacet
  facet normal 0.954343 0 0.298713
    outer loop
      vertex -8.01607 0.7 36.4016
      vertex -8.089 0 36.6346
      vertex -8.01607 0 36.4016
    endloop
  endfacet
  facet normal 0.921344 -0 0.388748
    outer loop
      vertex -8.18056 0 36.8516
      vertex -8.089 0.7 36.6346
      vertex -8.18056 0.7 36.8516
    endloop
  endfacet
  facet normal 0.921344 0 0.388748
    outer loop
      vertex -8.089 0.7 36.6346
      vertex -8.18056 0 36.8516
      vertex -8.089 0 36.6346
    endloop
  endfacet
  facet normal 0.879533 -0 0.475838
    outer loop
      vertex -8.2886 0 37.0513
      vertex -8.18056 0.7 36.8516
      vertex -8.2886 0.7 37.0513
    endloop
  endfacet
  facet normal 0.879533 0 0.475838
    outer loop
      vertex -8.18056 0.7 36.8516
      vertex -8.2886 0 37.0513
      vertex -8.18056 0 36.8516
    endloop
  endfacet
  facet normal 0.82569 -0 0.564124
    outer loop
      vertex -8.41315 0 37.2336
      vertex -8.2886 0.7 37.0513
      vertex -8.41315 0.7 37.2336
    endloop
  endfacet
  facet normal 0.82569 0 0.564124
    outer loop
      vertex -8.2886 0.7 37.0513
      vertex -8.41315 0 37.2336
      vertex -8.2886 0 37.0513
    endloop
  endfacet
  facet normal 0.759923 -0 0.650013
    outer loop
      vertex -8.5542 0 37.3985
      vertex -8.41315 0.7 37.2336
      vertex -8.5542 0.7 37.3985
    endloop
  endfacet
  facet normal 0.759923 0 0.650013
    outer loop
      vertex -8.41315 0.7 37.2336
      vertex -8.5542 0 37.3985
      vertex -8.41315 0 37.2336
    endloop
  endfacet
  facet normal 0.687856 0 0.725847
    outer loop
      vertex -8.70953 0.7 37.5457
      vertex -8.5542 0 37.3985
      vertex -8.5542 0.7 37.3985
    endloop
  endfacet
  facet normal 0.687856 0 0.725847
    outer loop
      vertex -8.5542 0 37.3985
      vertex -8.70953 0.7 37.5457
      vertex -8.70953 0 37.5457
    endloop
  endfacet
  facet normal 0.609757 0 0.792589
    outer loop
      vertex -8.87695 0.7 37.6745
      vertex -8.70953 0 37.5457
      vertex -8.70953 0.7 37.5457
    endloop
  endfacet
  facet normal 0.609757 0 0.792589
    outer loop
      vertex -8.70953 0 37.5457
      vertex -8.87695 0.7 37.6745
      vertex -8.87695 0 37.6745
    endloop
  endfacet
  facet normal 0.524939 0 0.85114
    outer loop
      vertex -9.05644 0.7 37.7852
      vertex -8.87695 0 37.6745
      vertex -8.87695 0.7 37.6745
    endloop
  endfacet
  facet normal 0.524939 0 0.85114
    outer loop
      vertex -8.87695 0 37.6745
      vertex -9.05644 0.7 37.7852
      vertex -9.05644 0 37.7852
    endloop
  endfacet
  facet normal 0.434455 0 0.900694
    outer loop
      vertex -9.248 0.7 37.8776
      vertex -9.05644 0 37.7852
      vertex -9.05644 0.7 37.7852
    endloop
  endfacet
  facet normal 0.434455 0 0.900694
    outer loop
      vertex -9.05644 0 37.7852
      vertex -9.248 0.7 37.8776
      vertex -9.248 0 37.8776
    endloop
  endfacet
  facet normal 0.340147 0 0.940372
    outer loop
      vertex -9.44954 0.7 37.9505
      vertex -9.248 0 37.8776
      vertex -9.248 0.7 37.8776
    endloop
  endfacet
  facet normal 0.340147 0 0.940372
    outer loop
      vertex -9.248 0 37.8776
      vertex -9.44954 0.7 37.9505
      vertex -9.44954 0 37.9505
    endloop
  endfacet
  facet normal 0.241315 0 0.970447
    outer loop
      vertex -9.65906 0.7 38.0026
      vertex -9.44954 0 37.9505
      vertex -9.44954 0.7 37.9505
    endloop
  endfacet
  facet normal 0.241315 0 0.970447
    outer loop
      vertex -9.44954 0 37.9505
      vertex -9.65906 0.7 38.0026
      vertex -9.65906 0 38.0026
    endloop
  endfacet
  facet normal 0.142453 0 0.989801
    outer loop
      vertex -9.87654 0.7 38.0339
      vertex -9.65906 0 38.0026
      vertex -9.65906 0.7 38.0026
    endloop
  endfacet
  facet normal 0.142453 0 0.989801
    outer loop
      vertex -9.65906 0 38.0026
      vertex -9.87654 0.7 38.0339
      vertex -9.87654 0 38.0339
    endloop
  endfacet
  facet normal 0.0460789 0 0.998938
    outer loop
      vertex -10.102 0.7 38.0443
      vertex -9.87654 0 38.0339
      vertex -9.87654 0.7 38.0339
    endloop
  endfacet
  facet normal 0.0460789 0 0.998938
    outer loop
      vertex -9.87654 0 38.0339
      vertex -10.102 0.7 38.0443
      vertex -10.102 0 38.0443
    endloop
  endfacet
  facet normal -0.0460504 0 0.998939
    outer loop
      vertex -10.3276 0.7 38.0339
      vertex -10.102 0 38.0443
      vertex -10.102 0.7 38.0443
    endloop
  endfacet
  facet normal -0.0460504 0 0.998939
    outer loop
      vertex -10.102 0 38.0443
      vertex -10.3276 0.7 38.0339
      vertex -10.3276 0 38.0339
    endloop
  endfacet
  facet normal -0.141972 0 -0.989871
    outer loop
      vertex 12.5089 0 40.6657
      vertex 13.1629 0.7 40.5719
      vertex 13.1629 0 40.5719
    endloop
  endfacet
  facet normal -0.141972 0 -0.989871
    outer loop
      vertex 13.1629 0.7 40.5719
      vertex 12.5089 0 40.6657
      vertex 12.5089 0.7 40.6657
    endloop
  endfacet
  facet normal -0.246809 0 -0.969064
    outer loop
      vertex 13.1629 0 40.5719
      vertex 13.7762 0.7 40.4157
      vertex 13.7762 0 40.4157
    endloop
  endfacet
  facet normal -0.246809 0 -0.969064
    outer loop
      vertex 13.7762 0.7 40.4157
      vertex 13.1629 0 40.5719
      vertex 13.1629 0.7 40.5719
    endloop
  endfacet
  facet normal -0.357054 0 -0.934084
    outer loop
      vertex 13.7762 0 40.4157
      vertex 14.3486 0.7 40.1969
      vertex 14.3486 0 40.1969
    endloop
  endfacet
  facet normal -0.357054 0 -0.934084
    outer loop
      vertex 14.3486 0.7 40.1969
      vertex 13.7762 0 40.4157
      vertex 13.7762 0.7 40.4157
    endloop
  endfacet
  facet normal -0.465353 0 -0.885125
    outer loop
      vertex 14.3486 0 40.1969
      vertex 14.8768 0.7 39.9192
      vertex 14.8768 0 39.9192
    endloop
  endfacet
  facet normal -0.465353 0 -0.885125
    outer loop
      vertex 14.8768 0.7 39.9192
      vertex 14.3486 0 40.1969
      vertex 14.3486 0.7 40.1969
    endloop
  endfacet
  facet normal -0.570037 0 -0.821619
    outer loop
      vertex 14.8768 0 39.9192
      vertex 15.3572 0.7 39.5859
      vertex 15.3572 0 39.5859
    endloop
  endfacet
  facet normal -0.570037 0 -0.821619
    outer loop
      vertex 15.3572 0.7 39.5859
      vertex 14.8768 0 39.9192
      vertex 14.8768 0.7 39.9192
    endloop
  endfacet
  facet normal -0.668461 0 -0.743747
    outer loop
      vertex 15.3572 0 39.5859
      vertex 15.7899 0.7 39.197
      vertex 15.7899 0 39.197
    endloop
  endfacet
  facet normal -0.668461 0 -0.743747
    outer loop
      vertex 15.7899 0.7 39.197
      vertex 15.3572 0 39.5859
      vertex 15.3572 0.7 39.5859
    endloop
  endfacet
  facet normal -0.755813 0 -0.654788
    outer loop
      vertex 16.1749 0 38.7526
      vertex 15.7899 0.7 39.197
      vertex 16.1749 0.7 38.7526
    endloop
  endfacet
  facet normal -0.755813 -0 -0.654788
    outer loop
      vertex 15.7899 0.7 39.197
      vertex 16.1749 0 38.7526
      vertex 15.7899 0 39.197
    endloop
  endfacet
  facet normal -0.665918 0 0.746025
    outer loop
      vertex 14.1056 0.7 36.9055
      vertex 16.1749 0 38.7526
      vertex 16.1749 0.7 38.7526
    endloop
  endfacet
  facet normal -0.665918 0 0.746025
    outer loop
      vertex 16.1749 0 38.7526
      vertex 14.1056 0.7 36.9055
      vertex 14.1056 0 36.9055
    endloop
  endfacet
  facet normal 0.756597 -0 0.653882
    outer loop
      vertex 13.8847 0 37.1611
      vertex 14.1056 0.7 36.9055
      vertex 13.8847 0.7 37.1611
    endloop
  endfacet
  facet normal 0.756597 0 0.653882
    outer loop
      vertex 14.1056 0.7 36.9055
      vertex 13.8847 0 37.1611
      vertex 14.1056 0 36.9055
    endloop
  endfacet
  facet normal 0.696363 0 0.71769
    outer loop
      vertex 13.6525 0.7 37.3864
      vertex 13.8847 0 37.1611
      vertex 13.8847 0.7 37.1611
    endloop
  endfacet
  facet normal 0.696363 0 0.71769
    outer loop
      vertex 13.8847 0 37.1611
      vertex 13.6525 0.7 37.3864
      vertex 13.6525 0 37.3864
    endloop
  endfacet
  facet normal 0.624852 0 0.780744
    outer loop
      vertex 13.4091 0.7 37.5812
      vertex 13.6525 0 37.3864
      vertex 13.6525 0.7 37.3864
    endloop
  endfacet
  facet normal 0.624852 0 0.780744
    outer loop
      vertex 13.6525 0 37.3864
      vertex 13.4091 0.7 37.5812
      vertex 13.4091 0 37.5812
    endloop
  endfacet
  facet normal 0.54239 0 0.840127
    outer loop
      vertex 13.1543 0.7 37.7457
      vertex 13.4091 0 37.5812
      vertex 13.4091 0.7 37.5812
    endloop
  endfacet
  facet normal 0.54239 0 0.840127
    outer loop
      vertex 13.4091 0 37.5812
      vertex 13.1543 0.7 37.7457
      vertex 13.1543 0 37.7457
    endloop
  endfacet
  facet normal 0.437546 0 0.899196
    outer loop
      vertex 12.8857 0.7 37.8764
      vertex 13.1543 0 37.7457
      vertex 13.1543 0.7 37.7457
    endloop
  endfacet
  facet normal 0.437546 0 0.899196
    outer loop
      vertex 13.1543 0 37.7457
      vertex 12.8857 0.7 37.8764
      vertex 12.8857 0 37.8764
    endloop
  endfacet
  facet normal 0.310924 0 0.950435
    outer loop
      vertex 12.6005 0.7 37.9697
      vertex 12.8857 0 37.8764
      vertex 12.8857 0.7 37.8764
    endloop
  endfacet
  facet normal 0.310924 0 0.950435
    outer loop
      vertex 12.8857 0 37.8764
      vertex 12.6005 0.7 37.9697
      vertex 12.6005 0 37.9697
    endloop
  endfacet
  facet normal 0.182556 0 0.983195
    outer loop
      vertex 12.2989 0.7 38.0257
      vertex 12.6005 0 37.9697
      vertex 12.6005 0.7 37.9697
    endloop
  endfacet
  facet normal 0.182556 0 0.983195
    outer loop
      vertex 12.6005 0 37.9697
      vertex 12.2989 0.7 38.0257
      vertex 12.2989 0 38.0257
    endloop
  endfacet
  facet normal 0.0583542 0 0.998296
    outer loop
      vertex 11.9807 0.7 38.0443
      vertex 12.2989 0 38.0257
      vertex 12.2989 0.7 38.0257
    endloop
  endfacet
  facet normal 0.0583542 0 0.998296
    outer loop
      vertex 12.2989 0 38.0257
      vertex 11.9807 0.7 38.0443
      vertex 11.9807 0 38.0443
    endloop
  endfacet
  facet normal -0.0414317 0 0.999141
    outer loop
      vertex 11.7299 0.7 38.0339
      vertex 11.9807 0 38.0443
      vertex 11.9807 0.7 38.0443
    endloop
  endfacet
  facet normal -0.0414317 0 0.999141
    outer loop
      vertex 11.9807 0 38.0443
      vertex 11.7299 0.7 38.0339
      vertex 11.7299 0 38.0339
    endloop
  endfacet
  facet normal -0.130014 0 0.991512
    outer loop
      vertex 11.4912 0.7 38.0026
      vertex 11.7299 0 38.0339
      vertex 11.7299 0.7 38.0339
    endloop
  endfacet
  facet normal -0.130014 0 0.991512
    outer loop
      vertex 11.7299 0 38.0339
      vertex 11.4912 0.7 38.0026
      vertex 11.4912 0 38.0026
    endloop
  endfacet
  facet normal -0.224074 0 0.974572
    outer loop
      vertex 11.2646 0.7 37.9505
      vertex 11.4912 0 38.0026
      vertex 11.4912 0.7 38.0026
    endloop
  endfacet
  facet normal -0.224074 0 0.974572
    outer loop
      vertex 11.4912 0 38.0026
      vertex 11.2646 0.7 37.9505
      vertex 11.2646 0 37.9505
    endloop
  endfacet
  facet normal -0.321919 0 0.946767
    outer loop
      vertex 11.0502 0.7 37.8776
      vertex 11.2646 0 37.9505
      vertex 11.2646 0.7 37.9505
    endloop
  endfacet
  facet normal -0.321919 0 0.946767
    outer loop
      vertex 11.2646 0 37.9505
      vertex 11.0502 0.7 37.8776
      vertex 11.0502 0 37.8776
    endloop
  endfacet
  facet normal -0.419345 0 0.907827
    outer loop
      vertex 10.8493 0.7 37.7848
      vertex 11.0502 0 37.8776
      vertex 11.0502 0.7 37.8776
    endloop
  endfacet
  facet normal -0.419345 0 0.907827
    outer loop
      vertex 11.0502 0 37.8776
      vertex 10.8493 0.7 37.7848
      vertex 10.8493 0 37.7848
    endloop
  endfacet
  facet normal -0.515443 0 0.856924
    outer loop
      vertex 10.6631 0.7 37.6728
      vertex 10.8493 0 37.7848
      vertex 10.8493 0.7 37.7848
    endloop
  endfacet
  facet normal -0.515443 0 0.856924
    outer loop
      vertex 10.8493 0 37.7848
      vertex 10.6631 0.7 37.6728
      vertex 10.6631 0 37.6728
    endloop
  endfacet
  facet normal -0.607536 0 0.794292
    outer loop
      vertex 10.4917 0.7 37.5417
      vertex 10.6631 0 37.6728
      vertex 10.6631 0.7 37.6728
    endloop
  endfacet
  facet normal -0.607536 0 0.794292
    outer loop
      vertex 10.6631 0 37.6728
      vertex 10.4917 0.7 37.5417
      vertex 10.4917 0 37.5417
    endloop
  endfacet
  facet normal -0.691975 0 0.721921
    outer loop
      vertex 10.335 0.7 37.3915
      vertex 10.4917 0 37.5417
      vertex 10.4917 0.7 37.5417
    endloop
  endfacet
  facet normal -0.691975 0 0.721921
    outer loop
      vertex 10.4917 0 37.5417
      vertex 10.335 0.7 37.3915
      vertex 10.335 0 37.3915
    endloop
  endfacet
  facet normal -0.765786 0 0.643096
    outer loop
      vertex 10.194 0 37.2236
      vertex 10.335 0.7 37.3915
      vertex 10.194 0.7 37.2236
    endloop
  endfacet
  facet normal -0.765786 0 0.643096
    outer loop
      vertex 10.335 0.7 37.3915
      vertex 10.194 0 37.2236
      vertex 10.335 0 37.3915
    endloop
  endfacet
  facet normal -0.828718 0 0.559666
    outer loop
      vertex 10.0694 0 37.0391
      vertex 10.194 0.7 37.2236
      vertex 10.0694 0.7 37.0391
    endloop
  endfacet
  facet normal -0.828718 0 0.559666
    outer loop
      vertex 10.194 0.7 37.2236
      vertex 10.0694 0 37.0391
      vertex 10.194 0 37.2236
    endloop
  endfacet
  facet normal -0.880612 0 0.473838
    outer loop
      vertex 9.9613 0 36.8382
      vertex 10.0694 0.7 37.0391
      vertex 9.9613 0.7 36.8382
    endloop
  endfacet
  facet normal -0.880612 0 0.473838
    outer loop
      vertex 10.0694 0.7 37.0391
      vertex 9.9613 0 36.8382
      vertex 10.0694 0 37.0391
    endloop
  endfacet
  facet normal -0.921619 0 0.388097
    outer loop
      vertex 9.86971 0 36.6207
      vertex 9.9613 0.7 36.8382
      vertex 9.86971 0.7 36.6207
    endloop
  endfacet
  facet normal -0.921619 0 0.388097
    outer loop
      vertex 9.9613 0.7 36.8382
      vertex 9.86971 0 36.6207
      vertex 9.9613 0 36.8382
    endloop
  endfacet
  facet normal -0.954108 0 0.299463
    outer loop
      vertex 9.79683 0 36.3885
      vertex 9.86971 0.7 36.6207
      vertex 9.79683 0.7 36.3885
    endloop
  endfacet
  facet normal -0.954108 0 0.299463
    outer loop
      vertex 9.86971 0.7 36.6207
      vertex 9.79683 0 36.3885
      vertex 9.86971 0 36.6207
    endloop
  endfacet
  facet normal -0.978178 0 0.207768
    outer loop
      vertex 9.74477 0 36.1434
      vertex 9.79683 0.7 36.3885
      vertex 9.74477 0.7 36.1434
    endloop
  endfacet
  facet normal -0.978178 0 0.207768
    outer loop
      vertex 9.79683 0.7 36.3885
      vertex 9.74477 0 36.1434
      vertex 9.79683 0 36.3885
    endloop
  endfacet
  facet normal -0.99276 0 0.120115
    outer loop
      vertex 9.71353 0 35.8852
      vertex 9.74477 0.7 36.1434
      vertex 9.71353 0.7 35.8852
    endloop
  endfacet
  facet normal -0.99276 0 0.120115
    outer loop
      vertex 9.74477 0.7 36.1434
      vertex 9.71353 0 35.8852
      vertex 9.74477 0 36.1434
    endloop
  endfacet
  facet normal -0.999263 0 0.0383794
    outer loop
      vertex 9.70311 0 35.6139
      vertex 9.71353 0.7 35.8852
      vertex 9.70311 0.7 35.6139
    endloop
  endfacet
  facet normal -0.999263 0 0.0383794
    outer loop
      vertex 9.71353 0.7 35.8852
      vertex 9.70311 0 35.6139
      vertex 9.71353 0 35.8852
    endloop
  endfacet
  facet normal -0.999263 0 -0.0383935
    outer loop
      vertex 9.71353 0 35.3427
      vertex 9.70311 0.7 35.6139
      vertex 9.71353 0.7 35.3427
    endloop
  endfacet
  facet normal -0.999263 -0 -0.0383935
    outer loop
      vertex 9.70311 0.7 35.6139
      vertex 9.71353 0 35.3427
      vertex 9.70311 0 35.6139
    endloop
  endfacet
  facet normal -0.99276 0 -0.120115
    outer loop
      vertex 9.74477 0 35.0845
      vertex 9.71353 0.7 35.3427
      vertex 9.74477 0.7 35.0845
    endloop
  endfacet
  facet normal -0.99276 -0 -0.120115
    outer loop
      vertex 9.71353 0.7 35.3427
      vertex 9.74477 0 35.0845
      vertex 9.71353 0 35.3427
    endloop
  endfacet
  facet normal -0.978213 0 -0.207606
    outer loop
      vertex 9.79683 0 34.8392
      vertex 9.74477 0.7 35.0845
      vertex 9.79683 0.7 34.8392
    endloop
  endfacet
  facet normal -0.978213 -0 -0.207606
    outer loop
      vertex 9.74477 0.7 35.0845
      vertex 9.79683 0 34.8392
      vertex 9.74477 0 35.0845
    endloop
  endfacet
  facet normal -0.954108 0 -0.299463
    outer loop
      vertex 9.86971 0 34.607
      vertex 9.79683 0.7 34.8392
      vertex 9.86971 0.7 34.607
    endloop
  endfacet
  facet normal -0.954108 -0 -0.299463
    outer loop
      vertex 9.79683 0.7 34.8392
      vertex 9.86971 0 34.607
      vertex 9.79683 0 34.8392
    endloop
  endfacet
  facet normal -0.921555 0 -0.388248
    outer loop
      vertex 9.9613 0 34.3896
      vertex 9.86971 0.7 34.607
      vertex 9.9613 0.7 34.3896
    endloop
  endfacet
  facet normal -0.921555 -0 -0.388248
    outer loop
      vertex 9.86971 0.7 34.607
      vertex 9.9613 0 34.3896
      vertex 9.86971 0 34.607
    endloop
  endfacet
  facet normal -0.880612 0 -0.473838
    outer loop
      vertex 10.0694 0 34.1887
      vertex 9.9613 0.7 34.3896
      vertex 10.0694 0.7 34.1887
    endloop
  endfacet
  facet normal -0.880612 -0 -0.473838
    outer loop
      vertex 9.9613 0.7 34.3896
      vertex 10.0694 0 34.1887
      vertex 9.9613 0 34.3896
    endloop
  endfacet
  facet normal -0.828718 0 -0.559666
    outer loop
      vertex 10.194 0 34.0042
      vertex 10.0694 0.7 34.1887
      vertex 10.194 0.7 34.0042
    endloop
  endfacet
  facet normal -0.828718 -0 -0.559666
    outer loop
      vertex 10.0694 0.7 34.1887
      vertex 10.194 0 34.0042
      vertex 10.0694 0 34.1887
    endloop
  endfacet
  facet normal -0.765974 0 -0.642871
    outer loop
      vertex 10.335 0 33.8362
      vertex 10.194 0.7 34.0042
      vertex 10.335 0.7 33.8362
    endloop
  endfacet
  facet normal -0.765974 -0 -0.642871
    outer loop
      vertex 10.194 0.7 34.0042
      vertex 10.335 0 33.8362
      vertex 10.194 0 34.0042
    endloop
  endfacet
  facet normal -0.691735 0 -0.722151
    outer loop
      vertex 10.335 0 33.8362
      vertex 10.4917 0.7 33.6861
      vertex 10.4917 0 33.6861
    endloop
  endfacet
  facet normal -0.691735 0 -0.722151
    outer loop
      vertex 10.4917 0.7 33.6861
      vertex 10.335 0 33.8362
      vertex 10.335 0.7 33.8362
    endloop
  endfacet
  facet normal -0.607536 0 -0.794292
    outer loop
      vertex 10.4917 0 33.6861
      vertex 10.6631 0.7 33.555
      vertex 10.6631 0 33.555
    endloop
  endfacet
  facet normal -0.607536 0 -0.794292
    outer loop
      vertex 10.6631 0.7 33.555
      vertex 10.4917 0 33.6861
      vertex 10.4917 0.7 33.6861
    endloop
  endfacet
  facet normal -0.515443 0 -0.856924
    outer loop
      vertex 10.6631 0 33.555
      vertex 10.8493 0.7 33.443
      vertex 10.8493 0 33.443
    endloop
  endfacet
  facet normal -0.515443 0 -0.856924
    outer loop
      vertex 10.8493 0.7 33.443
      vertex 10.6631 0 33.555
      vertex 10.6631 0.7 33.555
    endloop
  endfacet
  facet normal -0.419717 0 -0.907655
    outer loop
      vertex 10.8493 0 33.443
      vertex 11.0502 0.7 33.3501
      vertex 11.0502 0 33.3501
    endloop
  endfacet
  facet normal -0.419717 0 -0.907655
    outer loop
      vertex 11.0502 0.7 33.3501
      vertex 10.8493 0 33.443
      vertex 10.8493 0.7 33.443
    endloop
  endfacet
  facet normal -0.321523 0 -0.946902
    outer loop
      vertex 11.0502 0 33.3501
      vertex 11.2646 0.7 33.2773
      vertex 11.2646 0 33.2773
    endloop
  endfacet
  facet normal -0.321523 0 -0.946902
    outer loop
      vertex 11.2646 0.7 33.2773
      vertex 11.0502 0 33.3501
      vertex 11.0502 0.7 33.3501
    endloop
  endfacet
  facet normal -0.224074 0 -0.974572
    outer loop
      vertex 11.2646 0 33.2773
      vertex 11.4912 0.7 33.2252
      vertex 11.4912 0 33.2252
    endloop
  endfacet
  facet normal -0.224074 0 -0.974572
    outer loop
      vertex 11.4912 0.7 33.2252
      vertex 11.2646 0 33.2773
      vertex 11.2646 0.7 33.2773
    endloop
  endfacet
  facet normal -0.130014 0 -0.991512
    outer loop
      vertex 11.4912 0 33.2252
      vertex 11.7299 0.7 33.1939
      vertex 11.7299 0 33.1939
    endloop
  endfacet
  facet normal -0.130014 0 -0.991512
    outer loop
      vertex 11.7299 0.7 33.1939
      vertex 11.4912 0 33.2252
      vertex 11.4912 0.7 33.2252
    endloop
  endfacet
  facet normal -0.0414317 0 -0.999141
    outer loop
      vertex 11.7299 0 33.1939
      vertex 11.9807 0.7 33.1835
      vertex 11.9807 0 33.1835
    endloop
  endfacet
  facet normal -0.0414317 0 -0.999141
    outer loop
      vertex 11.9807 0.7 33.1835
      vertex 11.7299 0 33.1939
      vertex 11.7299 0.7 33.1939
    endloop
  endfacet
  facet normal 0.0586668 0 -0.998278
    outer loop
      vertex 11.9807 0 33.1835
      vertex 12.2989 0.7 33.2022
      vertex 12.2989 0 33.2022
    endloop
  endfacet
  facet normal 0.0586668 0 -0.998278
    outer loop
      vertex 12.2989 0.7 33.2022
      vertex 11.9807 0 33.1835
      vertex 11.9807 0.7 33.1835
    endloop
  endfacet
  facet normal 0.182556 0 -0.983195
    outer loop
      vertex 12.2989 0 33.2022
      vertex 12.6005 0.7 33.2582
      vertex 12.6005 0 33.2582
    endloop
  endfacet
  facet normal 0.182556 0 -0.983195
    outer loop
      vertex 12.6005 0.7 33.2582
      vertex 12.2989 0 33.2022
      vertex 12.2989 0.7 33.2022
    endloop
  endfacet
  facet normal 0.310924 0 -0.950435
    outer loop
      vertex 12.6005 0 33.2582
      vertex 12.8857 0.7 33.3515
      vertex 12.8857 0 33.3515
    endloop
  endfacet
  facet normal 0.310924 0 -0.950435
    outer loop
      vertex 12.8857 0.7 33.3515
      vertex 12.6005 0 33.2582
      vertex 12.6005 0.7 33.2582
    endloop
  endfacet
  facet normal 0.437275 0 -0.899328
    outer loop
      vertex 12.8857 0 33.3515
      vertex 13.1543 0.7 33.4821
      vertex 13.1543 0 33.4821
    endloop
  endfacet
  facet normal 0.437275 0 -0.899328
    outer loop
      vertex 13.1543 0.7 33.4821
      vertex 12.8857 0 33.3515
      vertex 12.8857 0.7 33.3515
    endloop
  endfacet
  facet normal 0.54239 0 -0.840127
    outer loop
      vertex 13.1543 0 33.4821
      vertex 13.4091 0.7 33.6466
      vertex 13.4091 0 33.6466
    endloop
  endfacet
  facet normal 0.54239 0 -0.840127
    outer loop
      vertex 13.4091 0.7 33.6466
      vertex 13.1543 0 33.4821
      vertex 13.1543 0.7 33.4821
    endloop
  endfacet
  facet normal 0.625047 0 -0.780587
    outer loop
      vertex 13.4091 0 33.6466
      vertex 13.6525 0.7 33.8415
      vertex 13.6525 0 33.8415
    endloop
  endfacet
  facet normal 0.625047 0 -0.780587
    outer loop
      vertex 13.6525 0.7 33.8415
      vertex 13.4091 0 33.6466
      vertex 13.4091 0.7 33.6466
    endloop
  endfacet
  facet normal 0.696204 0 -0.717844
    outer loop
      vertex 13.6525 0 33.8415
      vertex 13.8847 0.7 34.0667
      vertex 13.8847 0 34.0667
    endloop
  endfacet
  facet normal 0.696204 0 -0.717844
    outer loop
      vertex 13.8847 0.7 34.0667
      vertex 13.6525 0 33.8415
      vertex 13.6525 0.7 33.8415
    endloop
  endfacet
  facet normal 0.756597 0 -0.653882
    outer loop
      vertex 14.1056 0 34.3223
      vertex 13.8847 0.7 34.0667
      vertex 14.1056 0.7 34.3223
    endloop
  endfacet
  facet normal 0.756597 0 -0.653882
    outer loop
      vertex 13.8847 0.7 34.0667
      vertex 14.1056 0 34.3223
      vertex 13.8847 0 34.0667
    endloop
  endfacet
  facet normal -0.665918 0 -0.746025
    outer loop
      vertex 14.1056 0 34.3223
      vertex 16.1749 0.7 32.4752
      vertex 16.1749 0 32.4752
    endloop
  endfacet
  facet normal -0.665918 0 -0.746025
    outer loop
      vertex 16.1749 0.7 32.4752
      vertex 14.1056 0 34.3223
      vertex 14.1056 0.7 34.3223
    endloop
  endfacet
  facet normal -0.75161 0 0.659608
    outer loop
      vertex 15.7899 0 32.0365
      vertex 16.1749 0.7 32.4752
      vertex 15.7899 0.7 32.0365
    endloop
  endfacet
  facet normal -0.75161 0 0.659608
    outer loop
      vertex 16.1749 0.7 32.4752
      vertex 15.7899 0 32.0365
      vertex 16.1749 0 32.4752
    endloop
  endfacet
  facet normal -0.665594 0 0.746314
    outer loop
      vertex 15.3572 0.7 31.6506
      vertex 15.7899 0 32.0365
      vertex 15.7899 0.7 32.0365
    endloop
  endfacet
  facet normal -0.665594 0 0.746314
    outer loop
      vertex 15.7899 0 32.0365
      vertex 15.3572 0.7 31.6506
      vertex 15.3572 0 31.6506
    endloop
  endfacet
  facet normal -0.569459 0 0.82202
    outer loop
      vertex 14.8768 0.7 31.3178
      vertex 15.3572 0 31.6506
      vertex 15.3572 0.7 31.6506
    endloop
  endfacet
  facet normal -0.569459 0 0.82202
    outer loop
      vertex 15.3572 0 31.6506
      vertex 14.8768 0.7 31.3178
      vertex 14.8768 0 31.3178
    endloop
  endfacet
  facet normal -0.468364 0 0.883536
    outer loop
      vertex 14.3486 0.7 31.0378
      vertex 14.8768 0 31.3178
      vertex 14.8768 0.7 31.3178
    endloop
  endfacet
  facet normal -0.468364 0 0.883536
    outer loop
      vertex 14.8768 0 31.3178
      vertex 14.3486 0.7 31.0378
      vertex 14.3486 0 31.0378
    endloop
  endfacet
  facet normal -0.361172 0 0.932499
    outer loop
      vertex 13.7762 0.7 30.8161
      vertex 14.3486 0 31.0378
      vertex 14.3486 0.7 31.0378
    endloop
  endfacet
  facet normal -0.361172 0 0.932499
    outer loop
      vertex 14.3486 0 31.0378
      vertex 13.7762 0.7 30.8161
      vertex 13.7762 0 30.8161
    endloop
  endfacet
  facet normal -0.250069 0 0.968228
    outer loop
      vertex 13.1629 0.7 30.6577
      vertex 13.7762 0 30.8161
      vertex 13.7762 0.7 30.8161
    endloop
  endfacet
  facet normal -0.250069 0 0.968228
    outer loop
      vertex 13.7762 0 30.8161
      vertex 13.1629 0.7 30.6577
      vertex 13.1629 0 30.6577
    endloop
  endfacet
  facet normal -0.143899 0 0.989592
    outer loop
      vertex 12.5089 0.7 30.5626
      vertex 13.1629 0 30.6577
      vertex 13.1629 0.7 30.6577
    endloop
  endfacet
  facet normal -0.143899 0 0.989592
    outer loop
      vertex 13.1629 0 30.6577
      vertex 12.5089 0.7 30.5626
      vertex 12.5089 0 30.5626
    endloop
  endfacet
  facet normal -0.0455772 0 0.998961
    outer loop
      vertex 11.8141 0.7 30.5309
      vertex 12.5089 0 30.5626
      vertex 12.5089 0.7 30.5626
    endloop
  endfacet
  facet normal -0.0455772 0 0.998961
    outer loop
      vertex 12.5089 0 30.5626
      vertex 11.8141 0.7 30.5309
      vertex 11.8141 0 30.5309
    endloop
  endfacet
  facet normal 0.0401493 0 0.999194
    outer loop
      vertex 11.2417 0.7 30.5539
      vertex 11.8141 0 30.5309
      vertex 11.8141 0.7 30.5309
    endloop
  endfacet
  facet normal 0.0401493 0 0.999194
    outer loop
      vertex 11.8141 0 30.5309
      vertex 11.2417 0.7 30.5539
      vertex 11.2417 0 30.5539
    endloop
  endfacet
  facet normal 0.124301 0 0.992245
    outer loop
      vertex 10.6909 0.7 30.6229
      vertex 11.2417 0 30.5539
      vertex 11.2417 0.7 30.5539
    endloop
  endfacet
  facet normal 0.124301 0 0.992245
    outer loop
      vertex 11.2417 0 30.5539
      vertex 10.6909 0.7 30.6229
      vertex 10.6909 0 30.6229
    endloop
  endfacet
  facet normal 0.21243 0 0.977176
    outer loop
      vertex 10.1619 0.7 30.7379
      vertex 10.6909 0 30.6229
      vertex 10.6909 0.7 30.6229
    endloop
  endfacet
  facet normal 0.21243 0 0.977176
    outer loop
      vertex 10.6909 0 30.6229
      vertex 10.1619 0.7 30.7379
      vertex 10.1619 0 30.7379
    endloop
  endfacet
  facet normal 0.302449 0 0.953166
    outer loop
      vertex 9.65451 0.7 30.8989
      vertex 10.1619 0 30.7379
      vertex 10.1619 0.7 30.7379
    endloop
  endfacet
  facet normal 0.302449 0 0.953166
    outer loop
      vertex 10.1619 0 30.7379
      vertex 9.65451 0.7 30.8989
      vertex 9.65451 0 30.8989
    endloop
  endfacet
  facet normal 0.390484 0 0.92061
    outer loop
      vertex 9.1745 0.7 31.1025
      vertex 9.65451 0 30.8989
      vertex 9.65451 0.7 30.8989
    endloop
  endfacet
  facet normal 0.390484 0 0.92061
    outer loop
      vertex 9.65451 0 30.8989
      vertex 9.1745 0.7 31.1025
      vertex 9.1745 0 31.1025
    endloop
  endfacet
  facet normal 0.476997 0 0.878905
    outer loop
      vertex 8.72749 0.7 31.3451
      vertex 9.1745 0 31.1025
      vertex 9.1745 0.7 31.1025
    endloop
  endfacet
  facet normal 0.476997 0 0.878905
    outer loop
      vertex 9.1745 0 31.1025
      vertex 8.72749 0.7 31.3451
      vertex 8.72749 0 31.3451
    endloop
  endfacet
  facet normal 0.562528 0 0.826778
    outer loop
      vertex 8.31346 0.7 31.6268
      vertex 8.72749 0 31.3451
      vertex 8.72749 0.7 31.3451
    endloop
  endfacet
  facet normal 0.562528 0 0.826778
    outer loop
      vertex 8.72749 0 31.3451
      vertex 8.31346 0.7 31.6268
      vertex 8.31346 0 31.6268
    endloop
  endfacet
  facet normal 0.643929 0 0.765085
    outer loop
      vertex 7.93242 0.7 31.9475
      vertex 8.31346 0 31.6268
      vertex 8.31346 0.7 31.6268
    endloop
  endfacet
  facet normal 0.643929 0 0.765085
    outer loop
      vertex 8.31346 0 31.6268
      vertex 7.93242 0.7 31.9475
      vertex 7.93242 0 31.9475
    endloop
  endfacet
  facet normal 0.718864 -0 0.695151
    outer loop
      vertex 7.58826 0 32.3034
      vertex 7.93242 0.7 31.9475
      vertex 7.58826 0.7 32.3034
    endloop
  endfacet
  facet normal 0.718864 0 0.695151
    outer loop
      vertex 7.93242 0.7 31.9475
      vertex 7.58826 0 32.3034
      vertex 7.93242 0 31.9475
    endloop
  endfacet
  facet normal 0.787078 -0 0.616853
    outer loop
      vertex 7.28488 0 32.6905
      vertex 7.58826 0.7 32.3034
      vertex 7.28488 0.7 32.6905
    endloop
  endfacet
  facet normal 0.787078 0 0.616853
    outer loop
      vertex 7.58826 0.7 32.3034
      vertex 7.28488 0 32.6905
      vertex 7.58826 0 32.3034
    endloop
  endfacet
  facet normal 0.847023 -0 0.531556
    outer loop
      vertex 7.02231 0 33.1089
      vertex 7.28488 0.7 32.6905
      vertex 7.02231 0.7 33.1089
    endloop
  endfacet
  facet normal 0.847023 0 0.531556
    outer loop
      vertex 7.28488 0.7 32.6905
      vertex 7.02231 0 33.1089
      vertex 7.28488 0 32.6905
    endloop
  endfacet
  facet normal 0.896808 -0 0.44242
    outer loop
      vertex 6.80051 0 33.5585
      vertex 7.02231 0.7 33.1089
      vertex 6.80051 0.7 33.5585
    endloop
  endfacet
  facet normal 0.896808 0 0.44242
    outer loop
      vertex 7.02231 0.7 33.1089
      vertex 6.80051 0 33.5585
      vertex 7.02231 0 33.1089
    endloop
  endfacet
  facet normal 0.938154 -0 0.346217
    outer loop
      vertex 6.62433 0 34.0359
      vertex 6.80051 0.7 33.5585
      vertex 6.62433 0.7 34.0359
    endloop
  endfacet
  facet normal 0.938154 0 0.346217
    outer loop
      vertex 6.80051 0.7 33.5585
      vertex 6.62433 0 34.0359
      vertex 6.80051 0 33.5585
    endloop
  endfacet
  facet normal 0.969953 -0 0.243291
    outer loop
      vertex 6.49849 0 34.5376
      vertex 6.62433 0.7 34.0359
      vertex 6.49849 0.7 34.5376
    endloop
  endfacet
  facet normal 0.969953 0 0.243291
    outer loop
      vertex 6.62433 0.7 34.0359
      vertex 6.49849 0 34.5376
      vertex 6.62433 0 34.0359
    endloop
  endfacet
  facet normal 0.98985 -0 0.142117
    outer loop
      vertex 6.42297 0 35.0636
      vertex 6.49849 0.7 34.5376
      vertex 6.42297 0.7 35.0636
    endloop
  endfacet
  facet normal 0.98985 0 0.142117
    outer loop
      vertex 6.49849 0.7 34.5376
      vertex 6.42297 0 35.0636
      vertex 6.49849 0 34.5376
    endloop
  endfacet
  facet normal 0.998956 -0 0.0456728
    outer loop
      vertex 6.39781 0 35.6139
      vertex 6.42297 0.7 35.0636
      vertex 6.39781 0.7 35.6139
    endloop
  endfacet
  facet normal 0.998956 0 0.0456728
    outer loop
      vertex 6.42297 0.7 35.0636
      vertex 6.39781 0 35.6139
      vertex 6.42297 0 35.0636
    endloop
  endfacet
  facet normal 0.998956 0 -0.0456728
    outer loop
      vertex 6.42297 0 36.1642
      vertex 6.39781 0.7 35.6139
      vertex 6.42297 0.7 36.1642
    endloop
  endfacet
  facet normal 0.998956 0 -0.0456728
    outer loop
      vertex 6.39781 0.7 35.6139
      vertex 6.42297 0 36.1642
      vertex 6.39781 0 35.6139
    endloop
  endfacet
  facet normal 0.98985 0 -0.142117
    outer loop
      vertex 6.49849 0 36.6902
      vertex 6.42297 0.7 36.1642
      vertex 6.49849 0.7 36.6902
    endloop
  endfacet
  facet normal 0.98985 0 -0.142117
    outer loop
      vertex 6.42297 0.7 36.1642
      vertex 6.49849 0 36.6902
      vertex 6.42297 0 36.1642
    endloop
  endfacet
  facet normal 0.969953 0 -0.243291
    outer loop
      vertex 6.62433 0 37.1919
      vertex 6.49849 0.7 36.6902
      vertex 6.62433 0.7 37.1919
    endloop
  endfacet
  facet normal 0.969953 0 -0.243291
    outer loop
      vertex 6.49849 0.7 36.6902
      vertex 6.62433 0 37.1919
      vertex 6.49849 0 36.6902
    endloop
  endfacet
  facet normal 0.938154 0 -0.346217
    outer loop
      vertex 6.80051 0 37.6693
      vertex 6.62433 0.7 37.1919
      vertex 6.80051 0.7 37.6693
    endloop
  endfacet
  facet normal 0.938154 0 -0.346217
    outer loop
      vertex 6.62433 0.7 37.1919
      vertex 6.80051 0 37.6693
      vertex 6.62433 0 37.1919
    endloop
  endfacet
  facet normal 0.896808 0 -0.44242
    outer loop
      vertex 7.02231 0 38.1189
      vertex 6.80051 0.7 37.6693
      vertex 7.02231 0.7 38.1189
    endloop
  endfacet
  facet normal 0.896808 0 -0.44242
    outer loop
      vertex 6.80051 0.7 37.6693
      vertex 7.02231 0 38.1189
      vertex 6.80051 0 37.6693
    endloop
  endfacet
  facet normal 0.847023 0 -0.531556
    outer loop
      vertex 7.28488 0 38.5373
      vertex 7.02231 0.7 38.1189
      vertex 7.28488 0.7 38.5373
    endloop
  endfacet
  facet normal 0.847023 0 -0.531556
    outer loop
      vertex 7.02231 0.7 38.1189
      vertex 7.28488 0 38.5373
      vertex 7.02231 0 38.1189
    endloop
  endfacet
  facet normal 0.787078 0 -0.616853
    outer loop
      vertex 7.58826 0 38.9244
      vertex 7.28488 0.7 38.5373
      vertex 7.58826 0.7 38.9244
    endloop
  endfacet
  facet normal 0.787078 0 -0.616853
    outer loop
      vertex 7.28488 0.7 38.5373
      vertex 7.58826 0 38.9244
      vertex 7.28488 0 38.5373
    endloop
  endfacet
  facet normal 0.718864 0 -0.695151
    outer loop
      vertex 7.93242 0 39.2803
      vertex 7.58826 0.7 38.9244
      vertex 7.93242 0.7 39.2803
    endloop
  endfacet
  facet normal 0.718864 0 -0.695151
    outer loop
      vertex 7.58826 0.7 38.9244
      vertex 7.93242 0 39.2803
      vertex 7.58826 0 38.9244
    endloop
  endfacet
  facet normal 0.643929 0 -0.765085
    outer loop
      vertex 7.93242 0 39.2803
      vertex 8.31346 0.7 39.601
      vertex 8.31346 0 39.601
    endloop
  endfacet
  facet normal 0.643929 0 -0.765085
    outer loop
      vertex 8.31346 0.7 39.601
      vertex 7.93242 0 39.2803
      vertex 7.93242 0.7 39.2803
    endloop
  endfacet
  facet normal 0.562528 0 -0.826778
    outer loop
      vertex 8.31346 0 39.601
      vertex 8.72749 0.7 39.8827
      vertex 8.72749 0 39.8827
    endloop
  endfacet
  facet normal 0.562528 0 -0.826778
    outer loop
      vertex 8.72749 0.7 39.8827
      vertex 8.31346 0 39.601
      vertex 8.31346 0.7 39.601
    endloop
  endfacet
  facet normal 0.476997 0 -0.878905
    outer loop
      vertex 8.72749 0 39.8827
      vertex 9.1745 0.7 40.1253
      vertex 9.1745 0 40.1253
    endloop
  endfacet
  facet normal 0.476997 0 -0.878905
    outer loop
      vertex 9.1745 0.7 40.1253
      vertex 8.72749 0 39.8827
      vertex 8.72749 0.7 39.8827
    endloop
  endfacet
  facet normal 0.390321 0 -0.920679
    outer loop
      vertex 9.1745 0 40.1253
      vertex 9.65451 0.7 40.3288
      vertex 9.65451 0 40.3288
    endloop
  endfacet
  facet normal 0.390321 0 -0.920679
    outer loop
      vertex 9.65451 0.7 40.3288
      vertex 9.1745 0 40.1253
      vertex 9.1745 0.7 40.1253
    endloop
  endfacet
  facet normal 0.30262 0 -0.953111
    outer loop
      vertex 9.65451 0 40.3288
      vertex 10.1619 0.7 40.4899
      vertex 10.1619 0 40.4899
    endloop
  endfacet
  facet normal 0.30262 0 -0.953111
    outer loop
      vertex 10.1619 0.7 40.4899
      vertex 9.65451 0 40.3288
      vertex 9.65451 0.7 40.3288
    endloop
  endfacet
  facet normal 0.21243 0 -0.977176
    outer loop
      vertex 10.1619 0 40.4899
      vertex 10.6909 0.7 40.6049
      vertex 10.6909 0 40.6049
    endloop
  endfacet
  facet normal 0.21243 0 -0.977176
    outer loop
      vertex 10.6909 0.7 40.6049
      vertex 10.1619 0 40.4899
      vertex 10.1619 0.7 40.4899
    endloop
  endfacet
  facet normal 0.124301 0 -0.992245
    outer loop
      vertex 10.6909 0 40.6049
      vertex 11.2417 0.7 40.6739
      vertex 11.2417 0 40.6739
    endloop
  endfacet
  facet normal 0.124301 0 -0.992245
    outer loop
      vertex 11.2417 0.7 40.6739
      vertex 10.6909 0 40.6049
      vertex 10.6909 0.7 40.6049
    endloop
  endfacet
  facet normal 0.0401493 0 -0.999194
    outer loop
      vertex 11.2417 0 40.6739
      vertex 11.8141 0.7 40.6969
      vertex 11.8141 0 40.6969
    endloop
  endfacet
  facet normal 0.0401493 0 -0.999194
    outer loop
      vertex 11.8141 0.7 40.6969
      vertex 11.2417 0 40.6739
      vertex 11.2417 0.7 40.6739
    endloop
  endfacet
  facet normal -0.0448598 0 -0.998993
    outer loop
      vertex 11.8141 0 40.6969
      vertex 12.5089 0.7 40.6657
      vertex 12.5089 0 40.6657
    endloop
  endfacet
  facet normal -0.0448598 0 -0.998993
    outer loop
      vertex 12.5089 0.7 40.6657
      vertex 11.8141 0 40.6969
      vertex 11.8141 0.7 40.6969
    endloop
  endfacet
  facet normal -0.163533 0 -0.986538
    outer loop
      vertex 2.43716 0 40.43
      vertex 3.24614 0.7 40.2959
      vertex 3.24614 0 40.2959
    endloop
  endfacet
  facet normal -0.163533 0 -0.986538
    outer loop
      vertex 3.24614 0.7 40.2959
      vertex 2.43716 0 40.43
      vertex 2.43716 0.7 40.43
    endloop
  endfacet
  facet normal -0.313483 0 -0.949594
    outer loop
      vertex 3.24614 0 40.2959
      vertex 3.92316 0.7 40.0724
      vertex 3.92316 0 40.0724
    endloop
  endfacet
  facet normal -0.313483 0 -0.949594
    outer loop
      vertex 3.92316 0.7 40.0724
      vertex 3.24614 0 40.2959
      vertex 3.24614 0.7 40.2959
    endloop
  endfacet
  facet normal -0.497961 0 -0.8672
    outer loop
      vertex 3.92316 0 40.0724
      vertex 4.46825 0.7 39.7594
      vertex 4.46825 0 39.7594
    endloop
  endfacet
  facet normal -0.497961 0 -0.8672
    outer loop
      vertex 4.46825 0.7 39.7594
      vertex 3.92316 0 40.0724
      vertex 3.92316 0.7 40.0724
    endloop
  endfacet
  facet normal -0.673795 0 -0.738918
    outer loop
      vertex 4.46825 0 39.7594
      vertex 4.8875 0.7 39.3771
      vertex 4.8875 0 39.3771
    endloop
  endfacet
  facet normal -0.673795 0 -0.738918
    outer loop
      vertex 4.8875 0.7 39.3771
      vertex 4.46825 0 39.7594
      vertex 4.46825 0.7 39.7594
    endloop
  endfacet
  facet normal -0.821719 0 -0.569894
    outer loop
      vertex 5.18697 0 38.9453
      vertex 4.8875 0.7 39.3771
      vertex 5.18697 0.7 38.9453
    endloop
  endfacet
  facet normal -0.821719 -0 -0.569894
    outer loop
      vertex 4.8875 0.7 39.3771
      vertex 5.18697 0 38.9453
      vertex 4.8875 0 39.3771
    endloop
  endfacet
  facet normal -0.936851 0 -0.349728
    outer loop
      vertex 5.36664 0 38.464
      vertex 5.18697 0.7 38.9453
      vertex 5.36664 0.7 38.464
    endloop
  endfacet
  facet normal -0.936851 -0 -0.349728
    outer loop
      vertex 5.18697 0.7 38.9453
      vertex 5.36664 0 38.464
      vertex 5.18697 0 38.9453
    endloop
  endfacet
  facet normal -0.993693 0 -0.112137
    outer loop
      vertex 5.42654 0 37.9332
      vertex 5.36664 0.7 38.464
      vertex 5.42654 0.7 37.9332
    endloop
  endfacet
  facet normal -0.993693 -0 -0.112137
    outer loop
      vertex 5.36664 0.7 38.464
      vertex 5.42654 0 37.9332
      vertex 5.36664 0 38.464
    endloop
  endfacet
  facet normal -0.997454 0 0.0713064
    outer loop
      vertex 5.40094 0 37.5751
      vertex 5.42654 0.7 37.9332
      vertex 5.40094 0.7 37.5751
    endloop
  endfacet
  facet normal -0.997454 0 0.0713064
    outer loop
      vertex 5.42654 0.7 37.9332
      vertex 5.40094 0 37.5751
      vertex 5.42654 0 37.9332
    endloop
  endfacet
  facet normal -0.97514 0 0.221591
    outer loop
      vertex 5.32411 0 37.237
      vertex 5.40094 0.7 37.5751
      vertex 5.32411 0.7 37.237
    endloop
  endfacet
  facet normal -0.97514 0 0.221591
    outer loop
      vertex 5.40094 0.7 37.5751
      vertex 5.32411 0 37.237
      vertex 5.40094 0 37.5751
    endloop
  endfacet
  facet normal -0.92768 0 0.373376
    outer loop
      vertex 5.19608 0 36.9189
      vertex 5.32411 0.7 37.237
      vertex 5.19608 0.7 36.9189
    endloop
  endfacet
  facet normal -0.92768 0 0.373376
    outer loop
      vertex 5.32411 0.7 37.237
      vertex 5.19608 0 36.9189
      vertex 5.32411 0 37.237
    endloop
  endfacet
  facet normal -0.8571 0 0.515151
    outer loop
      vertex 5.01685 0 36.6207
      vertex 5.19608 0.7 36.9189
      vertex 5.01685 0.7 36.6207
    endloop
  endfacet
  facet normal -0.8571 0 0.515151
    outer loop
      vertex 5.19608 0.7 36.9189
      vertex 5.01685 0 36.6207
      vertex 5.19608 0 36.9189
    endloop
  endfacet
  facet normal -0.767723 0 0.640782
    outer loop
      vertex 4.78899 0 36.3477
      vertex 5.01685 0.7 36.6207
      vertex 4.78899 0.7 36.3477
    endloop
  endfacet
  facet normal -0.767723 0 0.640782
    outer loop
      vertex 5.01685 0.7 36.6207
      vertex 4.78899 0 36.3477
      vertex 5.01685 0 36.6207
    endloop
  endfacet
  facet normal -0.662954 0 0.74866
    outer loop
      vertex 4.51514 0.7 36.1052
      vertex 4.78899 0 36.3477
      vertex 4.78899 0.7 36.3477
    endloop
  endfacet
  facet normal -0.662954 0 0.74866
    outer loop
      vertex 4.78899 0 36.3477
      vertex 4.51514 0.7 36.1052
      vertex 4.51514 0 36.1052
    endloop
  endfacet
  facet normal -0.552823 0 0.833299
    outer loop
      vertex 4.19528 0.7 35.893
      vertex 4.51514 0 36.1052
      vertex 4.51514 0.7 36.1052
    endloop
  endfacet
  facet normal -0.552823 0 0.833299
    outer loop
      vertex 4.51514 0 36.1052
      vertex 4.19528 0.7 35.893
      vertex 4.19528 0 35.893
    endloop
  endfacet
  facet normal -0.445494 0 0.895285
    outer loop
      vertex 4.07651 0.7 35.8339
      vertex 4.19528 0 35.893
      vertex 4.19528 0.7 35.893
    endloop
  endfacet
  facet normal -0.445494 0 0.895285
    outer loop
      vertex 4.19528 0 35.893
      vertex 4.07651 0.7 35.8339
      vertex 4.07651 0 35.8339
    endloop
  endfacet
  facet normal -0.307424 0 -0.951573
    outer loop
      vertex 4.07651 0 35.8339
      vertex 4.15575 0.7 35.8083
      vertex 4.15575 0 35.8083
    endloop
  endfacet
  facet normal -0.307424 0 -0.951573
    outer loop
      vertex 4.15575 0.7 35.8083
      vertex 4.07651 0 35.8339
      vertex 4.07651 0.7 35.8339
    endloop
  endfacet
  facet normal -0.414463 0 -0.910066
    outer loop
      vertex 4.15575 0 35.8083
      vertex 4.5455 0.7 35.6308
      vertex 4.5455 0 35.6308
    endloop
  endfacet
  facet normal -0.414463 0 -0.910066
    outer loop
      vertex 4.5455 0.7 35.6308
      vertex 4.15575 0 35.8083
      vertex 4.15575 0.7 35.8083
    endloop
  endfacet
  facet normal -0.527692 0 -0.849436
    outer loop
      vertex 4.5455 0 35.6308
      vertex 4.88837 0.7 35.4178
      vertex 4.88837 0 35.4178
    endloop
  endfacet
  facet normal -0.527692 0 -0.849436
    outer loop
      vertex 4.88837 0.7 35.4178
      vertex 4.5455 0 35.6308
      vertex 4.5455 0.7 35.6308
    endloop
  endfacet
  facet normal -0.643321 0 -0.765596
    outer loop
      vertex 4.88837 0 35.4178
      vertex 5.18434 0.7 35.1691
      vertex 5.18434 0 35.1691
    endloop
  endfacet
  facet normal -0.643321 0 -0.765596
    outer loop
      vertex 5.18434 0.7 35.1691
      vertex 4.88837 0 35.4178
      vertex 4.88837 0.7 35.4178
    endloop
  endfacet
  facet normal -0.752134 0 -0.65901
    outer loop
      vertex 5.43344 0 34.8848
      vertex 5.18434 0.7 35.1691
      vertex 5.43344 0.7 34.8848
    endloop
  endfacet
  facet normal -0.752134 -0 -0.65901
    outer loop
      vertex 5.18434 0.7 35.1691
      vertex 5.43344 0 34.8848
      vertex 5.18434 0 35.1691
    endloop
  endfacet
  facet normal -0.848923 0 -0.528516
    outer loop
      vertex 5.63092 0 34.5676
      vertex 5.43344 0.7 34.8848
      vertex 5.63092 0.7 34.5676
    endloop
  endfacet
  facet normal -0.848923 -0 -0.528516
    outer loop
      vertex 5.43344 0.7 34.8848
      vertex 5.63092 0 34.5676
      vertex 5.43344 0 34.8848
    endloop
  endfacet
  facet normal -0.926599 0 -0.376051
    outer loop
      vertex 5.77199 0 34.22
      vertex 5.63092 0.7 34.5676
      vertex 5.77199 0.7 34.22
    endloop
  endfacet
  facet normal -0.926599 -0 -0.376051
    outer loop
      vertex 5.63092 0.7 34.5676
      vertex 5.77199 0 34.22
      vertex 5.63092 0 34.5676
    endloop
  endfacet
  facet normal -0.975848 0 -0.21845
    outer loop
      vertex 5.85663 0 33.8419
      vertex 5.77199 0.7 34.22
      vertex 5.85663 0.7 33.8419
    endloop
  endfacet
  facet normal -0.975848 -0 -0.21845
    outer loop
      vertex 5.77199 0.7 34.22
      vertex 5.85663 0 33.8419
      vertex 5.77199 0 34.22
    endloop
  endfacet
  facet normal -0.997623 0 -0.0689102
    outer loop
      vertex 5.88484 0 33.4335
      vertex 5.85663 0.7 33.8419
      vertex 5.88484 0.7 33.4335
    endloop
  endfacet
  facet normal -0.997623 -0 -0.0689102
    outer loop
      vertex 5.85663 0.7 33.8419
      vertex 5.88484 0 33.4335
      vertex 5.85663 0 33.8419
    endloop
  endfacet
  facet normal -0.994034 0 0.109074
    outer loop
      vertex 5.81931 0 32.8363
      vertex 5.88484 0.7 33.4335
      vertex 5.81931 0.7 32.8363
    endloop
  endfacet
  facet normal -0.994034 0 0.109074
    outer loop
      vertex 5.88484 0.7 33.4335
      vertex 5.81931 0 32.8363
      vertex 5.88484 0 33.4335
    endloop
  endfacet
  facet normal -0.937073 0 0.349134
    outer loop
      vertex 5.6227 0 32.3086
      vertex 5.81931 0.7 32.8363
      vertex 5.6227 0.7 32.3086
    endloop
  endfacet
  facet normal -0.937073 0 0.349134
    outer loop
      vertex 5.81931 0.7 32.8363
      vertex 5.6227 0 32.3086
      vertex 5.81931 0 32.8363
    endloop
  endfacet
  facet normal -0.813446 0 0.581641
    outer loop
      vertex 5.295 0 31.8503
      vertex 5.6227 0.7 32.3086
      vertex 5.295 0.7 31.8503
    endloop
  endfacet
  facet normal -0.813446 0 0.581641
    outer loop
      vertex 5.6227 0.7 32.3086
      vertex 5.295 0 31.8503
      vertex 5.6227 0 32.3086
    endloop
  endfacet
  facet normal -0.646638 0 0.762797
    outer loop
      vertex 4.83624 0.7 31.4614
      vertex 5.295 0 31.8503
      vertex 5.295 0.7 31.8503
    endloop
  endfacet
  facet normal -0.646638 0 0.762797
    outer loop
      vertex 5.295 0 31.8503
      vertex 4.83624 0.7 31.4614
      vertex 4.83624 0 31.4614
    endloop
  endfacet
  facet normal -0.468261 0 0.88359
    outer loop
      vertex 4.25166 0.7 31.1516
      vertex 4.83624 0 31.4614
      vertex 4.83624 0.7 31.4614
    endloop
  endfacet
  facet normal -0.468261 0 0.88359
    outer loop
      vertex 4.83624 0 31.4614
      vertex 4.25166 0.7 31.1516
      vertex 4.25166 0 31.1516
    endloop
  endfacet
  facet normal -0.299527 0 0.954088
    outer loop
      vertex 3.54643 0.7 30.9302
      vertex 4.25166 0 31.1516
      vertex 4.25166 0.7 31.1516
    endloop
  endfacet
  facet normal -0.299527 0 0.954088
    outer loop
      vertex 4.25166 0 31.1516
      vertex 3.54643 0.7 30.9302
      vertex 3.54643 0 30.9302
    endloop
  endfacet
  facet normal -0.158763 0 0.987317
    outer loop
      vertex 2.72057 0.7 30.7974
      vertex 3.54643 0 30.9302
      vertex 3.54643 0.7 30.9302
    endloop
  endfacet
  facet normal -0.158763 0 0.987317
    outer loop
      vertex 3.54643 0 30.9302
      vertex 2.72057 0.7 30.7974
      vertex 2.72057 0 30.7974
    endloop
  endfacet
  facet normal -0.0467509 0 0.998907
    outer loop
      vertex 1.77403 0.7 30.7531
      vertex 2.72057 0 30.7974
      vertex 2.72057 0.7 30.7974
    endloop
  endfacet
  facet normal -0.0467509 0 0.998907
    outer loop
      vertex 2.72057 0 30.7974
      vertex 1.77403 0.7 30.7531
      vertex 1.77403 0 30.7531
    endloop
  endfacet
  facet normal -0 0 1
    outer loop
      vertex -3.69785 0.7 30.7531
      vertex 1.77403 0 30.7531
      vertex 1.77403 0.7 30.7531
    endloop
  endfacet
  facet normal 0 0 1
    outer loop
      vertex 1.77403 0 30.7531
      vertex -3.69785 0.7 30.7531
      vertex -3.69785 0 30.7531
    endloop
  endfacet
  facet normal 1 -0 0
    outer loop
      vertex -3.69785 0 40.4747
      vertex -3.69785 0.7 30.7531
      vertex -3.69785 0.7 40.4747
    endloop
  endfacet
  facet normal 1 0 0
    outer loop
      vertex -3.69785 0.7 30.7531
      vertex -3.69785 0 40.4747
      vertex -3.69785 0 30.7531
    endloop
  endfacet
  facet normal 0 0 -1
    outer loop
      vertex -3.69785 0 40.4747
      vertex 1.49625 0.7 40.4747
      vertex 1.49625 0 40.4747
    endloop
  endfacet
  facet normal -0 0 -1
    outer loop
      vertex 1.49625 0.7 40.4747
      vertex -3.69785 0 40.4747
      vertex -3.69785 0.7 40.4747
    endloop
  endfacet
  facet normal -0.0474537 0 -0.998873
    outer loop
      vertex 1.49625 0 40.4747
      vertex 2.43716 0.7 40.43
      vertex 2.43716 0 40.43
    endloop
  endfacet
  facet normal -0.0474537 0 -0.998873
    outer loop
      vertex 2.43716 0.7 40.43
      vertex 1.49625 0 40.4747
      vertex 1.49625 0.7 40.4747
    endloop
  endfacet
  facet normal -1 0 0
    outer loop
      vertex -0.475845 0 33.0446
      vertex -0.475845 0.7 34.5723
      vertex -0.475845 0.7 33.0446
    endloop
  endfacet
  facet normal -1 -0 0
    outer loop
      vertex -0.475845 0.7 34.5723
      vertex -0.475845 0 33.0446
      vertex -0.475845 0 34.5723
    endloop
  endfacet
  facet normal 0 0 -1
    outer loop
      vertex -0.475845 0 33.0446
      vertex 1.49625 0.7 33.0446
      vertex 1.49625 0 33.0446
    endloop
  endfacet
  facet normal -0 0 -1
    outer loop
      vertex 1.49625 0.7 33.0446
      vertex -0.475845 0 33.0446
      vertex -0.475845 0.7 33.0446
    endloop
  endfacet
  facet normal 0.047995 0 -0.998848
    outer loop
      vertex 1.49625 0 33.0446
      vertex 1.75015 0.7 33.0568
      vertex 1.75015 0 33.0568
    endloop
  endfacet
  facet normal 0.047995 0 -0.998848
    outer loop
      vertex 1.75015 0.7 33.0568
      vertex 1.49625 0 33.0446
      vertex 1.49625 0.7 33.0446
    endloop
  endfacet
  facet normal 0.163192 0 -0.986594
    outer loop
      vertex 1.75015 0 33.0568
      vertex 1.97021 0.7 33.0932
      vertex 1.97021 0 33.0932
    endloop
  endfacet
  facet normal 0.163192 0 -0.986594
    outer loop
      vertex 1.97021 0.7 33.0932
      vertex 1.75015 0 33.0568
      vertex 1.75015 0.7 33.0568
    endloop
  endfacet
  facet normal 0.310417 0 -0.950601
    outer loop
      vertex 1.97021 0 33.0932
      vertex 2.1564 0.7 33.154
      vertex 2.1564 0 33.154
    endloop
  endfacet
  facet normal 0.310417 0 -0.950601
    outer loop
      vertex 2.1564 0.7 33.154
      vertex 1.97021 0 33.0932
      vertex 1.97021 0.7 33.0932
    endloop
  endfacet
  facet normal 0.487224 0 -0.873277
    outer loop
      vertex 2.1564 0 33.154
      vertex 2.30875 0.7 33.239
      vertex 2.30875 0 33.239
    endloop
  endfacet
  facet normal 0.487224 0 -0.873277
    outer loop
      vertex 2.30875 0.7 33.239
      vertex 2.1564 0 33.154
      vertex 2.1564 0.7 33.154
    endloop
  endfacet
  facet normal 0.675733 0 -0.737146
    outer loop
      vertex 2.30875 0 33.239
      vertex 2.42722 0.7 33.3476
      vertex 2.42722 0 33.3476
    endloop
  endfacet
  facet normal 0.675733 0 -0.737146
    outer loop
      vertex 2.42722 0.7 33.3476
      vertex 2.30875 0 33.239
      vertex 2.30875 0.7 33.239
    endloop
  endfacet
  facet normal 0.840182 0 -0.542305
    outer loop
      vertex 2.51184 0 33.4787
      vertex 2.42722 0.7 33.3476
      vertex 2.51184 0.7 33.4787
    endloop
  endfacet
  facet normal 0.840182 0 -0.542305
    outer loop
      vertex 2.42722 0.7 33.3476
      vertex 2.51184 0 33.4787
      vertex 2.42722 0 33.3476
    endloop
  endfacet
  facet normal 0.949478 0 -0.313835
    outer loop
      vertex 2.56261 0 33.6323
      vertex 2.51184 0.7 33.4787
      vertex 2.56261 0.7 33.6323
    endloop
  endfacet
  facet normal 0.949478 0 -0.313835
    outer loop
      vertex 2.51184 0.7 33.4787
      vertex 2.56261 0 33.6323
      vertex 2.51184 0 33.4787
    endloop
  endfacet
  facet normal 0.995416 0 -0.0956435
    outer loop
      vertex 2.57954 0 33.8085
      vertex 2.56261 0.7 33.6323
      vertex 2.57954 0.7 33.8085
    endloop
  endfacet
  facet normal 0.995416 0 -0.0956435
    outer loop
      vertex 2.56261 0.7 33.6323
      vertex 2.57954 0 33.8085
      vertex 2.56261 0 33.6323
    endloop
  endfacet
  facet normal 0.995416 -0 0.0956435
    outer loop
      vertex 2.56261 0 33.9847
      vertex 2.57954 0.7 33.8085
      vertex 2.56261 0.7 33.9847
    endloop
  endfacet
  facet normal 0.995416 0 0.0956435
    outer loop
      vertex 2.57954 0.7 33.8085
      vertex 2.56261 0 33.9847
      vertex 2.57954 0 33.8085
    endloop
  endfacet
  facet normal 0.949478 -0 0.313835
    outer loop
      vertex 2.51184 0 34.1383
      vertex 2.56261 0.7 33.9847
      vertex 2.51184 0.7 34.1383
    endloop
  endfacet
  facet normal 0.949478 0 0.313835
    outer loop
      vertex 2.56261 0.7 33.9847
      vertex 2.51184 0 34.1383
      vertex 2.56261 0 33.9847
    endloop
  endfacet
  facet normal 0.839993 -0 0.542597
    outer loop
      vertex 2.42722 0 34.2693
      vertex 2.51184 0.7 34.1383
      vertex 2.42722 0.7 34.2693
    endloop
  endfacet
  facet normal 0.839993 0 0.542597
    outer loop
      vertex 2.51184 0.7 34.1383
      vertex 2.42722 0 34.2693
      vertex 2.51184 0 34.1383
    endloop
  endfacet
  facet normal 0.675395 0 0.737456
    outer loop
      vertex 2.30875 0.7 34.3778
      vertex 2.42722 0 34.2693
      vertex 2.42722 0.7 34.2693
    endloop
  endfacet
  facet normal 0.675395 0 0.737456
    outer loop
      vertex 2.42722 0 34.2693
      vertex 2.30875 0.7 34.3778
      vertex 2.30875 0 34.3778
    endloop
  endfacet
  facet normal 0.487661 0 0.873033
    outer loop
      vertex 2.1564 0.7 34.4629
      vertex 2.30875 0 34.3778
      vertex 2.30875 0.7 34.3778
    endloop
  endfacet
  facet normal 0.487661 0 0.873033
    outer loop
      vertex 2.30875 0 34.3778
      vertex 2.1564 0.7 34.4629
      vertex 2.1564 0 34.4629
    endloop
  endfacet
  facet normal 0.310417 0 0.950601
    outer loop
      vertex 1.97021 0.7 34.5237
      vertex 2.1564 0 34.4629
      vertex 2.1564 0.7 34.4629
    endloop
  endfacet
  facet normal 0.310417 0 0.950601
    outer loop
      vertex 2.1564 0 34.4629
      vertex 1.97021 0.7 34.5237
      vertex 1.97021 0 34.5237
    endloop
  endfacet
  facet normal 0.163628 0 0.986522
    outer loop
      vertex 1.75015 0.7 34.5602
      vertex 1.97021 0 34.5237
      vertex 1.97021 0.7 34.5237
    endloop
  endfacet
  facet normal 0.163628 0 0.986522
    outer loop
      vertex 1.97021 0 34.5237
      vertex 1.75015 0.7 34.5602
      vertex 1.75015 0 34.5602
    endloop
  endfacet
  facet normal 0.0476025 0 0.998866
    outer loop
      vertex 1.49625 0.7 34.5723
      vertex 1.75015 0 34.5602
      vertex 1.75015 0.7 34.5602
    endloop
  endfacet
  facet normal 0.0476025 0 0.998866
    outer loop
      vertex 1.75015 0 34.5602
      vertex 1.49625 0.7 34.5723
      vertex 1.49625 0 34.5723
    endloop
  endfacet
  facet normal -0 0 1
    outer loop
      vertex -0.475845 0.7 34.5723
      vertex 1.49625 0 34.5723
      vertex 1.49625 0.7 34.5723
    endloop
  endfacet
  facet normal 0 0 1
    outer loop
      vertex 1.49625 0 34.5723
      vertex -0.475845 0.7 34.5723
      vertex -0.475845 0 34.5723
    endloop
  endfacet
  facet normal -1 0 0
    outer loop
      vertex -0.475845 0 36.7388
      vertex -0.475845 0.7 38.1832
      vertex -0.475845 0.7 36.7388
    endloop
  endfacet
  facet normal -1 -0 0
    outer loop
      vertex -0.475845 0.7 38.1832
      vertex -0.475845 0 36.7388
      vertex -0.475845 0 38.1832
    endloop
  endfacet
  facet normal 0 0 -1
    outer loop
      vertex -0.475845 0 36.7388
      vertex 1.05183 0.7 36.7388
      vertex 1.05183 0 36.7388
    endloop
  endfacet
  facet normal -0 0 -1
    outer loop
      vertex 1.05183 0.7 36.7388
      vertex -0.475845 0 36.7388
      vertex -0.475845 0.7 36.7388
    endloop
  endfacet
  facet normal 0.0451103 0 -0.998982
    outer loop
      vertex 1.05183 0 36.7388
      vertex 1.31093 0.7 36.7505
      vertex 1.31093 0 36.7505
    endloop
  endfacet
  facet normal 0.0451103 0 -0.998982
    outer loop
      vertex 1.31093 0.7 36.7505
      vertex 1.05183 0 36.7388
      vertex 1.05183 0.7 36.7388
    endloop
  endfacet
  facet normal 0.156774 0 -0.987634
    outer loop
      vertex 1.31093 0 36.7505
      vertex 1.53268 0.7 36.7857
      vertex 1.53268 0 36.7857
    endloop
  endfacet
  facet normal 0.156774 0 -0.987634
    outer loop
      vertex 1.53268 0.7 36.7857
      vertex 1.31093 0 36.7505
      vertex 1.31093 0.7 36.7505
    endloop
  endfacet
  facet normal 0.302788 0 -0.953058
    outer loop
      vertex 1.53268 0 36.7857
      vertex 1.71713 0.7 36.8443
      vertex 1.71713 0 36.8443
    endloop
  endfacet
  facet normal 0.302788 0 -0.953058
    outer loop
      vertex 1.71713 0.7 36.8443
      vertex 1.53268 0 36.7857
      vertex 1.53268 0.7 36.7857
    endloop
  endfacet
  facet normal 0.486878 0 -0.87347
    outer loop
      vertex 1.71713 0 36.8443
      vertex 1.86424 0.7 36.9263
      vertex 1.86424 0 36.9263
    endloop
  endfacet
  facet normal 0.486878 0 -0.87347
    outer loop
      vertex 1.86424 0.7 36.9263
      vertex 1.71713 0 36.8443
      vertex 1.71713 0.7 36.8443
    endloop
  endfacet
  facet normal 0.677992 0 -0.735069
    outer loop
      vertex 1.86424 0 36.9263
      vertex 1.97667 0.7 37.03
      vertex 1.97667 0 37.03
    endloop
  endfacet
  facet normal 0.677992 0 -0.735069
    outer loop
      vertex 1.97667 0.7 37.03
      vertex 1.86424 0 36.9263
      vertex 1.86424 0.7 36.9263
    endloop
  endfacet
  facet normal 0.838707 0 -0.544583
    outer loop
      vertex 2.05699 0 37.1537
      vertex 1.97667 0.7 37.03
      vertex 2.05699 0.7 37.1537
    endloop
  endfacet
  facet normal 0.838707 0 -0.544583
    outer loop
      vertex 1.97667 0.7 37.03
      vertex 2.05699 0 37.1537
      vertex 1.97667 0 37.03
    endloop
  endfacet
  facet normal 0.948108 0 -0.317949
    outer loop
      vertex 2.10518 0 37.2974
      vertex 2.05699 0.7 37.1537
      vertex 2.10518 0.7 37.2974
    endloop
  endfacet
  facet normal 0.948108 0 -0.317949
    outer loop
      vertex 2.05699 0.7 37.1537
      vertex 2.10518 0 37.2974
      vertex 2.05699 0 37.1537
    endloop
  endfacet
  facet normal 0.99521 0 -0.0977569
    outer loop
      vertex 2.12125 0 37.461
      vertex 2.10518 0.7 37.2974
      vertex 2.12125 0.7 37.461
    endloop
  endfacet
  facet normal 0.99521 0 -0.0977569
    outer loop
      vertex 2.10518 0.7 37.2974
      vertex 2.12125 0 37.461
      vertex 2.10518 0 37.2974
    endloop
  endfacet
  facet normal 0.995525 -0 0.0944955
    outer loop
      vertex 2.10518 0 37.6303
      vertex 2.12125 0.7 37.461
      vertex 2.10518 0.7 37.6303
    endloop
  endfacet
  facet normal 0.995525 0 0.0944955
    outer loop
      vertex 2.12125 0.7 37.461
      vertex 2.10518 0 37.6303
      vertex 2.12125 0 37.461
    endloop
  endfacet
  facet normal 0.950054 -0 0.312086
    outer loop
      vertex 2.05699 0 37.777
      vertex 2.10518 0.7 37.6303
      vertex 2.05699 0.7 37.777
    endloop
  endfacet
  facet normal 0.950054 0 0.312086
    outer loop
      vertex 2.10518 0.7 37.6303
      vertex 2.05699 0 37.777
      vertex 2.10518 0 37.6303
    endloop
  endfacet
  facet normal 0.839508 -0 0.543347
    outer loop
      vertex 1.97667 0 37.9011
      vertex 2.05699 0.7 37.777
      vertex 1.97667 0.7 37.9011
    endloop
  endfacet
  facet normal 0.839508 0 0.543347
    outer loop
      vertex 2.05699 0.7 37.777
      vertex 1.97667 0 37.9011
      vertex 2.05699 0 37.777
    endloop
  endfacet
  facet normal 0.670106 0 0.742266
    outer loop
      vertex 1.86424 0.7 38.0026
      vertex 1.97667 0 37.9011
      vertex 1.97667 0.7 37.9011
    endloop
  endfacet
  facet normal 0.670106 0 0.742266
    outer loop
      vertex 1.97667 0 37.9011
      vertex 1.86424 0.7 38.0026
      vertex 1.86424 0 38.0026
    endloop
  endfacet
  facet normal 0.47311 0 0.881003
    outer loop
      vertex 1.71713 0.7 38.0816
      vertex 1.86424 0 38.0026
      vertex 1.86424 0.7 38.0026
    endloop
  endfacet
  facet normal 0.47311 0 0.881003
    outer loop
      vertex 1.86424 0 38.0026
      vertex 1.71713 0.7 38.0816
      vertex 1.71713 0 38.0816
    endloop
  endfacet
  facet normal 0.292884 0 0.956148
    outer loop
      vertex 1.53268 0.7 38.1381
      vertex 1.71713 0 38.0816
      vertex 1.71713 0.7 38.0816
    endloop
  endfacet
  facet normal 0.292884 0 0.956148
    outer loop
      vertex 1.71713 0 38.0816
      vertex 1.53268 0.7 38.1381
      vertex 1.53268 0 38.1381
    endloop
  endfacet
  facet normal 0.150684 0 0.988582
    outer loop
      vertex 1.31093 0.7 38.1719
      vertex 1.53268 0 38.1381
      vertex 1.53268 0.7 38.1381
    endloop
  endfacet
  facet normal 0.150684 0 0.988582
    outer loop
      vertex 1.53268 0 38.1381
      vertex 1.31093 0.7 38.1719
      vertex 1.31093 0 38.1719
    endloop
  endfacet
  facet normal 0.0435711 0 0.99905
    outer loop
      vertex 1.05183 0.7 38.1832
      vertex 1.31093 0 38.1719
      vertex 1.31093 0.7 38.1719
    endloop
  endfacet
  facet normal 0.0435711 0 0.99905
    outer loop
      vertex 1.31093 0 38.1719
      vertex 1.05183 0.7 38.1832
      vertex 1.05183 0 38.1832
    endloop
  endfacet
  facet normal -0 0 1
    outer loop
      vertex -0.475845 0.7 38.1832
      vertex 1.05183 0 38.1832
      vertex 1.05183 0.7 38.1832
    endloop
  endfacet
  facet normal 0 0 1
    outer loop
      vertex 1.05183 0 38.1832
      vertex -0.475845 0.7 38.1832
      vertex -0.475845 0 38.1832
    endloop
  endfacet
  facet normal 1 -0 0
    outer loop
      vertex -25.5 1.67999 71
      vertex -25.5 2.68 1.68
      vertex -25.5 2.68 71
    endloop
  endfacet
  facet normal 1 0 0
    outer loop
      vertex -25.5 2.68 1.68
      vertex -25.5 1.67999 71
      vertex -25.5 1.67999 1.68
    endloop
  endfacet
  facet normal 0 1 -0
    outer loop
      vertex -25.5 2.68 1.68
      vertex -30.5 2.68 71
      vertex -25.5 2.68 71
    endloop
  endfacet
  facet normal 0 1 0
    outer loop
      vertex -30.5 2.68 71
      vertex -25.5 2.68 1.68
      vertex -30.5 2.68 1.68
    endloop
  endfacet
  facet normal -1 0 0
    outer loop
      vertex -30.5 1.67999 1.68
      vertex -30.5 2.68 71
      vertex -30.5 2.68 1.68
    endloop
  endfacet
  facet normal -1 -0 0
    outer loop
      vertex -30.5 2.68 71
      vertex -30.5 1.67999 1.68
      vertex -30.5 1.67999 71
    endloop
  endfacet
  facet normal 1 -0 0
    outer loop
      vertex -39.32 5.88 63
      vertex -39.32 9.88 1.68
      vertex -39.32 9.88 63
    endloop
  endfacet
  facet normal 1 0 0
    outer loop
      vertex -39.32 9.88 1.68
      vertex -39.32 5.88 63
      vertex -39.32 5.88 1.68
    endloop
  endfacet
  facet normal 0 1 -0
    outer loop
      vertex -39.32 9.88 1.68
      vertex -42.32 9.88 63
      vertex -39.32 9.88 63
    endloop
  endfacet
  facet normal 0 1 0
    outer loop
      vertex -42.32 9.88 63
      vertex -39.32 9.88 1.68
      vertex -42.32 9.88 1.68
    endloop
  endfacet
  facet normal 0 -1 0
    outer loop
      vertex -42.2767 5.88 1.68
      vertex -39.32 5.88 63
      vertex -42.2767 5.88 63
    endloop
  endfacet
  facet normal 0 -1 -0
    outer loop
      vertex -39.32 5.88 63
      vertex -42.2767 5.88 1.68
      vertex -39.32 5.88 1.68
    endloop
  endfacet
  facet normal -0 0 1
    outer loop
      vertex -42.32 6.13927 63
      vertex -39.32 5.88 63
      vertex -39.32 9.88 63
    endloop
  endfacet
  facet normal 0 0 1
    outer loop
      vertex -42.32 6.13927 63
      vertex -39.32 9.88 63
      vertex -42.32 9.88 63
    endloop
  endfacet
  facet normal 0 0 1
    outer loop
      vertex -39.32 5.88 63
      vertex -42.32 6.13927 63
      vertex -42.2767 5.88 63
    endloop
  endfacet
  facet normal 1 -0 0
    outer loop
      vertex 30.5 1.67999 71
      vertex 30.5 2.68 1.68
      vertex 30.5 2.68 71
    endloop
  endfacet
  facet normal 1 0 0
    outer loop
      vertex 30.5 2.68 1.68
      vertex 30.5 1.67999 71
      vertex 30.5 1.67999 1.68
    endloop
  endfacet
  facet normal 0 1 -0
    outer loop
      vertex 30.5 2.68 1.68
      vertex 25.5 2.68 71
      vertex 30.5 2.68 71
    endloop
  endfacet
  facet normal 0 1 0
    outer loop
      vertex 25.5 2.68 71
      vertex 30.5 2.68 1.68
      vertex 25.5 2.68 1.68
    endloop
  endfacet
  facet normal -1 0 0
    outer loop
      vertex 25.5 1.67999 1.68
      vertex 25.5 2.68 71
      vertex 25.5 2.68 1.68
    endloop
  endfacet
  facet normal -1 -0 0
    outer loop
      vertex 25.5 2.68 71
      vertex 25.5 1.67999 1.68
      vertex 25.5 1.67999 71
    endloop
  endfacet
  facet normal 0 1 -0
    outer loop
      vertex 42.32 9.88 1.68
      vertex 39.32 9.88 63
      vertex 42.32 9.88 63
    endloop
  endfacet
  facet normal 0 1 0
    outer loop
      vertex 39.32 9.88 63
      vertex 42.32 9.88 1.68
      vertex 39.32 9.88 1.68
    endloop
  endfacet
  facet normal 0 -1 0
    outer loop
      vertex 39.32 5.88 1.68
      vertex 42.292 5.88 63
      vertex 39.32 5.88 63
    endloop
  endfacet
  facet normal 0 -1 -0
    outer loop
      vertex 42.292 5.88 63
      vertex 39.32 5.88 1.68
      vertex 42.292 5.88 1.68
    endloop
  endfacet
  facet normal -1 0 0
    outer loop
      vertex 39.32 5.88 1.68
      vertex 39.32 9.88 63
      vertex 39.32 9.88 1.68
    endloop
  endfacet
  facet normal -1 -0 0
    outer loop
      vertex 39.32 9.88 63
      vertex 39.32 5.88 1.68
      vertex 39.32 5.88 63
    endloop
  endfacet
  facet normal -0 0 1
    outer loop
      vertex 39.32 9.88 63
      vertex 42.32 6.10435 63
      vertex 42.32 9.88 63
    endloop
  endfacet
  facet normal 0 0 1
    outer loop
      vertex 39.32 5.88 63
      vertex 42.32 6.10435 63
      vertex 39.32 9.88 63
    endloop
  endfacet
  facet normal 0 0 1
    outer loop
      vertex 42.32 6.10435 63
      vertex 39.32 5.88 63
      vertex 42.292 5.88 63
    endloop
  endfacet
endsolid OpenSCAD_Model
