solid OpenSCAD_Model
  facet normal 0.0963686 -0.838193 0.536792
    outer loop
      vertex -2.66723 -13.239 9.87353
      vertex -2.22467 -13.1775 9.89011
      vertex -2.69609 -13.2317 9.89011
    endloop
  endfacet
  facet normal 0.0964603 -0.838654 0.536054
    outer loop
      vertex -2.22467 -13.1775 9.89011
      vertex -2.66723 -13.239 9.87353
      vertex -2.2946 -13.2081 9.85482
    endloop
  endfacet
  facet normal -0.0963033 -0.837965 0.537159
    outer loop
      vertex 2.47964 -13.239 9.83987
      vertex 2.6424 -13.2255 9.89011
      vertex 2.24649 -13.18 9.89011
    endloop
  endfacet
  facet normal -0.269492 -0.787114 0.554821
    outer loop
      vertex -3.10945 -13.0951 9.96272
      vertex -2.7972 -13.1598 10.0226
      vertex -3.24524 -13.0064 10.0226
    endloop
  endfacet
  facet normal -0.269215 -0.791622 0.548505
    outer loop
      vertex -3.0297 -13.1472 9.92667
      vertex -2.7972 -13.1598 10.0226
      vertex -3.10945 -13.0951 9.96272
    endloop
  endfacet
  facet normal -0.269159 -0.791746 0.548354
    outer loop
      vertex -2.7972 -13.1598 10.0226
      vertex -3.0297 -13.1472 9.92667
      vertex -2.80654 -13.2037 9.95463
    endloop
  endfacet
  facet normal 0.0964909 -0.842095 0.530627
    outer loop
      vertex -2.69609 -13.2317 9.89011
      vertex -2.7972 -13.1598 10.0226
      vertex -2.80654 -13.2037 9.95463
    endloop
  endfacet
  facet normal 0.0968013 -0.841957 0.53079
    outer loop
      vertex -2.22467 -13.1775 9.89011
      vertex -2.7972 -13.1598 10.0226
      vertex -2.69609 -13.2317 9.89011
    endloop
  endfacet
  facet normal 0.0970977 -0.84118 0.531966
    outer loop
      vertex -2.7972 -13.1598 10.0226
      vertex -2.22467 -13.1775 9.89011
      vertex -2.1874 -13.1611 9.90924
    endloop
  endfacet
  facet normal 0.100565 -0.828772 0.550476
    outer loop
      vertex -2.1874 -13.1611 9.90924
      vertex -2.07033 -13.0716 10.0226
      vertex -2.7972 -13.1598 10.0226
    endloop
  endfacet
  facet normal 0.10087 -0.828885 0.55025
    outer loop
      vertex -2.07033 -13.0716 10.0226
      vertex -2.1874 -13.1611 9.90924
      vertex -2.07683 -13.1126 9.96203
    endloop
  endfacet
  facet normal 0.230154 -0.819718 0.524491
    outer loop
      vertex -2.07033 -13.0716 10.0226
      vertex -1.95219 -13.0579 9.99217
      vertex -1.94506 -13.0514 9.9992
    endloop
  endfacet
  facet normal 0.23083 -0.817073 0.528308
    outer loop
      vertex -1.95219 -13.0579 9.99217
      vertex -2.07033 -13.0716 10.0226
      vertex -2.07683 -13.1126 9.96203
    endloop
  endfacet
  facet normal 0.232483 -0.798527 0.555253
    outer loop
      vertex -1.94506 -13.0514 9.9992
      vertex -1.9192 -13.0276 10.0226
      vertex -2.07033 -13.0716 10.0226
    endloop
  endfacet
  facet normal -0.232684 -0.799481 0.553794
    outer loop
      vertex 1.97878 -13.0568 10.0055
      vertex 2.07033 -13.0716 10.0226
      vertex 1.94595 -13.0354 10.0226
    endloop
  endfacet
  facet normal -0.230771 -0.81708 0.528323
    outer loop
      vertex 2.07829 -13.1218 9.94844
      vertex 2.07033 -13.0716 10.0226
      vertex 1.97878 -13.0568 10.0055
    endloop
  endfacet
  facet normal -0.100935 -0.828879 0.550247
    outer loop
      vertex 2.11717 -13.1472 9.91731
      vertex 2.07033 -13.0716 10.0226
      vertex 2.07829 -13.1218 9.94844
    endloop
  endfacet
  facet normal -0.100304 -0.828805 0.550474
    outer loop
      vertex 2.07033 -13.0716 10.0226
      vertex 2.11717 -13.1472 9.91731
      vertex 2.17215 -13.1611 9.9064
    endloop
  endfacet
  facet normal -0.100579 -0.828889 0.550297
    outer loop
      vertex 2.07033 -13.0716 10.0226
      vertex 2.17215 -13.1611 9.9064
      vertex 2.7972 -13.1598 10.0226
    endloop
  endfacet
  facet normal -0.0971926 -0.841011 0.532216
    outer loop
      vertex 2.24649 -13.18 9.89011
      vertex 2.7972 -13.1598 10.0226
      vertex 2.17215 -13.1611 9.9064
    endloop
  endfacet
  facet normal -0.0967736 -0.842058 0.530635
    outer loop
      vertex 2.6424 -13.2255 9.89011
      vertex 2.7972 -13.1598 10.0226
      vertex 2.24649 -13.18 9.89011
    endloop
  endfacet
  facet normal -0.0971168 -0.841835 0.530925
    outer loop
      vertex 2.7972 -13.1598 10.0226
      vertex 2.6424 -13.2255 9.89011
      vertex 2.80825 -13.2118 9.94217
    endloop
  endfacet
  facet normal 0.270039 -0.791238 0.548655
    outer loop
      vertex 2.85227 -13.2081 9.92584
      vertex 2.7972 -13.1598 10.0226
      vertex 2.80825 -13.2118 9.94217
    endloop
  endfacet
  facet normal 0.269247 -0.79167 0.54842
    outer loop
      vertex 2.7972 -13.1598 10.0226
      vertex 2.85227 -13.2081 9.92584
      vertex 3.11034 -13.0949 9.96255
    endloop
  endfacet
  facet normal 0.269532 -0.787021 0.554933
    outer loop
      vertex 3.11034 -13.0949 9.96255
      vertex 3.25388 -13.0034 10.0226
      vertex 2.7972 -13.1598 10.0226
    endloop
  endfacet
  facet normal 0.26941 -0.786941 0.555105
    outer loop
      vertex 3.25388 -13.0034 10.0226
      vertex 3.11034 -13.0949 9.96255
      vertex 3.19468 -13.0579 9.97407
    endloop
  endfacet
  facet normal -0.266268 -0.776352 0.571296
    outer loop
      vertex -3.30366 -12.9539 10.0673
      vertex -3.34394 -12.8768 10.1533
      vertex -3.32952 -12.9284 10.0899
    endloop
  endfacet
  facet normal -0.270747 -0.776347 0.569194
    outer loop
      vertex -3.29056 -12.9669 10.0558
      vertex -3.34394 -12.8768 10.1533
      vertex -3.30366 -12.9539 10.0673
    endloop
  endfacet
  facet normal -0.267403 -0.776237 0.570923
    outer loop
      vertex -3.34394 -12.8768 10.1533
      vertex -3.29056 -12.9669 10.0558
      vertex -2.77846 -13.0716 10.1533
    endloop
  endfacet
  facet normal -0.259392 -0.778262 0.57186
    outer loop
      vertex -3.24524 -13.0064 10.0226
      vertex -3.29056 -12.9669 10.0558
      vertex -3.26215 -12.9954 10.0299
    endloop
  endfacet
  facet normal -0.267155 -0.780995 0.564513
    outer loop
      vertex -3.29056 -12.9669 10.0558
      vertex -3.24524 -13.0064 10.0226
      vertex -2.77846 -13.0716 10.1533
    endloop
  endfacet
  facet normal -0.267249 -0.780564 0.565065
    outer loop
      vertex -2.77846 -13.0716 10.1533
      vertex -3.24524 -13.0064 10.0226
      vertex -2.7972 -13.1598 10.0226
    endloop
  endfacet
  facet normal 0.100876 -0.831333 0.546543
    outer loop
      vertex -2.07033 -13.0716 10.0226
      vertex -2.77846 -13.0716 10.1533
      vertex -2.7972 -13.1598 10.0226
    endloop
  endfacet
  facet normal 0.104445 -0.817843 0.565883
    outer loop
      vertex -2.07033 -13.0716 10.0226
      vertex -2.05572 -12.9793 10.1533
      vertex -2.77846 -13.0716 10.1533
    endloop
  endfacet
  facet normal 0.234518 -0.806445 0.542815
    outer loop
      vertex -2.05572 -12.9793 10.1533
      vertex -1.91143 -13.0204 10.0299
      vertex -1.87732 -12.9497 10.1202
    endloop
  endfacet
  facet normal 0.234716 -0.806197 0.543097
    outer loop
      vertex -1.9192 -13.0276 10.0226
      vertex -2.05572 -12.9793 10.1533
      vertex -2.07033 -13.0716 10.0226
    endloop
  endfacet
  facet normal 0.235573 -0.805514 0.543739
    outer loop
      vertex -2.05572 -12.9793 10.1533
      vertex -1.9192 -13.0276 10.0226
      vertex -1.91143 -13.0204 10.0299
    endloop
  endfacet
  facet normal 0.236266 -0.787606 0.569083
    outer loop
      vertex -1.87732 -12.9497 10.1202
      vertex -1.86204 -12.9212 10.1533
      vertex -2.05572 -12.9793 10.1533
    endloop
  endfacet
  facet normal -0.256535 -0.791531 0.554679
    outer loop
      vertex 1.86226 -12.9472 10.1174
      vertex 1.83004 -12.9116 10.1533
      vertex 1.83065 -12.9139 10.1503
    endloop
  endfacet
  facet normal -0.236282 -0.787654 0.56901
    outer loop
      vertex 1.83004 -12.9116 10.1533
      vertex 1.86226 -12.9472 10.1174
      vertex 2.05572 -12.9793 10.1533
    endloop
  endfacet
  facet normal -0.234554 -0.806282 0.543041
    outer loop
      vertex 1.87673 -12.9636 10.0993
      vertex 2.05572 -12.9793 10.1533
      vertex 1.86226 -12.9472 10.1174
    endloop
  endfacet
  facet normal -0.234483 -0.806505 0.54274
    outer loop
      vertex 1.93244 -13.0265 10.0299
      vertex 2.05572 -12.9793 10.1533
      vertex 1.87673 -12.9636 10.0993
    endloop
  endfacet
  facet normal -0.236367 -0.805059 0.544069
    outer loop
      vertex 1.94595 -13.0354 10.0226
      vertex 2.05572 -12.9793 10.1533
      vertex 1.93244 -13.0265 10.0299
    endloop
  endfacet
  facet normal -0.234642 -0.806208 0.543113
    outer loop
      vertex 2.05572 -12.9793 10.1533
      vertex 1.94595 -13.0354 10.0226
      vertex 2.07033 -13.0716 10.0226
    endloop
  endfacet
  facet normal -0.104445 -0.817843 0.565883
    outer loop
      vertex 2.07033 -13.0716 10.0226
      vertex 2.77846 -13.0716 10.1533
      vertex 2.05572 -12.9793 10.1533
    endloop
  endfacet
  facet normal -0.100876 -0.831333 0.546543
    outer loop
      vertex 2.7972 -13.1598 10.0226
      vertex 2.77846 -13.0716 10.1533
      vertex 2.07033 -13.0716 10.0226
    endloop
  endfacet
  facet normal 0.267148 -0.781338 0.564042
    outer loop
      vertex 3.25388 -13.0034 10.0226
      vertex 3.27715 -12.9696 10.0584
      vertex 2.77846 -13.0716 10.1533
    endloop
  endfacet
  facet normal 0.267314 -0.780544 0.565061
    outer loop
      vertex 3.25388 -13.0034 10.0226
      vertex 2.77846 -13.0716 10.1533
      vertex 2.7972 -13.1598 10.0226
    endloop
  endfacet
  facet normal 0.252774 -0.780145 0.572258
    outer loop
      vertex 3.27715 -12.9696 10.0584
      vertex 3.25388 -13.0034 10.0226
      vertex 3.26297 -12.9951 10.0299
    endloop
  endfacet
  facet normal 0.267424 -0.776024 0.571202
    outer loop
      vertex 3.27715 -12.9696 10.0584
      vertex 3.32662 -12.8827 10.1533
      vertex 2.77846 -13.0716 10.1533
    endloop
  endfacet
  facet normal -0.26523 -0.764208 0.587911
    outer loop
      vertex -3.37056 -12.7888 10.2564
      vertex -2.75923 -12.9812 10.2821
      vertex -3.37727 -12.7667 10.2821
    endloop
  endfacet
  facet normal -0.265627 -0.765766 0.5857
    outer loop
      vertex -2.75923 -12.9812 10.2821
      vertex -3.37056 -12.7888 10.2564
      vertex -3.34828 -12.862 10.1708
    endloop
  endfacet
  facet normal -0.264466 -0.767711 0.583676
    outer loop
      vertex -2.77846 -13.0716 10.1533
      vertex -3.34828 -12.862 10.1708
      vertex -3.34394 -12.8768 10.1533
    endloop
  endfacet
  facet normal -0.265443 -0.77007 0.580115
    outer loop
      vertex -3.34828 -12.862 10.1708
      vertex -2.77846 -13.0716 10.1533
      vertex -2.75923 -12.9812 10.2821
    endloop
  endfacet
  facet normal 0.104886 -0.821296 0.560778
    outer loop
      vertex -2.05572 -12.9793 10.1533
      vertex -2.75923 -12.9812 10.2821
      vertex -2.77846 -13.0716 10.1533
    endloop
  endfacet
  facet normal 0.108413 -0.807191 0.58025
    outer loop
      vertex -2.05572 -12.9793 10.1533
      vertex -2.04074 -12.8847 10.2821
      vertex -2.75923 -12.9812 10.2821
    endloop
  endfacet
  facet normal 0.238607 -0.795582 0.556881
    outer loop
      vertex -2.04074 -12.8847 10.2821
      vertex -1.84276 -12.8837 10.1987
      vertex -1.82425 -12.8477 10.2422
    endloop
  endfacet
  facet normal 0.238696 -0.795707 0.556663
    outer loop
      vertex -1.86204 -12.9212 10.1533
      vertex -2.04074 -12.8847 10.2821
      vertex -2.05572 -12.9793 10.1533
    endloop
  endfacet
  facet normal 0.238368 -0.796055 0.556307
    outer loop
      vertex -2.04074 -12.8847 10.2821
      vertex -1.86204 -12.9212 10.1533
      vertex -1.84276 -12.8837 10.1987
    endloop
  endfacet
  facet normal 0.240054 -0.776928 0.582028
    outer loop
      vertex -1.82425 -12.8477 10.2422
      vertex -1.80383 -12.8115 10.2821
      vertex -2.04074 -12.8847 10.2821
    endloop
  endfacet
  facet normal -0.23999 -0.77722 0.581665
    outer loop
      vertex 1.81434 -12.846 10.2404
      vertex 2.04074 -12.8847 10.2821
      vertex 1.80465 -12.8118 10.2821
    endloop
  endfacet
  facet normal -0.23854 -0.795907 0.556445
    outer loop
      vertex 1.83004 -12.9116 10.1533
      vertex 2.04074 -12.8847 10.2821
      vertex 1.81434 -12.846 10.2404
    endloop
  endfacet
  facet normal -0.238698 -0.795707 0.556663
    outer loop
      vertex 2.04074 -12.8847 10.2821
      vertex 1.83004 -12.9116 10.1533
      vertex 2.05572 -12.9793 10.1533
    endloop
  endfacet
  facet normal -0.108413 -0.807191 0.58025
    outer loop
      vertex 2.05572 -12.9793 10.1533
      vertex 2.75923 -12.9812 10.2821
      vertex 2.04074 -12.8847 10.2821
    endloop
  endfacet
  facet normal -0.104886 -0.821296 0.560778
    outer loop
      vertex 2.77846 -13.0716 10.1533
      vertex 2.75923 -12.9812 10.2821
      vertex 2.05572 -12.9793 10.1533
    endloop
  endfacet
  facet normal 0.265401 -0.769573 0.580793
    outer loop
      vertex 2.75923 -12.9812 10.2821
      vertex 3.33456 -12.8692 10.1676
      vertex 3.33746 -12.8642 10.1729
    endloop
  endfacet
  facet normal 0.265378 -0.770089 0.580118
    outer loop
      vertex 3.32662 -12.8827 10.1533
      vertex 2.75923 -12.9812 10.2821
      vertex 2.77846 -13.0716 10.1533
    endloop
  endfacet
  facet normal 0.265355 -0.770291 0.579861
    outer loop
      vertex 2.75923 -12.9812 10.2821
      vertex 3.32662 -12.8827 10.1533
      vertex 3.33456 -12.8692 10.1676
    endloop
  endfacet
  facet normal 0.265581 -0.765304 0.586324
    outer loop
      vertex 3.33746 -12.8642 10.1729
      vertex 3.40039 -12.7587 10.2821
      vertex 2.75923 -12.9812 10.2821
    endloop
  endfacet
  facet normal -0.52766 -0.633975 0.565377
    outer loop
      vertex -3.40116 -12.6933 10.364
      vertex -3.39575 -12.6731 10.3917
      vertex -3.40786 -12.6805 10.3721
    endloop
  endfacet
  facet normal -0.264848 -0.754392 0.600623
    outer loop
      vertex -3.37925 -12.7605 10.2892
      vertex -3.38882 -12.6616 10.4092
      vertex -3.39575 -12.6731 10.3917
    endloop
  endfacet
  facet normal -0.261525 -0.754828 0.60153
    outer loop
      vertex -3.37925 -12.7605 10.2892
      vertex -3.39575 -12.6731 10.3917
      vertex -3.40116 -12.6933 10.364
    endloop
  endfacet
  facet normal -0.263585 -0.754611 0.600904
    outer loop
      vertex -3.38882 -12.6616 10.4092
      vertex -3.37925 -12.7605 10.2892
      vertex -2.73952 -12.8884 10.4092
    endloop
  endfacet
  facet normal -0.264379 -0.761755 0.591467
    outer loop
      vertex -2.75923 -12.9812 10.2821
      vertex -3.37925 -12.7605 10.2892
      vertex -3.37727 -12.7667 10.2821
    endloop
  endfacet
  facet normal -0.263426 -0.759199 0.595167
    outer loop
      vertex -3.37925 -12.7605 10.2892
      vertex -2.75923 -12.9812 10.2821
      vertex -2.73952 -12.8884 10.4092
    endloop
  endfacet
  facet normal 0.108898 -0.810799 0.575105
    outer loop
      vertex -2.04074 -12.8847 10.2821
      vertex -2.73952 -12.8884 10.4092
      vertex -2.75923 -12.9812 10.2821
    endloop
  endfacet
  facet normal 0.112166 -0.797001 0.593471
    outer loop
      vertex -2.04074 -12.8847 10.2821
      vertex -2.02541 -12.7879 10.4092
      vertex -2.73952 -12.8884 10.4092
    endloop
  endfacet
  facet normal 0.242746 -0.785642 0.56907
    outer loop
      vertex -1.80383 -12.8115 10.2821
      vertex -2.02541 -12.7879 10.4092
      vertex -2.04074 -12.8847 10.2821
    endloop
  endfacet
  facet normal 0.242824 -0.785533 0.569187
    outer loop
      vertex -2.02541 -12.7879 10.4092
      vertex -1.80383 -12.8115 10.2821
      vertex -1.76623 -12.7422 10.3617
    endloop
  endfacet
  facet normal 0.243999 -0.767059 0.593368
    outer loop
      vertex -1.76623 -12.7422 10.3617
      vertex -1.78083 -12.7101 10.4092
      vertex -2.02541 -12.7879 10.4092
    endloop
  endfacet
  facet normal 0.241979 -0.767794 0.593244
    outer loop
      vertex -1.78083 -12.7101 10.4092
      vertex -1.76623 -12.7422 10.3617
      vertex -1.76552 -12.73 10.3772
    endloop
  endfacet
  facet normal 0.253444 -0.765743 0.591104
    outer loop
      vertex -1.76323 -12.7348 10.37
      vertex -1.76552 -12.73 10.3772
      vertex -1.76623 -12.7422 10.3617
    endloop
  endfacet
  facet normal 0.19468 -0.786426 0.586203
    outer loop
      vertex -1.76552 -12.73 10.3772
      vertex -1.76323 -12.7348 10.37
      vertex -1.76309 -12.7332 10.3721
    endloop
  endfacet
  facet normal 0.190681 -0.765949 0.613973
    outer loop
      vertex -1.76323 -12.7348 10.37
      vertex -1.76623 -12.7422 10.3617
      vertex -1.76345 -12.7375 10.3667
    endloop
  endfacet
  facet normal -0.230379 -0.771733 0.592752
    outer loop
      vertex 1.78732 -12.7459 10.3656
      vertex 1.80068 -12.7164 10.4092
      vertex 1.78562 -12.7404 10.3721
    endloop
  endfacet
  facet normal -0.243985 -0.766863 0.593626
    outer loop
      vertex 1.80068 -12.7164 10.4092
      vertex 1.78732 -12.7459 10.3656
      vertex 2.02541 -12.7879 10.4092
    endloop
  endfacet
  facet normal -0.242817 -0.785361 0.569428
    outer loop
      vertex 1.80465 -12.8118 10.2821
      vertex 2.02541 -12.7879 10.4092
      vertex 1.78732 -12.7459 10.3656
    endloop
  endfacet
  facet normal -0.242598 -0.785663 0.569104
    outer loop
      vertex 2.02541 -12.7879 10.4092
      vertex 1.80465 -12.8118 10.2821
      vertex 2.04074 -12.8847 10.2821
    endloop
  endfacet
  facet normal -0.112166 -0.797001 0.593471
    outer loop
      vertex 2.04074 -12.8847 10.2821
      vertex 2.73952 -12.8884 10.4092
      vertex 2.02541 -12.7879 10.4092
    endloop
  endfacet
  facet normal -0.108898 -0.810799 0.575105
    outer loop
      vertex 2.75923 -12.9812 10.2821
      vertex 2.73952 -12.8884 10.4092
      vertex 2.04074 -12.8847 10.2821
    endloop
  endfacet
  facet normal 0.263459 -0.759189 0.595165
    outer loop
      vertex 3.40039 -12.7587 10.2821
      vertex 2.73952 -12.8884 10.4092
      vertex 2.75923 -12.9812 10.2821
    endloop
  endfacet
  facet normal 0.26352 -0.757818 0.596882
    outer loop
      vertex 2.73952 -12.8884 10.4092
      vertex 3.40039 -12.7587 10.2821
      vertex 3.4021 -12.7559 10.2849
    endloop
  endfacet
  facet normal 0.263623 -0.754817 0.600628
    outer loop
      vertex 3.4021 -12.7559 10.2849
      vertex 3.39234 -12.6604 10.4092
      vertex 2.73952 -12.8884 10.4092
    endloop
  endfacet
  facet normal 0.263714 -0.754794 0.600617
    outer loop
      vertex 3.39234 -12.6604 10.4092
      vertex 3.4021 -12.7559 10.2849
      vertex 3.40737 -12.7165 10.3321
    endloop
  endfacet
  facet normal 0.2448 -0.757602 0.605072
    outer loop
      vertex 3.40737 -12.7165 10.3321
      vertex 3.4021 -12.7559 10.2849
      vertex 3.40372 -12.7533 10.2875
    endloop
  endfacet
  facet normal 0.541696 -0.620014 0.567582
    outer loop
      vertex 3.39234 -12.6604 10.4092
      vertex 3.41599 -12.6737 10.3721
      vertex 3.39357 -12.6596 10.4089
    endloop
  endfacet
  facet normal 0.528802 -0.633935 0.564353
    outer loop
      vertex 3.41599 -12.6737 10.3721
      vertex 3.39234 -12.6604 10.4092
      vertex 3.40737 -12.7165 10.3321
    endloop
  endfacet
  facet normal 0.5547 -0.66564 0.49923
    outer loop
      vertex 3.39357 -12.6596 10.4089
      vertex 3.39342 -12.6595 10.4092
      vertex 3.39234 -12.6604 10.4092
    endloop
  endfacet
  facet normal -0.261756 -0.744207 0.614524
    outer loop
      vertex -2.71937 -12.7936 10.5346
      vertex -3.34287 -12.5743 10.5346
      vertex -3.38856 -12.6612 10.4099
    endloop
  endfacet
  facet normal -0.274975 -0.787219 0.551973
    outer loop
      vertex -2.73952 -12.8884 10.4092
      vertex -3.38856 -12.6612 10.4099
      vertex -3.38882 -12.6616 10.4092
    endloop
  endfacet
  facet normal -0.261617 -0.749234 0.608445
    outer loop
      vertex -3.38856 -12.6612 10.4099
      vertex -2.73952 -12.8884 10.4092
      vertex -2.71937 -12.7936 10.5346
    endloop
  endfacet
  facet normal 0.112763 -0.801249 0.587609
    outer loop
      vertex -2.02541 -12.7879 10.4092
      vertex -2.71937 -12.7936 10.5346
      vertex -2.73952 -12.8884 10.4092
    endloop
  endfacet
  facet normal 0.115922 -0.787182 0.605728
    outer loop
      vertex -2.02541 -12.7879 10.4092
      vertex -2.00975 -12.6891 10.5346
      vertex -2.71937 -12.7936 10.5346
    endloop
  endfacet
  facet normal 0.246785 -0.775941 0.580529
    outer loop
      vertex -2.02541 -12.7879 10.4092
      vertex -1.8264 -12.6557 10.5013
      vertex -2.00975 -12.6891 10.5346
    endloop
  endfacet
  facet normal 0.246834 -0.775971 0.580467
    outer loop
      vertex -1.8264 -12.6557 10.5013
      vertex -2.02541 -12.7879 10.4092
      vertex -1.78083 -12.7101 10.4092
    endloop
  endfacet
  facet normal 0.24775 -0.756133 0.605709
    outer loop
      vertex -1.8264 -12.6557 10.5013
      vertex -1.84189 -12.6341 10.5346
      vertex -2.00975 -12.6891 10.5346
    endloop
  endfacet
  facet normal -0.248058 -0.757351 0.604058
    outer loop
      vertex 1.84666 -12.6498 10.5169
      vertex 2.00975 -12.6891 10.5346
      vertex 1.85343 -12.6379 10.5346
    endloop
  endfacet
  facet normal -0.247962 -0.756405 0.605282
    outer loop
      vertex 2.00975 -12.6891 10.5346
      vertex 1.84666 -12.6498 10.5169
      vertex 1.84171 -12.6585 10.504
    endloop
  endfacet
  facet normal -0.246834 -0.775819 0.58067
    outer loop
      vertex 2.02541 -12.7879 10.4092
      vertex 1.84171 -12.6585 10.504
      vertex 1.80068 -12.7164 10.4092
    endloop
  endfacet
  facet normal -0.246998 -0.775911 0.580478
    outer loop
      vertex 1.84171 -12.6585 10.504
      vertex 2.02541 -12.7879 10.4092
      vertex 2.00975 -12.6891 10.5346
    endloop
  endfacet
  facet normal -0.115922 -0.787182 0.605728
    outer loop
      vertex 2.02541 -12.7879 10.4092
      vertex 2.71937 -12.7936 10.5346
      vertex 2.00975 -12.6891 10.5346
    endloop
  endfacet
  facet normal -0.112763 -0.801249 0.587609
    outer loop
      vertex 2.73952 -12.8884 10.4092
      vertex 2.71937 -12.7936 10.5346
      vertex 2.02541 -12.7879 10.4092
    endloop
  endfacet
  facet normal 0.261668 -0.749219 0.608441
    outer loop
      vertex 2.73952 -12.8884 10.4092
      vertex 3.39234 -12.6604 10.4092
      vertex 2.71937 -12.7936 10.5346
    endloop
  endfacet
  facet normal 0.261795 -0.744606 0.614024
    outer loop
      vertex 3.39234 -12.6604 10.4092
      vertex 3.336 -12.5768 10.5346
      vertex 2.71937 -12.7936 10.5346
    endloop
  endfacet
  facet normal 0.253788 -0.748302 0.612891
    outer loop
      vertex 3.336 -12.5768 10.5346
      vertex 3.39234 -12.6604 10.4092
      vertex 3.39177 -12.6583 10.412
    endloop
  endfacet
  facet normal 0.522861 -0.627433 0.577014
    outer loop
      vertex 3.39234 -12.6604 10.4092
      vertex 3.39342 -12.6595 10.4092
      vertex 3.39177 -12.6583 10.412
    endloop
  endfacet
  facet normal -0.258535 -0.730243 0.63238
    outer loop
      vertex -3.29688 -12.488 10.655
      vertex -2.6988 -12.6968 10.6584
      vertex -3.29506 -12.4857 10.6584
    endloop
  endfacet
  facet normal -0.2599 -0.734238 0.627174
    outer loop
      vertex -3.31166 -12.5066 10.6271
      vertex -2.6988 -12.6968 10.6584
      vertex -3.29688 -12.488 10.655
    endloop
  endfacet
  facet normal -0.260053 -0.734861 0.62638
    outer loop
      vertex -2.6988 -12.6968 10.6584
      vertex -3.31166 -12.5066 10.6271
      vertex -3.3412 -12.5709 10.5394
    endloop
  endfacet
  facet normal -0.261162 -0.742519 0.616814
    outer loop
      vertex -2.71937 -12.7936 10.5346
      vertex -3.3412 -12.5709 10.5394
      vertex -3.34287 -12.5743 10.5346
    endloop
  endfacet
  facet normal -0.25996 -0.739258 0.621224
    outer loop
      vertex -3.3412 -12.5709 10.5394
      vertex -2.71937 -12.7936 10.5346
      vertex -2.6988 -12.6968 10.6584
    endloop
  endfacet
  facet normal 0.116589 -0.791709 0.59967
    outer loop
      vertex -2.00975 -12.6891 10.5346
      vertex -2.6988 -12.6968 10.6584
      vertex -2.71937 -12.7936 10.5346
    endloop
  endfacet
  facet normal 0.119701 -0.777088 0.617904
    outer loop
      vertex -2.00975 -12.6891 10.5346
      vertex -1.99378 -12.5882 10.6584
      vertex -2.6988 -12.6968 10.6584
    endloop
  endfacet
  facet normal 0.250169 -0.766061 0.592087
    outer loop
      vertex -2.00975 -12.6891 10.5346
      vertex -1.89283 -12.5693 10.6402
      vertex -1.99378 -12.5882 10.6584
    endloop
  endfacet
  facet normal 0.251088 -0.766319 0.591363
    outer loop
      vertex -1.89283 -12.5693 10.6402
      vertex -2.00975 -12.6891 10.5346
      vertex -1.84189 -12.6341 10.5346
    endloop
  endfacet
  facet normal 0.250896 -0.745532 0.617441
    outer loop
      vertex -1.89283 -12.5693 10.6402
      vertex -1.90107 -12.557 10.6584
      vertex -1.99378 -12.5882 10.6584
    endloop
  endfacet
  facet normal -0.251184 -0.745124 0.617816
    outer loop
      vertex 1.99378 -12.5882 10.6584
      vertex 1.9036 -12.5578 10.6584
      vertex 1.89729 -12.5701 10.641
    endloop
  endfacet
  facet normal -0.250939 -0.766149 0.591646
    outer loop
      vertex 2.00975 -12.6891 10.5346
      vertex 1.89729 -12.5701 10.641
      vertex 1.85343 -12.6379 10.5346
    endloop
  endfacet
  facet normal -0.250452 -0.766021 0.592018
    outer loop
      vertex 1.89729 -12.5701 10.641
      vertex 2.00975 -12.6891 10.5346
      vertex 1.99378 -12.5882 10.6584
    endloop
  endfacet
  facet normal -0.119701 -0.777088 0.617904
    outer loop
      vertex 2.00975 -12.6891 10.5346
      vertex 2.6988 -12.6968 10.6584
      vertex 1.99378 -12.5882 10.6584
    endloop
  endfacet
  facet normal -0.116589 -0.791709 0.59967
    outer loop
      vertex 2.71937 -12.7936 10.5346
      vertex 2.6988 -12.6968 10.6584
      vertex 2.00975 -12.6891 10.5346
    endloop
  endfacet
  facet normal 0.259904 -0.739274 0.621227
    outer loop
      vertex 2.71937 -12.7936 10.5346
      vertex 3.33321 -12.5725 10.5409
      vertex 2.6988 -12.6968 10.6584
    endloop
  endfacet
  facet normal 0.260167 -0.739977 0.62028
    outer loop
      vertex 3.33321 -12.5725 10.5409
      vertex 2.71937 -12.7936 10.5346
      vertex 3.336 -12.5768 10.5346
    endloop
  endfacet
  facet normal 0.260042 -0.734593 0.626699
    outer loop
      vertex 2.6988 -12.6968 10.6584
      vertex 3.32084 -12.5527 10.5692
      vertex 3.28186 -12.4904 10.6584
    endloop
  endfacet
  facet normal 0.260013 -0.734114 0.627272
    outer loop
      vertex 3.32084 -12.5527 10.5692
      vertex 2.6988 -12.6968 10.6584
      vertex 3.33321 -12.5725 10.5409
    endloop
  endfacet
  facet normal -0.258546 -0.725192 0.638162
    outer loop
      vertex -3.229 -12.4618 10.7124
      vertex -2.67783 -12.5982 10.7807
      vertex -3.1311 -12.4366 10.7807
    endloop
  endfacet
  facet normal -0.258451 -0.724265 0.639252
    outer loop
      vertex -3.27769 -12.4777 10.6747
      vertex -2.67783 -12.5982 10.7807
      vertex -3.229 -12.4618 10.7124
    endloop
  endfacet
  facet normal -0.25845 -0.727715 0.635323
    outer loop
      vertex -2.67783 -12.5982 10.7807
      vertex -3.27769 -12.4777 10.6747
      vertex -3.2854 -12.4802 10.6687
    endloop
  endfacet
  facet normal -0.234706 -0.748732 0.61993
    outer loop
      vertex -3.29506 -12.4857 10.6584
      vertex -3.2854 -12.4802 10.6687
      vertex -3.29259 -12.4825 10.6632
    endloop
  endfacet
  facet normal -0.258531 -0.730231 0.632396
    outer loop
      vertex -3.2854 -12.4802 10.6687
      vertex -3.29506 -12.4857 10.6584
      vertex -2.6988 -12.6968 10.6584
    endloop
  endfacet
  facet normal -0.258414 -0.729931 0.63279
    outer loop
      vertex -3.2854 -12.4802 10.6687
      vertex -2.6988 -12.6968 10.6584
      vertex -2.67783 -12.5982 10.7807
    endloop
  endfacet
  facet normal 0.120585 -0.782824 0.610448
    outer loop
      vertex -1.99378 -12.5882 10.6584
      vertex -2.67783 -12.5982 10.7807
      vertex -2.6988 -12.6968 10.6584
    endloop
  endfacet
  facet normal 0.123575 -0.768026 0.628383
    outer loop
      vertex -1.99378 -12.5882 10.6584
      vertex -2.05446 -12.4979 10.7807
      vertex -2.67783 -12.5982 10.7807
    endloop
  endfacet
  facet normal 0.122028 -0.768571 0.628018
    outer loop
      vertex -2.05446 -12.4979 10.7807
      vertex -1.99378 -12.5882 10.6584
      vertex -1.98516 -12.5338 10.7233
    endloop
  endfacet
  facet normal 0.253883 -0.757605 0.601313
    outer loop
      vertex -1.99378 -12.5882 10.6584
      vertex -1.96173 -12.5396 10.7061
      vertex -1.98516 -12.5338 10.7233
    endloop
  endfacet
  facet normal 0.254477 -0.75767 0.600981
    outer loop
      vertex -1.96173 -12.5396 10.7061
      vertex -1.99378 -12.5882 10.6584
      vertex -1.90329 -12.554 10.6632
    endloop
  endfacet
  facet normal 0.256406 -0.761903 0.594777
    outer loop
      vertex -1.90329 -12.554 10.6632
      vertex -1.99378 -12.5882 10.6584
      vertex -1.90107 -12.557 10.6584
    endloop
  endfacet
  facet normal -0.257299 -0.763263 0.592644
    outer loop
      vertex 1.99378 -12.5882 10.6584
      vertex 1.90546 -12.5547 10.6632
      vertex 1.9036 -12.5578 10.6584
    endloop
  endfacet
  facet normal -0.254663 -0.757523 0.601087
    outer loop
      vertex 1.90546 -12.5547 10.6632
      vertex 1.99378 -12.5882 10.6584
      vertex 1.98598 -12.539 10.7171
    endloop
  endfacet
  facet normal -0.12242 -0.768583 0.627928
    outer loop
      vertex 1.99378 -12.5882 10.6584
      vertex 2.06484 -12.4996 10.7807
      vertex 1.98598 -12.539 10.7171
    endloop
  endfacet
  facet normal -0.123554 -0.76813 0.628259
    outer loop
      vertex 2.06484 -12.4996 10.7807
      vertex 1.99378 -12.5882 10.6584
      vertex 2.67783 -12.5982 10.7807
    endloop
  endfacet
  facet normal -0.120585 -0.782824 0.610448
    outer loop
      vertex 2.6988 -12.6968 10.6584
      vertex 2.67783 -12.5982 10.7807
      vertex 1.99378 -12.5882 10.6584
    endloop
  endfacet
  facet normal 0.258406 -0.729933 0.63279
    outer loop
      vertex 2.6988 -12.6968 10.6584
      vertex 3.26826 -12.4835 10.6719
      vertex 2.67783 -12.5982 10.7807
    endloop
  endfacet
  facet normal 0.258296 -0.729662 0.633148
    outer loop
      vertex 3.28186 -12.4904 10.6584
      vertex 3.26826 -12.4835 10.6719
      vertex 2.6988 -12.6968 10.6584
    endloop
  endfacet
  facet normal 0.24819 -0.738162 0.627311
    outer loop
      vertex 3.26826 -12.4835 10.6719
      vertex 3.28186 -12.4904 10.6584
      vertex 3.27984 -12.487 10.6632
    endloop
  endfacet
  facet normal 0.25889 -0.726079 0.637013
    outer loop
      vertex 2.67783 -12.5982 10.7807
      vertex 3.14257 -12.4446 10.7669
      vertex 3.12432 -12.439 10.7807
    endloop
  endfacet
  facet normal 0.258487 -0.724705 0.638739
    outer loop
      vertex 3.14257 -12.4446 10.7669
      vertex 2.67783 -12.5982 10.7807
      vertex 3.26826 -12.4835 10.6719
    endloop
  endfacet
  facet normal -0.25662 -0.717052 0.64806
    outer loop
      vertex -3.0664 -12.4189 10.8263
      vertex -2.88099 -12.4172 10.9016
      vertex -2.99838 -12.3995 10.8747
    endloop
  endfacet
  facet normal -0.25722 -0.715531 0.649503
    outer loop
      vertex -2.88099 -12.4172 10.9016
      vertex -3.0664 -12.4189 10.8263
      vertex -2.6565 -12.4979 10.9016
    endloop
  endfacet
  facet normal -0.256871 -0.720495 0.64413
    outer loop
      vertex -2.67783 -12.5982 10.7807
      vertex -3.0664 -12.4189 10.8263
      vertex -3.1311 -12.4366 10.7807
    endloop
  endfacet
  facet normal -0.257162 -0.720963 0.64349
    outer loop
      vertex -3.0664 -12.4189 10.8263
      vertex -2.67783 -12.5982 10.7807
      vertex -2.6565 -12.4979 10.9016
    endloop
  endfacet
  facet normal 0.124583 -0.774322 0.620407
    outer loop
      vertex -2.67783 -12.5982 10.7807
      vertex -2.0757 -12.4873 10.7982
      vertex -2.6565 -12.4979 10.9016
    endloop
  endfacet
  facet normal 0.124602 -0.774405 0.620299
    outer loop
      vertex -2.0757 -12.4873 10.7982
      vertex -2.67783 -12.5982 10.7807
      vertex -2.05446 -12.4979 10.7807
    endloop
  endfacet
  facet normal 0.127455 -0.759355 0.638071
    outer loop
      vertex -2.0757 -12.4873 10.7982
      vertex -2.29188 -12.4367 10.9016
      vertex -2.6565 -12.4979 10.9016
    endloop
  endfacet
  facet normal 0.127494 -0.75878 0.638747
    outer loop
      vertex -2.29188 -12.4367 10.9016
      vertex -2.15973 -12.4464 10.8637
      vertex -2.17437 -12.4396 10.8747
    endloop
  endfacet
  facet normal 0.127157 -0.759639 0.637792
    outer loop
      vertex -2.29188 -12.4367 10.9016
      vertex -2.10482 -12.4718 10.8225
      vertex -2.15973 -12.4464 10.8637
    endloop
  endfacet
  facet normal 0.126566 -0.760566 0.636805
    outer loop
      vertex -2.29188 -12.4367 10.9016
      vertex -2.0757 -12.4873 10.7982
      vertex -2.10482 -12.4718 10.8225
    endloop
  endfacet
  facet normal -0.132157 -0.75359 0.643923
    outer loop
      vertex 2.0899 -12.4876 10.8007
      vertex 2.28387 -12.4354 10.9016
      vertex 2.27144 -12.4351 10.8994
    endloop
  endfacet
  facet normal -0.126104 -0.760795 0.636623
    outer loop
      vertex 2.0899 -12.4876 10.8007
      vertex 2.27144 -12.4351 10.8994
      vertex 2.18053 -12.4407 10.8747
    endloop
  endfacet
  facet normal -0.127396 -0.759548 0.637854
    outer loop
      vertex 2.28387 -12.4354 10.9016
      vertex 2.0899 -12.4876 10.8007
      vertex 2.6565 -12.4979 10.9016
    endloop
  endfacet
  facet normal -0.124327 -0.773322 0.621704
    outer loop
      vertex 2.67783 -12.5982 10.7807
      vertex 2.0899 -12.4876 10.8007
      vertex 2.08013 -12.4923 10.7929
    endloop
  endfacet
  facet normal -0.124627 -0.774799 0.619802
    outer loop
      vertex 2.67783 -12.5982 10.7807
      vertex 2.08013 -12.4923 10.7929
      vertex 2.06484 -12.4996 10.7807
    endloop
  endfacet
  facet normal -0.124559 -0.774322 0.620411
    outer loop
      vertex 2.0899 -12.4876 10.8007
      vertex 2.67783 -12.5982 10.7807
      vertex 2.6565 -12.4979 10.9016
    endloop
  endfacet
  facet normal 0.257143 -0.720969 0.643491
    outer loop
      vertex 2.67783 -12.5982 10.7807
      vertex 3.06378 -12.4194 10.8268
      vertex 2.6565 -12.4979 10.9016
    endloop
  endfacet
  facet normal 0.256969 -0.720692 0.643871
    outer loop
      vertex 3.06378 -12.4194 10.8268
      vertex 2.67783 -12.5982 10.7807
      vertex 3.12432 -12.439 10.7807
    endloop
  endfacet
  facet normal 0.257198 -0.715823 0.64919
    outer loop
      vertex 3.06378 -12.4194 10.8268
      vertex 2.87303 -12.4201 10.9016
      vertex 2.6565 -12.4979 10.9016
    endloop
  endfacet
  facet normal 0.256799 -0.716895 0.648163
    outer loop
      vertex 2.87303 -12.4201 10.9016
      vertex 3.06378 -12.4194 10.8268
      vertex 2.94478 -12.4057 10.8891
    endloop
  endfacet
  facet normal 0.260605 -0.710221 0.653966
    outer loop
      vertex 2.96247 -12.4028 10.8852
      vertex 2.94478 -12.4057 10.8891
      vertex 3.06378 -12.4194 10.8268
    endloop
  endfacet
  facet normal 0.258724 -0.734435 0.627429
    outer loop
      vertex 2.94478 -12.4057 10.8891
      vertex 2.96247 -12.4028 10.8852
      vertex 2.95458 -12.4037 10.8874
    endloop
  endfacet
  facet normal 0.254603 -0.719464 0.64618
    outer loop
      vertex 2.96247 -12.4028 10.8852
      vertex 3.06378 -12.4194 10.8268
      vertex 3.00127 -12.3985 10.8747
    endloop
  endfacet
  facet normal -0.255429 -0.711198 0.654946
    outer loop
      vertex -2.6565 -12.4979 10.9016
      vertex -2.7042 -12.4641 10.9197
      vertex -2.72616 -12.4552 10.9208
    endloop
  endfacet
  facet normal -0.255945 -0.711702 0.654196
    outer loop
      vertex -2.6565 -12.4979 10.9016
      vertex -2.72616 -12.4552 10.9208
      vertex -2.84232 -12.4251 10.9081
    endloop
  endfacet
  facet normal -0.253205 -0.694528 0.673437
    outer loop
      vertex -2.87885 -12.4176 10.9021
      vertex -2.84232 -12.4251 10.9081
      vertex -2.86162 -12.4201 10.906
    endloop
  endfacet
  facet normal -0.23387 -0.939812 0.249115
    outer loop
      vertex -2.88099 -12.4172 10.9016
      vertex -2.84232 -12.4251 10.9081
      vertex -2.87885 -12.4176 10.9021
    endloop
  endfacet
  facet normal -0.255368 -0.710378 0.655859
    outer loop
      vertex -2.84232 -12.4251 10.9081
      vertex -2.88099 -12.4172 10.9016
      vertex -2.6565 -12.4979 10.9016
    endloop
  endfacet
  facet normal -0.256275 -0.71184 0.653916
    outer loop
      vertex -2.7042 -12.4641 10.9197
      vertex -2.6565 -12.4979 10.9016
      vertex -2.65366 -12.4845 10.9173
    endloop
  endfacet
  facet normal 0.132635 -0.769131 0.625176
    outer loop
      vertex -2.6565 -12.4979 10.9016
      vertex -2.57504 -12.4628 10.9275
      vertex -2.60338 -12.4685 10.9265
    endloop
  endfacet
  facet normal 0.126214 -0.761785 0.635416
    outer loop
      vertex -2.57504 -12.4628 10.9275
      vertex -2.6565 -12.4979 10.9016
      vertex -2.48774 -12.4455 10.9309
    endloop
  endfacet
  facet normal 0.128324 -0.765677 0.630295
    outer loop
      vertex -2.6565 -12.4979 10.9016
      vertex -2.60338 -12.4685 10.9265
      vertex -2.65366 -12.4845 10.9173
    endloop
  endfacet
  facet normal 0.128754 -0.766497 0.62921
    outer loop
      vertex -2.48774 -12.4455 10.9309
      vertex -2.6565 -12.4979 10.9016
      vertex -2.38587 -12.4375 10.9198
    endloop
  endfacet
  facet normal 0.129244 -0.768078 0.627178
    outer loop
      vertex -2.33549 -12.4358 10.9115
      vertex -2.38587 -12.4375 10.9198
      vertex -2.6565 -12.4979 10.9016
    endloop
  endfacet
  facet normal 0.126511 -0.78437 0.607254
    outer loop
      vertex -2.38587 -12.4375 10.9198
      vertex -2.33549 -12.4358 10.9115
      vertex -2.35893 -12.4354 10.9169
    endloop
  endfacet
  facet normal 0.128073 -0.76304 0.633536
    outer loop
      vertex -2.33549 -12.4358 10.9115
      vertex -2.6565 -12.4979 10.9016
      vertex -2.29188 -12.4367 10.9016
    endloop
  endfacet
  facet normal -0.127856 -0.763977 0.632449
    outer loop
      vertex 2.6565 -12.4979 10.9016
      vertex 2.5446 -12.455 10.9308
      vertex 2.45647 -12.4429 10.9276
    endloop
  endfacet
  facet normal -0.128437 -0.765285 0.630748
    outer loop
      vertex 2.6565 -12.4979 10.9016
      vertex 2.45647 -12.4429 10.9276
      vertex 2.42783 -12.439 10.9265
    endloop
  endfacet
  facet normal -0.136083 -0.775006 0.617128
    outer loop
      vertex 2.5446 -12.455 10.9308
      vertex 2.6565 -12.4979 10.9016
      vertex 2.572 -12.4622 10.9278
    endloop
  endfacet
  facet normal -0.128797 -0.766187 0.629578
    outer loop
      vertex 2.6565 -12.4979 10.9016
      vertex 2.42783 -12.439 10.9265
      vertex 2.29116 -12.4355 10.9028
    endloop
  endfacet
  facet normal -0.12157 -0.724811 0.678137
    outer loop
      vertex 2.6565 -12.4979 10.9016
      vertex 2.29116 -12.4355 10.9028
      vertex 2.28387 -12.4354 10.9016
    endloop
  endfacet
  facet normal -0.128234 -0.765904 0.630038
    outer loop
      vertex 2.572 -12.4622 10.9278
      vertex 2.6565 -12.4979 10.9016
      vertex 2.65342 -12.4834 10.9186
    endloop
  endfacet
  facet normal 0.257851 -0.711543 0.653621
    outer loop
      vertex 2.6565 -12.4979 10.9016
      vertex 2.66707 -12.4768 10.9204
      vertex 2.65342 -12.4834 10.9186
    endloop
  endfacet
  facet normal 0.255847 -0.711389 0.654575
    outer loop
      vertex 2.66707 -12.4768 10.9204
      vertex 2.6565 -12.4979 10.9016
      vertex 2.76697 -12.444 10.917
    endloop
  endfacet
  facet normal 0.254038 -0.708711 0.658175
    outer loop
      vertex 2.76697 -12.444 10.917
      vertex 2.6565 -12.4979 10.9016
      vertex 2.78887 -12.4368 10.9163
    endloop
  endfacet
  facet normal 0.255515 -0.71114 0.654974
    outer loop
      vertex 2.78887 -12.4368 10.9163
      vertex 2.6565 -12.4979 10.9016
      vertex 2.87303 -12.4201 10.9016
    endloop
  endfacet
  facet normal -0.5931 0 0.805129
    outer loop
      vertex -3.37551 -11.9732 10.6632
      vertex -3.0884 -12.193 10.8747
      vertex -3.0884 -12.0211 10.8747
    endloop
  endfacet
  facet normal -0.5931 0 0.805129
    outer loop
      vertex -3.0884 -12.193 10.8747
      vertex -3.37551 -11.9732 10.6632
      vertex -3.37551 -12.2409 10.6632
    endloop
  endfacet
  facet normal -0.46801 -0.364347 -0.80512
    outer loop
      vertex -3.12418 -12.7053 9.03683
      vertex -3.2886 -12.4941 9.03683
      vertex -2.92703 -12.4912 8.82534
    endloop
  endfacet
  facet normal 0.801745 -0.133806 -0.582496
    outer loop
      vertex -1.54878 -12.1071 9.32791
      vertex -1.80432 -12.3711 9.03683
      vertex -1.76026 -12.1071 9.03683
    endloop
  endfacet
  facet normal -0.546937 0.837174 0
    outer loop
      vertex -3.0297 -11.0669 9.6701
      vertex -3.34272 -11.2714 10.0299
      vertex -3.0297 -11.0669 10.0299
    endloop
  endfacet
  facet normal -0.546937 0.837174 0
    outer loop
      vertex -3.34272 -11.2714 10.0299
      vertex -3.0297 -11.0669 9.6701
      vertex -3.34272 -11.2714 9.6701
    endloop
  endfacet
  facet normal 0.550538 0.59793 -0.582569
    outer loop
      vertex -1.76483 -11.4777 9.32791
      vertex -2.12867 -11.4263 9.03683
      vertex -2.013 -11.2492 9.32791
    endloop
  endfacet
  facet normal 0.308396 0.0514418 0.949866
    outer loop
      vertex -2.07963 -11.9375 10.8747
      vertex -2.39353 -12.1071 10.9858
      vertex -2.05134 -12.1071 10.8747
    endloop
  endfacet
  facet normal -0.768799 0.26397 -0.582467
    outer loop
      vertex -3.2886 -11.72 9.03683
      vertex -3.58412 -11.9384 9.32791
      vertex -3.47459 -11.6194 9.32791
    endloop
  endfacet
  facet normal 0.401766 -0.436891 0.804805
    outer loop
      vertex -2.10482 -12.4718 10.8225
      vertex -2.16143 -12.4277 10.8747
      vertex -2.15973 -12.4464 10.8637
    endloop
  endfacet
  facet normal 0.71484 0.386906 0.582501
    outer loop
      vertex -1.76483 -11.4777 10.3721
      vertex -1.93173 -11.6076 10.6632
      vertex -1.80432 -11.843 10.6632
    endloop
  endfacet
  facet normal -0.560916 0.19261 0.805155
    outer loop
      vertex -3.0326 -11.8586 10.8747
      vertex -3.2886 -11.72 10.6632
      vertex -3.0884 -12.0211 10.8747
    endloop
  endfacet
  facet normal 0.84142 -0.455411 0.290885
    outer loop
      vertex -1.76323 -12.7348 10.37
      vertex -1.60429 -12.4398 10.3721
      vertex -1.76309 -12.7332 10.3721
    endloop
  endfacet
  facet normal 0.837448 -0.453372 0.30518
    outer loop
      vertex -1.60429 -12.4398 10.3721
      vertex -1.76323 -12.7348 10.37
      vertex -1.49913 -12.4759 10.0299
    endloop
  endfacet
  facet normal 0.550538 -0.59793 -0.582569
    outer loop
      vertex -2.013 -12.9649 9.32791
      vertex -2.12867 -12.7878 9.03683
      vertex -1.76483 -12.7364 9.32791
    endloop
  endfacet
  facet normal -0.945838 -0.324639 0
    outer loop
      vertex -3.57238 -12.6477 9.6701
      vertex -3.69378 -12.294 10.0299
      vertex -3.69378 -12.294 9.6701
    endloop
  endfacet
  facet normal -0.945838 -0.324639 0
    outer loop
      vertex -3.69378 -12.294 10.0299
      vertex -3.57238 -12.6477 9.6701
      vertex -3.57238 -12.6477 10.0299
    endloop
  endfacet
  facet normal 0.0784908 -0.949118 -0.304983
    outer loop
      vertex -2.2946 -13.2081 9.6701
      vertex -2.65805 -13.1282 9.32791
      vertex -2.32189 -13.1004 9.32791
    endloop
  endfacet
  facet normal 0.125753 -0.286429 -0.949813
    outer loop
      vertex -2.44527 -12.6132 8.82534
      vertex -2.52927 -12.2814 8.71416
      vertex -2.28788 -12.5441 8.82534
    endloop
  endfacet
  facet normal 0.939306 0.156695 0.305206
    outer loop
      vertex -1.49913 -11.7382 10.0299
      vertex -1.54878 -12.1071 10.3721
      vertex -1.43759 -12.1071 10.0299
    endloop
  endfacet
  facet normal -0.233767 0.923155 -0.305186
    outer loop
      vertex -2.65805 -11.0859 9.32791
      vertex -2.98503 -11.1687 9.32791
      vertex -2.66723 -10.9751 9.6701
    endloop
  endfacet
  facet normal 0.078698 0.949036 -0.305184
    outer loop
      vertex -2.65805 -11.0859 9.32791
      vertex -2.66723 -10.9751 9.6701
      vertex -2.2946 -11.006 9.6701
    endloop
  endfacet
  facet normal 0.0669879 0.810024 0.582558
    outer loop
      vertex -2.32189 -11.1137 10.3721
      vertex -2.65805 -11.0859 10.3721
      vertex -2.64058 -11.2967 10.6632
    endloop
  endfacet
  facet normal -0.199519 0.787907 -0.582576
    outer loop
      vertex -2.64058 -11.2967 9.03683
      vertex -2.98503 -11.1687 9.32791
      vertex -2.65805 -11.0859 9.32791
    endloop
  endfacet
  facet normal 0.125254 0.286603 0.949826
    outer loop
      vertex -2.28788 -11.67 10.8747
      vertex -2.52927 -11.9327 10.9858
      vertex -2.47504 -11.9564 10.9858
    endloop
  endfacet
  facet normal 0.0258268 0.311522 0.949888
    outer loop
      vertex -2.44527 -11.6009 10.8747
      vertex -2.61655 -11.5867 10.8747
      vertex -2.52927 -11.9327 10.9858
    endloop
  endfacet
  facet normal -0.900719 -0.309152 0.305173
    outer loop
      vertex -3.58412 -12.2757 10.3721
      vertex -3.69378 -12.294 10.0299
      vertex -3.57238 -12.6477 10.0299
    endloop
  endfacet
  facet normal -0.444532 -0.680462 -0.582549
    outer loop
      vertex -2.98503 -13.0454 9.32791
      vertex -3.12418 -12.7053 9.03683
      vertex -2.90008 -12.8517 9.03683
    endloop
  endfacet
  facet normal 0.837484 0.453303 0.305184
    outer loop
      vertex -1.49913 -11.7382 10.0299
      vertex -1.76483 -11.4777 10.3721
      vertex -1.60429 -11.7743 10.3721
    endloop
  endfacet
  facet normal -0.25629 -0.185316 0.948669
    outer loop
      vertex -2.73165 -12.1927 10.9858
      vertex -2.88099 -12.4172 10.9016
      vertex -2.87885 -12.4176 10.9021
    endloop
  endfacet
  facet normal -0.24672 -0.192126 0.949851
    outer loop
      vertex -3.0326 -12.3555 10.8747
      vertex -2.88099 -12.4172 10.9016
      vertex -2.73165 -12.1927 10.9858
    endloop
  endfacet
  facet normal -0.246599 -0.191787 0.949951
    outer loop
      vertex -2.88099 -12.4172 10.9016
      vertex -3.0326 -12.3555 10.8747
      vertex -2.99838 -12.3995 10.8747
    endloop
  endfacet
  facet normal -0.245511 0.969394 0
    outer loop
      vertex -2.66723 -10.9751 9.6701
      vertex -3.0297 -11.0669 10.0299
      vertex -2.66723 -10.9751 10.0299
    endloop
  endfacet
  facet normal -0.245511 0.969394 0
    outer loop
      vertex -3.0297 -11.0669 10.0299
      vertex -2.66723 -10.9751 9.6701
      vertex -3.0297 -11.0669 9.6701
    endloop
  endfacet
  facet normal -0.171107 0.261904 -0.949805
    outer loop
      vertex -2.6457 -11.9423 8.71416
      vertex -2.92703 -11.7229 8.82534
      vertex -2.78315 -11.6289 8.82534
    endloop
  endfacet
  facet normal -0.768785 -0.263966 0.582488
    outer loop
      vertex -3.29688 -12.488 10.655
      vertex -3.37551 -12.2409 10.6632
      vertex -3.58412 -12.2757 10.3721
    endloop
  endfacet
  facet normal -0.773725 -0.265552 0.57518
    outer loop
      vertex -3.37551 -12.2409 10.6632
      vertex -3.29506 -12.4857 10.6584
      vertex -3.29259 -12.4825 10.6632
    endloop
  endfacet
  facet normal -0.765251 -0.263009 0.587552
    outer loop
      vertex -3.37551 -12.2409 10.6632
      vertex -3.29688 -12.488 10.655
      vertex -3.29506 -12.4857 10.6584
    endloop
  endfacet
  facet normal -0.900693 0.309231 0.305169
    outer loop
      vertex -3.57238 -11.5665 10.0299
      vertex -3.69378 -11.9201 10.0299
      vertex -3.58412 -11.9384 10.3721
    endloop
  endfacet
  facet normal -0.233768 0.923157 0.305178
    outer loop
      vertex -2.66723 -10.9751 10.0299
      vertex -2.98503 -11.1687 10.3721
      vertex -2.65805 -11.0859 10.3721
    endloop
  endfacet
  facet normal 0.585013 0.0975826 0.805132
    outer loop
      vertex -1.76026 -12.1071 10.6632
      vertex -2.07963 -11.9375 10.8747
      vertex -2.05134 -12.1071 10.8747
    endloop
  endfacet
  facet normal 0.550551 0.597944 0.582543
    outer loop
      vertex -2.013 -11.2492 10.3721
      vertex -2.12867 -11.4263 10.6632
      vertex -1.76483 -11.4777 10.3721
    endloop
  endfacet
  facet normal 0.714829 0.386914 0.582509
    outer loop
      vertex -1.76483 -11.4777 10.3721
      vertex -1.80432 -11.843 10.6632
      vertex -1.60429 -11.7743 10.3721
    endloop
  endfacet
  facet normal 0.2384 0.543008 -0.805176
    outer loop
      vertex -2.28788 -11.67 8.82534
      vertex -2.44527 -11.6009 8.82534
      vertex -2.12867 -11.4263 9.03683
    endloop
  endfacet
  facet normal 0.0669864 0.810005 -0.582585
    outer loop
      vertex -2.64058 -11.2967 9.03683
      vertex -2.65805 -11.0859 9.32791
      vertex -2.32189 -11.1137 9.32791
    endloop
  endfacet
  facet normal 0.125962 -0.285925 0.949937
    outer loop
      vertex -2.38587 -12.4375 10.9198
      vertex -2.52927 -12.2814 10.9858
      vertex -2.48774 -12.4455 10.9309
    endloop
  endfacet
  facet normal 0.308616 0.051436 -0.949795
    outer loop
      vertex -2.39353 -12.1071 8.71416
      vertex -2.40328 -12.0486 8.71416
      vertex -2.07963 -11.9375 8.82534
    endloop
  endfacet
  facet normal 0.308596 -0.0515055 -0.949798
    outer loop
      vertex -2.07963 -12.2766 8.82534
      vertex -2.39353 -12.1071 8.71416
      vertex -2.05134 -12.1071 8.82534
    endloop
  endfacet
  facet normal -0.0766151 -0.303343 -0.949796
    outer loop
      vertex -2.58829 -12.2863 8.71416
      vertex -2.78315 -12.5852 8.82534
      vertex -2.6457 -12.2718 8.71416
    endloop
  endfacet
  facet normal 0.048973 -0.591155 -0.80507
    outer loop
      vertex -2.37381 -12.8953 9.03683
      vertex -2.64058 -12.9174 9.03683
      vertex -2.44527 -12.6132 8.82534
    endloop
  endfacet
  facet normal -0.199488 0.787933 -0.582552
    outer loop
      vertex -2.90008 -11.3624 9.03683
      vertex -2.98503 -11.1687 9.32791
      vertex -2.64058 -11.2967 9.03683
    endloop
  endfacet
  facet normal -0.751426 -0.584991 -0.305195
    outer loop
      vertex -3.34272 -12.9427 9.6701
      vertex -3.57238 -12.6477 9.6701
      vertex -3.26742 -12.8609 9.32791
    endloop
  endfacet
  facet normal 0.585018 0.0975989 0.805127
    outer loop
      vertex -1.80432 -11.843 10.6632
      vertex -2.07963 -11.9375 10.8747
      vertex -1.76026 -12.1071 10.6632
    endloop
  endfacet
  facet normal 0.9393 -0.156737 0.305204
    outer loop
      vertex -1.43759 -12.1071 10.0299
      vertex -1.54878 -12.1071 10.3721
      vertex -1.49913 -12.4759 10.0299
    endloop
  endfacet
  facet normal 0.274938 0.148841 0.949871
    outer loop
      vertex -2.16143 -11.7864 10.8747
      vertex -2.43147 -11.9966 10.9858
      vertex -2.07963 -11.9375 10.8747
    endloop
  endfacet
  facet normal 0.401691 0.436344 0.805139
    outer loop
      vertex -2.12867 -11.4263 10.6632
      vertex -2.16143 -11.7864 10.8747
      vertex -1.93173 -11.6076 10.6632
    endloop
  endfacet
  facet normal -0.324418 0.496566 -0.805093
    outer loop
      vertex -2.78315 -11.6289 8.82534
      vertex -2.92703 -11.7229 8.82534
      vertex -2.90008 -11.3624 9.03683
    endloop
  endfacet
  facet normal -0.94581 0.324721 0
    outer loop
      vertex -3.69378 -11.9201 9.6701
      vertex -3.57238 -11.5665 10.0299
      vertex -3.57238 -11.5665 9.6701
    endloop
  endfacet
  facet normal -0.94581 0.324721 0
    outer loop
      vertex -3.57238 -11.5665 10.0299
      vertex -3.69378 -11.9201 9.6701
      vertex -3.69378 -11.9201 10.0299
    endloop
  endfacet
  facet normal 0.275079 0.149125 -0.949786
    outer loop
      vertex -2.40328 -12.0486 8.71416
      vertex -2.43147 -11.9966 8.71416
      vertex -2.07963 -11.9375 8.82534
    endloop
  endfacet
  facet normal 0.550511 -0.598001 -0.582522
    outer loop
      vertex -1.76483 -12.7364 9.32791
      vertex -2.12867 -12.7878 9.03683
      vertex -1.93173 -12.6065 9.03683
    endloop
  endfacet
  facet normal -0.199524 0.787925 0.58255
    outer loop
      vertex -2.65805 -11.0859 10.3721
      vertex -2.98503 -11.1687 10.3721
      vertex -2.64058 -11.2967 10.6632
    endloop
  endfacet
  facet normal -1 0 0
    outer loop
      vertex -3.69378 -12.294 9.6701
      vertex -3.69378 -11.9201 10.0299
      vertex -3.69378 -11.9201 9.6701
    endloop
  endfacet
  facet normal -1 -0 0
    outer loop
      vertex -3.69378 -11.9201 10.0299
      vertex -3.69378 -12.294 9.6701
      vertex -3.69378 -12.294 10.0299
    endloop
  endfacet
  facet normal -0.444542 0.680477 0.582523
    outer loop
      vertex -2.98503 -11.1687 10.3721
      vertex -3.12418 -11.5088 10.6632
      vertex -2.90008 -11.3624 10.6632
    endloop
  endfacet
  facet normal 0.645031 0.700558 0.305211
    outer loop
      vertex -1.67709 -11.4094 10.0299
      vertex -2.013 -11.2492 10.3721
      vertex -1.76483 -11.4777 10.3721
    endloop
  endfacet
  facet normal 0.837488 0.453283 0.305203
    outer loop
      vertex -1.67709 -11.4094 10.0299
      vertex -1.76483 -11.4777 10.3721
      vertex -1.49913 -11.7382 10.0299
    endloop
  endfacet
  facet normal 0.550524 0.598015 0.582496
    outer loop
      vertex -1.76483 -11.4777 10.3721
      vertex -2.12867 -11.4263 10.6632
      vertex -1.93173 -11.6076 10.6632
    endloop
  endfacet
  facet normal 0.3265 0.744299 -0.582595
    outer loop
      vertex -2.12867 -11.4263 9.03683
      vertex -2.32189 -11.1137 9.32791
      vertex -2.013 -11.2492 9.32791
    endloop
  endfacet
  facet normal -0.233801 0.923159 0.305147
    outer loop
      vertex -2.66723 -10.9751 10.0299
      vertex -3.0297 -11.0669 10.0299
      vertex -2.98503 -11.1687 10.3721
    endloop
  endfacet
  facet normal 0.0784908 0.949118 -0.304983
    outer loop
      vertex -2.32189 -11.1137 9.32791
      vertex -2.65805 -11.0859 9.32791
      vertex -2.2946 -11.006 9.6701
    endloop
  endfacet
  facet normal 0.677213 0.735787 -0
    outer loop
      vertex -1.67709 -11.4094 9.6701
      vertex -1.95219 -11.1562 10.0299
      vertex -1.67709 -11.4094 10.0299
    endloop
  endfacet
  facet normal 0.677213 0.735787 0
    outer loop
      vertex -1.95219 -11.1562 10.0299
      vertex -1.67709 -11.4094 9.6701
      vertex -1.95219 -11.1562 9.6701
    endloop
  endfacet
  facet normal -0.171579 -0.261374 0.949865
    outer loop
      vertex -2.6457 -12.2718 10.9858
      vertex -2.84232 -12.4251 10.9081
      vertex -2.72616 -12.4552 10.9208
    endloop
  endfacet
  facet normal 0.382576 0.872132 0.304994
    outer loop
      vertex -2.2946 -11.006 10.0299
      vertex -2.32189 -11.1137 10.3721
      vertex -2.013 -11.2492 10.3721
    endloop
  endfacet
  facet normal -0.295723 0.101549 0.949861
    outer loop
      vertex -2.73165 -12.0214 10.9858
      vertex -3.0884 -12.0211 10.8747
      vertex -2.75088 -12.0774 10.9858
    endloop
  endfacet
  facet normal -0.751512 -0.584809 0.305334
    outer loop
      vertex -3.37925 -12.7605 10.2892
      vertex -3.47459 -12.5947 10.3721
      vertex -3.57238 -12.6477 10.0299
    endloop
  endfacet
  facet normal -0.752418 -0.585185 0.302366
    outer loop
      vertex -3.47459 -12.5947 10.3721
      vertex -3.40116 -12.6933 10.364
      vertex -3.40786 -12.6805 10.3721
    endloop
  endfacet
  facet normal -0.751571 -0.584789 0.305226
    outer loop
      vertex -3.47459 -12.5947 10.3721
      vertex -3.37925 -12.7605 10.2892
      vertex -3.40116 -12.6933 10.364
    endloop
  endfacet
  facet normal -0.750411 -0.587182 0.303481
    outer loop
      vertex -3.57238 -12.6477 10.0299
      vertex -3.37727 -12.7667 10.2821
      vertex -3.37925 -12.7605 10.2892
    endloop
  endfacet
  facet normal -0.751789 -0.584104 0.306
    outer loop
      vertex -3.37727 -12.7667 10.2821
      vertex -3.57238 -12.6477 10.0299
      vertex -3.37056 -12.7888 10.2564
    endloop
  endfacet
  facet normal 0 0 1
    outer loop
      vertex -2.40328 -12.0486 10.9858
      vertex -2.40328 -12.1655 10.9858
      vertex -2.39353 -12.1071 10.9858
    endloop
  endfacet
  facet normal 0 0 1
    outer loop
      vertex -2.43147 -11.9966 10.9858
      vertex -2.40328 -12.1655 10.9858
      vertex -2.40328 -12.0486 10.9858
    endloop
  endfacet
  facet normal 0 0 1
    outer loop
      vertex -2.43147 -11.9966 10.9858
      vertex -2.43147 -12.2175 10.9858
      vertex -2.40328 -12.1655 10.9858
    endloop
  endfacet
  facet normal 0 0 1
    outer loop
      vertex -2.47504 -11.9564 10.9858
      vertex -2.43147 -12.2175 10.9858
      vertex -2.43147 -11.9966 10.9858
    endloop
  endfacet
  facet normal 0 0 1
    outer loop
      vertex -2.47504 -11.9564 10.9858
      vertex -2.47504 -12.2577 10.9858
      vertex -2.43147 -12.2175 10.9858
    endloop
  endfacet
  facet normal 0 0 1
    outer loop
      vertex -2.52927 -11.9327 10.9858
      vertex -2.47504 -12.2577 10.9858
      vertex -2.47504 -11.9564 10.9858
    endloop
  endfacet
  facet normal 0 0 1
    outer loop
      vertex -2.52927 -11.9327 10.9858
      vertex -2.52927 -12.2814 10.9858
      vertex -2.47504 -12.2577 10.9858
    endloop
  endfacet
  facet normal 0 0 1
    outer loop
      vertex -2.58829 -11.9278 10.9858
      vertex -2.52927 -12.2814 10.9858
      vertex -2.52927 -11.9327 10.9858
    endloop
  endfacet
  facet normal 0 0 1
    outer loop
      vertex -2.58829 -11.9278 10.9858
      vertex -2.58829 -12.2863 10.9858
      vertex -2.52927 -12.2814 10.9858
    endloop
  endfacet
  facet normal -0 0 1
    outer loop
      vertex -2.6457 -11.9423 10.9858
      vertex -2.58829 -12.2863 10.9858
      vertex -2.58829 -11.9278 10.9858
    endloop
  endfacet
  facet normal 0 0 1
    outer loop
      vertex -2.6457 -11.9423 10.9858
      vertex -2.6457 -12.2718 10.9858
      vertex -2.58829 -12.2863 10.9858
    endloop
  endfacet
  facet normal -0 0 1
    outer loop
      vertex -2.69528 -11.9747 10.9858
      vertex -2.6457 -12.2718 10.9858
      vertex -2.6457 -11.9423 10.9858
    endloop
  endfacet
  facet normal 0 0 1
    outer loop
      vertex -2.69528 -11.9747 10.9858
      vertex -2.69528 -12.2394 10.9858
      vertex -2.6457 -12.2718 10.9858
    endloop
  endfacet
  facet normal -0 0 1
    outer loop
      vertex -2.73165 -12.0214 10.9858
      vertex -2.69528 -12.2394 10.9858
      vertex -2.69528 -11.9747 10.9858
    endloop
  endfacet
  facet normal 0 0 1
    outer loop
      vertex -2.73165 -12.0214 10.9858
      vertex -2.73165 -12.1927 10.9858
      vertex -2.69528 -12.2394 10.9858
    endloop
  endfacet
  facet normal -0 0 1
    outer loop
      vertex -2.75088 -12.0774 10.9858
      vertex -2.73165 -12.1927 10.9858
      vertex -2.73165 -12.0214 10.9858
    endloop
  endfacet
  facet normal 0 0 1
    outer loop
      vertex -2.73165 -12.1927 10.9858
      vertex -2.75088 -12.0774 10.9858
      vertex -2.75088 -12.1367 10.9858
    endloop
  endfacet
  facet normal -0.789073 -0.6143 0
    outer loop
      vertex -3.34272 -12.9427 9.6701
      vertex -3.57238 -12.6477 10.0299
      vertex -3.57238 -12.6477 9.6701
    endloop
  endfacet
  facet normal -0.789073 -0.6143 0
    outer loop
      vertex -3.57238 -12.6477 10.0299
      vertex -3.34272 -12.9427 9.6701
      vertex -3.34272 -12.9427 10.0299
    endloop
  endfacet
  facet normal -0.768788 -0.263884 -0.58252
    outer loop
      vertex -3.2886 -12.4941 9.03683
      vertex -3.58412 -12.2757 9.32791
      vertex -3.37551 -12.2409 9.03683
    endloop
  endfacet
  facet normal 0.939308 -0.156721 0.305188
    outer loop
      vertex -1.54878 -12.1071 10.3721
      vertex -1.60429 -12.4398 10.3721
      vertex -1.49913 -12.4759 10.0299
    endloop
  endfacet
  facet normal 0.837481 0.453302 -0.305192
    outer loop
      vertex -1.60429 -11.7743 9.32791
      vertex -1.76483 -11.4777 9.32791
      vertex -1.49913 -11.7382 9.6701
    endloop
  endfacet
  facet normal -0.145658 0.575038 -0.805056
    outer loop
      vertex -2.61655 -11.5867 8.82534
      vertex -2.78315 -11.6289 8.82534
      vertex -2.64058 -11.2967 9.03683
    endloop
  endfacet
  facet normal -0.324398 -0.496569 -0.8051
    outer loop
      vertex -2.90008 -12.8517 9.03683
      vertex -3.12418 -12.7053 9.03683
      vertex -2.92703 -12.4912 8.82534
    endloop
  endfacet
  facet normal -0.468024 0.364358 0.805107
    outer loop
      vertex -3.12418 -11.5088 10.6632
      vertex -3.2886 -11.72 10.6632
      vertex -2.92703 -11.7229 10.8747
    endloop
  endfacet
  facet normal -0.641369 -0.499308 -0.582527
    outer loop
      vertex -3.26742 -12.8609 9.32791
      vertex -3.2886 -12.4941 9.03683
      vertex -3.12418 -12.7053 9.03683
    endloop
  endfacet
  facet normal -0.900651 -0.309242 -0.305282
    outer loop
      vertex -3.57238 -12.6477 9.6701
      vertex -3.58412 -12.2757 9.32791
      vertex -3.47459 -12.5947 9.32791
    endloop
  endfacet
  facet normal -0.0766151 0.303343 -0.949796
    outer loop
      vertex -2.6457 -11.9423 8.71416
      vertex -2.78315 -11.6289 8.82534
      vertex -2.58829 -11.9278 8.71416
    endloop
  endfacet
  facet normal 0.238218 0.543225 -0.805083
    outer loop
      vertex -2.12867 -11.4263 9.03683
      vertex -2.44527 -11.6009 8.82534
      vertex -2.37381 -11.3188 9.03683
    endloop
  endfacet
  facet normal 0.0670976 0.809938 -0.582665
    outer loop
      vertex -2.37381 -11.3188 9.03683
      vertex -2.64058 -11.2967 9.03683
      vertex -2.32189 -11.1137 9.32791
    endloop
  endfacet
  facet normal 0.80176 0.133731 0.582492
    outer loop
      vertex -1.60429 -11.7743 10.3721
      vertex -1.80432 -11.843 10.6632
      vertex -1.54878 -12.1071 10.3721
    endloop
  endfacet
  facet normal 0.939316 0.156675 0.305185
    outer loop
      vertex -1.49913 -11.7382 10.0299
      vertex -1.60429 -11.7743 10.3721
      vertex -1.54878 -12.1071 10.3721
    endloop
  endfacet
  facet normal 0.521545 -0.282216 0.805199
    outer loop
      vertex -1.80432 -12.3711 10.6632
      vertex -1.96173 -12.5396 10.7061
      vertex -1.90329 -12.554 10.6632
    endloop
  endfacet
  facet normal 0.521616 -0.282301 0.805123
    outer loop
      vertex -1.96173 -12.5396 10.7061
      vertex -1.80432 -12.3711 10.6632
      vertex -2.07963 -12.2766 10.8747
    endloop
  endfacet
  facet normal 0.801769 0.13376 0.582473
    outer loop
      vertex -1.54878 -12.1071 10.3721
      vertex -1.80432 -11.843 10.6632
      vertex -1.76026 -12.1071 10.6632
    endloop
  endfacet
  facet normal 0.274901 0.149028 0.949853
    outer loop
      vertex -2.07963 -11.9375 10.8747
      vertex -2.43147 -11.9966 10.9858
      vertex -2.40328 -12.0486 10.9858
    endloop
  endfacet
  facet normal 0.308416 0.0514027 0.949862
    outer loop
      vertex -2.07963 -11.9375 10.8747
      vertex -2.40328 -12.0486 10.9858
      vertex -2.39353 -12.1071 10.9858
    endloop
  endfacet
  facet normal -0.751523 0.584872 -0.305185
    outer loop
      vertex -3.47459 -11.6194 9.32791
      vertex -3.57238 -11.5665 9.6701
      vertex -3.26742 -11.3532 9.32791
    endloop
  endfacet
  facet normal -0.593081 0 -0.805143
    outer loop
      vertex -3.37551 -12.2409 9.03683
      vertex -3.0884 -12.0211 8.82534
      vertex -3.0884 -12.193 8.82534
    endloop
  endfacet
  facet normal -0.593081 0 -0.805143
    outer loop
      vertex -3.0884 -12.0211 8.82534
      vertex -3.37551 -12.2409 9.03683
      vertex -3.37551 -11.9732 9.03683
    endloop
  endfacet
  facet normal 0.326392 0.744294 -0.582661
    outer loop
      vertex -2.12867 -11.4263 9.03683
      vertex -2.37381 -11.3188 9.03683
      vertex -2.32189 -11.1137 9.32791
    endloop
  endfacet
  facet normal 0.382565 0.872131 -0.305012
    outer loop
      vertex -2.013 -11.2492 9.32791
      vertex -2.2946 -11.006 9.6701
      vertex -1.95219 -11.1562 9.6701
    endloop
  endfacet
  facet normal -0.199488 -0.787933 -0.582552
    outer loop
      vertex -2.64058 -12.9174 9.03683
      vertex -2.98503 -13.0454 9.32791
      vertex -2.90008 -12.8517 9.03683
    endloop
  endfacet
  facet normal 0.837481 -0.453302 -0.305192
    outer loop
      vertex -1.49913 -12.4759 9.6701
      vertex -1.76483 -12.7364 9.32791
      vertex -1.60429 -12.4398 9.32791
    endloop
  endfacet
  facet normal -0.768788 0.263884 -0.58252
    outer loop
      vertex -3.37551 -11.9732 9.03683
      vertex -3.58412 -11.9384 9.32791
      vertex -3.2886 -11.72 9.03683
    endloop
  endfacet
  facet normal -0.324398 0.496569 -0.8051
    outer loop
      vertex -2.92703 -11.7229 8.82534
      vertex -3.12418 -11.5088 9.03683
      vertex -2.90008 -11.3624 9.03683
    endloop
  endfacet
  facet normal -0.295723 -0.101547 0.949861
    outer loop
      vertex -2.73165 -12.1927 10.9858
      vertex -3.0884 -12.193 10.8747
      vertex -3.0326 -12.3555 10.8747
    endloop
  endfacet
  facet normal -0.312663 0 0.949864
    outer loop
      vertex -3.0884 -12.0211 10.8747
      vertex -2.75088 -12.1367 10.9858
      vertex -2.75088 -12.0774 10.9858
    endloop
  endfacet
  facet normal -0.312663 0 0.949864
    outer loop
      vertex -2.75088 -12.1367 10.9858
      vertex -3.0884 -12.0211 10.8747
      vertex -3.0884 -12.193 10.8747
    endloop
  endfacet
  facet normal 0.644936 0.700719 0.305042
    outer loop
      vertex -1.95219 -11.1562 10.0299
      vertex -2.013 -11.2492 10.3721
      vertex -1.67709 -11.4094 10.0299
    endloop
  endfacet
  facet normal 0.837486 0.453281 -0.305211
    outer loop
      vertex -1.49913 -11.7382 9.6701
      vertex -1.76483 -11.4777 9.32791
      vertex -1.67709 -11.4094 9.6701
    endloop
  endfacet
  facet normal 0.52156 0.282354 0.805141
    outer loop
      vertex -1.93173 -11.6076 10.6632
      vertex -2.16143 -11.7864 10.8747
      vertex -2.07963 -11.9375 10.8747
    endloop
  endfacet
  facet normal 0.521608 0.28232 0.805121
    outer loop
      vertex -1.93173 -11.6076 10.6632
      vertex -2.07963 -11.9375 10.8747
      vertex -1.80432 -11.843 10.6632
    endloop
  endfacet
  facet normal 0.0826404 0.996579 -0
    outer loop
      vertex -2.2946 -11.006 9.6701
      vertex -2.66723 -10.9751 10.0299
      vertex -2.2946 -11.006 10.0299
    endloop
  endfacet
  facet normal 0.0826404 0.996579 0
    outer loop
      vertex -2.66723 -10.9751 10.0299
      vertex -2.2946 -11.006 9.6701
      vertex -2.66723 -10.9751 9.6701
    endloop
  endfacet
  facet normal -0.768714 -0.263411 0.582833
    outer loop
      vertex -3.58412 -12.2757 10.3721
      vertex -3.31166 -12.5066 10.6271
      vertex -3.29688 -12.488 10.655
    endloop
  endfacet
  facet normal -0.768822 -0.263978 0.582434
    outer loop
      vertex -3.31166 -12.5066 10.6271
      vertex -3.58412 -12.2757 10.3721
      vertex -3.47459 -12.5947 10.3721
    endloop
  endfacet
  facet normal 0.212084 0.229863 0.949833
    outer loop
      vertex -2.28788 -11.67 10.8747
      vertex -2.47504 -11.9564 10.9858
      vertex -2.43147 -11.9966 10.9858
    endloop
  endfacet
  facet normal -0.246831 -0.192232 0.949801
    outer loop
      vertex -2.73165 -12.1927 10.9858
      vertex -2.86162 -12.4201 10.906
      vertex -2.69528 -12.2394 10.9858
    endloop
  endfacet
  facet normal -0.243301 -0.194413 0.950267
    outer loop
      vertex -2.86162 -12.4201 10.906
      vertex -2.73165 -12.1927 10.9858
      vertex -2.87885 -12.4176 10.9021
    endloop
  endfacet
  facet normal 0.801751 -0.13377 0.582495
    outer loop
      vertex -1.54878 -12.1071 10.3721
      vertex -1.80432 -12.3711 10.6632
      vertex -1.60429 -12.4398 10.3721
    endloop
  endfacet
  facet normal 0.801763 -0.133809 0.58247
    outer loop
      vertex -1.76026 -12.1071 10.6632
      vertex -1.80432 -12.3711 10.6632
      vertex -1.54878 -12.1071 10.3721
    endloop
  endfacet
  facet normal -0.900653 -0.309243 0.305274
    outer loop
      vertex -3.47459 -12.5947 10.3721
      vertex -3.58412 -12.2757 10.3721
      vertex -3.57238 -12.6477 10.0299
    endloop
  endfacet
  facet normal -0.0768074 -0.303226 -0.949818
    outer loop
      vertex -2.61655 -12.6274 8.82534
      vertex -2.78315 -12.5852 8.82534
      vertex -2.58829 -12.2863 8.71416
    endloop
  endfacet
  facet normal 0.837486 -0.453281 -0.305211
    outer loop
      vertex -1.67709 -12.8047 9.6701
      vertex -1.76483 -12.7364 9.32791
      vertex -1.49913 -12.4759 9.6701
    endloop
  endfacet
  facet normal 0.0669864 -0.810005 -0.582585
    outer loop
      vertex -2.32189 -13.1004 9.32791
      vertex -2.65805 -13.1282 9.32791
      vertex -2.64058 -12.9174 9.03683
    endloop
  endfacet
  facet normal 0.585 0.0975959 -0.80514
    outer loop
      vertex -1.76026 -12.1071 9.03683
      vertex -2.07963 -11.9375 8.82534
      vertex -1.80432 -11.843 9.03683
    endloop
  endfacet
  facet normal 0.211881 -0.230175 -0.949803
    outer loop
      vertex -2.28788 -12.5441 8.82534
      vertex -2.43147 -12.2175 8.71416
      vertex -2.16143 -12.4277 8.82534
    endloop
  endfacet
  facet normal -0.900716 -0.309152 -0.305181
    outer loop
      vertex -3.57238 -12.6477 9.6701
      vertex -3.69378 -12.294 9.6701
      vertex -3.58412 -12.2757 9.32791
    endloop
  endfacet
  facet normal -0.812814 0 -0.582524
    outer loop
      vertex -3.37551 -12.2409 9.03683
      vertex -3.58412 -11.9384 9.32791
      vertex -3.37551 -11.9732 9.03683
    endloop
  endfacet
  facet normal -0.812814 -0 -0.582524
    outer loop
      vertex -3.58412 -11.9384 9.32791
      vertex -3.37551 -12.2409 9.03683
      vertex -3.58412 -12.2757 9.32791
    endloop
  endfacet
  facet normal 0.401658 0.436337 -0.805159
    outer loop
      vertex -2.16143 -11.7864 8.82534
      vertex -2.28788 -11.67 8.82534
      vertex -2.12867 -11.4263 9.03683
    endloop
  endfacet
  facet normal 0.048973 0.591155 -0.80507
    outer loop
      vertex -2.44527 -11.6009 8.82534
      vertex -2.64058 -11.2967 9.03683
      vertex -2.37381 -11.3188 9.03683
    endloop
  endfacet
  facet normal -0.145584 0.575022 -0.805081
    outer loop
      vertex -2.78315 -11.6289 8.82534
      vertex -2.90008 -11.3624 9.03683
      vertex -2.64058 -11.2967 9.03683
    endloop
  endfacet
  facet normal -0.560899 0.192604 -0.805168
    outer loop
      vertex -3.0884 -12.0211 8.82534
      vertex -3.2886 -11.72 9.03683
      vertex -3.0326 -11.8586 8.82534
    endloop
  endfacet
  facet normal -0.751524 0.58487 -0.305187
    outer loop
      vertex -3.26742 -11.3532 9.32791
      vertex -3.57238 -11.5665 9.6701
      vertex -3.34272 -11.2714 9.6701
    endloop
  endfacet
  facet normal 0.401679 0.43633 -0.805152
    outer loop
      vertex -1.93173 -11.6076 9.03683
      vertex -2.16143 -11.7864 8.82534
      vertex -2.12867 -11.4263 9.03683
    endloop
  endfacet
  facet normal 0.550511 0.598001 -0.582522
    outer loop
      vertex -1.93173 -11.6076 9.03683
      vertex -2.12867 -11.4263 9.03683
      vertex -1.76483 -11.4777 9.32791
    endloop
  endfacet
  facet normal 0.0258436 -0.311725 -0.949821
    outer loop
      vertex -2.44527 -12.6132 8.82534
      vertex -2.61655 -12.6274 8.82534
      vertex -2.52927 -12.2814 8.71416
    endloop
  endfacet
  facet normal 0 0 -1
    outer loop
      vertex -2.40328 -12.1655 8.71416
      vertex -2.40328 -12.0486 8.71416
      vertex -2.39353 -12.1071 8.71416
    endloop
  endfacet
  facet normal 0 0 -1
    outer loop
      vertex -2.43147 -12.2175 8.71416
      vertex -2.40328 -12.0486 8.71416
      vertex -2.40328 -12.1655 8.71416
    endloop
  endfacet
  facet normal 0 0 -1
    outer loop
      vertex -2.43147 -12.2175 8.71416
      vertex -2.43147 -11.9966 8.71416
      vertex -2.40328 -12.0486 8.71416
    endloop
  endfacet
  facet normal 0 0 -1
    outer loop
      vertex -2.47504 -12.2577 8.71416
      vertex -2.43147 -11.9966 8.71416
      vertex -2.43147 -12.2175 8.71416
    endloop
  endfacet
  facet normal 0 0 -1
    outer loop
      vertex -2.47504 -12.2577 8.71416
      vertex -2.47504 -11.9564 8.71416
      vertex -2.43147 -11.9966 8.71416
    endloop
  endfacet
  facet normal 0 0 -1
    outer loop
      vertex -2.52927 -12.2814 8.71416
      vertex -2.47504 -11.9564 8.71416
      vertex -2.47504 -12.2577 8.71416
    endloop
  endfacet
  facet normal 0 0 -1
    outer loop
      vertex -2.52927 -12.2814 8.71416
      vertex -2.52927 -11.9327 8.71416
      vertex -2.47504 -11.9564 8.71416
    endloop
  endfacet
  facet normal 0 0 -1
    outer loop
      vertex -2.58829 -12.2863 8.71416
      vertex -2.52927 -11.9327 8.71416
      vertex -2.52927 -12.2814 8.71416
    endloop
  endfacet
  facet normal 0 0 -1
    outer loop
      vertex -2.58829 -12.2863 8.71416
      vertex -2.58829 -11.9278 8.71416
      vertex -2.52927 -11.9327 8.71416
    endloop
  endfacet
  facet normal 0 0 -1
    outer loop
      vertex -2.6457 -12.2718 8.71416
      vertex -2.58829 -11.9278 8.71416
      vertex -2.58829 -12.2863 8.71416
    endloop
  endfacet
  facet normal 0 0 -1
    outer loop
      vertex -2.6457 -12.2718 8.71416
      vertex -2.6457 -11.9423 8.71416
      vertex -2.58829 -11.9278 8.71416
    endloop
  endfacet
  facet normal 0 0 -1
    outer loop
      vertex -2.69528 -12.2394 8.71416
      vertex -2.6457 -11.9423 8.71416
      vertex -2.6457 -12.2718 8.71416
    endloop
  endfacet
  facet normal 0 0 -1
    outer loop
      vertex -2.69528 -12.2394 8.71416
      vertex -2.69528 -11.9747 8.71416
      vertex -2.6457 -11.9423 8.71416
    endloop
  endfacet
  facet normal 0 0 -1
    outer loop
      vertex -2.73165 -12.1927 8.71416
      vertex -2.69528 -11.9747 8.71416
      vertex -2.69528 -12.2394 8.71416
    endloop
  endfacet
  facet normal 0 0 -1
    outer loop
      vertex -2.73165 -12.1927 8.71416
      vertex -2.73165 -12.0214 8.71416
      vertex -2.69528 -11.9747 8.71416
    endloop
  endfacet
  facet normal 0 0 -1
    outer loop
      vertex -2.75088 -12.1367 8.71416
      vertex -2.73165 -12.0214 8.71416
      vertex -2.73165 -12.1927 8.71416
    endloop
  endfacet
  facet normal 0 0 -1
    outer loop
      vertex -2.73165 -12.0214 8.71416
      vertex -2.75088 -12.1367 8.71416
      vertex -2.75088 -12.0774 8.71416
    endloop
  endfacet
  facet normal -0.789174 0.61417 0
    outer loop
      vertex -3.57238 -11.5665 9.6701
      vertex -3.34272 -11.2714 10.0299
      vertex -3.34272 -11.2714 9.6701
    endloop
  endfacet
  facet normal -0.789174 0.61417 0
    outer loop
      vertex -3.34272 -11.2714 10.0299
      vertex -3.57238 -11.5665 9.6701
      vertex -3.57238 -11.5665 10.0299
    endloop
  endfacet
  facet normal -0.233801 0.923156 -0.305156
    outer loop
      vertex -2.98503 -11.1687 9.32791
      vertex -3.0297 -11.0669 9.6701
      vertex -2.66723 -10.9751 9.6701
    endloop
  endfacet
  facet normal -0.900678 0.309252 0.305192
    outer loop
      vertex -3.57238 -11.5665 10.0299
      vertex -3.58412 -11.9384 10.3721
      vertex -3.47459 -11.6194 10.3721
    endloop
  endfacet
  facet normal -0.768817 0.263977 0.58244
    outer loop
      vertex -3.47459 -11.6194 10.3721
      vertex -3.58412 -11.9384 10.3721
      vertex -3.2886 -11.72 10.6632
    endloop
  endfacet
  facet normal -0.520866 0.797221 0.305184
    outer loop
      vertex -2.98503 -11.1687 10.3721
      vertex -3.34272 -11.2714 10.0299
      vertex -3.26742 -11.3532 10.3721
    endloop
  endfacet
  facet normal -0.952298 0 0.30517
    outer loop
      vertex -3.69378 -11.9201 10.0299
      vertex -3.58412 -12.2757 10.3721
      vertex -3.58412 -11.9384 10.3721
    endloop
  endfacet
  facet normal -0.952298 0 0.30517
    outer loop
      vertex -3.58412 -12.2757 10.3721
      vertex -3.69378 -11.9201 10.0299
      vertex -3.69378 -12.294 10.0299
    endloop
  endfacet
  facet normal -0.768806 0.26389 0.582494
    outer loop
      vertex -3.2886 -11.72 10.6632
      vertex -3.58412 -11.9384 10.3721
      vertex -3.37551 -11.9732 10.6632
    endloop
  endfacet
  facet normal 0.401707 0.915768 -0
    outer loop
      vertex -1.95219 -11.1562 9.6701
      vertex -2.2946 -11.006 10.0299
      vertex -1.95219 -11.1562 10.0299
    endloop
  endfacet
  facet normal 0.401707 0.915768 0
    outer loop
      vertex -2.2946 -11.006 10.0299
      vertex -1.95219 -11.1562 9.6701
      vertex -2.2946 -11.006 9.6701
    endloop
  endfacet
  facet normal 0.382575 0.87213 -0.305003
    outer loop
      vertex -2.013 -11.2492 9.32791
      vertex -2.32189 -11.1137 9.32791
      vertex -2.2946 -11.006 9.6701
    endloop
  endfacet
  facet normal 0.40167 0.43635 0.805146
    outer loop
      vertex -2.12867 -11.4263 10.6632
      vertex -2.28788 -11.67 10.8747
      vertex -2.16143 -11.7864 10.8747
    endloop
  endfacet
  facet normal 0.211743 0.230025 0.94987
    outer loop
      vertex -2.28788 -11.67 10.8747
      vertex -2.43147 -11.9966 10.9858
      vertex -2.16143 -11.7864 10.8747
    endloop
  endfacet
  facet normal 0.125671 0.286243 0.94988
    outer loop
      vertex -2.44527 -11.6009 10.8747
      vertex -2.52927 -11.9327 10.9858
      vertex -2.28788 -11.67 10.8747
    endloop
  endfacet
  facet normal -0.145662 0.575056 0.805042
    outer loop
      vertex -2.64058 -11.2967 10.6632
      vertex -2.78315 -11.6289 10.8747
      vertex -2.61655 -11.5867 10.8747
    endloop
  endfacet
  facet normal -0.171021 0.261704 0.949875
    outer loop
      vertex -2.6457 -11.9423 10.9858
      vertex -2.92703 -11.7229 10.8747
      vertex -2.69528 -11.9747 10.9858
    endloop
  endfacet
  facet normal 0.238408 0.543024 0.805162
    outer loop
      vertex -2.12867 -11.4263 10.6632
      vertex -2.44527 -11.6009 10.8747
      vertex -2.28788 -11.67 10.8747
    endloop
  endfacet
  facet normal -0.641513 0.499257 0.582412
    outer loop
      vertex -3.26742 -11.3532 10.3721
      vertex -3.47459 -11.6194 10.3721
      vertex -3.2886 -11.72 10.6632
    endloop
  endfacet
  facet normal -0.077283 -0.302768 0.949926
    outer loop
      vertex -2.7042 -12.4641 10.9197
      vertex -2.60338 -12.4685 10.9265
      vertex -2.58829 -12.2863 10.9858
    endloop
  endfacet
  facet normal -0.0772932 -0.303229 0.949778
    outer loop
      vertex -2.60338 -12.4685 10.9265
      vertex -2.7042 -12.4641 10.9197
      vertex -2.65366 -12.4845 10.9173
    endloop
  endfacet
  facet normal -0.199493 0.787951 0.582525
    outer loop
      vertex -2.64058 -11.2967 10.6632
      vertex -2.98503 -11.1687 10.3721
      vertex -2.90008 -11.3624 10.6632
    endloop
  endfacet
  facet normal -0.468637 -0.364472 0.804699
    outer loop
      vertex -3.0326 -12.3555 10.8747
      vertex -3.0664 -12.4189 10.8263
      vertex -2.99838 -12.3995 10.8747
    endloop
  endfacet
  facet normal -0.467411 -0.365361 0.805008
    outer loop
      vertex -3.0326 -12.3555 10.8747
      vertex -3.1311 -12.4366 10.7807
      vertex -3.0664 -12.4189 10.8263
    endloop
  endfacet
  facet normal -0.467638 -0.365081 0.805004
    outer loop
      vertex -3.1311 -12.4366 10.7807
      vertex -3.0326 -12.3555 10.8747
      vertex -3.229 -12.4618 10.7124
    endloop
  endfacet
  facet normal -0.641235 -0.499687 0.582349
    outer loop
      vertex -3.47459 -12.5947 10.3721
      vertex -3.3412 -12.5709 10.5394
      vertex -3.31166 -12.5066 10.6271
    endloop
  endfacet
  facet normal -0.637733 -0.506282 0.580495
    outer loop
      vertex -3.3412 -12.5709 10.5394
      vertex -3.47459 -12.5947 10.3721
      vertex -3.34287 -12.5743 10.5346
    endloop
  endfacet
  facet normal -0.641602 -0.498815 0.582693
    outer loop
      vertex -3.47459 -12.5947 10.3721
      vertex -3.38856 -12.6612 10.4099
      vertex -3.34287 -12.5743 10.5346
    endloop
  endfacet
  facet normal -0.649491 -0.530725 0.544511
    outer loop
      vertex -3.47459 -12.5947 10.3721
      vertex -3.38882 -12.6616 10.4092
      vertex -3.38856 -12.6612 10.4099
    endloop
  endfacet
  facet normal -0.641463 -0.499498 0.582261
    outer loop
      vertex -3.47459 -12.5947 10.3721
      vertex -3.39575 -12.6731 10.3917
      vertex -3.38882 -12.6616 10.4092
    endloop
  endfacet
  facet normal -0.64075 -0.498336 0.584039
    outer loop
      vertex -3.39575 -12.6731 10.3917
      vertex -3.47459 -12.5947 10.3721
      vertex -3.40786 -12.6805 10.3721
    endloop
  endfacet
  facet normal 0.211746 -0.230252 0.949815
    outer loop
      vertex -2.16143 -12.4277 10.8747
      vertex -2.29188 -12.4367 10.9016
      vertex -2.17437 -12.4396 10.8747
    endloop
  endfacet
  facet normal 0.211742 -0.230027 0.94987
    outer loop
      vertex -2.43147 -12.2175 10.9858
      vertex -2.29188 -12.4367 10.9016
      vertex -2.16143 -12.4277 10.8747
    endloop
  endfacet
  facet normal 0.210885 -0.230593 0.949923
    outer loop
      vertex -2.29188 -12.4367 10.9016
      vertex -2.43147 -12.2175 10.9858
      vertex -2.33549 -12.4358 10.9115
    endloop
  endfacet
  facet normal 0.585008 -0.0976342 0.80513
    outer loop
      vertex -1.76026 -12.1071 10.6632
      vertex -2.07963 -12.2766 10.8747
      vertex -1.80432 -12.3711 10.6632
    endloop
  endfacet
  facet normal 0.585009 -0.0976396 0.805128
    outer loop
      vertex -2.05134 -12.1071 10.8747
      vertex -2.07963 -12.2766 10.8747
      vertex -1.76026 -12.1071 10.6632
    endloop
  endfacet
  facet normal 0.308396 -0.0514721 0.949865
    outer loop
      vertex -2.05134 -12.1071 10.8747
      vertex -2.39353 -12.1071 10.9858
      vertex -2.07963 -12.2766 10.8747
    endloop
  endfacet
  facet normal -0.768799 -0.26397 -0.582467
    outer loop
      vertex -3.47459 -12.5947 9.32791
      vertex -3.58412 -12.2757 9.32791
      vertex -3.2886 -12.4941 9.03683
    endloop
  endfacet
  facet normal -0.245437 -0.969412 0
    outer loop
      vertex -3.0297 -13.1472 9.6701
      vertex -2.80654 -13.2037 9.95463
      vertex -3.0297 -13.1472 9.92667
    endloop
  endfacet
  facet normal -0.245642 -0.969361 0.000170393
    outer loop
      vertex -2.80654 -13.2037 9.95463
      vertex -3.0297 -13.1472 9.6701
      vertex -2.69609 -13.2317 9.89011
    endloop
  endfacet
  facet normal -0.245511 -0.969394 -4.0321e-05
    outer loop
      vertex -2.66723 -13.239 9.6701
      vertex -2.69609 -13.2317 9.89011
      vertex -3.0297 -13.1472 9.6701
    endloop
  endfacet
  facet normal -0.245222 -0.969467 0
    outer loop
      vertex -2.69609 -13.2317 9.89011
      vertex -2.66723 -13.239 9.6701
      vertex -2.66723 -13.239 9.87353
    endloop
  endfacet
  facet normal -0.233801 -0.923156 -0.305156
    outer loop
      vertex -2.66723 -13.239 9.6701
      vertex -3.0297 -13.1472 9.6701
      vertex -2.98503 -13.0454 9.32791
    endloop
  endfacet
  facet normal -0.520847 -0.79724 -0.305167
    outer loop
      vertex -3.0297 -13.1472 9.6701
      vertex -3.34272 -12.9427 9.6701
      vertex -2.98503 -13.0454 9.32791
    endloop
  endfacet
  facet normal -0.520412 -0.797734 0.304617
    outer loop
      vertex -3.32952 -12.9284 10.0899
      vertex -3.34272 -12.9427 10.0299
      vertex -3.30366 -12.9539 10.0673
    endloop
  endfacet
  facet normal -0.751351 -0.585241 0.304901
    outer loop
      vertex -3.57238 -12.6477 10.0299
      vertex -3.34828 -12.862 10.1708
      vertex -3.37056 -12.7888 10.2564
    endloop
  endfacet
  facet normal -0.751491 -0.583782 0.307343
    outer loop
      vertex -3.57238 -12.6477 10.0299
      vertex -3.34394 -12.8768 10.1533
      vertex -3.34828 -12.862 10.1708
    endloop
  endfacet
  facet normal -0.751477 -0.584946 0.305156
    outer loop
      vertex -3.57238 -12.6477 10.0299
      vertex -3.32952 -12.9284 10.0899
      vertex -3.34394 -12.8768 10.1533
    endloop
  endfacet
  facet normal -0.751531 -0.585073 0.304779
    outer loop
      vertex -3.32952 -12.9284 10.0899
      vertex -3.57238 -12.6477 10.0299
      vertex -3.34272 -12.9427 10.0299
    endloop
  endfacet
  facet normal -0.521532 -0.796401 0.306186
    outer loop
      vertex -3.34272 -12.9427 10.0299
      vertex -3.29056 -12.9669 10.0558
      vertex -3.30366 -12.9539 10.0673
    endloop
  endfacet
  facet normal -0.521282 -0.796958 0.305161
    outer loop
      vertex -3.29056 -12.9669 10.0558
      vertex -3.34272 -12.9427 10.0299
      vertex -3.26215 -12.9954 10.0299
    endloop
  endfacet
  facet normal -0.547379 -0.836856 -0.00695339
    outer loop
      vertex -3.34272 -12.9427 10.0299
      vertex -3.24524 -13.0064 10.0226
      vertex -3.26215 -12.9954 10.0299
    endloop
  endfacet
  facet normal -0.547027 -0.837115 0
    outer loop
      vertex -3.34272 -12.9427 9.6701
      vertex -3.24524 -13.0064 10.0226
      vertex -3.34272 -12.9427 10.0299
    endloop
  endfacet
  facet normal -0.546895 -0.837201 -5.21779e-05
    outer loop
      vertex -3.24524 -13.0064 10.0226
      vertex -3.34272 -12.9427 9.6701
      vertex -3.10945 -13.0951 9.96272
    endloop
  endfacet
  facet normal -0.546937 -0.837174 -4.87155e-06
    outer loop
      vertex -3.0297 -13.1472 9.6701
      vertex -3.10945 -13.0951 9.96272
      vertex -3.34272 -12.9427 9.6701
    endloop
  endfacet
  facet normal -0.546924 -0.837182 0
    outer loop
      vertex -3.10945 -13.0951 9.96272
      vertex -3.0297 -13.1472 9.6701
      vertex -3.0297 -13.1472 9.92667
    endloop
  endfacet
  facet normal -0.233767 -0.923155 -0.305186
    outer loop
      vertex -2.66723 -13.239 9.6701
      vertex -2.98503 -13.0454 9.32791
      vertex -2.65805 -13.1282 9.32791
    endloop
  endfacet
  facet normal 0.078698 -0.949036 -0.305184
    outer loop
      vertex -2.2946 -13.2081 9.6701
      vertex -2.66723 -13.239 9.6701
      vertex -2.65805 -13.1282 9.32791
    endloop
  endfacet
  facet normal 0.714823 -0.386897 -0.582527
    outer loop
      vertex -1.76483 -12.7364 9.32791
      vertex -1.93173 -12.6065 9.03683
      vertex -1.80432 -12.3711 9.03683
    endloop
  endfacet
  facet normal 0.714831 -0.38691 0.582509
    outer loop
      vertex -1.76552 -12.73 10.3772
      vertex -1.60429 -12.4398 10.3721
      vertex -1.80432 -12.3711 10.6632
    endloop
  endfacet
  facet normal 0.714483 -0.386707 0.58307
    outer loop
      vertex -1.60429 -12.4398 10.3721
      vertex -1.76552 -12.73 10.3772
      vertex -1.76309 -12.7332 10.3721
    endloop
  endfacet
  facet normal 0.644999 -0.700572 0.305247
    outer loop
      vertex -1.67709 -12.8047 10.0299
      vertex -1.76623 -12.7422 10.3617
      vertex -1.80383 -12.8115 10.2821
    endloop
  endfacet
  facet normal 0.64506 -0.700514 0.305251
    outer loop
      vertex -1.67709 -12.8047 10.0299
      vertex -1.82425 -12.8477 10.2422
      vertex -1.84276 -12.8837 10.1987
    endloop
  endfacet
  facet normal 0.645124 -0.700427 0.305314
    outer loop
      vertex -1.82425 -12.8477 10.2422
      vertex -1.67709 -12.8047 10.0299
      vertex -1.80383 -12.8115 10.2821
    endloop
  endfacet
  facet normal 0.641544 -0.70387 0.30494
    outer loop
      vertex -1.76623 -12.7422 10.3617
      vertex -1.67709 -12.8047 10.0299
      vertex -1.76345 -12.7375 10.3667
    endloop
  endfacet
  facet normal 0.838588 -0.447693 0.310389
    outer loop
      vertex -1.76345 -12.7375 10.3667
      vertex -1.49913 -12.4759 10.0299
      vertex -1.76323 -12.7348 10.37
    endloop
  endfacet
  facet normal 0.837493 -0.453285 0.305186
    outer loop
      vertex -1.49913 -12.4759 10.0299
      vertex -1.76345 -12.7375 10.3667
      vertex -1.67709 -12.8047 10.0299
    endloop
  endfacet
  facet normal -0.468054 -0.36413 -0.805193
    outer loop
      vertex -2.92703 -12.4912 8.82534
      vertex -3.2886 -12.4941 9.03683
      vertex -3.0326 -12.3555 8.82534
    endloop
  endfacet
  facet normal -0.560957 -0.192547 -0.805142
    outer loop
      vertex -3.2886 -12.4941 9.03683
      vertex -3.37551 -12.2409 9.03683
      vertex -3.0884 -12.193 8.82534
    endloop
  endfacet
  facet normal 0.211881 0.230175 -0.949803
    outer loop
      vertex -2.16143 -11.7864 8.82534
      vertex -2.43147 -11.9966 8.71416
      vertex -2.28788 -11.67 8.82534
    endloop
  endfacet
  facet normal -0.171107 -0.261904 -0.949805
    outer loop
      vertex -2.78315 -12.5852 8.82534
      vertex -2.92703 -12.4912 8.82534
      vertex -2.6457 -12.2718 8.71416
    endloop
  endfacet
  facet normal -0.560957 0.192547 -0.805142
    outer loop
      vertex -3.0884 -12.0211 8.82534
      vertex -3.37551 -11.9732 9.03683
      vertex -3.2886 -11.72 9.03683
    endloop
  endfacet
  facet normal -0.952295 0 -0.305178
    outer loop
      vertex -3.58412 -12.2757 9.32791
      vertex -3.69378 -11.9201 9.6701
      vertex -3.58412 -11.9384 9.32791
    endloop
  endfacet
  facet normal -0.952295 -0 -0.305178
    outer loop
      vertex -3.69378 -11.9201 9.6701
      vertex -3.58412 -12.2757 9.32791
      vertex -3.69378 -12.294 9.6701
    endloop
  endfacet
  facet normal -0.560899 -0.192604 -0.805168
    outer loop
      vertex -3.0326 -12.3555 8.82534
      vertex -3.2886 -12.4941 9.03683
      vertex -3.0884 -12.193 8.82534
    endloop
  endfacet
  facet normal -0.295915 -0.101613 -0.949794
    outer loop
      vertex -3.0326 -12.3555 8.82534
      vertex -3.0884 -12.193 8.82534
      vertex -2.73165 -12.1927 8.71416
    endloop
  endfacet
  facet normal -0.520847 0.79724 -0.305167
    outer loop
      vertex -2.98503 -11.1687 9.32791
      vertex -3.34272 -11.2714 9.6701
      vertex -3.0297 -11.0669 9.6701
    endloop
  endfacet
  facet normal -0.520864 0.797219 -0.305192
    outer loop
      vertex -3.26742 -11.3532 9.32791
      vertex -3.34272 -11.2714 9.6701
      vertex -2.98503 -11.1687 9.32791
    endloop
  endfacet
  facet normal -0.900691 0.30923 -0.305177
    outer loop
      vertex -3.58412 -11.9384 9.32791
      vertex -3.69378 -11.9201 9.6701
      vertex -3.57238 -11.5665 9.6701
    endloop
  endfacet
  facet normal -0.900676 0.309251 -0.3052
    outer loop
      vertex -3.47459 -11.6194 9.32791
      vertex -3.58412 -11.9384 9.32791
      vertex -3.57238 -11.5665 9.6701
    endloop
  endfacet
  facet normal -0.812833 0 0.582497
    outer loop
      vertex -3.58412 -11.9384 10.3721
      vertex -3.37551 -12.2409 10.6632
      vertex -3.37551 -11.9732 10.6632
    endloop
  endfacet
  facet normal -0.812833 0 0.582497
    outer loop
      vertex -3.37551 -12.2409 10.6632
      vertex -3.58412 -11.9384 10.3721
      vertex -3.58412 -12.2757 10.3721
    endloop
  endfacet
  facet normal -0.295723 0.101547 0.949861
    outer loop
      vertex -3.0326 -11.8586 10.8747
      vertex -3.0884 -12.0211 10.8747
      vertex -2.73165 -12.0214 10.9858
    endloop
  endfacet
  facet normal 0.644934 0.700717 -0.30505
    outer loop
      vertex -1.67709 -11.4094 9.6701
      vertex -2.013 -11.2492 9.32791
      vertex -1.95219 -11.1562 9.6701
    endloop
  endfacet
  facet normal 0.64503 0.700556 -0.305219
    outer loop
      vertex -1.76483 -11.4777 9.32791
      vertex -2.013 -11.2492 9.32791
      vertex -1.67709 -11.4094 9.6701
    endloop
  endfacet
  facet normal 0.382566 0.872133 0.305004
    outer loop
      vertex -1.95219 -11.1562 10.0299
      vertex -2.2946 -11.006 10.0299
      vertex -2.013 -11.2492 10.3721
    endloop
  endfacet
  facet normal 0.326399 0.744312 0.582635
    outer loop
      vertex -2.32189 -11.1137 10.3721
      vertex -2.37381 -11.3188 10.6632
      vertex -2.12867 -11.4263 10.6632
    endloop
  endfacet
  facet normal -0.170996 0.261734 0.949871
    outer loop
      vertex -2.78315 -11.6289 10.8747
      vertex -2.92703 -11.7229 10.8747
      vertex -2.6457 -11.9423 10.9858
    endloop
  endfacet
  facet normal -0.561023 -0.192647 0.805072
    outer loop
      vertex -3.0884 -12.193 10.8747
      vertex -3.229 -12.4618 10.7124
      vertex -3.0326 -12.3555 10.8747
    endloop
  endfacet
  facet normal -0.560507 -0.193072 0.805329
    outer loop
      vertex -3.229 -12.4618 10.7124
      vertex -3.0884 -12.193 10.8747
      vertex -3.27769 -12.4777 10.6747
    endloop
  endfacet
  facet normal -0.560958 -0.192627 0.805122
    outer loop
      vertex -3.37551 -12.2409 10.6632
      vertex -3.27769 -12.4777 10.6747
      vertex -3.0884 -12.193 10.8747
    endloop
  endfacet
  facet normal -0.562725 -0.193426 0.803696
    outer loop
      vertex -3.27769 -12.4777 10.6747
      vertex -3.37551 -12.2409 10.6632
      vertex -3.2854 -12.4802 10.6687
    endloop
  endfacet
  facet normal -0.557053 -0.191187 0.808171
    outer loop
      vertex -3.2854 -12.4802 10.6687
      vertex -3.37551 -12.2409 10.6632
      vertex -3.29259 -12.4825 10.6632
    endloop
  endfacet
  facet normal 0.0247404 -0.311534 0.949913
    outer loop
      vertex -2.52927 -12.2814 10.9858
      vertex -2.57504 -12.4628 10.9275
      vertex -2.48774 -12.4455 10.9309
    endloop
  endfacet
  facet normal -0.246653 0.192094 0.949875
    outer loop
      vertex -2.69528 -11.9747 10.9858
      vertex -2.92703 -11.7229 10.8747
      vertex -2.73165 -12.0214 10.9858
    endloop
  endfacet
  facet normal 0.401775 -0.436888 0.804802
    outer loop
      vertex -2.16143 -12.4277 10.8747
      vertex -2.17437 -12.4396 10.8747
      vertex -2.15973 -12.4464 10.8637
    endloop
  endfacet
  facet normal -0.171146 -0.261896 0.9498
    outer loop
      vertex -2.69528 -12.2394 10.9858
      vertex -2.84232 -12.4251 10.9081
      vertex -2.6457 -12.2718 10.9858
    endloop
  endfacet
  facet normal -0.171187 -0.261865 0.949801
    outer loop
      vertex -2.84232 -12.4251 10.9081
      vertex -2.69528 -12.2394 10.9858
      vertex -2.86162 -12.4201 10.906
    endloop
  endfacet
  facet normal 0.274901 -0.149028 0.949853
    outer loop
      vertex -2.40328 -12.1655 10.9858
      vertex -2.43147 -12.2175 10.9858
      vertex -2.07963 -12.2766 10.8747
    endloop
  endfacet
  facet normal 0.308389 -0.0514861 0.949866
    outer loop
      vertex -2.39353 -12.1071 10.9858
      vertex -2.40328 -12.1655 10.9858
      vertex -2.07963 -12.2766 10.8747
    endloop
  endfacet
  facet normal 0.214837 -0.228709 0.949493
    outer loop
      vertex -2.43147 -12.2175 10.9858
      vertex -2.35893 -12.4354 10.9169
      vertex -2.33549 -12.4358 10.9115
    endloop
  endfacet
  facet normal 0.212001 -0.229774 0.949873
    outer loop
      vertex -2.35893 -12.4354 10.9169
      vertex -2.43147 -12.2175 10.9858
      vertex -2.47504 -12.2577 10.9858
    endloop
  endfacet
  facet normal 0.124608 -0.286862 0.949833
    outer loop
      vertex -2.47504 -12.2577 10.9858
      vertex -2.38587 -12.4375 10.9198
      vertex -2.35893 -12.4354 10.9169
    endloop
  endfacet
  facet normal 0.125233 -0.286556 0.949844
    outer loop
      vertex -2.38587 -12.4375 10.9198
      vertex -2.47504 -12.2577 10.9858
      vertex -2.52927 -12.2814 10.9858
    endloop
  endfacet
  facet normal -0.199519 -0.787907 -0.582576
    outer loop
      vertex -2.65805 -13.1282 9.32791
      vertex -2.98503 -13.0454 9.32791
      vertex -2.64058 -12.9174 9.03683
    endloop
  endfacet
  facet normal 0.0670976 -0.809938 -0.582665
    outer loop
      vertex -2.32189 -13.1004 9.32791
      vertex -2.64058 -12.9174 9.03683
      vertex -2.37381 -12.8953 9.03683
    endloop
  endfacet
  facet normal 0.382565 -0.872131 -0.305012
    outer loop
      vertex -1.95219 -13.0579 9.6701
      vertex -2.2946 -13.2081 9.6701
      vertex -2.013 -12.9649 9.32791
    endloop
  endfacet
  facet normal 0.64503 -0.700556 -0.305219
    outer loop
      vertex -1.67709 -12.8047 9.6701
      vertex -2.013 -12.9649 9.32791
      vertex -1.76483 -12.7364 9.32791
    endloop
  endfacet
  facet normal 0.125335 -0.28679 -0.949759
    outer loop
      vertex -2.28788 -12.5441 8.82534
      vertex -2.52927 -12.2814 8.71416
      vertex -2.47504 -12.2577 8.71416
    endloop
  endfacet
  facet normal 0.275117 0.148938 -0.949804
    outer loop
      vertex -2.07963 -11.9375 8.82534
      vertex -2.43147 -11.9966 8.71416
      vertex -2.16143 -11.7864 8.82534
    endloop
  endfacet
  facet normal 0.719086 -0.389108 0.57577
    outer loop
      vertex -1.90107 -12.557 10.6584
      vertex -1.80432 -12.3711 10.6632
      vertex -1.90329 -12.554 10.6632
    endloop
  endfacet
  facet normal 0.713616 -0.386481 0.584281
    outer loop
      vertex -1.89283 -12.5693 10.6402
      vertex -1.80432 -12.3711 10.6632
      vertex -1.90107 -12.557 10.6584
    endloop
  endfacet
  facet normal 0.71501 -0.386876 0.582312
    outer loop
      vertex -1.84189 -12.6341 10.5346
      vertex -1.80432 -12.3711 10.6632
      vertex -1.89283 -12.5693 10.6402
    endloop
  endfacet
  facet normal 0.714016 -0.387218 0.583304
    outer loop
      vertex -1.8264 -12.6557 10.5013
      vertex -1.80432 -12.3711 10.6632
      vertex -1.84189 -12.6341 10.5346
    endloop
  endfacet
  facet normal 0.715142 -0.386712 0.58226
    outer loop
      vertex -1.78083 -12.7101 10.4092
      vertex -1.80432 -12.3711 10.6632
      vertex -1.8264 -12.6557 10.5013
    endloop
  endfacet
  facet normal 0.714701 -0.387003 0.582607
    outer loop
      vertex -1.80432 -12.3711 10.6632
      vertex -1.78083 -12.7101 10.4092
      vertex -1.76552 -12.73 10.3772
    endloop
  endfacet
  facet normal 0.0826404 -0.996579 0
    outer loop
      vertex -2.66723 -13.239 9.6701
      vertex -2.2946 -13.2081 9.85482
      vertex -2.66723 -13.239 9.87353
    endloop
  endfacet
  facet normal 0.0826404 -0.996579 0
    outer loop
      vertex -2.2946 -13.2081 9.85482
      vertex -2.66723 -13.239 9.6701
      vertex -2.2946 -13.2081 9.6701
    endloop
  endfacet
  facet normal -0.444577 -0.680456 -0.582521
    outer loop
      vertex -2.98503 -13.0454 9.32791
      vertex -3.26742 -12.8609 9.32791
      vertex -3.12418 -12.7053 9.03683
    endloop
  endfacet
  facet normal -0.520864 -0.797219 -0.305192
    outer loop
      vertex -2.98503 -13.0454 9.32791
      vertex -3.34272 -12.9427 9.6701
      vertex -3.26742 -12.8609 9.32791
    endloop
  endfacet
  facet normal 0.212222 0.230013 -0.949766
    outer loop
      vertex -2.43147 -11.9966 8.71416
      vertex -2.47504 -11.9564 8.71416
      vertex -2.28788 -11.67 8.82534
    endloop
  endfacet
  facet normal 0.125335 0.28679 -0.949759
    outer loop
      vertex -2.47504 -11.9564 8.71416
      vertex -2.52927 -11.9327 8.71416
      vertex -2.28788 -11.67 8.82534
    endloop
  endfacet
  facet normal -0.0768074 0.303226 -0.949818
    outer loop
      vertex -2.58829 -11.9278 8.71416
      vertex -2.78315 -11.6289 8.82534
      vertex -2.61655 -11.5867 8.82534
    endloop
  endfacet
  facet normal -0.312866 0 -0.949797
    outer loop
      vertex -3.0884 -12.193 8.82534
      vertex -2.75088 -12.0774 8.71416
      vertex -2.75088 -12.1367 8.71416
    endloop
  endfacet
  facet normal -0.312866 0 -0.949797
    outer loop
      vertex -2.75088 -12.0774 8.71416
      vertex -3.0884 -12.193 8.82534
      vertex -3.0884 -12.0211 8.82534
    endloop
  endfacet
  facet normal 0.939297 -0.156736 -0.305212
    outer loop
      vertex -1.49913 -12.4759 9.6701
      vertex -1.54878 -12.1071 9.32791
      vertex -1.43759 -12.1071 9.6701
    endloop
  endfacet
  facet normal 0.521544 0.282345 -0.805154
    outer loop
      vertex -2.07963 -11.9375 8.82534
      vertex -2.16143 -11.7864 8.82534
      vertex -1.93173 -11.6076 9.03683
    endloop
  endfacet
  facet normal 0.939314 0.156675 -0.305194
    outer loop
      vertex -1.54878 -12.1071 9.32791
      vertex -1.60429 -11.7743 9.32791
      vertex -1.49913 -11.7382 9.6701
    endloop
  endfacet
  facet normal -0.46801 0.364347 -0.80512
    outer loop
      vertex -2.92703 -11.7229 8.82534
      vertex -3.2886 -11.72 9.03683
      vertex -3.12418 -11.5088 9.03683
    endloop
  endfacet
  facet normal -0.641498 0.499245 -0.582439
    outer loop
      vertex -3.2886 -11.72 9.03683
      vertex -3.47459 -11.6194 9.32791
      vertex -3.26742 -11.3532 9.32791
    endloop
  endfacet
  facet normal -0.171132 -0.261874 -0.949808
    outer loop
      vertex -2.6457 -12.2718 8.71416
      vertex -2.92703 -12.4912 8.82534
      vertex -2.69528 -12.2394 8.71416
    endloop
  endfacet
  facet normal 0.275117 -0.148938 -0.949804
    outer loop
      vertex -2.16143 -12.4277 8.82534
      vertex -2.43147 -12.2175 8.71416
      vertex -2.07963 -12.2766 8.82534
    endloop
  endfacet
  facet normal -0.295915 0.101613 -0.949794
    outer loop
      vertex -2.73165 -12.0214 8.71416
      vertex -3.0884 -12.0211 8.82534
      vertex -3.0326 -11.8586 8.82534
    endloop
  endfacet
  facet normal -0.560974 0.192552 0.805128
    outer loop
      vertex -3.2886 -11.72 10.6632
      vertex -3.37551 -11.9732 10.6632
      vertex -3.0884 -12.0211 10.8747
    endloop
  endfacet
  facet normal -0.468068 0.364141 0.805179
    outer loop
      vertex -2.92703 -11.7229 10.8747
      vertex -3.2886 -11.72 10.6632
      vertex -3.0326 -11.8586 10.8747
    endloop
  endfacet
  facet normal -0.246793 0.191996 0.949858
    outer loop
      vertex -2.92703 -11.7229 10.8747
      vertex -3.0326 -11.8586 10.8747
      vertex -2.73165 -12.0214 10.9858
    endloop
  endfacet
  facet normal 0.238225 0.543242 0.805069
    outer loop
      vertex -2.37381 -11.3188 10.6632
      vertex -2.44527 -11.6009 10.8747
      vertex -2.12867 -11.4263 10.6632
    endloop
  endfacet
  facet normal 0.326507 0.744317 0.582568
    outer loop
      vertex -2.013 -11.2492 10.3721
      vertex -2.32189 -11.1137 10.3721
      vertex -2.12867 -11.4263 10.6632
    endloop
  endfacet
  facet normal -0.520848 0.797242 0.305159
    outer loop
      vertex -3.0297 -11.0669 10.0299
      vertex -3.34272 -11.2714 10.0299
      vertex -2.98503 -11.1687 10.3721
    endloop
  endfacet
  facet normal -0.145588 0.57504 0.805067
    outer loop
      vertex -2.64058 -11.2967 10.6632
      vertex -2.90008 -11.3624 10.6632
      vertex -2.78315 -11.6289 10.8747
    endloop
  endfacet
  facet normal 0.0258854 -0.311787 0.949799
    outer loop
      vertex -2.58829 -12.2863 10.9858
      vertex -2.57504 -12.4628 10.9275
      vertex -2.52927 -12.2814 10.9858
    endloop
  endfacet
  facet normal 0.0291453 -0.311538 0.949787
    outer loop
      vertex -2.57504 -12.4628 10.9275
      vertex -2.58829 -12.2863 10.9858
      vertex -2.60338 -12.4685 10.9265
    endloop
  endfacet
  facet normal -0.145658 -0.575038 -0.805056
    outer loop
      vertex -2.64058 -12.9174 9.03683
      vertex -2.78315 -12.5852 8.82534
      vertex -2.61655 -12.6274 8.82534
    endloop
  endfacet
  facet normal 0.049011 -0.59117 -0.805057
    outer loop
      vertex -2.44527 -12.6132 8.82534
      vertex -2.64058 -12.9174 9.03683
      vertex -2.61655 -12.6274 8.82534
    endloop
  endfacet
  facet normal 0.3265 -0.744299 -0.582595
    outer loop
      vertex -2.013 -12.9649 9.32791
      vertex -2.32189 -13.1004 9.32791
      vertex -2.12867 -12.7878 9.03683
    endloop
  endfacet
  facet normal 0.382575 -0.87213 -0.305003
    outer loop
      vertex -2.2946 -13.2081 9.6701
      vertex -2.32189 -13.1004 9.32791
      vertex -2.013 -12.9649 9.32791
    endloop
  endfacet
  facet normal 0.401722 -0.915762 -7.39756e-05
    outer loop
      vertex -1.95219 -13.0579 9.6701
      vertex -2.07683 -13.1126 9.96203
      vertex -2.1874 -13.1611 9.90924
    endloop
  endfacet
  facet normal 0.402435 -0.915448 0.000763083
    outer loop
      vertex -1.95219 -13.0579 9.6701
      vertex -2.1874 -13.1611 9.90924
      vertex -2.22467 -13.1775 9.89011
    endloop
  endfacet
  facet normal 0.400881 -0.91613 0
    outer loop
      vertex -2.2946 -13.2081 9.6701
      vertex -2.22467 -13.1775 9.89011
      vertex -2.2946 -13.2081 9.85482
    endloop
  endfacet
  facet normal 0.401707 -0.915768 -0.0003129
    outer loop
      vertex -2.22467 -13.1775 9.89011
      vertex -2.2946 -13.2081 9.6701
      vertex -1.95219 -13.0579 9.6701
    endloop
  endfacet
  facet normal 0.401867 -0.915698 0
    outer loop
      vertex -2.07683 -13.1126 9.96203
      vertex -1.95219 -13.0579 9.6701
      vertex -1.95219 -13.0579 9.99217
    endloop
  endfacet
  facet normal 0.644934 -0.700717 -0.30505
    outer loop
      vertex -1.95219 -13.0579 9.6701
      vertex -2.013 -12.9649 9.32791
      vertex -1.67709 -12.8047 9.6701
    endloop
  endfacet
  facet normal 0.58499 -0.0976312 -0.805143
    outer loop
      vertex -1.80432 -12.3711 9.03683
      vertex -2.07963 -12.2766 8.82534
      vertex -1.76026 -12.1071 9.03683
    endloop
  endfacet
  facet normal 0.521544 -0.282345 -0.805154
    outer loop
      vertex -1.93173 -12.6065 9.03683
      vertex -2.16143 -12.4277 8.82534
      vertex -2.07963 -12.2766 8.82534
    endloop
  endfacet
  facet normal 0.326392 -0.744294 -0.582661
    outer loop
      vertex -2.32189 -13.1004 9.32791
      vertex -2.37381 -12.8953 9.03683
      vertex -2.12867 -12.7878 9.03683
    endloop
  endfacet
  facet normal 0.238218 -0.543225 -0.805083
    outer loop
      vertex -2.37381 -12.8953 9.03683
      vertex -2.44527 -12.6132 8.82534
      vertex -2.12867 -12.7878 9.03683
    endloop
  endfacet
  facet normal 0.521208 -0.282589 0.805286
    outer loop
      vertex -2.07963 -12.2766 10.8747
      vertex -1.98516 -12.5338 10.7233
      vertex -1.96173 -12.5396 10.7061
    endloop
  endfacet
  facet normal 0.520633 -0.282945 0.805533
    outer loop
      vertex -1.98516 -12.5338 10.7233
      vertex -2.07963 -12.2766 10.8747
      vertex -2.05446 -12.4979 10.7807
    endloop
  endfacet
  facet normal 0.522096 -0.28245 0.804759
    outer loop
      vertex -2.05446 -12.4979 10.7807
      vertex -2.07963 -12.2766 10.8747
      vertex -2.0757 -12.4873 10.7982
    endloop
  endfacet
  facet normal 0.521443 -0.282597 0.805131
    outer loop
      vertex -2.07963 -12.2766 10.8747
      vertex -2.10482 -12.4718 10.8225
      vertex -2.0757 -12.4873 10.7982
    endloop
  endfacet
  facet normal 0.521971 -0.282576 0.804796
    outer loop
      vertex -2.10482 -12.4718 10.8225
      vertex -2.07963 -12.2766 10.8747
      vertex -2.16143 -12.4277 10.8747
    endloop
  endfacet
  facet normal 0.274938 -0.148841 0.949871
    outer loop
      vertex -2.07963 -12.2766 10.8747
      vertex -2.43147 -12.2175 10.9858
      vertex -2.16143 -12.4277 10.8747
    endloop
  endfacet
  facet normal -0.641498 -0.499245 -0.582439
    outer loop
      vertex -3.26742 -12.8609 9.32791
      vertex -3.47459 -12.5947 9.32791
      vertex -3.2886 -12.4941 9.03683
    endloop
  endfacet
  facet normal -0.751484 -0.584842 -0.30534
    outer loop
      vertex -3.26742 -12.8609 9.32791
      vertex -3.57238 -12.6477 9.6701
      vertex -3.47459 -12.5947 9.32791
    endloop
  endfacet
  facet normal -0.246813 0.192219 -0.949808
    outer loop
      vertex -2.73165 -12.0214 8.71416
      vertex -2.92703 -11.7229 8.82534
      vertex -2.69528 -11.9747 8.71416
    endloop
  endfacet
  facet normal -0.171132 0.261874 -0.949808
    outer loop
      vertex -2.69528 -11.9747 8.71416
      vertex -2.92703 -11.7229 8.82534
      vertex -2.6457 -11.9423 8.71416
    endloop
  endfacet
  facet normal -0.468054 0.36413 -0.805193
    outer loop
      vertex -3.0326 -11.8586 8.82534
      vertex -3.2886 -11.72 9.03683
      vertex -2.92703 -11.7229 8.82534
    endloop
  endfacet
  facet normal -0.641369 0.499308 -0.582527
    outer loop
      vertex -3.12418 -11.5088 9.03683
      vertex -3.2886 -11.72 9.03683
      vertex -3.26742 -11.3532 9.32791
    endloop
  endfacet
  facet normal 0.125753 0.286429 -0.949813
    outer loop
      vertex -2.28788 -11.67 8.82534
      vertex -2.52927 -11.9327 8.71416
      vertex -2.44527 -11.6009 8.82534
    endloop
  endfacet
  facet normal 0.049011 0.59117 -0.805057
    outer loop
      vertex -2.61655 -11.5867 8.82534
      vertex -2.64058 -11.2967 9.03683
      vertex -2.44527 -11.6009 8.82534
    endloop
  endfacet
  facet normal -0.246953 -0.192121 -0.949791
    outer loop
      vertex -2.92703 -12.4912 8.82534
      vertex -3.0326 -12.3555 8.82534
      vertex -2.73165 -12.1927 8.71416
    endloop
  endfacet
  facet normal 0.0258809 -0.311733 -0.949817
    outer loop
      vertex -2.52927 -12.2814 8.71416
      vertex -2.61655 -12.6274 8.82534
      vertex -2.58829 -12.2863 8.71416
    endloop
  endfacet
  facet normal -0.444577 0.680456 -0.582521
    outer loop
      vertex -3.12418 -11.5088 9.03683
      vertex -3.26742 -11.3532 9.32791
      vertex -2.98503 -11.1687 9.32791
    endloop
  endfacet
  facet normal -0.444532 0.680462 -0.582549
    outer loop
      vertex -2.90008 -11.3624 9.03683
      vertex -3.12418 -11.5088 9.03683
      vertex -2.98503 -11.1687 9.32791
    endloop
  endfacet
  facet normal -0.246953 0.192121 -0.949791
    outer loop
      vertex -2.73165 -12.0214 8.71416
      vertex -3.0326 -11.8586 8.82534
      vertex -2.92703 -11.7229 8.82534
    endloop
  endfacet
  facet normal -0.145584 -0.575022 -0.805081
    outer loop
      vertex -2.64058 -12.9174 9.03683
      vertex -2.90008 -12.8517 9.03683
      vertex -2.78315 -12.5852 8.82534
    endloop
  endfacet
  facet normal -0.324418 -0.496566 -0.805093
    outer loop
      vertex -2.90008 -12.8517 9.03683
      vertex -2.92703 -12.4912 8.82534
      vertex -2.78315 -12.5852 8.82534
    endloop
  endfacet
  facet normal -0.246813 -0.192219 -0.949808
    outer loop
      vertex -2.69528 -12.2394 8.71416
      vertex -2.92703 -12.4912 8.82534
      vertex -2.73165 -12.1927 8.71416
    endloop
  endfacet
  facet normal -0.295915 -0.101615 -0.949794
    outer loop
      vertex -2.73165 -12.1927 8.71416
      vertex -3.0884 -12.193 8.82534
      vertex -2.75088 -12.1367 8.71416
    endloop
  endfacet
  facet normal -0.295723 -0.101549 0.949861
    outer loop
      vertex -2.75088 -12.1367 10.9858
      vertex -3.0884 -12.193 10.8747
      vertex -2.73165 -12.1927 10.9858
    endloop
  endfacet
  facet normal -0.0765653 0.303146 0.949863
    outer loop
      vertex -2.58829 -11.9278 10.9858
      vertex -2.78315 -11.6289 10.8747
      vertex -2.6457 -11.9423 10.9858
    endloop
  endfacet
  facet normal 0.0490125 0.591188 0.805043
    outer loop
      vertex -2.44527 -11.6009 10.8747
      vertex -2.64058 -11.2967 10.6632
      vertex -2.61655 -11.5867 10.8747
    endloop
  endfacet
  facet normal 0.078491 0.94912 0.304975
    outer loop
      vertex -2.2946 -11.006 10.0299
      vertex -2.65805 -11.0859 10.3721
      vertex -2.32189 -11.1137 10.3721
    endloop
  endfacet
  facet normal 0.0786982 0.949039 0.305175
    outer loop
      vertex -2.2946 -11.006 10.0299
      vertex -2.66723 -10.9751 10.0299
      vertex -2.65805 -11.0859 10.3721
    endloop
  endfacet
  facet normal 0.0670992 0.809957 0.582638
    outer loop
      vertex -2.32189 -11.1137 10.3721
      vertex -2.64058 -11.2967 10.6632
      vertex -2.37381 -11.3188 10.6632
    endloop
  endfacet
  facet normal 0.0489745 0.591173 0.805057
    outer loop
      vertex -2.37381 -11.3188 10.6632
      vertex -2.64058 -11.2967 10.6632
      vertex -2.44527 -11.6009 10.8747
    endloop
  endfacet
  facet normal -0.751526 0.584871 0.305179
    outer loop
      vertex -3.34272 -11.2714 10.0299
      vertex -3.57238 -11.5665 10.0299
      vertex -3.26742 -11.3532 10.3721
    endloop
  endfacet
  facet normal -0.751525 0.584874 0.305177
    outer loop
      vertex -3.26742 -11.3532 10.3721
      vertex -3.57238 -11.5665 10.0299
      vertex -3.47459 -11.6194 10.3721
    endloop
  endfacet
  facet normal -0.0765785 -0.303198 0.949846
    outer loop
      vertex -2.6457 -12.2718 10.9858
      vertex -2.7042 -12.4641 10.9197
      vertex -2.58829 -12.2863 10.9858
    endloop
  endfacet
  facet normal -0.0754407 -0.303538 0.949828
    outer loop
      vertex -2.7042 -12.4641 10.9197
      vertex -2.6457 -12.2718 10.9858
      vertex -2.72616 -12.4552 10.9208
    endloop
  endfacet
  facet normal 0.677231 -0.735755 0.00484243
    outer loop
      vertex -1.9192 -13.0276 10.0226
      vertex -1.67709 -12.8047 10.0299
      vertex -1.91143 -13.0204 10.0299
    endloop
  endfacet
  facet normal 0.677322 -0.735687 -0.000265442
    outer loop
      vertex -1.94506 -13.0514 9.9992
      vertex -1.67709 -12.8047 10.0299
      vertex -1.9192 -13.0276 10.0226
    endloop
  endfacet
  facet normal 0.675311 -0.737527 -0.00299278
    outer loop
      vertex -1.67709 -12.8047 9.6701
      vertex -1.94506 -13.0514 9.9992
      vertex -1.95219 -13.0579 9.99217
    endloop
  endfacet
  facet normal 0.677213 -0.735787 0
    outer loop
      vertex -1.67709 -12.8047 9.6701
      vertex -1.95219 -13.0579 9.99217
      vertex -1.95219 -13.0579 9.6701
    endloop
  endfacet
  facet normal 0.677306 -0.735702 0
    outer loop
      vertex -1.94506 -13.0514 9.9992
      vertex -1.67709 -12.8047 9.6701
      vertex -1.67709 -12.8047 10.0299
    endloop
  endfacet
  facet normal 0.939305 -0.15672 -0.305196
    outer loop
      vertex -1.49913 -12.4759 9.6701
      vertex -1.60429 -12.4398 9.32791
      vertex -1.54878 -12.1071 9.32791
    endloop
  endfacet
  facet normal 0.879449 -0.475994 0
    outer loop
      vertex -1.67709 -12.8047 10.0299
      vertex -1.49913 -12.4759 9.6701
      vertex -1.49913 -12.4759 10.0299
    endloop
  endfacet
  facet normal 0.879449 -0.475994 0
    outer loop
      vertex -1.49913 -12.4759 9.6701
      vertex -1.67709 -12.8047 10.0299
      vertex -1.67709 -12.8047 9.6701
    endloop
  endfacet
  facet normal 0.308597 0.0514752 -0.949799
    outer loop
      vertex -2.05134 -12.1071 8.82534
      vertex -2.39353 -12.1071 8.71416
      vertex -2.07963 -11.9375 8.82534
    endloop
  endfacet
  facet normal 0.939304 0.156695 -0.305214
    outer loop
      vertex -1.43759 -12.1071 9.6701
      vertex -1.54878 -12.1071 9.32791
      vertex -1.49913 -11.7382 9.6701
    endloop
  endfacet
  facet normal 0.401679 -0.43633 -0.805152
    outer loop
      vertex -2.12867 -12.7878 9.03683
      vertex -2.16143 -12.4277 8.82534
      vertex -1.93173 -12.6065 9.03683
    endloop
  endfacet
  facet normal 0.212222 -0.230013 -0.949766
    outer loop
      vertex -2.28788 -12.5441 8.82534
      vertex -2.47504 -12.2577 8.71416
      vertex -2.43147 -12.2175 8.71416
    endloop
  endfacet
  facet normal 0.0258436 0.311725 -0.949821
    outer loop
      vertex -2.52927 -11.9327 8.71416
      vertex -2.61655 -11.5867 8.82534
      vertex -2.44527 -11.6009 8.82534
    endloop
  endfacet
  facet normal 0.0258809 0.311733 -0.949817
    outer loop
      vertex -2.58829 -11.9278 8.71416
      vertex -2.61655 -11.5867 8.82534
      vertex -2.52927 -11.9327 8.71416
    endloop
  endfacet
  facet normal -0.0767576 0.303029 0.949885
    outer loop
      vertex -2.61655 -11.5867 10.8747
      vertex -2.78315 -11.6289 10.8747
      vertex -2.58829 -11.9278 10.9858
    endloop
  endfacet
  facet normal 0.0258641 0.31153 0.949884
    outer loop
      vertex -2.52927 -11.9327 10.9858
      vertex -2.61655 -11.5867 10.8747
      vertex -2.58829 -11.9278 10.9858
    endloop
  endfacet
  facet normal -0.444588 0.680472 0.582495
    outer loop
      vertex -2.98503 -11.1687 10.3721
      vertex -3.26742 -11.3532 10.3721
      vertex -3.12418 -11.5088 10.6632
    endloop
  endfacet
  facet normal -0.641384 0.49932 0.582501
    outer loop
      vertex -3.26742 -11.3532 10.3721
      vertex -3.2886 -11.72 10.6632
      vertex -3.12418 -11.5088 10.6632
    endloop
  endfacet
  facet normal 0.644973 -0.700709 0.304985
    outer loop
      vertex -1.67709 -12.8047 10.0299
      vertex -1.87732 -12.9497 10.1202
      vertex -1.91143 -13.0204 10.0299
    endloop
  endfacet
  facet normal 0.645007 -0.7005 0.305395
    outer loop
      vertex -1.87732 -12.9497 10.1202
      vertex -1.67709 -12.8047 10.0299
      vertex -1.86204 -12.9212 10.1533
    endloop
  endfacet
  facet normal 0.644901 -0.700782 0.30497
    outer loop
      vertex -1.86204 -12.9212 10.1533
      vertex -1.67709 -12.8047 10.0299
      vertex -1.84276 -12.8837 10.1987
    endloop
  endfacet
  facet normal 0.986369 0.164546 0
    outer loop
      vertex -1.43759 -12.1071 10.0299
      vertex -1.49913 -11.7382 9.6701
      vertex -1.49913 -11.7382 10.0299
    endloop
  endfacet
  facet normal 0.986369 0.164546 0
    outer loop
      vertex -1.49913 -11.7382 9.6701
      vertex -1.43759 -12.1071 10.0299
      vertex -1.43759 -12.1071 9.6701
    endloop
  endfacet
  facet normal 0.521592 -0.282311 -0.805135
    outer loop
      vertex -1.93173 -12.6065 9.03683
      vertex -2.07963 -12.2766 8.82534
      vertex -1.80432 -12.3711 9.03683
    endloop
  endfacet
  facet normal 0.80175 0.133757 -0.5825
    outer loop
      vertex -1.76026 -12.1071 9.03683
      vertex -1.80432 -11.843 9.03683
      vertex -1.54878 -12.1071 9.32791
    endloop
  endfacet
  facet normal 0.521592 0.282311 -0.805135
    outer loop
      vertex -1.80432 -11.843 9.03683
      vertex -2.07963 -11.9375 8.82534
      vertex -1.93173 -11.6076 9.03683
    endloop
  endfacet
  facet normal 0.714823 0.386897 -0.582527
    outer loop
      vertex -1.80432 -11.843 9.03683
      vertex -1.93173 -11.6076 9.03683
      vertex -1.76483 -11.4777 9.32791
    endloop
  endfacet
  facet normal 0.401658 -0.436337 -0.805159
    outer loop
      vertex -2.12867 -12.7878 9.03683
      vertex -2.28788 -12.5441 8.82534
      vertex -2.16143 -12.4277 8.82534
    endloop
  endfacet
  facet normal 0.2384 -0.543008 -0.805176
    outer loop
      vertex -2.12867 -12.7878 9.03683
      vertex -2.44527 -12.6132 8.82534
      vertex -2.28788 -12.5441 8.82534
    endloop
  endfacet
  facet normal 0.275079 -0.149125 -0.949786
    outer loop
      vertex -2.07963 -12.2766 8.82534
      vertex -2.43147 -12.2175 8.71416
      vertex -2.40328 -12.1655 8.71416
    endloop
  endfacet
  facet normal 0.308589 -0.0515196 -0.949799
    outer loop
      vertex -2.07963 -12.2766 8.82534
      vertex -2.40328 -12.1655 8.71416
      vertex -2.39353 -12.1071 8.71416
    endloop
  endfacet
  facet normal -0.295915 0.101615 -0.949794
    outer loop
      vertex -2.75088 -12.0774 8.71416
      vertex -3.0884 -12.0211 8.82534
      vertex -2.73165 -12.0214 8.71416
    endloop
  endfacet
  facet normal -0.324408 0.496584 0.805086
    outer loop
      vertex -2.90008 -11.3624 10.6632
      vertex -3.12418 -11.5088 10.6632
      vertex -2.92703 -11.7229 10.8747
    endloop
  endfacet
  facet normal -0.324428 0.496582 0.80508
    outer loop
      vertex -2.90008 -11.3624 10.6632
      vertex -2.92703 -11.7229 10.8747
      vertex -2.78315 -11.6289 10.8747
    endloop
  endfacet
  facet normal 0.986362 -0.16459 0
    outer loop
      vertex -1.49913 -12.4759 10.0299
      vertex -1.43759 -12.1071 9.6701
      vertex -1.43759 -12.1071 10.0299
    endloop
  endfacet
  facet normal 0.986362 -0.16459 0
    outer loop
      vertex -1.43759 -12.1071 9.6701
      vertex -1.49913 -12.4759 10.0299
      vertex -1.49913 -12.4759 9.6701
    endloop
  endfacet
  facet normal 0.879449 0.475994 0
    outer loop
      vertex -1.49913 -11.7382 10.0299
      vertex -1.67709 -11.4094 9.6701
      vertex -1.67709 -11.4094 10.0299
    endloop
  endfacet
  facet normal 0.879449 0.475994 0
    outer loop
      vertex -1.67709 -11.4094 9.6701
      vertex -1.49913 -11.7382 10.0299
      vertex -1.49913 -11.7382 9.6701
    endloop
  endfacet
  facet normal 0.801741 0.133728 -0.582518
    outer loop
      vertex -1.54878 -12.1071 9.32791
      vertex -1.80432 -11.843 9.03683
      vertex -1.60429 -11.7743 9.32791
    endloop
  endfacet
  facet normal 0.714813 0.386905 -0.582535
    outer loop
      vertex -1.60429 -11.7743 9.32791
      vertex -1.80432 -11.843 9.03683
      vertex -1.76483 -11.4777 9.32791
    endloop
  endfacet
  facet normal 0.584991 -0.0976366 -0.805141
    outer loop
      vertex -1.76026 -12.1071 9.03683
      vertex -2.07963 -12.2766 8.82534
      vertex -2.05134 -12.1071 8.82534
    endloop
  endfacet
  facet normal 0.584995 0.0975796 -0.805146
    outer loop
      vertex -2.05134 -12.1071 8.82534
      vertex -2.07963 -11.9375 8.82534
      vertex -1.76026 -12.1071 9.03683
    endloop
  endfacet
  facet normal 0.714813 -0.386905 -0.582535
    outer loop
      vertex -1.76483 -12.7364 9.32791
      vertex -1.80432 -12.3711 9.03683
      vertex -1.60429 -12.4398 9.32791
    endloop
  endfacet
  facet normal 0.801733 -0.133767 -0.582521
    outer loop
      vertex -1.60429 -12.4398 9.32791
      vertex -1.80432 -12.3711 9.03683
      vertex -1.54878 -12.1071 9.32791
    endloop
  endfacet
  facet normal -0.246712 -0.19214 0.94985
    outer loop
      vertex 2.41522 -12.1927 10.9858
      vertex 2.11427 -12.3555 10.8747
      vertex 2.45159 -12.2394 10.9858
    endloop
  endfacet
  facet normal 0.326394 -0.744299 -0.582654
    outer loop
      vertex 2.82497 -13.1004 9.32791
      vertex 2.77306 -12.8953 9.03683
      vertex 3.0182 -12.7878 9.03683
    endloop
  endfacet
  facet normal 0.93931 0.156696 -0.305195
    outer loop
      vertex 3.70927 -12.1071 9.6701
      vertex 3.54257 -11.7743 9.32791
      vertex 3.64773 -11.7382 9.6701
    endloop
  endfacet
  facet normal -0.641456 0.499237 0.582492
    outer loop
      vertex 1.87945 -11.3532 10.3721
      vertex 1.67227 -11.6194 10.3721
      vertex 2.02269 -11.5088 10.6632
    endloop
  endfacet
  facet normal 0.550551 0.59792 -0.582568
    outer loop
      vertex 3.38203 -11.4777 9.32791
      vertex 3.0182 -11.4263 9.03683
      vertex 3.13387 -11.2492 9.32791
    endloop
  endfacet
  facet normal 0.308396 0.0514418 0.949866
    outer loop
      vertex 3.06723 -11.9375 10.8747
      vertex 2.75333 -12.1071 10.9858
      vertex 3.09552 -12.1071 10.8747
    endloop
  endfacet
  facet normal 0.078698 0.949036 -0.305184
    outer loop
      vertex 2.48882 -11.0859 9.32791
      vertex 2.47964 -10.9751 9.6701
      vertex 2.85227 -11.006 9.6701
    endloop
  endfacet
  facet normal -0.295723 -0.101547 0.949861
    outer loop
      vertex 2.39599 -12.1367 10.9858
      vertex 2.05847 -12.193 10.8747
      vertex 2.11427 -12.3555 10.8747
    endloop
  endfacet
  facet normal 0.939304 -0.156748 -0.305187
    outer loop
      vertex 3.70927 -12.1071 9.6701
      vertex 3.54257 -12.4398 9.32791
      vertex 3.59809 -12.1071 9.32791
    endloop
  endfacet
  facet normal -0.14559 -0.575023 -0.805079
    outer loop
      vertex 2.50628 -12.9174 9.03683
      vertex 2.24679 -12.8517 9.03683
      vertex 2.36371 -12.5852 8.82534
    endloop
  endfacet
  facet normal -0.233801 0.923158 -0.305149
    outer loop
      vertex 2.16183 -11.1687 9.32791
      vertex 2.11717 -11.0669 9.6701
      vertex 2.47964 -10.9751 9.6701
    endloop
  endfacet
  facet normal 0.273598 -0.148044 0.950383
    outer loop
      vertex 3.06723 -12.2766 10.8747
      vertex 2.96247 -12.4028 10.8852
      vertex 3.00127 -12.3985 10.8747
    endloop
  endfacet
  facet normal 0.274867 -0.149142 0.949845
    outer loop
      vertex 2.96247 -12.4028 10.8852
      vertex 3.06723 -12.2766 10.8747
      vertex 2.74359 -12.1655 10.9858
    endloop
  endfacet
  facet normal 0.714845 0.386909 0.582494
    outer loop
      vertex 3.54257 -11.7743 10.3721
      vertex 3.21514 -11.6076 10.6632
      vertex 3.34255 -11.843 10.6632
    endloop
  endfacet
  facet normal -0.753214 -0.585977 0.298832
    outer loop
      vertex 1.67227 -12.5947 10.3721
      vertex 1.78732 -12.7459 10.3656
      vertex 1.78562 -12.7404 10.3721
    endloop
  endfacet
  facet normal -0.751353 -0.584853 0.305639
    outer loop
      vertex 1.67227 -12.5947 10.3721
      vertex 1.80465 -12.8118 10.2821
      vertex 1.78732 -12.7459 10.3656
    endloop
  endfacet
  facet normal -0.751709 -0.584772 0.304919
    outer loop
      vertex 1.67227 -12.5947 10.3721
      vertex 1.81434 -12.846 10.2404
      vertex 1.80465 -12.8118 10.2821
    endloop
  endfacet
  facet normal -0.751646 -0.584795 0.30503
    outer loop
      vertex 1.80415 -12.9427 10.0299
      vertex 1.81434 -12.846 10.2404
      vertex 1.67227 -12.5947 10.3721
    endloop
  endfacet
  facet normal -0.751508 -0.58494 0.305091
    outer loop
      vertex 1.81434 -12.846 10.2404
      vertex 1.80415 -12.9427 10.0299
      vertex 1.83004 -12.9116 10.1533
    endloop
  endfacet
  facet normal -0.742415 -0.59599 0.305968
    outer loop
      vertex 1.83004 -12.9116 10.1533
      vertex 1.80415 -12.9427 10.0299
      vertex 1.83065 -12.9139 10.1503
    endloop
  endfacet
  facet normal 0.837476 0.453299 -0.305212
    outer loop
      vertex 3.54257 -11.7743 9.32791
      vertex 3.38203 -11.4777 9.32791
      vertex 3.46977 -11.4094 9.6701
    endloop
  endfacet
  facet normal 0.879449 -0.475994 0
    outer loop
      vertex 3.46977 -12.8047 10.0299
      vertex 3.64773 -12.4759 9.6701
      vertex 3.64773 -12.4759 10.0299
    endloop
  endfacet
  facet normal 0.879449 -0.475994 0
    outer loop
      vertex 3.64773 -12.4759 9.6701
      vertex 3.46977 -12.8047 10.0299
      vertex 3.46977 -12.8047 9.6701
    endloop
  endfacet
  facet normal 0.521534 0.282339 -0.805163
    outer loop
      vertex 3.06723 -11.9375 8.82534
      vertex 2.98543 -11.7864 8.82534
      vertex 3.21514 -11.6076 9.03683
    endloop
  endfacet
  facet normal -0.520849 0.797243 -0.305154
    outer loop
      vertex 2.16183 -11.1687 9.32791
      vertex 1.80415 -11.2714 9.6701
      vertex 2.11717 -11.0669 9.6701
    endloop
  endfacet
  facet normal -0.751396 -0.584968 -0.305312
    outer loop
      vertex 1.80415 -12.9427 9.6701
      vertex 1.57449 -12.6477 9.6701
      vertex 1.67227 -12.5947 9.32791
    endloop
  endfacet
  facet normal -0.751398 -0.58497 0.305304
    outer loop
      vertex 1.67227 -12.5947 10.3721
      vertex 1.57449 -12.6477 10.0299
      vertex 1.80415 -12.9427 10.0299
    endloop
  endfacet
  facet normal 0.837697 -0.453338 0.304548
    outer loop
      vertex 3.40737 -12.7165 10.3321
      vertex 3.54257 -12.4398 10.3721
      vertex 3.41599 -12.6737 10.3721
    endloop
  endfacet
  facet normal 0.837362 -0.453312 0.305505
    outer loop
      vertex 3.40372 -12.7533 10.2875
      vertex 3.54257 -12.4398 10.3721
      vertex 3.40737 -12.7165 10.3321
    endloop
  endfacet
  facet normal 0.837494 -0.453284 0.305184
    outer loop
      vertex 3.54257 -12.4398 10.3721
      vertex 3.40372 -12.7533 10.2875
      vertex 3.46977 -12.8047 10.0299
    endloop
  endfacet
  facet normal -0.6456 -0.502737 0.574854
    outer loop
      vertex 1.85827 -12.4941 10.6632
      vertex 1.9036 -12.5578 10.6584
      vertex 1.90546 -12.5547 10.6632
    endloop
  endfacet
  facet normal -0.639488 -0.499132 0.584741
    outer loop
      vertex 1.85827 -12.4941 10.6632
      vertex 1.89729 -12.5701 10.641
      vertex 1.9036 -12.5578 10.6584
    endloop
  endfacet
  facet normal -0.641491 -0.49927 0.582425
    outer loop
      vertex 1.85343 -12.6379 10.5346
      vertex 1.85827 -12.4941 10.6632
      vertex 1.67227 -12.5947 10.3721
    endloop
  endfacet
  facet normal -0.641256 -0.499405 0.582567
    outer loop
      vertex 1.85827 -12.4941 10.6632
      vertex 1.85343 -12.6379 10.5346
      vertex 1.89729 -12.5701 10.641
    endloop
  endfacet
  facet normal -0.641162 -0.500501 0.58173
    outer loop
      vertex 1.85343 -12.6379 10.5346
      vertex 1.67227 -12.5947 10.3721
      vertex 1.84666 -12.6498 10.5169
    endloop
  endfacet
  facet normal 0.939306 -0.156749 0.305178
    outer loop
      vertex 3.59809 -12.1071 10.3721
      vertex 3.54257 -12.4398 10.3721
      vertex 3.70927 -12.1071 10.0299
    endloop
  endfacet
  facet normal 0.837493 0.453285 0.305185
    outer loop
      vertex 3.64773 -11.7382 10.0299
      vertex 3.46977 -11.4094 10.0299
      vertex 3.54257 -11.7743 10.3721
    endloop
  endfacet
  facet normal -0.444528 -0.680456 -0.582559
    outer loop
      vertex 2.16183 -13.0454 9.32791
      vertex 2.02269 -12.7053 9.03683
      vertex 2.24679 -12.8517 9.03683
    endloop
  endfacet
  facet normal 0.382564 0.872133 0.305005
    outer loop
      vertex 2.85227 -11.006 10.0299
      vertex 2.82497 -11.1137 10.3721
      vertex 3.13387 -11.2492 10.3721
    endloop
  endfacet
  facet normal -0.324422 0.496573 -0.805088
    outer loop
      vertex 2.36371 -11.6289 8.82534
      vertex 2.21983 -11.7229 8.82534
      vertex 2.24679 -11.3624 9.03683
    endloop
  endfacet
  facet normal -0.900689 -0.309168 0.305246
    outer loop
      vertex 1.67227 -12.5947 10.3721
      vertex 1.45308 -12.294 10.0299
      vertex 1.57449 -12.6477 10.0299
    endloop
  endfacet
  facet normal 0.0784931 0.949117 -0.304985
    outer loop
      vertex 2.82497 -11.1137 9.32791
      vertex 2.48882 -11.0859 9.32791
      vertex 2.85227 -11.006 9.6701
    endloop
  endfacet
  facet normal -0.560938 -0.192562 0.805151
    outer loop
      vertex 2.11427 -12.3555 10.8747
      vertex 1.77135 -12.2409 10.6632
      vertex 1.85827 -12.4941 10.6632
    endloop
  endfacet
  facet normal -0.75151 0.584891 0.305181
    outer loop
      vertex 1.80415 -11.2714 10.0299
      vertex 1.67227 -11.6194 10.3721
      vertex 1.87945 -11.3532 10.3721
    endloop
  endfacet
  facet normal 0.211792 0.23006 0.949851
    outer loop
      vertex 2.85899 -11.67 10.8747
      vertex 2.67183 -11.9564 10.9858
      vertex 2.98543 -11.7864 10.8747
    endloop
  endfacet
  facet normal 0.401685 0.436337 0.805145
    outer loop
      vertex 3.0182 -11.4263 10.6632
      vertex 2.98543 -11.7864 10.8747
      vertex 3.21514 -11.6076 10.6632
    endloop
  endfacet
  facet normal 0.550564 0.597934 0.582541
    outer loop
      vertex 3.13387 -11.2492 10.3721
      vertex 3.0182 -11.4263 10.6632
      vertex 3.38203 -11.4777 10.3721
    endloop
  endfacet
  facet normal 0.584995 -0.0976321 0.805139
    outer loop
      vertex 3.38661 -12.1071 10.6632
      vertex 3.06723 -12.2766 10.8747
      vertex 3.34255 -12.3711 10.6632
    endloop
  endfacet
  facet normal 0.0490111 0.591171 -0.805056
    outer loop
      vertex 2.53032 -11.5867 8.82534
      vertex 2.50628 -11.2967 9.03683
      vertex 2.7016 -11.6009 8.82534
    endloop
  endfacet
  facet normal 0.677226 0.735775 -0
    outer loop
      vertex 3.46977 -11.4094 9.6701
      vertex 3.19468 -11.1562 10.0299
      vertex 3.46977 -11.4094 10.0299
    endloop
  endfacet
  facet normal 0.677226 0.735775 0
    outer loop
      vertex 3.19468 -11.1562 10.0299
      vertex 3.46977 -11.4094 9.6701
      vertex 3.19468 -11.1562 9.6701
    endloop
  endfacet
  facet normal -0.520886 -0.797429 0.304606
    outer loop
      vertex 1.87673 -12.9636 10.0993
      vertex 1.80415 -12.9427 10.0299
      vertex 1.93244 -13.0265 10.0299
    endloop
  endfacet
  facet normal 0.0258641 0.31153 0.949884
    outer loop
      vertex 2.6176 -11.9327 10.9858
      vertex 2.53032 -11.5867 10.8747
      vertex 2.55858 -11.9278 10.9858
    endloop
  endfacet
  facet normal 0.837478 0.4533 0.305204
    outer loop
      vertex 3.46977 -11.4094 10.0299
      vertex 3.38203 -11.4777 10.3721
      vertex 3.54257 -11.7743 10.3721
    endloop
  endfacet
  facet normal 0.585005 0.0975967 0.805136
    outer loop
      vertex 3.34255 -11.843 10.6632
      vertex 3.06723 -11.9375 10.8747
      vertex 3.38661 -12.1071 10.6632
    endloop
  endfacet
  facet normal 0.308596 -0.0515055 -0.949798
    outer loop
      vertex 3.06723 -12.2766 8.82534
      vertex 2.75333 -12.1071 8.71416
      vertex 3.09552 -12.1071 8.82534
    endloop
  endfacet
  facet normal -0.295722 -0.101549 0.949861
    outer loop
      vertex 2.39599 -12.1367 10.9858
      vertex 2.11427 -12.3555 10.8747
      vertex 2.41522 -12.1927 10.9858
    endloop
  endfacet
  facet normal 0.939312 0.156696 0.305186
    outer loop
      vertex 3.64773 -11.7382 10.0299
      vertex 3.54257 -11.7743 10.3721
      vertex 3.70927 -12.1071 10.0299
    endloop
  endfacet
  facet normal 0.939313 0.156703 0.305181
    outer loop
      vertex 3.70927 -12.1071 10.0299
      vertex 3.54257 -11.7743 10.3721
      vertex 3.59809 -12.1071 10.3721
    endloop
  endfacet
  facet normal 0.585 0.0975804 0.805142
    outer loop
      vertex 3.38661 -12.1071 10.6632
      vertex 3.06723 -11.9375 10.8747
      vertex 3.09552 -12.1071 10.8747
    endloop
  endfacet
  facet normal 0.27497 0.148859 0.949859
    outer loop
      vertex 2.98543 -11.7864 10.8747
      vertex 2.74359 -12.0486 10.9858
      vertex 3.06723 -11.9375 10.8747
    endloop
  endfacet
  facet normal -0.145649 0.575036 -0.805059
    outer loop
      vertex 2.53032 -11.5867 8.82534
      vertex 2.36371 -11.6289 8.82534
      vertex 2.50628 -11.2967 9.03683
    endloop
  endfacet
  facet normal -0.199495 0.787927 -0.582557
    outer loop
      vertex 2.24679 -11.3624 9.03683
      vertex 2.16183 -11.1687 9.32791
      vertex 2.50628 -11.2967 9.03683
    endloop
  endfacet
  facet normal 0.212113 -0.229895 -0.949819
    outer loop
      vertex 2.98543 -12.4277 8.82534
      vertex 2.67183 -12.2577 8.71416
      vertex 2.7154 -12.2175 8.71416
    endloop
  endfacet
  facet normal 0.521582 0.282306 -0.805143
    outer loop
      vertex 3.34255 -11.843 9.03683
      vertex 3.06723 -11.9375 8.82534
      vertex 3.21514 -11.6076 9.03683
    endloop
  endfacet
  facet normal -0.560929 0.192614 -0.805145
    outer loop
      vertex 2.05847 -12.0211 8.82534
      vertex 1.77135 -11.9732 9.03683
      vertex 2.11427 -11.8586 8.82534
    endloop
  endfacet
  facet normal -0.468068 -0.364107 -0.805195
    outer loop
      vertex 2.21983 -12.4912 8.82534
      vertex 1.85827 -12.4941 9.03683
      vertex 2.11427 -12.3555 8.82534
    endloop
  endfacet
  facet normal -0.789073 -0.6143 0
    outer loop
      vertex 1.80415 -12.9427 9.6701
      vertex 1.57449 -12.6477 10.0299
      vertex 1.57449 -12.6477 9.6701
    endloop
  endfacet
  facet normal -0.789073 -0.6143 0
    outer loop
      vertex 1.57449 -12.6477 10.0299
      vertex 1.80415 -12.9427 9.6701
      vertex 1.80415 -12.9427 10.0299
    endloop
  endfacet
  facet normal -0.199495 -0.787927 -0.582557
    outer loop
      vertex 2.50628 -12.9174 9.03683
      vertex 2.16183 -13.0454 9.32791
      vertex 2.24679 -12.8517 9.03683
    endloop
  endfacet
  facet normal -0.546854 -0.837183 0.00862019
    outer loop
      vertex 1.80415 -12.9427 10.0299
      vertex 1.94595 -13.0354 10.0226
      vertex 1.93244 -13.0265 10.0299
    endloop
  endfacet
  facet normal -0.547186 -0.837011 0
    outer loop
      vertex 1.80415 -12.9427 9.6701
      vertex 1.94595 -13.0354 10.0226
      vertex 1.80415 -12.9427 10.0299
    endloop
  endfacet
  facet normal -0.546266 -0.837612 -0.000527855
    outer loop
      vertex 1.94595 -13.0354 10.0226
      vertex 1.80415 -12.9427 9.6701
      vertex 1.97878 -13.0568 10.0055
    endloop
  endfacet
  facet normal -0.546895 -0.837201 -6.06748e-05
    outer loop
      vertex 1.97878 -13.0568 10.0055
      vertex 1.80415 -12.9427 9.6701
      vertex 2.07829 -13.1218 9.94844
    endloop
  endfacet
  facet normal -0.546937 -0.837174 -2.42141e-06
    outer loop
      vertex 2.11717 -13.1472 9.6701
      vertex 2.07829 -13.1218 9.94844
      vertex 1.80415 -12.9427 9.6701
    endloop
  endfacet
  facet normal -0.546924 -0.837182 0
    outer loop
      vertex 2.07829 -13.1218 9.94844
      vertex 2.11717 -13.1472 9.6701
      vertex 2.11717 -13.1472 9.91731
    endloop
  endfacet
  facet normal -0.0765648 0.303144 0.949864
    outer loop
      vertex 2.55858 -11.9278 10.9858
      vertex 2.36371 -11.6289 10.8747
      vertex 2.50117 -11.9423 10.9858
    endloop
  endfacet
  facet normal -0.95229 0 0.305195
    outer loop
      vertex 1.45308 -11.9201 10.0299
      vertex 1.56275 -12.2757 10.3721
      vertex 1.56275 -11.9384 10.3721
    endloop
  endfacet
  facet normal -0.95229 0 0.305195
    outer loop
      vertex 1.56275 -12.2757 10.3721
      vertex 1.45308 -11.9201 10.0299
      vertex 1.45308 -12.294 10.0299
    endloop
  endfacet
  facet normal 0.644949 0.700707 0.305041
    outer loop
      vertex 3.19468 -11.1562 10.0299
      vertex 3.13387 -11.2492 10.3721
      vertex 3.46977 -11.4094 10.0299
    endloop
  endfacet
  facet normal -0.233802 0.923161 0.305141
    outer loop
      vertex 2.47964 -10.9751 10.0299
      vertex 2.11717 -11.0669 10.0299
      vertex 2.16183 -11.1687 10.3721
    endloop
  endfacet
  facet normal 0.645045 0.700544 0.305212
    outer loop
      vertex 3.46977 -11.4094 10.0299
      vertex 3.13387 -11.2492 10.3721
      vertex 3.38203 -11.4777 10.3721
    endloop
  endfacet
  facet normal 0.55053 0.598022 0.582483
    outer loop
      vertex 3.38203 -11.4777 10.3721
      vertex 3.0182 -11.4263 10.6632
      vertex 3.21514 -11.6076 10.6632
    endloop
  endfacet
  facet normal 0.0669898 0.810023 0.58256
    outer loop
      vertex 2.82497 -11.1137 10.3721
      vertex 2.48882 -11.0859 10.3721
      vertex 2.50628 -11.2967 10.6632
    endloop
  endfacet
  facet normal 0.714844 0.386922 0.582485
    outer loop
      vertex 3.38203 -11.4777 10.3721
      vertex 3.21514 -11.6076 10.6632
      vertex 3.54257 -11.7743 10.3721
    endloop
  endfacet
  facet normal 0.326491 0.744304 -0.582594
    outer loop
      vertex 3.0182 -11.4263 9.03683
      vertex 2.82497 -11.1137 9.32791
      vertex 3.13387 -11.2492 9.32791
    endloop
  endfacet
  facet normal 0.0786982 0.949039 0.305175
    outer loop
      vertex 2.85227 -11.006 10.0299
      vertex 2.47964 -10.9751 10.0299
      vertex 2.48882 -11.0859 10.3721
    endloop
  endfacet
  facet normal 0.238218 0.543225 -0.805083
    outer loop
      vertex 3.0182 -11.4263 9.03683
      vertex 2.7016 -11.6009 8.82534
      vertex 2.77306 -11.3188 9.03683
    endloop
  endfacet
  facet normal -0.751508 0.584889 -0.305189
    outer loop
      vertex 1.87945 -11.3532 9.32791
      vertex 1.67227 -11.6194 9.32791
      vertex 1.80415 -11.2714 9.6701
    endloop
  endfacet
  facet normal -0.295722 0.101549 0.949861
    outer loop
      vertex 2.41522 -12.0214 10.9858
      vertex 2.11427 -11.8586 10.8747
      vertex 2.39599 -12.0774 10.9858
    endloop
  endfacet
  facet normal -0.233761 0.923159 0.305178
    outer loop
      vertex 2.47964 -10.9751 10.0299
      vertex 2.16183 -11.1687 10.3721
      vertex 2.48882 -11.0859 10.3721
    endloop
  endfacet
  facet normal -0.246712 0.19214 0.94985
    outer loop
      vertex 2.45159 -11.9747 10.9858
      vertex 2.11427 -11.8586 10.8747
      vertex 2.41522 -12.0214 10.9858
    endloop
  endfacet
  facet normal 7.53736e-11 -0.707107 0.707107
    outer loop
      vertex 3.40039 -12.7587 10.2821
      vertex 3.40372 -12.7533 10.2875
      vertex 3.4021 -12.7559 10.2849
    endloop
  endfacet
  facet normal 0.644951 -0.700629 0.305217
    outer loop
      vertex 3.46977 -12.8047 10.0299
      vertex 3.40039 -12.7587 10.2821
      vertex 3.33746 -12.8642 10.1729
    endloop
  endfacet
  facet normal 0.645728 -0.69937 0.30646
    outer loop
      vertex 3.46977 -12.8047 10.0299
      vertex 3.33746 -12.8642 10.1729
      vertex 3.33456 -12.8692 10.1676
    endloop
  endfacet
  facet normal 0.643576 -0.701952 0.30508
    outer loop
      vertex 3.40039 -12.7587 10.2821
      vertex 3.46977 -12.8047 10.0299
      vertex 3.40372 -12.7533 10.2875
    endloop
  endfacet
  facet normal 0.879449 0.475994 0
    outer loop
      vertex 3.64773 -11.7382 10.0299
      vertex 3.46977 -11.4094 9.6701
      vertex 3.46977 -11.4094 10.0299
    endloop
  endfacet
  facet normal 0.879449 0.475994 0
    outer loop
      vertex 3.46977 -11.4094 9.6701
      vertex 3.64773 -11.7382 10.0299
      vertex 3.64773 -11.7382 9.6701
    endloop
  endfacet
  facet normal 0.80175 0.133754 -0.5825
    outer loop
      vertex 3.59809 -12.1071 9.32791
      vertex 3.38661 -12.1071 9.03683
      vertex 3.54257 -11.7743 9.32791
    endloop
  endfacet
  facet normal 0.644947 -0.700705 -0.305049
    outer loop
      vertex 3.19468 -13.0579 9.6701
      vertex 3.13387 -12.9649 9.32791
      vertex 3.46977 -12.8047 9.6701
    endloop
  endfacet
  facet normal 0.837493 -0.453285 0.305185
    outer loop
      vertex 3.54257 -12.4398 10.3721
      vertex 3.46977 -12.8047 10.0299
      vertex 3.64773 -12.4759 10.0299
    endloop
  endfacet
  facet normal 0.801765 -0.133796 0.582471
    outer loop
      vertex 3.59809 -12.1071 10.3721
      vertex 3.38661 -12.1071 10.6632
      vertex 3.54257 -12.4398 10.3721
    endloop
  endfacet
  facet normal 0.939305 -0.156738 0.305189
    outer loop
      vertex 3.70927 -12.1071 10.0299
      vertex 3.54257 -12.4398 10.3721
      vertex 3.64773 -12.4759 10.0299
    endloop
  endfacet
  facet normal 0.801769 0.133757 0.582474
    outer loop
      vertex 3.54257 -11.7743 10.3721
      vertex 3.38661 -12.1071 10.6632
      vertex 3.59809 -12.1071 10.3721
    endloop
  endfacet
  facet normal 0.801767 0.133759 0.582476
    outer loop
      vertex 3.54257 -11.7743 10.3721
      vertex 3.34255 -11.843 10.6632
      vertex 3.38661 -12.1071 10.6632
    endloop
  endfacet
  facet normal 0.401689 0.436336 0.805144
    outer loop
      vertex 3.0182 -11.4263 10.6632
      vertex 2.85899 -11.67 10.8747
      vertex 2.98543 -11.7864 10.8747
    endloop
  endfacet
  facet normal 0.30844 0.051354 0.949856
    outer loop
      vertex 3.06723 -11.9375 10.8747
      vertex 2.74359 -12.0486 10.9858
      vertex 2.75333 -12.1071 10.9858
    endloop
  endfacet
  facet normal -0.324402 -0.496575 -0.805094
    outer loop
      vertex 2.24679 -12.8517 9.03683
      vertex 2.02269 -12.7053 9.03683
      vertex 2.21983 -12.4912 8.82534
    endloop
  endfacet
  facet normal -0.468068 0.364107 -0.805195
    outer loop
      vertex 2.11427 -11.8586 8.82534
      vertex 1.85827 -11.72 9.03683
      vertex 2.21983 -11.7229 8.82534
    endloop
  endfacet
  facet normal -0.0768029 0.303226 -0.949819
    outer loop
      vertex 2.55858 -11.9278 8.71416
      vertex 2.36371 -11.6289 8.82534
      vertex 2.53032 -11.5867 8.82534
    endloop
  endfacet
  facet normal 0.2384 0.543008 -0.805176
    outer loop
      vertex 2.85899 -11.67 8.82534
      vertex 2.7016 -11.6009 8.82534
      vertex 3.0182 -11.4263 9.03683
    endloop
  endfacet
  facet normal 0.326394 0.744299 -0.582654
    outer loop
      vertex 3.0182 -11.4263 9.03683
      vertex 2.77306 -11.3188 9.03683
      vertex 2.82497 -11.1137 9.32791
    endloop
  endfacet
  facet normal 0.382565 0.872131 -0.305012
    outer loop
      vertex 3.13387 -11.2492 9.32791
      vertex 2.85227 -11.006 9.6701
      vertex 3.19468 -11.1562 9.6701
    endloop
  endfacet
  facet normal 0.714827 -0.386913 -0.582512
    outer loop
      vertex 3.38203 -12.7364 9.32791
      vertex 3.21514 -12.6065 9.03683
      vertex 3.54257 -12.4398 9.32791
    endloop
  endfacet
  facet normal 0.382565 -0.872131 -0.305012
    outer loop
      vertex 3.19468 -13.0579 9.6701
      vertex 2.85227 -13.2081 9.6701
      vertex 3.13387 -12.9649 9.32791
    endloop
  endfacet
  facet normal 0.0258436 0.311725 -0.949821
    outer loop
      vertex 2.6176 -11.9327 8.71416
      vertex 2.53032 -11.5867 8.82534
      vertex 2.7016 -11.6009 8.82534
    endloop
  endfacet
  facet normal -0.768806 -0.26392 -0.58248
    outer loop
      vertex 1.85827 -12.4941 9.03683
      vertex 1.67227 -12.5947 9.32791
      vertex 1.77135 -12.2409 9.03683
    endloop
  endfacet
  facet normal -0.641416 -0.499345 -0.582443
    outer loop
      vertex 2.02269 -12.7053 9.03683
      vertex 1.67227 -12.5947 9.32791
      vertex 1.85827 -12.4941 9.03683
    endloop
  endfacet
  facet normal -0.171129 0.26187 -0.94981
    outer loop
      vertex 2.45159 -11.9747 8.71416
      vertex 2.21983 -11.7229 8.82534
      vertex 2.50117 -11.9423 8.71416
    endloop
  endfacet
  facet normal -0.520877 0.79721 -0.305193
    outer loop
      vertex 1.87945 -11.3532 9.32791
      vertex 1.80415 -11.2714 9.6701
      vertex 2.16183 -11.1687 9.32791
    endloop
  endfacet
  facet normal -0.751532 0.584876 0.305157
    outer loop
      vertex 1.80415 -11.2714 10.0299
      vertex 1.57449 -11.5665 10.0299
      vertex 1.67227 -11.6194 10.3721
    endloop
  endfacet
  facet normal -0.520851 0.797246 0.305146
    outer loop
      vertex 2.11717 -11.0669 10.0299
      vertex 1.80415 -11.2714 10.0299
      vertex 2.16183 -11.1687 10.3721
    endloop
  endfacet
  facet normal -0.75153 0.584874 -0.305165
    outer loop
      vertex 1.67227 -11.6194 9.32791
      vertex 1.57449 -11.5665 9.6701
      vertex 1.80415 -11.2714 9.6701
    endloop
  endfacet
  facet normal -0.900687 -0.309226 0.305193
    outer loop
      vertex 1.56275 -12.2757 10.3721
      vertex 1.45308 -12.294 10.0299
      vertex 1.67227 -12.5947 10.3721
    endloop
  endfacet
  facet normal -0.768785 -0.263941 -0.582499
    outer loop
      vertex 1.67227 -12.5947 9.32791
      vertex 1.56275 -12.2757 9.32791
      vertex 1.77135 -12.2409 9.03683
    endloop
  endfacet
  facet normal -0.0767531 0.303029 0.949885
    outer loop
      vertex 2.53032 -11.5867 10.8747
      vertex 2.36371 -11.6289 10.8747
      vertex 2.55858 -11.9278 10.9858
    endloop
  endfacet
  facet normal -0.245511 0.969394 0
    outer loop
      vertex 2.47964 -10.9751 9.6701
      vertex 2.11717 -11.0669 10.0299
      vertex 2.47964 -10.9751 10.0299
    endloop
  endfacet
  facet normal -0.245511 0.969394 0
    outer loop
      vertex 2.11717 -11.0669 10.0299
      vertex 2.47964 -10.9751 9.6701
      vertex 2.11717 -11.0669 9.6701
    endloop
  endfacet
  facet normal 0.382563 0.872131 -0.305013
    outer loop
      vertex 3.13387 -11.2492 9.32791
      vertex 2.82497 -11.1137 9.32791
      vertex 2.85227 -11.006 9.6701
    endloop
  endfacet
  facet normal 0.52155 0.282348 0.805149
    outer loop
      vertex 3.21514 -11.6076 10.6632
      vertex 2.98543 -11.7864 10.8747
      vertex 3.06723 -11.9375 10.8747
    endloop
  endfacet
  facet normal 0.521598 0.282314 0.80513
    outer loop
      vertex 3.21514 -11.6076 10.6632
      vertex 3.06723 -11.9375 10.8747
      vertex 3.34255 -11.843 10.6632
    endloop
  endfacet
  facet normal -0.246656 -0.192287 0.949835
    outer loop
      vertex 2.11427 -12.3555 10.8747
      vertex 2.27144 -12.4351 10.8994
      vertex 2.45159 -12.2394 10.9858
    endloop
  endfacet
  facet normal -0.246329 -0.19157 0.950065
    outer loop
      vertex 2.27144 -12.4351 10.8994
      vertex 2.11427 -12.3555 10.8747
      vertex 2.18053 -12.4407 10.8747
    endloop
  endfacet
  facet normal 0.326499 0.744321 0.582567
    outer loop
      vertex 3.13387 -11.2492 10.3721
      vertex 2.82497 -11.1137 10.3721
      vertex 3.0182 -11.4263 10.6632
    endloop
  endfacet
  facet normal -0.145594 0.575041 0.805065
    outer loop
      vertex 2.50628 -11.2967 10.6632
      vertex 2.24679 -11.3624 10.6632
      vertex 2.36371 -11.6289 10.8747
    endloop
  endfacet
  facet normal 0.125254 0.286603 0.949826
    outer loop
      vertex 2.85899 -11.67 10.8747
      vertex 2.6176 -11.9327 10.9858
      vertex 2.67183 -11.9564 10.9858
    endloop
  endfacet
  facet normal -0.145653 0.575054 0.805045
    outer loop
      vertex 2.50628 -11.2967 10.6632
      vertex 2.36371 -11.6289 10.8747
      vertex 2.53032 -11.5867 10.8747
    endloop
  endfacet
  facet normal -0.171018 0.2617 0.949877
    outer loop
      vertex 2.50117 -11.9423 10.9858
      vertex 2.21983 -11.7229 10.8747
      vertex 2.45159 -11.9747 10.9858
    endloop
  endfacet
  facet normal -0.468548 -0.364389 0.804788
    outer loop
      vertex 2.11427 -12.3555 10.8747
      vertex 2.0899 -12.4876 10.8007
      vertex 2.18053 -12.4407 10.8747
    endloop
  endfacet
  facet normal -0.467362 -0.364872 0.805259
    outer loop
      vertex 2.11427 -12.3555 10.8747
      vertex 2.08013 -12.4923 10.7929
      vertex 2.0899 -12.4876 10.8007
    endloop
  endfacet
  facet normal -0.467721 -0.364703 0.805127
    outer loop
      vertex 2.08013 -12.4923 10.7929
      vertex 2.11427 -12.3555 10.8747
      vertex 1.85827 -12.4941 10.6632
    endloop
  endfacet
  facet normal 0.584996 -0.0976374 0.805137
    outer loop
      vertex 3.09552 -12.1071 10.8747
      vertex 3.06723 -12.2766 10.8747
      vertex 3.38661 -12.1071 10.6632
    endloop
  endfacet
  facet normal 0.308396 -0.0514721 0.949865
    outer loop
      vertex 3.09552 -12.1071 10.8747
      vertex 2.75333 -12.1071 10.9858
      vertex 3.06723 -12.2766 10.8747
    endloop
  endfacet
  facet normal -0.521505 -0.796734 0.305364
    outer loop
      vertex 1.80415 -12.9427 10.0299
      vertex 1.86226 -12.9472 10.1174
      vertex 1.83065 -12.9139 10.1503
    endloop
  endfacet
  facet normal -0.521345 -0.796883 0.30525
    outer loop
      vertex 1.86226 -12.9472 10.1174
      vertex 1.80415 -12.9427 10.0299
      vertex 1.87673 -12.9636 10.0993
    endloop
  endfacet
  facet normal -0.324422 -0.496573 -0.805088
    outer loop
      vertex 2.24679 -12.8517 9.03683
      vertex 2.21983 -12.4912 8.82534
      vertex 2.36371 -12.5852 8.82534
    endloop
  endfacet
  facet normal -0.245107 -0.969496 0
    outer loop
      vertex 2.11717 -13.1472 9.6701
      vertex 2.17215 -13.1611 9.9064
      vertex 2.11717 -13.1472 9.91731
    endloop
  endfacet
  facet normal -0.246336 -0.969184 0.000304265
    outer loop
      vertex 2.17215 -13.1611 9.9064
      vertex 2.11717 -13.1472 9.6701
      vertex 2.24649 -13.18 9.89011
    endloop
  endfacet
  facet normal -0.245511 -0.969394 -0.000211998
    outer loop
      vertex 2.47964 -13.239 9.6701
      vertex 2.24649 -13.18 9.89011
      vertex 2.11717 -13.1472 9.6701
    endloop
  endfacet
  facet normal -0.245323 -0.969441 0
    outer loop
      vertex 2.24649 -13.18 9.89011
      vertex 2.47964 -13.239 9.6701
      vertex 2.47964 -13.239 9.83987
    endloop
  endfacet
  facet normal -0.23376 -0.923156 -0.305186
    outer loop
      vertex 2.47964 -13.239 9.6701
      vertex 2.16183 -13.0454 9.32791
      vertex 2.48882 -13.1282 9.32791
    endloop
  endfacet
  facet normal 0.584978 -0.0976344 -0.805151
    outer loop
      vertex 3.38661 -12.1071 9.03683
      vertex 3.06723 -12.2766 8.82534
      vertex 3.09552 -12.1071 8.82534
    endloop
  endfacet
  facet normal 0.677317 -0.735658 -0.00696654
    outer loop
      vertex 3.25388 -13.0034 10.0226
      vertex 3.46977 -12.8047 10.0299
      vertex 3.26297 -12.9951 10.0299
    endloop
  endfacet
  facet normal 0.677268 -0.735736 6.95948e-05
    outer loop
      vertex 3.46977 -12.8047 9.6701
      vertex 3.25388 -13.0034 10.0226
      vertex 3.19468 -13.0579 9.97407
    endloop
  endfacet
  facet normal 0.677226 -0.735775 0
    outer loop
      vertex 3.46977 -12.8047 9.6701
      vertex 3.19468 -13.0579 9.97407
      vertex 3.19468 -13.0579 9.6701
    endloop
  endfacet
  facet normal 0.677206 -0.735793 0
    outer loop
      vertex 3.25388 -13.0034 10.0226
      vertex 3.46977 -12.8047 9.6701
      vertex 3.46977 -12.8047 10.0299
    endloop
  endfacet
  facet normal 0.644942 -0.700588 0.30533
    outer loop
      vertex 3.46977 -12.8047 10.0299
      vertex 3.32662 -12.8827 10.1533
      vertex 3.27715 -12.9696 10.0584
    endloop
  endfacet
  facet normal 0.644878 -0.700424 0.30584
    outer loop
      vertex 3.46977 -12.8047 10.0299
      vertex 3.27715 -12.9696 10.0584
      vertex 3.26297 -12.9951 10.0299
    endloop
  endfacet
  facet normal 0.644519 -0.701419 0.304313
    outer loop
      vertex 3.32662 -12.8827 10.1533
      vertex 3.46977 -12.8047 10.0299
      vertex 3.33456 -12.8692 10.1676
    endloop
  endfacet
  facet normal 0.939311 0.156702 -0.305189
    outer loop
      vertex 3.59809 -12.1071 9.32791
      vertex 3.54257 -11.7743 9.32791
      vertex 3.70927 -12.1071 9.6701
    endloop
  endfacet
  facet normal 0.986369 0.164546 0
    outer loop
      vertex 3.70927 -12.1071 10.0299
      vertex 3.64773 -11.7382 9.6701
      vertex 3.64773 -11.7382 10.0299
    endloop
  endfacet
  facet normal 0.986369 0.164546 0
    outer loop
      vertex 3.64773 -11.7382 9.6701
      vertex 3.70927 -12.1071 10.0299
      vertex 3.70927 -12.1071 9.6701
    endloop
  endfacet
  facet normal -0.171105 -0.2619 -0.949806
    outer loop
      vertex 2.36371 -12.5852 8.82534
      vertex 2.21983 -12.4912 8.82534
      vertex 2.50117 -12.2718 8.71416
    endloop
  endfacet
  facet normal 0.0258809 -0.311733 -0.949817
    outer loop
      vertex 2.6176 -12.2814 8.71416
      vertex 2.53032 -12.6274 8.82534
      vertex 2.55858 -12.2863 8.71416
    endloop
  endfacet
  facet normal 0.0669883 0.810004 -0.582586
    outer loop
      vertex 2.50628 -11.2967 9.03683
      vertex 2.48882 -11.0859 9.32791
      vertex 2.82497 -11.1137 9.32791
    endloop
  endfacet
  facet normal -0.246938 0.192091 -0.949801
    outer loop
      vertex 2.45159 -11.9747 8.71416
      vertex 2.11427 -11.8586 8.82534
      vertex 2.21983 -11.7229 8.82534
    endloop
  endfacet
  facet normal -0.14559 0.575023 -0.805079
    outer loop
      vertex 2.36371 -11.6289 8.82534
      vertex 2.24679 -11.3624 9.03683
      vertex 2.50628 -11.2967 9.03683
    endloop
  endfacet
  facet normal -0.171105 0.2619 -0.949806
    outer loop
      vertex 2.50117 -11.9423 8.71416
      vertex 2.21983 -11.7229 8.82534
      vertex 2.36371 -11.6289 8.82534
    endloop
  endfacet
  facet normal 0.401673 0.436324 -0.805159
    outer loop
      vertex 3.21514 -11.6076 9.03683
      vertex 2.98543 -11.7864 8.82534
      vertex 3.0182 -11.4263 9.03683
    endloop
  endfacet
  facet normal 0.550517 0.598008 -0.58251
    outer loop
      vertex 3.21514 -11.6076 9.03683
      vertex 3.0182 -11.4263 9.03683
      vertex 3.38203 -11.4777 9.32791
    endloop
  endfacet
  facet normal 0.401676 0.436323 -0.805157
    outer loop
      vertex 2.98543 -11.7864 8.82534
      vertex 2.85899 -11.67 8.82534
      vertex 3.0182 -11.4263 9.03683
    endloop
  endfacet
  facet normal -0.171129 -0.26187 -0.94981
    outer loop
      vertex 2.50117 -12.2718 8.71416
      vertex 2.21983 -12.4912 8.82534
      vertex 2.45159 -12.2394 8.71416
    endloop
  endfacet
  facet normal 0.714828 -0.3869 -0.58252
    outer loop
      vertex 3.54257 -12.4398 9.32791
      vertex 3.21514 -12.6065 9.03683
      vertex 3.34255 -12.3711 9.03683
    endloop
  endfacet
  facet normal 0.326491 -0.744304 -0.582594
    outer loop
      vertex 3.13387 -12.9649 9.32791
      vertex 2.82497 -13.1004 9.32791
      vertex 3.0182 -12.7878 9.03683
    endloop
  endfacet
  facet normal 0.801746 -0.133793 -0.582497
    outer loop
      vertex 3.54257 -12.4398 9.32791
      vertex 3.38661 -12.1071 9.03683
      vertex 3.59809 -12.1071 9.32791
    endloop
  endfacet
  facet normal 0.837491 0.453284 -0.305193
    outer loop
      vertex 3.54257 -11.7743 9.32791
      vertex 3.46977 -11.4094 9.6701
      vertex 3.64773 -11.7382 9.6701
    endloop
  endfacet
  facet normal -0.94583 -0.324663 0
    outer loop
      vertex 1.57449 -12.6477 9.6701
      vertex 1.45308 -12.294 10.0299
      vertex 1.45308 -12.294 9.6701
    endloop
  endfacet
  facet normal -0.94583 -0.324663 0
    outer loop
      vertex 1.45308 -12.294 10.0299
      vertex 1.57449 -12.6477 9.6701
      vertex 1.57449 -12.6477 10.0299
    endloop
  endfacet
  facet normal -0.900685 0.309254 0.305168
    outer loop
      vertex 1.57449 -11.5665 10.0299
      vertex 1.45308 -11.9201 10.0299
      vertex 1.67227 -11.6194 10.3721
    endloop
  endfacet
  facet normal -0.199514 0.787911 -0.582572
    outer loop
      vertex 2.50628 -11.2967 9.03683
      vertex 2.16183 -11.1687 9.32791
      vertex 2.48882 -11.0859 9.32791
    endloop
  endfacet
  facet normal -0.23376 0.923156 -0.305186
    outer loop
      vertex 2.48882 -11.0859 9.32791
      vertex 2.16183 -11.1687 9.32791
      vertex 2.47964 -10.9751 9.6701
    endloop
  endfacet
  facet normal -0.812846 0 0.582479
    outer loop
      vertex 1.56275 -11.9384 10.3721
      vertex 1.77135 -12.2409 10.6632
      vertex 1.77135 -11.9732 10.6632
    endloop
  endfacet
  facet normal -0.812846 0 0.582479
    outer loop
      vertex 1.77135 -12.2409 10.6632
      vertex 1.56275 -11.9384 10.3721
      vertex 1.56275 -12.2757 10.3721
    endloop
  endfacet
  facet normal -0.900687 0.309226 0.305193
    outer loop
      vertex 1.67227 -11.6194 10.3721
      vertex 1.45308 -11.9201 10.0299
      vertex 1.56275 -11.9384 10.3721
    endloop
  endfacet
  facet normal -0.900684 -0.309225 -0.305201
    outer loop
      vertex 1.67227 -12.5947 9.32791
      vertex 1.45308 -12.294 9.6701
      vertex 1.56275 -12.2757 9.32791
    endloop
  endfacet
  facet normal -0.768803 -0.263948 0.582472
    outer loop
      vertex 1.77135 -12.2409 10.6632
      vertex 1.56275 -12.2757 10.3721
      vertex 1.67227 -12.5947 10.3721
    endloop
  endfacet
  facet normal -0.768824 -0.263926 0.582454
    outer loop
      vertex 1.77135 -12.2409 10.6632
      vertex 1.67227 -12.5947 10.3721
      vertex 1.85827 -12.4941 10.6632
    endloop
  endfacet
  facet normal -0.768803 0.263948 0.582472
    outer loop
      vertex 1.67227 -11.6194 10.3721
      vertex 1.56275 -11.9384 10.3721
      vertex 1.77135 -11.9732 10.6632
    endloop
  endfacet
  facet normal -0.295723 0.101547 0.949861
    outer loop
      vertex 2.11427 -11.8586 10.8747
      vertex 2.05847 -12.0211 10.8747
      vertex 2.39599 -12.0774 10.9858
    endloop
  endfacet
  facet normal 0.0784933 0.94912 0.304977
    outer loop
      vertex 2.85227 -11.006 10.0299
      vertex 2.48882 -11.0859 10.3721
      vertex 2.82497 -11.1137 10.3721
    endloop
  endfacet
  facet normal -0.546937 0.837174 0
    outer loop
      vertex 2.11717 -11.0669 9.6701
      vertex 1.80415 -11.2714 10.0299
      vertex 2.11717 -11.0669 10.0299
    endloop
  endfacet
  facet normal -0.546937 0.837174 0
    outer loop
      vertex 1.80415 -11.2714 10.0299
      vertex 2.11717 -11.0669 9.6701
      vertex 1.80415 -11.2714 9.6701
    endloop
  endfacet
  facet normal -0.789174 0.61417 0
    outer loop
      vertex 1.57449 -11.5665 9.6701
      vertex 1.80415 -11.2714 10.0299
      vertex 1.80415 -11.2714 9.6701
    endloop
  endfacet
  facet normal -0.789174 0.61417 0
    outer loop
      vertex 1.80415 -11.2714 10.0299
      vertex 1.57449 -11.5665 9.6701
      vertex 1.57449 -11.5665 10.0299
    endloop
  endfacet
  facet normal 0.0826404 0.996579 -0
    outer loop
      vertex 2.85227 -11.006 9.6701
      vertex 2.47964 -10.9751 10.0299
      vertex 2.85227 -11.006 10.0299
    endloop
  endfacet
  facet normal 0.0826404 0.996579 0
    outer loop
      vertex 2.47964 -10.9751 10.0299
      vertex 2.85227 -11.006 9.6701
      vertex 2.47964 -10.9751 9.6701
    endloop
  endfacet
  facet normal 0.644947 0.700705 -0.305049
    outer loop
      vertex 3.46977 -11.4094 9.6701
      vertex 3.13387 -11.2492 9.32791
      vertex 3.19468 -11.1562 9.6701
    endloop
  endfacet
  facet normal 0.645043 0.700543 -0.30522
    outer loop
      vertex 3.38203 -11.4777 9.32791
      vertex 3.13387 -11.2492 9.32791
      vertex 3.46977 -11.4094 9.6701
    endloop
  endfacet
  facet normal 0.401707 0.915768 -0
    outer loop
      vertex 3.19468 -11.1562 9.6701
      vertex 2.85227 -11.006 10.0299
      vertex 3.19468 -11.1562 10.0299
    endloop
  endfacet
  facet normal 0.401707 0.915768 0
    outer loop
      vertex 2.85227 -11.006 10.0299
      vertex 3.19468 -11.1562 9.6701
      vertex 2.85227 -11.006 9.6701
    endloop
  endfacet
  facet normal 0.382566 0.872133 0.305004
    outer loop
      vertex 3.19468 -11.1562 10.0299
      vertex 2.85227 -11.006 10.0299
      vertex 3.13387 -11.2492 10.3721
    endloop
  endfacet
  facet normal 0.211976 0.229746 0.949886
    outer loop
      vertex 2.98543 -11.7864 10.8747
      vertex 2.67183 -11.9564 10.9858
      vertex 2.7154 -11.9966 10.9858
    endloop
  endfacet
  facet normal 0.274834 0.148992 0.949878
    outer loop
      vertex 2.98543 -11.7864 10.8747
      vertex 2.7154 -11.9966 10.9858
      vertex 2.74359 -12.0486 10.9858
    endloop
  endfacet
  facet normal -0.199499 0.787946 0.58253
    outer loop
      vertex 2.50628 -11.2967 10.6632
      vertex 2.16183 -11.1687 10.3721
      vertex 2.24679 -11.3624 10.6632
    endloop
  endfacet
  facet normal -0.171183 -0.261952 0.949778
    outer loop
      vertex 2.45159 -12.2394 10.9858
      vertex 2.29116 -12.4355 10.9028
      vertex 2.50117 -12.2718 10.9858
    endloop
  endfacet
  facet normal -0.159967 -0.270893 0.949225
    outer loop
      vertex 2.45159 -12.2394 10.9858
      vertex 2.28387 -12.4354 10.9016
      vertex 2.29116 -12.4355 10.9028
    endloop
  endfacet
  facet normal -0.174396 -0.258893 0.950032
    outer loop
      vertex 2.28387 -12.4354 10.9016
      vertex 2.45159 -12.2394 10.9858
      vertex 2.27144 -12.4351 10.8994
    endloop
  endfacet
  facet normal -0.444598 0.680464 0.582496
    outer loop
      vertex 2.16183 -11.1687 10.3721
      vertex 1.87945 -11.3532 10.3721
      vertex 2.02269 -11.5088 10.6632
    endloop
  endfacet
  facet normal 0.0258268 0.311522 0.949888
    outer loop
      vertex 2.7016 -11.6009 10.8747
      vertex 2.53032 -11.5867 10.8747
      vertex 2.6176 -11.9327 10.9858
    endloop
  endfacet
  facet normal -0.246778 0.191966 0.949868
    outer loop
      vertex 2.21983 -11.7229 10.8747
      vertex 2.11427 -11.8586 10.8747
      vertex 2.45159 -11.9747 10.9858
    endloop
  endfacet
  facet normal 0.714839 -0.386426 0.58282
    outer loop
      vertex 3.33321 -12.5725 10.5409
      vertex 3.54257 -12.4398 10.3721
      vertex 3.32084 -12.5527 10.5692
    endloop
  endfacet
  facet normal 0.714925 -0.388173 0.581553
    outer loop
      vertex 3.336 -12.5768 10.5346
      vertex 3.54257 -12.4398 10.3721
      vertex 3.33321 -12.5725 10.5409
    endloop
  endfacet
  facet normal 0.714842 -0.386997 0.582439
    outer loop
      vertex 3.39177 -12.6583 10.412
      vertex 3.54257 -12.4398 10.3721
      vertex 3.336 -12.5768 10.5346
    endloop
  endfacet
  facet normal 0.713258 -0.385352 0.585463
    outer loop
      vertex 3.39342 -12.6595 10.4092
      vertex 3.54257 -12.4398 10.3721
      vertex 3.39177 -12.6583 10.412
    endloop
  endfacet
  facet normal 0.747542 -0.420694 0.514002
    outer loop
      vertex 3.39357 -12.6596 10.4089
      vertex 3.54257 -12.4398 10.3721
      vertex 3.39342 -12.6595 10.4092
    endloop
  endfacet
  facet normal 0.714343 -0.386582 0.583325
    outer loop
      vertex 3.54257 -12.4398 10.3721
      vertex 3.39357 -12.6596 10.4089
      vertex 3.41599 -12.6737 10.3721
    endloop
  endfacet
  facet normal 0.801756 -0.133808 0.58248
    outer loop
      vertex 3.38661 -12.1071 10.6632
      vertex 3.34255 -12.3711 10.6632
      vertex 3.54257 -12.4398 10.3721
    endloop
  endfacet
  facet normal 0.078698 -0.949036 -0.305184
    outer loop
      vertex 2.85227 -13.2081 9.6701
      vertex 2.47964 -13.239 9.6701
      vertex 2.48882 -13.1282 9.32791
    endloop
  endfacet
  facet normal -0.520849 -0.797243 -0.305154
    outer loop
      vertex 2.11717 -13.1472 9.6701
      vertex 1.80415 -12.9427 9.6701
      vertex 2.16183 -13.0454 9.32791
    endloop
  endfacet
  facet normal -0.233801 -0.923158 -0.305149
    outer loop
      vertex 2.47964 -13.239 9.6701
      vertex 2.11717 -13.1472 9.6701
      vertex 2.16183 -13.0454 9.32791
    endloop
  endfacet
  facet normal -0.199514 -0.787911 -0.582572
    outer loop
      vertex 2.48882 -13.1282 9.32791
      vertex 2.16183 -13.0454 9.32791
      vertex 2.50628 -12.9174 9.03683
    endloop
  endfacet
  facet normal -0.312663 0 0.949864
    outer loop
      vertex 2.05847 -12.0211 10.8747
      vertex 2.39599 -12.1367 10.9858
      vertex 2.39599 -12.0774 10.9858
    endloop
  endfacet
  facet normal -0.312663 0 0.949864
    outer loop
      vertex 2.39599 -12.1367 10.9858
      vertex 2.05847 -12.0211 10.8747
      vertex 2.05847 -12.193 10.8747
    endloop
  endfacet
  facet normal 0.401673 -0.436324 -0.805159
    outer loop
      vertex 3.0182 -12.7878 9.03683
      vertex 2.98543 -12.4277 8.82534
      vertex 3.21514 -12.6065 9.03683
    endloop
  endfacet
  facet normal 0.382563 -0.872131 -0.305013
    outer loop
      vertex 2.85227 -13.2081 9.6701
      vertex 2.82497 -13.1004 9.32791
      vertex 3.13387 -12.9649 9.32791
    endloop
  endfacet
  facet normal 0.401695 -0.915773 0
    outer loop
      vertex 2.85227 -13.2081 9.6701
      vertex 3.11034 -13.0949 9.96255
      vertex 2.85227 -13.2081 9.92584
    endloop
  endfacet
  facet normal 0.401707 -0.915768 -1.19069e-05
    outer loop
      vertex 3.11034 -13.0949 9.96255
      vertex 2.85227 -13.2081 9.6701
      vertex 3.19468 -13.0579 9.6701
    endloop
  endfacet
  facet normal 0.401741 -0.915753 0
    outer loop
      vertex 3.11034 -13.0949 9.96255
      vertex 3.19468 -13.0579 9.6701
      vertex 3.19468 -13.0579 9.97407
    endloop
  endfacet
  facet normal 0.837491 -0.453284 -0.305193
    outer loop
      vertex 3.64773 -12.4759 9.6701
      vertex 3.46977 -12.8047 9.6701
      vertex 3.54257 -12.4398 9.32791
    endloop
  endfacet
  facet normal 0.238218 -0.543225 -0.805083
    outer loop
      vertex 2.77306 -12.8953 9.03683
      vertex 2.7016 -12.6132 8.82534
      vertex 3.0182 -12.7878 9.03683
    endloop
  endfacet
  facet normal -0.593068 0 -0.805152
    outer loop
      vertex 1.77135 -12.2409 9.03683
      vertex 2.05847 -12.0211 8.82534
      vertex 2.05847 -12.193 8.82534
    endloop
  endfacet
  facet normal -0.593068 0 -0.805152
    outer loop
      vertex 2.05847 -12.0211 8.82534
      vertex 1.77135 -12.2409 9.03683
      vertex 1.77135 -11.9732 9.03683
    endloop
  endfacet
  facet normal -0.468018 -0.364354 -0.805112
    outer loop
      vertex 2.02269 -12.7053 9.03683
      vertex 1.85827 -12.4941 9.03683
      vertex 2.21983 -12.4912 8.82534
    endloop
  endfacet
  facet normal -0.295915 -0.101613 -0.949794
    outer loop
      vertex 2.11427 -12.3555 8.82534
      vertex 2.05847 -12.193 8.82534
      vertex 2.39599 -12.1367 8.71416
    endloop
  endfacet
  facet normal -0.768785 0.263941 -0.582499
    outer loop
      vertex 1.77135 -11.9732 9.03683
      vertex 1.56275 -11.9384 9.32791
      vertex 1.67227 -11.6194 9.32791
    endloop
  endfacet
  facet normal -0.641416 0.499345 -0.582443
    outer loop
      vertex 1.85827 -11.72 9.03683
      vertex 1.67227 -11.6194 9.32791
      vertex 2.02269 -11.5088 9.03683
    endloop
  endfacet
  facet normal -0.468018 0.364354 -0.805112
    outer loop
      vertex 2.21983 -11.7229 8.82534
      vertex 1.85827 -11.72 9.03683
      vertex 2.02269 -11.5088 9.03683
    endloop
  endfacet
  facet normal 0.584987 0.0975938 -0.80515
    outer loop
      vertex 3.38661 -12.1071 9.03683
      vertex 3.06723 -11.9375 8.82534
      vertex 3.34255 -11.843 9.03683
    endloop
  endfacet
  facet normal 0.714827 0.386913 -0.582512
    outer loop
      vertex 3.54257 -11.7743 9.32791
      vertex 3.21514 -11.6076 9.03683
      vertex 3.38203 -11.4777 9.32791
    endloop
  endfacet
  facet normal 0.584982 0.0975774 -0.805155
    outer loop
      vertex 3.09552 -12.1071 8.82534
      vertex 3.06723 -11.9375 8.82534
      vertex 3.38661 -12.1071 9.03683
    endloop
  endfacet
  facet normal 0.308597 0.0514752 -0.949799
    outer loop
      vertex 3.09552 -12.1071 8.82534
      vertex 2.75333 -12.1071 8.71416
      vertex 3.06723 -11.9375 8.82534
    endloop
  endfacet
  facet normal -0.0768029 -0.303226 -0.949819
    outer loop
      vertex 2.53032 -12.6274 8.82534
      vertex 2.36371 -12.5852 8.82534
      vertex 2.55858 -12.2863 8.71416
    endloop
  endfacet
  facet normal 0.801737 -0.133805 -0.582506
    outer loop
      vertex 3.54257 -12.4398 9.32791
      vertex 3.34255 -12.3711 9.03683
      vertex 3.38661 -12.1071 9.03683
    endloop
  endfacet
  facet normal 0.0670952 0.80994 -0.582663
    outer loop
      vertex 2.77306 -11.3188 9.03683
      vertex 2.50628 -11.2967 9.03683
      vertex 2.82497 -11.1137 9.32791
    endloop
  endfacet
  facet normal 0.0489711 0.591155 -0.80507
    outer loop
      vertex 2.7016 -11.6009 8.82534
      vertex 2.50628 -11.2967 9.03683
      vertex 2.77306 -11.3188 9.03683
    endloop
  endfacet
  facet normal -0.641474 -0.498996 0.582679
    outer loop
      vertex 1.67227 -12.5947 10.3721
      vertex 1.84171 -12.6585 10.504
      vertex 1.84666 -12.6498 10.5169
    endloop
  endfacet
  facet normal -0.641438 -0.499223 0.582523
    outer loop
      vertex 1.67227 -12.5947 10.3721
      vertex 1.80068 -12.7164 10.4092
      vertex 1.84171 -12.6585 10.504
    endloop
  endfacet
  facet normal -0.641253 -0.498874 0.583026
    outer loop
      vertex 1.80068 -12.7164 10.4092
      vertex 1.67227 -12.5947 10.3721
      vertex 1.78562 -12.7404 10.3721
    endloop
  endfacet
  facet normal -0.945802 0.324745 0
    outer loop
      vertex 1.45308 -11.9201 9.6701
      vertex 1.57449 -11.5665 10.0299
      vertex 1.57449 -11.5665 9.6701
    endloop
  endfacet
  facet normal -0.945802 0.324745 0
    outer loop
      vertex 1.57449 -11.5665 10.0299
      vertex 1.45308 -11.9201 9.6701
      vertex 1.45308 -11.9201 10.0299
    endloop
  endfacet
  facet normal -0.952287 0 -0.305203
    outer loop
      vertex 1.56275 -12.2757 9.32791
      vertex 1.45308 -11.9201 9.6701
      vertex 1.56275 -11.9384 9.32791
    endloop
  endfacet
  facet normal -0.952287 -0 -0.305203
    outer loop
      vertex 1.45308 -11.9201 9.6701
      vertex 1.56275 -12.2757 9.32791
      vertex 1.45308 -12.294 9.6701
    endloop
  endfacet
  facet normal -0.593086 0 0.805139
    outer loop
      vertex 1.77135 -11.9732 10.6632
      vertex 2.05847 -12.193 10.8747
      vertex 2.05847 -12.0211 10.8747
    endloop
  endfacet
  facet normal -0.593086 0 0.805139
    outer loop
      vertex 2.05847 -12.193 10.8747
      vertex 1.77135 -11.9732 10.6632
      vertex 1.77135 -12.2409 10.6632
    endloop
  endfacet
  facet normal -0.560946 -0.19262 0.805132
    outer loop
      vertex 2.05847 -12.193 10.8747
      vertex 1.77135 -12.2409 10.6632
      vertex 2.11427 -12.3555 10.8747
    endloop
  endfacet
  facet normal 0.280941 -0.143175 0.948985
    outer loop
      vertex 2.74359 -12.1655 10.9858
      vertex 2.95458 -12.4037 10.8874
      vertex 2.96247 -12.4028 10.8852
    endloop
  endfacet
  facet normal 0.27481 -0.148979 0.949887
    outer loop
      vertex 2.95458 -12.4037 10.8874
      vertex 2.74359 -12.1655 10.9858
      vertex 2.7154 -12.2175 10.9858
    endloop
  endfacet
  facet normal -0.520879 0.797213 0.305185
    outer loop
      vertex 2.16183 -11.1687 10.3721
      vertex 1.80415 -11.2714 10.0299
      vertex 1.87945 -11.3532 10.3721
    endloop
  endfacet
  facet normal -0.768824 0.263926 0.582454
    outer loop
      vertex 1.85827 -11.72 10.6632
      vertex 1.67227 -11.6194 10.3721
      vertex 1.77135 -11.9732 10.6632
    endloop
  endfacet
  facet normal -0.641431 0.499357 0.582417
    outer loop
      vertex 2.02269 -11.5088 10.6632
      vertex 1.67227 -11.6194 10.3721
      vertex 1.85827 -11.72 10.6632
    endloop
  endfacet
  facet normal -0.560946 0.19262 0.805132
    outer loop
      vertex 2.11427 -11.8586 10.8747
      vertex 1.77135 -11.9732 10.6632
      vertex 2.05847 -12.0211 10.8747
    endloop
  endfacet
  facet normal -0.199518 0.787929 0.582546
    outer loop
      vertex 2.48882 -11.0859 10.3721
      vertex 2.16183 -11.1687 10.3721
      vertex 2.50628 -11.2967 10.6632
    endloop
  endfacet
  facet normal 0.125671 0.286243 0.94988
    outer loop
      vertex 2.7016 -11.6009 10.8747
      vertex 2.6176 -11.9327 10.9858
      vertex 2.85899 -11.67 10.8747
    endloop
  endfacet
  facet normal 0.238408 0.543024 0.805162
    outer loop
      vertex 3.0182 -11.4263 10.6632
      vertex 2.7016 -11.6009 10.8747
      vertex 2.85899 -11.67 10.8747
    endloop
  endfacet
  facet normal 0.0490126 0.591189 0.805043
    outer loop
      vertex 2.7016 -11.6009 10.8747
      vertex 2.50628 -11.2967 10.6632
      vertex 2.53032 -11.5867 10.8747
    endloop
  endfacet
  facet normal 0.211717 -0.230018 0.949878
    outer loop
      vertex 2.7154 -12.2175 10.9858
      vertex 2.94478 -12.4057 10.8891
      vertex 2.95458 -12.4037 10.8874
    endloop
  endfacet
  facet normal 0.211961 -0.22973 0.949893
    outer loop
      vertex 2.94478 -12.4057 10.8891
      vertex 2.7154 -12.2175 10.9858
      vertex 2.67183 -12.2577 10.9858
    endloop
  endfacet
  facet normal 0.126221 -0.28597 0.949889
    outer loop
      vertex 2.76697 -12.444 10.917
      vertex 2.6176 -12.2814 10.9858
      vertex 2.66707 -12.4768 10.9204
    endloop
  endfacet
  facet normal 0.308413 -0.0514374 0.949861
    outer loop
      vertex 2.75333 -12.1071 10.9858
      vertex 2.74359 -12.1655 10.9858
      vertex 3.06723 -12.2766 10.8747
    endloop
  endfacet
  facet normal 0.0669883 -0.810004 -0.582586
    outer loop
      vertex 2.82497 -13.1004 9.32791
      vertex 2.48882 -13.1282 9.32791
      vertex 2.50628 -12.9174 9.03683
    endloop
  endfacet
  facet normal 0.0784931 -0.949117 -0.304985
    outer loop
      vertex 2.85227 -13.2081 9.6701
      vertex 2.48882 -13.1282 9.32791
      vertex 2.82497 -13.1004 9.32791
    endloop
  endfacet
  facet normal -0.751508 -0.584889 -0.305189
    outer loop
      vertex 1.80415 -12.9427 9.6701
      vertex 1.67227 -12.5947 9.32791
      vertex 1.87945 -12.8609 9.32791
    endloop
  endfacet
  facet normal -0.641441 -0.499225 -0.582518
    outer loop
      vertex 1.87945 -12.8609 9.32791
      vertex 1.67227 -12.5947 9.32791
      vertex 2.02269 -12.7053 9.03683
    endloop
  endfacet
  facet normal 0.718084 -0.388534 0.577405
    outer loop
      vertex 3.28186 -12.4904 10.6584
      vertex 3.34255 -12.3711 10.6632
      vertex 3.27984 -12.487 10.6632
    endloop
  endfacet
  facet normal 0.714686 -0.387015 0.582618
    outer loop
      vertex 3.32084 -12.5527 10.5692
      vertex 3.34255 -12.3711 10.6632
      vertex 3.28186 -12.4904 10.6584
    endloop
  endfacet
  facet normal 0.714819 -0.386964 0.582489
    outer loop
      vertex 3.34255 -12.3711 10.6632
      vertex 3.32084 -12.5527 10.5692
      vertex 3.54257 -12.4398 10.3721
    endloop
  endfacet
  facet normal 0.520491 -0.281622 0.806088
    outer loop
      vertex 3.34255 -12.3711 10.6632
      vertex 3.26826 -12.4835 10.6719
      vertex 3.27984 -12.487 10.6632
    endloop
  endfacet
  facet normal 0.521336 -0.28224 0.805325
    outer loop
      vertex 3.34255 -12.3711 10.6632
      vertex 3.14257 -12.4446 10.7669
      vertex 3.26826 -12.4835 10.6719
    endloop
  endfacet
  facet normal 0.52141 -0.282772 0.805091
    outer loop
      vertex 3.14257 -12.4446 10.7669
      vertex 3.34255 -12.3711 10.6632
      vertex 3.06723 -12.2766 10.8747
    endloop
  endfacet
  facet normal 0.21168 -0.230212 0.949839
    outer loop
      vertex 2.67183 -12.2577 10.9858
      vertex 2.87303 -12.4201 10.9016
      vertex 2.94478 -12.4057 10.8891
    endloop
  endfacet
  facet normal 0.211604 -0.230303 0.949834
    outer loop
      vertex 2.87303 -12.4201 10.9016
      vertex 2.67183 -12.2577 10.9858
      vertex 2.78887 -12.4368 10.9163
    endloop
  endfacet
  facet normal 0.124729 -0.287047 0.949761
    outer loop
      vertex 2.67183 -12.2577 10.9858
      vertex 2.76697 -12.444 10.917
      vertex 2.78887 -12.4368 10.9163
    endloop
  endfacet
  facet normal 0.125318 -0.286751 0.949773
    outer loop
      vertex 2.76697 -12.444 10.917
      vertex 2.67183 -12.2577 10.9858
      vertex 2.6176 -12.2814 10.9858
    endloop
  endfacet
  facet normal 0.0823936 -0.9966 -0.000222191
    outer loop
      vertex 2.85227 -13.2081 9.6701
      vertex 2.80825 -13.2118 9.94217
      vertex 2.6424 -13.2255 9.89011
    endloop
  endfacet
  facet normal 0.0826604 -0.996578 0
    outer loop
      vertex 2.47964 -13.239 9.6701
      vertex 2.6424 -13.2255 9.89011
      vertex 2.47964 -13.239 9.83987
    endloop
  endfacet
  facet normal 0.0826404 -0.996579 1.48425e-05
    outer loop
      vertex 2.6424 -13.2255 9.89011
      vertex 2.47964 -13.239 9.6701
      vertex 2.85227 -13.2081 9.6701
    endloop
  endfacet
  facet normal 0.0837574 -0.996486 0
    outer loop
      vertex 2.80825 -13.2118 9.94217
      vertex 2.85227 -13.2081 9.6701
      vertex 2.85227 -13.2081 9.92584
    endloop
  endfacet
  facet normal 0.939302 -0.156737 -0.305197
    outer loop
      vertex 3.64773 -12.4759 9.6701
      vertex 3.54257 -12.4398 9.32791
      vertex 3.70927 -12.1071 9.6701
    endloop
  endfacet
  facet normal 0.986362 -0.16459 0
    outer loop
      vertex 3.64773 -12.4759 10.0299
      vertex 3.70927 -12.1071 9.6701
      vertex 3.70927 -12.1071 10.0299
    endloop
  endfacet
  facet normal 0.986362 -0.16459 0
    outer loop
      vertex 3.70927 -12.1071 9.6701
      vertex 3.64773 -12.4759 10.0299
      vertex 3.64773 -12.4759 9.6701
    endloop
  endfacet
  facet normal -0.0766146 -0.303341 -0.949797
    outer loop
      vertex 2.55858 -12.2863 8.71416
      vertex 2.36371 -12.5852 8.82534
      vertex 2.50117 -12.2718 8.71416
    endloop
  endfacet
  facet normal -0.246872 -0.192264 -0.949783
    outer loop
      vertex 2.45159 -12.2394 8.71416
      vertex 2.11427 -12.3555 8.82534
      vertex 2.41522 -12.1927 8.71416
    endloop
  endfacet
  facet normal -0.295914 -0.101615 -0.949794
    outer loop
      vertex 2.41522 -12.1927 8.71416
      vertex 2.11427 -12.3555 8.82534
      vertex 2.39599 -12.1367 8.71416
    endloop
  endfacet
  facet normal -0.900684 0.309225 -0.305201
    outer loop
      vertex 1.56275 -11.9384 9.32791
      vertex 1.45308 -11.9201 9.6701
      vertex 1.67227 -11.6194 9.32791
    endloop
  endfacet
  facet normal -0.812827 0 -0.582505
    outer loop
      vertex 1.77135 -12.2409 9.03683
      vertex 1.56275 -11.9384 9.32791
      vertex 1.77135 -11.9732 9.03683
    endloop
  endfacet
  facet normal -0.812827 -0 -0.582505
    outer loop
      vertex 1.56275 -11.9384 9.32791
      vertex 1.77135 -12.2409 9.03683
      vertex 1.56275 -12.2757 9.32791
    endloop
  endfacet
  facet normal -0.444588 0.680448 -0.582522
    outer loop
      vertex 2.02269 -11.5088 9.03683
      vertex 1.87945 -11.3532 9.32791
      vertex 2.16183 -11.1687 9.32791
    endloop
  endfacet
  facet normal -0.641441 0.499225 -0.582518
    outer loop
      vertex 2.02269 -11.5088 9.03683
      vertex 1.67227 -11.6194 9.32791
      vertex 1.87945 -11.3532 9.32791
    endloop
  endfacet
  facet normal -0.560921 0.192556 -0.805164
    outer loop
      vertex 2.11427 -11.8586 8.82534
      vertex 1.77135 -11.9732 9.03683
      vertex 1.85827 -11.72 9.03683
    endloop
  endfacet
  facet normal -0.768806 0.26392 -0.58248
    outer loop
      vertex 1.77135 -11.9732 9.03683
      vertex 1.67227 -11.6194 9.32791
      vertex 1.85827 -11.72 9.03683
    endloop
  endfacet
  facet normal 0.714828 0.3869 -0.58252
    outer loop
      vertex 3.34255 -11.843 9.03683
      vertex 3.21514 -11.6076 9.03683
      vertex 3.54257 -11.7743 9.32791
    endloop
  endfacet
  facet normal 0.801748 0.133756 -0.582502
    outer loop
      vertex 3.38661 -12.1071 9.03683
      vertex 3.34255 -11.843 9.03683
      vertex 3.54257 -11.7743 9.32791
    endloop
  endfacet
  facet normal 0.275148 -0.148955 -0.949792
    outer loop
      vertex 2.98543 -12.4277 8.82534
      vertex 2.74359 -12.1655 8.71416
      vertex 3.06723 -12.2766 8.82534
    endloop
  endfacet
  facet normal 0.401676 -0.436323 -0.805157
    outer loop
      vertex 3.0182 -12.7878 9.03683
      vertex 2.85899 -12.5441 8.82534
      vertex 2.98543 -12.4277 8.82534
    endloop
  endfacet
  facet normal 0.837476 -0.453299 -0.305212
    outer loop
      vertex 3.46977 -12.8047 9.6701
      vertex 3.38203 -12.7364 9.32791
      vertex 3.54257 -12.4398 9.32791
    endloop
  endfacet
  facet normal 0.645043 -0.700543 -0.30522
    outer loop
      vertex 3.46977 -12.8047 9.6701
      vertex 3.13387 -12.9649 9.32791
      vertex 3.38203 -12.7364 9.32791
    endloop
  endfacet
  facet normal 0.550517 -0.598008 -0.58251
    outer loop
      vertex 3.38203 -12.7364 9.32791
      vertex 3.0182 -12.7878 9.03683
      vertex 3.21514 -12.6065 9.03683
    endloop
  endfacet
  facet normal 0.550551 -0.59792 -0.582568
    outer loop
      vertex 3.13387 -12.9649 9.32791
      vertex 3.0182 -12.7878 9.03683
      vertex 3.38203 -12.7364 9.32791
    endloop
  endfacet
  facet normal -0.324402 0.496575 -0.805094
    outer loop
      vertex 2.21983 -11.7229 8.82534
      vertex 2.02269 -11.5088 9.03683
      vertex 2.24679 -11.3624 9.03683
    endloop
  endfacet
  facet normal -0.444528 0.680456 -0.582559
    outer loop
      vertex 2.24679 -11.3624 9.03683
      vertex 2.02269 -11.5088 9.03683
      vertex 2.16183 -11.1687 9.32791
    endloop
  endfacet
  facet normal -0.467847 -0.363788 0.805467
    outer loop
      vertex 1.85827 -12.4941 10.6632
      vertex 1.98598 -12.539 10.7171
      vertex 2.06484 -12.4996 10.7807
    endloop
  endfacet
  facet normal -0.467504 -0.365763 0.804771
    outer loop
      vertex 1.85827 -12.4941 10.6632
      vertex 2.06484 -12.4996 10.7807
      vertex 2.08013 -12.4923 10.7929
    endloop
  endfacet
  facet normal -0.467923 -0.364378 0.805156
    outer loop
      vertex 1.98598 -12.539 10.7171
      vertex 1.85827 -12.4941 10.6632
      vertex 1.90546 -12.5547 10.6632
    endloop
  endfacet
  facet normal -0.170994 0.26173 0.949873
    outer loop
      vertex 2.36371 -11.6289 10.8747
      vertex 2.21983 -11.7229 10.8747
      vertex 2.50117 -11.9423 10.9858
    endloop
  endfacet
  facet normal 0.0670968 0.809958 0.582636
    outer loop
      vertex 2.82497 -11.1137 10.3721
      vertex 2.50628 -11.2967 10.6632
      vertex 2.77306 -11.3188 10.6632
    endloop
  endfacet
  facet normal 0.0489726 0.591173 0.805057
    outer loop
      vertex 2.77306 -11.3188 10.6632
      vertex 2.50628 -11.2967 10.6632
      vertex 2.7016 -11.6009 10.8747
    endloop
  endfacet
  facet normal 0 0 1
    outer loop
      vertex 2.74359 -12.0486 10.9858
      vertex 2.74359 -12.1655 10.9858
      vertex 2.75333 -12.1071 10.9858
    endloop
  endfacet
  facet normal 0 0 1
    outer loop
      vertex 2.7154 -11.9966 10.9858
      vertex 2.74359 -12.1655 10.9858
      vertex 2.74359 -12.0486 10.9858
    endloop
  endfacet
  facet normal 0 0 1
    outer loop
      vertex 2.7154 -11.9966 10.9858
      vertex 2.7154 -12.2175 10.9858
      vertex 2.74359 -12.1655 10.9858
    endloop
  endfacet
  facet normal 0 0 1
    outer loop
      vertex 2.67183 -11.9564 10.9858
      vertex 2.7154 -12.2175 10.9858
      vertex 2.7154 -11.9966 10.9858
    endloop
  endfacet
  facet normal 0 0 1
    outer loop
      vertex 2.67183 -11.9564 10.9858
      vertex 2.67183 -12.2577 10.9858
      vertex 2.7154 -12.2175 10.9858
    endloop
  endfacet
  facet normal 0 0 1
    outer loop
      vertex 2.6176 -11.9327 10.9858
      vertex 2.67183 -12.2577 10.9858
      vertex 2.67183 -11.9564 10.9858
    endloop
  endfacet
  facet normal 0 0 1
    outer loop
      vertex 2.6176 -11.9327 10.9858
      vertex 2.6176 -12.2814 10.9858
      vertex 2.67183 -12.2577 10.9858
    endloop
  endfacet
  facet normal 0 0 1
    outer loop
      vertex 2.55858 -11.9278 10.9858
      vertex 2.6176 -12.2814 10.9858
      vertex 2.6176 -11.9327 10.9858
    endloop
  endfacet
  facet normal 0 0 1
    outer loop
      vertex 2.55858 -11.9278 10.9858
      vertex 2.55858 -12.2863 10.9858
      vertex 2.6176 -12.2814 10.9858
    endloop
  endfacet
  facet normal -0 0 1
    outer loop
      vertex 2.50117 -11.9423 10.9858
      vertex 2.55858 -12.2863 10.9858
      vertex 2.55858 -11.9278 10.9858
    endloop
  endfacet
  facet normal 0 0 1
    outer loop
      vertex 2.50117 -11.9423 10.9858
      vertex 2.50117 -12.2718 10.9858
      vertex 2.55858 -12.2863 10.9858
    endloop
  endfacet
  facet normal -0 0 1
    outer loop
      vertex 2.45159 -11.9747 10.9858
      vertex 2.50117 -12.2718 10.9858
      vertex 2.50117 -11.9423 10.9858
    endloop
  endfacet
  facet normal 0 0 1
    outer loop
      vertex 2.45159 -11.9747 10.9858
      vertex 2.45159 -12.2394 10.9858
      vertex 2.50117 -12.2718 10.9858
    endloop
  endfacet
  facet normal -0 0 1
    outer loop
      vertex 2.41522 -12.0214 10.9858
      vertex 2.45159 -12.2394 10.9858
      vertex 2.45159 -11.9747 10.9858
    endloop
  endfacet
  facet normal 0 0 1
    outer loop
      vertex 2.41522 -12.0214 10.9858
      vertex 2.41522 -12.1927 10.9858
      vertex 2.45159 -12.2394 10.9858
    endloop
  endfacet
  facet normal -0 0 1
    outer loop
      vertex 2.39599 -12.0774 10.9858
      vertex 2.41522 -12.1927 10.9858
      vertex 2.41522 -12.0214 10.9858
    endloop
  endfacet
  facet normal 0 0 1
    outer loop
      vertex 2.41522 -12.1927 10.9858
      vertex 2.39599 -12.0774 10.9858
      vertex 2.39599 -12.1367 10.9858
    endloop
  endfacet
  facet normal -0.520877 -0.79721 -0.305193
    outer loop
      vertex 2.16183 -13.0454 9.32791
      vertex 1.80415 -12.9427 9.6701
      vertex 1.87945 -12.8609 9.32791
    endloop
  endfacet
  facet normal -0.444588 -0.680448 -0.582522
    outer loop
      vertex 2.16183 -13.0454 9.32791
      vertex 1.87945 -12.8609 9.32791
      vertex 2.02269 -12.7053 9.03683
    endloop
  endfacet
  facet normal 0.521965 -0.282381 0.804869
    outer loop
      vertex 3.06723 -12.2766 10.8747
      vertex 3.12432 -12.439 10.7807
      vertex 3.14257 -12.4446 10.7669
    endloop
  endfacet
  facet normal 0.521529 -0.282644 0.805059
    outer loop
      vertex 3.06723 -12.2766 10.8747
      vertex 3.06378 -12.4194 10.8268
      vertex 3.12432 -12.439 10.7807
    endloop
  endfacet
  facet normal 0.522153 -0.282536 0.804692
    outer loop
      vertex 3.06378 -12.4194 10.8268
      vertex 3.06723 -12.2766 10.8747
      vertex 3.00127 -12.3985 10.8747
    endloop
  endfacet
  facet normal 0.125753 0.286429 -0.949813
    outer loop
      vertex 2.85899 -11.67 8.82534
      vertex 2.6176 -11.9327 8.71416
      vertex 2.7016 -11.6009 8.82534
    endloop
  endfacet
  facet normal -0.312866 0 -0.949797
    outer loop
      vertex 2.05847 -12.193 8.82534
      vertex 2.39599 -12.0774 8.71416
      vertex 2.39599 -12.1367 8.71416
    endloop
  endfacet
  facet normal -0.312866 0 -0.949797
    outer loop
      vertex 2.39599 -12.0774 8.71416
      vertex 2.05847 -12.193 8.82534
      vertex 2.05847 -12.0211 8.82534
    endloop
  endfacet
  facet normal -0.246938 -0.192091 -0.949801
    outer loop
      vertex 2.21983 -12.4912 8.82534
      vertex 2.11427 -12.3555 8.82534
      vertex 2.45159 -12.2394 8.71416
    endloop
  endfacet
  facet normal 0.125335 0.28679 -0.949759
    outer loop
      vertex 2.67183 -11.9564 8.71416
      vertex 2.6176 -11.9327 8.71416
      vertex 2.85899 -11.67 8.82534
    endloop
  endfacet
  facet normal -0.295914 0.101615 -0.949794
    outer loop
      vertex 2.39599 -12.0774 8.71416
      vertex 2.11427 -11.8586 8.82534
      vertex 2.41522 -12.0214 8.71416
    endloop
  endfacet
  facet normal -0.560921 -0.192556 -0.805164
    outer loop
      vertex 1.85827 -12.4941 9.03683
      vertex 1.77135 -12.2409 9.03683
      vertex 2.11427 -12.3555 8.82534
    endloop
  endfacet
  facet normal -0.560929 -0.192614 -0.805145
    outer loop
      vertex 2.11427 -12.3555 8.82534
      vertex 1.77135 -12.2409 9.03683
      vertex 2.05847 -12.193 8.82534
    endloop
  endfacet
  facet normal -1 0 0
    outer loop
      vertex 1.45308 -12.294 9.6701
      vertex 1.45308 -11.9201 10.0299
      vertex 1.45308 -11.9201 9.6701
    endloop
  endfacet
  facet normal -1 -0 0
    outer loop
      vertex 1.45308 -11.9201 10.0299
      vertex 1.45308 -12.294 9.6701
      vertex 1.45308 -12.294 10.0299
    endloop
  endfacet
  facet normal -0.900686 -0.309167 -0.305254
    outer loop
      vertex 1.57449 -12.6477 9.6701
      vertex 1.45308 -12.294 9.6701
      vertex 1.67227 -12.5947 9.32791
    endloop
  endfacet
  facet normal 0.521534 -0.282339 -0.805163
    outer loop
      vertex 3.21514 -12.6065 9.03683
      vertex 2.98543 -12.4277 8.82534
      vertex 3.06723 -12.2766 8.82534
    endloop
  endfacet
  facet normal 0.308614 -0.0514708 -0.949794
    outer loop
      vertex 3.06723 -12.2766 8.82534
      vertex 2.74359 -12.1655 8.71416
      vertex 2.75333 -12.1071 8.71416
    endloop
  endfacet
  facet normal -0.295915 0.101613 -0.949794
    outer loop
      vertex 2.39599 -12.0774 8.71416
      vertex 2.05847 -12.0211 8.82534
      vertex 2.11427 -11.8586 8.82534
    endloop
  endfacet
  facet normal 0.0670952 -0.80994 -0.582663
    outer loop
      vertex 2.82497 -13.1004 9.32791
      vertex 2.50628 -12.9174 9.03683
      vertex 2.77306 -12.8953 9.03683
    endloop
  endfacet
  facet normal 0.125335 -0.28679 -0.949759
    outer loop
      vertex 2.85899 -12.5441 8.82534
      vertex 2.6176 -12.2814 8.71416
      vertex 2.67183 -12.2577 8.71416
    endloop
  endfacet
  facet normal -0.468032 0.364365 0.805099
    outer loop
      vertex 2.02269 -11.5088 10.6632
      vertex 1.85827 -11.72 10.6632
      vertex 2.21983 -11.7229 10.8747
    endloop
  endfacet
  facet normal -0.444538 0.680471 0.582533
    outer loop
      vertex 2.16183 -11.1687 10.3721
      vertex 2.02269 -11.5088 10.6632
      vertex 2.24679 -11.3624 10.6632
    endloop
  endfacet
  facet normal -0.468083 0.364118 0.805181
    outer loop
      vertex 2.21983 -11.7229 10.8747
      vertex 1.85827 -11.72 10.6632
      vertex 2.11427 -11.8586 10.8747
    endloop
  endfacet
  facet normal -0.560938 0.192562 0.805151
    outer loop
      vertex 1.85827 -11.72 10.6632
      vertex 1.77135 -11.9732 10.6632
      vertex 2.11427 -11.8586 10.8747
    endloop
  endfacet
  facet normal 0.238225 0.543242 0.805069
    outer loop
      vertex 2.77306 -11.3188 10.6632
      vertex 2.7016 -11.6009 10.8747
      vertex 3.0182 -11.4263 10.6632
    endloop
  endfacet
  facet normal 0.326401 0.744317 0.582627
    outer loop
      vertex 2.82497 -11.1137 10.3721
      vertex 2.77306 -11.3188 10.6632
      vertex 3.0182 -11.4263 10.6632
    endloop
  endfacet
  facet normal -0.246872 0.192264 -0.949783
    outer loop
      vertex 2.41522 -12.0214 8.71416
      vertex 2.11427 -11.8586 8.82534
      vertex 2.45159 -11.9747 8.71416
    endloop
  endfacet
  facet normal 0.0258809 0.311733 -0.949817
    outer loop
      vertex 2.55858 -11.9278 8.71416
      vertex 2.53032 -11.5867 8.82534
      vertex 2.6176 -11.9327 8.71416
    endloop
  endfacet
  facet normal -0.0766146 0.303341 -0.949797
    outer loop
      vertex 2.50117 -11.9423 8.71416
      vertex 2.36371 -11.6289 8.82534
      vertex 2.55858 -11.9278 8.71416
    endloop
  endfacet
  facet normal -0.900683 0.309253 -0.305176
    outer loop
      vertex 1.67227 -11.6194 9.32791
      vertex 1.45308 -11.9201 9.6701
      vertex 1.57449 -11.5665 9.6701
    endloop
  endfacet
  facet normal 0.521582 -0.282306 -0.805143
    outer loop
      vertex 3.21514 -12.6065 9.03683
      vertex 3.06723 -12.2766 8.82534
      vertex 3.34255 -12.3711 9.03683
    endloop
  endfacet
  facet normal 0.584977 -0.0976291 -0.805153
    outer loop
      vertex 3.34255 -12.3711 9.03683
      vertex 3.06723 -12.2766 8.82534
      vertex 3.38661 -12.1071 9.03683
    endloop
  endfacet
  facet normal 0 0 -1
    outer loop
      vertex 2.74359 -12.1655 8.71416
      vertex 2.74359 -12.0486 8.71416
      vertex 2.75333 -12.1071 8.71416
    endloop
  endfacet
  facet normal 0 0 -1
    outer loop
      vertex 2.7154 -12.2175 8.71416
      vertex 2.74359 -12.0486 8.71416
      vertex 2.74359 -12.1655 8.71416
    endloop
  endfacet
  facet normal 0 0 -1
    outer loop
      vertex 2.7154 -12.2175 8.71416
      vertex 2.7154 -11.9966 8.71416
      vertex 2.74359 -12.0486 8.71416
    endloop
  endfacet
  facet normal 0 0 -1
    outer loop
      vertex 2.67183 -12.2577 8.71416
      vertex 2.7154 -11.9966 8.71416
      vertex 2.7154 -12.2175 8.71416
    endloop
  endfacet
  facet normal 0 0 -1
    outer loop
      vertex 2.67183 -12.2577 8.71416
      vertex 2.67183 -11.9564 8.71416
      vertex 2.7154 -11.9966 8.71416
    endloop
  endfacet
  facet normal 0 0 -1
    outer loop
      vertex 2.6176 -12.2814 8.71416
      vertex 2.67183 -11.9564 8.71416
      vertex 2.67183 -12.2577 8.71416
    endloop
  endfacet
  facet normal 0 0 -1
    outer loop
      vertex 2.6176 -12.2814 8.71416
      vertex 2.6176 -11.9327 8.71416
      vertex 2.67183 -11.9564 8.71416
    endloop
  endfacet
  facet normal 0 0 -1
    outer loop
      vertex 2.55858 -12.2863 8.71416
      vertex 2.6176 -11.9327 8.71416
      vertex 2.6176 -12.2814 8.71416
    endloop
  endfacet
  facet normal 0 0 -1
    outer loop
      vertex 2.55858 -12.2863 8.71416
      vertex 2.55858 -11.9278 8.71416
      vertex 2.6176 -11.9327 8.71416
    endloop
  endfacet
  facet normal 0 0 -1
    outer loop
      vertex 2.50117 -12.2718 8.71416
      vertex 2.55858 -11.9278 8.71416
      vertex 2.55858 -12.2863 8.71416
    endloop
  endfacet
  facet normal 0 0 -1
    outer loop
      vertex 2.50117 -12.2718 8.71416
      vertex 2.50117 -11.9423 8.71416
      vertex 2.55858 -11.9278 8.71416
    endloop
  endfacet
  facet normal 0 0 -1
    outer loop
      vertex 2.45159 -12.2394 8.71416
      vertex 2.50117 -11.9423 8.71416
      vertex 2.50117 -12.2718 8.71416
    endloop
  endfacet
  facet normal 0 0 -1
    outer loop
      vertex 2.45159 -12.2394 8.71416
      vertex 2.45159 -11.9747 8.71416
      vertex 2.50117 -11.9423 8.71416
    endloop
  endfacet
  facet normal 0 0 -1
    outer loop
      vertex 2.41522 -12.1927 8.71416
      vertex 2.45159 -11.9747 8.71416
      vertex 2.45159 -12.2394 8.71416
    endloop
  endfacet
  facet normal 0 0 -1
    outer loop
      vertex 2.41522 -12.1927 8.71416
      vertex 2.41522 -12.0214 8.71416
      vertex 2.45159 -11.9747 8.71416
    endloop
  endfacet
  facet normal 0 0 -1
    outer loop
      vertex 2.39599 -12.1367 8.71416
      vertex 2.41522 -12.0214 8.71416
      vertex 2.41522 -12.1927 8.71416
    endloop
  endfacet
  facet normal 0 0 -1
    outer loop
      vertex 2.41522 -12.0214 8.71416
      vertex 2.39599 -12.1367 8.71416
      vertex 2.39599 -12.0774 8.71416
    endloop
  endfacet
  facet normal 0.0489711 -0.591155 -0.80507
    outer loop
      vertex 2.77306 -12.8953 9.03683
      vertex 2.50628 -12.9174 9.03683
      vertex 2.7016 -12.6132 8.82534
    endloop
  endfacet
  facet normal 0.0258436 -0.311725 -0.949821
    outer loop
      vertex 2.7016 -12.6132 8.82534
      vertex 2.53032 -12.6274 8.82534
      vertex 2.6176 -12.2814 8.71416
    endloop
  endfacet
  facet normal -0.0765545 -0.303103 0.949878
    outer loop
      vertex 2.50117 -12.2718 10.9858
      vertex 2.45647 -12.4429 10.9276
      vertex 2.55858 -12.2863 10.9858
    endloop
  endfacet
  facet normal -0.0777161 -0.3028 0.94988
    outer loop
      vertex 2.45647 -12.4429 10.9276
      vertex 2.50117 -12.2718 10.9858
      vertex 2.42783 -12.439 10.9265
    endloop
  endfacet
  facet normal -0.171409 -0.261679 0.949812
    outer loop
      vertex 2.50117 -12.2718 10.9858
      vertex 2.29116 -12.4355 10.9028
      vertex 2.42783 -12.439 10.9265
    endloop
  endfacet
  facet normal -0.324412 0.49659 0.805081
    outer loop
      vertex 2.24679 -11.3624 10.6632
      vertex 2.02269 -11.5088 10.6632
      vertex 2.21983 -11.7229 10.8747
    endloop
  endfacet
  facet normal -0.324432 0.496588 0.805074
    outer loop
      vertex 2.24679 -11.3624 10.6632
      vertex 2.21983 -11.7229 10.8747
      vertex 2.36371 -11.6289 10.8747
    endloop
  endfacet
  facet normal 0.21193 -0.23021 -0.949784
    outer loop
      vertex 2.85899 -12.5441 8.82534
      vertex 2.67183 -12.2577 8.71416
      vertex 2.98543 -12.4277 8.82534
    endloop
  endfacet
  facet normal 0.21193 0.23021 -0.949784
    outer loop
      vertex 2.98543 -11.7864 8.82534
      vertex 2.67183 -11.9564 8.71416
      vertex 2.85899 -11.67 8.82534
    endloop
  endfacet
  facet normal 0.212113 0.229895 -0.949819
    outer loop
      vertex 2.7154 -11.9966 8.71416
      vertex 2.67183 -11.9564 8.71416
      vertex 2.98543 -11.7864 8.82534
    endloop
  endfacet
  facet normal 0.275012 -0.149088 -0.949811
    outer loop
      vertex 2.98543 -12.4277 8.82534
      vertex 2.7154 -12.2175 8.71416
      vertex 2.74359 -12.1655 8.71416
    endloop
  endfacet
  facet normal 0.0490111 -0.591171 -0.805056
    outer loop
      vertex 2.7016 -12.6132 8.82534
      vertex 2.50628 -12.9174 9.03683
      vertex 2.53032 -12.6274 8.82534
    endloop
  endfacet
  facet normal -0.145649 -0.575036 -0.805059
    outer loop
      vertex 2.50628 -12.9174 9.03683
      vertex 2.36371 -12.5852 8.82534
      vertex 2.53032 -12.6274 8.82534
    endloop
  endfacet
  facet normal 0.02613 -0.311329 0.949943
    outer loop
      vertex 2.572 -12.4622 10.9278
      vertex 2.66707 -12.4768 10.9204
      vertex 2.6176 -12.2814 10.9858
    endloop
  endfacet
  facet normal 0.0259107 -0.312555 0.949546
    outer loop
      vertex 2.66707 -12.4768 10.9204
      vertex 2.572 -12.4622 10.9278
      vertex 2.65342 -12.4834 10.9186
    endloop
  endfacet
  facet normal 0.275148 0.148955 -0.949792
    outer loop
      vertex 3.06723 -11.9375 8.82534
      vertex 2.74359 -12.0486 8.71416
      vertex 2.98543 -11.7864 8.82534
    endloop
  endfacet
  facet normal 0.308641 0.0513874 -0.94979
    outer loop
      vertex 2.75333 -12.1071 8.71416
      vertex 2.74359 -12.0486 8.71416
      vertex 3.06723 -11.9375 8.82534
    endloop
  endfacet
  facet normal 0.2384 -0.543008 -0.805176
    outer loop
      vertex 3.0182 -12.7878 9.03683
      vertex 2.7016 -12.6132 8.82534
      vertex 2.85899 -12.5441 8.82534
    endloop
  endfacet
  facet normal 0.125753 -0.286429 -0.949813
    outer loop
      vertex 2.7016 -12.6132 8.82534
      vertex 2.6176 -12.2814 8.71416
      vertex 2.85899 -12.5441 8.82534
    endloop
  endfacet
  facet normal 0.0258421 -0.311265 0.949972
    outer loop
      vertex 2.55858 -12.2863 10.9858
      vertex 2.572 -12.4622 10.9278
      vertex 2.6176 -12.2814 10.9858
    endloop
  endfacet
  facet normal 0.0221451 -0.311548 0.949972
    outer loop
      vertex 2.572 -12.4622 10.9278
      vertex 2.55858 -12.2863 10.9858
      vertex 2.5446 -12.455 10.9308
    endloop
  endfacet
  facet normal -0.0761383 -0.303357 0.94983
    outer loop
      vertex 2.55858 -12.2863 10.9858
      vertex 2.45647 -12.4429 10.9276
      vertex 2.5446 -12.455 10.9308
    endloop
  endfacet
  facet normal 0.275012 0.149088 -0.949811
    outer loop
      vertex 2.74359 -12.0486 8.71416
      vertex 2.7154 -11.9966 8.71416
      vertex 2.98543 -11.7864 8.82534
    endloop
  endfacet
endsolid OpenSCAD_Model
