solid OpenSCAD_Model
  facet normal 0 0 -1
    outer loop
      vertex 17.2159 -66.0385 157.9
      vertex 10 -66 157.9
      vertex 18 -66 157.9
    endloop
  endfacet
  facet normal 0 0 -1
    outer loop
      vertex 16.4393 -66.1537 157.9
      vertex 10 -66 157.9
      vertex 17.2159 -66.0385 157.9
    endloop
  endfacet
  facet normal 0 0 -1
    outer loop
      vertex 15.6777 -66.3445 157.9
      vertex 10 -66 157.9
      vertex 16.4393 -66.1537 157.9
    endloop
  endfacet
  facet normal 0 0 -1
    outer loop
      vertex 14.9385 -66.609 157.9
      vertex 10 -66 157.9
      vertex 15.6777 -66.3445 157.9
    endloop
  endfacet
  facet normal 0 0 -1
    outer loop
      vertex 14.2288 -66.9446 157.9
      vertex 10 -66 157.9
      vertex 14.9385 -66.609 157.9
    endloop
  endfacet
  facet normal 0 0 -1
    outer loop
      vertex 13.5554 -67.3482 157.9
      vertex 10 -66 157.9
      vertex 14.2288 -66.9446 157.9
    endloop
  endfacet
  facet normal 0 0 -1
    outer loop
      vertex 12.9249 -67.8159 157.9
      vertex 10 -66 157.9
      vertex 13.5554 -67.3482 157.9
    endloop
  endfacet
  facet normal 0 0 -1
    outer loop
      vertex 12.3431 -68.3431 157.9
      vertex 10 -66 157.9
      vertex 12.9249 -67.8159 157.9
    endloop
  endfacet
  facet normal 0 0 -1
    outer loop
      vertex 11.8159 -68.9249 157.9
      vertex 10 -66 157.9
      vertex 12.3431 -68.3431 157.9
    endloop
  endfacet
  facet normal 0 0 -1
    outer loop
      vertex 11.3482 -69.5554 157.9
      vertex 10 -66 157.9
      vertex 11.8159 -68.9249 157.9
    endloop
  endfacet
  facet normal 0 0 -1
    outer loop
      vertex 10.9446 -70.2288 157.9
      vertex 10 -66 157.9
      vertex 11.3482 -69.5554 157.9
    endloop
  endfacet
  facet normal 0 0 -1
    outer loop
      vertex 10.609 -70.9385 157.9
      vertex 10 -66 157.9
      vertex 10.9446 -70.2288 157.9
    endloop
  endfacet
  facet normal 0 0 -1
    outer loop
      vertex 10.3445 -71.6777 157.9
      vertex 10 -66 157.9
      vertex 10.609 -70.9385 157.9
    endloop
  endfacet
  facet normal 0 0 -1
    outer loop
      vertex 10.1537 -72.4393 157.9
      vertex 10 -66 157.9
      vertex 10.3445 -71.6777 157.9
    endloop
  endfacet
  facet normal 0 0 -1
    outer loop
      vertex 10.0385 -73.2159 157.9
      vertex 10 -66 157.9
      vertex 10.1537 -72.4393 157.9
    endloop
  endfacet
  facet normal 0 0 -1
    outer loop
      vertex 10 -66 157.9
      vertex 10.0385 -73.2159 157.9
      vertex 10 -74 157.9
    endloop
  endfacet
  facet normal 0 0 -1
    outer loop
      vertex 77.0554 -129.771 157.9
      vertex 78 -129 157.9
      vertex 78 -134 157.9
    endloop
  endfacet
  facet normal -0 0 -1
    outer loop
      vertex 78 -129 157.9
      vertex 77.391 -129.061 157.9
      vertex 77.413 -129 157.9
    endloop
  endfacet
  facet normal 0 0 -1
    outer loop
      vertex 78 -129 157.9
      vertex 77.0554 -129.771 157.9
      vertex 77.391 -129.061 157.9
    endloop
  endfacet
  facet normal 0 0 -1
    outer loop
      vertex 78 -134 157.9
      vertex 76.6518 -130.445 157.9
      vertex 77.0554 -129.771 157.9
    endloop
  endfacet
  facet normal 0 0 -1
    outer loop
      vertex 78 -134 157.9
      vertex 76.1841 -131.075 157.9
      vertex 76.6518 -130.445 157.9
    endloop
  endfacet
  facet normal 0 0 -1
    outer loop
      vertex 78 -134 157.9
      vertex 75.6569 -131.657 157.9
      vertex 76.1841 -131.075 157.9
    endloop
  endfacet
  facet normal 0 0 -1
    outer loop
      vertex 78 -134 157.9
      vertex 75.0751 -132.184 157.9
      vertex 75.6569 -131.657 157.9
    endloop
  endfacet
  facet normal 0 0 -1
    outer loop
      vertex 78 -134 157.9
      vertex 74.4446 -132.652 157.9
      vertex 75.0751 -132.184 157.9
    endloop
  endfacet
  facet normal 0 0 -1
    outer loop
      vertex 78 -134 157.9
      vertex 73.7712 -133.055 157.9
      vertex 74.4446 -132.652 157.9
    endloop
  endfacet
  facet normal 0 0 -1
    outer loop
      vertex 78 -134 157.9
      vertex 73.0615 -133.391 157.9
      vertex 73.7712 -133.055 157.9
    endloop
  endfacet
  facet normal 0 0 -1
    outer loop
      vertex 78 -134 157.9
      vertex 72.3223 -133.656 157.9
      vertex 73.0615 -133.391 157.9
    endloop
  endfacet
  facet normal 0 0 -1
    outer loop
      vertex 78 -134 157.9
      vertex 71.5607 -133.846 157.9
      vertex 72.3223 -133.656 157.9
    endloop
  endfacet
  facet normal 0 0 -1
    outer loop
      vertex 78 -134 157.9
      vertex 70.7841 -133.961 157.9
      vertex 71.5607 -133.846 157.9
    endloop
  endfacet
  facet normal 0 -0 -1
    outer loop
      vertex 70.7841 -133.961 157.9
      vertex 78 -134 157.9
      vertex 70 -134 157.9
    endloop
  endfacet
  facet normal 0 0 -1
    outer loop
      vertex 10 -134 157.9
      vertex 17.2159 -133.961 157.9
      vertex 18 -134 157.9
    endloop
  endfacet
  facet normal 0 0 -1
    outer loop
      vertex 10 -134 157.9
      vertex 16.4393 -133.846 157.9
      vertex 17.2159 -133.961 157.9
    endloop
  endfacet
  facet normal 0 0 -1
    outer loop
      vertex 10 -134 157.9
      vertex 15.6777 -133.656 157.9
      vertex 16.4393 -133.846 157.9
    endloop
  endfacet
  facet normal 0 0 -1
    outer loop
      vertex 10 -134 157.9
      vertex 14.9385 -133.391 157.9
      vertex 15.6777 -133.656 157.9
    endloop
  endfacet
  facet normal 0 0 -1
    outer loop
      vertex 10 -134 157.9
      vertex 14.2288 -133.055 157.9
      vertex 14.9385 -133.391 157.9
    endloop
  endfacet
  facet normal 0 0 -1
    outer loop
      vertex 10 -134 157.9
      vertex 13.5554 -132.652 157.9
      vertex 14.2288 -133.055 157.9
    endloop
  endfacet
  facet normal 0 0 -1
    outer loop
      vertex 10 -134 157.9
      vertex 12.9249 -132.184 157.9
      vertex 13.5554 -132.652 157.9
    endloop
  endfacet
  facet normal 0 0 -1
    outer loop
      vertex 10 -134 157.9
      vertex 12.3431 -131.657 157.9
      vertex 12.9249 -132.184 157.9
    endloop
  endfacet
  facet normal 0 0 -1
    outer loop
      vertex 10 -134 157.9
      vertex 11.8159 -131.075 157.9
      vertex 12.3431 -131.657 157.9
    endloop
  endfacet
  facet normal 0 0 -1
    outer loop
      vertex 10 -134 157.9
      vertex 11.3482 -130.445 157.9
      vertex 11.8159 -131.075 157.9
    endloop
  endfacet
  facet normal 0 0 -1
    outer loop
      vertex 10 -134 157.9
      vertex 10.9446 -129.771 157.9
      vertex 11.3482 -130.445 157.9
    endloop
  endfacet
  facet normal 0 0 -1
    outer loop
      vertex 10 -134 157.9
      vertex 10.609 -129.061 157.9
      vertex 10.9446 -129.771 157.9
    endloop
  endfacet
  facet normal 0 0 -1
    outer loop
      vertex 10 -134 157.9
      vertex 10.3445 -128.322 157.9
      vertex 10.609 -129.061 157.9
    endloop
  endfacet
  facet normal 0 0 -1
    outer loop
      vertex 10 -134 157.9
      vertex 10.1537 -127.561 157.9
      vertex 10.3445 -128.322 157.9
    endloop
  endfacet
  facet normal 0 0 -1
    outer loop
      vertex 10 -134 157.9
      vertex 10.0385 -126.784 157.9
      vertex 10.1537 -127.561 157.9
    endloop
  endfacet
  facet normal -0 0 -1
    outer loop
      vertex 10.0385 -126.784 157.9
      vertex 10 -134 157.9
      vertex 10 -126 157.9
    endloop
  endfacet
  facet normal 0 0 -1
    outer loop
      vertex 77.391 -70.9385 157.9
      vertex 78 -71 157.9
      vertex 77.413 -71 157.9
    endloop
  endfacet
  facet normal 0 0 -1
    outer loop
      vertex 77.0554 -70.2288 157.9
      vertex 78 -71 157.9
      vertex 77.391 -70.9385 157.9
    endloop
  endfacet
  facet normal 0 0 -1
    outer loop
      vertex 78 -71 157.9
      vertex 77.0554 -70.2288 157.9
      vertex 78 -66 157.9
    endloop
  endfacet
  facet normal 0 0 -1
    outer loop
      vertex 76.6518 -69.5554 157.9
      vertex 78 -66 157.9
      vertex 77.0554 -70.2288 157.9
    endloop
  endfacet
  facet normal 0 0 -1
    outer loop
      vertex 76.1841 -68.9249 157.9
      vertex 78 -66 157.9
      vertex 76.6518 -69.5554 157.9
    endloop
  endfacet
  facet normal 0 0 -1
    outer loop
      vertex 75.6569 -68.3431 157.9
      vertex 78 -66 157.9
      vertex 76.1841 -68.9249 157.9
    endloop
  endfacet
  facet normal 0 0 -1
    outer loop
      vertex 75.0751 -67.8159 157.9
      vertex 78 -66 157.9
      vertex 75.6569 -68.3431 157.9
    endloop
  endfacet
  facet normal 0 0 -1
    outer loop
      vertex 74.4446 -67.3482 157.9
      vertex 78 -66 157.9
      vertex 75.0751 -67.8159 157.9
    endloop
  endfacet
  facet normal 0 0 -1
    outer loop
      vertex 73.7712 -66.9446 157.9
      vertex 78 -66 157.9
      vertex 74.4446 -67.3482 157.9
    endloop
  endfacet
  facet normal 0 0 -1
    outer loop
      vertex 73.0615 -66.609 157.9
      vertex 78 -66 157.9
      vertex 73.7712 -66.9446 157.9
    endloop
  endfacet
  facet normal 0 0 -1
    outer loop
      vertex 72.3223 -66.3445 157.9
      vertex 78 -66 157.9
      vertex 73.0615 -66.609 157.9
    endloop
  endfacet
  facet normal 0 0 -1
    outer loop
      vertex 71.5607 -66.1537 157.9
      vertex 78 -66 157.9
      vertex 72.3223 -66.3445 157.9
    endloop
  endfacet
  facet normal 0 0 -1
    outer loop
      vertex 70.7841 -66.0385 157.9
      vertex 78 -66 157.9
      vertex 71.5607 -66.1537 157.9
    endloop
  endfacet
  facet normal -0 0 -1
    outer loop
      vertex 78 -66 157.9
      vertex 70.7841 -66.0385 157.9
      vertex 70 -66 157.9
    endloop
  endfacet
  facet normal 1 -0 0
    outer loop
      vertex 78 -134 158
      vertex 78 -129 157.9
      vertex 78 -129 158
    endloop
  endfacet
  facet normal 1 0 0
    outer loop
      vertex 78 -129 157.9
      vertex 78 -134 158
      vertex 78 -134 157.9
    endloop
  endfacet
  facet normal 1 -0 0
    outer loop
      vertex 78 -71 158
      vertex 78 -66 157.9
      vertex 78 -66 158
    endloop
  endfacet
  facet normal 1 0 0
    outer loop
      vertex 78 -66 157.9
      vertex 78 -71 158
      vertex 78 -71 157.9
    endloop
  endfacet
  facet normal 0 1 -0
    outer loop
      vertex 70 -66 14
      vertex 18 -66 157.9
      vertex 70 -66 157.9
    endloop
  endfacet
  facet normal 0 1 0
    outer loop
      vertex 18 -66 157.9
      vertex 70 -66 14
      vertex 18 -66 14
    endloop
  endfacet
  facet normal 0 1 0
    outer loop
      vertex 78 -66 158
      vertex 80 -66 226
      vertex 80 -66 158
    endloop
  endfacet
  facet normal 0 1 0
    outer loop
      vertex 70 -66 157.9
      vertex 80 -66 226
      vertex 78 -66 158
    endloop
  endfacet
  facet normal 0 1 0
    outer loop
      vertex 70 -66 157.9
      vertex 78 -66 158
      vertex 78 -66 157.9
    endloop
  endfacet
  facet normal 0 1 0
    outer loop
      vertex 80 -66 226
      vertex 70 -66 157.9
      vertex 10 -66 226
    endloop
  endfacet
  facet normal 0 1 -0
    outer loop
      vertex 18 -66 157.9
      vertex 10 -66 226
      vertex 70 -66 157.9
    endloop
  endfacet
  facet normal 0 1 0
    outer loop
      vertex 10 -66 226
      vertex 18 -66 157.9
      vertex 10 -66 157.9
    endloop
  endfacet
  facet normal -1 0 0
    outer loop
      vertex 10 -126 157.9
      vertex 10 -74 157.9
      vertex 10 -74 15
    endloop
  endfacet
  facet normal -1 0 0
    outer loop
      vertex 10 -74 157.9
      vertex 10 -126 157.9
      vertex 10 -86 178
    endloop
  endfacet
  facet normal -1 -0 0
    outer loop
      vertex 10 -86 178
      vertex 10 -126 157.9
      vertex 10 -114 178
    endloop
  endfacet
  facet normal -1 0 0
    outer loop
      vertex 10 -126 157.9
      vertex 10 -74 15
      vertex 10 -126 15
    endloop
  endfacet
  facet normal -1 0 0
    outer loop
      vertex 10 -86 178
      vertex 10 -66 157.9
      vertex 10 -74 157.9
    endloop
  endfacet
  facet normal -1 0 0
    outer loop
      vertex 10 -66 157.9
      vertex 10 -86 178
      vertex 10 -66 226
    endloop
  endfacet
  facet normal -1 0 0
    outer loop
      vertex 10 -86 206
      vertex 10 -66 226
      vertex 10 -86 178
    endloop
  endfacet
  facet normal -1 0 0
    outer loop
      vertex 10 -114 206
      vertex 10 -66 226
      vertex 10 -86 206
    endloop
  endfacet
  facet normal -1 0 0
    outer loop
      vertex 10 -134 157.9
      vertex 10 -114 178
      vertex 10 -126 157.9
    endloop
  endfacet
  facet normal -1 -0 0
    outer loop
      vertex 10 -114 178
      vertex 10 -134 157.9
      vertex 10 -114 206
    endloop
  endfacet
  facet normal -1 0 0
    outer loop
      vertex 10 -114 206
      vertex 10 -134 226
      vertex 10 -66 226
    endloop
  endfacet
  facet normal -1 0 0
    outer loop
      vertex 10 -134 226
      vertex 10 -114 206
      vertex 10 -134 157.9
    endloop
  endfacet
  facet normal 1 -0 0
    outer loop
      vertex 10 -129 14
      vertex 10 -71 8
      vertex 10 -71 14
    endloop
  endfacet
  facet normal 1 0 0
    outer loop
      vertex 10 -71 8
      vertex 10 -129 14
      vertex 10 -129 8
    endloop
  endfacet
  facet normal 0 -1 0
    outer loop
      vertex 18 -134 14
      vertex 70 -134 157.9
      vertex 18 -134 157.9
    endloop
  endfacet
  facet normal 0 -1 -0
    outer loop
      vertex 70 -134 157.9
      vertex 18 -134 14
      vertex 70 -134 14
    endloop
  endfacet
  facet normal 0 -1 0
    outer loop
      vertex 70 -134 157.9
      vertex 80 -134 226
      vertex 10 -134 226
    endloop
  endfacet
  facet normal 0 -1 0
    outer loop
      vertex 18 -134 157.9
      vertex 10 -134 226
      vertex 10 -134 157.9
    endloop
  endfacet
  facet normal 0 -1 0
    outer loop
      vertex 70 -134 157.9
      vertex 10 -134 226
      vertex 18 -134 157.9
    endloop
  endfacet
  facet normal 0 -1 0
    outer loop
      vertex 80 -134 226
      vertex 70 -134 157.9
      vertex 78 -134 158
    endloop
  endfacet
  facet normal 0 -1 -0
    outer loop
      vertex 78 -134 158
      vertex 70 -134 157.9
      vertex 78 -134 157.9
    endloop
  endfacet
  facet normal 0 -1 -0
    outer loop
      vertex 80 -134 226
      vertex 78 -134 158
      vertex 80 -134 158
    endloop
  endfacet
  facet normal 0 0 1
    outer loop
      vertex 80 -66 226
      vertex 78 -86 226
      vertex 80 -134 226
    endloop
  endfacet
  facet normal 0 0 1
    outer loop
      vertex 80 -66 226
      vertex 70 -86 226
      vertex 78 -86 226
    endloop
  endfacet
  facet normal 0 0 1
    outer loop
      vertex 70 -86 226
      vertex 10 -66 226
      vertex 70 -114 226
    endloop
  endfacet
  facet normal -0 0 1
    outer loop
      vertex 10 -66 226
      vertex 70 -86 226
      vertex 80 -66 226
    endloop
  endfacet
  facet normal -0 0 1
    outer loop
      vertex 78 -114 226
      vertex 80 -134 226
      vertex 78 -86 226
    endloop
  endfacet
  facet normal -0 0 1
    outer loop
      vertex 70 -114 226
      vertex 80 -134 226
      vertex 78 -114 226
    endloop
  endfacet
  facet normal 0 0 1
    outer loop
      vertex 10 -134 226
      vertex 70 -114 226
      vertex 10 -66 226
    endloop
  endfacet
  facet normal 0 0 1
    outer loop
      vertex 70 -114 226
      vertex 10 -134 226
      vertex 80 -134 226
    endloop
  endfacet
  facet normal -1 0 0
    outer loop
      vertex 0 -132 0
      vertex 0 -68 14
      vertex 0 -68 0
    endloop
  endfacet
  facet normal -1 -0 0
    outer loop
      vertex 0 -68 14
      vertex 0 -132 0
      vertex 0 -132 14
    endloop
  endfacet
  facet normal -0.322263 -0.94665 0
    outer loop
      vertex 3.7039 -137.543 0
      vertex 4.44709 -137.796 14
      vertex 3.7039 -137.543 14
    endloop
  endfacet
  facet normal -0.322263 -0.94665 -0
    outer loop
      vertex 4.44709 -137.796 14
      vertex 3.7039 -137.543 0
      vertex 4.44709 -137.796 0
    endloop
  endfacet
  facet normal 0.0653771 0.997861 -0
    outer loop
      vertex 104.783 -62.0513 0
      vertex 104 -62 14
      vertex 104.783 -62.0513 14
    endloop
  endfacet
  facet normal 0.0653771 0.997861 0
    outer loop
      vertex 104 -62 14
      vertex 104.783 -62.0513 0
      vertex 104 -62 0
    endloop
  endfacet
  facet normal 0.659406 0.751787 -0
    outer loop
      vertex 108.243 -63.7574 0
      vertex 107.653 -63.2399 14
      vertex 108.243 -63.7574 14
    endloop
  endfacet
  facet normal 0.659406 0.751787 0
    outer loop
      vertex 107.653 -63.2399 14
      vertex 108.243 -63.7574 0
      vertex 107.653 -63.2399 0
    endloop
  endfacet
  facet normal -0.751799 0.659392 0
    outer loop
      vertex 1.23988 -64.3474 0
      vertex 1.75736 -63.7574 14
      vertex 1.75736 -63.7574 0
    endloop
  endfacet
  facet normal -0.751799 0.659392 0
    outer loop
      vertex 1.75736 -63.7574 14
      vertex 1.23988 -64.3474 0
      vertex 1.23988 -64.3474 14
    endloop
  endfacet
  facet normal 0 -1 0
    outer loop
      vertex 6 -138 0
      vertex 104 -138 14
      vertex 6 -138 14
    endloop
  endfacet
  facet normal 0 -1 -0
    outer loop
      vertex 104 -138 14
      vertex 6 -138 0
      vertex 104 -138 0
    endloop
  endfacet
  facet normal 0.98081 0.194964 0
    outer loop
      vertex 109.949 -67.2168 14
      vertex 109.796 -66.4471 0
      vertex 109.796 -66.4471 14
    endloop
  endfacet
  facet normal 0.98081 0.194964 0
    outer loop
      vertex 109.796 -66.4471 0
      vertex 109.949 -67.2168 14
      vertex 109.949 -67.2168 0
    endloop
  endfacet
  facet normal 0.752103 -0.659046 0
    outer loop
      vertex 108.243 -136.243 14
      vertex 108.76 -135.653 0
      vertex 108.76 -135.653 14
    endloop
  endfacet
  facet normal 0.752103 -0.659046 0
    outer loop
      vertex 108.76 -135.653 0
      vertex 108.243 -136.243 14
      vertex 108.243 -136.243 0
    endloop
  endfacet
  facet normal -0.751799 -0.659392 0
    outer loop
      vertex 1.75736 -136.243 0
      vertex 1.23988 -135.653 14
      vertex 1.23988 -135.653 0
    endloop
  endfacet
  facet normal -0.751799 -0.659392 0
    outer loop
      vertex 1.23988 -135.653 14
      vertex 1.75736 -136.243 0
      vertex 1.75736 -136.243 14
    endloop
  endfacet
  facet normal -0.997858 -0.065417 0
    outer loop
      vertex 0.0513315 -132.783 0
      vertex 0 -132 14
      vertex 0 -132 0
    endloop
  endfacet
  facet normal -0.997858 -0.065417 0
    outer loop
      vertex 0 -132 14
      vertex 0.0513315 -132.783 0
      vertex 0.0513315 -132.783 14
    endloop
  endfacet
  facet normal 0.321537 0.946897 -0
    outer loop
      vertex 106.296 -62.4567 0
      vertex 105.553 -62.2044 14
      vertex 106.296 -62.4567 14
    endloop
  endfacet
  facet normal 0.321537 0.946897 0
    outer loop
      vertex 105.553 -62.2044 14
      vertex 106.296 -62.4567 0
      vertex 105.553 -62.2044 0
    endloop
  endfacet
  facet normal 0.44211 -0.896961 0
    outer loop
      vertex 106.296 -137.543 0
      vertex 107 -137.196 14
      vertex 106.296 -137.543 14
    endloop
  endfacet
  facet normal 0.44211 -0.896961 0
    outer loop
      vertex 107 -137.196 14
      vertex 106.296 -137.543 0
      vertex 107 -137.196 0
    endloop
  endfacet
  facet normal 0.997886 -0.0649964 0
    outer loop
      vertex 109.949 -132.783 14
      vertex 110 -132 0
      vertex 110 -132 14
    endloop
  endfacet
  facet normal 0.997886 -0.0649964 0
    outer loop
      vertex 110 -132 0
      vertex 109.949 -132.783 14
      vertex 109.949 -132.783 0
    endloop
  endfacet
  facet normal 0.322337 -0.946625 0
    outer loop
      vertex 105.553 -137.796 0
      vertex 106.296 -137.543 14
      vertex 105.553 -137.796 14
    endloop
  endfacet
  facet normal 0.322337 -0.946625 0
    outer loop
      vertex 106.296 -137.543 14
      vertex 105.553 -137.796 0
      vertex 106.296 -137.543 0
    endloop
  endfacet
  facet normal -0.946932 0.321433 0
    outer loop
      vertex 0.204446 -66.4471 0
      vertex 0.456723 -65.7039 14
      vertex 0.456723 -65.7039 0
    endloop
  endfacet
  facet normal -0.946932 0.321433 0
    outer loop
      vertex 0.456723 -65.7039 14
      vertex 0.204446 -66.4471 0
      vertex 0.204446 -66.4471 14
    endloop
  endfacet
  facet normal 0.946625 -0.322337 0
    outer loop
      vertex 109.543 -134.296 14
      vertex 109.796 -133.553 0
      vertex 109.796 -133.553 14
    endloop
  endfacet
  facet normal 0.946625 -0.322337 0
    outer loop
      vertex 109.796 -133.553 0
      vertex 109.543 -134.296 14
      vertex 109.543 -134.296 0
    endloop
  endfacet
  facet normal 0.997887 0.0649798 0
    outer loop
      vertex 110 -68 14
      vertex 109.949 -67.2168 0
      vertex 109.949 -67.2168 14
    endloop
  endfacet
  facet normal 0.997887 0.0649798 0
    outer loop
      vertex 109.949 -67.2168 0
      vertex 110 -68 14
      vertex 110 -68 0
    endloop
  endfacet
  facet normal 0.555288 -0.831658 0
    outer loop
      vertex 107 -137.196 0
      vertex 107.653 -136.76 14
      vertex 107 -137.196 14
    endloop
  endfacet
  facet normal 0.555288 -0.831658 0
    outer loop
      vertex 107.653 -136.76 14
      vertex 107 -137.196 0
      vertex 107.653 -136.76 0
    endloop
  endfacet
  facet normal 0.659046 -0.752103 0
    outer loop
      vertex 107.653 -136.76 0
      vertex 108.243 -136.243 14
      vertex 107.653 -136.76 14
    endloop
  endfacet
  facet normal 0.659046 -0.752103 0
    outer loop
      vertex 108.243 -136.243 14
      vertex 107.653 -136.76 0
      vertex 108.243 -136.243 0
    endloop
  endfacet
  facet normal -0.946906 -0.321511 0
    outer loop
      vertex 0.456723 -134.296 0
      vertex 0.204446 -133.553 14
      vertex 0.204446 -133.553 0
    endloop
  endfacet
  facet normal -0.946906 -0.321511 0
    outer loop
      vertex 0.204446 -133.553 14
      vertex 0.456723 -134.296 0
      vertex 0.456723 -134.296 14
    endloop
  endfacet
  facet normal 1 0 0
    outer loop
      vertex 110 -129 14
      vertex 110 -132 14
      vertex 110 -129 8
    endloop
  endfacet
  facet normal 1 0 0
    outer loop
      vertex 110 -71 8
      vertex 110 -106.5 4.2
      vertex 110 -93.5 4.2
    endloop
  endfacet
  facet normal 1 -0 0
    outer loop
      vertex 110 -129 8
      vertex 110 -106.5 4.2
      vertex 110 -71 8
    endloop
  endfacet
  facet normal 1 0 0
    outer loop
      vertex 110 -129 8
      vertex 110 -106.5 0
      vertex 110 -106.5 4.2
    endloop
  endfacet
  facet normal 1 0 0
    outer loop
      vertex 110 -129 8
      vertex 110 -132 0
      vertex 110 -106.5 0
    endloop
  endfacet
  facet normal 1 0 0
    outer loop
      vertex 110 -132 0
      vertex 110 -129 8
      vertex 110 -132 14
    endloop
  endfacet
  facet normal 1 0 0
    outer loop
      vertex 110 -71 8
      vertex 110 -68 14
      vertex 110 -71 14
    endloop
  endfacet
  facet normal 1 0 0
    outer loop
      vertex 110 -68 14
      vertex 110 -71 8
      vertex 110 -68 0
    endloop
  endfacet
  facet normal 1 0 0
    outer loop
      vertex 110 -93.5 0
      vertex 110 -71 8
      vertex 110 -93.5 4.2
    endloop
  endfacet
  facet normal 1 0 0
    outer loop
      vertex 110 -71 8
      vertex 110 -93.5 0
      vertex 110 -68 0
    endloop
  endfacet
  facet normal 0.831501 0.555523 0
    outer loop
      vertex 109.196 -65 14
      vertex 108.76 -64.3474 0
      vertex 108.76 -64.3474 14
    endloop
  endfacet
  facet normal 0.831501 0.555523 0
    outer loop
      vertex 108.76 -64.3474 0
      vertex 109.196 -65 14
      vertex 109.196 -65 0
    endloop
  endfacet
  facet normal -0.831482 0.555551 0
    outer loop
      vertex 0.803848 -65 0
      vertex 1.23988 -64.3474 14
      vertex 1.23988 -64.3474 0
    endloop
  endfacet
  facet normal -0.831482 0.555551 0
    outer loop
      vertex 1.23988 -64.3474 14
      vertex 0.803848 -65 0
      vertex 0.803848 -65 14
    endloop
  endfacet
  facet normal -0.997859 0.0654004 0
    outer loop
      vertex 0 -68 0
      vertex 0.0513315 -67.2168 14
      vertex 0.0513315 -67.2168 0
    endloop
  endfacet
  facet normal -0.997859 0.0654004 0
    outer loop
      vertex 0.0513315 -67.2168 14
      vertex 0 -68 0
      vertex 0 -68 14
    endloop
  endfacet
  facet normal -0.980797 -0.195031 0
    outer loop
      vertex 0.204446 -133.553 0
      vertex 0.0513315 -132.783 14
      vertex 0.0513315 -132.783 0
    endloop
  endfacet
  facet normal -0.980797 -0.195031 0
    outer loop
      vertex 0.0513315 -132.783 14
      vertex 0.204446 -133.553 0
      vertex 0.204446 -133.553 14
    endloop
  endfacet
  facet normal 0.555376 0.831599 -0
    outer loop
      vertex 107.653 -63.2399 0
      vertex 107 -62.8038 14
      vertex 107.653 -63.2399 14
    endloop
  endfacet
  facet normal 0.555376 0.831599 0
    outer loop
      vertex 107 -62.8038 14
      vertex 107.653 -63.2399 0
      vertex 107 -62.8038 0
    endloop
  endfacet
  facet normal -0.659002 -0.752141 0
    outer loop
      vertex 1.75736 -136.243 0
      vertex 2.34743 -136.76 14
      vertex 1.75736 -136.243 14
    endloop
  endfacet
  facet normal -0.659002 -0.752141 -0
    outer loop
      vertex 2.34743 -136.76 14
      vertex 1.75736 -136.243 0
      vertex 2.34743 -136.76 0
    endloop
  endfacet
  facet normal 0.442212 0.89691 -0
    outer loop
      vertex 107 -62.8038 0
      vertex 106.296 -62.4567 14
      vertex 107 -62.8038 14
    endloop
  endfacet
  facet normal 0.442212 0.89691 0
    outer loop
      vertex 106.296 -62.4567 14
      vertex 107 -62.8038 0
      vertex 106.296 -62.4567 0
    endloop
  endfacet
  facet normal 0.896961 -0.44211 0
    outer loop
      vertex 109.196 -135 14
      vertex 109.543 -134.296 0
      vertex 109.543 -134.296 14
    endloop
  endfacet
  facet normal 0.896961 -0.44211 0
    outer loop
      vertex 109.543 -134.296 0
      vertex 109.196 -135 14
      vertex 109.196 -135 0
    endloop
  endfacet
  facet normal 0 1 -0
    outer loop
      vertex 104 -62 0
      vertex 6 -62 14
      vertex 104 -62 14
    endloop
  endfacet
  facet normal 0 1 0
    outer loop
      vertex 6 -62 14
      vertex 104 -62 0
      vertex 6 -62 0
    endloop
  endfacet
  facet normal 0.0649964 -0.997886 0
    outer loop
      vertex 104 -138 0
      vertex 104.783 -137.949 14
      vertex 104 -138 14
    endloop
  endfacet
  facet normal 0.0649964 -0.997886 0
    outer loop
      vertex 104.783 -137.949 14
      vertex 104 -138 0
      vertex 104.783 -137.949 0
    endloop
  endfacet
  facet normal 0.194891 -0.980825 0
    outer loop
      vertex 104.783 -137.949 0
      vertex 105.553 -137.796 14
      vertex 104.783 -137.949 14
    endloop
  endfacet
  facet normal 0.194891 -0.980825 0
    outer loop
      vertex 105.553 -137.796 14
      vertex 104.783 -137.949 0
      vertex 105.553 -137.796 0
    endloop
  endfacet
  facet normal 0.752103 0.659046 0
    outer loop
      vertex 108.76 -64.3474 14
      vertex 108.243 -63.7574 0
      vertex 108.243 -63.7574 14
    endloop
  endfacet
  facet normal 0.752103 0.659046 0
    outer loop
      vertex 108.243 -63.7574 0
      vertex 108.76 -64.3474 14
      vertex 108.76 -64.3474 0
    endloop
  endfacet
  facet normal 0.980825 -0.194891 0
    outer loop
      vertex 109.796 -133.553 14
      vertex 109.949 -132.783 0
      vertex 109.949 -132.783 14
    endloop
  endfacet
  facet normal 0.980825 -0.194891 0
    outer loop
      vertex 109.949 -132.783 0
      vertex 109.796 -133.553 14
      vertex 109.796 -133.553 0
    endloop
  endfacet
  facet normal -0.659362 0.751826 0
    outer loop
      vertex 2.34743 -63.2399 0
      vertex 1.75736 -63.7574 14
      vertex 2.34743 -63.2399 14
    endloop
  endfacet
  facet normal -0.659362 0.751826 0
    outer loop
      vertex 1.75736 -63.7574 14
      vertex 2.34743 -63.2399 0
      vertex 1.75736 -63.7574 0
    endloop
  endfacet
  facet normal -0.980782 0.195105 0
    outer loop
      vertex 0.0513315 -67.2168 0
      vertex 0.204446 -66.4471 14
      vertex 0.204446 -66.4471 0
    endloop
  endfacet
  facet normal -0.980782 0.195105 0
    outer loop
      vertex 0.204446 -66.4471 14
      vertex 0.0513315 -67.2168 0
      vertex 0.0513315 -67.2168 14
    endloop
  endfacet
  facet normal -0.321463 0.946922 0
    outer loop
      vertex 4.44709 -62.2044 0
      vertex 3.7039 -62.4567 14
      vertex 4.44709 -62.2044 14
    endloop
  endfacet
  facet normal -0.321463 0.946922 0
    outer loop
      vertex 3.7039 -62.4567 14
      vertex 4.44709 -62.2044 0
      vertex 3.7039 -62.4567 0
    endloop
  endfacet
  facet normal 0.896936 0.44216 0
    outer loop
      vertex 109.543 -65.7039 14
      vertex 109.196 -65 0
      vertex 109.196 -65 14
    endloop
  endfacet
  facet normal 0.896936 0.44216 0
    outer loop
      vertex 109.196 -65 0
      vertex 109.543 -65.7039 14
      vertex 109.543 -65.7039 0
    endloop
  endfacet
  facet normal -0.555629 0.83143 0
    outer loop
      vertex 3 -62.8038 0
      vertex 2.34743 -63.2399 14
      vertex 3 -62.8038 14
    endloop
  endfacet
  facet normal -0.555629 0.83143 0
    outer loop
      vertex 2.34743 -63.2399 14
      vertex 3 -62.8038 0
      vertex 2.34743 -63.2399 0
    endloop
  endfacet
  facet normal -0.194952 -0.980813 0
    outer loop
      vertex 4.44709 -137.796 0
      vertex 5.21684 -137.949 14
      vertex 4.44709 -137.796 14
    endloop
  endfacet
  facet normal -0.194952 -0.980813 -0
    outer loop
      vertex 5.21684 -137.949 14
      vertex 4.44709 -137.796 0
      vertex 5.21684 -137.949 0
    endloop
  endfacet
  facet normal -0.896898 -0.442238 0
    outer loop
      vertex 0.803848 -135 0
      vertex 0.456723 -134.296 14
      vertex 0.456723 -134.296 0
    endloop
  endfacet
  facet normal -0.896898 -0.442238 0
    outer loop
      vertex 0.456723 -134.296 14
      vertex 0.803848 -135 0
      vertex 0.803848 -135 14
    endloop
  endfacet
  facet normal -0.0653638 0.997862 0
    outer loop
      vertex 6 -62 0
      vertex 5.21684 -62.0513 14
      vertex 6 -62 14
    endloop
  endfacet
  facet normal -0.0653638 0.997862 0
    outer loop
      vertex 5.21684 -62.0513 14
      vertex 6 -62 0
      vertex 5.21684 -62.0513 0
    endloop
  endfacet
  facet normal 0.831658 -0.555288 0
    outer loop
      vertex 108.76 -135.653 14
      vertex 109.196 -135 0
      vertex 109.196 -135 14
    endloop
  endfacet
  facet normal 0.831658 -0.555288 0
    outer loop
      vertex 109.196 -135 0
      vertex 108.76 -135.653 14
      vertex 108.76 -135.653 0
    endloop
  endfacet
  facet normal -0.896873 0.442289 0
    outer loop
      vertex 0.456723 -65.7039 0
      vertex 0.803848 -65 14
      vertex 0.803848 -65 0
    endloop
  endfacet
  facet normal -0.896873 0.442289 0
    outer loop
      vertex 0.803848 -65 14
      vertex 0.456723 -65.7039 0
      vertex 0.456723 -65.7039 14
    endloop
  endfacet
  facet normal -0.555541 -0.831489 0
    outer loop
      vertex 2.34743 -136.76 0
      vertex 3 -137.196 14
      vertex 2.34743 -136.76 14
    endloop
  endfacet
  facet normal -0.555541 -0.831489 -0
    outer loop
      vertex 3 -137.196 14
      vertex 2.34743 -136.76 0
      vertex 3 -137.196 0
    endloop
  endfacet
  facet normal -0.0649832 -0.997886 0
    outer loop
      vertex 5.21684 -137.949 0
      vertex 6 -138 14
      vertex 5.21684 -137.949 14
    endloop
  endfacet
  facet normal -0.0649832 -0.997886 -0
    outer loop
      vertex 6 -138 14
      vertex 5.21684 -137.949 0
      vertex 6 -138 0
    endloop
  endfacet
  facet normal 0.946652 0.322259 0
    outer loop
      vertex 109.796 -66.4471 14
      vertex 109.543 -65.7039 0
      vertex 109.543 -65.7039 14
    endloop
  endfacet
  facet normal 0.946652 0.322259 0
    outer loop
      vertex 109.543 -65.7039 0
      vertex 109.796 -66.4471 14
      vertex 109.796 -66.4471 0
    endloop
  endfacet
  facet normal 0 0 -1
    outer loop
      vertex 104 -138 0
      vertex 110 -132 0
      vertex 109.949 -132.783 0
    endloop
  endfacet
  facet normal 0 0 -1
    outer loop
      vertex 104 -138 0
      vertex 109.949 -132.783 0
      vertex 109.796 -133.553 0
    endloop
  endfacet
  facet normal 0 0 -1
    outer loop
      vertex 104 -138 0
      vertex 109.796 -133.553 0
      vertex 109.543 -134.296 0
    endloop
  endfacet
  facet normal 0 0 -1
    outer loop
      vertex 104 -138 0
      vertex 109.543 -134.296 0
      vertex 109.196 -135 0
    endloop
  endfacet
  facet normal 0 0 -1
    outer loop
      vertex 104 -138 0
      vertex 109.196 -135 0
      vertex 108.76 -135.653 0
    endloop
  endfacet
  facet normal 0 0 -1
    outer loop
      vertex 104 -138 0
      vertex 108.76 -135.653 0
      vertex 108.243 -136.243 0
    endloop
  endfacet
  facet normal 0 0 -1
    outer loop
      vertex 104 -138 0
      vertex 108.243 -136.243 0
      vertex 107.653 -136.76 0
    endloop
  endfacet
  facet normal 0 0 -1
    outer loop
      vertex 104 -138 0
      vertex 107.653 -136.76 0
      vertex 107 -137.196 0
    endloop
  endfacet
  facet normal 0 0 -1
    outer loop
      vertex 104 -138 0
      vertex 107 -137.196 0
      vertex 106.296 -137.543 0
    endloop
  endfacet
  facet normal 0 0 -1
    outer loop
      vertex 104 -138 0
      vertex 106.296 -137.543 0
      vertex 105.553 -137.796 0
    endloop
  endfacet
  facet normal 0 0 -1
    outer loop
      vertex 104 -138 0
      vertex 105.553 -137.796 0
      vertex 104.783 -137.949 0
    endloop
  endfacet
  facet normal -0 0 -1
    outer loop
      vertex 110 -132 0
      vertex 104 -138 0
      vertex 110 -106.5 0
    endloop
  endfacet
  facet normal 0 0 -1
    outer loop
      vertex 104 -138 0
      vertex 22.5 -106.5 0
      vertex 110 -106.5 0
    endloop
  endfacet
  facet normal 0 0 -1
    outer loop
      vertex 0 -132 0
      vertex 22.5 -106.5 0
      vertex 6 -138 0
    endloop
  endfacet
  facet normal 0 0 -1
    outer loop
      vertex 6 -138 0
      vertex 22.5 -106.5 0
      vertex 104 -138 0
    endloop
  endfacet
  facet normal 0 0 -1
    outer loop
      vertex 104 -62 0
      vertex 110 -68 0
      vertex 110 -93.5 0
    endloop
  endfacet
  facet normal 0 0 -1
    outer loop
      vertex 110 -68 0
      vertex 104 -62 0
      vertex 109.949 -67.2168 0
    endloop
  endfacet
  facet normal 0 0 -1
    outer loop
      vertex 109.949 -67.2168 0
      vertex 104 -62 0
      vertex 109.796 -66.4471 0
    endloop
  endfacet
  facet normal 0 0 -1
    outer loop
      vertex 109.796 -66.4471 0
      vertex 104 -62 0
      vertex 109.543 -65.7039 0
    endloop
  endfacet
  facet normal 0 0 -1
    outer loop
      vertex 109.543 -65.7039 0
      vertex 104 -62 0
      vertex 109.196 -65 0
    endloop
  endfacet
  facet normal 0 0 -1
    outer loop
      vertex 109.196 -65 0
      vertex 104 -62 0
      vertex 108.76 -64.3474 0
    endloop
  endfacet
  facet normal 0 0 -1
    outer loop
      vertex 108.76 -64.3474 0
      vertex 104 -62 0
      vertex 108.243 -63.7574 0
    endloop
  endfacet
  facet normal 0 0 -1
    outer loop
      vertex 108.243 -63.7574 0
      vertex 104 -62 0
      vertex 107.653 -63.2399 0
    endloop
  endfacet
  facet normal 0 0 -1
    outer loop
      vertex 107.653 -63.2399 0
      vertex 104 -62 0
      vertex 107 -62.8038 0
    endloop
  endfacet
  facet normal 0 0 -1
    outer loop
      vertex 107 -62.8038 0
      vertex 104 -62 0
      vertex 106.296 -62.4567 0
    endloop
  endfacet
  facet normal 0 0 -1
    outer loop
      vertex 106.296 -62.4567 0
      vertex 104 -62 0
      vertex 105.553 -62.2044 0
    endloop
  endfacet
  facet normal 0 0 -1
    outer loop
      vertex 105.553 -62.2044 0
      vertex 104 -62 0
      vertex 104.783 -62.0513 0
    endloop
  endfacet
  facet normal 0 0 -1
    outer loop
      vertex 22.5 -93.5 0
      vertex 104 -62 0
      vertex 110 -93.5 0
    endloop
  endfacet
  facet normal 0 0 -1
    outer loop
      vertex 22.5 -93.5 0
      vertex 6 -62 0
      vertex 104 -62 0
    endloop
  endfacet
  facet normal -0 0 -1
    outer loop
      vertex 22.5 -106.5 0
      vertex 0 -132 0
      vertex 22.5 -93.5 0
    endloop
  endfacet
  facet normal 0 0 -1
    outer loop
      vertex 0 -132 0
      vertex 6 -138 0
      vertex 5.21684 -137.949 0
    endloop
  endfacet
  facet normal 0 0 -1
    outer loop
      vertex 0 -68 0
      vertex 22.5 -93.5 0
      vertex 0 -132 0
    endloop
  endfacet
  facet normal 0 0 -1
    outer loop
      vertex 0 -132 0
      vertex 5.21684 -137.949 0
      vertex 4.44709 -137.796 0
    endloop
  endfacet
  facet normal 0 0 -1
    outer loop
      vertex 22.5 -93.5 0
      vertex 0 -68 0
      vertex 6 -62 0
    endloop
  endfacet
  facet normal 0 0 -1
    outer loop
      vertex 0 -132 0
      vertex 4.44709 -137.796 0
      vertex 3.7039 -137.543 0
    endloop
  endfacet
  facet normal 0 0 -1
    outer loop
      vertex 6 -62 0
      vertex 0 -68 0
      vertex 5.21684 -62.0513 0
    endloop
  endfacet
  facet normal 0 0 -1
    outer loop
      vertex 0 -132 0
      vertex 3.7039 -137.543 0
      vertex 3 -137.196 0
    endloop
  endfacet
  facet normal 0 0 -1
    outer loop
      vertex 5.21684 -62.0513 0
      vertex 0 -68 0
      vertex 4.44709 -62.2044 0
    endloop
  endfacet
  facet normal 0 0 -1
    outer loop
      vertex 0 -132 0
      vertex 3 -137.196 0
      vertex 2.34743 -136.76 0
    endloop
  endfacet
  facet normal 0 0 -1
    outer loop
      vertex 4.44709 -62.2044 0
      vertex 0 -68 0
      vertex 3.7039 -62.4567 0
    endloop
  endfacet
  facet normal 0 0 -1
    outer loop
      vertex 0 -132 0
      vertex 2.34743 -136.76 0
      vertex 1.75736 -136.243 0
    endloop
  endfacet
  facet normal 0 0 -1
    outer loop
      vertex 3.7039 -62.4567 0
      vertex 0 -68 0
      vertex 3 -62.8038 0
    endloop
  endfacet
  facet normal 0 0 -1
    outer loop
      vertex 0 -132 0
      vertex 1.75736 -136.243 0
      vertex 1.23988 -135.653 0
    endloop
  endfacet
  facet normal 0 0 -1
    outer loop
      vertex 3 -62.8038 0
      vertex 0 -68 0
      vertex 2.34743 -63.2399 0
    endloop
  endfacet
  facet normal 0 0 -1
    outer loop
      vertex 0 -132 0
      vertex 1.23988 -135.653 0
      vertex 0.803848 -135 0
    endloop
  endfacet
  facet normal 0 0 -1
    outer loop
      vertex 2.34743 -63.2399 0
      vertex 0 -68 0
      vertex 1.75736 -63.7574 0
    endloop
  endfacet
  facet normal 0 0 -1
    outer loop
      vertex 0 -132 0
      vertex 0.803848 -135 0
      vertex 0.456723 -134.296 0
    endloop
  endfacet
  facet normal 0 0 -1
    outer loop
      vertex 1.75736 -63.7574 0
      vertex 0 -68 0
      vertex 1.23988 -64.3474 0
    endloop
  endfacet
  facet normal 0 0 -1
    outer loop
      vertex 0 -132 0
      vertex 0.456723 -134.296 0
      vertex 0.204446 -133.553 0
    endloop
  endfacet
  facet normal 0 0 -1
    outer loop
      vertex 1.23988 -64.3474 0
      vertex 0 -68 0
      vertex 0.803848 -65 0
    endloop
  endfacet
  facet normal 0 0 -1
    outer loop
      vertex 0 -132 0
      vertex 0.204446 -133.553 0
      vertex 0.0513315 -132.783 0
    endloop
  endfacet
  facet normal 0 0 -1
    outer loop
      vertex 0.803848 -65 0
      vertex 0 -68 0
      vertex 0.456723 -65.7039 0
    endloop
  endfacet
  facet normal 0 0 -1
    outer loop
      vertex 0.456723 -65.7039 0
      vertex 0 -68 0
      vertex 0.204446 -66.4471 0
    endloop
  endfacet
  facet normal 0 0 -1
    outer loop
      vertex 0.204446 -66.4471 0
      vertex 0 -68 0
      vertex 0.0513315 -67.2168 0
    endloop
  endfacet
  facet normal -0.442263 0.896885 0
    outer loop
      vertex 3.7039 -62.4567 0
      vertex 3 -62.8038 14
      vertex 3.7039 -62.4567 14
    endloop
  endfacet
  facet normal -0.442263 0.896885 0
    outer loop
      vertex 3 -62.8038 14
      vertex 3.7039 -62.4567 0
      vertex 3 -62.8038 0
    endloop
  endfacet
  facet normal -0.44216 -0.896936 0
    outer loop
      vertex 3 -137.196 0
      vertex 3.7039 -137.543 14
      vertex 3 -137.196 14
    endloop
  endfacet
  facet normal -0.44216 -0.896936 -0
    outer loop
      vertex 3.7039 -137.543 14
      vertex 3 -137.196 0
      vertex 3.7039 -137.543 0
    endloop
  endfacet
  facet normal -0.195075 0.980788 0
    outer loop
      vertex 5.21684 -62.0513 0
      vertex 4.44709 -62.2044 14
      vertex 5.21684 -62.0513 14
    endloop
  endfacet
  facet normal -0.195075 0.980788 0
    outer loop
      vertex 4.44709 -62.2044 14
      vertex 5.21684 -62.0513 0
      vertex 4.44709 -62.2044 0
    endloop
  endfacet
  facet normal 0.195014 0.980801 -0
    outer loop
      vertex 105.553 -62.2044 0
      vertex 104.783 -62.0513 14
      vertex 105.553 -62.2044 14
    endloop
  endfacet
  facet normal 0.195014 0.980801 0
    outer loop
      vertex 104.783 -62.0513 14
      vertex 105.553 -62.2044 0
      vertex 104.783 -62.0513 0
    endloop
  endfacet
  facet normal -0.831639 -0.555316 0
    outer loop
      vertex 1.23988 -135.653 0
      vertex 0.803848 -135 14
      vertex 0.803848 -135 0
    endloop
  endfacet
  facet normal -0.831639 -0.555316 0
    outer loop
      vertex 0.803848 -135 14
      vertex 1.23988 -135.653 0
      vertex 1.23988 -135.653 14
    endloop
  endfacet
  facet normal 0 0 1
    outer loop
      vertex 104 -62 14
      vertex 110 -68 14
      vertex 109.949 -67.2168 14
    endloop
  endfacet
  facet normal 0 0 1
    outer loop
      vertex 104 -62 14
      vertex 109.949 -67.2168 14
      vertex 109.796 -66.4471 14
    endloop
  endfacet
  facet normal 0 0 1
    outer loop
      vertex 104 -62 14
      vertex 109.796 -66.4471 14
      vertex 109.543 -65.7039 14
    endloop
  endfacet
  facet normal 0 0 1
    outer loop
      vertex 104 -62 14
      vertex 109.543 -65.7039 14
      vertex 109.196 -65 14
    endloop
  endfacet
  facet normal 0 0 1
    outer loop
      vertex 104 -62 14
      vertex 109.196 -65 14
      vertex 108.76 -64.3474 14
    endloop
  endfacet
  facet normal 0 0 1
    outer loop
      vertex 104 -62 14
      vertex 108.76 -64.3474 14
      vertex 108.243 -63.7574 14
    endloop
  endfacet
  facet normal 0 0 1
    outer loop
      vertex 104 -62 14
      vertex 108.243 -63.7574 14
      vertex 107.653 -63.2399 14
    endloop
  endfacet
  facet normal 0 0 1
    outer loop
      vertex 104 -62 14
      vertex 107.653 -63.2399 14
      vertex 107 -62.8038 14
    endloop
  endfacet
  facet normal 0 0 1
    outer loop
      vertex 104 -62 14
      vertex 107 -62.8038 14
      vertex 106.296 -62.4567 14
    endloop
  endfacet
  facet normal 0 0 1
    outer loop
      vertex 104 -62 14
      vertex 106.296 -62.4567 14
      vertex 105.553 -62.2044 14
    endloop
  endfacet
  facet normal 0 0 1
    outer loop
      vertex 104 -62 14
      vertex 105.553 -62.2044 14
      vertex 104.783 -62.0513 14
    endloop
  endfacet
  facet normal 0 0 1
    outer loop
      vertex 110 -68 14
      vertex 104 -62 14
      vertex 110 -71 14
    endloop
  endfacet
  facet normal 0 0 1
    outer loop
      vertex 104 -62 14
      vertex 77.413 -71 14
      vertex 110 -71 14
    endloop
  endfacet
  facet normal 0 0 1
    outer loop
      vertex 104 -62 14
      vertex 77.391 -70.9385 14
      vertex 77.413 -71 14
    endloop
  endfacet
  facet normal 0 0 1
    outer loop
      vertex 104 -62 14
      vertex 77.0554 -70.2288 14
      vertex 77.391 -70.9385 14
    endloop
  endfacet
  facet normal 0 0 1
    outer loop
      vertex 104 -62 14
      vertex 76.6518 -69.5554 14
      vertex 77.0554 -70.2288 14
    endloop
  endfacet
  facet normal 0 0 1
    outer loop
      vertex 104 -62 14
      vertex 76.1841 -68.9249 14
      vertex 76.6518 -69.5554 14
    endloop
  endfacet
  facet normal 0 0 1
    outer loop
      vertex 104 -62 14
      vertex 75.6569 -68.3431 14
      vertex 76.1841 -68.9249 14
    endloop
  endfacet
  facet normal 0 0 1
    outer loop
      vertex 104 -62 14
      vertex 75.0751 -67.8159 14
      vertex 75.6569 -68.3431 14
    endloop
  endfacet
  facet normal 0 0 1
    outer loop
      vertex 104 -62 14
      vertex 74.4446 -67.3482 14
      vertex 75.0751 -67.8159 14
    endloop
  endfacet
  facet normal 0 0 1
    outer loop
      vertex 104 -62 14
      vertex 73.7712 -66.9446 14
      vertex 74.4446 -67.3482 14
    endloop
  endfacet
  facet normal 0 0 1
    outer loop
      vertex 104 -62 14
      vertex 73.0615 -66.609 14
      vertex 73.7712 -66.9446 14
    endloop
  endfacet
  facet normal 0 0 1
    outer loop
      vertex 104 -62 14
      vertex 72.3223 -66.3445 14
      vertex 73.0615 -66.609 14
    endloop
  endfacet
  facet normal 0 0 1
    outer loop
      vertex 104 -62 14
      vertex 71.5607 -66.1537 14
      vertex 72.3223 -66.3445 14
    endloop
  endfacet
  facet normal 0 0 1
    outer loop
      vertex 104 -62 14
      vertex 70.7841 -66.0385 14
      vertex 71.5607 -66.1537 14
    endloop
  endfacet
  facet normal 0 0 1
    outer loop
      vertex 104 -62 14
      vertex 70 -66 14
      vertex 70.7841 -66.0385 14
    endloop
  endfacet
  facet normal -0 0 1
    outer loop
      vertex 6 -62 14
      vertex 70 -66 14
      vertex 104 -62 14
    endloop
  endfacet
  facet normal 0 0 1
    outer loop
      vertex 10.609 -70.9385 14
      vertex 10 -71 14
      vertex 10.587 -71 14
    endloop
  endfacet
  facet normal 0 0 1
    outer loop
      vertex 10.9446 -70.2288 14
      vertex 10 -71 14
      vertex 10.609 -70.9385 14
    endloop
  endfacet
  facet normal 0 0 1
    outer loop
      vertex 11.3482 -69.5554 14
      vertex 10 -71 14
      vertex 10.9446 -70.2288 14
    endloop
  endfacet
  facet normal 0 0 1
    outer loop
      vertex 6 -62 14
      vertex 11.3482 -69.5554 14
      vertex 11.8159 -68.9249 14
    endloop
  endfacet
  facet normal -0 0 1
    outer loop
      vertex 5.21684 -62.0513 14
      vertex 10 -71 14
      vertex 6 -62 14
    endloop
  endfacet
  facet normal 0 0 1
    outer loop
      vertex 11.3482 -69.5554 14
      vertex 6 -62 14
      vertex 10 -71 14
    endloop
  endfacet
  facet normal 0 0 1
    outer loop
      vertex 12.3431 -68.3431 14
      vertex 6 -62 14
      vertex 11.8159 -68.9249 14
    endloop
  endfacet
  facet normal 0 0 1
    outer loop
      vertex 12.9249 -67.8159 14
      vertex 6 -62 14
      vertex 12.3431 -68.3431 14
    endloop
  endfacet
  facet normal 0 0 1
    outer loop
      vertex 13.5554 -67.3482 14
      vertex 6 -62 14
      vertex 12.9249 -67.8159 14
    endloop
  endfacet
  facet normal 0 0 1
    outer loop
      vertex 14.2288 -66.9446 14
      vertex 6 -62 14
      vertex 13.5554 -67.3482 14
    endloop
  endfacet
  facet normal 0 0 1
    outer loop
      vertex 14.9385 -66.609 14
      vertex 6 -62 14
      vertex 14.2288 -66.9446 14
    endloop
  endfacet
  facet normal 0 0 1
    outer loop
      vertex 15.6777 -66.3445 14
      vertex 6 -62 14
      vertex 14.9385 -66.609 14
    endloop
  endfacet
  facet normal 0 0 1
    outer loop
      vertex 16.4393 -66.1537 14
      vertex 6 -62 14
      vertex 15.6777 -66.3445 14
    endloop
  endfacet
  facet normal 0 0 1
    outer loop
      vertex 17.2159 -66.0385 14
      vertex 6 -62 14
      vertex 16.4393 -66.1537 14
    endloop
  endfacet
  facet normal 0 0 1
    outer loop
      vertex 18 -66 14
      vertex 6 -62 14
      vertex 17.2159 -66.0385 14
    endloop
  endfacet
  facet normal 0 0 1
    outer loop
      vertex 70 -66 14
      vertex 6 -62 14
      vertex 18 -66 14
    endloop
  endfacet
  facet normal 0 0 1
    outer loop
      vertex 104 -138 14
      vertex 110 -132 14
      vertex 110 -129 14
    endloop
  endfacet
  facet normal 0 0 1
    outer loop
      vertex 110 -132 14
      vertex 104 -138 14
      vertex 109.949 -132.783 14
    endloop
  endfacet
  facet normal 0 0 1
    outer loop
      vertex 109.949 -132.783 14
      vertex 104 -138 14
      vertex 109.796 -133.553 14
    endloop
  endfacet
  facet normal 0 0 1
    outer loop
      vertex 109.796 -133.553 14
      vertex 104 -138 14
      vertex 109.543 -134.296 14
    endloop
  endfacet
  facet normal 0 0 1
    outer loop
      vertex 109.543 -134.296 14
      vertex 104 -138 14
      vertex 109.196 -135 14
    endloop
  endfacet
  facet normal 0 0 1
    outer loop
      vertex 109.196 -135 14
      vertex 104 -138 14
      vertex 108.76 -135.653 14
    endloop
  endfacet
  facet normal 0 0 1
    outer loop
      vertex 108.76 -135.653 14
      vertex 104 -138 14
      vertex 108.243 -136.243 14
    endloop
  endfacet
  facet normal 0 0 1
    outer loop
      vertex 108.243 -136.243 14
      vertex 104 -138 14
      vertex 107.653 -136.76 14
    endloop
  endfacet
  facet normal 0 0 1
    outer loop
      vertex 107.653 -136.76 14
      vertex 104 -138 14
      vertex 107 -137.196 14
    endloop
  endfacet
  facet normal 0 0 1
    outer loop
      vertex 107 -137.196 14
      vertex 104 -138 14
      vertex 106.296 -137.543 14
    endloop
  endfacet
  facet normal 0 0 1
    outer loop
      vertex 106.296 -137.543 14
      vertex 104 -138 14
      vertex 105.553 -137.796 14
    endloop
  endfacet
  facet normal 0 0 1
    outer loop
      vertex 105.553 -137.796 14
      vertex 104 -138 14
      vertex 104.783 -137.949 14
    endloop
  endfacet
  facet normal -0 0 1
    outer loop
      vertex 77.413 -129 14
      vertex 104 -138 14
      vertex 110 -129 14
    endloop
  endfacet
  facet normal -0 0 1
    outer loop
      vertex 77.391 -129.061 14
      vertex 104 -138 14
      vertex 77.413 -129 14
    endloop
  endfacet
  facet normal -0 0 1
    outer loop
      vertex 77.0554 -129.771 14
      vertex 104 -138 14
      vertex 77.391 -129.061 14
    endloop
  endfacet
  facet normal -0 0 1
    outer loop
      vertex 76.6518 -130.445 14
      vertex 104 -138 14
      vertex 77.0554 -129.771 14
    endloop
  endfacet
  facet normal -0 0 1
    outer loop
      vertex 76.1841 -131.075 14
      vertex 104 -138 14
      vertex 76.6518 -130.445 14
    endloop
  endfacet
  facet normal -0 0 1
    outer loop
      vertex 75.6569 -131.657 14
      vertex 104 -138 14
      vertex 76.1841 -131.075 14
    endloop
  endfacet
  facet normal -0 0 1
    outer loop
      vertex 75.0751 -132.184 14
      vertex 104 -138 14
      vertex 75.6569 -131.657 14
    endloop
  endfacet
  facet normal -0 0 1
    outer loop
      vertex 74.4446 -132.652 14
      vertex 104 -138 14
      vertex 75.0751 -132.184 14
    endloop
  endfacet
  facet normal -0 0 1
    outer loop
      vertex 73.7712 -133.055 14
      vertex 104 -138 14
      vertex 74.4446 -132.652 14
    endloop
  endfacet
  facet normal -0 0 1
    outer loop
      vertex 73.0615 -133.391 14
      vertex 104 -138 14
      vertex 73.7712 -133.055 14
    endloop
  endfacet
  facet normal -0 0 1
    outer loop
      vertex 72.3223 -133.656 14
      vertex 104 -138 14
      vertex 73.0615 -133.391 14
    endloop
  endfacet
  facet normal -0 0 1
    outer loop
      vertex 71.5607 -133.846 14
      vertex 104 -138 14
      vertex 72.3223 -133.656 14
    endloop
  endfacet
  facet normal -0 0 1
    outer loop
      vertex 70.7841 -133.961 14
      vertex 104 -138 14
      vertex 71.5607 -133.846 14
    endloop
  endfacet
  facet normal -0 0 1
    outer loop
      vertex 70 -134 14
      vertex 104 -138 14
      vertex 70.7841 -133.961 14
    endloop
  endfacet
  facet normal 0 0 1
    outer loop
      vertex 6 -138 14
      vertex 70 -134 14
      vertex 18 -134 14
    endloop
  endfacet
  facet normal -0 0 1
    outer loop
      vertex 10 -129 14
      vertex 10.609 -129.061 14
      vertex 10.587 -129 14
    endloop
  endfacet
  facet normal 0 0 1
    outer loop
      vertex 10 -129 14
      vertex 10.9446 -129.771 14
      vertex 10.609 -129.061 14
    endloop
  endfacet
  facet normal 0 0 1
    outer loop
      vertex 10 -129 14
      vertex 11.3482 -130.445 14
      vertex 10.9446 -129.771 14
    endloop
  endfacet
  facet normal 0 0 1
    outer loop
      vertex 6 -138 14
      vertex 11.3482 -130.445 14
      vertex 10 -129 14
    endloop
  endfacet
  facet normal 0 0 1
    outer loop
      vertex 70 -134 14
      vertex 6 -138 14
      vertex 104 -138 14
    endloop
  endfacet
  facet normal 0 0 1
    outer loop
      vertex 17.2159 -133.961 14
      vertex 6 -138 14
      vertex 18 -134 14
    endloop
  endfacet
  facet normal 0 0 1
    outer loop
      vertex 16.4393 -133.846 14
      vertex 6 -138 14
      vertex 17.2159 -133.961 14
    endloop
  endfacet
  facet normal 0 0 1
    outer loop
      vertex 15.6777 -133.656 14
      vertex 6 -138 14
      vertex 16.4393 -133.846 14
    endloop
  endfacet
  facet normal 0 0 1
    outer loop
      vertex 14.9385 -133.391 14
      vertex 6 -138 14
      vertex 15.6777 -133.656 14
    endloop
  endfacet
  facet normal 0 0 1
    outer loop
      vertex 14.2288 -133.055 14
      vertex 6 -138 14
      vertex 14.9385 -133.391 14
    endloop
  endfacet
  facet normal 0 0 1
    outer loop
      vertex 13.5554 -132.652 14
      vertex 6 -138 14
      vertex 14.2288 -133.055 14
    endloop
  endfacet
  facet normal 0 0 1
    outer loop
      vertex 12.9249 -132.184 14
      vertex 6 -138 14
      vertex 13.5554 -132.652 14
    endloop
  endfacet
  facet normal 0 0 1
    outer loop
      vertex 12.3431 -131.657 14
      vertex 6 -138 14
      vertex 12.9249 -132.184 14
    endloop
  endfacet
  facet normal 0 0 1
    outer loop
      vertex 11.8159 -131.075 14
      vertex 6 -138 14
      vertex 12.3431 -131.657 14
    endloop
  endfacet
  facet normal 0 0 1
    outer loop
      vertex 11.3482 -130.445 14
      vertex 6 -138 14
      vertex 11.8159 -131.075 14
    endloop
  endfacet
  facet normal 0 0 1
    outer loop
      vertex 10 -71 14
      vertex 0 -68 14
      vertex 10 -129 14
    endloop
  endfacet
  facet normal -0 0 1
    outer loop
      vertex 4.44709 -62.2044 14
      vertex 10 -71 14
      vertex 5.21684 -62.0513 14
    endloop
  endfacet
  facet normal 0 0 1
    outer loop
      vertex 0 -132 14
      vertex 10 -129 14
      vertex 0 -68 14
    endloop
  endfacet
  facet normal -0 0 1
    outer loop
      vertex 3.7039 -62.4567 14
      vertex 10 -71 14
      vertex 4.44709 -62.2044 14
    endloop
  endfacet
  facet normal 0 -0 1
    outer loop
      vertex 0.0513315 -132.783 14
      vertex 10 -129 14
      vertex 0 -132 14
    endloop
  endfacet
  facet normal -0 0 1
    outer loop
      vertex 3 -62.8038 14
      vertex 10 -71 14
      vertex 3.7039 -62.4567 14
    endloop
  endfacet
  facet normal 0 0 1
    outer loop
      vertex 10 -129 14
      vertex 5.21684 -137.949 14
      vertex 6 -138 14
    endloop
  endfacet
  facet normal -0 0 1
    outer loop
      vertex 2.34743 -63.2399 14
      vertex 10 -71 14
      vertex 3 -62.8038 14
    endloop
  endfacet
  facet normal 0 0 1
    outer loop
      vertex 10 -129 14
      vertex 4.44709 -137.796 14
      vertex 5.21684 -137.949 14
    endloop
  endfacet
  facet normal -0 0 1
    outer loop
      vertex 1.75736 -63.7574 14
      vertex 10 -71 14
      vertex 2.34743 -63.2399 14
    endloop
  endfacet
  facet normal 0 0 1
    outer loop
      vertex 10 -129 14
      vertex 3.7039 -137.543 14
      vertex 4.44709 -137.796 14
    endloop
  endfacet
  facet normal -0 0 1
    outer loop
      vertex 1.23988 -64.3474 14
      vertex 10 -71 14
      vertex 1.75736 -63.7574 14
    endloop
  endfacet
  facet normal 0 0 1
    outer loop
      vertex 10 -129 14
      vertex 3 -137.196 14
      vertex 3.7039 -137.543 14
    endloop
  endfacet
  facet normal -0 0 1
    outer loop
      vertex 0.803848 -65 14
      vertex 10 -71 14
      vertex 1.23988 -64.3474 14
    endloop
  endfacet
  facet normal 0 0 1
    outer loop
      vertex 10 -129 14
      vertex 2.34743 -136.76 14
      vertex 3 -137.196 14
    endloop
  endfacet
  facet normal -0 0 1
    outer loop
      vertex 0.456723 -65.7039 14
      vertex 10 -71 14
      vertex 0.803848 -65 14
    endloop
  endfacet
  facet normal 0 0 1
    outer loop
      vertex 10 -129 14
      vertex 1.75736 -136.243 14
      vertex 2.34743 -136.76 14
    endloop
  endfacet
  facet normal -0 0 1
    outer loop
      vertex 0.204446 -66.4471 14
      vertex 10 -71 14
      vertex 0.456723 -65.7039 14
    endloop
  endfacet
  facet normal 0 0 1
    outer loop
      vertex 10 -129 14
      vertex 1.23988 -135.653 14
      vertex 1.75736 -136.243 14
    endloop
  endfacet
  facet normal -0 0 1
    outer loop
      vertex 0.0513315 -67.2168 14
      vertex 10 -71 14
      vertex 0.204446 -66.4471 14
    endloop
  endfacet
  facet normal 0 0 1
    outer loop
      vertex 10 -129 14
      vertex 0.803848 -135 14
      vertex 1.23988 -135.653 14
    endloop
  endfacet
  facet normal 0 0 1
    outer loop
      vertex 10 -71 14
      vertex 0.0513315 -67.2168 14
      vertex 0 -68 14
    endloop
  endfacet
  facet normal 0 0 1
    outer loop
      vertex 10 -129 14
      vertex 0.456723 -134.296 14
      vertex 0.803848 -135 14
    endloop
  endfacet
  facet normal 0 0 1
    outer loop
      vertex 10 -129 14
      vertex 0.204446 -133.553 14
      vertex 0.456723 -134.296 14
    endloop
  endfacet
  facet normal 0 0 1
    outer loop
      vertex 10 -129 14
      vertex 0.0513315 -132.783 14
      vertex 0.204446 -133.553 14
    endloop
  endfacet
  facet normal -0.970023 0.243015 0
    outer loop
      vertex 10.1537 -72.4393 15
      vertex 10.3445 -71.6777 157.9
      vertex 10.3445 -71.6777 15
    endloop
  endfacet
  facet normal -0.970023 0.243015 0
    outer loop
      vertex 10.3445 -71.6777 157.9
      vertex 10.1537 -72.4393 15
      vertex 10.1537 -72.4393 157.9
    endloop
  endfacet
  facet normal -0.741023 0.67148 0
    outer loop
      vertex 11.8159 -68.9249 14
      vertex 12.3431 -68.3431 157.9
      vertex 12.3431 -68.3431 14
    endloop
  endfacet
  facet normal -0.741023 0.67148 0
    outer loop
      vertex 12.3431 -68.3431 157.9
      vertex 11.8159 -68.9249 14
      vertex 11.8159 -68.9249 157.9
    endloop
  endfacet
  facet normal -0.90402 0.427489 0
    outer loop
      vertex 10.609 -70.9385 14
      vertex 10.9446 -70.2288 157.9
      vertex 10.9446 -70.2288 14
    endloop
  endfacet
  facet normal -0.90402 0.427489 0
    outer loop
      vertex 10.9446 -70.2288 157.9
      vertex 10.609 -70.9385 14
      vertex 10.609 -70.9385 157.9
    endloop
  endfacet
  facet normal -0.803153 0.595773 0
    outer loop
      vertex 11.3482 -69.5554 14
      vertex 11.8159 -68.9249 157.9
      vertex 11.8159 -68.9249 14
    endloop
  endfacet
  facet normal -0.803153 0.595773 0
    outer loop
      vertex 11.8159 -68.9249 157.9
      vertex 11.3482 -69.5554 14
      vertex 11.3482 -69.5554 157.9
    endloop
  endfacet
  facet normal 0.67134 -0.741149 0
    outer loop
      vertex 75.0751 -132.184 14
      vertex 75.6569 -131.657 157.9
      vertex 75.0751 -132.184 157.9
    endloop
  endfacet
  facet normal 0.67134 -0.741149 0
    outer loop
      vertex 75.6569 -131.657 157.9
      vertex 75.0751 -132.184 14
      vertex 75.6569 -131.657 14
    endloop
  endfacet
  facet normal -0.940691 -0.339265 0
    outer loop
      vertex 10.587 -129 14
      vertex 10.609 -129.061 14
      vertex 10.587 -129 15
    endloop
  endfacet
  facet normal -0.941585 -0.336776 0
    outer loop
      vertex 10.587 -129 15
      vertex 10.3445 -128.322 157.9
      vertex 10.3445 -128.322 15
    endloop
  endfacet
  facet normal -0.940691 -0.339265 -0
    outer loop
      vertex 10.609 -129.061 157.9
      vertex 10.587 -129 15
      vertex 10.609 -129.061 14
    endloop
  endfacet
  facet normal -0.941511 -0.336982 1.10107e-06
    outer loop
      vertex 10.587 -129 15
      vertex 10.609 -129.061 157.9
      vertex 10.3445 -128.322 157.9
    endloop
  endfacet
  facet normal -0.969977 -0.243195 0
    outer loop
      vertex 10.3445 -128.322 15
      vertex 10.1537 -127.561 157.9
      vertex 10.1537 -127.561 15
    endloop
  endfacet
  facet normal -0.969977 -0.243195 0
    outer loop
      vertex 10.1537 -127.561 157.9
      vertex 10.3445 -128.322 15
      vertex 10.3445 -128.322 157.9
    endloop
  endfacet
  facet normal -0.998797 0.0490418 0
    outer loop
      vertex 10 -74 15
      vertex 10.0385 -73.2159 157.9
      vertex 10.0385 -73.2159 15
    endloop
  endfacet
  facet normal -0.998797 0.0490418 0
    outer loop
      vertex 10.0385 -73.2159 157.9
      vertex 10 -74 15
      vertex 10 -74 157.9
    endloop
  endfacet
  facet normal 0.146733 0.989176 -0
    outer loop
      vertex 71.5607 -66.1537 14
      vertex 70.7841 -66.0385 157.9
      vertex 71.5607 -66.1537 157.9
    endloop
  endfacet
  facet normal 0.146733 0.989176 0
    outer loop
      vertex 70.7841 -66.0385 157.9
      vertex 71.5607 -66.1537 14
      vertex 70.7841 -66.0385 14
    endloop
  endfacet
  facet normal -0.941569 0.336821 0
    outer loop
      vertex 10.587 -71 15
      vertex 10.609 -70.9385 14
      vertex 10.587 -71 14
    endloop
  endfacet
  facet normal -0.941569 0.336821 0
    outer loop
      vertex 10.609 -70.9385 14
      vertex 10.587 -71 15
      vertex 10.609 -70.9385 157.9
    endloop
  endfacet
  facet normal -0.941537 0.336908 -4.22919e-08
    outer loop
      vertex 10.3445 -71.6777 15
      vertex 10.609 -70.9385 157.9
      vertex 10.587 -71 15
    endloop
  endfacet
  facet normal -0.94154 0.336901 0
    outer loop
      vertex 10.609 -70.9385 157.9
      vertex 10.3445 -71.6777 15
      vertex 10.3445 -71.6777 157.9
    endloop
  endfacet
  facet normal 0.85774 0.514084 0
    outer loop
      vertex 77.0554 -70.2288 157.9
      vertex 76.6518 -69.5554 14
      vertex 76.6518 -69.5554 157.9
    endloop
  endfacet
  facet normal 0.85774 0.514084 0
    outer loop
      vertex 76.6518 -69.5554 14
      vertex 77.0554 -70.2288 157.9
      vertex 77.0554 -70.2288 14
    endloop
  endfacet
  facet normal -0.998796 -0.049048 0
    outer loop
      vertex 10.0385 -126.784 15
      vertex 10 -126 157.9
      vertex 10 -126 15
    endloop
  endfacet
  facet normal -0.998796 -0.049048 0
    outer loop
      vertex 10 -126 157.9
      vertex 10.0385 -126.784 15
      vertex 10.0385 -126.784 157.9
    endloop
  endfacet
  facet normal 0.940691 -0.339265 0
    outer loop
      vertex 77.391 -129.061 157.9
      vertex 77.413 -129 14
      vertex 77.413 -129 157.9
    endloop
  endfacet
  facet normal 0.940691 -0.339265 0
    outer loop
      vertex 77.413 -129 14
      vertex 77.391 -129.061 157.9
      vertex 77.391 -129.061 14
    endloop
  endfacet
  facet normal 0.803153 0.595773 0
    outer loop
      vertex 76.6518 -69.5554 157.9
      vertex 76.1841 -68.9249 14
      vertex 76.1841 -68.9249 157.9
    endloop
  endfacet
  facet normal 0.803153 0.595773 0
    outer loop
      vertex 76.1841 -68.9249 14
      vertex 76.6518 -69.5554 157.9
      vertex 76.6518 -69.5554 14
    endloop
  endfacet
  facet normal 0.741023 0.67148 0
    outer loop
      vertex 76.1841 -68.9249 157.9
      vertex 75.6569 -68.3431 14
      vertex 75.6569 -68.3431 157.9
    endloop
  endfacet
  facet normal 0.741023 0.67148 0
    outer loop
      vertex 75.6569 -68.3431 14
      vertex 76.1841 -68.9249 157.9
      vertex 76.1841 -68.9249 14
    endloop
  endfacet
  facet normal 0.146484 -0.989213 0
    outer loop
      vertex 70.7841 -133.961 14
      vertex 71.5607 -133.846 157.9
      vertex 70.7841 -133.961 157.9
    endloop
  endfacet
  facet normal 0.146484 -0.989213 0
    outer loop
      vertex 71.5607 -133.846 157.9
      vertex 70.7841 -133.961 14
      vertex 71.5607 -133.846 14
    endloop
  endfacet
  facet normal 0.802927 -0.596078 0
    outer loop
      vertex 76.1841 -131.075 157.9
      vertex 76.6518 -130.445 14
      vertex 76.6518 -130.445 157.9
    endloop
  endfacet
  facet normal 0.802927 -0.596078 0
    outer loop
      vertex 76.6518 -130.445 14
      vertex 76.1841 -131.075 157.9
      vertex 76.1841 -131.075 14
    endloop
  endfacet
  facet normal -0.0496771 -0.998765 0
    outer loop
      vertex 17.2159 -133.961 14
      vertex 18 -134 157.9
      vertex 17.2159 -133.961 157.9
    endloop
  endfacet
  facet normal -0.0496771 -0.998765 -0
    outer loop
      vertex 18 -134 157.9
      vertex 17.2159 -133.961 14
      vertex 18 -134 14
    endloop
  endfacet
  facet normal 0.67148 0.741023 -0
    outer loop
      vertex 75.6569 -68.3431 14
      vertex 75.0751 -67.8159 157.9
      vertex 75.6569 -68.3431 157.9
    endloop
  endfacet
  facet normal 0.67148 0.741023 0
    outer loop
      vertex 75.0751 -67.8159 157.9
      vertex 75.6569 -68.3431 14
      vertex 75.0751 -67.8159 14
    endloop
  endfacet
  facet normal -0.85774 0.514084 0
    outer loop
      vertex 10.9446 -70.2288 14
      vertex 11.3482 -69.5554 157.9
      vertex 11.3482 -69.5554 14
    endloop
  endfacet
  facet normal -0.85774 0.514084 0
    outer loop
      vertex 11.3482 -69.5554 157.9
      vertex 10.9446 -70.2288 14
      vertex 10.9446 -70.2288 157.9
    endloop
  endfacet
  facet normal 0.941569 0.336821 0
    outer loop
      vertex 77.413 -71 157.9
      vertex 77.391 -70.9385 14
      vertex 77.391 -70.9385 157.9
    endloop
  endfacet
  facet normal 0.941569 0.336821 0
    outer loop
      vertex 77.391 -70.9385 14
      vertex 77.413 -71 157.9
      vertex 77.413 -71 14
    endloop
  endfacet
  facet normal 0.90402 0.427489 0
    outer loop
      vertex 77.391 -70.9385 157.9
      vertex 77.0554 -70.2288 14
      vertex 77.0554 -70.2288 157.9
    endloop
  endfacet
  facet normal 0.90402 0.427489 0
    outer loop
      vertex 77.0554 -70.2288 14
      vertex 77.391 -70.9385 157.9
      vertex 77.391 -70.9385 14
    endloop
  endfacet
  facet normal 0.0496771 -0.998765 0
    outer loop
      vertex 70 -134 14
      vertex 70.7841 -133.961 157.9
      vertex 70 -134 157.9
    endloop
  endfacet
  facet normal 0.0496771 -0.998765 0
    outer loop
      vertex 70.7841 -133.961 157.9
      vertex 70 -134 14
      vertex 70.7841 -133.961 14
    endloop
  endfacet
  facet normal -0.802927 -0.596078 0
    outer loop
      vertex 11.8159 -131.075 14
      vertex 11.3482 -130.445 157.9
      vertex 11.3482 -130.445 14
    endloop
  endfacet
  facet normal -0.802927 -0.596078 0
    outer loop
      vertex 11.3482 -130.445 157.9
      vertex 11.8159 -131.075 14
      vertex 11.8159 -131.075 157.9
    endloop
  endfacet
  facet normal -0.90409 -0.427342 0
    outer loop
      vertex 10.9446 -129.771 14
      vertex 10.609 -129.061 157.9
      vertex 10.609 -129.061 14
    endloop
  endfacet
  facet normal -0.90409 -0.427342 0
    outer loop
      vertex 10.609 -129.061 157.9
      vertex 10.9446 -129.771 14
      vertex 10.9446 -129.771 157.9
    endloop
  endfacet
  facet normal 0.337466 -0.941338 0
    outer loop
      vertex 72.3223 -133.656 14
      vertex 73.0615 -133.391 157.9
      vertex 72.3223 -133.656 157.9
    endloop
  endfacet
  facet normal 0.337466 -0.941338 0
    outer loop
      vertex 73.0615 -133.391 157.9
      vertex 72.3223 -133.656 14
      vertex 73.0615 -133.391 14
    endloop
  endfacet
  facet normal -0.513521 -0.858077 0
    outer loop
      vertex 13.5554 -132.652 14
      vertex 14.2288 -133.055 157.9
      vertex 13.5554 -132.652 157.9
    endloop
  endfacet
  facet normal -0.513521 -0.858077 -0
    outer loop
      vertex 14.2288 -133.055 157.9
      vertex 13.5554 -132.652 14
      vertex 14.2288 -133.055 14
    endloop
  endfacet
  facet normal -0.146484 -0.989213 0
    outer loop
      vertex 16.4393 -133.846 14
      vertex 17.2159 -133.961 157.9
      vertex 16.4393 -133.846 157.9
    endloop
  endfacet
  facet normal -0.146484 -0.989213 -0
    outer loop
      vertex 17.2159 -133.961 157.9
      vertex 16.4393 -133.846 14
      vertex 17.2159 -133.961 14
    endloop
  endfacet
  facet normal 0.514084 0.85774 -0
    outer loop
      vertex 74.4446 -67.3482 14
      vertex 73.7712 -66.9446 157.9
      vertex 74.4446 -67.3482 157.9
    endloop
  endfacet
  facet normal 0.514084 0.85774 0
    outer loop
      vertex 73.7712 -66.9446 157.9
      vertex 74.4446 -67.3482 14
      vertex 73.7712 -66.9446 14
    endloop
  endfacet
  facet normal -0.596019 -0.80297 0
    outer loop
      vertex 12.9249 -132.184 14
      vertex 13.5554 -132.652 157.9
      vertex 12.9249 -132.184 157.9
    endloop
  endfacet
  facet normal -0.596019 -0.80297 -0
    outer loop
      vertex 13.5554 -132.652 157.9
      vertex 12.9249 -132.184 14
      vertex 13.5554 -132.652 14
    endloop
  endfacet
  facet normal 0.336901 0.94154 -0
    outer loop
      vertex 73.0615 -66.609 14
      vertex 72.3223 -66.3445 157.9
      vertex 73.0615 -66.609 157.9
    endloop
  endfacet
  facet normal 0.336901 0.94154 0
    outer loop
      vertex 72.3223 -66.3445 157.9
      vertex 73.0615 -66.609 14
      vertex 72.3223 -66.3445 14
    endloop
  endfacet
  facet normal -0.242056 -0.970262 0
    outer loop
      vertex 15.6777 -133.656 14
      vertex 16.4393 -133.846 157.9
      vertex 15.6777 -133.656 157.9
    endloop
  endfacet
  facet normal -0.242056 -0.970262 -0
    outer loop
      vertex 16.4393 -133.846 157.9
      vertex 15.6777 -133.656 14
      vertex 16.4393 -133.846 14
    endloop
  endfacet
  facet normal -0.989187 -0.146659 0
    outer loop
      vertex 10.1537 -127.561 15
      vertex 10.0385 -126.784 157.9
      vertex 10.0385 -126.784 15
    endloop
  endfacet
  facet normal -0.989187 -0.146659 0
    outer loop
      vertex 10.0385 -126.784 157.9
      vertex 10.1537 -127.561 15
      vertex 10.1537 -127.561 157.9
    endloop
  endfacet
  facet normal -0.0490418 0.998797 0
    outer loop
      vertex 18 -66 14
      vertex 17.2159 -66.0385 157.9
      vertex 18 -66 157.9
    endloop
  endfacet
  facet normal -0.0490418 0.998797 0
    outer loop
      vertex 17.2159 -66.0385 157.9
      vertex 18 -66 14
      vertex 17.2159 -66.0385 14
    endloop
  endfacet
  facet normal -0.337466 -0.941338 0
    outer loop
      vertex 14.9385 -133.391 14
      vertex 15.6777 -133.656 157.9
      vertex 14.9385 -133.391 157.9
    endloop
  endfacet
  facet normal -0.337466 -0.941338 -0
    outer loop
      vertex 15.6777 -133.656 157.9
      vertex 14.9385 -133.391 14
      vertex 15.6777 -133.656 14
    endloop
  endfacet
  facet normal 0.90409 -0.427342 0
    outer loop
      vertex 77.0554 -129.771 157.9
      vertex 77.391 -129.061 14
      vertex 77.391 -129.061 157.9
    endloop
  endfacet
  facet normal 0.90409 -0.427342 0
    outer loop
      vertex 77.391 -129.061 14
      vertex 77.0554 -129.771 157.9
      vertex 77.0554 -129.771 14
    endloop
  endfacet
  facet normal 0.857942 -0.513747 0
    outer loop
      vertex 76.6518 -130.445 157.9
      vertex 77.0554 -129.771 14
      vertex 77.0554 -129.771 157.9
    endloop
  endfacet
  facet normal 0.857942 -0.513747 0
    outer loop
      vertex 77.0554 -129.771 14
      vertex 76.6518 -130.445 157.9
      vertex 76.6518 -130.445 14
    endloop
  endfacet
  facet normal 0.427906 -0.903823 0
    outer loop
      vertex 73.0615 -133.391 14
      vertex 73.7712 -133.055 157.9
      vertex 73.0615 -133.391 157.9
    endloop
  endfacet
  facet normal 0.427906 -0.903823 0
    outer loop
      vertex 73.7712 -133.055 157.9
      vertex 73.0615 -133.391 14
      vertex 73.7712 -133.055 14
    endloop
  endfacet
  facet normal -0.336901 0.94154 0
    outer loop
      vertex 15.6777 -66.3445 14
      vertex 14.9385 -66.609 157.9
      vertex 15.6777 -66.3445 157.9
    endloop
  endfacet
  facet normal -0.336901 0.94154 0
    outer loop
      vertex 14.9385 -66.609 157.9
      vertex 15.6777 -66.3445 14
      vertex 14.9385 -66.609 14
    endloop
  endfacet
  facet normal -0.427489 0.90402 0
    outer loop
      vertex 14.9385 -66.609 14
      vertex 14.2288 -66.9446 157.9
      vertex 14.9385 -66.609 157.9
    endloop
  endfacet
  facet normal -0.427489 0.90402 0
    outer loop
      vertex 14.2288 -66.9446 157.9
      vertex 14.9385 -66.609 14
      vertex 14.2288 -66.9446 14
    endloop
  endfacet
  facet normal -0.67148 0.741023 0
    outer loop
      vertex 12.9249 -67.8159 14
      vertex 12.3431 -68.3431 157.9
      vertex 12.9249 -67.8159 157.9
    endloop
  endfacet
  facet normal -0.67148 0.741023 0
    outer loop
      vertex 12.3431 -68.3431 157.9
      vertex 12.9249 -67.8159 14
      vertex 12.3431 -68.3431 14
    endloop
  endfacet
  facet normal 0.243015 0.970023 -0
    outer loop
      vertex 72.3223 -66.3445 14
      vertex 71.5607 -66.1537 157.9
      vertex 72.3223 -66.3445 157.9
    endloop
  endfacet
  facet normal 0.243015 0.970023 0
    outer loop
      vertex 71.5607 -66.1537 157.9
      vertex 72.3223 -66.3445 14
      vertex 71.5607 -66.1537 14
    endloop
  endfacet
  facet normal 0.242056 -0.970262 0
    outer loop
      vertex 71.5607 -133.846 14
      vertex 72.3223 -133.656 157.9
      vertex 71.5607 -133.846 157.9
    endloop
  endfacet
  facet normal 0.242056 -0.970262 0
    outer loop
      vertex 72.3223 -133.656 157.9
      vertex 71.5607 -133.846 14
      vertex 72.3223 -133.656 14
    endloop
  endfacet
  facet normal 0.0490418 0.998797 -0
    outer loop
      vertex 70.7841 -66.0385 14
      vertex 70 -66 157.9
      vertex 70.7841 -66.0385 157.9
    endloop
  endfacet
  facet normal 0.0490418 0.998797 0
    outer loop
      vertex 70 -66 157.9
      vertex 70.7841 -66.0385 14
      vertex 70 -66 14
    endloop
  endfacet
  facet normal 0.741137 -0.671353 0
    outer loop
      vertex 75.6569 -131.657 157.9
      vertex 76.1841 -131.075 14
      vertex 76.1841 -131.075 157.9
    endloop
  endfacet
  facet normal 0.741137 -0.671353 0
    outer loop
      vertex 76.1841 -131.075 14
      vertex 75.6569 -131.657 157.9
      vertex 75.6569 -131.657 14
    endloop
  endfacet
  facet normal -0.741137 -0.671353 0
    outer loop
      vertex 12.3431 -131.657 14
      vertex 11.8159 -131.075 157.9
      vertex 11.8159 -131.075 14
    endloop
  endfacet
  facet normal -0.741137 -0.671353 0
    outer loop
      vertex 11.8159 -131.075 157.9
      vertex 12.3431 -131.657 14
      vertex 12.3431 -131.657 157.9
    endloop
  endfacet
  facet normal -0.67134 -0.741149 0
    outer loop
      vertex 12.3431 -131.657 14
      vertex 12.9249 -132.184 157.9
      vertex 12.3431 -131.657 157.9
    endloop
  endfacet
  facet normal -0.67134 -0.741149 -0
    outer loop
      vertex 12.9249 -132.184 157.9
      vertex 12.3431 -131.657 14
      vertex 12.9249 -132.184 14
    endloop
  endfacet
  facet normal 0.595773 0.803153 -0
    outer loop
      vertex 75.0751 -67.8159 14
      vertex 74.4446 -67.3482 157.9
      vertex 75.0751 -67.8159 157.9
    endloop
  endfacet
  facet normal 0.595773 0.803153 0
    outer loop
      vertex 74.4446 -67.3482 157.9
      vertex 75.0751 -67.8159 14
      vertex 74.4446 -67.3482 14
    endloop
  endfacet
  facet normal 0.596019 -0.80297 0
    outer loop
      vertex 74.4446 -132.652 14
      vertex 75.0751 -132.184 157.9
      vertex 74.4446 -132.652 157.9
    endloop
  endfacet
  facet normal 0.596019 -0.80297 0
    outer loop
      vertex 75.0751 -132.184 157.9
      vertex 74.4446 -132.652 14
      vertex 75.0751 -132.184 14
    endloop
  endfacet
  facet normal 0.513521 -0.858077 0
    outer loop
      vertex 73.7712 -133.055 14
      vertex 74.4446 -132.652 157.9
      vertex 73.7712 -133.055 157.9
    endloop
  endfacet
  facet normal 0.513521 -0.858077 0
    outer loop
      vertex 74.4446 -132.652 157.9
      vertex 73.7712 -133.055 14
      vertex 74.4446 -132.652 14
    endloop
  endfacet
  facet normal -0.243015 0.970023 0
    outer loop
      vertex 16.4393 -66.1537 14
      vertex 15.6777 -66.3445 157.9
      vertex 16.4393 -66.1537 157.9
    endloop
  endfacet
  facet normal -0.243015 0.970023 0
    outer loop
      vertex 15.6777 -66.3445 157.9
      vertex 16.4393 -66.1537 14
      vertex 15.6777 -66.3445 14
    endloop
  endfacet
  facet normal -0.427906 -0.903823 0
    outer loop
      vertex 14.2288 -133.055 14
      vertex 14.9385 -133.391 157.9
      vertex 14.2288 -133.055 157.9
    endloop
  endfacet
  facet normal -0.427906 -0.903823 -0
    outer loop
      vertex 14.9385 -133.391 157.9
      vertex 14.2288 -133.055 14
      vertex 14.9385 -133.391 14
    endloop
  endfacet
  facet normal -0.989176 0.146733 0
    outer loop
      vertex 10.0385 -73.2159 15
      vertex 10.1537 -72.4393 157.9
      vertex 10.1537 -72.4393 15
    endloop
  endfacet
  facet normal -0.989176 0.146733 0
    outer loop
      vertex 10.1537 -72.4393 157.9
      vertex 10.0385 -73.2159 15
      vertex 10.0385 -73.2159 157.9
    endloop
  endfacet
  facet normal -0.857942 -0.513747 0
    outer loop
      vertex 11.3482 -130.445 14
      vertex 10.9446 -129.771 157.9
      vertex 10.9446 -129.771 14
    endloop
  endfacet
  facet normal -0.857942 -0.513747 0
    outer loop
      vertex 10.9446 -129.771 157.9
      vertex 11.3482 -130.445 14
      vertex 11.3482 -130.445 157.9
    endloop
  endfacet
  facet normal -0.595773 0.803153 0
    outer loop
      vertex 13.5554 -67.3482 14
      vertex 12.9249 -67.8159 157.9
      vertex 13.5554 -67.3482 157.9
    endloop
  endfacet
  facet normal -0.595773 0.803153 0
    outer loop
      vertex 12.9249 -67.8159 157.9
      vertex 13.5554 -67.3482 14
      vertex 12.9249 -67.8159 14
    endloop
  endfacet
  facet normal -0.514084 0.85774 0
    outer loop
      vertex 14.2288 -66.9446 14
      vertex 13.5554 -67.3482 157.9
      vertex 14.2288 -66.9446 157.9
    endloop
  endfacet
  facet normal -0.514084 0.85774 0
    outer loop
      vertex 13.5554 -67.3482 157.9
      vertex 14.2288 -66.9446 14
      vertex 13.5554 -67.3482 14
    endloop
  endfacet
  facet normal 0.427489 0.90402 -0
    outer loop
      vertex 73.7712 -66.9446 14
      vertex 73.0615 -66.609 157.9
      vertex 73.7712 -66.9446 157.9
    endloop
  endfacet
  facet normal 0.427489 0.90402 0
    outer loop
      vertex 73.0615 -66.609 157.9
      vertex 73.7712 -66.9446 14
      vertex 73.0615 -66.609 14
    endloop
  endfacet
  facet normal -0.146733 0.989176 0
    outer loop
      vertex 17.2159 -66.0385 14
      vertex 16.4393 -66.1537 157.9
      vertex 17.2159 -66.0385 157.9
    endloop
  endfacet
  facet normal -0.146733 0.989176 0
    outer loop
      vertex 16.4393 -66.1537 157.9
      vertex 17.2159 -66.0385 14
      vertex 16.4393 -66.1537 14
    endloop
  endfacet
  facet normal 1 0 0
    outer loop
      vertex 80 -66 226
      vertex 80 -69.5 192
      vertex 80 -66 158
    endloop
  endfacet
  facet normal 1 0 0
    outer loop
      vertex 80 -66 226
      vertex 80 -69.6469 194.99
      vertex 80 -69.5 192
    endloop
  endfacet
  facet normal 1 0 0
    outer loop
      vertex 80 -66 226
      vertex 80 -70.0861 197.95
      vertex 80 -69.6469 194.99
    endloop
  endfacet
  facet normal 1 0 0
    outer loop
      vertex 80 -66 226
      vertex 80 -70.8133 200.854
      vertex 80 -70.0861 197.95
    endloop
  endfacet
  facet normal 1 0 0
    outer loop
      vertex 80 -66 226
      vertex 80 -71.8217 203.672
      vertex 80 -70.8133 200.854
    endloop
  endfacet
  facet normal 1 0 0
    outer loop
      vertex 80 -66 226
      vertex 80 -73.1014 206.378
      vertex 80 -71.8217 203.672
    endloop
  endfacet
  facet normal 1 0 0
    outer loop
      vertex 80 -66 226
      vertex 80 -74.6402 208.945
      vertex 80 -73.1014 206.378
    endloop
  endfacet
  facet normal 1 0 0
    outer loop
      vertex 80 -66 226
      vertex 80 -76.4232 211.349
      vertex 80 -74.6402 208.945
    endloop
  endfacet
  facet normal 1 0 0
    outer loop
      vertex 80 -66 226
      vertex 80 -78.4332 213.567
      vertex 80 -76.4232 211.349
    endloop
  endfacet
  facet normal 1 0 0
    outer loop
      vertex 80 -66 226
      vertex 80 -80.651 215.577
      vertex 80 -78.4332 213.567
    endloop
  endfacet
  facet normal 1 0 0
    outer loop
      vertex 80 -66 226
      vertex 80 -83.0551 217.36
      vertex 80 -80.651 215.577
    endloop
  endfacet
  facet normal 1 0 0
    outer loop
      vertex 80 -66 226
      vertex 80 -85.6224 218.899
      vertex 80 -83.0551 217.36
    endloop
  endfacet
  facet normal 1 0 0
    outer loop
      vertex 80 -66 226
      vertex 80 -88.3282 220.178
      vertex 80 -85.6224 218.899
    endloop
  endfacet
  facet normal 1 0 0
    outer loop
      vertex 80 -66 226
      vertex 80 -91.1463 221.187
      vertex 80 -88.3282 220.178
    endloop
  endfacet
  facet normal 1 0 0
    outer loop
      vertex 80 -66 226
      vertex 80 -94.0497 221.914
      vertex 80 -91.1463 221.187
    endloop
  endfacet
  facet normal 1 0 0
    outer loop
      vertex 80 -66 226
      vertex 80 -97.0105 222.353
      vertex 80 -94.0497 221.914
    endloop
  endfacet
  facet normal 1 0 0
    outer loop
      vertex 80 -66 226
      vertex 80 -100 222.5
      vertex 80 -97.0105 222.353
    endloop
  endfacet
  facet normal 1 -0 0
    outer loop
      vertex 80 -134 226
      vertex 80 -100 222.5
      vertex 80 -66 226
    endloop
  endfacet
  facet normal 1 0 0
    outer loop
      vertex 80 -130.353 194.99
      vertex 80 -134 226
      vertex 80 -130.5 192
    endloop
  endfacet
  facet normal 1 0 0
    outer loop
      vertex 80 -129.914 197.95
      vertex 80 -134 226
      vertex 80 -130.353 194.99
    endloop
  endfacet
  facet normal 1 0 0
    outer loop
      vertex 80 -129.187 200.854
      vertex 80 -134 226
      vertex 80 -129.914 197.95
    endloop
  endfacet
  facet normal 1 0 0
    outer loop
      vertex 80 -128.178 203.672
      vertex 80 -134 226
      vertex 80 -129.187 200.854
    endloop
  endfacet
  facet normal 1 0 0
    outer loop
      vertex 80 -126.899 206.378
      vertex 80 -134 226
      vertex 80 -128.178 203.672
    endloop
  endfacet
  facet normal 1 0 0
    outer loop
      vertex 80 -125.36 208.945
      vertex 80 -134 226
      vertex 80 -126.899 206.378
    endloop
  endfacet
  facet normal 1 0 0
    outer loop
      vertex 80 -123.577 211.349
      vertex 80 -134 226
      vertex 80 -125.36 208.945
    endloop
  endfacet
  facet normal 1 0 0
    outer loop
      vertex 80 -121.567 213.567
      vertex 80 -134 226
      vertex 80 -123.577 211.349
    endloop
  endfacet
  facet normal 1 0 0
    outer loop
      vertex 80 -119.349 215.577
      vertex 80 -134 226
      vertex 80 -121.567 213.567
    endloop
  endfacet
  facet normal 1 0 0
    outer loop
      vertex 80 -116.945 217.36
      vertex 80 -134 226
      vertex 80 -119.349 215.577
    endloop
  endfacet
  facet normal 1 0 0
    outer loop
      vertex 80 -114.378 218.899
      vertex 80 -134 226
      vertex 80 -116.945 217.36
    endloop
  endfacet
  facet normal 1 0 0
    outer loop
      vertex 80 -111.672 220.178
      vertex 80 -134 226
      vertex 80 -114.378 218.899
    endloop
  endfacet
  facet normal 1 0 0
    outer loop
      vertex 80 -108.854 221.187
      vertex 80 -134 226
      vertex 80 -111.672 220.178
    endloop
  endfacet
  facet normal 1 0 0
    outer loop
      vertex 80 -105.95 221.914
      vertex 80 -134 226
      vertex 80 -108.854 221.187
    endloop
  endfacet
  facet normal 1 0 0
    outer loop
      vertex 80 -102.99 222.353
      vertex 80 -134 226
      vertex 80 -105.95 221.914
    endloop
  endfacet
  facet normal 1 0 0
    outer loop
      vertex 80 -100 222.5
      vertex 80 -134 226
      vertex 80 -102.99 222.353
    endloop
  endfacet
  facet normal 1 -0 0
    outer loop
      vertex 80 -69.6469 189.01
      vertex 80 -66 158
      vertex 80 -69.5 192
    endloop
  endfacet
  facet normal 1 -0 0
    outer loop
      vertex 80 -70.0861 186.05
      vertex 80 -66 158
      vertex 80 -69.6469 189.01
    endloop
  endfacet
  facet normal 1 -0 0
    outer loop
      vertex 80 -70.8133 183.146
      vertex 80 -66 158
      vertex 80 -70.0861 186.05
    endloop
  endfacet
  facet normal 1 -0 0
    outer loop
      vertex 80 -71.8217 180.328
      vertex 80 -66 158
      vertex 80 -70.8133 183.146
    endloop
  endfacet
  facet normal 1 -0 0
    outer loop
      vertex 80 -73.1014 177.622
      vertex 80 -66 158
      vertex 80 -71.8217 180.328
    endloop
  endfacet
  facet normal 1 -0 0
    outer loop
      vertex 80 -74.6402 175.055
      vertex 80 -66 158
      vertex 80 -73.1014 177.622
    endloop
  endfacet
  facet normal 1 -0 0
    outer loop
      vertex 80 -76.4232 172.651
      vertex 80 -66 158
      vertex 80 -74.6402 175.055
    endloop
  endfacet
  facet normal 1 -0 0
    outer loop
      vertex 80 -78.4332 170.433
      vertex 80 -66 158
      vertex 80 -76.4232 172.651
    endloop
  endfacet
  facet normal 1 -0 0
    outer loop
      vertex 80 -80.651 168.423
      vertex 80 -66 158
      vertex 80 -78.4332 170.433
    endloop
  endfacet
  facet normal 1 -0 0
    outer loop
      vertex 80 -83.0551 166.64
      vertex 80 -66 158
      vertex 80 -80.651 168.423
    endloop
  endfacet
  facet normal 1 -0 0
    outer loop
      vertex 80 -85.6224 165.101
      vertex 80 -66 158
      vertex 80 -83.0551 166.64
    endloop
  endfacet
  facet normal 1 -0 0
    outer loop
      vertex 80 -88.3282 163.822
      vertex 80 -66 158
      vertex 80 -85.6224 165.101
    endloop
  endfacet
  facet normal 1 -0 0
    outer loop
      vertex 80 -91.1463 162.813
      vertex 80 -66 158
      vertex 80 -88.3282 163.822
    endloop
  endfacet
  facet normal 1 -0 0
    outer loop
      vertex 80 -94.0497 162.086
      vertex 80 -66 158
      vertex 80 -91.1463 162.813
    endloop
  endfacet
  facet normal 1 -0 0
    outer loop
      vertex 80 -97.0105 161.647
      vertex 80 -66 158
      vertex 80 -94.0497 162.086
    endloop
  endfacet
  facet normal 1 -0 0
    outer loop
      vertex 80 -100 161.5
      vertex 80 -66 158
      vertex 80 -97.0105 161.647
    endloop
  endfacet
  facet normal 1 0 0
    outer loop
      vertex 80 -134 158
      vertex 80 -100 161.5
      vertex 80 -102.99 161.647
    endloop
  endfacet
  facet normal 1 0 0
    outer loop
      vertex 80 -134 158
      vertex 80 -130.5 192
      vertex 80 -134 226
    endloop
  endfacet
  facet normal 1 0 0
    outer loop
      vertex 80 -100 161.5
      vertex 80 -134 158
      vertex 80 -66 158
    endloop
  endfacet
  facet normal 1 0 0
    outer loop
      vertex 80 -105.95 162.086
      vertex 80 -134 158
      vertex 80 -102.99 161.647
    endloop
  endfacet
  facet normal 1 0 0
    outer loop
      vertex 80 -108.854 162.813
      vertex 80 -134 158
      vertex 80 -105.95 162.086
    endloop
  endfacet
  facet normal 1 0 0
    outer loop
      vertex 80 -111.672 163.822
      vertex 80 -134 158
      vertex 80 -108.854 162.813
    endloop
  endfacet
  facet normal 1 0 0
    outer loop
      vertex 80 -114.378 165.101
      vertex 80 -134 158
      vertex 80 -111.672 163.822
    endloop
  endfacet
  facet normal 1 0 0
    outer loop
      vertex 80 -116.945 166.64
      vertex 80 -134 158
      vertex 80 -114.378 165.101
    endloop
  endfacet
  facet normal 1 0 0
    outer loop
      vertex 80 -119.349 168.423
      vertex 80 -134 158
      vertex 80 -116.945 166.64
    endloop
  endfacet
  facet normal 1 0 0
    outer loop
      vertex 80 -121.567 170.433
      vertex 80 -134 158
      vertex 80 -119.349 168.423
    endloop
  endfacet
  facet normal 1 0 0
    outer loop
      vertex 80 -123.577 172.651
      vertex 80 -134 158
      vertex 80 -121.567 170.433
    endloop
  endfacet
  facet normal 1 0 0
    outer loop
      vertex 80 -125.36 175.055
      vertex 80 -134 158
      vertex 80 -123.577 172.651
    endloop
  endfacet
  facet normal 1 0 0
    outer loop
      vertex 80 -126.899 177.622
      vertex 80 -134 158
      vertex 80 -125.36 175.055
    endloop
  endfacet
  facet normal 1 0 0
    outer loop
      vertex 80 -128.178 180.328
      vertex 80 -134 158
      vertex 80 -126.899 177.622
    endloop
  endfacet
  facet normal 1 0 0
    outer loop
      vertex 80 -129.187 183.146
      vertex 80 -134 158
      vertex 80 -128.178 180.328
    endloop
  endfacet
  facet normal 1 0 0
    outer loop
      vertex 80 -129.914 186.05
      vertex 80 -134 158
      vertex 80 -129.187 183.146
    endloop
  endfacet
  facet normal 1 0 0
    outer loop
      vertex 80 -130.353 189.01
      vertex 80 -134 158
      vertex 80 -129.914 186.05
    endloop
  endfacet
  facet normal 1 0 0
    outer loop
      vertex 80 -130.5 192
      vertex 80 -134 158
      vertex 80 -130.353 189.01
    endloop
  endfacet
  facet normal 0 0 -1
    outer loop
      vertex 80 -134 158
      vertex 79 -129 158
      vertex 80 -66 158
    endloop
  endfacet
  facet normal 0 0 -1
    outer loop
      vertex 78 -134 158
      vertex 79 -129 158
      vertex 80 -134 158
    endloop
  endfacet
  facet normal -0 0 -1
    outer loop
      vertex 79 -129 158
      vertex 78 -134 158
      vertex 78 -129 158
    endloop
  endfacet
  facet normal 0 0 -1
    outer loop
      vertex 79 -71 158
      vertex 80 -66 158
      vertex 79 -129 158
    endloop
  endfacet
  facet normal 0 0 -1
    outer loop
      vertex 78 -66 158
      vertex 79 -71 158
      vertex 78 -71 158
    endloop
  endfacet
  facet normal 0 0 -1
    outer loop
      vertex 79 -71 158
      vertex 78 -66 158
      vertex 80 -66 158
    endloop
  endfacet
  facet normal -1 0 0
    outer loop
      vertex 78 -88.3282 220.178
      vertex 78 -86 226
      vertex 78 -86 219.077
    endloop
  endfacet
  facet normal -1 0 0
    outer loop
      vertex 78 -91.1463 221.187
      vertex 78 -86 226
      vertex 78 -88.3282 220.178
    endloop
  endfacet
  facet normal -1 0 0
    outer loop
      vertex 78 -94.0497 221.914
      vertex 78 -86 226
      vertex 78 -91.1463 221.187
    endloop
  endfacet
  facet normal -1 0 0
    outer loop
      vertex 78 -97.0105 222.353
      vertex 78 -86 226
      vertex 78 -94.0497 221.914
    endloop
  endfacet
  facet normal -1 0 0
    outer loop
      vertex 78 -100 222.5
      vertex 78 -86 226
      vertex 78 -97.0105 222.353
    endloop
  endfacet
  facet normal -1 0 0
    outer loop
      vertex 78 -114 226
      vertex 78 -100 222.5
      vertex 78 -102.99 222.353
    endloop
  endfacet
  facet normal -1 0 0
    outer loop
      vertex 78 -114 226
      vertex 78 -102.99 222.353
      vertex 78 -105.95 221.914
    endloop
  endfacet
  facet normal -1 0 0
    outer loop
      vertex 78 -100 222.5
      vertex 78 -114 226
      vertex 78 -86 226
    endloop
  endfacet
  facet normal -1 0 0
    outer loop
      vertex 78 -108.854 221.187
      vertex 78 -114 226
      vertex 78 -105.95 221.914
    endloop
  endfacet
  facet normal -1 0 0
    outer loop
      vertex 78 -111.672 220.178
      vertex 78 -114 226
      vertex 78 -108.854 221.187
    endloop
  endfacet
  facet normal -1 0 0
    outer loop
      vertex 78 -114 226
      vertex 78 -111.672 220.178
      vertex 78 -114 219.077
    endloop
  endfacet
  facet normal -1 0 0
    outer loop
      vertex 78 -86 159
      vertex 78 -88.3282 163.822
      vertex 78 -86 164.923
    endloop
  endfacet
  facet normal -1 0 0
    outer loop
      vertex 78 -86 159
      vertex 78 -91.1463 162.813
      vertex 78 -88.3282 163.822
    endloop
  endfacet
  facet normal -1 0 0
    outer loop
      vertex 78 -86 159
      vertex 78 -94.0497 162.086
      vertex 78 -91.1463 162.813
    endloop
  endfacet
  facet normal -1 0 0
    outer loop
      vertex 78 -86 159
      vertex 78 -97.0105 161.647
      vertex 78 -94.0497 162.086
    endloop
  endfacet
  facet normal -1 0 0
    outer loop
      vertex 78 -86 159
      vertex 78 -100 161.5
      vertex 78 -97.0105 161.647
    endloop
  endfacet
  facet normal -1 0 0
    outer loop
      vertex 78 -114 159
      vertex 78 -100 161.5
      vertex 78 -86 159
    endloop
  endfacet
  facet normal -1 -0 0
    outer loop
      vertex 78 -100 161.5
      vertex 78 -114 159
      vertex 78 -102.99 161.647
    endloop
  endfacet
  facet normal -1 -0 0
    outer loop
      vertex 78 -102.99 161.647
      vertex 78 -114 159
      vertex 78 -105.95 162.086
    endloop
  endfacet
  facet normal -1 0 0
    outer loop
      vertex 78 -114 159
      vertex 78 -108.854 162.813
      vertex 78 -105.95 162.086
    endloop
  endfacet
  facet normal -1 0 0
    outer loop
      vertex 78 -114 159
      vertex 78 -111.672 163.822
      vertex 78 -108.854 162.813
    endloop
  endfacet
  facet normal -1 -0 0
    outer loop
      vertex 78 -111.672 163.822
      vertex 78 -114 159
      vertex 78 -114 164.923
    endloop
  endfacet
  facet normal 1 0 0
    outer loop
      vertex 70 -86 164.923
      vertex 70 -88.3282 163.822
      vertex 70 -86 159
    endloop
  endfacet
  facet normal 1 -0 0
    outer loop
      vertex 70 -86 159
      vertex 70 -71 15
      vertex 70 -71 159
    endloop
  endfacet
  facet normal 1 -0 0
    outer loop
      vertex 70 -91.1463 162.813
      vertex 70 -86 159
      vertex 70 -88.3282 163.822
    endloop
  endfacet
  facet normal 1 -0 0
    outer loop
      vertex 70 -94.0497 162.086
      vertex 70 -86 159
      vertex 70 -91.1463 162.813
    endloop
  endfacet
  facet normal 1 -0 0
    outer loop
      vertex 70 -97.0105 161.647
      vertex 70 -86 159
      vertex 70 -94.0497 162.086
    endloop
  endfacet
  facet normal 1 -0 0
    outer loop
      vertex 70 -100 161.5
      vertex 70 -86 159
      vertex 70 -97.0105 161.647
    endloop
  endfacet
  facet normal 1 0 0
    outer loop
      vertex 70 -86 159
      vertex 70 -100 161.5
      vertex 70 -114 159
    endloop
  endfacet
  facet normal 1 0 0
    outer loop
      vertex 70 -114 159
      vertex 70 -100 161.5
      vertex 70 -102.99 161.647
    endloop
  endfacet
  facet normal 1 0 0
    outer loop
      vertex 70 -114 159
      vertex 70 -102.99 161.647
      vertex 70 -105.95 162.086
    endloop
  endfacet
  facet normal 1 0 0
    outer loop
      vertex 70 -114 159
      vertex 70 -105.95 162.086
      vertex 70 -108.854 162.813
    endloop
  endfacet
  facet normal 1 0 0
    outer loop
      vertex 70 -114 159
      vertex 70 -108.854 162.813
      vertex 70 -111.672 163.822
    endloop
  endfacet
  facet normal 1 0 0
    outer loop
      vertex 70 -114 159
      vertex 70 -111.672 163.822
      vertex 70 -114 164.923
    endloop
  endfacet
  facet normal 1 0 0
    outer loop
      vertex 70 -86 159
      vertex 70 -114 159
      vertex 70 -71 15
    endloop
  endfacet
  facet normal 1 0 0
    outer loop
      vertex 70 -129 15
      vertex 70 -114 159
      vertex 70 -129 159
    endloop
  endfacet
  facet normal 1 0 0
    outer loop
      vertex 70 -114 159
      vertex 70 -129 15
      vertex 70 -71 15
    endloop
  endfacet
  facet normal 1 0 0
    outer loop
      vertex 70 -86 226
      vertex 70 -88.3282 220.178
      vertex 70 -86 219.077
    endloop
  endfacet
  facet normal 1 0 0
    outer loop
      vertex 70 -86 226
      vertex 70 -91.1463 221.187
      vertex 70 -88.3282 220.178
    endloop
  endfacet
  facet normal 1 0 0
    outer loop
      vertex 70 -86 226
      vertex 70 -94.0497 221.914
      vertex 70 -91.1463 221.187
    endloop
  endfacet
  facet normal 1 0 0
    outer loop
      vertex 70 -86 226
      vertex 70 -97.0105 222.353
      vertex 70 -94.0497 221.914
    endloop
  endfacet
  facet normal 1 0 0
    outer loop
      vertex 70 -86 226
      vertex 70 -100 222.5
      vertex 70 -97.0105 222.353
    endloop
  endfacet
  facet normal 1 -0 0
    outer loop
      vertex 70 -114 226
      vertex 70 -100 222.5
      vertex 70 -86 226
    endloop
  endfacet
  facet normal 1 0 0
    outer loop
      vertex 70 -100 222.5
      vertex 70 -114 226
      vertex 70 -102.99 222.353
    endloop
  endfacet
  facet normal 1 0 0
    outer loop
      vertex 70 -102.99 222.353
      vertex 70 -114 226
      vertex 70 -105.95 221.914
    endloop
  endfacet
  facet normal 1 0 0
    outer loop
      vertex 70 -114 226
      vertex 70 -108.854 221.187
      vertex 70 -105.95 221.914
    endloop
  endfacet
  facet normal 1 0 0
    outer loop
      vertex 70 -114 226
      vertex 70 -111.672 220.178
      vertex 70 -108.854 221.187
    endloop
  endfacet
  facet normal 1 0 0
    outer loop
      vertex 70 -111.672 220.178
      vertex 70 -114 226
      vertex 70 -114 219.077
    endloop
  endfacet
  facet normal 0 -1 0
    outer loop
      vertex 70 -86 219.077
      vertex 78 -86 226
      vertex 70 -86 226
    endloop
  endfacet
  facet normal 0 -1 -0
    outer loop
      vertex 78 -86 226
      vertex 70 -86 219.077
      vertex 78 -86 219.077
    endloop
  endfacet
  facet normal 0 -1 0
    outer loop
      vertex 70 -86 159
      vertex 78 -86 164.923
      vertex 70 -86 164.923
    endloop
  endfacet
  facet normal 0 -1 -0
    outer loop
      vertex 78 -86 164.923
      vertex 70 -86 159
      vertex 78 -86 159
    endloop
  endfacet
  facet normal 0 -1 0
    outer loop
      vertex 10 -86 178
      vertex 68 -86 206
      vertex 10 -86 206
    endloop
  endfacet
  facet normal 0 -1 -0
    outer loop
      vertex 68 -86 206
      vertex 10 -86 178
      vertex 68 -86 178
    endloop
  endfacet
  facet normal 0 1 -0
    outer loop
      vertex 78 -114 219.077
      vertex 70 -114 226
      vertex 78 -114 226
    endloop
  endfacet
  facet normal 0 1 0
    outer loop
      vertex 70 -114 226
      vertex 78 -114 219.077
      vertex 70 -114 219.077
    endloop
  endfacet
  facet normal 0 1 -0
    outer loop
      vertex 78 -114 159
      vertex 70 -114 164.923
      vertex 78 -114 164.923
    endloop
  endfacet
  facet normal 0 1 0
    outer loop
      vertex 70 -114 164.923
      vertex 78 -114 159
      vertex 70 -114 159
    endloop
  endfacet
  facet normal 0 1 -0
    outer loop
      vertex 68 -114 178
      vertex 10 -114 206
      vertex 68 -114 206
    endloop
  endfacet
  facet normal 0 1 0
    outer loop
      vertex 10 -114 206
      vertex 68 -114 178
      vertex 10 -114 178
    endloop
  endfacet
  facet normal 0 0 -1
    outer loop
      vertex 10 -114 206
      vertex 68 -86 206
      vertex 68 -114 206
    endloop
  endfacet
  facet normal -0 0 -1
    outer loop
      vertex 68 -86 206
      vertex 10 -114 206
      vertex 10 -86 206
    endloop
  endfacet
  facet normal 0 0 1
    outer loop
      vertex 68 -86 178
      vertex 36.5 -100 178
      vertex 68 -114 178
    endloop
  endfacet
  facet normal 0 0 1
    outer loop
      vertex 68 -86 178
      vertex 36.42 -98.9832 178
      vertex 36.5 -100 178
    endloop
  endfacet
  facet normal 0 0 1
    outer loop
      vertex 68 -86 178
      vertex 36.1819 -97.9914 178
      vertex 36.42 -98.9832 178
    endloop
  endfacet
  facet normal 0 0 1
    outer loop
      vertex 68 -86 178
      vertex 35.7915 -97.0491 178
      vertex 36.1819 -97.9914 178
    endloop
  endfacet
  facet normal 0 0 1
    outer loop
      vertex 68 -86 178
      vertex 35.2586 -96.1794 178
      vertex 35.7915 -97.0491 178
    endloop
  endfacet
  facet normal 0 0 1
    outer loop
      vertex 68 -86 178
      vertex 34.5962 -95.4038 178
      vertex 35.2586 -96.1794 178
    endloop
  endfacet
  facet normal 0 0 1
    outer loop
      vertex 68 -86 178
      vertex 33.8206 -94.7414 178
      vertex 34.5962 -95.4038 178
    endloop
  endfacet
  facet normal 0 0 1
    outer loop
      vertex 68 -86 178
      vertex 32.9509 -94.2085 178
      vertex 33.8206 -94.7414 178
    endloop
  endfacet
  facet normal 0 0 1
    outer loop
      vertex 68 -86 178
      vertex 32.0086 -93.8181 178
      vertex 32.9509 -94.2085 178
    endloop
  endfacet
  facet normal 0 0 1
    outer loop
      vertex 68 -86 178
      vertex 31.0168 -93.58 178
      vertex 32.0086 -93.8181 178
    endloop
  endfacet
  facet normal -0 0 1
    outer loop
      vertex 10 -86 178
      vertex 31.0168 -93.58 178
      vertex 68 -86 178
    endloop
  endfacet
  facet normal 0 0 1
    outer loop
      vertex 31.0168 -93.58 178
      vertex 10 -86 178
      vertex 30 -93.5 178
    endloop
  endfacet
  facet normal 0 0 1
    outer loop
      vertex 23.58 -98.9832 178
      vertex 10 -86 178
      vertex 23.5 -100 178
    endloop
  endfacet
  facet normal 0 0 1
    outer loop
      vertex 23.8181 -97.9914 178
      vertex 10 -86 178
      vertex 23.58 -98.9832 178
    endloop
  endfacet
  facet normal 0 0 1
    outer loop
      vertex 24.2085 -97.0491 178
      vertex 10 -86 178
      vertex 23.8181 -97.9914 178
    endloop
  endfacet
  facet normal 0 0 1
    outer loop
      vertex 24.7414 -96.1794 178
      vertex 10 -86 178
      vertex 24.2085 -97.0491 178
    endloop
  endfacet
  facet normal 0 0 1
    outer loop
      vertex 25.4038 -95.4038 178
      vertex 10 -86 178
      vertex 24.7414 -96.1794 178
    endloop
  endfacet
  facet normal 0 0 1
    outer loop
      vertex 26.1794 -94.7414 178
      vertex 10 -86 178
      vertex 25.4038 -95.4038 178
    endloop
  endfacet
  facet normal 0 0 1
    outer loop
      vertex 27.0491 -94.2085 178
      vertex 10 -86 178
      vertex 26.1794 -94.7414 178
    endloop
  endfacet
  facet normal 0 0 1
    outer loop
      vertex 27.9914 -93.8181 178
      vertex 10 -86 178
      vertex 27.0491 -94.2085 178
    endloop
  endfacet
  facet normal 0 0 1
    outer loop
      vertex 28.9832 -93.58 178
      vertex 10 -86 178
      vertex 27.9914 -93.8181 178
    endloop
  endfacet
  facet normal 0 0 1
    outer loop
      vertex 30 -93.5 178
      vertex 10 -86 178
      vertex 28.9832 -93.58 178
    endloop
  endfacet
  facet normal -0 0 1
    outer loop
      vertex 36.42 -101.017 178
      vertex 68 -114 178
      vertex 36.5 -100 178
    endloop
  endfacet
  facet normal -0 0 1
    outer loop
      vertex 36.1819 -102.009 178
      vertex 68 -114 178
      vertex 36.42 -101.017 178
    endloop
  endfacet
  facet normal -0 0 1
    outer loop
      vertex 35.7915 -102.951 178
      vertex 68 -114 178
      vertex 36.1819 -102.009 178
    endloop
  endfacet
  facet normal -0 0 1
    outer loop
      vertex 35.2586 -103.821 178
      vertex 68 -114 178
      vertex 35.7915 -102.951 178
    endloop
  endfacet
  facet normal -0 0 1
    outer loop
      vertex 34.5962 -104.596 178
      vertex 68 -114 178
      vertex 35.2586 -103.821 178
    endloop
  endfacet
  facet normal -0 0 1
    outer loop
      vertex 33.8206 -105.259 178
      vertex 68 -114 178
      vertex 34.5962 -104.596 178
    endloop
  endfacet
  facet normal -0 0 1
    outer loop
      vertex 32.9509 -105.792 178
      vertex 68 -114 178
      vertex 33.8206 -105.259 178
    endloop
  endfacet
  facet normal -0 0 1
    outer loop
      vertex 32.0086 -106.182 178
      vertex 68 -114 178
      vertex 32.9509 -105.792 178
    endloop
  endfacet
  facet normal -0 0 1
    outer loop
      vertex 31.0168 -106.42 178
      vertex 68 -114 178
      vertex 32.0086 -106.182 178
    endloop
  endfacet
  facet normal 0 0 1
    outer loop
      vertex 10 -114 178
      vertex 31.0168 -106.42 178
      vertex 30 -106.5 178
    endloop
  endfacet
  facet normal 0 0 1
    outer loop
      vertex 10 -114 178
      vertex 30 -106.5 178
      vertex 28.9832 -106.42 178
    endloop
  endfacet
  facet normal 0 0 1
    outer loop
      vertex 10 -114 178
      vertex 23.5 -100 178
      vertex 10 -86 178
    endloop
  endfacet
  facet normal 0 0 1
    outer loop
      vertex 23.5 -100 178
      vertex 10 -114 178
      vertex 23.58 -101.017 178
    endloop
  endfacet
  facet normal 0 0 1
    outer loop
      vertex 23.58 -101.017 178
      vertex 10 -114 178
      vertex 23.8181 -102.009 178
    endloop
  endfacet
  facet normal 0 0 1
    outer loop
      vertex 23.8181 -102.009 178
      vertex 10 -114 178
      vertex 24.2085 -102.951 178
    endloop
  endfacet
  facet normal 0 0 1
    outer loop
      vertex 31.0168 -106.42 178
      vertex 10 -114 178
      vertex 68 -114 178
    endloop
  endfacet
  facet normal 0 0 1
    outer loop
      vertex 27.9914 -106.182 178
      vertex 10 -114 178
      vertex 28.9832 -106.42 178
    endloop
  endfacet
  facet normal 0 0 1
    outer loop
      vertex 27.0491 -105.792 178
      vertex 10 -114 178
      vertex 27.9914 -106.182 178
    endloop
  endfacet
  facet normal 0 0 1
    outer loop
      vertex 26.1794 -105.259 178
      vertex 10 -114 178
      vertex 27.0491 -105.792 178
    endloop
  endfacet
  facet normal 0 0 1
    outer loop
      vertex 25.4038 -104.596 178
      vertex 10 -114 178
      vertex 26.1794 -105.259 178
    endloop
  endfacet
  facet normal 0 0 1
    outer loop
      vertex 24.7414 -103.821 178
      vertex 10 -114 178
      vertex 25.4038 -104.596 178
    endloop
  endfacet
  facet normal 0 0 1
    outer loop
      vertex 24.2085 -102.951 178
      vertex 10 -114 178
      vertex 24.7414 -103.821 178
    endloop
  endfacet
  facet normal 0.99692 0.0784205 0
    outer loop
      vertex 23.58 -101.017 8
      vertex 23.5 -100 4.2
      vertex 23.5 -100 8
    endloop
  endfacet
  facet normal 0.99692 0.0784205 0
    outer loop
      vertex 23.5 -100 4.2
      vertex 23.58 -101.017 8
      vertex 23.58 -101.017 4.2
    endloop
  endfacet
  facet normal 0.99692 0.0784205 0
    outer loop
      vertex 23.58 -101.017 178
      vertex 23.5 -100 15
      vertex 23.5 -100 178
    endloop
  endfacet
  facet normal 0.99692 0.0784205 0
    outer loop
      vertex 23.5 -100 15
      vertex 23.58 -101.017 178
      vertex 23.58 -101.017 15
    endloop
  endfacet
  facet normal -0.972372 -0.233436 0
    outer loop
      vertex 36.42 -98.9832 4.2
      vertex 36.1819 -97.9914 8
      vertex 36.1819 -97.9914 4.2
    endloop
  endfacet
  facet normal -0.972372 -0.233436 0
    outer loop
      vertex 36.1819 -97.9914 8
      vertex 36.42 -98.9832 4.2
      vertex 36.42 -98.9832 8
    endloop
  endfacet
  facet normal -0.972372 -0.233436 0
    outer loop
      vertex 36.42 -98.9832 15
      vertex 36.1819 -97.9914 178
      vertex 36.1819 -97.9914 15
    endloop
  endfacet
  facet normal -0.972372 -0.233436 0
    outer loop
      vertex 36.1819 -97.9914 178
      vertex 36.42 -98.9832 15
      vertex 36.42 -98.9832 178
    endloop
  endfacet
  facet normal -0.996919 -0.0784358 0
    outer loop
      vertex 36.5 -100 4.2
      vertex 36.42 -98.9832 8
      vertex 36.42 -98.9832 4.2
    endloop
  endfacet
  facet normal -0.996919 -0.0784358 0
    outer loop
      vertex 36.42 -98.9832 8
      vertex 36.5 -100 4.2
      vertex 36.5 -100 8
    endloop
  endfacet
  facet normal -0.996919 -0.0784358 0
    outer loop
      vertex 36.5 -100 15
      vertex 36.42 -98.9832 178
      vertex 36.42 -98.9832 15
    endloop
  endfacet
  facet normal -0.996919 -0.0784358 0
    outer loop
      vertex 36.42 -98.9832 178
      vertex 36.5 -100 15
      vertex 36.5 -100 178
    endloop
  endfacet
  facet normal -0.92385 -0.382756 0
    outer loop
      vertex 36.1819 -97.9914 4.2
      vertex 35.7915 -97.0491 8
      vertex 35.7915 -97.0491 4.2
    endloop
  endfacet
  facet normal -0.92385 -0.382756 0
    outer loop
      vertex 35.7915 -97.0491 8
      vertex 36.1819 -97.9914 4.2
      vertex 36.1819 -97.9914 8
    endloop
  endfacet
  facet normal -0.92385 -0.382756 0
    outer loop
      vertex 36.1819 -97.9914 15
      vertex 35.7915 -97.0491 178
      vertex 35.7915 -97.0491 15
    endloop
  endfacet
  facet normal -0.92385 -0.382756 0
    outer loop
      vertex 35.7915 -97.0491 178
      vertex 36.1819 -97.9914 15
      vertex 36.1819 -97.9914 178
    endloop
  endfacet
  facet normal 0.76017 0.649724 0
    outer loop
      vertex 25.4038 -104.596 8
      vertex 24.7414 -103.821 4.2
      vertex 24.7414 -103.821 8
    endloop
  endfacet
  facet normal 0.76017 0.649724 0
    outer loop
      vertex 24.7414 -103.821 4.2
      vertex 25.4038 -104.596 8
      vertex 25.4038 -104.596 4.2
    endloop
  endfacet
  facet normal 0.76017 0.649724 0
    outer loop
      vertex 25.4038 -104.596 178
      vertex 24.7414 -103.821 15
      vertex 24.7414 -103.821 178
    endloop
  endfacet
  facet normal 0.76017 0.649724 0
    outer loop
      vertex 24.7414 -103.821 15
      vertex 25.4038 -104.596 178
      vertex 25.4038 -104.596 15
    endloop
  endfacet
  facet normal -0.233343 0.972394 0
    outer loop
      vertex 32.0086 -106.182 4.2
      vertex 31.0168 -106.42 8
      vertex 32.0086 -106.182 8
    endloop
  endfacet
  facet normal -0.233343 0.972394 0
    outer loop
      vertex 31.0168 -106.42 8
      vertex 32.0086 -106.182 4.2
      vertex 31.0168 -106.42 4.2
    endloop
  endfacet
  facet normal -0.233343 0.972394 0
    outer loop
      vertex 32.0086 -106.182 15
      vertex 31.0168 -106.42 178
      vertex 32.0086 -106.182 178
    endloop
  endfacet
  facet normal -0.233343 0.972394 0
    outer loop
      vertex 31.0168 -106.42 178
      vertex 32.0086 -106.182 15
      vertex 31.0168 -106.42 15
    endloop
  endfacet
  facet normal 0.649774 0.760128 -0
    outer loop
      vertex 26.1794 -105.259 4.2
      vertex 25.4038 -104.596 8
      vertex 26.1794 -105.259 8
    endloop
  endfacet
  facet normal 0.649774 0.760128 0
    outer loop
      vertex 25.4038 -104.596 8
      vertex 26.1794 -105.259 4.2
      vertex 25.4038 -104.596 4.2
    endloop
  endfacet
  facet normal 0.649774 0.760128 -0
    outer loop
      vertex 26.1794 -105.259 15
      vertex 25.4038 -104.596 178
      vertex 26.1794 -105.259 178
    endloop
  endfacet
  facet normal 0.649774 0.760128 0
    outer loop
      vertex 25.4038 -104.596 178
      vertex 26.1794 -105.259 15
      vertex 25.4038 -104.596 15
    endloop
  endfacet
  facet normal -0.382756 -0.92385 0
    outer loop
      vertex 32.0086 -93.8181 4.2
      vertex 32.9509 -94.2085 8
      vertex 32.0086 -93.8181 8
    endloop
  endfacet
  facet normal -0.382756 -0.92385 -0
    outer loop
      vertex 32.9509 -94.2085 8
      vertex 32.0086 -93.8181 4.2
      vertex 32.9509 -94.2085 4.2
    endloop
  endfacet
  facet normal -0.382756 -0.92385 0
    outer loop
      vertex 32.0086 -93.8181 15
      vertex 32.9509 -94.2085 178
      vertex 32.0086 -93.8181 178
    endloop
  endfacet
  facet normal -0.382756 -0.92385 -0
    outer loop
      vertex 32.9509 -94.2085 178
      vertex 32.0086 -93.8181 15
      vertex 32.9509 -94.2085 15
    endloop
  endfacet
  facet normal 0.852744 0.52233 0
    outer loop
      vertex 24.7414 -103.821 8
      vertex 24.2085 -102.951 4.2
      vertex 24.2085 -102.951 8
    endloop
  endfacet
  facet normal 0.852744 0.52233 0
    outer loop
      vertex 24.2085 -102.951 4.2
      vertex 24.7414 -103.821 8
      vertex 24.7414 -103.821 4.2
    endloop
  endfacet
  facet normal 0.852744 0.52233 0
    outer loop
      vertex 24.7414 -103.821 178
      vertex 24.2085 -102.951 15
      vertex 24.2085 -102.951 178
    endloop
  endfacet
  facet normal 0.852744 0.52233 0
    outer loop
      vertex 24.2085 -102.951 15
      vertex 24.7414 -103.821 178
      vertex 24.7414 -103.821 15
    endloop
  endfacet
  facet normal -0.99692 0.0784205 0
    outer loop
      vertex 36.42 -101.017 4.2
      vertex 36.5 -100 8
      vertex 36.5 -100 4.2
    endloop
  endfacet
  facet normal -0.99692 0.0784205 0
    outer loop
      vertex 36.5 -100 8
      vertex 36.42 -101.017 4.2
      vertex 36.42 -101.017 8
    endloop
  endfacet
  facet normal -0.99692 0.0784205 0
    outer loop
      vertex 36.42 -101.017 15
      vertex 36.5 -100 178
      vertex 36.5 -100 15
    endloop
  endfacet
  facet normal -0.99692 0.0784205 0
    outer loop
      vertex 36.5 -100 178
      vertex 36.42 -101.017 15
      vertex 36.42 -101.017 178
    endloop
  endfacet
  facet normal -0.522532 0.85262 0
    outer loop
      vertex 33.8206 -105.259 4.2
      vertex 32.9509 -105.792 8
      vertex 33.8206 -105.259 8
    endloop
  endfacet
  facet normal -0.522532 0.85262 0
    outer loop
      vertex 32.9509 -105.792 8
      vertex 33.8206 -105.259 4.2
      vertex 32.9509 -105.792 4.2
    endloop
  endfacet
  facet normal -0.522532 0.85262 0
    outer loop
      vertex 33.8206 -105.259 15
      vertex 32.9509 -105.792 178
      vertex 33.8206 -105.259 178
    endloop
  endfacet
  facet normal -0.522532 0.85262 0
    outer loop
      vertex 32.9509 -105.792 178
      vertex 33.8206 -105.259 15
      vertex 32.9509 -105.792 15
    endloop
  endfacet
  facet normal 0.233343 0.972394 -0
    outer loop
      vertex 28.9832 -106.42 4.2
      vertex 27.9914 -106.182 8
      vertex 28.9832 -106.42 8
    endloop
  endfacet
  facet normal 0.233343 0.972394 0
    outer loop
      vertex 27.9914 -106.182 8
      vertex 28.9832 -106.42 4.2
      vertex 27.9914 -106.182 4.2
    endloop
  endfacet
  facet normal 0.233343 0.972394 -0
    outer loop
      vertex 28.9832 -106.42 15
      vertex 27.9914 -106.182 178
      vertex 28.9832 -106.42 178
    endloop
  endfacet
  facet normal 0.233343 0.972394 0
    outer loop
      vertex 27.9914 -106.182 178
      vertex 28.9832 -106.42 15
      vertex 27.9914 -106.182 15
    endloop
  endfacet
  facet normal 0.92385 -0.382756 0
    outer loop
      vertex 23.8181 -97.9914 8
      vertex 24.2085 -97.0491 4.2
      vertex 24.2085 -97.0491 8
    endloop
  endfacet
  facet normal 0.92385 -0.382756 0
    outer loop
      vertex 24.2085 -97.0491 4.2
      vertex 23.8181 -97.9914 8
      vertex 23.8181 -97.9914 4.2
    endloop
  endfacet
  facet normal 0.92385 -0.382756 0
    outer loop
      vertex 23.8181 -97.9914 178
      vertex 24.2085 -97.0491 15
      vertex 24.2085 -97.0491 178
    endloop
  endfacet
  facet normal 0.92385 -0.382756 0
    outer loop
      vertex 24.2085 -97.0491 15
      vertex 23.8181 -97.9914 178
      vertex 23.8181 -97.9914 15
    endloop
  endfacet
  facet normal -0.972383 0.233391 0
    outer loop
      vertex 36.1819 -102.009 4.2
      vertex 36.42 -101.017 8
      vertex 36.42 -101.017 4.2
    endloop
  endfacet
  facet normal -0.972383 0.233391 0
    outer loop
      vertex 36.42 -101.017 8
      vertex 36.1819 -102.009 4.2
      vertex 36.1819 -102.009 8
    endloop
  endfacet
  facet normal -0.972383 0.233391 0
    outer loop
      vertex 36.1819 -102.009 15
      vertex 36.42 -101.017 178
      vertex 36.42 -101.017 15
    endloop
  endfacet
  facet normal -0.972383 0.233391 0
    outer loop
      vertex 36.42 -101.017 178
      vertex 36.1819 -102.009 15
      vertex 36.1819 -102.009 178
    endloop
  endfacet
  facet normal -0.649774 0.760128 0
    outer loop
      vertex 34.5962 -104.596 4.2
      vertex 33.8206 -105.259 8
      vertex 34.5962 -104.596 8
    endloop
  endfacet
  facet normal -0.649774 0.760128 0
    outer loop
      vertex 33.8206 -105.259 8
      vertex 34.5962 -104.596 4.2
      vertex 33.8206 -105.259 4.2
    endloop
  endfacet
  facet normal -0.649774 0.760128 0
    outer loop
      vertex 34.5962 -104.596 15
      vertex 33.8206 -105.259 178
      vertex 34.5962 -104.596 178
    endloop
  endfacet
  facet normal -0.649774 0.760128 0
    outer loop
      vertex 33.8206 -105.259 178
      vertex 34.5962 -104.596 15
      vertex 33.8206 -105.259 15
    endloop
  endfacet
  facet normal 0.972372 -0.233436 0
    outer loop
      vertex 23.58 -98.9832 8
      vertex 23.8181 -97.9914 4.2
      vertex 23.8181 -97.9914 8
    endloop
  endfacet
  facet normal 0.972372 -0.233436 0
    outer loop
      vertex 23.8181 -97.9914 4.2
      vertex 23.58 -98.9832 8
      vertex 23.58 -98.9832 4.2
    endloop
  endfacet
  facet normal 0.972372 -0.233436 0
    outer loop
      vertex 23.58 -98.9832 178
      vertex 23.8181 -97.9914 15
      vertex 23.8181 -97.9914 178
    endloop
  endfacet
  facet normal 0.972372 -0.233436 0
    outer loop
      vertex 23.8181 -97.9914 15
      vertex 23.58 -98.9832 178
      vertex 23.58 -98.9832 15
    endloop
  endfacet
  facet normal -0.852744 0.52233 0
    outer loop
      vertex 35.2586 -103.821 4.2
      vertex 35.7915 -102.951 8
      vertex 35.7915 -102.951 4.2
    endloop
  endfacet
  facet normal -0.852744 0.52233 0
    outer loop
      vertex 35.7915 -102.951 8
      vertex 35.2586 -103.821 4.2
      vertex 35.2586 -103.821 8
    endloop
  endfacet
  facet normal -0.852744 0.52233 0
    outer loop
      vertex 35.2586 -103.821 15
      vertex 35.7915 -102.951 178
      vertex 35.7915 -102.951 15
    endloop
  endfacet
  facet normal -0.852744 0.52233 0
    outer loop
      vertex 35.7915 -102.951 178
      vertex 35.2586 -103.821 15
      vertex 35.2586 -103.821 178
    endloop
  endfacet
  facet normal 0.923806 0.38286 0
    outer loop
      vertex 24.2085 -102.951 8
      vertex 23.8181 -102.009 4.2
      vertex 23.8181 -102.009 8
    endloop
  endfacet
  facet normal 0.923806 0.38286 0
    outer loop
      vertex 23.8181 -102.009 4.2
      vertex 24.2085 -102.951 8
      vertex 24.2085 -102.951 4.2
    endloop
  endfacet
  facet normal 0.923806 0.38286 0
    outer loop
      vertex 24.2085 -102.951 178
      vertex 23.8181 -102.009 15
      vertex 23.8181 -102.009 178
    endloop
  endfacet
  facet normal 0.923806 0.38286 0
    outer loop
      vertex 23.8181 -102.009 15
      vertex 24.2085 -102.951 178
      vertex 24.2085 -102.951 15
    endloop
  endfacet
  facet normal 0.0784358 -0.996919 0
    outer loop
      vertex 28.9832 -93.58 4.2
      vertex 30 -93.5 8
      vertex 28.9832 -93.58 8
    endloop
  endfacet
  facet normal 0.0784358 -0.996919 0
    outer loop
      vertex 30 -93.5 8
      vertex 28.9832 -93.58 4.2
      vertex 30 -93.5 4.2
    endloop
  endfacet
  facet normal 0.0784358 -0.996919 0
    outer loop
      vertex 28.9832 -93.58 15
      vertex 30 -93.5 178
      vertex 28.9832 -93.58 178
    endloop
  endfacet
  facet normal 0.0784358 -0.996919 0
    outer loop
      vertex 30 -93.5 178
      vertex 28.9832 -93.58 15
      vertex 30 -93.5 15
    endloop
  endfacet
  facet normal -0.923806 0.38286 0
    outer loop
      vertex 35.7915 -102.951 4.2
      vertex 36.1819 -102.009 8
      vertex 36.1819 -102.009 4.2
    endloop
  endfacet
  facet normal -0.923806 0.38286 0
    outer loop
      vertex 36.1819 -102.009 8
      vertex 35.7915 -102.951 4.2
      vertex 35.7915 -102.951 8
    endloop
  endfacet
  facet normal -0.923806 0.38286 0
    outer loop
      vertex 35.7915 -102.951 15
      vertex 36.1819 -102.009 178
      vertex 36.1819 -102.009 15
    endloop
  endfacet
  facet normal -0.923806 0.38286 0
    outer loop
      vertex 36.1819 -102.009 178
      vertex 35.7915 -102.951 15
      vertex 35.7915 -102.951 178
    endloop
  endfacet
  facet normal -0.382421 0.923988 0
    outer loop
      vertex 32.9509 -105.792 4.2
      vertex 32.0086 -106.182 8
      vertex 32.9509 -105.792 8
    endloop
  endfacet
  facet normal -0.382421 0.923988 0
    outer loop
      vertex 32.0086 -106.182 8
      vertex 32.9509 -105.792 4.2
      vertex 32.0086 -106.182 4.2
    endloop
  endfacet
  facet normal -0.382421 0.923988 0
    outer loop
      vertex 32.9509 -105.792 15
      vertex 32.0086 -106.182 178
      vertex 32.9509 -105.792 178
    endloop
  endfacet
  facet normal -0.382421 0.923988 0
    outer loop
      vertex 32.0086 -106.182 178
      vertex 32.9509 -105.792 15
      vertex 32.0086 -106.182 15
    endloop
  endfacet
  facet normal -0.0784358 0.996919 0
    outer loop
      vertex 31.0168 -106.42 4.2
      vertex 30 -106.5 8
      vertex 31.0168 -106.42 8
    endloop
  endfacet
  facet normal -0.0784358 0.996919 0
    outer loop
      vertex 30 -106.5 8
      vertex 31.0168 -106.42 4.2
      vertex 30 -106.5 4.2
    endloop
  endfacet
  facet normal -0.0784358 0.996919 0
    outer loop
      vertex 31.0168 -106.42 15
      vertex 30 -106.5 178
      vertex 31.0168 -106.42 178
    endloop
  endfacet
  facet normal -0.0784358 0.996919 0
    outer loop
      vertex 30 -106.5 178
      vertex 31.0168 -106.42 15
      vertex 30 -106.5 15
    endloop
  endfacet
  facet normal 0.382756 -0.92385 0
    outer loop
      vertex 27.0491 -94.2085 4.2
      vertex 27.9914 -93.8181 8
      vertex 27.0491 -94.2085 8
    endloop
  endfacet
  facet normal 0.382756 -0.92385 0
    outer loop
      vertex 27.9914 -93.8181 8
      vertex 27.0491 -94.2085 4.2
      vertex 27.9914 -93.8181 4.2
    endloop
  endfacet
  facet normal 0.382756 -0.92385 0
    outer loop
      vertex 27.0491 -94.2085 15
      vertex 27.9914 -93.8181 178
      vertex 27.0491 -94.2085 178
    endloop
  endfacet
  facet normal 0.382756 -0.92385 0
    outer loop
      vertex 27.9914 -93.8181 178
      vertex 27.0491 -94.2085 15
      vertex 27.9914 -93.8181 15
    endloop
  endfacet
  facet normal -0.852663 -0.522461 0
    outer loop
      vertex 35.7915 -97.0491 4.2
      vertex 35.2586 -96.1794 8
      vertex 35.2586 -96.1794 4.2
    endloop
  endfacet
  facet normal -0.852663 -0.522461 0
    outer loop
      vertex 35.2586 -96.1794 8
      vertex 35.7915 -97.0491 4.2
      vertex 35.7915 -97.0491 8
    endloop
  endfacet
  facet normal -0.852663 -0.522461 0
    outer loop
      vertex 35.7915 -97.0491 15
      vertex 35.2586 -96.1794 178
      vertex 35.2586 -96.1794 15
    endloop
  endfacet
  facet normal -0.852663 -0.522461 0
    outer loop
      vertex 35.2586 -96.1794 178
      vertex 35.7915 -97.0491 15
      vertex 35.7915 -97.0491 178
    endloop
  endfacet
  facet normal -0.76017 0.649724 0
    outer loop
      vertex 34.5962 -104.596 4.2
      vertex 35.2586 -103.821 8
      vertex 35.2586 -103.821 4.2
    endloop
  endfacet
  facet normal -0.76017 0.649724 0
    outer loop
      vertex 35.2586 -103.821 8
      vertex 34.5962 -104.596 4.2
      vertex 34.5962 -104.596 8
    endloop
  endfacet
  facet normal -0.76017 0.649724 0
    outer loop
      vertex 34.5962 -104.596 15
      vertex 35.2586 -103.821 178
      vertex 35.2586 -103.821 15
    endloop
  endfacet
  facet normal -0.76017 0.649724 0
    outer loop
      vertex 35.2586 -103.821 178
      vertex 34.5962 -104.596 15
      vertex 34.5962 -104.596 178
    endloop
  endfacet
  facet normal 0.522532 0.85262 -0
    outer loop
      vertex 27.0491 -105.792 4.2
      vertex 26.1794 -105.259 8
      vertex 27.0491 -105.792 8
    endloop
  endfacet
  facet normal 0.522532 0.85262 0
    outer loop
      vertex 26.1794 -105.259 8
      vertex 27.0491 -105.792 4.2
      vertex 26.1794 -105.259 4.2
    endloop
  endfacet
  facet normal 0.522532 0.85262 -0
    outer loop
      vertex 27.0491 -105.792 15
      vertex 26.1794 -105.259 178
      vertex 27.0491 -105.792 178
    endloop
  endfacet
  facet normal 0.522532 0.85262 0
    outer loop
      vertex 26.1794 -105.259 178
      vertex 27.0491 -105.792 15
      vertex 26.1794 -105.259 15
    endloop
  endfacet
  facet normal -0.649434 -0.760418 0
    outer loop
      vertex 33.8206 -94.7414 4.2
      vertex 34.5962 -95.4038 8
      vertex 33.8206 -94.7414 8
    endloop
  endfacet
  facet normal -0.649434 -0.760418 -0
    outer loop
      vertex 34.5962 -95.4038 8
      vertex 33.8206 -94.7414 4.2
      vertex 34.5962 -95.4038 4.2
    endloop
  endfacet
  facet normal -0.649434 -0.760418 0
    outer loop
      vertex 33.8206 -94.7414 15
      vertex 34.5962 -95.4038 178
      vertex 33.8206 -94.7414 178
    endloop
  endfacet
  facet normal -0.649434 -0.760418 -0
    outer loop
      vertex 34.5962 -95.4038 178
      vertex 33.8206 -94.7414 15
      vertex 34.5962 -95.4038 15
    endloop
  endfacet
  facet normal 0.522461 -0.852663 0
    outer loop
      vertex 26.1794 -94.7414 4.2
      vertex 27.0491 -94.2085 8
      vertex 26.1794 -94.7414 8
    endloop
  endfacet
  facet normal 0.522461 -0.852663 0
    outer loop
      vertex 27.0491 -94.2085 8
      vertex 26.1794 -94.7414 4.2
      vertex 27.0491 -94.2085 4.2
    endloop
  endfacet
  facet normal 0.522461 -0.852663 0
    outer loop
      vertex 26.1794 -94.7414 15
      vertex 27.0491 -94.2085 178
      vertex 26.1794 -94.7414 178
    endloop
  endfacet
  facet normal 0.522461 -0.852663 0
    outer loop
      vertex 27.0491 -94.2085 178
      vertex 26.1794 -94.7414 15
      vertex 27.0491 -94.2085 15
    endloop
  endfacet
  facet normal -0.522461 -0.852663 0
    outer loop
      vertex 32.9509 -94.2085 4.2
      vertex 33.8206 -94.7414 8
      vertex 32.9509 -94.2085 8
    endloop
  endfacet
  facet normal -0.522461 -0.852663 -0
    outer loop
      vertex 33.8206 -94.7414 8
      vertex 32.9509 -94.2085 4.2
      vertex 33.8206 -94.7414 4.2
    endloop
  endfacet
  facet normal -0.522461 -0.852663 0
    outer loop
      vertex 32.9509 -94.2085 15
      vertex 33.8206 -94.7414 178
      vertex 32.9509 -94.2085 178
    endloop
  endfacet
  facet normal -0.522461 -0.852663 -0
    outer loop
      vertex 33.8206 -94.7414 178
      vertex 32.9509 -94.2085 15
      vertex 33.8206 -94.7414 15
    endloop
  endfacet
  facet normal -0.0784358 -0.996919 0
    outer loop
      vertex 30 -93.5 4.2
      vertex 31.0168 -93.58 8
      vertex 30 -93.5 8
    endloop
  endfacet
  facet normal -0.0784358 -0.996919 -0
    outer loop
      vertex 31.0168 -93.58 8
      vertex 30 -93.5 4.2
      vertex 31.0168 -93.58 4.2
    endloop
  endfacet
  facet normal -0.0784358 -0.996919 0
    outer loop
      vertex 30 -93.5 15
      vertex 31.0168 -93.58 178
      vertex 30 -93.5 178
    endloop
  endfacet
  facet normal -0.0784358 -0.996919 -0
    outer loop
      vertex 31.0168 -93.58 178
      vertex 30 -93.5 15
      vertex 31.0168 -93.58 15
    endloop
  endfacet
  facet normal 0.233436 -0.972372 0
    outer loop
      vertex 27.9914 -93.8181 4.2
      vertex 28.9832 -93.58 8
      vertex 27.9914 -93.8181 8
    endloop
  endfacet
  facet normal 0.233436 -0.972372 0
    outer loop
      vertex 28.9832 -93.58 8
      vertex 27.9914 -93.8181 4.2
      vertex 28.9832 -93.58 4.2
    endloop
  endfacet
  facet normal 0.233436 -0.972372 0
    outer loop
      vertex 27.9914 -93.8181 15
      vertex 28.9832 -93.58 178
      vertex 27.9914 -93.8181 178
    endloop
  endfacet
  facet normal 0.233436 -0.972372 0
    outer loop
      vertex 28.9832 -93.58 178
      vertex 27.9914 -93.8181 15
      vertex 28.9832 -93.58 15
    endloop
  endfacet
  facet normal -0.233436 -0.972372 0
    outer loop
      vertex 31.0168 -93.58 4.2
      vertex 32.0086 -93.8181 8
      vertex 31.0168 -93.58 8
    endloop
  endfacet
  facet normal -0.233436 -0.972372 -0
    outer loop
      vertex 32.0086 -93.8181 8
      vertex 31.0168 -93.58 4.2
      vertex 32.0086 -93.8181 4.2
    endloop
  endfacet
  facet normal -0.233436 -0.972372 0
    outer loop
      vertex 31.0168 -93.58 15
      vertex 32.0086 -93.8181 178
      vertex 31.0168 -93.58 178
    endloop
  endfacet
  facet normal -0.233436 -0.972372 -0
    outer loop
      vertex 32.0086 -93.8181 178
      vertex 31.0168 -93.58 15
      vertex 32.0086 -93.8181 15
    endloop
  endfacet
  facet normal 0.972383 0.233391 0
    outer loop
      vertex 23.8181 -102.009 8
      vertex 23.58 -101.017 4.2
      vertex 23.58 -101.017 8
    endloop
  endfacet
  facet normal 0.972383 0.233391 0
    outer loop
      vertex 23.58 -101.017 4.2
      vertex 23.8181 -102.009 8
      vertex 23.8181 -102.009 4.2
    endloop
  endfacet
  facet normal 0.972383 0.233391 0
    outer loop
      vertex 23.8181 -102.009 178
      vertex 23.58 -101.017 15
      vertex 23.58 -101.017 178
    endloop
  endfacet
  facet normal 0.972383 0.233391 0
    outer loop
      vertex 23.58 -101.017 15
      vertex 23.8181 -102.009 178
      vertex 23.8181 -102.009 15
    endloop
  endfacet
  facet normal 0.760418 -0.649434 0
    outer loop
      vertex 24.7414 -96.1794 8
      vertex 25.4038 -95.4038 4.2
      vertex 25.4038 -95.4038 8
    endloop
  endfacet
  facet normal 0.760418 -0.649434 0
    outer loop
      vertex 25.4038 -95.4038 4.2
      vertex 24.7414 -96.1794 8
      vertex 24.7414 -96.1794 4.2
    endloop
  endfacet
  facet normal 0.760418 -0.649434 0
    outer loop
      vertex 24.7414 -96.1794 178
      vertex 25.4038 -95.4038 15
      vertex 25.4038 -95.4038 178
    endloop
  endfacet
  facet normal 0.760418 -0.649434 0
    outer loop
      vertex 25.4038 -95.4038 15
      vertex 24.7414 -96.1794 178
      vertex 24.7414 -96.1794 15
    endloop
  endfacet
  facet normal 0.852663 -0.522461 0
    outer loop
      vertex 24.2085 -97.0491 8
      vertex 24.7414 -96.1794 4.2
      vertex 24.7414 -96.1794 8
    endloop
  endfacet
  facet normal 0.852663 -0.522461 0
    outer loop
      vertex 24.7414 -96.1794 4.2
      vertex 24.2085 -97.0491 8
      vertex 24.2085 -97.0491 4.2
    endloop
  endfacet
  facet normal 0.852663 -0.522461 0
    outer loop
      vertex 24.2085 -97.0491 178
      vertex 24.7414 -96.1794 15
      vertex 24.7414 -96.1794 178
    endloop
  endfacet
  facet normal 0.852663 -0.522461 0
    outer loop
      vertex 24.7414 -96.1794 15
      vertex 24.2085 -97.0491 178
      vertex 24.2085 -97.0491 15
    endloop
  endfacet
  facet normal -0.760418 -0.649434 0
    outer loop
      vertex 35.2586 -96.1794 4.2
      vertex 34.5962 -95.4038 8
      vertex 34.5962 -95.4038 4.2
    endloop
  endfacet
  facet normal -0.760418 -0.649434 0
    outer loop
      vertex 34.5962 -95.4038 8
      vertex 35.2586 -96.1794 4.2
      vertex 35.2586 -96.1794 8
    endloop
  endfacet
  facet normal -0.760418 -0.649434 0
    outer loop
      vertex 35.2586 -96.1794 15
      vertex 34.5962 -95.4038 178
      vertex 34.5962 -95.4038 15
    endloop
  endfacet
  facet normal -0.760418 -0.649434 0
    outer loop
      vertex 34.5962 -95.4038 178
      vertex 35.2586 -96.1794 15
      vertex 35.2586 -96.1794 178
    endloop
  endfacet
  facet normal 0.0784358 0.996919 -0
    outer loop
      vertex 30 -106.5 4.2
      vertex 28.9832 -106.42 8
      vertex 30 -106.5 8
    endloop
  endfacet
  facet normal 0.0784358 0.996919 0
    outer loop
      vertex 28.9832 -106.42 8
      vertex 30 -106.5 4.2
      vertex 28.9832 -106.42 4.2
    endloop
  endfacet
  facet normal 0.0784358 0.996919 -0
    outer loop
      vertex 30 -106.5 15
      vertex 28.9832 -106.42 178
      vertex 30 -106.5 178
    endloop
  endfacet
  facet normal 0.0784358 0.996919 0
    outer loop
      vertex 28.9832 -106.42 178
      vertex 30 -106.5 15
      vertex 28.9832 -106.42 15
    endloop
  endfacet
  facet normal 0.996919 -0.0784358 0
    outer loop
      vertex 23.5 -100 8
      vertex 23.58 -98.9832 4.2
      vertex 23.58 -98.9832 8
    endloop
  endfacet
  facet normal 0.996919 -0.0784358 0
    outer loop
      vertex 23.58 -98.9832 4.2
      vertex 23.5 -100 8
      vertex 23.5 -100 4.2
    endloop
  endfacet
  facet normal 0.996919 -0.0784358 0
    outer loop
      vertex 23.5 -100 178
      vertex 23.58 -98.9832 15
      vertex 23.58 -98.9832 178
    endloop
  endfacet
  facet normal 0.996919 -0.0784358 0
    outer loop
      vertex 23.58 -98.9832 15
      vertex 23.5 -100 178
      vertex 23.5 -100 15
    endloop
  endfacet
  facet normal 0.649434 -0.760418 0
    outer loop
      vertex 25.4038 -95.4038 4.2
      vertex 26.1794 -94.7414 8
      vertex 25.4038 -95.4038 8
    endloop
  endfacet
  facet normal 0.649434 -0.760418 0
    outer loop
      vertex 26.1794 -94.7414 8
      vertex 25.4038 -95.4038 4.2
      vertex 26.1794 -94.7414 4.2
    endloop
  endfacet
  facet normal 0.649434 -0.760418 0
    outer loop
      vertex 25.4038 -95.4038 15
      vertex 26.1794 -94.7414 178
      vertex 25.4038 -95.4038 178
    endloop
  endfacet
  facet normal 0.649434 -0.760418 0
    outer loop
      vertex 26.1794 -94.7414 178
      vertex 25.4038 -95.4038 15
      vertex 26.1794 -94.7414 15
    endloop
  endfacet
  facet normal 0.382421 0.923988 -0
    outer loop
      vertex 27.9914 -106.182 4.2
      vertex 27.0491 -105.792 8
      vertex 27.9914 -106.182 8
    endloop
  endfacet
  facet normal 0.382421 0.923988 0
    outer loop
      vertex 27.0491 -105.792 8
      vertex 27.9914 -106.182 4.2
      vertex 27.0491 -105.792 4.2
    endloop
  endfacet
  facet normal 0.382421 0.923988 -0
    outer loop
      vertex 27.9914 -106.182 15
      vertex 27.0491 -105.792 178
      vertex 27.9914 -106.182 178
    endloop
  endfacet
  facet normal 0.382421 0.923988 0
    outer loop
      vertex 27.0491 -105.792 178
      vertex 27.9914 -106.182 15
      vertex 27.0491 -105.792 15
    endloop
  endfacet
  facet normal -0 0 -1
    outer loop
      vertex 23.58 -101.017 4.2
      vertex 22.5 -106.5 4.2
      vertex 23.5 -100 4.2
    endloop
  endfacet
  facet normal -0 0 -1
    outer loop
      vertex 23.8181 -102.009 4.2
      vertex 22.5 -106.5 4.2
      vertex 23.58 -101.017 4.2
    endloop
  endfacet
  facet normal -0 0 -1
    outer loop
      vertex 24.2085 -102.951 4.2
      vertex 22.5 -106.5 4.2
      vertex 23.8181 -102.009 4.2
    endloop
  endfacet
  facet normal -0 0 -1
    outer loop
      vertex 24.7414 -103.821 4.2
      vertex 22.5 -106.5 4.2
      vertex 24.2085 -102.951 4.2
    endloop
  endfacet
  facet normal -0 0 -1
    outer loop
      vertex 25.4038 -104.596 4.2
      vertex 22.5 -106.5 4.2
      vertex 24.7414 -103.821 4.2
    endloop
  endfacet
  facet normal -0 0 -1
    outer loop
      vertex 26.1794 -105.259 4.2
      vertex 22.5 -106.5 4.2
      vertex 25.4038 -104.596 4.2
    endloop
  endfacet
  facet normal -0 0 -1
    outer loop
      vertex 27.0491 -105.792 4.2
      vertex 22.5 -106.5 4.2
      vertex 26.1794 -105.259 4.2
    endloop
  endfacet
  facet normal -0 0 -1
    outer loop
      vertex 27.9914 -106.182 4.2
      vertex 22.5 -106.5 4.2
      vertex 27.0491 -105.792 4.2
    endloop
  endfacet
  facet normal -0 0 -1
    outer loop
      vertex 28.9832 -106.42 4.2
      vertex 22.5 -106.5 4.2
      vertex 27.9914 -106.182 4.2
    endloop
  endfacet
  facet normal 0 0 -1
    outer loop
      vertex 22.5 -106.5 4.2
      vertex 28.9832 -106.42 4.2
      vertex 30 -106.5 4.2
    endloop
  endfacet
  facet normal 0 0 -1
    outer loop
      vertex 22.5 -93.5 4.2
      vertex 23.5 -100 4.2
      vertex 22.5 -106.5 4.2
    endloop
  endfacet
  facet normal 0 0 -1
    outer loop
      vertex 28.9832 -93.58 4.2
      vertex 22.5 -93.5 4.2
      vertex 30 -93.5 4.2
    endloop
  endfacet
  facet normal 0 0 -1
    outer loop
      vertex 27.9914 -93.8181 4.2
      vertex 22.5 -93.5 4.2
      vertex 28.9832 -93.58 4.2
    endloop
  endfacet
  facet normal 0 0 -1
    outer loop
      vertex 27.0491 -94.2085 4.2
      vertex 22.5 -93.5 4.2
      vertex 27.9914 -93.8181 4.2
    endloop
  endfacet
  facet normal 0 0 -1
    outer loop
      vertex 26.1794 -94.7414 4.2
      vertex 22.5 -93.5 4.2
      vertex 27.0491 -94.2085 4.2
    endloop
  endfacet
  facet normal 0 0 -1
    outer loop
      vertex 25.4038 -95.4038 4.2
      vertex 22.5 -93.5 4.2
      vertex 26.1794 -94.7414 4.2
    endloop
  endfacet
  facet normal 0 0 -1
    outer loop
      vertex 24.7414 -96.1794 4.2
      vertex 22.5 -93.5 4.2
      vertex 25.4038 -95.4038 4.2
    endloop
  endfacet
  facet normal 0 0 -1
    outer loop
      vertex 24.2085 -97.0491 4.2
      vertex 22.5 -93.5 4.2
      vertex 24.7414 -96.1794 4.2
    endloop
  endfacet
  facet normal 0 0 -1
    outer loop
      vertex 23.8181 -97.9914 4.2
      vertex 22.5 -93.5 4.2
      vertex 24.2085 -97.0491 4.2
    endloop
  endfacet
  facet normal 0 0 -1
    outer loop
      vertex 23.58 -98.9832 4.2
      vertex 22.5 -93.5 4.2
      vertex 23.8181 -97.9914 4.2
    endloop
  endfacet
  facet normal 0 0 -1
    outer loop
      vertex 23.5 -100 4.2
      vertex 22.5 -93.5 4.2
      vertex 23.58 -98.9832 4.2
    endloop
  endfacet
  facet normal 0 0 -1
    outer loop
      vertex 110 -106.5 4.2
      vertex 36.5 -100 4.2
      vertex 110 -93.5 4.2
    endloop
  endfacet
  facet normal 0 0 -1
    outer loop
      vertex 110 -106.5 4.2
      vertex 36.42 -101.017 4.2
      vertex 36.5 -100 4.2
    endloop
  endfacet
  facet normal 0 0 -1
    outer loop
      vertex 110 -106.5 4.2
      vertex 36.1819 -102.009 4.2
      vertex 36.42 -101.017 4.2
    endloop
  endfacet
  facet normal 0 0 -1
    outer loop
      vertex 110 -106.5 4.2
      vertex 35.7915 -102.951 4.2
      vertex 36.1819 -102.009 4.2
    endloop
  endfacet
  facet normal 0 0 -1
    outer loop
      vertex 110 -106.5 4.2
      vertex 35.2586 -103.821 4.2
      vertex 35.7915 -102.951 4.2
    endloop
  endfacet
  facet normal 0 0 -1
    outer loop
      vertex 110 -106.5 4.2
      vertex 34.5962 -104.596 4.2
      vertex 35.2586 -103.821 4.2
    endloop
  endfacet
  facet normal 0 0 -1
    outer loop
      vertex 110 -106.5 4.2
      vertex 33.8206 -105.259 4.2
      vertex 34.5962 -104.596 4.2
    endloop
  endfacet
  facet normal 0 0 -1
    outer loop
      vertex 110 -106.5 4.2
      vertex 32.9509 -105.792 4.2
      vertex 33.8206 -105.259 4.2
    endloop
  endfacet
  facet normal 0 0 -1
    outer loop
      vertex 110 -106.5 4.2
      vertex 32.0086 -106.182 4.2
      vertex 32.9509 -105.792 4.2
    endloop
  endfacet
  facet normal 0 0 -1
    outer loop
      vertex 110 -106.5 4.2
      vertex 31.0168 -106.42 4.2
      vertex 32.0086 -106.182 4.2
    endloop
  endfacet
  facet normal 0 -0 -1
    outer loop
      vertex 31.0168 -106.42 4.2
      vertex 110 -106.5 4.2
      vertex 30 -106.5 4.2
    endloop
  endfacet
  facet normal 0 0 -1
    outer loop
      vertex 36.42 -98.9832 4.2
      vertex 110 -93.5 4.2
      vertex 36.5 -100 4.2
    endloop
  endfacet
  facet normal 0 0 -1
    outer loop
      vertex 36.1819 -97.9914 4.2
      vertex 110 -93.5 4.2
      vertex 36.42 -98.9832 4.2
    endloop
  endfacet
  facet normal 0 0 -1
    outer loop
      vertex 35.7915 -97.0491 4.2
      vertex 110 -93.5 4.2
      vertex 36.1819 -97.9914 4.2
    endloop
  endfacet
  facet normal 0 0 -1
    outer loop
      vertex 35.2586 -96.1794 4.2
      vertex 110 -93.5 4.2
      vertex 35.7915 -97.0491 4.2
    endloop
  endfacet
  facet normal 0 0 -1
    outer loop
      vertex 34.5962 -95.4038 4.2
      vertex 110 -93.5 4.2
      vertex 35.2586 -96.1794 4.2
    endloop
  endfacet
  facet normal 0 0 -1
    outer loop
      vertex 33.8206 -94.7414 4.2
      vertex 110 -93.5 4.2
      vertex 34.5962 -95.4038 4.2
    endloop
  endfacet
  facet normal 0 0 -1
    outer loop
      vertex 32.9509 -94.2085 4.2
      vertex 110 -93.5 4.2
      vertex 33.8206 -94.7414 4.2
    endloop
  endfacet
  facet normal 0 0 -1
    outer loop
      vertex 32.0086 -93.8181 4.2
      vertex 110 -93.5 4.2
      vertex 32.9509 -94.2085 4.2
    endloop
  endfacet
  facet normal 0 0 -1
    outer loop
      vertex 31.0168 -93.58 4.2
      vertex 110 -93.5 4.2
      vertex 32.0086 -93.8181 4.2
    endloop
  endfacet
  facet normal -0 0 -1
    outer loop
      vertex 110 -93.5 4.2
      vertex 31.0168 -93.58 4.2
      vertex 30 -93.5 4.2
    endloop
  endfacet
  facet normal 1 -0 0
    outer loop
      vertex 22.5 -106.5 4.2
      vertex 22.5 -93.5 0
      vertex 22.5 -93.5 4.2
    endloop
  endfacet
  facet normal 1 0 0
    outer loop
      vertex 22.5 -93.5 0
      vertex 22.5 -106.5 4.2
      vertex 22.5 -106.5 0
    endloop
  endfacet
  facet normal 0 -1 0
    outer loop
      vertex 22.5 -93.5 0
      vertex 30 -93.5 4.2
      vertex 22.5 -93.5 4.2
    endloop
  endfacet
  facet normal 0 -1 0
    outer loop
      vertex 110 -93.5 0
      vertex 30 -93.5 4.2
      vertex 22.5 -93.5 0
    endloop
  endfacet
  facet normal 0 -1 0
    outer loop
      vertex 30 -93.5 4.2
      vertex 110 -93.5 0
      vertex 110 -93.5 4.2
    endloop
  endfacet
  facet normal 0 1 -0
    outer loop
      vertex 110 -106.5 0
      vertex 30 -106.5 4.2
      vertex 110 -106.5 4.2
    endloop
  endfacet
  facet normal 0 1 0
    outer loop
      vertex 22.5 -106.5 0
      vertex 30 -106.5 4.2
      vertex 110 -106.5 0
    endloop
  endfacet
  facet normal 0 1 0
    outer loop
      vertex 30 -106.5 4.2
      vertex 22.5 -106.5 0
      vertex 22.5 -106.5 4.2
    endloop
  endfacet
  facet normal -1 0 0
    outer loop
      vertex 79 -129 158
      vertex 79 -71 159
      vertex 79 -71 158
    endloop
  endfacet
  facet normal -1 -0 0
    outer loop
      vertex 79 -71 159
      vertex 79 -129 158
      vertex 79 -129 159
    endloop
  endfacet
  facet normal 0 0 -1
    outer loop
      vertex 79 -129 159
      vertex 78 -114 159
      vertex 79 -71 159
    endloop
  endfacet
  facet normal 0 0 -1
    outer loop
      vertex 70 -129 159
      vertex 78 -114 159
      vertex 79 -129 159
    endloop
  endfacet
  facet normal -0 0 -1
    outer loop
      vertex 78 -114 159
      vertex 70 -129 159
      vertex 70 -114 159
    endloop
  endfacet
  facet normal 0 0 -1
    outer loop
      vertex 78 -86 159
      vertex 79 -71 159
      vertex 78 -114 159
    endloop
  endfacet
  facet normal 0 0 -1
    outer loop
      vertex 70 -71 159
      vertex 78 -86 159
      vertex 70 -86 159
    endloop
  endfacet
  facet normal 0 0 -1
    outer loop
      vertex 78 -86 159
      vertex 70 -71 159
      vertex 79 -71 159
    endloop
  endfacet
  facet normal 0 -1 0
    outer loop
      vertex 10.587 -71 15
      vertex 10.587 -71 14
      vertex 70 -71 15
    endloop
  endfacet
  facet normal 0 -1 0
    outer loop
      vertex 77.413 -71 157.9
      vertex 79 -71 159
      vertex 70 -71 159
    endloop
  endfacet
  facet normal 0 -1 0
    outer loop
      vertex 79 -71 159
      vertex 77.413 -71 157.9
      vertex 78 -71 158
    endloop
  endfacet
  facet normal 0 -1 0
    outer loop
      vertex 70 -71 15
      vertex 77.413 -71 157.9
      vertex 70 -71 159
    endloop
  endfacet
  facet normal 0 -1 0
    outer loop
      vertex 70 -71 15
      vertex 77.413 -71 14
      vertex 77.413 -71 157.9
    endloop
  endfacet
  facet normal 0 -1 0
    outer loop
      vertex 10 -71 8
      vertex 70 -71 15
      vertex 10.587 -71 14
    endloop
  endfacet
  facet normal 0 -1 -0
    outer loop
      vertex 79 -71 159
      vertex 78 -71 158
      vertex 79 -71 158
    endloop
  endfacet
  facet normal 0 -1 -0
    outer loop
      vertex 78 -71 158
      vertex 77.413 -71 157.9
      vertex 78 -71 157.9
    endloop
  endfacet
  facet normal 0 -1 0
    outer loop
      vertex 10 -71 8
      vertex 10.587 -71 14
      vertex 10 -71 14
    endloop
  endfacet
  facet normal 0 -1 -0
    outer loop
      vertex 70 -71 15
      vertex 10 -71 8
      vertex 77.413 -71 14
    endloop
  endfacet
  facet normal 0 -1 0
    outer loop
      vertex 110 -71 8
      vertex 77.413 -71 14
      vertex 10 -71 8
    endloop
  endfacet
  facet normal 0 -1 0
    outer loop
      vertex 77.413 -71 14
      vertex 110 -71 8
      vertex 110 -71 14
    endloop
  endfacet
  facet normal 0 1 -0
    outer loop
      vertex 110 -129 8
      vertex 77.413 -129 14
      vertex 110 -129 14
    endloop
  endfacet
  facet normal 0 1 0
    outer loop
      vertex 10 -129 8
      vertex 77.413 -129 14
      vertex 110 -129 8
    endloop
  endfacet
  facet normal 0 1 0
    outer loop
      vertex 77.413 -129 14
      vertex 10 -129 8
      vertex 10.587 -129 14
    endloop
  endfacet
  facet normal 0 1 0
    outer loop
      vertex 10.587 -129 14
      vertex 10 -129 8
      vertex 10 -129 14
    endloop
  endfacet
  facet normal 0 1 0
    outer loop
      vertex 78 -129 158
      vertex 79 -129 159
      vertex 79 -129 158
    endloop
  endfacet
  facet normal 0 1 0
    outer loop
      vertex 77.413 -129 157.9
      vertex 79 -129 159
      vertex 78 -129 158
    endloop
  endfacet
  facet normal 0 1 0
    outer loop
      vertex 77.413 -129 157.9
      vertex 78 -129 158
      vertex 78 -129 157.9
    endloop
  endfacet
  facet normal 0 1 0
    outer loop
      vertex 79 -129 159
      vertex 77.413 -129 157.9
      vertex 70 -129 159
    endloop
  endfacet
  facet normal 0 1 0
    outer loop
      vertex 77.413 -129 157.9
      vertex 70 -129 15
      vertex 70 -129 159
    endloop
  endfacet
  facet normal 0 1 -0
    outer loop
      vertex 77.413 -129 14
      vertex 70 -129 15
      vertex 77.413 -129 157.9
    endloop
  endfacet
  facet normal 0 1 0
    outer loop
      vertex 10.587 -129 14
      vertex 70 -129 15
      vertex 77.413 -129 14
    endloop
  endfacet
  facet normal 0 1 0
    outer loop
      vertex 70 -129 15
      vertex 10.587 -129 14
      vertex 10.587 -129 15
    endloop
  endfacet
  facet normal 0 0 -1
    outer loop
      vertex 70 -129 15
      vertex 36.5 -100 15
      vertex 70 -71 15
    endloop
  endfacet
  facet normal 0 0 -1
    outer loop
      vertex 70 -129 15
      vertex 36.42 -101.017 15
      vertex 36.5 -100 15
    endloop
  endfacet
  facet normal 0 0 -1
    outer loop
      vertex 70 -129 15
      vertex 36.1819 -102.009 15
      vertex 36.42 -101.017 15
    endloop
  endfacet
  facet normal 0 0 -1
    outer loop
      vertex 70 -129 15
      vertex 35.7915 -102.951 15
      vertex 36.1819 -102.009 15
    endloop
  endfacet
  facet normal 0 0 -1
    outer loop
      vertex 70 -129 15
      vertex 35.2586 -103.821 15
      vertex 35.7915 -102.951 15
    endloop
  endfacet
  facet normal 0 0 -1
    outer loop
      vertex 70 -129 15
      vertex 34.5962 -104.596 15
      vertex 35.2586 -103.821 15
    endloop
  endfacet
  facet normal 0 0 -1
    outer loop
      vertex 70 -129 15
      vertex 33.8206 -105.259 15
      vertex 34.5962 -104.596 15
    endloop
  endfacet
  facet normal 0 0 -1
    outer loop
      vertex 70 -129 15
      vertex 32.9509 -105.792 15
      vertex 33.8206 -105.259 15
    endloop
  endfacet
  facet normal 0 0 -1
    outer loop
      vertex 70 -129 15
      vertex 32.0086 -106.182 15
      vertex 32.9509 -105.792 15
    endloop
  endfacet
  facet normal 0 0 -1
    outer loop
      vertex 10.587 -129 15
      vertex 32.0086 -106.182 15
      vertex 70 -129 15
    endloop
  endfacet
  facet normal 0 0 -1
    outer loop
      vertex 32.0086 -106.182 15
      vertex 10.587 -129 15
      vertex 31.0168 -106.42 15
    endloop
  endfacet
  facet normal 0 0 -1
    outer loop
      vertex 31.0168 -106.42 15
      vertex 10.587 -129 15
      vertex 30 -106.5 15
    endloop
  endfacet
  facet normal -0 0 -1
    outer loop
      vertex 30 -106.5 15
      vertex 10.587 -129 15
      vertex 28.9832 -106.42 15
    endloop
  endfacet
  facet normal 0 0 -1
    outer loop
      vertex 10 -126 15
      vertex 28.9832 -106.42 15
      vertex 10.587 -129 15
    endloop
  endfacet
  facet normal -0 0 -1
    outer loop
      vertex 23.8181 -102.009 15
      vertex 10 -126 15
      vertex 23.58 -101.017 15
    endloop
  endfacet
  facet normal -0 0 -1
    outer loop
      vertex 24.2085 -102.951 15
      vertex 10 -126 15
      vertex 23.8181 -102.009 15
    endloop
  endfacet
  facet normal -0 0 -1
    outer loop
      vertex 24.7414 -103.821 15
      vertex 10 -126 15
      vertex 24.2085 -102.951 15
    endloop
  endfacet
  facet normal -0 0 -1
    outer loop
      vertex 25.4038 -104.596 15
      vertex 10 -126 15
      vertex 24.7414 -103.821 15
    endloop
  endfacet
  facet normal -0 0 -1
    outer loop
      vertex 26.1794 -105.259 15
      vertex 10 -126 15
      vertex 25.4038 -104.596 15
    endloop
  endfacet
  facet normal -0 0 -1
    outer loop
      vertex 27.0491 -105.792 15
      vertex 10 -126 15
      vertex 26.1794 -105.259 15
    endloop
  endfacet
  facet normal -0 0 -1
    outer loop
      vertex 27.9914 -106.182 15
      vertex 10 -126 15
      vertex 27.0491 -105.792 15
    endloop
  endfacet
  facet normal -0 0 -1
    outer loop
      vertex 28.9832 -106.42 15
      vertex 10 -126 15
      vertex 27.9914 -106.182 15
    endloop
  endfacet
  facet normal 0 0 -1
    outer loop
      vertex 36.42 -98.9832 15
      vertex 70 -71 15
      vertex 36.5 -100 15
    endloop
  endfacet
  facet normal 0 0 -1
    outer loop
      vertex 36.1819 -97.9914 15
      vertex 70 -71 15
      vertex 36.42 -98.9832 15
    endloop
  endfacet
  facet normal 0 0 -1
    outer loop
      vertex 35.7915 -97.0491 15
      vertex 70 -71 15
      vertex 36.1819 -97.9914 15
    endloop
  endfacet
  facet normal 0 0 -1
    outer loop
      vertex 35.2586 -96.1794 15
      vertex 70 -71 15
      vertex 35.7915 -97.0491 15
    endloop
  endfacet
  facet normal 0 0 -1
    outer loop
      vertex 34.5962 -95.4038 15
      vertex 70 -71 15
      vertex 35.2586 -96.1794 15
    endloop
  endfacet
  facet normal 0 0 -1
    outer loop
      vertex 33.8206 -94.7414 15
      vertex 70 -71 15
      vertex 34.5962 -95.4038 15
    endloop
  endfacet
  facet normal 0 0 -1
    outer loop
      vertex 32.9509 -94.2085 15
      vertex 70 -71 15
      vertex 33.8206 -94.7414 15
    endloop
  endfacet
  facet normal 0 0 -1
    outer loop
      vertex 32.0086 -93.8181 15
      vertex 70 -71 15
      vertex 32.9509 -94.2085 15
    endloop
  endfacet
  facet normal 0 0 -1
    outer loop
      vertex 10.587 -71 15
      vertex 32.0086 -93.8181 15
      vertex 31.0168 -93.58 15
    endloop
  endfacet
  facet normal 0 0 -1
    outer loop
      vertex 10.587 -71 15
      vertex 31.0168 -93.58 15
      vertex 30 -93.5 15
    endloop
  endfacet
  facet normal 0 0 -1
    outer loop
      vertex 10.587 -71 15
      vertex 30 -93.5 15
      vertex 28.9832 -93.58 15
    endloop
  endfacet
  facet normal 0 0 -1
    outer loop
      vertex 10 -74 15
      vertex 28.9832 -93.58 15
      vertex 27.9914 -93.8181 15
    endloop
  endfacet
  facet normal 0 0 -1
    outer loop
      vertex 10 -74 15
      vertex 27.9914 -93.8181 15
      vertex 27.0491 -94.2085 15
    endloop
  endfacet
  facet normal -0 0 -1
    outer loop
      vertex 23.58 -101.017 15
      vertex 10 -126 15
      vertex 23.5 -100 15
    endloop
  endfacet
  facet normal 0 0 -1
    outer loop
      vertex 10 -74 15
      vertex 23.5 -100 15
      vertex 10 -126 15
    endloop
  endfacet
  facet normal 0 0 -1
    outer loop
      vertex 23.5 -100 15
      vertex 10 -74 15
      vertex 23.58 -98.9832 15
    endloop
  endfacet
  facet normal 0 0 -1
    outer loop
      vertex 32.0086 -93.8181 15
      vertex 10.587 -71 15
      vertex 70 -71 15
    endloop
  endfacet
  facet normal 0 0 -1
    outer loop
      vertex 10 -74 15
      vertex 27.0491 -94.2085 15
      vertex 26.1794 -94.7414 15
    endloop
  endfacet
  facet normal 0 0 -1
    outer loop
      vertex 10 -74 15
      vertex 26.1794 -94.7414 15
      vertex 25.4038 -95.4038 15
    endloop
  endfacet
  facet normal 0 0 -1
    outer loop
      vertex 10 -74 15
      vertex 25.4038 -95.4038 15
      vertex 24.7414 -96.1794 15
    endloop
  endfacet
  facet normal 0 0 -1
    outer loop
      vertex 10 -74 15
      vertex 24.7414 -96.1794 15
      vertex 24.2085 -97.0491 15
    endloop
  endfacet
  facet normal 0 0 -1
    outer loop
      vertex 23.58 -98.9832 15
      vertex 10 -74 15
      vertex 23.8181 -97.9914 15
    endloop
  endfacet
  facet normal 0 0 -1
    outer loop
      vertex 10 -126 15
      vertex 10.587 -129 15
      vertex 10.3445 -128.322 15
    endloop
  endfacet
  facet normal 0 0 -1
    outer loop
      vertex 23.8181 -97.9914 15
      vertex 10 -74 15
      vertex 24.2085 -97.0491 15
    endloop
  endfacet
  facet normal 0 0 -1
    outer loop
      vertex 10 -126 15
      vertex 10.3445 -128.322 15
      vertex 10.1537 -127.561 15
    endloop
  endfacet
  facet normal 0 0 -1
    outer loop
      vertex 28.9832 -93.58 15
      vertex 10 -74 15
      vertex 10.587 -71 15
    endloop
  endfacet
  facet normal 0 0 -1
    outer loop
      vertex 10 -126 15
      vertex 10.1537 -127.561 15
      vertex 10.0385 -126.784 15
    endloop
  endfacet
  facet normal 0 0 -1
    outer loop
      vertex 10.587 -71 15
      vertex 10 -74 15
      vertex 10.3445 -71.6777 15
    endloop
  endfacet
  facet normal 0 0 -1
    outer loop
      vertex 10.3445 -71.6777 15
      vertex 10 -74 15
      vertex 10.1537 -72.4393 15
    endloop
  endfacet
  facet normal 0 0 -1
    outer loop
      vertex 10.1537 -72.4393 15
      vertex 10 -74 15
      vertex 10.0385 -73.2159 15
    endloop
  endfacet
  facet normal 0 0 1
    outer loop
      vertex 110 -71 8
      vertex 36.5 -100 8
      vertex 110 -129 8
    endloop
  endfacet
  facet normal 0 0 1
    outer loop
      vertex 110 -71 8
      vertex 36.42 -98.9832 8
      vertex 36.5 -100 8
    endloop
  endfacet
  facet normal 0 0 1
    outer loop
      vertex 110 -71 8
      vertex 36.1819 -97.9914 8
      vertex 36.42 -98.9832 8
    endloop
  endfacet
  facet normal 0 0 1
    outer loop
      vertex 110 -71 8
      vertex 35.7915 -97.0491 8
      vertex 36.1819 -97.9914 8
    endloop
  endfacet
  facet normal 0 0 1
    outer loop
      vertex 110 -71 8
      vertex 35.2586 -96.1794 8
      vertex 35.7915 -97.0491 8
    endloop
  endfacet
  facet normal 0 0 1
    outer loop
      vertex 110 -71 8
      vertex 34.5962 -95.4038 8
      vertex 35.2586 -96.1794 8
    endloop
  endfacet
  facet normal 0 0 1
    outer loop
      vertex 110 -71 8
      vertex 33.8206 -94.7414 8
      vertex 34.5962 -95.4038 8
    endloop
  endfacet
  facet normal 0 0 1
    outer loop
      vertex 110 -71 8
      vertex 32.9509 -94.2085 8
      vertex 33.8206 -94.7414 8
    endloop
  endfacet
  facet normal -0 0 1
    outer loop
      vertex 10 -71 8
      vertex 32.9509 -94.2085 8
      vertex 110 -71 8
    endloop
  endfacet
  facet normal 0 0 1
    outer loop
      vertex 32.9509 -94.2085 8
      vertex 10 -71 8
      vertex 32.0086 -93.8181 8
    endloop
  endfacet
  facet normal 0 0 1
    outer loop
      vertex 32.0086 -93.8181 8
      vertex 10 -71 8
      vertex 31.0168 -93.58 8
    endloop
  endfacet
  facet normal 0 0 1
    outer loop
      vertex 31.0168 -93.58 8
      vertex 10 -71 8
      vertex 30 -93.5 8
    endloop
  endfacet
  facet normal 0 0 1
    outer loop
      vertex 30 -93.5 8
      vertex 10 -71 8
      vertex 28.9832 -93.58 8
    endloop
  endfacet
  facet normal 0 0 1
    outer loop
      vertex 23.58 -98.9832 8
      vertex 10 -71 8
      vertex 23.5 -100 8
    endloop
  endfacet
  facet normal 0 0 1
    outer loop
      vertex 23.8181 -97.9914 8
      vertex 10 -71 8
      vertex 23.58 -98.9832 8
    endloop
  endfacet
  facet normal 0 0 1
    outer loop
      vertex 24.2085 -97.0491 8
      vertex 10 -71 8
      vertex 23.8181 -97.9914 8
    endloop
  endfacet
  facet normal 0 0 1
    outer loop
      vertex 24.7414 -96.1794 8
      vertex 10 -71 8
      vertex 24.2085 -97.0491 8
    endloop
  endfacet
  facet normal 0 0 1
    outer loop
      vertex 25.4038 -95.4038 8
      vertex 10 -71 8
      vertex 24.7414 -96.1794 8
    endloop
  endfacet
  facet normal 0 0 1
    outer loop
      vertex 26.1794 -94.7414 8
      vertex 10 -71 8
      vertex 25.4038 -95.4038 8
    endloop
  endfacet
  facet normal 0 0 1
    outer loop
      vertex 27.0491 -94.2085 8
      vertex 10 -71 8
      vertex 26.1794 -94.7414 8
    endloop
  endfacet
  facet normal 0 0 1
    outer loop
      vertex 27.9914 -93.8181 8
      vertex 10 -71 8
      vertex 27.0491 -94.2085 8
    endloop
  endfacet
  facet normal 0 0 1
    outer loop
      vertex 28.9832 -93.58 8
      vertex 10 -71 8
      vertex 27.9914 -93.8181 8
    endloop
  endfacet
  facet normal -0 0 1
    outer loop
      vertex 36.42 -101.017 8
      vertex 110 -129 8
      vertex 36.5 -100 8
    endloop
  endfacet
  facet normal -0 0 1
    outer loop
      vertex 36.1819 -102.009 8
      vertex 110 -129 8
      vertex 36.42 -101.017 8
    endloop
  endfacet
  facet normal -0 0 1
    outer loop
      vertex 35.7915 -102.951 8
      vertex 110 -129 8
      vertex 36.1819 -102.009 8
    endloop
  endfacet
  facet normal -0 0 1
    outer loop
      vertex 35.2586 -103.821 8
      vertex 110 -129 8
      vertex 35.7915 -102.951 8
    endloop
  endfacet
  facet normal -0 0 1
    outer loop
      vertex 34.5962 -104.596 8
      vertex 110 -129 8
      vertex 35.2586 -103.821 8
    endloop
  endfacet
  facet normal -0 0 1
    outer loop
      vertex 33.8206 -105.259 8
      vertex 110 -129 8
      vertex 34.5962 -104.596 8
    endloop
  endfacet
  facet normal -0 0 1
    outer loop
      vertex 32.9509 -105.792 8
      vertex 110 -129 8
      vertex 33.8206 -105.259 8
    endloop
  endfacet
  facet normal 0 0 1
    outer loop
      vertex 10 -129 8
      vertex 32.9509 -105.792 8
      vertex 32.0086 -106.182 8
    endloop
  endfacet
  facet normal 0 0 1
    outer loop
      vertex 10 -129 8
      vertex 32.0086 -106.182 8
      vertex 31.0168 -106.42 8
    endloop
  endfacet
  facet normal 0 0 1
    outer loop
      vertex 10 -129 8
      vertex 31.0168 -106.42 8
      vertex 30 -106.5 8
    endloop
  endfacet
  facet normal 0 0 1
    outer loop
      vertex 10 -129 8
      vertex 30 -106.5 8
      vertex 28.9832 -106.42 8
    endloop
  endfacet
  facet normal 0 0 1
    outer loop
      vertex 10 -129 8
      vertex 28.9832 -106.42 8
      vertex 27.9914 -106.182 8
    endloop
  endfacet
  facet normal 0 0 1
    outer loop
      vertex 10 -129 8
      vertex 23.5 -100 8
      vertex 10 -71 8
    endloop
  endfacet
  facet normal 0 0 1
    outer loop
      vertex 23.5 -100 8
      vertex 10 -129 8
      vertex 23.58 -101.017 8
    endloop
  endfacet
  facet normal 0 0 1
    outer loop
      vertex 23.58 -101.017 8
      vertex 10 -129 8
      vertex 23.8181 -102.009 8
    endloop
  endfacet
  facet normal 0 0 1
    outer loop
      vertex 32.9509 -105.792 8
      vertex 10 -129 8
      vertex 110 -129 8
    endloop
  endfacet
  facet normal 0 0 1
    outer loop
      vertex 27.0491 -105.792 8
      vertex 10 -129 8
      vertex 27.9914 -106.182 8
    endloop
  endfacet
  facet normal 0 0 1
    outer loop
      vertex 26.1794 -105.259 8
      vertex 10 -129 8
      vertex 27.0491 -105.792 8
    endloop
  endfacet
  facet normal 0 0 1
    outer loop
      vertex 25.4038 -104.596 8
      vertex 10 -129 8
      vertex 26.1794 -105.259 8
    endloop
  endfacet
  facet normal 0 0 1
    outer loop
      vertex 24.7414 -103.821 8
      vertex 10 -129 8
      vertex 25.4038 -104.596 8
    endloop
  endfacet
  facet normal 0 0 1
    outer loop
      vertex 24.2085 -102.951 8
      vertex 10 -129 8
      vertex 24.7414 -103.821 8
    endloop
  endfacet
  facet normal 0 0 1
    outer loop
      vertex 23.8181 -102.009 8
      vertex 10 -129 8
      vertex 24.2085 -102.951 8
    endloop
  endfacet
  facet normal 0 -0.671541 0.740967
    outer loop
      vertex 68 -78.4332 170.433
      vertex 80 -80.651 168.423
      vertex 80 -78.4332 170.433
    endloop
  endfacet
  facet normal 0 -0.671541 0.740967
    outer loop
      vertex 80 -80.651 168.423
      vertex 68 -78.4332 170.433
      vertex 68 -80.651 168.423
    endloop
  endfacet
  facet normal 0 -0.970048 0.242913
    outer loop
      vertex 68 -70.8133 183.146
      vertex 80 -70.0861 186.05
      vertex 68 -70.0861 186.05
    endloop
  endfacet
  facet normal 0 -0.970048 0.242913
    outer loop
      vertex 80 -70.0861 186.05
      vertex 68 -70.8133 183.146
      vertex 80 -70.8133 183.146
    endloop
  endfacet
  facet normal 0 -0.0491128 0.998793
    outer loop
      vertex 68 -97.0105 161.647
      vertex 70 -100 161.5
      vertex 70 -97.0105 161.647
    endloop
  endfacet
  facet normal 0 -0.0491128 0.998793
    outer loop
      vertex 70 -100 161.5
      vertex 68 -97.0105 161.647
      vertex 68 -100 161.5
    endloop
  endfacet
  facet normal 0 -0.0491128 0.998793
    outer loop
      vertex 78 -97.0105 161.647
      vertex 80 -100 161.5
      vertex 80 -97.0105 161.647
    endloop
  endfacet
  facet normal 0 -0.0491128 0.998793
    outer loop
      vertex 80 -100 161.5
      vertex 78 -97.0105 161.647
      vertex 78 -100 161.5
    endloop
  endfacet
  facet normal 0 -0.514157 -0.857696
    outer loop
      vertex 68 -85.6224 218.899
      vertex 80 -83.0551 217.36
      vertex 80 -85.6224 218.899
    endloop
  endfacet
  facet normal -0 -0.514157 -0.857696
    outer loop
      vertex 80 -83.0551 217.36
      vertex 68 -85.6224 218.899
      vertex 68 -83.0551 217.36
    endloop
  endfacet
  facet normal 0 0.941469 0.337098
    outer loop
      vertex 80 -128.178 180.328
      vertex 68 -129.187 183.146
      vertex 80 -129.187 183.146
    endloop
  endfacet
  facet normal 0 0.941469 0.337098
    outer loop
      vertex 68 -129.187 183.146
      vertex 80 -128.178 180.328
      vertex 68 -128.178 180.328
    endloop
  endfacet
  facet normal 0 -0.740997 -0.671508
    outer loop
      vertex 68 -76.4232 211.349
      vertex 80 -78.4332 213.567
      vertex 68 -78.4332 213.567
    endloop
  endfacet
  facet normal 0 -0.740997 -0.671508
    outer loop
      vertex 80 -78.4332 213.567
      vertex 68 -76.4232 211.349
      vertex 80 -76.4232 211.349
    endloop
  endfacet
  facet normal 0 0.24285 -0.970064
    outer loop
      vertex 68 -108.854 221.187
      vertex 70 -105.95 221.914
      vertex 70 -108.854 221.187
    endloop
  endfacet
  facet normal 0 0.24285 -0.970064
    outer loop
      vertex 70 -105.95 221.914
      vertex 68 -108.854 221.187
      vertex 68 -105.95 221.914
    endloop
  endfacet
  facet normal 0 0.24285 -0.970064
    outer loop
      vertex 78 -108.854 221.187
      vertex 80 -105.95 221.914
      vertex 80 -108.854 221.187
    endloop
  endfacet
  facet normal 0 0.24285 -0.970064
    outer loop
      vertex 80 -105.95 221.914
      vertex 78 -108.854 221.187
      vertex 78 -105.95 221.914
    endloop
  endfacet
  facet normal -0 0.146706 0.98918
    outer loop
      vertex 68 -102.99 161.647
      vertex 70 -105.95 162.086
      vertex 70 -102.99 161.647
    endloop
  endfacet
  facet normal 0 0.146706 0.98918
    outer loop
      vertex 70 -105.95 162.086
      vertex 68 -102.99 161.647
      vertex 68 -105.95 162.086
    endloop
  endfacet
  facet normal -0 0.146706 0.98918
    outer loop
      vertex 78 -102.99 161.647
      vertex 80 -105.95 162.086
      vertex 80 -102.99 161.647
    endloop
  endfacet
  facet normal 0 0.146706 0.98918
    outer loop
      vertex 80 -105.95 162.086
      vertex 78 -102.99 161.647
      vertex 78 -105.95 162.086
    endloop
  endfacet
  facet normal 0 -0.904008 -0.427516
    outer loop
      vertex 68 -71.8217 203.672
      vertex 80 -73.1014 206.378
      vertex 68 -73.1014 206.378
    endloop
  endfacet
  facet normal 0 -0.904008 -0.427516
    outer loop
      vertex 80 -73.1014 206.378
      vertex 68 -71.8217 203.672
      vertex 80 -71.8217 203.672
    endloop
  endfacet
  facet normal 0 0.427535 0.903999
    outer loop
      vertex 70 -111.672 163.822
      vertex 68 -111.672 163.822
      vertex 70 -114 164.923
    endloop
  endfacet
  facet normal 0 0.427535 0.903999
    outer loop
      vertex 78 -114 164.923
      vertex 80 -111.672 163.822
      vertex 78 -111.672 163.822
    endloop
  endfacet
  facet normal 0.000299695 0.427325 0.904098
    outer loop
      vertex 80 -111.672 163.822
      vertex 78 -114 164.923
      vertex 80 -114.378 165.101
    endloop
  endfacet
  facet normal -0 0.426028 0.90471
    outer loop
      vertex 70 -114 164.923
      vertex 80 -114.378 165.101
      vertex 78 -114 164.923
    endloop
  endfacet
  facet normal 0 0.426028 0.90471
    outer loop
      vertex 70 -114 164.923
      vertex 68 -114.378 165.101
      vertex 80 -114.378 165.101
    endloop
  endfacet
  facet normal -0.000299695 0.427325 0.904098
    outer loop
      vertex 68 -114.378 165.101
      vertex 70 -114 164.923
      vertex 68 -111.672 163.822
    endloop
  endfacet
  facet normal 0 -0.857699 0.514152
    outer loop
      vertex 68 -74.6402 175.055
      vertex 80 -73.1014 177.622
      vertex 68 -73.1014 177.622
    endloop
  endfacet
  facet normal 0 -0.857699 0.514152
    outer loop
      vertex 80 -73.1014 177.622
      vertex 68 -74.6402 175.055
      vertex 80 -74.6402 175.055
    endloop
  endfacet
  facet normal 0 -0.970048 -0.242913
    outer loop
      vertex 68 -70.0861 197.95
      vertex 80 -70.8133 200.854
      vertex 68 -70.8133 200.854
    endloop
  endfacet
  facet normal 0 -0.970048 -0.242913
    outer loop
      vertex 80 -70.8133 200.854
      vertex 68 -70.0861 197.95
      vertex 80 -70.0861 197.95
    endloop
  endfacet
  facet normal 0 -0.242897 -0.970052
    outer loop
      vertex 68 -94.0497 221.914
      vertex 70 -91.1463 221.187
      vertex 70 -94.0497 221.914
    endloop
  endfacet
  facet normal -0 -0.242897 -0.970052
    outer loop
      vertex 70 -91.1463 221.187
      vertex 68 -94.0497 221.914
      vertex 68 -91.1463 221.187
    endloop
  endfacet
  facet normal 0 -0.242897 -0.970052
    outer loop
      vertex 78 -94.0497 221.914
      vertex 80 -91.1463 221.187
      vertex 80 -94.0497 221.914
    endloop
  endfacet
  facet normal -0 -0.242897 -0.970052
    outer loop
      vertex 80 -91.1463 221.187
      vertex 78 -94.0497 221.914
      vertex 78 -91.1463 221.187
    endloop
  endfacet
  facet normal 0 -0.337088 -0.941473
    outer loop
      vertex 68 -91.1463 221.187
      vertex 70 -88.3282 220.178
      vertex 70 -91.1463 221.187
    endloop
  endfacet
  facet normal -0 -0.337088 -0.941473
    outer loop
      vertex 70 -88.3282 220.178
      vertex 68 -91.1463 221.187
      vertex 68 -88.3282 220.178
    endloop
  endfacet
  facet normal 0 -0.337088 -0.941473
    outer loop
      vertex 78 -91.1463 221.187
      vertex 80 -88.3282 220.178
      vertex 80 -91.1463 221.187
    endloop
  endfacet
  facet normal -0 -0.337088 -0.941473
    outer loop
      vertex 80 -88.3282 220.178
      vertex 78 -91.1463 221.187
      vertex 78 -88.3282 220.178
    endloop
  endfacet
  facet normal 0 -0.514157 0.857696
    outer loop
      vertex 68 -83.0551 166.64
      vertex 80 -85.6224 165.101
      vertex 80 -83.0551 166.64
    endloop
  endfacet
  facet normal 0 -0.514157 0.857696
    outer loop
      vertex 80 -85.6224 165.101
      vertex 68 -83.0551 166.64
      vertex 68 -85.6224 165.101
    endloop
  endfacet
  facet normal 0 -0.146667 0.989186
    outer loop
      vertex 68 -94.0497 162.086
      vertex 70 -97.0105 161.647
      vertex 70 -94.0497 162.086
    endloop
  endfacet
  facet normal 0 -0.146667 0.989186
    outer loop
      vertex 70 -97.0105 161.647
      vertex 68 -94.0497 162.086
      vertex 68 -97.0105 161.647
    endloop
  endfacet
  facet normal 0 -0.146667 0.989186
    outer loop
      vertex 78 -94.0497 162.086
      vertex 80 -97.0105 161.647
      vertex 80 -94.0497 162.086
    endloop
  endfacet
  facet normal 0 -0.146667 0.989186
    outer loop
      vertex 80 -97.0105 161.647
      vertex 78 -94.0497 162.086
      vertex 78 -97.0105 161.647
    endloop
  endfacet
  facet normal 0 -0.740997 0.671508
    outer loop
      vertex 68 -78.4332 170.433
      vertex 80 -76.4232 172.651
      vertex 68 -76.4232 172.651
    endloop
  endfacet
  facet normal 0 -0.740997 0.671508
    outer loop
      vertex 80 -76.4232 172.651
      vertex 68 -78.4332 170.433
      vertex 80 -78.4332 170.433
    endloop
  endfacet
  facet normal -0 0.0491046 0.998794
    outer loop
      vertex 68 -100 161.5
      vertex 70 -102.99 161.647
      vertex 70 -100 161.5
    endloop
  endfacet
  facet normal 0 0.0491046 0.998794
    outer loop
      vertex 70 -102.99 161.647
      vertex 68 -100 161.5
      vertex 68 -102.99 161.647
    endloop
  endfacet
  facet normal -0 0.0491046 0.998794
    outer loop
      vertex 78 -100 161.5
      vertex 80 -102.99 161.647
      vertex 80 -100 161.5
    endloop
  endfacet
  facet normal 0 0.0491046 0.998794
    outer loop
      vertex 80 -102.99 161.647
      vertex 78 -100 161.5
      vertex 78 -102.99 161.647
    endloop
  endfacet
  facet normal 0.000220191 -0.427351 0.904086
    outer loop
      vertex 80 -85.6224 165.101
      vertex 78 -86 164.923
      vertex 80 -88.3282 163.822
    endloop
  endfacet
  facet normal 0 -0.426397 0.904536
    outer loop
      vertex 80 -85.6224 165.101
      vertex 70 -86 164.923
      vertex 78 -86 164.923
    endloop
  endfacet
  facet normal 0 -0.426397 0.904536
    outer loop
      vertex 68 -85.6224 165.101
      vertex 70 -86 164.923
      vertex 80 -85.6224 165.101
    endloop
  endfacet
  facet normal -0.000220191 -0.427351 0.904086
    outer loop
      vertex 68 -88.3282 163.822
      vertex 70 -86 164.923
      vertex 68 -85.6224 165.101
    endloop
  endfacet
  facet normal 0 -0.427505 0.904013
    outer loop
      vertex 70 -86 164.923
      vertex 68 -88.3282 163.822
      vertex 70 -88.3282 163.822
    endloop
  endfacet
  facet normal 0 -0.427505 0.904013
    outer loop
      vertex 80 -88.3282 163.822
      vertex 78 -86 164.923
      vertex 78 -88.3282 163.822
    endloop
  endfacet
  facet normal 0 0.337098 -0.941469
    outer loop
      vertex 68 -111.672 220.178
      vertex 70 -108.854 221.187
      vertex 70 -111.672 220.178
    endloop
  endfacet
  facet normal 0 0.337098 -0.941469
    outer loop
      vertex 70 -108.854 221.187
      vertex 68 -111.672 220.178
      vertex 68 -108.854 221.187
    endloop
  endfacet
  facet normal 0 0.337098 -0.941469
    outer loop
      vertex 78 -111.672 220.178
      vertex 80 -108.854 221.187
      vertex 80 -111.672 220.178
    endloop
  endfacet
  facet normal 0 0.337098 -0.941469
    outer loop
      vertex 80 -108.854 221.187
      vertex 78 -111.672 220.178
      vertex 78 -108.854 221.187
    endloop
  endfacet
  facet normal 0 -0.337088 0.941473
    outer loop
      vertex 68 -88.3282 163.822
      vertex 70 -91.1463 162.813
      vertex 70 -88.3282 163.822
    endloop
  endfacet
  facet normal 0 -0.337088 0.941473
    outer loop
      vertex 70 -91.1463 162.813
      vertex 68 -88.3282 163.822
      vertex 68 -91.1463 162.813
    endloop
  endfacet
  facet normal 0 -0.337088 0.941473
    outer loop
      vertex 78 -88.3282 163.822
      vertex 80 -91.1463 162.813
      vertex 80 -88.3282 163.822
    endloop
  endfacet
  facet normal 0 -0.337088 0.941473
    outer loop
      vertex 80 -91.1463 162.813
      vertex 78 -88.3282 163.822
      vertex 78 -91.1463 162.813
    endloop
  endfacet
  facet normal 0 0.904098 -0.427325
    outer loop
      vertex 80 -128.178 203.672
      vertex 68 -126.899 206.378
      vertex 80 -126.899 206.378
    endloop
  endfacet
  facet normal 0 0.904098 -0.427325
    outer loop
      vertex 68 -126.899 206.378
      vertex 80 -128.178 203.672
      vertex 68 -128.178 203.672
    endloop
  endfacet
  facet normal 1 0 0
    outer loop
      vertex 68 -86 206
      vertex 68 -69.5 192
      vertex 68 -69.6469 194.99
    endloop
  endfacet
  facet normal 1 0 0
    outer loop
      vertex 68 -86 206
      vertex 68 -69.6469 194.99
      vertex 68 -70.0861 197.95
    endloop
  endfacet
  facet normal 1 0 0
    outer loop
      vertex 68 -86 178
      vertex 68 -69.5 192
      vertex 68 -86 206
    endloop
  endfacet
  facet normal 1 0 0
    outer loop
      vertex 68 -86 206
      vertex 68 -70.0861 197.95
      vertex 68 -70.8133 200.854
    endloop
  endfacet
  facet normal 1 0 0
    outer loop
      vertex 68 -69.5 192
      vertex 68 -86 178
      vertex 68 -69.6469 189.01
    endloop
  endfacet
  facet normal 1 0 0
    outer loop
      vertex 68 -86 206
      vertex 68 -70.8133 200.854
      vertex 68 -71.8217 203.672
    endloop
  endfacet
  facet normal 1 0 0
    outer loop
      vertex 68 -69.6469 189.01
      vertex 68 -86 178
      vertex 68 -70.0861 186.05
    endloop
  endfacet
  facet normal 1 -0 0
    outer loop
      vertex 68 -86 206
      vertex 68 -71.8217 203.672
      vertex 68 -73.1014 206.378
    endloop
  endfacet
  facet normal 1 0 0
    outer loop
      vertex 68 -70.0861 186.05
      vertex 68 -86 178
      vertex 68 -70.8133 183.146
    endloop
  endfacet
  facet normal 1 0 0
    outer loop
      vertex 68 -86 206
      vertex 68 -73.1014 206.378
      vertex 68 -74.6402 208.945
    endloop
  endfacet
  facet normal 1 0 0
    outer loop
      vertex 68 -70.8133 183.146
      vertex 68 -86 178
      vertex 68 -71.8217 180.328
    endloop
  endfacet
  facet normal 1 0 0
    outer loop
      vertex 68 -86 206
      vertex 68 -74.6402 208.945
      vertex 68 -76.4232 211.349
    endloop
  endfacet
  facet normal 1 0 0
    outer loop
      vertex 68 -71.8217 180.328
      vertex 68 -86 178
      vertex 68 -73.1014 177.622
    endloop
  endfacet
  facet normal 1 0 0
    outer loop
      vertex 68 -86 206
      vertex 68 -76.4232 211.349
      vertex 68 -78.4332 213.567
    endloop
  endfacet
  facet normal 1 0 0
    outer loop
      vertex 68 -73.1014 177.622
      vertex 68 -86 178
      vertex 68 -74.6402 175.055
    endloop
  endfacet
  facet normal 1 0 0
    outer loop
      vertex 68 -86 206
      vertex 68 -78.4332 213.567
      vertex 68 -80.651 215.577
    endloop
  endfacet
  facet normal 1 0 0
    outer loop
      vertex 68 -74.6402 175.055
      vertex 68 -86 178
      vertex 68 -76.4232 172.651
    endloop
  endfacet
  facet normal 1 0 0
    outer loop
      vertex 68 -86 206
      vertex 68 -80.651 215.577
      vertex 68 -83.0551 217.36
    endloop
  endfacet
  facet normal 1 0 0
    outer loop
      vertex 68 -76.4232 172.651
      vertex 68 -86 178
      vertex 68 -78.4332 170.433
    endloop
  endfacet
  facet normal 1 0 0
    outer loop
      vertex 68 -86 206
      vertex 68 -83.0551 217.36
      vertex 68 -85.6224 218.899
    endloop
  endfacet
  facet normal 1 0 0
    outer loop
      vertex 68 -78.4332 170.433
      vertex 68 -86 178
      vertex 68 -80.651 168.423
    endloop
  endfacet
  facet normal 1 0 0
    outer loop
      vertex 68 -80.651 168.423
      vertex 68 -86 178
      vertex 68 -83.0551 166.64
    endloop
  endfacet
  facet normal 1 0 0
    outer loop
      vertex 68 -88.3282 220.178
      vertex 68 -86 206
      vertex 68 -85.6224 218.899
    endloop
  endfacet
  facet normal 1 0 0
    outer loop
      vertex 68 -91.1463 221.187
      vertex 68 -86 206
      vertex 68 -88.3282 220.178
    endloop
  endfacet
  facet normal 1 0 0
    outer loop
      vertex 68 -94.0497 221.914
      vertex 68 -86 206
      vertex 68 -91.1463 221.187
    endloop
  endfacet
  facet normal 1 0 0
    outer loop
      vertex 68 -97.0105 222.353
      vertex 68 -86 206
      vertex 68 -94.0497 221.914
    endloop
  endfacet
  facet normal 1 0 0
    outer loop
      vertex 68 -100 222.5
      vertex 68 -86 206
      vertex 68 -97.0105 222.353
    endloop
  endfacet
  facet normal 1 0 0
    outer loop
      vertex 68 -114 206
      vertex 68 -100 222.5
      vertex 68 -102.99 222.353
    endloop
  endfacet
  facet normal 1 0 0
    outer loop
      vertex 68 -114 206
      vertex 68 -102.99 222.353
      vertex 68 -105.95 221.914
    endloop
  endfacet
  facet normal 1 0 0
    outer loop
      vertex 68 -114 206
      vertex 68 -105.95 221.914
      vertex 68 -108.854 221.187
    endloop
  endfacet
  facet normal 1 0 0
    outer loop
      vertex 68 -114 206
      vertex 68 -108.854 221.187
      vertex 68 -111.672 220.178
    endloop
  endfacet
  facet normal 1 0 0
    outer loop
      vertex 68 -100 222.5
      vertex 68 -114 206
      vertex 68 -86 206
    endloop
  endfacet
  facet normal 1 -0 0
    outer loop
      vertex 68 -116.945 217.36
      vertex 68 -114 206
      vertex 68 -114.378 218.899
    endloop
  endfacet
  facet normal 1 -0 0
    outer loop
      vertex 68 -114.378 218.899
      vertex 68 -114 206
      vertex 68 -111.672 220.178
    endloop
  endfacet
  facet normal 1 0 0
    outer loop
      vertex 68 -83.0551 166.64
      vertex 68 -86 178
      vertex 68 -85.6224 165.101
    endloop
  endfacet
  facet normal 1 0 0
    outer loop
      vertex 68 -86 178
      vertex 68 -88.3282 163.822
      vertex 68 -85.6224 165.101
    endloop
  endfacet
  facet normal 1 0 0
    outer loop
      vertex 68 -86 178
      vertex 68 -91.1463 162.813
      vertex 68 -88.3282 163.822
    endloop
  endfacet
  facet normal 1 0 0
    outer loop
      vertex 68 -86 178
      vertex 68 -94.0497 162.086
      vertex 68 -91.1463 162.813
    endloop
  endfacet
  facet normal 1 0 0
    outer loop
      vertex 68 -86 178
      vertex 68 -97.0105 161.647
      vertex 68 -94.0497 162.086
    endloop
  endfacet
  facet normal 1 0 0
    outer loop
      vertex 68 -86 178
      vertex 68 -100 161.5
      vertex 68 -97.0105 161.647
    endloop
  endfacet
  facet normal 1 -0 0
    outer loop
      vertex 68 -114 178
      vertex 68 -100 161.5
      vertex 68 -86 178
    endloop
  endfacet
  facet normal 1 0 0
    outer loop
      vertex 68 -100 161.5
      vertex 68 -114 178
      vertex 68 -102.99 161.647
    endloop
  endfacet
  facet normal 1 0 0
    outer loop
      vertex 68 -102.99 161.647
      vertex 68 -114 178
      vertex 68 -105.95 162.086
    endloop
  endfacet
  facet normal 1 0 0
    outer loop
      vertex 68 -105.95 162.086
      vertex 68 -114 178
      vertex 68 -108.854 162.813
    endloop
  endfacet
  facet normal 1 0 0
    outer loop
      vertex 68 -108.854 162.813
      vertex 68 -114 178
      vertex 68 -111.672 163.822
    endloop
  endfacet
  facet normal 1 0 0
    outer loop
      vertex 68 -114 178
      vertex 68 -114.378 165.101
      vertex 68 -111.672 163.822
    endloop
  endfacet
  facet normal 1 -0 0
    outer loop
      vertex 68 -119.349 215.577
      vertex 68 -114 206
      vertex 68 -116.945 217.36
    endloop
  endfacet
  facet normal 1 -0 0
    outer loop
      vertex 68 -121.567 213.567
      vertex 68 -114 206
      vertex 68 -119.349 215.577
    endloop
  endfacet
  facet normal 1 0 0
    outer loop
      vertex 68 -114 178
      vertex 68 -116.945 166.64
      vertex 68 -114.378 165.101
    endloop
  endfacet
  facet normal 1 -0 0
    outer loop
      vertex 68 -123.577 211.349
      vertex 68 -114 206
      vertex 68 -121.567 213.567
    endloop
  endfacet
  facet normal 1 0 0
    outer loop
      vertex 68 -114 178
      vertex 68 -119.349 168.423
      vertex 68 -116.945 166.64
    endloop
  endfacet
  facet normal 1 -0 0
    outer loop
      vertex 68 -125.36 208.945
      vertex 68 -114 206
      vertex 68 -123.577 211.349
    endloop
  endfacet
  facet normal 1 0 0
    outer loop
      vertex 68 -114 178
      vertex 68 -121.567 170.433
      vertex 68 -119.349 168.423
    endloop
  endfacet
  facet normal 1 -0 0
    outer loop
      vertex 68 -126.899 206.378
      vertex 68 -114 206
      vertex 68 -125.36 208.945
    endloop
  endfacet
  facet normal 1 0 0
    outer loop
      vertex 68 -114 178
      vertex 68 -123.577 172.651
      vertex 68 -121.567 170.433
    endloop
  endfacet
  facet normal 1 0 0
    outer loop
      vertex 68 -128.178 203.672
      vertex 68 -114 206
      vertex 68 -126.899 206.378
    endloop
  endfacet
  facet normal 1 0 0
    outer loop
      vertex 68 -114 178
      vertex 68 -125.36 175.055
      vertex 68 -123.577 172.651
    endloop
  endfacet
  facet normal 1 0 0
    outer loop
      vertex 68 -129.187 200.854
      vertex 68 -114 206
      vertex 68 -128.178 203.672
    endloop
  endfacet
  facet normal 1 0 0
    outer loop
      vertex 68 -114 178
      vertex 68 -126.899 177.622
      vertex 68 -125.36 175.055
    endloop
  endfacet
  facet normal 1 0 0
    outer loop
      vertex 68 -129.914 197.95
      vertex 68 -114 206
      vertex 68 -129.187 200.854
    endloop
  endfacet
  facet normal 1 0 0
    outer loop
      vertex 68 -114 178
      vertex 68 -128.178 180.328
      vertex 68 -126.899 177.622
    endloop
  endfacet
  facet normal 1 0 0
    outer loop
      vertex 68 -130.353 194.99
      vertex 68 -114 206
      vertex 68 -129.914 197.95
    endloop
  endfacet
  facet normal 1 0 0
    outer loop
      vertex 68 -114 178
      vertex 68 -129.187 183.146
      vertex 68 -128.178 180.328
    endloop
  endfacet
  facet normal 1 0 0
    outer loop
      vertex 68 -130.5 192
      vertex 68 -114 206
      vertex 68 -130.353 194.99
    endloop
  endfacet
  facet normal 1 0 0
    outer loop
      vertex 68 -114 178
      vertex 68 -129.914 186.05
      vertex 68 -129.187 183.146
    endloop
  endfacet
  facet normal 1 0 0
    outer loop
      vertex 68 -114 206
      vertex 68 -130.5 192
      vertex 68 -114 178
    endloop
  endfacet
  facet normal 1 0 0
    outer loop
      vertex 68 -114 178
      vertex 68 -130.353 189.01
      vertex 68 -129.914 186.05
    endloop
  endfacet
  facet normal 1 0 0
    outer loop
      vertex 68 -114 178
      vertex 68 -130.5 192
      vertex 68 -130.353 189.01
    endloop
  endfacet
  facet normal 0 0.98918 0.146706
    outer loop
      vertex 80 -129.914 186.05
      vertex 68 -130.353 189.01
      vertex 80 -130.353 189.01
    endloop
  endfacet
  facet normal 0 0.98918 0.146706
    outer loop
      vertex 68 -130.353 189.01
      vertex 80 -129.914 186.05
      vertex 68 -129.914 186.05
    endloop
  endfacet
  facet normal 0 -0.803196 0.595715
    outer loop
      vertex 68 -76.4232 172.651
      vertex 80 -74.6402 175.055
      vertex 68 -74.6402 175.055
    endloop
  endfacet
  facet normal 0 -0.803196 0.595715
    outer loop
      vertex 80 -74.6402 175.055
      vertex 68 -76.4232 172.651
      vertex 80 -76.4232 172.651
    endloop
  endfacet
  facet normal 0 0.904098 0.427325
    outer loop
      vertex 80 -126.899 177.622
      vertex 68 -128.178 180.328
      vertex 80 -128.178 180.328
    endloop
  endfacet
  facet normal 0 0.904098 0.427325
    outer loop
      vertex 68 -128.178 180.328
      vertex 80 -126.899 177.622
      vertex 68 -126.899 177.622
    endloop
  endfacet
  facet normal 0 -0.998795 -0.0490712
    outer loop
      vertex 68 -69.5 192
      vertex 80 -69.6469 194.99
      vertex 68 -69.6469 194.99
    endloop
  endfacet
  facet normal 0 -0.998795 -0.0490712
    outer loop
      vertex 80 -69.6469 194.99
      vertex 68 -69.5 192
      vertex 80 -69.5 192
    endloop
  endfacet
  facet normal 0 -0.803196 -0.595715
    outer loop
      vertex 68 -74.6402 208.945
      vertex 80 -76.4232 211.349
      vertex 68 -76.4232 211.349
    endloop
  endfacet
  facet normal 0 -0.803196 -0.595715
    outer loop
      vertex 80 -76.4232 211.349
      vertex 68 -74.6402 208.945
      vertex 80 -74.6402 208.945
    endloop
  endfacet
  facet normal 0 -0.595699 0.803208
    outer loop
      vertex 68 -80.651 168.423
      vertex 80 -83.0551 166.64
      vertex 80 -80.651 168.423
    endloop
  endfacet
  facet normal 0 -0.595699 0.803208
    outer loop
      vertex 80 -83.0551 166.64
      vertex 68 -80.651 168.423
      vertex 68 -83.0551 166.64
    endloop
  endfacet
  facet normal 0 -0.671541 -0.740967
    outer loop
      vertex 68 -80.651 215.577
      vertex 80 -78.4332 213.567
      vertex 80 -80.651 215.577
    endloop
  endfacet
  facet normal -0 -0.671541 -0.740967
    outer loop
      vertex 80 -78.4332 213.567
      vertex 68 -80.651 215.577
      vertex 68 -78.4332 213.567
    endloop
  endfacet
  facet normal 0 -0.98917 -0.146772
    outer loop
      vertex 68 -69.6469 194.99
      vertex 80 -70.0861 197.95
      vertex 68 -70.0861 197.95
    endloop
  endfacet
  facet normal 0 -0.98917 -0.146772
    outer loop
      vertex 80 -70.0861 197.95
      vertex 68 -69.6469 194.99
      vertex 80 -69.6469 194.99
    endloop
  endfacet
  facet normal 0 0.998794 0.0491046
    outer loop
      vertex 80 -130.353 189.01
      vertex 68 -130.5 192
      vertex 80 -130.5 192
    endloop
  endfacet
  facet normal 0 0.998794 0.0491046
    outer loop
      vertex 68 -130.5 192
      vertex 80 -130.353 189.01
      vertex 68 -130.353 189.01
    endloop
  endfacet
  facet normal -0 0.514201 0.85767
    outer loop
      vertex 68 -114.378 165.101
      vertex 80 -116.945 166.64
      vertex 80 -114.378 165.101
    endloop
  endfacet
  facet normal 0 0.514201 0.85767
    outer loop
      vertex 80 -116.945 166.64
      vertex 68 -114.378 165.101
      vertex 68 -116.945 166.64
    endloop
  endfacet
  facet normal -0 0.671508 0.740997
    outer loop
      vertex 68 -119.349 168.423
      vertex 80 -121.567 170.433
      vertex 80 -119.349 168.423
    endloop
  endfacet
  facet normal 0 0.671508 0.740997
    outer loop
      vertex 80 -121.567 170.433
      vertex 68 -119.349 168.423
      vertex 68 -121.567 170.433
    endloop
  endfacet
  facet normal -0 0.337098 0.941469
    outer loop
      vertex 68 -108.854 162.813
      vertex 70 -111.672 163.822
      vertex 70 -108.854 162.813
    endloop
  endfacet
  facet normal 0 0.337098 0.941469
    outer loop
      vertex 70 -111.672 163.822
      vertex 68 -108.854 162.813
      vertex 68 -111.672 163.822
    endloop
  endfacet
  facet normal -0 0.337098 0.941469
    outer loop
      vertex 78 -108.854 162.813
      vertex 80 -111.672 163.822
      vertex 80 -108.854 162.813
    endloop
  endfacet
  facet normal 0 0.337098 0.941469
    outer loop
      vertex 80 -111.672 163.822
      vertex 78 -108.854 162.813
      vertex 78 -111.672 163.822
    endloop
  endfacet
  facet normal -0 0.595715 0.803196
    outer loop
      vertex 68 -116.945 166.64
      vertex 80 -119.349 168.423
      vertex 80 -116.945 166.64
    endloop
  endfacet
  facet normal 0 0.595715 0.803196
    outer loop
      vertex 80 -119.349 168.423
      vertex 68 -116.945 166.64
      vertex 68 -119.349 168.423
    endloop
  endfacet
  facet normal 0 -0.904008 0.427516
    outer loop
      vertex 68 -73.1014 177.622
      vertex 80 -71.8217 180.328
      vertex 68 -71.8217 180.328
    endloop
  endfacet
  facet normal 0 -0.904008 0.427516
    outer loop
      vertex 80 -71.8217 180.328
      vertex 68 -73.1014 177.622
      vertex 80 -73.1014 177.622
    endloop
  endfacet
  facet normal 0 -0.98917 0.146772
    outer loop
      vertex 68 -70.0861 186.05
      vertex 80 -69.6469 189.01
      vertex 68 -69.6469 189.01
    endloop
  endfacet
  facet normal 0 -0.98917 0.146772
    outer loop
      vertex 80 -69.6469 189.01
      vertex 68 -70.0861 186.05
      vertex 80 -70.0861 186.05
    endloop
  endfacet
  facet normal 0 0.803196 0.595715
    outer loop
      vertex 80 -123.577 172.651
      vertex 68 -125.36 175.055
      vertex 80 -125.36 175.055
    endloop
  endfacet
  facet normal 0 0.803196 0.595715
    outer loop
      vertex 68 -125.36 175.055
      vertex 80 -123.577 172.651
      vertex 68 -123.577 172.651
    endloop
  endfacet
  facet normal 0 -0.146667 -0.989186
    outer loop
      vertex 68 -97.0105 222.353
      vertex 70 -94.0497 221.914
      vertex 70 -97.0105 222.353
    endloop
  endfacet
  facet normal -0 -0.146667 -0.989186
    outer loop
      vertex 70 -94.0497 221.914
      vertex 68 -97.0105 222.353
      vertex 68 -94.0497 221.914
    endloop
  endfacet
  facet normal 0 -0.146667 -0.989186
    outer loop
      vertex 78 -97.0105 222.353
      vertex 80 -94.0497 221.914
      vertex 80 -97.0105 222.353
    endloop
  endfacet
  facet normal -0 -0.146667 -0.989186
    outer loop
      vertex 80 -94.0497 221.914
      vertex 78 -97.0105 222.353
      vertex 78 -94.0497 221.914
    endloop
  endfacet
  facet normal 0 0.970064 0.24285
    outer loop
      vertex 80 -129.187 183.146
      vertex 68 -129.914 186.05
      vertex 80 -129.914 186.05
    endloop
  endfacet
  facet normal 0 0.970064 0.24285
    outer loop
      vertex 68 -129.914 186.05
      vertex 80 -129.187 183.146
      vertex 68 -129.187 183.146
    endloop
  endfacet
  facet normal 0 -0.998795 0.0490712
    outer loop
      vertex 68 -69.6469 189.01
      vertex 80 -69.5 192
      vertex 68 -69.5 192
    endloop
  endfacet
  facet normal 0 -0.998795 0.0490712
    outer loop
      vertex 80 -69.5 192
      vertex 68 -69.6469 189.01
      vertex 80 -69.6469 189.01
    endloop
  endfacet
  facet normal 0 0.970064 -0.24285
    outer loop
      vertex 80 -129.914 197.95
      vertex 68 -129.187 200.854
      vertex 80 -129.187 200.854
    endloop
  endfacet
  facet normal 0 0.970064 -0.24285
    outer loop
      vertex 68 -129.187 200.854
      vertex 80 -129.914 197.95
      vertex 68 -129.914 197.95
    endloop
  endfacet
  facet normal 0 -0.242897 0.970052
    outer loop
      vertex 68 -91.1463 162.813
      vertex 70 -94.0497 162.086
      vertex 70 -91.1463 162.813
    endloop
  endfacet
  facet normal 0 -0.242897 0.970052
    outer loop
      vertex 70 -94.0497 162.086
      vertex 68 -91.1463 162.813
      vertex 68 -94.0497 162.086
    endloop
  endfacet
  facet normal 0 -0.242897 0.970052
    outer loop
      vertex 78 -91.1463 162.813
      vertex 80 -94.0497 162.086
      vertex 80 -91.1463 162.813
    endloop
  endfacet
  facet normal 0 -0.242897 0.970052
    outer loop
      vertex 80 -94.0497 162.086
      vertex 78 -91.1463 162.813
      vertex 78 -94.0497 162.086
    endloop
  endfacet
  facet normal -0 0.24285 0.970064
    outer loop
      vertex 68 -105.95 162.086
      vertex 70 -108.854 162.813
      vertex 70 -105.95 162.086
    endloop
  endfacet
  facet normal 0 0.24285 0.970064
    outer loop
      vertex 70 -108.854 162.813
      vertex 68 -105.95 162.086
      vertex 68 -108.854 162.813
    endloop
  endfacet
  facet normal -0 0.24285 0.970064
    outer loop
      vertex 78 -105.95 162.086
      vertex 80 -108.854 162.813
      vertex 80 -105.95 162.086
    endloop
  endfacet
  facet normal 0 0.24285 0.970064
    outer loop
      vertex 80 -108.854 162.813
      vertex 78 -105.95 162.086
      vertex 78 -108.854 162.813
    endloop
  endfacet
  facet normal 0.000299695 0.427325 -0.904098
    outer loop
      vertex 80 -114.378 218.899
      vertex 78 -114 219.077
      vertex 80 -111.672 220.178
    endloop
  endfacet
  facet normal 0 0.426028 -0.90471
    outer loop
      vertex 80 -114.378 218.899
      vertex 70 -114 219.077
      vertex 78 -114 219.077
    endloop
  endfacet
  facet normal 0 0.426028 -0.90471
    outer loop
      vertex 68 -114.378 218.899
      vertex 70 -114 219.077
      vertex 80 -114.378 218.899
    endloop
  endfacet
  facet normal -0.000299695 0.427325 -0.904098
    outer loop
      vertex 68 -111.672 220.178
      vertex 70 -114 219.077
      vertex 68 -114.378 218.899
    endloop
  endfacet
  facet normal 0 0.427535 -0.903999
    outer loop
      vertex 70 -114 219.077
      vertex 68 -111.672 220.178
      vertex 70 -111.672 220.178
    endloop
  endfacet
  facet normal 0 0.427535 -0.903999
    outer loop
      vertex 80 -111.672 220.178
      vertex 78 -114 219.077
      vertex 78 -111.672 220.178
    endloop
  endfacet
  facet normal 0 0.514201 -0.85767
    outer loop
      vertex 68 -116.945 217.36
      vertex 80 -114.378 218.899
      vertex 80 -116.945 217.36
    endloop
  endfacet
  facet normal 0 0.514201 -0.85767
    outer loop
      vertex 80 -114.378 218.899
      vertex 68 -116.945 217.36
      vertex 68 -114.378 218.899
    endloop
  endfacet
  facet normal 0 -0.941533 -0.336921
    outer loop
      vertex 68 -70.8133 200.854
      vertex 80 -71.8217 203.672
      vertex 68 -71.8217 203.672
    endloop
  endfacet
  facet normal 0 -0.941533 -0.336921
    outer loop
      vertex 80 -71.8217 203.672
      vertex 68 -70.8133 200.854
      vertex 80 -70.8133 200.854
    endloop
  endfacet
  facet normal 0 0.85767 -0.514201
    outer loop
      vertex 80 -126.899 206.378
      vertex 68 -125.36 208.945
      vertex 80 -125.36 208.945
    endloop
  endfacet
  facet normal 0 0.85767 -0.514201
    outer loop
      vertex 68 -125.36 208.945
      vertex 80 -126.899 206.378
      vertex 68 -126.899 206.378
    endloop
  endfacet
  facet normal 0 0.146706 -0.98918
    outer loop
      vertex 68 -105.95 221.914
      vertex 70 -102.99 222.353
      vertex 70 -105.95 221.914
    endloop
  endfacet
  facet normal 0 0.146706 -0.98918
    outer loop
      vertex 70 -102.99 222.353
      vertex 68 -105.95 221.914
      vertex 68 -102.99 222.353
    endloop
  endfacet
  facet normal 0 0.146706 -0.98918
    outer loop
      vertex 78 -105.95 221.914
      vertex 80 -102.99 222.353
      vertex 80 -105.95 221.914
    endloop
  endfacet
  facet normal 0 0.146706 -0.98918
    outer loop
      vertex 80 -102.99 222.353
      vertex 78 -105.95 221.914
      vertex 78 -102.99 222.353
    endloop
  endfacet
  facet normal 0 0.671508 -0.740997
    outer loop
      vertex 68 -121.567 213.567
      vertex 80 -119.349 215.577
      vertex 80 -121.567 213.567
    endloop
  endfacet
  facet normal 0 0.671508 -0.740997
    outer loop
      vertex 80 -119.349 215.577
      vertex 68 -121.567 213.567
      vertex 68 -119.349 215.577
    endloop
  endfacet
  facet normal 0 0.595715 -0.803196
    outer loop
      vertex 68 -119.349 215.577
      vertex 80 -116.945 217.36
      vertex 80 -119.349 215.577
    endloop
  endfacet
  facet normal 0 0.595715 -0.803196
    outer loop
      vertex 80 -116.945 217.36
      vertex 68 -119.349 215.577
      vertex 68 -116.945 217.36
    endloop
  endfacet
  facet normal 0 -0.857699 -0.514152
    outer loop
      vertex 68 -73.1014 206.378
      vertex 80 -74.6402 208.945
      vertex 68 -74.6402 208.945
    endloop
  endfacet
  facet normal 0 -0.857699 -0.514152
    outer loop
      vertex 80 -74.6402 208.945
      vertex 68 -73.1014 206.378
      vertex 80 -73.1014 206.378
    endloop
  endfacet
  facet normal 0 0.0491046 -0.998794
    outer loop
      vertex 68 -102.99 222.353
      vertex 70 -100 222.5
      vertex 70 -102.99 222.353
    endloop
  endfacet
  facet normal 0 0.0491046 -0.998794
    outer loop
      vertex 70 -100 222.5
      vertex 68 -102.99 222.353
      vertex 68 -100 222.5
    endloop
  endfacet
  facet normal 0 0.0491046 -0.998794
    outer loop
      vertex 78 -102.99 222.353
      vertex 80 -100 222.5
      vertex 80 -102.99 222.353
    endloop
  endfacet
  facet normal 0 0.0491046 -0.998794
    outer loop
      vertex 80 -100 222.5
      vertex 78 -102.99 222.353
      vertex 78 -100 222.5
    endloop
  endfacet
  facet normal -0 -0.427505 -0.904013
    outer loop
      vertex 70 -88.3282 220.178
      vertex 68 -88.3282 220.178
      vertex 70 -86 219.077
    endloop
  endfacet
  facet normal 0 -0.427505 -0.904013
    outer loop
      vertex 78 -86 219.077
      vertex 80 -88.3282 220.178
      vertex 78 -88.3282 220.178
    endloop
  endfacet
  facet normal 0.000220191 -0.427351 -0.904086
    outer loop
      vertex 80 -88.3282 220.178
      vertex 78 -86 219.077
      vertex 80 -85.6224 218.899
    endloop
  endfacet
  facet normal 0 -0.426397 -0.904536
    outer loop
      vertex 70 -86 219.077
      vertex 80 -85.6224 218.899
      vertex 78 -86 219.077
    endloop
  endfacet
  facet normal 0 -0.426397 -0.904536
    outer loop
      vertex 70 -86 219.077
      vertex 68 -85.6224 218.899
      vertex 80 -85.6224 218.899
    endloop
  endfacet
  facet normal -0.000220191 -0.427351 -0.904086
    outer loop
      vertex 68 -85.6224 218.899
      vertex 70 -86 219.077
      vertex 68 -88.3282 220.178
    endloop
  endfacet
  facet normal 0 -0.941533 0.336921
    outer loop
      vertex 68 -71.8217 180.328
      vertex 80 -70.8133 183.146
      vertex 68 -70.8133 183.146
    endloop
  endfacet
  facet normal 0 -0.941533 0.336921
    outer loop
      vertex 80 -70.8133 183.146
      vertex 68 -71.8217 180.328
      vertex 80 -71.8217 180.328
    endloop
  endfacet
  facet normal 0 0.85767 0.514201
    outer loop
      vertex 80 -125.36 175.055
      vertex 68 -126.899 177.622
      vertex 80 -126.899 177.622
    endloop
  endfacet
  facet normal 0 0.85767 0.514201
    outer loop
      vertex 68 -126.899 177.622
      vertex 80 -125.36 175.055
      vertex 68 -125.36 175.055
    endloop
  endfacet
  facet normal 0 0.803196 -0.595715
    outer loop
      vertex 80 -125.36 208.945
      vertex 68 -123.577 211.349
      vertex 80 -123.577 211.349
    endloop
  endfacet
  facet normal 0 0.803196 -0.595715
    outer loop
      vertex 68 -123.577 211.349
      vertex 80 -125.36 208.945
      vertex 68 -125.36 208.945
    endloop
  endfacet
  facet normal 0 0.740997 -0.671508
    outer loop
      vertex 80 -123.577 211.349
      vertex 68 -121.567 213.567
      vertex 80 -121.567 213.567
    endloop
  endfacet
  facet normal 0 0.740997 -0.671508
    outer loop
      vertex 68 -121.567 213.567
      vertex 80 -123.577 211.349
      vertex 68 -123.577 211.349
    endloop
  endfacet
  facet normal 0 -0.595699 -0.803208
    outer loop
      vertex 68 -83.0551 217.36
      vertex 80 -80.651 215.577
      vertex 80 -83.0551 217.36
    endloop
  endfacet
  facet normal -0 -0.595699 -0.803208
    outer loop
      vertex 80 -80.651 215.577
      vertex 68 -83.0551 217.36
      vertex 68 -80.651 215.577
    endloop
  endfacet
  facet normal 0 0.998794 -0.0491046
    outer loop
      vertex 80 -130.5 192
      vertex 68 -130.353 194.99
      vertex 80 -130.353 194.99
    endloop
  endfacet
  facet normal 0 0.998794 -0.0491046
    outer loop
      vertex 68 -130.353 194.99
      vertex 80 -130.5 192
      vertex 68 -130.5 192
    endloop
  endfacet
  facet normal 0 0.98918 -0.146706
    outer loop
      vertex 80 -130.353 194.99
      vertex 68 -129.914 197.95
      vertex 80 -129.914 197.95
    endloop
  endfacet
  facet normal 0 0.98918 -0.146706
    outer loop
      vertex 68 -129.914 197.95
      vertex 80 -130.353 194.99
      vertex 68 -130.353 194.99
    endloop
  endfacet
  facet normal 0 -0.0491128 -0.998793
    outer loop
      vertex 68 -100 222.5
      vertex 70 -97.0105 222.353
      vertex 70 -100 222.5
    endloop
  endfacet
  facet normal -0 -0.0491128 -0.998793
    outer loop
      vertex 70 -97.0105 222.353
      vertex 68 -100 222.5
      vertex 68 -97.0105 222.353
    endloop
  endfacet
  facet normal 0 -0.0491128 -0.998793
    outer loop
      vertex 78 -100 222.5
      vertex 80 -97.0105 222.353
      vertex 80 -100 222.5
    endloop
  endfacet
  facet normal -0 -0.0491128 -0.998793
    outer loop
      vertex 80 -97.0105 222.353
      vertex 78 -100 222.5
      vertex 78 -97.0105 222.353
    endloop
  endfacet
  facet normal 0 0.941469 -0.337098
    outer loop
      vertex 80 -129.187 200.854
      vertex 68 -128.178 203.672
      vertex 80 -128.178 203.672
    endloop
  endfacet
  facet normal 0 0.941469 -0.337098
    outer loop
      vertex 68 -128.178 203.672
      vertex 80 -129.187 200.854
      vertex 68 -129.187 200.854
    endloop
  endfacet
  facet normal 0 0.740997 0.671508
    outer loop
      vertex 80 -121.567 170.433
      vertex 68 -123.577 172.651
      vertex 80 -123.577 172.651
    endloop
  endfacet
  facet normal 0 0.740997 0.671508
    outer loop
      vertex 68 -123.577 172.651
      vertex 80 -121.567 170.433
      vertex 68 -121.567 170.433
    endloop
  endfacet
  facet normal 0.634446 -0.772968 0
    outer loop
      vertex 108.811 71.6371 8.3
      vertex 109.114 71.8858 14
      vertex 108.811 71.6371 14
    endloop
  endfacet
  facet normal 0.634446 -0.772968 0
    outer loop
      vertex 109.114 71.8858 14
      vertex 108.811 71.6371 8.3
      vertex 109.114 71.8858 8.3
    endloop
  endfacet
  facet normal 0.995291 -0.0969274 0
    outer loop
      vertex 109.662 72.9098 14
      vertex 109.7 73.3 8.3
      vertex 109.7 73.3 14
    endloop
  endfacet
  facet normal 0.995291 -0.0969274 0
    outer loop
      vertex 109.7 73.3 8.3
      vertex 109.662 72.9098 14
      vertex 109.662 72.9098 8.3
    endloop
  endfacet
  facet normal -0.995188 0.0979877 0
    outer loop
      vertex 10 126.7 8.3
      vertex 10.0384 127.09 14
      vertex 10.0384 127.09 8.3
    endloop
  endfacet
  facet normal -0.995188 0.0979877 0
    outer loop
      vertex 10.0384 127.09 14
      vertex 10 126.7 8.3
      vertex 10 126.7 14
    endloop
  endfacet
  facet normal 1 -0 0
    outer loop
      vertex 109.7 73.3 14
      vertex 109.7 126.7 8.3
      vertex 109.7 126.7 14
    endloop
  endfacet
  facet normal 1 0 0
    outer loop
      vertex 109.7 126.7 8.3
      vertex 109.7 73.3 14
      vertex 109.7 73.3 8.3
    endloop
  endfacet
  facet normal -0.956951 -0.290248 0
    outer loop
      vertex 10.1522 72.5346 8.3
      vertex 10.0384 72.9098 14
      vertex 10.0384 72.9098 8.3
    endloop
  endfacet
  facet normal -0.956951 -0.290248 0
    outer loop
      vertex 10.0384 72.9098 14
      vertex 10.1522 72.5346 8.3
      vertex 10.1522 72.5346 14
    endloop
  endfacet
  facet normal 0 1 -0
    outer loop
      vertex 107.7 128.7 8.3
      vertex 75.7 128.7 14
      vertex 107.7 128.7 14
    endloop
  endfacet
  facet normal 0 1 0
    outer loop
      vertex 75.7 128.7 14
      vertex 107.7 128.7 8.3
      vertex 72 128.7 14
    endloop
  endfacet
  facet normal 0 1 0
    outer loop
      vertex 12 128.7 8.3
      vertex 72 128.7 14
      vertex 107.7 128.7 8.3
    endloop
  endfacet
  facet normal 0 1 0
    outer loop
      vertex 72 128.7 14
      vertex 12 128.7 8.3
      vertex 12 128.7 14
    endloop
  endfacet
  facet normal 0 1 -0
    outer loop
      vertex 75.7 128.7 14
      vertex 72 128.7 157.4
      vertex 75.7 128.7 157.4
    endloop
  endfacet
  facet normal 0 1 0
    outer loop
      vertex 72 128.7 157.4
      vertex 75.7 128.7 14
      vertex 72 128.7 14
    endloop
  endfacet
  facet normal 0 -1 0
    outer loop
      vertex 12 71.3 8.3
      vertex 72 71.3 14
      vertex 12 71.3 14
    endloop
  endfacet
  facet normal 0 -1 0
    outer loop
      vertex 107.7 71.3 8.3
      vertex 72 71.3 14
      vertex 12 71.3 8.3
    endloop
  endfacet
  facet normal 0 -1 0
    outer loop
      vertex 72 71.3 14
      vertex 107.7 71.3 8.3
      vertex 75.7 71.3 14
    endloop
  endfacet
  facet normal 0 -1 0
    outer loop
      vertex 75.7 71.3 14
      vertex 107.7 71.3 8.3
      vertex 107.7 71.3 14
    endloop
  endfacet
  facet normal 0 -1 0
    outer loop
      vertex 72 71.3 14
      vertex 75.7 71.3 157.4
      vertex 72 71.3 157.4
    endloop
  endfacet
  facet normal 0 -1 -0
    outer loop
      vertex 75.7 71.3 157.4
      vertex 72 71.3 14
      vertex 75.7 71.3 14
    endloop
  endfacet
  facet normal 0.956767 0.290857 0
    outer loop
      vertex 109.662 127.09 14
      vertex 109.548 127.465 8.3
      vertex 109.548 127.465 14
    endloop
  endfacet
  facet normal 0.956767 0.290857 0
    outer loop
      vertex 109.548 127.465 8.3
      vertex 109.662 127.09 14
      vertex 109.662 127.09 8.3
    endloop
  endfacet
  facet normal 0.995287 0.0969766 0
    outer loop
      vertex 109.7 126.7 14
      vertex 109.662 127.09 8.3
      vertex 109.662 127.09 14
    endloop
  endfacet
  facet normal 0.995287 0.0969766 0
    outer loop
      vertex 109.662 127.09 8.3
      vertex 109.7 126.7 14
      vertex 109.7 126.7 8.3
    endloop
  endfacet
  facet normal 0.29039 -0.956908 0
    outer loop
      vertex 108.09 71.3384 8.3
      vertex 108.465 71.4522 14
      vertex 108.09 71.3384 14
    endloop
  endfacet
  facet normal 0.29039 -0.956908 0
    outer loop
      vertex 108.465 71.4522 14
      vertex 108.09 71.3384 8.3
      vertex 108.465 71.4522 8.3
    endloop
  endfacet
  facet normal 0.95681 -0.290715 0
    outer loop
      vertex 109.548 72.5346 14
      vertex 109.662 72.9098 8.3
      vertex 109.662 72.9098 14
    endloop
  endfacet
  facet normal 0.95681 -0.290715 0
    outer loop
      vertex 109.662 72.9098 8.3
      vertex 109.548 72.5346 14
      vertex 109.548 72.5346 8.3
    endloop
  endfacet
  facet normal -0.634777 0.772695 0
    outer loop
      vertex 10.8889 128.363 8.3
      vertex 10.5858 128.114 14
      vertex 10.8889 128.363 14
    endloop
  endfacet
  facet normal -0.634777 0.772695 0
    outer loop
      vertex 10.5858 128.114 14
      vertex 10.8889 128.363 8.3
      vertex 10.5858 128.114 8.3
    endloop
  endfacet
  facet normal 0.0979877 -0.995188 0
    outer loop
      vertex 107.7 71.3 8.3
      vertex 108.09 71.3384 14
      vertex 107.7 71.3 14
    endloop
  endfacet
  facet normal 0.0979877 -0.995188 0
    outer loop
      vertex 108.09 71.3384 14
      vertex 107.7 71.3 8.3
      vertex 108.09 71.3384 8.3
    endloop
  endfacet
  facet normal -0.471832 0.881688 0
    outer loop
      vertex 11.2346 128.548 8.3
      vertex 10.8889 128.363 14
      vertex 11.2346 128.548 14
    endloop
  endfacet
  facet normal -0.471832 0.881688 0
    outer loop
      vertex 10.8889 128.363 14
      vertex 11.2346 128.548 8.3
      vertex 10.8889 128.363 8.3
    endloop
  endfacet
  facet normal 0.0969766 0.995287 -0
    outer loop
      vertex 108.09 128.662 8.3
      vertex 107.7 128.7 14
      vertex 108.09 128.662 14
    endloop
  endfacet
  facet normal 0.0969766 0.995287 0
    outer loop
      vertex 107.7 128.7 14
      vertex 108.09 128.662 8.3
      vertex 107.7 128.7 8.3
    endloop
  endfacet
  facet normal 0.772592 0.634903 0
    outer loop
      vertex 109.363 127.811 14
      vertex 109.114 128.114 8.3
      vertex 109.114 128.114 14
    endloop
  endfacet
  facet normal 0.772592 0.634903 0
    outer loop
      vertex 109.114 128.114 8.3
      vertex 109.363 127.811 14
      vertex 109.363 127.811 8.3
    endloop
  endfacet
  facet normal 0.471316 -0.881965 0
    outer loop
      vertex 108.465 71.4522 8.3
      vertex 108.811 71.6371 14
      vertex 108.465 71.4522 14
    endloop
  endfacet
  facet normal 0.471316 -0.881965 0
    outer loop
      vertex 108.811 71.6371 14
      vertex 108.465 71.4522 8.3
      vertex 108.811 71.6371 8.3
    endloop
  endfacet
  facet normal -0.097938 -0.995193 0
    outer loop
      vertex 11.6098 71.3384 8.3
      vertex 12 71.3 14
      vertex 11.6098 71.3384 14
    endloop
  endfacet
  facet normal -0.097938 -0.995193 -0
    outer loop
      vertex 12 71.3 14
      vertex 11.6098 71.3384 8.3
      vertex 12 71.3 8.3
    endloop
  endfacet
  facet normal -0.634321 -0.77307 0
    outer loop
      vertex 10.5858 71.8858 8.3
      vertex 10.8889 71.6371 14
      vertex 10.5858 71.8858 14
    endloop
  endfacet
  facet normal -0.634321 -0.77307 -0
    outer loop
      vertex 10.8889 71.6371 14
      vertex 10.5858 71.8858 8.3
      vertex 10.8889 71.6371 8.3
    endloop
  endfacet
  facet normal 0.471514 0.881859 -0
    outer loop
      vertex 108.811 128.363 8.3
      vertex 108.465 128.548 14
      vertex 108.811 128.363 14
    endloop
  endfacet
  facet normal 0.471514 0.881859 0
    outer loop
      vertex 108.465 128.548 14
      vertex 108.811 128.363 8.3
      vertex 108.465 128.548 8.3
    endloop
  endfacet
  facet normal -0.471634 -0.881795 0
    outer loop
      vertex 10.8889 71.6371 8.3
      vertex 11.2346 71.4522 14
      vertex 10.8889 71.6371 14
    endloop
  endfacet
  facet normal -0.471634 -0.881795 -0
    outer loop
      vertex 11.2346 71.4522 14
      vertex 10.8889 71.6371 8.3
      vertex 11.2346 71.4522 8.3
    endloop
  endfacet
  facet normal -1 0 0
    outer loop
      vertex 10 73.3 8.3
      vertex 10 126.7 14
      vertex 10 126.7 8.3
    endloop
  endfacet
  facet normal -1 -0 0
    outer loop
      vertex 10 126.7 14
      vertex 10 73.3 8.3
      vertex 10 73.3 14
    endloop
  endfacet
  facet normal -0.881795 -0.471634 0
    outer loop
      vertex 10.3371 72.1889 8.3
      vertex 10.1522 72.5346 14
      vertex 10.1522 72.5346 8.3
    endloop
  endfacet
  facet normal -0.881795 -0.471634 0
    outer loop
      vertex 10.1522 72.5346 14
      vertex 10.3371 72.1889 8.3
      vertex 10.3371 72.1889 14
    endloop
  endfacet
  facet normal -0.0969274 0.995291 0
    outer loop
      vertex 12 128.7 8.3
      vertex 11.6098 128.662 14
      vertex 12 128.7 14
    endloop
  endfacet
  facet normal -0.0969274 0.995291 0
    outer loop
      vertex 11.6098 128.662 14
      vertex 12 128.7 8.3
      vertex 11.6098 128.662 8.3
    endloop
  endfacet
  facet normal -0.881965 0.471316 0
    outer loop
      vertex 10.1522 127.465 8.3
      vertex 10.3371 127.811 14
      vertex 10.3371 127.811 8.3
    endloop
  endfacet
  facet normal -0.881965 0.471316 0
    outer loop
      vertex 10.3371 127.811 14
      vertex 10.1522 127.465 8.3
      vertex 10.1522 127.465 14
    endloop
  endfacet
  facet normal -0.995193 -0.097938 0
    outer loop
      vertex 10.0384 72.9098 8.3
      vertex 10 73.3 14
      vertex 10 73.3 8.3
    endloop
  endfacet
  facet normal -0.995193 -0.097938 0
    outer loop
      vertex 10 73.3 14
      vertex 10.0384 72.9098 8.3
      vertex 10.0384 72.9098 14
    endloop
  endfacet
  facet normal -0.77307 -0.634321 0
    outer loop
      vertex 10.5858 71.8858 8.3
      vertex 10.3371 72.1889 14
      vertex 10.3371 72.1889 8.3
    endloop
  endfacet
  facet normal -0.77307 -0.634321 0
    outer loop
      vertex 10.3371 72.1889 14
      vertex 10.5858 71.8858 8.3
      vertex 10.5858 71.8858 14
    endloop
  endfacet
  facet normal -0.956908 0.29039 0
    outer loop
      vertex 10.0384 127.09 8.3
      vertex 10.1522 127.465 14
      vertex 10.1522 127.465 8.3
    endloop
  endfacet
  facet normal -0.956908 0.29039 0
    outer loop
      vertex 10.1522 127.465 14
      vertex 10.0384 127.09 8.3
      vertex 10.0384 127.09 14
    endloop
  endfacet
  facet normal 0.634903 0.772592 -0
    outer loop
      vertex 109.114 128.114 8.3
      vertex 108.811 128.363 14
      vertex 109.114 128.114 14
    endloop
  endfacet
  facet normal 0.634903 0.772592 0
    outer loop
      vertex 108.811 128.363 14
      vertex 109.114 128.114 8.3
      vertex 108.811 128.363 8.3
    endloop
  endfacet
  facet normal -0.290248 -0.956951 0
    outer loop
      vertex 11.2346 71.4522 8.3
      vertex 11.6098 71.3384 14
      vertex 11.2346 71.4522 14
    endloop
  endfacet
  facet normal -0.290248 -0.956951 -0
    outer loop
      vertex 11.6098 71.3384 14
      vertex 11.2346 71.4522 8.3
      vertex 11.6098 71.3384 8.3
    endloop
  endfacet
  facet normal -0.290715 0.95681 0
    outer loop
      vertex 11.6098 128.662 8.3
      vertex 11.2346 128.548 14
      vertex 11.6098 128.662 14
    endloop
  endfacet
  facet normal -0.290715 0.95681 0
    outer loop
      vertex 11.2346 128.548 14
      vertex 11.6098 128.662 8.3
      vertex 11.2346 128.548 8.3
    endloop
  endfacet
  facet normal 0.772695 -0.634777 0
    outer loop
      vertex 109.114 71.8858 14
      vertex 109.363 72.1889 8.3
      vertex 109.363 72.1889 14
    endloop
  endfacet
  facet normal 0.772695 -0.634777 0
    outer loop
      vertex 109.363 72.1889 8.3
      vertex 109.114 71.8858 14
      vertex 109.114 71.8858 8.3
    endloop
  endfacet
  facet normal 0.881688 -0.471832 0
    outer loop
      vertex 109.363 72.1889 14
      vertex 109.548 72.5346 8.3
      vertex 109.548 72.5346 14
    endloop
  endfacet
  facet normal 0.881688 -0.471832 0
    outer loop
      vertex 109.548 72.5346 8.3
      vertex 109.363 72.1889 14
      vertex 109.363 72.1889 8.3
    endloop
  endfacet
  facet normal 0.881859 0.471514 0
    outer loop
      vertex 109.548 127.465 14
      vertex 109.363 127.811 8.3
      vertex 109.363 127.811 14
    endloop
  endfacet
  facet normal 0.881859 0.471514 0
    outer loop
      vertex 109.363 127.811 8.3
      vertex 109.548 127.465 14
      vertex 109.548 127.465 8.3
    endloop
  endfacet
  facet normal 0.290857 0.956767 -0
    outer loop
      vertex 108.465 128.548 8.3
      vertex 108.09 128.662 14
      vertex 108.465 128.548 14
    endloop
  endfacet
  facet normal 0.290857 0.956767 0
    outer loop
      vertex 108.09 128.662 14
      vertex 108.465 128.548 8.3
      vertex 108.09 128.662 8.3
    endloop
  endfacet
  facet normal 0 0 -1
    outer loop
      vertex 107.7 71.3 8.3
      vertex 109.7 73.3 8.3
      vertex 109.662 72.9098 8.3
    endloop
  endfacet
  facet normal -0 0 -1
    outer loop
      vertex 109.7 73.3 8.3
      vertex 107.7 71.3 8.3
      vertex 109.7 126.7 8.3
    endloop
  endfacet
  facet normal 0 0 -1
    outer loop
      vertex 107.7 71.3 8.3
      vertex 109.662 72.9098 8.3
      vertex 109.548 72.5346 8.3
    endloop
  endfacet
  facet normal 0 0 -1
    outer loop
      vertex 107.7 128.7 8.3
      vertex 109.7 126.7 8.3
      vertex 107.7 71.3 8.3
    endloop
  endfacet
  facet normal 0 0 -1
    outer loop
      vertex 107.7 71.3 8.3
      vertex 109.548 72.5346 8.3
      vertex 109.363 72.1889 8.3
    endloop
  endfacet
  facet normal 0 0 -1
    outer loop
      vertex 109.7 126.7 8.3
      vertex 107.7 128.7 8.3
      vertex 109.662 127.09 8.3
    endloop
  endfacet
  facet normal 0 0 -1
    outer loop
      vertex 107.7 71.3 8.3
      vertex 109.363 72.1889 8.3
      vertex 109.114 71.8858 8.3
    endloop
  endfacet
  facet normal 0 0 -1
    outer loop
      vertex 109.662 127.09 8.3
      vertex 107.7 128.7 8.3
      vertex 109.548 127.465 8.3
    endloop
  endfacet
  facet normal 0 0 -1
    outer loop
      vertex 107.7 71.3 8.3
      vertex 109.114 71.8858 8.3
      vertex 108.811 71.6371 8.3
    endloop
  endfacet
  facet normal 0 0 -1
    outer loop
      vertex 109.548 127.465 8.3
      vertex 107.7 128.7 8.3
      vertex 109.363 127.811 8.3
    endloop
  endfacet
  facet normal 0 0 -1
    outer loop
      vertex 107.7 71.3 8.3
      vertex 108.811 71.6371 8.3
      vertex 108.465 71.4522 8.3
    endloop
  endfacet
  facet normal 0 0 -1
    outer loop
      vertex 109.363 127.811 8.3
      vertex 107.7 128.7 8.3
      vertex 109.114 128.114 8.3
    endloop
  endfacet
  facet normal 0 0 -1
    outer loop
      vertex 107.7 71.3 8.3
      vertex 108.465 71.4522 8.3
      vertex 108.09 71.3384 8.3
    endloop
  endfacet
  facet normal 0 0 -1
    outer loop
      vertex 109.114 128.114 8.3
      vertex 107.7 128.7 8.3
      vertex 108.811 128.363 8.3
    endloop
  endfacet
  facet normal 0 0 -1
    outer loop
      vertex 108.811 128.363 8.3
      vertex 107.7 128.7 8.3
      vertex 108.465 128.548 8.3
    endloop
  endfacet
  facet normal 0 0 -1
    outer loop
      vertex 108.465 128.548 8.3
      vertex 107.7 128.7 8.3
      vertex 108.09 128.662 8.3
    endloop
  endfacet
  facet normal 0 0 -1
    outer loop
      vertex 107.7 71.3 8.3
      vertex 36.5 100 8.3
      vertex 107.7 128.7 8.3
    endloop
  endfacet
  facet normal 0 0 -1
    outer loop
      vertex 107.7 71.3 8.3
      vertex 36.42 98.9832 8.3
      vertex 36.5 100 8.3
    endloop
  endfacet
  facet normal 0 0 -1
    outer loop
      vertex 107.7 71.3 8.3
      vertex 36.1819 97.9914 8.3
      vertex 36.42 98.9832 8.3
    endloop
  endfacet
  facet normal 0 0 -1
    outer loop
      vertex 107.7 71.3 8.3
      vertex 35.7915 97.0491 8.3
      vertex 36.1819 97.9914 8.3
    endloop
  endfacet
  facet normal 0 0 -1
    outer loop
      vertex 107.7 71.3 8.3
      vertex 35.2586 96.1794 8.3
      vertex 35.7915 97.0491 8.3
    endloop
  endfacet
  facet normal 0 0 -1
    outer loop
      vertex 107.7 71.3 8.3
      vertex 34.5962 95.4038 8.3
      vertex 35.2586 96.1794 8.3
    endloop
  endfacet
  facet normal 0 0 -1
    outer loop
      vertex 107.7 71.3 8.3
      vertex 33.8206 94.7414 8.3
      vertex 34.5962 95.4038 8.3
    endloop
  endfacet
  facet normal 0 0 -1
    outer loop
      vertex 107.7 71.3 8.3
      vertex 32.9509 94.2085 8.3
      vertex 33.8206 94.7414 8.3
    endloop
  endfacet
  facet normal 0 0 -1
    outer loop
      vertex 12 71.3 8.3
      vertex 32.9509 94.2085 8.3
      vertex 107.7 71.3 8.3
    endloop
  endfacet
  facet normal 0 0 -1
    outer loop
      vertex 32.9509 94.2085 8.3
      vertex 12 71.3 8.3
      vertex 32.0086 93.8181 8.3
    endloop
  endfacet
  facet normal 0 0 -1
    outer loop
      vertex 32.0086 93.8181 8.3
      vertex 12 71.3 8.3
      vertex 31.0168 93.58 8.3
    endloop
  endfacet
  facet normal 0 0 -1
    outer loop
      vertex 31.0168 93.58 8.3
      vertex 12 71.3 8.3
      vertex 30 93.5 8.3
    endloop
  endfacet
  facet normal -0 0 -1
    outer loop
      vertex 30 93.5 8.3
      vertex 12 71.3 8.3
      vertex 28.9832 93.58 8.3
    endloop
  endfacet
  facet normal -0 0 -1
    outer loop
      vertex 23.8181 97.9914 8.3
      vertex 10 73.3 8.3
      vertex 23.58 98.9832 8.3
    endloop
  endfacet
  facet normal -0 0 -1
    outer loop
      vertex 24.2085 97.0491 8.3
      vertex 10 73.3 8.3
      vertex 23.8181 97.9914 8.3
    endloop
  endfacet
  facet normal -0 0 -1
    outer loop
      vertex 24.7414 96.1794 8.3
      vertex 10 73.3 8.3
      vertex 24.2085 97.0491 8.3
    endloop
  endfacet
  facet normal -0 0 -1
    outer loop
      vertex 25.4038 95.4038 8.3
      vertex 10 73.3 8.3
      vertex 24.7414 96.1794 8.3
    endloop
  endfacet
  facet normal -0 0 -1
    outer loop
      vertex 26.1794 94.7414 8.3
      vertex 10 73.3 8.3
      vertex 25.4038 95.4038 8.3
    endloop
  endfacet
  facet normal -0 0 -1
    outer loop
      vertex 27.0491 94.2085 8.3
      vertex 10 73.3 8.3
      vertex 26.1794 94.7414 8.3
    endloop
  endfacet
  facet normal 0 0 -1
    outer loop
      vertex 10 73.3 8.3
      vertex 27.0491 94.2085 8.3
      vertex 12 71.3 8.3
    endloop
  endfacet
  facet normal -0 0 -1
    outer loop
      vertex 27.9914 93.8181 8.3
      vertex 12 71.3 8.3
      vertex 27.0491 94.2085 8.3
    endloop
  endfacet
  facet normal -0 0 -1
    outer loop
      vertex 28.9832 93.58 8.3
      vertex 12 71.3 8.3
      vertex 27.9914 93.8181 8.3
    endloop
  endfacet
  facet normal 0 0 -1
    outer loop
      vertex 36.42 101.017 8.3
      vertex 107.7 128.7 8.3
      vertex 36.5 100 8.3
    endloop
  endfacet
  facet normal 0 0 -1
    outer loop
      vertex 36.1819 102.009 8.3
      vertex 107.7 128.7 8.3
      vertex 36.42 101.017 8.3
    endloop
  endfacet
  facet normal 0 0 -1
    outer loop
      vertex 35.7915 102.951 8.3
      vertex 107.7 128.7 8.3
      vertex 36.1819 102.009 8.3
    endloop
  endfacet
  facet normal 0 0 -1
    outer loop
      vertex 35.2586 103.821 8.3
      vertex 107.7 128.7 8.3
      vertex 35.7915 102.951 8.3
    endloop
  endfacet
  facet normal 0 0 -1
    outer loop
      vertex 34.5962 104.596 8.3
      vertex 107.7 128.7 8.3
      vertex 35.2586 103.821 8.3
    endloop
  endfacet
  facet normal 0 0 -1
    outer loop
      vertex 33.8206 105.259 8.3
      vertex 107.7 128.7 8.3
      vertex 34.5962 104.596 8.3
    endloop
  endfacet
  facet normal 0 0 -1
    outer loop
      vertex 32.9509 105.792 8.3
      vertex 107.7 128.7 8.3
      vertex 33.8206 105.259 8.3
    endloop
  endfacet
  facet normal 0 0 -1
    outer loop
      vertex 12 128.7 8.3
      vertex 32.9509 105.792 8.3
      vertex 32.0086 106.182 8.3
    endloop
  endfacet
  facet normal 0 0 -1
    outer loop
      vertex 12 128.7 8.3
      vertex 32.0086 106.182 8.3
      vertex 31.0168 106.42 8.3
    endloop
  endfacet
  facet normal 0 0 -1
    outer loop
      vertex 12 128.7 8.3
      vertex 31.0168 106.42 8.3
      vertex 30 106.5 8.3
    endloop
  endfacet
  facet normal 0 0 -1
    outer loop
      vertex 12 128.7 8.3
      vertex 30 106.5 8.3
      vertex 28.9832 106.42 8.3
    endloop
  endfacet
  facet normal 0 0 -1
    outer loop
      vertex 12 128.7 8.3
      vertex 28.9832 106.42 8.3
      vertex 27.9914 106.182 8.3
    endloop
  endfacet
  facet normal -0 0 -1
    outer loop
      vertex 23.58 98.9832 8.3
      vertex 10 73.3 8.3
      vertex 23.5 100 8.3
    endloop
  endfacet
  facet normal 0 0 -1
    outer loop
      vertex 10 126.7 8.3
      vertex 23.5 100 8.3
      vertex 10 73.3 8.3
    endloop
  endfacet
  facet normal 0 0 -1
    outer loop
      vertex 32.9509 105.792 8.3
      vertex 12 128.7 8.3
      vertex 107.7 128.7 8.3
    endloop
  endfacet
  facet normal 0 0 -1
    outer loop
      vertex 27.0491 105.792 8.3
      vertex 12 128.7 8.3
      vertex 27.9914 106.182 8.3
    endloop
  endfacet
  facet normal 0 0 -1
    outer loop
      vertex 10 126.7 8.3
      vertex 27.0491 105.792 8.3
      vertex 26.1794 105.259 8.3
    endloop
  endfacet
  facet normal 0 0 -1
    outer loop
      vertex 10 126.7 8.3
      vertex 26.1794 105.259 8.3
      vertex 25.4038 104.596 8.3
    endloop
  endfacet
  facet normal 0 0 -1
    outer loop
      vertex 10 126.7 8.3
      vertex 25.4038 104.596 8.3
      vertex 24.7414 103.821 8.3
    endloop
  endfacet
  facet normal 0 0 -1
    outer loop
      vertex 10 126.7 8.3
      vertex 24.7414 103.821 8.3
      vertex 24.2085 102.951 8.3
    endloop
  endfacet
  facet normal 0 0 -1
    outer loop
      vertex 10 126.7 8.3
      vertex 24.2085 102.951 8.3
      vertex 23.8181 102.009 8.3
    endloop
  endfacet
  facet normal 0 0 -1
    outer loop
      vertex 23.5 100 8.3
      vertex 10 126.7 8.3
      vertex 23.58 101.017 8.3
    endloop
  endfacet
  facet normal 0 0 -1
    outer loop
      vertex 10 73.3 8.3
      vertex 12 71.3 8.3
      vertex 11.6098 71.3384 8.3
    endloop
  endfacet
  facet normal 0 0 -1
    outer loop
      vertex 23.58 101.017 8.3
      vertex 10 126.7 8.3
      vertex 23.8181 102.009 8.3
    endloop
  endfacet
  facet normal 0 0 -1
    outer loop
      vertex 10 73.3 8.3
      vertex 11.6098 71.3384 8.3
      vertex 11.2346 71.4522 8.3
    endloop
  endfacet
  facet normal 0 0 -1
    outer loop
      vertex 27.0491 105.792 8.3
      vertex 10 126.7 8.3
      vertex 12 128.7 8.3
    endloop
  endfacet
  facet normal 0 0 -1
    outer loop
      vertex 10 73.3 8.3
      vertex 11.2346 71.4522 8.3
      vertex 10.8889 71.6371 8.3
    endloop
  endfacet
  facet normal 0 0 -1
    outer loop
      vertex 12 128.7 8.3
      vertex 10 126.7 8.3
      vertex 11.6098 128.662 8.3
    endloop
  endfacet
  facet normal 0 0 -1
    outer loop
      vertex 10 73.3 8.3
      vertex 10.8889 71.6371 8.3
      vertex 10.5858 71.8858 8.3
    endloop
  endfacet
  facet normal 0 0 -1
    outer loop
      vertex 11.6098 128.662 8.3
      vertex 10 126.7 8.3
      vertex 11.2346 128.548 8.3
    endloop
  endfacet
  facet normal 0 0 -1
    outer loop
      vertex 10 73.3 8.3
      vertex 10.5858 71.8858 8.3
      vertex 10.3371 72.1889 8.3
    endloop
  endfacet
  facet normal 0 0 -1
    outer loop
      vertex 11.2346 128.548 8.3
      vertex 10 126.7 8.3
      vertex 10.8889 128.363 8.3
    endloop
  endfacet
  facet normal 0 0 -1
    outer loop
      vertex 10 73.3 8.3
      vertex 10.3371 72.1889 8.3
      vertex 10.1522 72.5346 8.3
    endloop
  endfacet
  facet normal 0 0 -1
    outer loop
      vertex 10.8889 128.363 8.3
      vertex 10 126.7 8.3
      vertex 10.5858 128.114 8.3
    endloop
  endfacet
  facet normal 0 0 -1
    outer loop
      vertex 10 73.3 8.3
      vertex 10.1522 72.5346 8.3
      vertex 10.0384 72.9098 8.3
    endloop
  endfacet
  facet normal 0 0 -1
    outer loop
      vertex 10.5858 128.114 8.3
      vertex 10 126.7 8.3
      vertex 10.3371 127.811 8.3
    endloop
  endfacet
  facet normal 0 0 -1
    outer loop
      vertex 10.3371 127.811 8.3
      vertex 10 126.7 8.3
      vertex 10.1522 127.465 8.3
    endloop
  endfacet
  facet normal 0 0 -1
    outer loop
      vertex 10.1522 127.465 8.3
      vertex 10 126.7 8.3
      vertex 10.0384 127.09 8.3
    endloop
  endfacet
  facet normal -0.772968 0.634446 0
    outer loop
      vertex 10.3371 127.811 8.3
      vertex 10.5858 128.114 14
      vertex 10.5858 128.114 8.3
    endloop
  endfacet
  facet normal -0.772968 0.634446 0
    outer loop
      vertex 10.5858 128.114 14
      vertex 10.3371 127.811 8.3
      vertex 10.3371 127.811 14
    endloop
  endfacet
  facet normal 0 0 1
    outer loop
      vertex 107.7 128.7 14
      vertex 109.7 126.7 14
      vertex 109.662 127.09 14
    endloop
  endfacet
  facet normal 0 0 1
    outer loop
      vertex 109.7 126.7 14
      vertex 77.7 126.7 14
      vertex 109.7 73.3 14
    endloop
  endfacet
  facet normal 0 0 1
    outer loop
      vertex 107.7 128.7 14
      vertex 109.662 127.09 14
      vertex 109.548 127.465 14
    endloop
  endfacet
  facet normal 0 0 1
    outer loop
      vertex 77.7 73.3 14
      vertex 109.7 73.3 14
      vertex 77.7 126.7 14
    endloop
  endfacet
  facet normal 0 0 1
    outer loop
      vertex 107.7 128.7 14
      vertex 109.548 127.465 14
      vertex 109.363 127.811 14
    endloop
  endfacet
  facet normal 0 -0 1
    outer loop
      vertex 107.7 71.3 14
      vertex 109.7 73.3 14
      vertex 77.7 73.3 14
    endloop
  endfacet
  facet normal 0 0 1
    outer loop
      vertex 107.7 128.7 14
      vertex 109.363 127.811 14
      vertex 109.114 128.114 14
    endloop
  endfacet
  facet normal 0 0 1
    outer loop
      vertex 109.7 126.7 14
      vertex 107.7 128.7 14
      vertex 77.7 126.7 14
    endloop
  endfacet
  facet normal 0 0 1
    outer loop
      vertex 107.7 128.7 14
      vertex 109.114 128.114 14
      vertex 108.811 128.363 14
    endloop
  endfacet
  facet normal 0 0 1
    outer loop
      vertex 109.7 73.3 14
      vertex 107.7 71.3 14
      vertex 109.662 72.9098 14
    endloop
  endfacet
  facet normal 0 0 1
    outer loop
      vertex 107.7 128.7 14
      vertex 108.811 128.363 14
      vertex 108.465 128.548 14
    endloop
  endfacet
  facet normal 0 0 1
    outer loop
      vertex 109.363 72.1889 14
      vertex 107.7 71.3 14
      vertex 109.114 71.8858 14
    endloop
  endfacet
  facet normal 0 0 1
    outer loop
      vertex 107.7 128.7 14
      vertex 108.465 128.548 14
      vertex 108.09 128.662 14
    endloop
  endfacet
  facet normal 0 0 1
    outer loop
      vertex 109.114 71.8858 14
      vertex 107.7 71.3 14
      vertex 108.811 71.6371 14
    endloop
  endfacet
  facet normal 0 0 1
    outer loop
      vertex 108.811 71.6371 14
      vertex 107.7 71.3 14
      vertex 108.465 71.4522 14
    endloop
  endfacet
  facet normal 0 0 1
    outer loop
      vertex 108.465 71.4522 14
      vertex 107.7 71.3 14
      vertex 108.09 71.3384 14
    endloop
  endfacet
  facet normal 0 0 1
    outer loop
      vertex 109.662 72.9098 14
      vertex 107.7 71.3 14
      vertex 109.548 72.5346 14
    endloop
  endfacet
  facet normal 0 0 1
    outer loop
      vertex 107.7 128.7 14
      vertex 77.6616 127.09 14
      vertex 77.7 126.7 14
    endloop
  endfacet
  facet normal 0 0 1
    outer loop
      vertex 107.7 128.7 14
      vertex 77.5478 127.465 14
      vertex 77.6616 127.09 14
    endloop
  endfacet
  facet normal 0 0 1
    outer loop
      vertex 107.7 128.7 14
      vertex 77.3629 127.811 14
      vertex 77.5478 127.465 14
    endloop
  endfacet
  facet normal 0 0 1
    outer loop
      vertex 107.7 128.7 14
      vertex 77.1142 128.114 14
      vertex 77.3629 127.811 14
    endloop
  endfacet
  facet normal 0 0 1
    outer loop
      vertex 107.7 128.7 14
      vertex 76.8111 128.363 14
      vertex 77.1142 128.114 14
    endloop
  endfacet
  facet normal 0 0 1
    outer loop
      vertex 107.7 128.7 14
      vertex 76.4654 128.548 14
      vertex 76.8111 128.363 14
    endloop
  endfacet
  facet normal 0 0 1
    outer loop
      vertex 107.7 128.7 14
      vertex 76.0902 128.662 14
      vertex 76.4654 128.548 14
    endloop
  endfacet
  facet normal 0 -0 1
    outer loop
      vertex 76.0902 128.662 14
      vertex 107.7 128.7 14
      vertex 75.7 128.7 14
    endloop
  endfacet
  facet normal 0 0 1
    outer loop
      vertex 109.548 72.5346 14
      vertex 107.7 71.3 14
      vertex 109.363 72.1889 14
    endloop
  endfacet
  facet normal -0 0 1
    outer loop
      vertex 77.6616 72.9098 14
      vertex 107.7 71.3 14
      vertex 77.7 73.3 14
    endloop
  endfacet
  facet normal -0 0 1
    outer loop
      vertex 77.5478 72.5346 14
      vertex 107.7 71.3 14
      vertex 77.6616 72.9098 14
    endloop
  endfacet
  facet normal -0 0 1
    outer loop
      vertex 77.3629 72.1889 14
      vertex 107.7 71.3 14
      vertex 77.5478 72.5346 14
    endloop
  endfacet
  facet normal -0 0 1
    outer loop
      vertex 77.1142 71.8858 14
      vertex 107.7 71.3 14
      vertex 77.3629 72.1889 14
    endloop
  endfacet
  facet normal -0 0 1
    outer loop
      vertex 76.8111 71.6371 14
      vertex 107.7 71.3 14
      vertex 77.1142 71.8858 14
    endloop
  endfacet
  facet normal -0 0 1
    outer loop
      vertex 76.4654 71.4522 14
      vertex 107.7 71.3 14
      vertex 76.8111 71.6371 14
    endloop
  endfacet
  facet normal -0 0 1
    outer loop
      vertex 76.0902 71.3384 14
      vertex 107.7 71.3 14
      vertex 76.4654 71.4522 14
    endloop
  endfacet
  facet normal 0 0 1
    outer loop
      vertex 107.7 71.3 14
      vertex 76.0902 71.3384 14
      vertex 75.7 71.3 14
    endloop
  endfacet
  facet normal 0 0 1
    outer loop
      vertex 70 126.7 14
      vertex 36.5 100 14
      vertex 70 73.3 14
    endloop
  endfacet
  facet normal 0 0 1
    outer loop
      vertex 32.9509 105.792 14
      vertex 70 126.7 14
      vertex 70.0384 127.09 14
    endloop
  endfacet
  facet normal 0 0 1
    outer loop
      vertex 12 128.7 14
      vertex 70.0384 127.09 14
      vertex 70.1522 127.465 14
    endloop
  endfacet
  facet normal 0 0 1
    outer loop
      vertex 12 128.7 14
      vertex 70.1522 127.465 14
      vertex 70.3371 127.811 14
    endloop
  endfacet
  facet normal 0 0 1
    outer loop
      vertex 12 128.7 14
      vertex 70.3371 127.811 14
      vertex 70.5858 128.114 14
    endloop
  endfacet
  facet normal 0 0 1
    outer loop
      vertex 70 126.7 14
      vertex 36.42 101.017 14
      vertex 36.5 100 14
    endloop
  endfacet
  facet normal 0 0 1
    outer loop
      vertex 12 128.7 14
      vertex 70.5858 128.114 14
      vertex 70.8889 128.363 14
    endloop
  endfacet
  facet normal 0 0 1
    outer loop
      vertex 70 126.7 14
      vertex 36.1819 102.009 14
      vertex 36.42 101.017 14
    endloop
  endfacet
  facet normal 0 0 1
    outer loop
      vertex 70 126.7 14
      vertex 35.7915 102.951 14
      vertex 36.1819 102.009 14
    endloop
  endfacet
  facet normal 0 0 1
    outer loop
      vertex 70 126.7 14
      vertex 35.2586 103.821 14
      vertex 35.7915 102.951 14
    endloop
  endfacet
  facet normal 0 0 1
    outer loop
      vertex 70 126.7 14
      vertex 34.5962 104.596 14
      vertex 35.2586 103.821 14
    endloop
  endfacet
  facet normal 0 0 1
    outer loop
      vertex 70 126.7 14
      vertex 33.8206 105.259 14
      vertex 34.5962 104.596 14
    endloop
  endfacet
  facet normal 0 0 1
    outer loop
      vertex 70 126.7 14
      vertex 32.9509 105.792 14
      vertex 33.8206 105.259 14
    endloop
  endfacet
  facet normal 0 0 1
    outer loop
      vertex 70.0384 127.09 14
      vertex 32.0086 106.182 14
      vertex 32.9509 105.792 14
    endloop
  endfacet
  facet normal 0 0 1
    outer loop
      vertex 70.0384 127.09 14
      vertex 12 128.7 14
      vertex 32.0086 106.182 14
    endloop
  endfacet
  facet normal 0 0 1
    outer loop
      vertex 32.0086 106.182 14
      vertex 12 128.7 14
      vertex 31.0168 106.42 14
    endloop
  endfacet
  facet normal 0 0 1
    outer loop
      vertex 31.0168 106.42 14
      vertex 12 128.7 14
      vertex 30 106.5 14
    endloop
  endfacet
  facet normal 0 0 1
    outer loop
      vertex 12 128.7 14
      vertex 70.8889 128.363 14
      vertex 71.2346 128.548 14
    endloop
  endfacet
  facet normal 0 0 1
    outer loop
      vertex 30 106.5 14
      vertex 12 128.7 14
      vertex 28.9832 106.42 14
    endloop
  endfacet
  facet normal 0 0 1
    outer loop
      vertex 28.9832 106.42 14
      vertex 12 128.7 14
      vertex 27.9914 106.182 14
    endloop
  endfacet
  facet normal 0 0 1
    outer loop
      vertex 23.8181 102.009 14
      vertex 10 126.7 14
      vertex 23.58 101.017 14
    endloop
  endfacet
  facet normal 0 0 1
    outer loop
      vertex 24.2085 102.951 14
      vertex 10 126.7 14
      vertex 23.8181 102.009 14
    endloop
  endfacet
  facet normal 0 0 1
    outer loop
      vertex 24.7414 103.821 14
      vertex 10 126.7 14
      vertex 24.2085 102.951 14
    endloop
  endfacet
  facet normal 0 0 1
    outer loop
      vertex 25.4038 104.596 14
      vertex 10 126.7 14
      vertex 24.7414 103.821 14
    endloop
  endfacet
  facet normal 0 0 1
    outer loop
      vertex 26.1794 105.259 14
      vertex 10 126.7 14
      vertex 25.4038 104.596 14
    endloop
  endfacet
  facet normal 0 0 1
    outer loop
      vertex 27.0491 105.792 14
      vertex 10 126.7 14
      vertex 26.1794 105.259 14
    endloop
  endfacet
  facet normal -0 0 1
    outer loop
      vertex 10 126.7 14
      vertex 27.0491 105.792 14
      vertex 12 128.7 14
    endloop
  endfacet
  facet normal 0 0 1
    outer loop
      vertex 27.9914 106.182 14
      vertex 12 128.7 14
      vertex 27.0491 105.792 14
    endloop
  endfacet
  facet normal 0 0 1
    outer loop
      vertex 71.6098 128.662 14
      vertex 12 128.7 14
      vertex 71.2346 128.548 14
    endloop
  endfacet
  facet normal -0 0 1
    outer loop
      vertex 12 128.7 14
      vertex 71.6098 128.662 14
      vertex 72 128.7 14
    endloop
  endfacet
  facet normal -0 0 1
    outer loop
      vertex 36.42 98.9832 14
      vertex 70 73.3 14
      vertex 36.5 100 14
    endloop
  endfacet
  facet normal -0 0 1
    outer loop
      vertex 36.1819 97.9914 14
      vertex 70 73.3 14
      vertex 36.42 98.9832 14
    endloop
  endfacet
  facet normal -0 0 1
    outer loop
      vertex 35.7915 97.0491 14
      vertex 70 73.3 14
      vertex 36.1819 97.9914 14
    endloop
  endfacet
  facet normal -0 0 1
    outer loop
      vertex 35.2586 96.1794 14
      vertex 70 73.3 14
      vertex 35.7915 97.0491 14
    endloop
  endfacet
  facet normal -0 0 1
    outer loop
      vertex 34.5962 95.4038 14
      vertex 70 73.3 14
      vertex 35.2586 96.1794 14
    endloop
  endfacet
  facet normal -0 0 1
    outer loop
      vertex 33.8206 94.7414 14
      vertex 70 73.3 14
      vertex 34.5962 95.4038 14
    endloop
  endfacet
  facet normal -0 0 1
    outer loop
      vertex 32.9509 94.2085 14
      vertex 70 73.3 14
      vertex 33.8206 94.7414 14
    endloop
  endfacet
  facet normal 0 0 1
    outer loop
      vertex 70 73.3 14
      vertex 32.9509 94.2085 14
      vertex 70.0384 72.9098 14
    endloop
  endfacet
  facet normal -0 0 1
    outer loop
      vertex 32.0086 93.8181 14
      vertex 70.0384 72.9098 14
      vertex 32.9509 94.2085 14
    endloop
  endfacet
  facet normal 0 0 1
    outer loop
      vertex 12 71.3 14
      vertex 70.0384 72.9098 14
      vertex 32.0086 93.8181 14
    endloop
  endfacet
  facet normal 0 0 1
    outer loop
      vertex 70.0384 72.9098 14
      vertex 12 71.3 14
      vertex 70.1522 72.5346 14
    endloop
  endfacet
  facet normal 0 0 1
    outer loop
      vertex 70.1522 72.5346 14
      vertex 12 71.3 14
      vertex 70.3371 72.1889 14
    endloop
  endfacet
  facet normal 0 0 1
    outer loop
      vertex 70.3371 72.1889 14
      vertex 12 71.3 14
      vertex 70.5858 71.8858 14
    endloop
  endfacet
  facet normal 0 0 1
    outer loop
      vertex 12 71.3 14
      vertex 32.0086 93.8181 14
      vertex 31.0168 93.58 14
    endloop
  endfacet
  facet normal 0 0 1
    outer loop
      vertex 12 71.3 14
      vertex 31.0168 93.58 14
      vertex 30 93.5 14
    endloop
  endfacet
  facet normal 0 0 1
    outer loop
      vertex 12 71.3 14
      vertex 30 93.5 14
      vertex 28.9832 93.58 14
    endloop
  endfacet
  facet normal 0 0 1
    outer loop
      vertex 70.5858 71.8858 14
      vertex 12 71.3 14
      vertex 70.8889 71.6371 14
    endloop
  endfacet
  facet normal 0 0 1
    outer loop
      vertex 12 71.3 14
      vertex 28.9832 93.58 14
      vertex 27.9914 93.8181 14
    endloop
  endfacet
  facet normal 0 0 1
    outer loop
      vertex 12 71.3 14
      vertex 27.9914 93.8181 14
      vertex 27.0491 94.2085 14
    endloop
  endfacet
  facet normal 0 0 1
    outer loop
      vertex 23.58 101.017 14
      vertex 10 126.7 14
      vertex 23.5 100 14
    endloop
  endfacet
  facet normal 0 0 1
    outer loop
      vertex 10 73.3 14
      vertex 23.5 100 14
      vertex 10 126.7 14
    endloop
  endfacet
  facet normal 0 0 1
    outer loop
      vertex 71.6098 71.3384 14
      vertex 12 71.3 14
      vertex 72 71.3 14
    endloop
  endfacet
  facet normal 0 0 1
    outer loop
      vertex 71.2346 71.4522 14
      vertex 12 71.3 14
      vertex 71.6098 71.3384 14
    endloop
  endfacet
  facet normal 0 0 1
    outer loop
      vertex 70.8889 71.6371 14
      vertex 12 71.3 14
      vertex 71.2346 71.4522 14
    endloop
  endfacet
  facet normal 0 0 1
    outer loop
      vertex 10 73.3 14
      vertex 27.0491 94.2085 14
      vertex 26.1794 94.7414 14
    endloop
  endfacet
  facet normal 0 0 1
    outer loop
      vertex 10 73.3 14
      vertex 26.1794 94.7414 14
      vertex 25.4038 95.4038 14
    endloop
  endfacet
  facet normal 0 0 1
    outer loop
      vertex 10 73.3 14
      vertex 25.4038 95.4038 14
      vertex 24.7414 96.1794 14
    endloop
  endfacet
  facet normal 0 0 1
    outer loop
      vertex 10 73.3 14
      vertex 24.7414 96.1794 14
      vertex 24.2085 97.0491 14
    endloop
  endfacet
  facet normal 0 0 1
    outer loop
      vertex 10 73.3 14
      vertex 24.2085 97.0491 14
      vertex 23.8181 97.9914 14
    endloop
  endfacet
  facet normal 0 0 1
    outer loop
      vertex 23.5 100 14
      vertex 10 73.3 14
      vertex 23.58 98.9832 14
    endloop
  endfacet
  facet normal 0 0 1
    outer loop
      vertex 10 126.7 14
      vertex 12 128.7 14
      vertex 11.6098 128.662 14
    endloop
  endfacet
  facet normal 0 0 1
    outer loop
      vertex 23.58 98.9832 14
      vertex 10 73.3 14
      vertex 23.8181 97.9914 14
    endloop
  endfacet
  facet normal 0 0 1
    outer loop
      vertex 10 126.7 14
      vertex 11.6098 128.662 14
      vertex 11.2346 128.548 14
    endloop
  endfacet
  facet normal 0 0 1
    outer loop
      vertex 27.0491 94.2085 14
      vertex 10 73.3 14
      vertex 12 71.3 14
    endloop
  endfacet
  facet normal 0 0 1
    outer loop
      vertex 10 126.7 14
      vertex 11.2346 128.548 14
      vertex 10.8889 128.363 14
    endloop
  endfacet
  facet normal 0 0 1
    outer loop
      vertex 12 71.3 14
      vertex 10 73.3 14
      vertex 11.6098 71.3384 14
    endloop
  endfacet
  facet normal 0 0 1
    outer loop
      vertex 10 126.7 14
      vertex 10.8889 128.363 14
      vertex 10.5858 128.114 14
    endloop
  endfacet
  facet normal 0 0 1
    outer loop
      vertex 11.6098 71.3384 14
      vertex 10 73.3 14
      vertex 11.2346 71.4522 14
    endloop
  endfacet
  facet normal 0 0 1
    outer loop
      vertex 10 126.7 14
      vertex 10.5858 128.114 14
      vertex 10.3371 127.811 14
    endloop
  endfacet
  facet normal 0 0 1
    outer loop
      vertex 11.2346 71.4522 14
      vertex 10 73.3 14
      vertex 10.8889 71.6371 14
    endloop
  endfacet
  facet normal 0 0 1
    outer loop
      vertex 10 126.7 14
      vertex 10.3371 127.811 14
      vertex 10.1522 127.465 14
    endloop
  endfacet
  facet normal 0 0 1
    outer loop
      vertex 10.8889 71.6371 14
      vertex 10 73.3 14
      vertex 10.5858 71.8858 14
    endloop
  endfacet
  facet normal 0 0 1
    outer loop
      vertex 10 126.7 14
      vertex 10.1522 127.465 14
      vertex 10.0384 127.09 14
    endloop
  endfacet
  facet normal 0 0 1
    outer loop
      vertex 10.5858 71.8858 14
      vertex 10 73.3 14
      vertex 10.3371 72.1889 14
    endloop
  endfacet
  facet normal 0 0 1
    outer loop
      vertex 10.3371 72.1889 14
      vertex 10 73.3 14
      vertex 10.1522 72.5346 14
    endloop
  endfacet
  facet normal 0 0 1
    outer loop
      vertex 10.1522 72.5346 14
      vertex 10 73.3 14
      vertex 10.0384 72.9098 14
    endloop
  endfacet
  facet normal 0.382756 0.92385 -0
    outer loop
      vertex 27.9914 93.8181 8.3
      vertex 27.0491 94.2085 14
      vertex 27.9914 93.8181 14
    endloop
  endfacet
  facet normal 0.382756 0.92385 0
    outer loop
      vertex 27.0491 94.2085 14
      vertex 27.9914 93.8181 8.3
      vertex 27.0491 94.2085 8.3
    endloop
  endfacet
  facet normal 0.972372 0.233436 0
    outer loop
      vertex 23.8181 97.9914 14
      vertex 23.58 98.9832 8.3
      vertex 23.58 98.9832 14
    endloop
  endfacet
  facet normal 0.972372 0.233436 0
    outer loop
      vertex 23.58 98.9832 8.3
      vertex 23.8181 97.9914 14
      vertex 23.8181 97.9914 8.3
    endloop
  endfacet
  facet normal 0.852744 -0.52233 0
    outer loop
      vertex 24.2085 102.951 14
      vertex 24.7414 103.821 8.3
      vertex 24.7414 103.821 14
    endloop
  endfacet
  facet normal 0.852744 -0.52233 0
    outer loop
      vertex 24.7414 103.821 8.3
      vertex 24.2085 102.951 14
      vertex 24.2085 102.951 8.3
    endloop
  endfacet
  facet normal -0.233436 0.972372 0
    outer loop
      vertex 32.0086 93.8181 8.3
      vertex 31.0168 93.58 14
      vertex 32.0086 93.8181 14
    endloop
  endfacet
  facet normal -0.233436 0.972372 0
    outer loop
      vertex 31.0168 93.58 14
      vertex 32.0086 93.8181 8.3
      vertex 31.0168 93.58 8.3
    endloop
  endfacet
  facet normal 0.233343 -0.972394 0
    outer loop
      vertex 27.9914 106.182 8.3
      vertex 28.9832 106.42 14
      vertex 27.9914 106.182 14
    endloop
  endfacet
  facet normal 0.233343 -0.972394 0
    outer loop
      vertex 28.9832 106.42 14
      vertex 27.9914 106.182 8.3
      vertex 28.9832 106.42 8.3
    endloop
  endfacet
  facet normal -0.923806 -0.38286 0
    outer loop
      vertex 36.1819 102.009 8.3
      vertex 35.7915 102.951 14
      vertex 35.7915 102.951 8.3
    endloop
  endfacet
  facet normal -0.923806 -0.38286 0
    outer loop
      vertex 35.7915 102.951 14
      vertex 36.1819 102.009 8.3
      vertex 36.1819 102.009 14
    endloop
  endfacet
  facet normal -0.852744 -0.52233 0
    outer loop
      vertex 35.7915 102.951 8.3
      vertex 35.2586 103.821 14
      vertex 35.2586 103.821 8.3
    endloop
  endfacet
  facet normal -0.852744 -0.52233 0
    outer loop
      vertex 35.2586 103.821 14
      vertex 35.7915 102.951 8.3
      vertex 35.7915 102.951 14
    endloop
  endfacet
  facet normal -0.99692 -0.0784205 0
    outer loop
      vertex 36.5 100 8.3
      vertex 36.42 101.017 14
      vertex 36.42 101.017 8.3
    endloop
  endfacet
  facet normal -0.99692 -0.0784205 0
    outer loop
      vertex 36.42 101.017 14
      vertex 36.5 100 8.3
      vertex 36.5 100 14
    endloop
  endfacet
  facet normal -0.649774 -0.760128 0
    outer loop
      vertex 33.8206 105.259 8.3
      vertex 34.5962 104.596 14
      vertex 33.8206 105.259 14
    endloop
  endfacet
  facet normal -0.649774 -0.760128 -0
    outer loop
      vertex 34.5962 104.596 14
      vertex 33.8206 105.259 8.3
      vertex 34.5962 104.596 8.3
    endloop
  endfacet
  facet normal -0.972383 -0.233391 0
    outer loop
      vertex 36.42 101.017 8.3
      vertex 36.1819 102.009 14
      vertex 36.1819 102.009 8.3
    endloop
  endfacet
  facet normal -0.972383 -0.233391 0
    outer loop
      vertex 36.1819 102.009 14
      vertex 36.42 101.017 8.3
      vertex 36.42 101.017 14
    endloop
  endfacet
  facet normal -0.382756 0.92385 0
    outer loop
      vertex 32.9509 94.2085 8.3
      vertex 32.0086 93.8181 14
      vertex 32.9509 94.2085 14
    endloop
  endfacet
  facet normal -0.382756 0.92385 0
    outer loop
      vertex 32.0086 93.8181 14
      vertex 32.9509 94.2085 8.3
      vertex 32.0086 93.8181 8.3
    endloop
  endfacet
  facet normal 0.923806 -0.38286 0
    outer loop
      vertex 23.8181 102.009 14
      vertex 24.2085 102.951 8.3
      vertex 24.2085 102.951 14
    endloop
  endfacet
  facet normal 0.923806 -0.38286 0
    outer loop
      vertex 24.2085 102.951 8.3
      vertex 23.8181 102.009 14
      vertex 23.8181 102.009 8.3
    endloop
  endfacet
  facet normal 0.0784358 -0.996919 0
    outer loop
      vertex 28.9832 106.42 8.3
      vertex 30 106.5 14
      vertex 28.9832 106.42 14
    endloop
  endfacet
  facet normal 0.0784358 -0.996919 0
    outer loop
      vertex 30 106.5 14
      vertex 28.9832 106.42 8.3
      vertex 30 106.5 8.3
    endloop
  endfacet
  facet normal -0.649434 0.760418 0
    outer loop
      vertex 34.5962 95.4038 8.3
      vertex 33.8206 94.7414 14
      vertex 34.5962 95.4038 14
    endloop
  endfacet
  facet normal -0.649434 0.760418 0
    outer loop
      vertex 33.8206 94.7414 14
      vertex 34.5962 95.4038 8.3
      vertex 33.8206 94.7414 8.3
    endloop
  endfacet
  facet normal -0.522461 0.852663 0
    outer loop
      vertex 33.8206 94.7414 8.3
      vertex 32.9509 94.2085 14
      vertex 33.8206 94.7414 14
    endloop
  endfacet
  facet normal -0.522461 0.852663 0
    outer loop
      vertex 32.9509 94.2085 14
      vertex 33.8206 94.7414 8.3
      vertex 32.9509 94.2085 8.3
    endloop
  endfacet
  facet normal -0.996919 0.0784358 0
    outer loop
      vertex 36.42 98.9832 8.3
      vertex 36.5 100 14
      vertex 36.5 100 8.3
    endloop
  endfacet
  facet normal -0.996919 0.0784358 0
    outer loop
      vertex 36.5 100 14
      vertex 36.42 98.9832 8.3
      vertex 36.42 98.9832 14
    endloop
  endfacet
  facet normal -0.972372 0.233436 0
    outer loop
      vertex 36.1819 97.9914 8.3
      vertex 36.42 98.9832 14
      vertex 36.42 98.9832 8.3
    endloop
  endfacet
  facet normal -0.972372 0.233436 0
    outer loop
      vertex 36.42 98.9832 14
      vertex 36.1819 97.9914 8.3
      vertex 36.1819 97.9914 14
    endloop
  endfacet
  facet normal 0.649434 0.760418 -0
    outer loop
      vertex 26.1794 94.7414 8.3
      vertex 25.4038 95.4038 14
      vertex 26.1794 94.7414 14
    endloop
  endfacet
  facet normal 0.649434 0.760418 0
    outer loop
      vertex 25.4038 95.4038 14
      vertex 26.1794 94.7414 8.3
      vertex 25.4038 95.4038 8.3
    endloop
  endfacet
  facet normal -0.760418 0.649434 0
    outer loop
      vertex 34.5962 95.4038 8.3
      vertex 35.2586 96.1794 14
      vertex 35.2586 96.1794 8.3
    endloop
  endfacet
  facet normal -0.760418 0.649434 0
    outer loop
      vertex 35.2586 96.1794 14
      vertex 34.5962 95.4038 8.3
      vertex 34.5962 95.4038 14
    endloop
  endfacet
  facet normal 0.76017 -0.649724 0
    outer loop
      vertex 24.7414 103.821 14
      vertex 25.4038 104.596 8.3
      vertex 25.4038 104.596 14
    endloop
  endfacet
  facet normal 0.76017 -0.649724 0
    outer loop
      vertex 25.4038 104.596 8.3
      vertex 24.7414 103.821 14
      vertex 24.7414 103.821 8.3
    endloop
  endfacet
  facet normal 0.760418 0.649434 0
    outer loop
      vertex 25.4038 95.4038 14
      vertex 24.7414 96.1794 8.3
      vertex 24.7414 96.1794 14
    endloop
  endfacet
  facet normal 0.760418 0.649434 0
    outer loop
      vertex 24.7414 96.1794 8.3
      vertex 25.4038 95.4038 14
      vertex 25.4038 95.4038 8.3
    endloop
  endfacet
  facet normal 0.233436 0.972372 -0
    outer loop
      vertex 28.9832 93.58 8.3
      vertex 27.9914 93.8181 14
      vertex 28.9832 93.58 14
    endloop
  endfacet
  facet normal 0.233436 0.972372 0
    outer loop
      vertex 27.9914 93.8181 14
      vertex 28.9832 93.58 8.3
      vertex 27.9914 93.8181 8.3
    endloop
  endfacet
  facet normal -0.0784358 0.996919 0
    outer loop
      vertex 31.0168 93.58 8.3
      vertex 30 93.5 14
      vertex 31.0168 93.58 14
    endloop
  endfacet
  facet normal -0.0784358 0.996919 0
    outer loop
      vertex 30 93.5 14
      vertex 31.0168 93.58 8.3
      vertex 30 93.5 8.3
    endloop
  endfacet
  facet normal -0.382421 -0.923988 0
    outer loop
      vertex 32.0086 106.182 8.3
      vertex 32.9509 105.792 14
      vertex 32.0086 106.182 14
    endloop
  endfacet
  facet normal -0.382421 -0.923988 -0
    outer loop
      vertex 32.9509 105.792 14
      vertex 32.0086 106.182 8.3
      vertex 32.9509 105.792 8.3
    endloop
  endfacet
  facet normal -0.0784358 -0.996919 0
    outer loop
      vertex 30 106.5 8.3
      vertex 31.0168 106.42 14
      vertex 30 106.5 14
    endloop
  endfacet
  facet normal -0.0784358 -0.996919 -0
    outer loop
      vertex 31.0168 106.42 14
      vertex 30 106.5 8.3
      vertex 31.0168 106.42 8.3
    endloop
  endfacet
  facet normal -0.522532 -0.85262 0
    outer loop
      vertex 32.9509 105.792 8.3
      vertex 33.8206 105.259 14
      vertex 32.9509 105.792 14
    endloop
  endfacet
  facet normal -0.522532 -0.85262 -0
    outer loop
      vertex 33.8206 105.259 14
      vertex 32.9509 105.792 8.3
      vertex 33.8206 105.259 8.3
    endloop
  endfacet
  facet normal 0.382421 -0.923988 0
    outer loop
      vertex 27.0491 105.792 8.3
      vertex 27.9914 106.182 14
      vertex 27.0491 105.792 14
    endloop
  endfacet
  facet normal 0.382421 -0.923988 0
    outer loop
      vertex 27.9914 106.182 14
      vertex 27.0491 105.792 8.3
      vertex 27.9914 106.182 8.3
    endloop
  endfacet
  facet normal 0.99692 -0.0784205 0
    outer loop
      vertex 23.5 100 14
      vertex 23.58 101.017 8.3
      vertex 23.58 101.017 14
    endloop
  endfacet
  facet normal 0.99692 -0.0784205 0
    outer loop
      vertex 23.58 101.017 8.3
      vertex 23.5 100 14
      vertex 23.5 100 8.3
    endloop
  endfacet
  facet normal 0.649774 -0.760128 0
    outer loop
      vertex 25.4038 104.596 8.3
      vertex 26.1794 105.259 14
      vertex 25.4038 104.596 14
    endloop
  endfacet
  facet normal 0.649774 -0.760128 0
    outer loop
      vertex 26.1794 105.259 14
      vertex 25.4038 104.596 8.3
      vertex 26.1794 105.259 8.3
    endloop
  endfacet
  facet normal 0.0784358 0.996919 -0
    outer loop
      vertex 30 93.5 8.3
      vertex 28.9832 93.58 14
      vertex 30 93.5 14
    endloop
  endfacet
  facet normal 0.0784358 0.996919 0
    outer loop
      vertex 28.9832 93.58 14
      vertex 30 93.5 8.3
      vertex 28.9832 93.58 8.3
    endloop
  endfacet
  facet normal 0.92385 0.382756 0
    outer loop
      vertex 24.2085 97.0491 14
      vertex 23.8181 97.9914 8.3
      vertex 23.8181 97.9914 14
    endloop
  endfacet
  facet normal 0.92385 0.382756 0
    outer loop
      vertex 23.8181 97.9914 8.3
      vertex 24.2085 97.0491 14
      vertex 24.2085 97.0491 8.3
    endloop
  endfacet
  facet normal -0.233343 -0.972394 0
    outer loop
      vertex 31.0168 106.42 8.3
      vertex 32.0086 106.182 14
      vertex 31.0168 106.42 14
    endloop
  endfacet
  facet normal -0.233343 -0.972394 -0
    outer loop
      vertex 32.0086 106.182 14
      vertex 31.0168 106.42 8.3
      vertex 32.0086 106.182 8.3
    endloop
  endfacet
  facet normal -0.76017 -0.649724 0
    outer loop
      vertex 35.2586 103.821 8.3
      vertex 34.5962 104.596 14
      vertex 34.5962 104.596 8.3
    endloop
  endfacet
  facet normal -0.76017 -0.649724 0
    outer loop
      vertex 34.5962 104.596 14
      vertex 35.2586 103.821 8.3
      vertex 35.2586 103.821 14
    endloop
  endfacet
  facet normal 0.972383 -0.233391 0
    outer loop
      vertex 23.58 101.017 14
      vertex 23.8181 102.009 8.3
      vertex 23.8181 102.009 14
    endloop
  endfacet
  facet normal 0.972383 -0.233391 0
    outer loop
      vertex 23.8181 102.009 8.3
      vertex 23.58 101.017 14
      vertex 23.58 101.017 8.3
    endloop
  endfacet
  facet normal 0.522461 0.852663 -0
    outer loop
      vertex 27.0491 94.2085 8.3
      vertex 26.1794 94.7414 14
      vertex 27.0491 94.2085 14
    endloop
  endfacet
  facet normal 0.522461 0.852663 0
    outer loop
      vertex 26.1794 94.7414 14
      vertex 27.0491 94.2085 8.3
      vertex 26.1794 94.7414 8.3
    endloop
  endfacet
  facet normal -0.852663 0.522461 0
    outer loop
      vertex 35.2586 96.1794 8.3
      vertex 35.7915 97.0491 14
      vertex 35.7915 97.0491 8.3
    endloop
  endfacet
  facet normal -0.852663 0.522461 0
    outer loop
      vertex 35.7915 97.0491 14
      vertex 35.2586 96.1794 8.3
      vertex 35.2586 96.1794 14
    endloop
  endfacet
  facet normal -0.92385 0.382756 0
    outer loop
      vertex 35.7915 97.0491 8.3
      vertex 36.1819 97.9914 14
      vertex 36.1819 97.9914 8.3
    endloop
  endfacet
  facet normal -0.92385 0.382756 0
    outer loop
      vertex 36.1819 97.9914 14
      vertex 35.7915 97.0491 8.3
      vertex 35.7915 97.0491 14
    endloop
  endfacet
  facet normal 0.522532 -0.85262 0
    outer loop
      vertex 26.1794 105.259 8.3
      vertex 27.0491 105.792 14
      vertex 26.1794 105.259 14
    endloop
  endfacet
  facet normal 0.522532 -0.85262 0
    outer loop
      vertex 27.0491 105.792 14
      vertex 26.1794 105.259 8.3
      vertex 27.0491 105.792 8.3
    endloop
  endfacet
  facet normal 0.996919 0.0784358 0
    outer loop
      vertex 23.58 98.9832 14
      vertex 23.5 100 8.3
      vertex 23.5 100 14
    endloop
  endfacet
  facet normal 0.996919 0.0784358 0
    outer loop
      vertex 23.5 100 8.3
      vertex 23.58 98.9832 14
      vertex 23.58 98.9832 8.3
    endloop
  endfacet
  facet normal 0.852663 0.522461 0
    outer loop
      vertex 24.7414 96.1794 14
      vertex 24.2085 97.0491 8.3
      vertex 24.2085 97.0491 14
    endloop
  endfacet
  facet normal 0.852663 0.522461 0
    outer loop
      vertex 24.2085 97.0491 8.3
      vertex 24.7414 96.1794 14
      vertex 24.7414 96.1794 8.3
    endloop
  endfacet
  facet normal 0.290248 -0.956951 0
    outer loop
      vertex 76.0902 71.3384 14
      vertex 76.4654 71.4522 157.4
      vertex 76.0902 71.3384 157.4
    endloop
  endfacet
  facet normal 0.290248 -0.956951 0
    outer loop
      vertex 76.4654 71.4522 157.4
      vertex 76.0902 71.3384 14
      vertex 76.4654 71.4522 14
    endloop
  endfacet
  facet normal 0.995188 0.0979877 0
    outer loop
      vertex 77.7 126.7 157.4
      vertex 77.6616 127.09 14
      vertex 77.6616 127.09 157.4
    endloop
  endfacet
  facet normal 0.995188 0.0979877 0
    outer loop
      vertex 77.6616 127.09 14
      vertex 77.7 126.7 157.4
      vertex 77.7 126.7 14
    endloop
  endfacet
  facet normal -0.0969274 0.995291 0
    outer loop
      vertex 72 128.7 14
      vertex 71.6098 128.662 157.4
      vertex 72 128.7 157.4
    endloop
  endfacet
  facet normal -0.0969274 0.995291 0
    outer loop
      vertex 71.6098 128.662 157.4
      vertex 72 128.7 14
      vertex 71.6098 128.662 14
    endloop
  endfacet
  facet normal -0.995193 -0.097938 0
    outer loop
      vertex 70.0384 72.9098 14
      vertex 70 73.3 157.4
      vertex 70 73.3 14
    endloop
  endfacet
  facet normal -0.995193 -0.097938 0
    outer loop
      vertex 70 73.3 157.4
      vertex 70.0384 72.9098 14
      vertex 70.0384 72.9098 157.4
    endloop
  endfacet
  facet normal -1 0 0
    outer loop
      vertex 70 73.3 14
      vertex 70 126.7 157.4
      vertex 70 126.7 14
    endloop
  endfacet
  facet normal -1 -0 0
    outer loop
      vertex 70 126.7 157.4
      vertex 70 73.3 14
      vertex 70 73.3 157.4
    endloop
  endfacet
  facet normal -0.290715 0.95681 0
    outer loop
      vertex 71.6098 128.662 14
      vertex 71.2346 128.548 157.4
      vertex 71.6098 128.662 157.4
    endloop
  endfacet
  facet normal -0.290715 0.95681 0
    outer loop
      vertex 71.2346 128.548 157.4
      vertex 71.6098 128.662 14
      vertex 71.2346 128.548 14
    endloop
  endfacet
  facet normal -0.995188 0.0979877 0
    outer loop
      vertex 70 126.7 14
      vertex 70.0384 127.09 157.4
      vertex 70.0384 127.09 14
    endloop
  endfacet
  facet normal -0.995188 0.0979877 0
    outer loop
      vertex 70.0384 127.09 157.4
      vertex 70 126.7 14
      vertex 70 126.7 157.4
    endloop
  endfacet
  facet normal 0.634321 -0.77307 0
    outer loop
      vertex 76.8111 71.6371 14
      vertex 77.1142 71.8858 157.4
      vertex 76.8111 71.6371 157.4
    endloop
  endfacet
  facet normal 0.634321 -0.77307 0
    outer loop
      vertex 77.1142 71.8858 157.4
      vertex 76.8111 71.6371 14
      vertex 77.1142 71.8858 14
    endloop
  endfacet
  facet normal 0.881795 -0.471634 0
    outer loop
      vertex 77.3629 72.1889 157.4
      vertex 77.5478 72.5346 14
      vertex 77.5478 72.5346 157.4
    endloop
  endfacet
  facet normal 0.881795 -0.471634 0
    outer loop
      vertex 77.5478 72.5346 14
      vertex 77.3629 72.1889 157.4
      vertex 77.3629 72.1889 14
    endloop
  endfacet
  facet normal 1 -0 0
    outer loop
      vertex 77.7 73.3 157.4
      vertex 77.7 126.7 14
      vertex 77.7 126.7 157.4
    endloop
  endfacet
  facet normal 1 0 0
    outer loop
      vertex 77.7 126.7 14
      vertex 77.7 73.3 157.4
      vertex 77.7 73.3 14
    endloop
  endfacet
  facet normal 0.097938 -0.995193 0
    outer loop
      vertex 75.7 71.3 14
      vertex 76.0902 71.3384 157.4
      vertex 75.7 71.3 157.4
    endloop
  endfacet
  facet normal 0.097938 -0.995193 0
    outer loop
      vertex 76.0902 71.3384 157.4
      vertex 75.7 71.3 14
      vertex 76.0902 71.3384 14
    endloop
  endfacet
  facet normal -0.772968 0.634446 0
    outer loop
      vertex 70.3371 127.811 14
      vertex 70.5858 128.114 157.4
      vertex 70.5858 128.114 14
    endloop
  endfacet
  facet normal -0.772968 0.634446 0
    outer loop
      vertex 70.5858 128.114 157.4
      vertex 70.3371 127.811 14
      vertex 70.3371 127.811 157.4
    endloop
  endfacet
  facet normal -0.471832 0.881688 0
    outer loop
      vertex 71.2346 128.548 14
      vertex 70.8889 128.363 157.4
      vertex 71.2346 128.548 157.4
    endloop
  endfacet
  facet normal -0.471832 0.881688 0
    outer loop
      vertex 70.8889 128.363 157.4
      vertex 71.2346 128.548 14
      vertex 70.8889 128.363 14
    endloop
  endfacet
  facet normal -0.881795 -0.471634 0
    outer loop
      vertex 70.3371 72.1889 14
      vertex 70.1522 72.5346 157.4
      vertex 70.1522 72.5346 14
    endloop
  endfacet
  facet normal -0.881795 -0.471634 0
    outer loop
      vertex 70.1522 72.5346 157.4
      vertex 70.3371 72.1889 14
      vertex 70.3371 72.1889 157.4
    endloop
  endfacet
  facet normal -0.097938 -0.995193 0
    outer loop
      vertex 71.6098 71.3384 14
      vertex 72 71.3 157.4
      vertex 71.6098 71.3384 157.4
    endloop
  endfacet
  facet normal -0.097938 -0.995193 -0
    outer loop
      vertex 72 71.3 157.4
      vertex 71.6098 71.3384 14
      vertex 72 71.3 14
    endloop
  endfacet
  facet normal 0.77307 -0.634321 0
    outer loop
      vertex 77.1142 71.8858 157.4
      vertex 77.3629 72.1889 14
      vertex 77.3629 72.1889 157.4
    endloop
  endfacet
  facet normal 0.77307 -0.634321 0
    outer loop
      vertex 77.3629 72.1889 14
      vertex 77.1142 71.8858 157.4
      vertex 77.1142 71.8858 14
    endloop
  endfacet
  facet normal 0.956951 -0.290248 0
    outer loop
      vertex 77.5478 72.5346 157.4
      vertex 77.6616 72.9098 14
      vertex 77.6616 72.9098 157.4
    endloop
  endfacet
  facet normal 0.956951 -0.290248 0
    outer loop
      vertex 77.6616 72.9098 14
      vertex 77.5478 72.5346 157.4
      vertex 77.5478 72.5346 14
    endloop
  endfacet
  facet normal -0.881965 0.471316 0
    outer loop
      vertex 70.1522 127.465 14
      vertex 70.3371 127.811 157.4
      vertex 70.3371 127.811 14
    endloop
  endfacet
  facet normal -0.881965 0.471316 0
    outer loop
      vertex 70.3371 127.811 157.4
      vertex 70.1522 127.465 14
      vertex 70.1522 127.465 157.4
    endloop
  endfacet
  facet normal 0 0 1
    outer loop
      vertex 75.7 128.7 157.4
      vertex 77.7 126.7 157.4
      vertex 77.6616 127.09 157.4
    endloop
  endfacet
  facet normal 0 0 1
    outer loop
      vertex 77.7 126.7 157.4
      vertex 70 126.7 157.4
      vertex 77.7 73.3 157.4
    endloop
  endfacet
  facet normal 0 0 1
    outer loop
      vertex 75.7 128.7 157.4
      vertex 77.6616 127.09 157.4
      vertex 77.5478 127.465 157.4
    endloop
  endfacet
  facet normal 0 0 1
    outer loop
      vertex 70 73.3 157.4
      vertex 77.7 73.3 157.4
      vertex 70 126.7 157.4
    endloop
  endfacet
  facet normal 0 0 1
    outer loop
      vertex 75.7 128.7 157.4
      vertex 77.5478 127.465 157.4
      vertex 77.3629 127.811 157.4
    endloop
  endfacet
  facet normal 0 -0 1
    outer loop
      vertex 75.7 71.3 157.4
      vertex 77.7 73.3 157.4
      vertex 70 73.3 157.4
    endloop
  endfacet
  facet normal 0 0 1
    outer loop
      vertex 75.7 128.7 157.4
      vertex 77.3629 127.811 157.4
      vertex 77.1142 128.114 157.4
    endloop
  endfacet
  facet normal 0 0 1
    outer loop
      vertex 77.7 73.3 157.4
      vertex 75.7 71.3 157.4
      vertex 77.6616 72.9098 157.4
    endloop
  endfacet
  facet normal 0 0 1
    outer loop
      vertex 75.7 128.7 157.4
      vertex 77.1142 128.114 157.4
      vertex 76.8111 128.363 157.4
    endloop
  endfacet
  facet normal 0 0 1
    outer loop
      vertex 77.6616 72.9098 157.4
      vertex 75.7 71.3 157.4
      vertex 77.5478 72.5346 157.4
    endloop
  endfacet
  facet normal 0 0 1
    outer loop
      vertex 75.7 128.7 157.4
      vertex 76.8111 128.363 157.4
      vertex 76.4654 128.548 157.4
    endloop
  endfacet
  facet normal 0 0 1
    outer loop
      vertex 77.5478 72.5346 157.4
      vertex 75.7 71.3 157.4
      vertex 77.3629 72.1889 157.4
    endloop
  endfacet
  facet normal 0 0 1
    outer loop
      vertex 75.7 128.7 157.4
      vertex 76.4654 128.548 157.4
      vertex 76.0902 128.662 157.4
    endloop
  endfacet
  facet normal 0 0 1
    outer loop
      vertex 77.3629 72.1889 157.4
      vertex 75.7 71.3 157.4
      vertex 77.1142 71.8858 157.4
    endloop
  endfacet
  facet normal 0 0 1
    outer loop
      vertex 77.7 126.7 157.4
      vertex 75.7 128.7 157.4
      vertex 70 126.7 157.4
    endloop
  endfacet
  facet normal 0 0 1
    outer loop
      vertex 77.1142 71.8858 157.4
      vertex 75.7 71.3 157.4
      vertex 76.8111 71.6371 157.4
    endloop
  endfacet
  facet normal 0 0 1
    outer loop
      vertex 70 126.7 157.4
      vertex 75.7 128.7 157.4
      vertex 72 128.7 157.4
    endloop
  endfacet
  facet normal 0 0 1
    outer loop
      vertex 76.8111 71.6371 157.4
      vertex 75.7 71.3 157.4
      vertex 76.4654 71.4522 157.4
    endloop
  endfacet
  facet normal 0 0 1
    outer loop
      vertex 70 126.7 157.4
      vertex 72 128.7 157.4
      vertex 71.6098 128.662 157.4
    endloop
  endfacet
  facet normal 0 0 1
    outer loop
      vertex 76.4654 71.4522 157.4
      vertex 75.7 71.3 157.4
      vertex 76.0902 71.3384 157.4
    endloop
  endfacet
  facet normal 0 0 1
    outer loop
      vertex 70 126.7 157.4
      vertex 71.6098 128.662 157.4
      vertex 71.2346 128.548 157.4
    endloop
  endfacet
  facet normal 0 0 1
    outer loop
      vertex 75.7 71.3 157.4
      vertex 70 73.3 157.4
      vertex 72 71.3 157.4
    endloop
  endfacet
  facet normal 0 0 1
    outer loop
      vertex 70 126.7 157.4
      vertex 71.2346 128.548 157.4
      vertex 70.8889 128.363 157.4
    endloop
  endfacet
  facet normal 0 0 1
    outer loop
      vertex 72 71.3 157.4
      vertex 70 73.3 157.4
      vertex 71.6098 71.3384 157.4
    endloop
  endfacet
  facet normal 0 0 1
    outer loop
      vertex 70 126.7 157.4
      vertex 70.8889 128.363 157.4
      vertex 70.5858 128.114 157.4
    endloop
  endfacet
  facet normal 0 0 1
    outer loop
      vertex 71.6098 71.3384 157.4
      vertex 70 73.3 157.4
      vertex 71.2346 71.4522 157.4
    endloop
  endfacet
  facet normal 0 0 1
    outer loop
      vertex 70 126.7 157.4
      vertex 70.5858 128.114 157.4
      vertex 70.3371 127.811 157.4
    endloop
  endfacet
  facet normal 0 0 1
    outer loop
      vertex 71.2346 71.4522 157.4
      vertex 70 73.3 157.4
      vertex 70.8889 71.6371 157.4
    endloop
  endfacet
  facet normal 0 0 1
    outer loop
      vertex 70 126.7 157.4
      vertex 70.3371 127.811 157.4
      vertex 70.1522 127.465 157.4
    endloop
  endfacet
  facet normal 0 0 1
    outer loop
      vertex 70.8889 71.6371 157.4
      vertex 70 73.3 157.4
      vertex 70.5858 71.8858 157.4
    endloop
  endfacet
  facet normal 0 0 1
    outer loop
      vertex 70 126.7 157.4
      vertex 70.1522 127.465 157.4
      vertex 70.0384 127.09 157.4
    endloop
  endfacet
  facet normal 0 0 1
    outer loop
      vertex 70.5858 71.8858 157.4
      vertex 70 73.3 157.4
      vertex 70.3371 72.1889 157.4
    endloop
  endfacet
  facet normal 0 0 1
    outer loop
      vertex 70.3371 72.1889 157.4
      vertex 70 73.3 157.4
      vertex 70.1522 72.5346 157.4
    endloop
  endfacet
  facet normal 0 0 1
    outer loop
      vertex 70.1522 72.5346 157.4
      vertex 70 73.3 157.4
      vertex 70.0384 72.9098 157.4
    endloop
  endfacet
  facet normal 0.471634 -0.881795 0
    outer loop
      vertex 76.4654 71.4522 14
      vertex 76.8111 71.6371 157.4
      vertex 76.4654 71.4522 157.4
    endloop
  endfacet
  facet normal 0.471634 -0.881795 0
    outer loop
      vertex 76.8111 71.6371 157.4
      vertex 76.4654 71.4522 14
      vertex 76.8111 71.6371 14
    endloop
  endfacet
  facet normal 0.0969274 0.995291 -0
    outer loop
      vertex 76.0902 128.662 14
      vertex 75.7 128.7 157.4
      vertex 76.0902 128.662 157.4
    endloop
  endfacet
  facet normal 0.0969274 0.995291 0
    outer loop
      vertex 75.7 128.7 157.4
      vertex 76.0902 128.662 14
      vertex 75.7 128.7 14
    endloop
  endfacet
  facet normal -0.956908 0.29039 0
    outer loop
      vertex 70.0384 127.09 14
      vertex 70.1522 127.465 157.4
      vertex 70.1522 127.465 14
    endloop
  endfacet
  facet normal -0.956908 0.29039 0
    outer loop
      vertex 70.1522 127.465 157.4
      vertex 70.0384 127.09 14
      vertex 70.0384 127.09 157.4
    endloop
  endfacet
  facet normal -0.956951 -0.290248 0
    outer loop
      vertex 70.1522 72.5346 14
      vertex 70.0384 72.9098 157.4
      vertex 70.0384 72.9098 14
    endloop
  endfacet
  facet normal -0.956951 -0.290248 0
    outer loop
      vertex 70.0384 72.9098 157.4
      vertex 70.1522 72.5346 14
      vertex 70.1522 72.5346 157.4
    endloop
  endfacet
  facet normal 0.471832 0.881688 -0
    outer loop
      vertex 76.8111 128.363 14
      vertex 76.4654 128.548 157.4
      vertex 76.8111 128.363 157.4
    endloop
  endfacet
  facet normal 0.471832 0.881688 0
    outer loop
      vertex 76.4654 128.548 157.4
      vertex 76.8111 128.363 14
      vertex 76.4654 128.548 14
    endloop
  endfacet
  facet normal 0.995193 -0.097938 0
    outer loop
      vertex 77.6616 72.9098 157.4
      vertex 77.7 73.3 14
      vertex 77.7 73.3 157.4
    endloop
  endfacet
  facet normal 0.995193 -0.097938 0
    outer loop
      vertex 77.7 73.3 14
      vertex 77.6616 72.9098 157.4
      vertex 77.6616 72.9098 14
    endloop
  endfacet
  facet normal -0.634777 0.772695 0
    outer loop
      vertex 70.8889 128.363 14
      vertex 70.5858 128.114 157.4
      vertex 70.8889 128.363 157.4
    endloop
  endfacet
  facet normal -0.634777 0.772695 0
    outer loop
      vertex 70.5858 128.114 157.4
      vertex 70.8889 128.363 14
      vertex 70.5858 128.114 14
    endloop
  endfacet
  facet normal 0.290715 0.95681 -0
    outer loop
      vertex 76.4654 128.548 14
      vertex 76.0902 128.662 157.4
      vertex 76.4654 128.548 157.4
    endloop
  endfacet
  facet normal 0.290715 0.95681 0
    outer loop
      vertex 76.0902 128.662 157.4
      vertex 76.4654 128.548 14
      vertex 76.0902 128.662 14
    endloop
  endfacet
  facet normal 0.634777 0.772695 -0
    outer loop
      vertex 77.1142 128.114 14
      vertex 76.8111 128.363 157.4
      vertex 77.1142 128.114 157.4
    endloop
  endfacet
  facet normal 0.634777 0.772695 0
    outer loop
      vertex 76.8111 128.363 157.4
      vertex 77.1142 128.114 14
      vertex 76.8111 128.363 14
    endloop
  endfacet
  facet normal -0.634321 -0.77307 0
    outer loop
      vertex 70.5858 71.8858 14
      vertex 70.8889 71.6371 157.4
      vertex 70.5858 71.8858 157.4
    endloop
  endfacet
  facet normal -0.634321 -0.77307 -0
    outer loop
      vertex 70.8889 71.6371 157.4
      vertex 70.5858 71.8858 14
      vertex 70.8889 71.6371 14
    endloop
  endfacet
  facet normal 0.881965 0.471316 0
    outer loop
      vertex 77.5478 127.465 157.4
      vertex 77.3629 127.811 14
      vertex 77.3629 127.811 157.4
    endloop
  endfacet
  facet normal 0.881965 0.471316 0
    outer loop
      vertex 77.3629 127.811 14
      vertex 77.5478 127.465 157.4
      vertex 77.5478 127.465 14
    endloop
  endfacet
  facet normal -0.471634 -0.881795 0
    outer loop
      vertex 70.8889 71.6371 14
      vertex 71.2346 71.4522 157.4
      vertex 70.8889 71.6371 157.4
    endloop
  endfacet
  facet normal -0.471634 -0.881795 -0
    outer loop
      vertex 71.2346 71.4522 157.4
      vertex 70.8889 71.6371 14
      vertex 71.2346 71.4522 14
    endloop
  endfacet
  facet normal -0.290248 -0.956951 0
    outer loop
      vertex 71.2346 71.4522 14
      vertex 71.6098 71.3384 157.4
      vertex 71.2346 71.4522 157.4
    endloop
  endfacet
  facet normal -0.290248 -0.956951 -0
    outer loop
      vertex 71.6098 71.3384 157.4
      vertex 71.2346 71.4522 14
      vertex 71.6098 71.3384 14
    endloop
  endfacet
  facet normal -0.77307 -0.634321 0
    outer loop
      vertex 70.5858 71.8858 14
      vertex 70.3371 72.1889 157.4
      vertex 70.3371 72.1889 14
    endloop
  endfacet
  facet normal -0.77307 -0.634321 0
    outer loop
      vertex 70.3371 72.1889 157.4
      vertex 70.5858 71.8858 14
      vertex 70.5858 71.8858 157.4
    endloop
  endfacet
  facet normal 0.956908 0.29039 0
    outer loop
      vertex 77.6616 127.09 157.4
      vertex 77.5478 127.465 14
      vertex 77.5478 127.465 157.4
    endloop
  endfacet
  facet normal 0.956908 0.29039 0
    outer loop
      vertex 77.5478 127.465 14
      vertex 77.6616 127.09 157.4
      vertex 77.6616 127.09 14
    endloop
  endfacet
  facet normal 0.772968 0.634446 0
    outer loop
      vertex 77.3629 127.811 157.4
      vertex 77.1142 128.114 14
      vertex 77.1142 128.114 157.4
    endloop
  endfacet
  facet normal 0.772968 0.634446 0
    outer loop
      vertex 77.1142 128.114 14
      vertex 77.3629 127.811 157.4
      vertex 77.3629 127.811 14
    endloop
  endfacet
endsolid OpenSCAD_Model
