solid OpenSCAD_Model
  facet normal 0 1 0
    outer loop
      vertex 24.1395 -35.6 18.6459
      vertex 24.1964 -35.6 18.6267
      vertex 22.7442 -35.6 15.8575
    endloop
  endfacet
  facet normal 0 1 0
    outer loop
      vertex 25.3017 -35.6 18.093
      vertex 25.3498 -35.6 18.0614
      vertex 22.8927 -35.6 15.703
    endloop
  endfacet
  facet normal 0 1 0
    outer loop
      vertex 22.8636 -35.6 15.7446
      vertex 24.9534 -35.6 18.2988
      vertex 25.0044 -35.6 18.2711
    endloop
  endfacet
  facet normal 0 1 0
    outer loop
      vertex 23.8542 -35.6 18.7365
      vertex 22.6382 -35.6 15.9226
      vertex 23.7971 -35.6 18.7535
    endloop
  endfacet
  facet normal 0 1 0
    outer loop
      vertex 23.6254 -35.6 18.8021
      vertex 23.6827 -35.6 18.7863
      vertex 22.5782 -35.6 15.9528
    endloop
  endfacet
  facet normal 0 1 0
    outer loop
      vertex 22.6382 -35.6 15.9226
      vertex 23.7399 -35.6 18.7701
      vertex 23.7971 -35.6 18.7535
    endloop
  endfacet
  facet normal 0 1 -0
    outer loop
      vertex 22.6667 -35.6 15.9071
      vertex 22.6382 -35.6 15.9226
      vertex 23.8542 -35.6 18.7365
    endloop
  endfacet
  facet normal 0 1 0
    outer loop
      vertex 23.9113 -35.6 18.7191
      vertex 23.9684 -35.6 18.7014
      vertex 22.6939 -35.6 15.8911
    endloop
  endfacet
  facet normal 0 1 0
    outer loop
      vertex 23.5109 -35.6 18.8327
      vertex 22.5147 -35.6 15.982
      vertex 23.4535 -35.6 18.8474
    endloop
  endfacet
  facet normal 0 1 0
    outer loop
      vertex 23.5109 -35.6 18.8327
      vertex 23.5682 -35.6 18.8176
      vertex 22.5147 -35.6 15.982
    endloop
  endfacet
  facet normal 0 1 0
    outer loop
      vertex 24.2532 -35.6 18.6069
      vertex 24.3095 -35.6 18.5866
      vertex 22.7675 -35.6 15.8399
    endloop
  endfacet
  facet normal 0 1 0
    outer loop
      vertex 24.8502 -35.6 18.3524
      vertex 24.902 -35.6 18.3259
      vertex 22.847 -35.6 15.7647
    endloop
  endfacet
  facet normal -0 1 0
    outer loop
      vertex 22.6939 -35.6 15.8911
      vertex 24.0255 -35.6 18.6833
      vertex 22.7197 -35.6 15.8745
    endloop
  endfacet
  facet normal 0 1 0
    outer loop
      vertex 23.6827 -35.6 18.7863
      vertex 23.7399 -35.6 18.7701
      vertex 22.6086 -35.6 15.9378
    endloop
  endfacet
  facet normal 0 1 0
    outer loop
      vertex 23.6254 -35.6 18.8021
      vertex 22.5469 -35.6 15.9675
      vertex 23.5682 -35.6 18.8176
    endloop
  endfacet
  facet normal 0 1 0
    outer loop
      vertex 25.2042 -35.6 18.1547
      vertex 25.2531 -35.6 18.1241
      vertex 22.8788 -35.6 15.724
    endloop
  endfacet
  facet normal 0 1 0
    outer loop
      vertex 23.7399 -35.6 18.7701
      vertex 22.6382 -35.6 15.9226
      vertex 22.6086 -35.6 15.9378
    endloop
  endfacet
  facet normal 0 1 0
    outer loop
      vertex 22.6667 -35.6 15.9071
      vertex 23.8542 -35.6 18.7365
      vertex 23.9113 -35.6 18.7191
    endloop
  endfacet
  facet normal -0 1 0
    outer loop
      vertex 22.6667 -35.6 15.9071
      vertex 23.9113 -35.6 18.7191
      vertex 22.6939 -35.6 15.8911
    endloop
  endfacet
  facet normal 0 1 0
    outer loop
      vertex 22.6939 -35.6 15.8911
      vertex 23.9684 -35.6 18.7014
      vertex 24.0255 -35.6 18.6833
    endloop
  endfacet
  facet normal 0 1 0
    outer loop
      vertex 24.0825 -35.6 18.6648
      vertex 24.1395 -35.6 18.6459
      vertex 22.7197 -35.6 15.8745
    endloop
  endfacet
  facet normal 0 1 0
    outer loop
      vertex 24.1964 -35.6 18.6267
      vertex 24.2532 -35.6 18.6069
      vertex 22.7442 -35.6 15.8575
    endloop
  endfacet
  facet normal 0 1 0
    outer loop
      vertex 24.2532 -35.6 18.6069
      vertex 22.7675 -35.6 15.8399
      vertex 22.7442 -35.6 15.8575
    endloop
  endfacet
  facet normal -0 1 0
    outer loop
      vertex 22.7675 -35.6 15.8399
      vertex 24.3654 -35.6 18.5658
      vertex 22.7893 -35.6 15.8219
    endloop
  endfacet
  facet normal 0 1 0
    outer loop
      vertex 22.7675 -35.6 15.8399
      vertex 24.3095 -35.6 18.5866
      vertex 24.3654 -35.6 18.5658
    endloop
  endfacet
  facet normal 0 1 0
    outer loop
      vertex 24.476 -35.6 18.5223
      vertex 22.7893 -35.6 15.8219
      vertex 24.4209 -35.6 18.5443
    endloop
  endfacet
  facet normal 0 1 0
    outer loop
      vertex 24.4209 -35.6 18.5443
      vertex 22.7893 -35.6 15.8219
      vertex 24.3654 -35.6 18.5658
    endloop
  endfacet
  facet normal 0 1 -0
    outer loop
      vertex 22.7442 -35.6 15.8575
      vertex 22.7197 -35.6 15.8745
      vertex 24.1395 -35.6 18.6459
    endloop
  endfacet
  facet normal 0 1 -0
    outer loop
      vertex 22.8099 -35.6 15.8033
      vertex 22.7893 -35.6 15.8219
      vertex 24.476 -35.6 18.5223
    endloop
  endfacet
  facet normal 0 1 0
    outer loop
      vertex 24.5307 -35.6 18.4998
      vertex 22.8099 -35.6 15.8033
      vertex 24.476 -35.6 18.5223
    endloop
  endfacet
  facet normal 0 1 0
    outer loop
      vertex 24.585 -35.6 18.4766
      vertex 24.6388 -35.6 18.4529
      vertex 22.8099 -35.6 15.8033
    endloop
  endfacet
  facet normal 0 1 0
    outer loop
      vertex 24.5307 -35.6 18.4998
      vertex 24.585 -35.6 18.4766
      vertex 22.8099 -35.6 15.8033
    endloop
  endfacet
  facet normal 0 1 0
    outer loop
      vertex 22.8291 -35.6 15.7843
      vertex 24.6923 -35.6 18.4287
      vertex 24.7453 -35.6 18.4038
    endloop
  endfacet
  facet normal 0 1 -0
    outer loop
      vertex 22.847 -35.6 15.7647
      vertex 22.8291 -35.6 15.7843
      vertex 24.7979 -35.6 18.3784
    endloop
  endfacet
  facet normal 0 1 0
    outer loop
      vertex 24.8502 -35.6 18.3524
      vertex 22.847 -35.6 15.7647
      vertex 24.7979 -35.6 18.3784
    endloop
  endfacet
  facet normal 0 1 0
    outer loop
      vertex 22.847 -35.6 15.7647
      vertex 24.902 -35.6 18.3259
      vertex 24.9534 -35.6 18.2988
    endloop
  endfacet
  facet normal 0 1 -0
    outer loop
      vertex 22.8788 -35.6 15.724
      vertex 22.8636 -35.6 15.7446
      vertex 25.1051 -35.6 18.214
    endloop
  endfacet
  facet normal 0 1 0
    outer loop
      vertex 25.1051 -35.6 18.214
      vertex 22.8636 -35.6 15.7446
      vertex 25.0549 -35.6 18.2428
    endloop
  endfacet
  facet normal 0 1 0
    outer loop
      vertex 22.8927 -35.6 15.703
      vertex 25.2531 -35.6 18.1241
      vertex 25.3017 -35.6 18.093
    endloop
  endfacet
  facet normal 0 1 0
    outer loop
      vertex 25.3973 -35.6 18.029
      vertex 22.8927 -35.6 15.703
      vertex 25.3498 -35.6 18.0614
    endloop
  endfacet
  facet normal 0 1 0
    outer loop
      vertex 25.3973 -35.6 18.029
      vertex 25.4439 -35.6 17.9957
      vertex 22.8927 -35.6 15.703
    endloop
  endfacet
  facet normal 0 1 -0
    outer loop
      vertex 22.8927 -35.6 15.703
      vertex 22.8788 -35.6 15.724
      vertex 25.2531 -35.6 18.1241
    endloop
  endfacet
  facet normal 0 1 0
    outer loop
      vertex 22.8788 -35.6 15.724
      vertex 25.1549 -35.6 18.1846
      vertex 25.2042 -35.6 18.1547
    endloop
  endfacet
  facet normal 0 1 0
    outer loop
      vertex 25.0549 -35.6 18.2428
      vertex 22.8636 -35.6 15.7446
      vertex 25.0044 -35.6 18.2711
    endloop
  endfacet
  facet normal 0 1 -0
    outer loop
      vertex 22.8636 -35.6 15.7446
      vertex 22.847 -35.6 15.7647
      vertex 24.9534 -35.6 18.2988
    endloop
  endfacet
  facet normal 0 1 0
    outer loop
      vertex 24.7979 -35.6 18.3784
      vertex 22.8291 -35.6 15.7843
      vertex 24.7453 -35.6 18.4038
    endloop
  endfacet
  facet normal 0 1 0
    outer loop
      vertex 22.8291 -35.6 15.7843
      vertex 24.6388 -35.6 18.4529
      vertex 24.6923 -35.6 18.4287
    endloop
  endfacet
  facet normal 0 1 -0
    outer loop
      vertex 22.8291 -35.6 15.7843
      vertex 22.8099 -35.6 15.8033
      vertex 24.6388 -35.6 18.4529
    endloop
  endfacet
  facet normal 0 1 0
    outer loop
      vertex 22.7197 -35.6 15.8745
      vertex 24.0255 -35.6 18.6833
      vertex 24.0825 -35.6 18.6648
    endloop
  endfacet
  facet normal 0 1 0
    outer loop
      vertex 25.1051 -35.6 18.214
      vertex 25.1549 -35.6 18.1846
      vertex 22.8788 -35.6 15.724
    endloop
  endfacet
  facet normal 0 1 -0
    outer loop
      vertex 22.6086 -35.6 15.9378
      vertex 22.5782 -35.6 15.9528
      vertex 23.6827 -35.6 18.7863
    endloop
  endfacet
  facet normal 0 1 0
    outer loop
      vertex 23.6254 -35.6 18.8021
      vertex 22.5782 -35.6 15.9528
      vertex 22.5469 -35.6 15.9675
    endloop
  endfacet
  facet normal 0 1 0
    outer loop
      vertex 25.4439 -35.6 17.9957
      vertex 22.9053 -35.6 15.6814
      vertex 22.8927 -35.6 15.703
    endloop
  endfacet
  facet normal -0 1 0
    outer loop
      vertex 22.5147 -35.6 15.982
      vertex 23.5682 -35.6 18.8176
      vertex 22.5469 -35.6 15.9675
    endloop
  endfacet
  facet normal 0 1 0
    outer loop
      vertex 25.4439 -35.6 17.9957
      vertex 25.4897 -35.6 17.9616
      vertex 22.9053 -35.6 15.6814
    endloop
  endfacet
  facet normal 0 1 0
    outer loop
      vertex 25.5346 -35.6 17.9265
      vertex 22.9053 -35.6 15.6814
      vertex 25.4897 -35.6 17.9616
    endloop
  endfacet
  facet normal 0 1 0
    outer loop
      vertex 25.5346 -35.6 17.9265
      vertex 25.5787 -35.6 17.8906
      vertex 22.9053 -35.6 15.6814
    endloop
  endfacet
  facet normal 0 1 0
    outer loop
      vertex 22.9053 -35.6 15.6814
      vertex 25.7059 -35.6 17.7776
      vertex 25.7465 -35.6 17.7381
    endloop
  endfacet
  facet normal 0 1 -0
    outer loop
      vertex 22.9166 -35.6 15.6593
      vertex 22.9053 -35.6 15.6814
      vertex 25.7465 -35.6 17.7381
    endloop
  endfacet
  facet normal 0 1 0
    outer loop
      vertex 22.9266 -35.6 15.6367
      vertex 26.1376 -35.6 17.2458
      vertex 26.1681 -35.6 17.1957
    endloop
  endfacet
  facet normal 0 1 0
    outer loop
      vertex 26.1977 -35.6 17.1447
      vertex 22.9266 -35.6 15.6367
      vertex 26.1681 -35.6 17.1957
    endloop
  endfacet
  facet normal 0 1 -0
    outer loop
      vertex 22.5147 -35.6 15.982
      vertex 22.4817 -35.6 15.9963
      vertex 23.4535 -35.6 18.8474
    endloop
  endfacet
  facet normal 0 1 0
    outer loop
      vertex 26.3488 -35.6 16.816
      vertex 26.3694 -35.6 16.7572
      vertex 22.9352 -35.6 15.6136
    endloop
  endfacet
  facet normal 0 1 0
    outer loop
      vertex 22.9352 -35.6 15.6136
      vertex 26.3694 -35.6 16.7572
      vertex 26.3886 -35.6 16.6973
    endloop
  endfacet
  facet normal 0 1 0
    outer loop
      vertex 22.9425 -35.6 15.59
      vertex 26.4648 -35.6 16.3808
      vertex 26.4761 -35.6 16.3141
    endloop
  endfacet
  facet normal 0 1 0
    outer loop
      vertex 22.4817 -35.6 15.9963
      vertex 23.3962 -35.6 18.8617
      vertex 23.4535 -35.6 18.8474
    endloop
  endfacet
  facet normal 0 1 -0
    outer loop
      vertex 22.4817 -35.6 15.9963
      vertex 22.4479 -35.6 16.0103
      vertex 23.3962 -35.6 18.8617
    endloop
  endfacet
  facet normal 0 1 0
    outer loop
      vertex 26.5079 -35.6 16.0358
      vertex 26.5126 -35.6 15.9634
      vertex 22.9531 -35.6 15.5413
    endloop
  endfacet
  facet normal 0 1 0
    outer loop
      vertex 22.9531 -35.6 15.5413
      vertex 26.5126 -35.6 15.9634
      vertex 26.5159 -35.6 15.8899
    endloop
  endfacet
  facet normal 0 1 -0
    outer loop
      vertex 22.4479 -35.6 16.0103
      vertex 22.4132 -35.6 16.0242
      vertex 23.3388 -35.6 18.8757
    endloop
  endfacet
  facet normal 0 1 -0
    outer loop
      vertex 26.5139 -35.6 15.5629
      vertex 22.9564 -35.6 15.5161
      vertex 26.5174 -35.6 15.6508
    endloop
  endfacet
  facet normal 0 1 0
    outer loop
      vertex 22.4132 -35.6 16.0242
      vertex 23.2813 -35.6 18.8892
      vertex 23.3388 -35.6 18.8757
    endloop
  endfacet
  facet normal 0 1 0
    outer loop
      vertex 26.5139 -35.6 15.5629
      vertex 22.9584 -35.6 15.4905
      vertex 22.9564 -35.6 15.5161
    endloop
  endfacet
  facet normal 0 1 0
    outer loop
      vertex 26.4897 -35.6 15.3032
      vertex 22.959 -35.6 15.4644
      vertex 22.9584 -35.6 15.4905
    endloop
  endfacet
  facet normal 0 1 0
    outer loop
      vertex 26.4897 -35.6 15.3032
      vertex 26.4771 -35.6 15.218
      vertex 22.959 -35.6 15.4644
    endloop
  endfacet
  facet normal 0 1 -0
    outer loop
      vertex 26.4448 -35.6 15.0495
      vertex 22.959 -35.6 15.4644
      vertex 26.4621 -35.6 15.1334
    endloop
  endfacet
  facet normal 0 1 0
    outer loop
      vertex 23.2239 -35.6 18.9024
      vertex 23.2813 -35.6 18.8892
      vertex 22.3776 -35.6 16.0378
    endloop
  endfacet
  facet normal 0 1 0
    outer loop
      vertex 26.4448 -35.6 15.0495
      vertex 26.4252 -35.6 14.9662
      vertex 22.9588 -35.6 15.4478
    endloop
  endfacet
  facet normal 0 1 0
    outer loop
      vertex 22.9588 -35.6 15.4478
      vertex 26.4252 -35.6 14.9662
      vertex 26.4033 -35.6 14.8836
    endloop
  endfacet
  facet normal 0 1 0
    outer loop
      vertex 23.1664 -35.6 18.9152
      vertex 23.2239 -35.6 18.9024
      vertex 22.3412 -35.6 16.0512
    endloop
  endfacet
  facet normal 0 1 0
    outer loop
      vertex 26.3791 -35.6 14.8017
      vertex 26.3526 -35.6 14.7205
      vertex 22.9579 -35.6 15.4315
    endloop
  endfacet
  facet normal 0 1 0
    outer loop
      vertex 22.3412 -35.6 16.0512
      vertex 23.1088 -35.6 18.9277
      vertex 23.1664 -35.6 18.9152
    endloop
  endfacet
  facet normal 0 1 -0
    outer loop
      vertex 22.3412 -35.6 16.0512
      vertex 22.3039 -35.6 16.0644
      vertex 23.1088 -35.6 18.9277
    endloop
  endfacet
  facet normal 0 1 0
    outer loop
      vertex 23.0513 -35.6 18.9397
      vertex 23.1088 -35.6 18.9277
      vertex 22.3039 -35.6 16.0644
    endloop
  endfacet
  facet normal 0 1 0
    outer loop
      vertex 22.9565 -35.6 15.4154
      vertex 26.2593 -35.6 14.4806
      vertex 22.9545 -35.6 15.3995
    endloop
  endfacet
  facet normal 0 1 0
    outer loop
      vertex 22.2658 -35.6 16.0773
      vertex 22.9937 -35.6 18.9514
      vertex 23.0513 -35.6 18.9397
    endloop
  endfacet
  facet normal 0 1 -0
    outer loop
      vertex 22.3039 -35.6 16.0644
      vertex 22.2658 -35.6 16.0773
      vertex 23.0513 -35.6 18.9397
    endloop
  endfacet
  facet normal 0 1 0
    outer loop
      vertex 22.9937 -35.6 18.9514
      vertex 22.2658 -35.6 16.0773
      vertex 22.2269 -35.6 16.0901
    endloop
  endfacet
  facet normal -0 1 0
    outer loop
      vertex 22.187 -35.6 16.1026
      vertex 22.9361 -35.6 18.9627
      vertex 22.2269 -35.6 16.0901
    endloop
  endfacet
  facet normal 0 1 0
    outer loop
      vertex 22.952 -35.6 15.3838
      vertex 26.1452 -35.6 14.2468
      vertex 26.1026 -35.6 14.1702
    endloop
  endfacet
  facet normal 0 1 -0
    outer loop
      vertex 22.187 -35.6 16.1026
      vertex 22.1464 -35.6 16.1149
      vertex 22.8217 -35.6 18.9848
    endloop
  endfacet
  facet normal 0 1 0
    outer loop
      vertex 22.9361 -35.6 18.9627
      vertex 22.187 -35.6 16.1026
      vertex 22.8217 -35.6 18.9848
    endloop
  endfacet
  facet normal -0 1 0
    outer loop
      vertex 22.1048 -35.6 16.1269
      vertex 22.8217 -35.6 18.9848
      vertex 22.1464 -35.6 16.1149
    endloop
  endfacet
  facet normal 0 1 -0
    outer loop
      vertex 22.1048 -35.6 16.1269
      vertex 22.0625 -35.6 16.1388
      vertex 22.7091 -35.6 19.0066
    endloop
  endfacet
  facet normal 0 1 0
    outer loop
      vertex 26.0576 -35.6 14.0942
      vertex 26.0104 -35.6 14.0189
      vertex 22.9451 -35.6 15.3531
    endloop
  endfacet
  facet normal -0 1 0
    outer loop
      vertex 21.9752 -35.6 16.1618
      vertex 22.7091 -35.6 19.0066
      vertex 22.0192 -35.6 16.1504
    endloop
  endfacet
  facet normal 0 1 0
    outer loop
      vertex 22.9451 -35.6 15.3531
      vertex 26.0104 -35.6 14.0189
      vertex 25.9608 -35.6 13.9443
    endloop
  endfacet
  facet normal 0 1 -0
    outer loop
      vertex 21.9752 -35.6 16.1618
      vertex 21.9302 -35.6 16.173
      vertex 22.5435 -35.6 19.0389
    endloop
  endfacet
  facet normal 0 1 0
    outer loop
      vertex 22.4353 -35.6 19.0601
      vertex 22.5435 -35.6 19.0389
      vertex 21.8844 -35.6 16.184
    endloop
  endfacet
  facet normal 0 1 0
    outer loop
      vertex 22.9409 -35.6 15.3381
      vertex 25.855 -35.6 13.7983
      vertex 22.936 -35.6 15.3233
    endloop
  endfacet
  facet normal 0 1 -0
    outer loop
      vertex 21.8378 -35.6 16.1947
      vertex 21.7903 -35.6 16.2052
      vertex 22.4353 -35.6 19.0601
    endloop
  endfacet
  facet normal 0 1 -0
    outer loop
      vertex 21.8844 -35.6 16.184
      vertex 21.8378 -35.6 16.1947
      vertex 22.4353 -35.6 19.0601
    endloop
  endfacet
  facet normal 0 1 0
    outer loop
      vertex 22.2763 -35.6 19.0915
      vertex 22.4353 -35.6 19.0601
      vertex 21.7422 -35.6 16.2157
    endloop
  endfacet
  facet normal 0 1 0
    outer loop
      vertex 21.6447 -35.6 16.2368
      vertex 22.1725 -35.6 19.1121
      vertex 22.2763 -35.6 19.0915
    endloop
  endfacet
  facet normal 0 1 0
    outer loop
      vertex 22.9306 -35.6 15.3087
      vertex 25.6794 -35.6 13.5894
      vertex 25.6164 -35.6 13.5223
    endloop
  endfacet
  facet normal 0 1 0
    outer loop
      vertex 22.1725 -35.6 19.1121
      vertex 21.6447 -35.6 16.2368
      vertex 21.5456 -35.6 16.2581
    endloop
  endfacet
  facet normal 0 1 0
    outer loop
      vertex 22.0201 -35.6 19.1424
      vertex 22.1725 -35.6 19.1121
      vertex 21.5456 -35.6 16.2581
    endloop
  endfacet
  facet normal -0 1 0
    outer loop
      vertex 21.4449 -35.6 16.2797
      vertex 22.0201 -35.6 19.1424
      vertex 21.5456 -35.6 16.2581
    endloop
  endfacet
  facet normal 0 1 -0
    outer loop
      vertex 21.4449 -35.6 16.2797
      vertex 21.2907 -35.6 16.3126
      vertex 21.9207 -35.6 19.1624
    endloop
  endfacet
  facet normal 0 1 0
    outer loop
      vertex 22.9181 -35.6 15.2803
      vertex 25.4836 -35.6 13.3923
      vertex 25.4139 -35.6 13.3293
    endloop
  endfacet
  facet normal 0 1 0
    outer loop
      vertex 21.8232 -35.6 19.1821
      vertex 21.2907 -35.6 16.3126
      vertex 21.1328 -35.6 16.346
    endloop
  endfacet
  facet normal 0 1 0
    outer loop
      vertex 21.8232 -35.6 19.1821
      vertex 21.9207 -35.6 19.1624
      vertex 21.2907 -35.6 16.3126
    endloop
  endfacet
  facet normal 0 1 0
    outer loop
      vertex 21.7275 -35.6 19.2017
      vertex 21.775 -35.6 19.1918
      vertex 21.1328 -35.6 16.346
    endloop
  endfacet
  facet normal -0 1 0
    outer loop
      vertex 20.9712 -35.6 16.38
      vertex 21.6809 -35.6 19.2117
      vertex 21.1328 -35.6 16.346
    endloop
  endfacet
  facet normal 0 1 0
    outer loop
      vertex 22.9034 -35.6 15.2526
      vertex 25.2677 -35.6 13.2072
      vertex 25.1912 -35.6 13.1481
    endloop
  endfacet
  facet normal 0 1 0
    outer loop
      vertex 21.6809 -35.6 19.2117
      vertex 20.9712 -35.6 16.38
      vertex 21.6351 -35.6 19.222
    endloop
  endfacet
  facet normal 0 1 0
    outer loop
      vertex 21.6351 -35.6 19.222
      vertex 20.9712 -35.6 16.38
      vertex 21.5902 -35.6 19.2325
    endloop
  endfacet
  facet normal 0 1 0
    outer loop
      vertex 21.5902 -35.6 19.2325
      vertex 20.9712 -35.6 16.38
      vertex 21.5461 -35.6 19.2432
    endloop
  endfacet
  facet normal 0 1 0
    outer loop
      vertex 21.5461 -35.6 19.2432
      vertex 20.8614 -35.6 16.403
      vertex 21.5029 -35.6 19.2542
    endloop
  endfacet
  facet normal 0 1 0
    outer loop
      vertex 21.4605 -35.6 19.2653
      vertex 20.8614 -35.6 16.403
      vertex 20.75 -35.6 16.4262
    endloop
  endfacet
  facet normal 0 1 0
    outer loop
      vertex 21.419 -35.6 19.2767
      vertex 21.4605 -35.6 19.2653
      vertex 20.75 -35.6 16.4262
    endloop
  endfacet
  facet normal 0 1 0
    outer loop
      vertex 22.8863 -35.6 15.2259
      vertex 25.0316 -35.6 13.034
      vertex 22.8769 -35.6 15.2129
    endloop
  endfacet
  facet normal -0 1 0
    outer loop
      vertex 20.6369 -35.6 16.4497
      vertex 21.3783 -35.6 19.2883
      vertex 20.75 -35.6 16.4262
    endloop
  endfacet
  facet normal 0 1 0
    outer loop
      vertex 20.75 -35.6 16.4262
      vertex 21.3783 -35.6 19.2883
      vertex 21.419 -35.6 19.2767
    endloop
  endfacet
  facet normal 0 1 -0
    outer loop
      vertex 20.6369 -35.6 16.4497
      vertex 20.58 -35.6 16.4616
      vertex 21.3385 -35.6 19.3001
    endloop
  endfacet
  facet normal 0 1 0
    outer loop
      vertex 21.3385 -35.6 19.3001
      vertex 20.58 -35.6 16.4616
      vertex 21.2995 -35.6 19.3122
    endloop
  endfacet
  facet normal 0 1 0
    outer loop
      vertex 21.2614 -35.6 19.3245
      vertex 21.2995 -35.6 19.3122
      vertex 20.523 -35.6 16.474
    endloop
  endfacet
  facet normal 0 1 0
    outer loop
      vertex 21.2242 -35.6 19.337
      vertex 21.2614 -35.6 19.3245
      vertex 20.466 -35.6 16.4866
    endloop
  endfacet
  facet normal 0 1 0
    outer loop
      vertex 24.863 -35.6 12.9251
      vertex 24.7753 -35.6 12.8727
      vertex 22.8565 -35.6 15.1875
    endloop
  endfacet
  facet normal 0 1 0
    outer loop
      vertex 20.4089 -35.6 16.4997
      vertex 21.1877 -35.6 19.3496
      vertex 21.2242 -35.6 19.337
    endloop
  endfacet
  facet normal 0 1 -0
    outer loop
      vertex 20.466 -35.6 16.4866
      vertex 20.4089 -35.6 16.4997
      vertex 21.2242 -35.6 19.337
    endloop
  endfacet
  facet normal 0 1 0
    outer loop
      vertex 21.1522 -35.6 19.3626
      vertex 21.1877 -35.6 19.3496
      vertex 20.2947 -35.6 16.5268
    endloop
  endfacet
  facet normal 0 1 0
    outer loop
      vertex 22.8215 -35.6 15.1511
      vertex 24.4989 -35.6 12.7234
      vertex 22.8087 -35.6 15.1394
    endloop
  endfacet
  facet normal -0 1 0
    outer loop
      vertex 20.1804 -35.6 16.5552
      vertex 21.1175 -35.6 19.3757
      vertex 20.2376 -35.6 16.5408
    endloop
  endfacet
  facet normal 0 1 0
    outer loop
      vertex 20.1804 -35.6 16.5552
      vertex 21.0836 -35.6 19.3891
      vertex 21.1175 -35.6 19.3757
    endloop
  endfacet
  facet normal 0 1 0
    outer loop
      vertex 20.0659 -35.6 16.5851
      vertex 21.0185 -35.6 19.4165
      vertex 21.0506 -35.6 19.4027
    endloop
  endfacet
  facet normal 0 1 0
    outer loop
      vertex 22.7811 -35.6 15.1168
      vertex 24.2022 -35.6 12.5863
      vertex 22.7663 -35.6 15.1059
    endloop
  endfacet
  facet normal 0 1 0
    outer loop
      vertex 21.0185 -35.6 19.4165
      vertex 20.0087 -35.6 16.6005
      vertex 20.9872 -35.6 19.4305
    endloop
  endfacet
  facet normal 0 1 0
    outer loop
      vertex 20.9872 -35.6 19.4305
      vertex 20.0087 -35.6 16.6005
      vertex 19.9514 -35.6 16.6163
    endloop
  endfacet
  facet normal 0 1 0
    outer loop
      vertex 20.9271 -35.6 19.4592
      vertex 20.9567 -35.6 19.4448
      vertex 19.8367 -35.6 16.649
    endloop
  endfacet
  facet normal 0 1 0
    outer loop
      vertex 20.8986 -35.6 19.4741
      vertex 19.7793 -35.6 16.6658
      vertex 19.7218 -35.6 16.683
    endloop
  endfacet
  facet normal 0 1 0
    outer loop
      vertex 20.8715 -35.6 19.4893
      vertex 19.6069 -35.6 16.7184
      vertex 20.8456 -35.6 19.5051
    endloop
  endfacet
  facet normal 0 1 0
    outer loop
      vertex 20.8456 -35.6 19.5051
      vertex 19.5493 -35.6 16.7366
      vertex 19.4918 -35.6 16.7552
    endloop
  endfacet
  facet normal 0 1 0
    outer loop
      vertex 20.8211 -35.6 19.5214
      vertex 19.4342 -35.6 16.7741
      vertex 19.3766 -35.6 16.7934
    endloop
  endfacet
  facet normal 0 1 0
    outer loop
      vertex 20.7979 -35.6 19.5381
      vertex 19.3766 -35.6 16.7934
      vertex 19.3192 -35.6 16.8131
    endloop
  endfacet
  facet normal 0 1 0
    outer loop
      vertex 20.776 -35.6 19.5552
      vertex 19.2622 -35.6 16.8334
      vertex 19.2057 -35.6 16.8543
    endloop
  endfacet
  facet normal 0 1 0
    outer loop
      vertex 20.7555 -35.6 19.5729
      vertex 20.776 -35.6 19.5552
      vertex 19.1496 -35.6 16.8757
    endloop
  endfacet
  facet normal 0 1 0
    outer loop
      vertex 20.7363 -35.6 19.591
      vertex 20.7555 -35.6 19.5729
      vertex 19.0387 -35.6 16.9203
    endloop
  endfacet
  facet normal -0 1 0
    outer loop
      vertex 18.9297 -35.6 16.9672
      vertex 20.7363 -35.6 19.591
      vertex 18.984 -35.6 16.9435
    endloop
  endfacet
  facet normal -0 1 0
    outer loop
      vertex 18.8223 -35.6 17.0163
      vertex 20.7184 -35.6 19.6096
      vertex 18.8758 -35.6 16.9914
    endloop
  endfacet
  facet normal 0 1 -0
    outer loop
      vertex 18.7693 -35.6 17.0417
      vertex 18.7168 -35.6 17.0677
      vertex 20.7184 -35.6 19.6096
    endloop
  endfacet
  facet normal 0 1 -0
    outer loop
      vertex 18.6647 -35.6 17.0942
      vertex 18.613 -35.6 17.1213
      vertex 20.7018 -35.6 19.6287
    endloop
  endfacet
  facet normal 0 1 0
    outer loop
      vertex 20.7018 -35.6 19.6287
      vertex 18.5618 -35.6 17.149
      vertex 20.6866 -35.6 19.6483
    endloop
  endfacet
  facet normal 0 1 0
    outer loop
      vertex 20.6866 -35.6 19.6483
      vertex 18.4606 -35.6 17.2061
      vertex 18.4107 -35.6 17.2355
    endloop
  endfacet
  facet normal 0 1 0
    outer loop
      vertex 20.6726 -35.6 19.6683
      vertex 18.3613 -35.6 17.2654
      vertex 18.3122 -35.6 17.296
    endloop
  endfacet
  facet normal 0 1 0
    outer loop
      vertex 20.66 -35.6 19.6888
      vertex 20.6726 -35.6 19.6683
      vertex 18.2637 -35.6 17.327
    endloop
  endfacet
  facet normal -0 1 0
    outer loop
      vertex 18.1214 -35.6 17.4244
      vertex 20.66 -35.6 19.6888
      vertex 18.168 -35.6 17.3911
    endloop
  endfacet
  facet normal 0 1 -0
    outer loop
      vertex 18.0307 -35.6 17.4938
      vertex 17.9866 -35.6 17.5298
      vertex 20.66 -35.6 19.6888
    endloop
  endfacet
  facet normal 0 1 -0
    outer loop
      vertex 17.9866 -35.6 17.5298
      vertex 17.9434 -35.6 17.5668
      vertex 20.6488 -35.6 19.7098
    endloop
  endfacet
  facet normal 0 1 0
    outer loop
      vertex 20.6488 -35.6 19.7098
      vertex 17.8595 -35.6 17.6435
      vertex 17.8188 -35.6 17.6832
    endloop
  endfacet
  facet normal -0 1 0
    outer loop
      vertex 17.7019 -35.6 17.8079
      vertex 20.6488 -35.6 19.7098
      vertex 17.74 -35.6 17.7654
    endloop
  endfacet
  facet normal -0 1 0
    outer loop
      vertex 17.6647 -35.6 17.8513
      vertex 20.6388 -35.6 19.7312
      vertex 17.7019 -35.6 17.8079
    endloop
  endfacet
  facet normal 0 1 -0
    outer loop
      vertex 17.5927 -35.6 17.9408
      vertex 17.558 -35.6 17.9869
      vertex 20.6388 -35.6 19.7312
    endloop
  endfacet
  facet normal 0 1 0
    outer loop
      vertex 20.6388 -35.6 19.7312
      vertex 17.4911 -35.6 18.0819
      vertex 20.6302 -35.6 19.7532
    endloop
  endfacet
  facet normal 0 1 0
    outer loop
      vertex 20.6302 -35.6 19.7532
      vertex 17.459 -35.6 18.1308
      vertex 17.4277 -35.6 18.1806
    endloop
  endfacet
  facet normal -0 1 0
    outer loop
      vertex 17.3391 -35.6 18.3356
      vertex 20.6302 -35.6 19.7532
      vertex 17.3676 -35.6 18.2829
    endloop
  endfacet
  facet normal 0 1 -0
    outer loop
      vertex 17.2861 -35.6 18.4444
      vertex 17.2616 -35.6 18.5006
      vertex 20.6302 -35.6 19.7532
    endloop
  endfacet
  facet normal 0 1 -0
    outer loop
      vertex 17.2165 -35.6 18.6164
      vertex 17.196 -35.6 18.6761
      vertex 20.6229 -35.6 19.7755
    endloop
  endfacet
  facet normal 0 1 0
    outer loop
      vertex 20.6229 -35.6 19.7755
      vertex 17.1589 -35.6 18.7989
      vertex 17.1423 -35.6 18.8621
    endloop
  endfacet
  facet normal 0 1 0
    outer loop
      vertex 20.617 -35.6 19.7984
      vertex 17.1131 -35.6 18.9919
      vertex 17.1006 -35.6 19.0586
    endloop
  endfacet
  facet normal -0 1 0
    outer loop
      vertex 17.0707 -35.6 19.2656
      vertex 20.617 -35.6 19.7984
      vertex 17.0793 -35.6 19.1955
    endloop
  endfacet
  facet normal -0 1 0
    outer loop
      vertex 17.0528 -35.6 19.4832
      vertex 20.6123 -35.6 19.8218
      vertex 17.0575 -35.6 19.4095
    endloop
  endfacet
  facet normal -0 1 0
    outer loop
      vertex 17.0469 -35.6 19.7113
      vertex 20.609 -35.6 19.8456
      vertex 17.0475 -35.6 19.6341
    endloop
  endfacet
  facet normal 0 1 0
    outer loop
      vertex 17.0573 -35.6 19.9788
      vertex 20.607 -35.6 19.8699
      vertex 17.0515 -35.6 19.8904
    endloop
  endfacet
  facet normal 0 1 0
    outer loop
      vertex 20.6066 -35.6 19.9112
      vertex 20.6064 -35.6 19.8946
      vertex 17.0757 -35.6 20.1536
    endloop
  endfacet
  facet normal 0 1 0
    outer loop
      vertex 20.6074 -35.6 19.9277
      vertex 17.1206 -35.6 20.4102
      vertex 17.1402 -35.6 20.4943
    endloop
  endfacet
  facet normal 0 1 -0
    outer loop
      vertex 20.6088 -35.6 19.9441
      vertex 17.1863 -35.6 20.6604
      vertex 20.6107 -35.6 19.9603
    endloop
  endfacet
  facet normal -0 1 0
    outer loop
      vertex 17.2416 -35.6 20.8235
      vertex 17.2727 -35.6 20.904
      vertex 20.6131 -35.6 19.9764
    endloop
  endfacet
  facet normal -0 1 0
    outer loop
      vertex 17.3418 -35.6 21.0628
      vertex 17.3798 -35.6 21.141
      vertex 20.616 -35.6 19.9924
    endloop
  endfacet
  facet normal 0 1 0
    outer loop
      vertex 17.4628 -35.6 21.2955
      vertex 20.6235 -35.6 20.0239
      vertex 20.6195 -35.6 20.0082
    endloop
  endfacet
  facet normal 0 1 0
    outer loop
      vertex 17.6045 -35.6 21.5216
      vertex 20.6281 -35.6 20.0395
      vertex 17.5549 -35.6 21.447
    endloop
  endfacet
  facet normal 0 1 0
    outer loop
      vertex 20.6388 -35.6 20.0703
      vertex 20.6332 -35.6 20.055
      vertex 17.7104 -35.6 21.6675
    endloop
  endfacet
  facet normal 0 1 0
    outer loop
      vertex 20.645 -35.6 20.0855
      vertex 17.8254 -35.6 21.808
      vertex 17.8863 -35.6 21.8762
    endloop
  endfacet
  facet normal 0 1 -0
    outer loop
      vertex 20.6517 -35.6 20.1006
      vertex 18.015 -35.6 22.0085
      vertex 20.6589 -35.6 20.1156
    endloop
  endfacet
  facet normal -0 1 0
    outer loop
      vertex 18.0827 -35.6 22.0726
      vertex 18.1527 -35.6 22.1354
      vertex 20.6667 -35.6 20.1304
    endloop
  endfacet
  facet normal -0 1 0
    outer loop
      vertex 18.225 -35.6 22.1968
      vertex 18.2996 -35.6 22.2568
      vertex 20.675 -35.6 20.1451
    endloop
  endfacet
  facet normal 0 1 -0
    outer loop
      vertex 20.675 -35.6 20.1451
      vertex 18.2996 -35.6 22.2568
      vertex 20.6839 -35.6 20.1597
    endloop
  endfacet
  facet normal 0 1 -0
    outer loop
      vertex 20.6839 -35.6 20.1597
      vertex 18.3764 -35.6 22.3155
      vertex 20.6933 -35.6 20.1741
    endloop
  endfacet
  facet normal -0 1 0
    outer loop
      vertex 18.4555 -35.6 22.3728
      vertex 18.5368 -35.6 22.4288
      vertex 20.7032 -35.6 20.1885
    endloop
  endfacet
  facet normal -0 1 0
    outer loop
      vertex 18.5368 -35.6 22.4288
      vertex 18.6205 -35.6 22.4834
      vertex 20.7136 -35.6 20.2027
    endloop
  endfacet
  facet normal -0 1 0
    outer loop
      vertex 18.6205 -35.6 22.4834
      vertex 18.7064 -35.6 22.5367
      vertex 20.7246 -35.6 20.2167
    endloop
  endfacet
  facet normal 0 1 -0
    outer loop
      vertex 20.7246 -35.6 20.2167
      vertex 18.7064 -35.6 22.5367
      vertex 20.7362 -35.6 20.2307
    endloop
  endfacet
  facet normal 0 1 -0
    outer loop
      vertex 20.7362 -35.6 20.2307
      vertex 18.7946 -35.6 22.5886
      vertex 20.7483 -35.6 20.2444
    endloop
  endfacet
  facet normal 0 1 -0
    outer loop
      vertex 20.7483 -35.6 20.2444
      vertex 18.8851 -35.6 22.6392
      vertex 20.7612 -35.6 20.2579
    endloop
  endfacet
  facet normal 0 1 -0
    outer loop
      vertex 20.7612 -35.6 20.2579
      vertex 18.9778 -35.6 22.6883
      vertex 20.7749 -35.6 20.2712
    endloop
  endfacet
  facet normal 0 1 -0
    outer loop
      vertex 20.7749 -35.6 20.2712
      vertex 19.0728 -35.6 22.7362
      vertex 20.7892 -35.6 20.2842
    endloop
  endfacet
  facet normal 0 1 -0
    outer loop
      vertex 20.7892 -35.6 20.2842
      vertex 19.1701 -35.6 22.7826
      vertex 20.8043 -35.6 20.297
    endloop
  endfacet
  facet normal 0 1 0
    outer loop
      vertex 20.8043 -35.6 20.297
      vertex 19.1701 -35.6 22.7826
      vertex 19.2697 -35.6 22.8278
    endloop
  endfacet
  facet normal 0 1 0
    outer loop
      vertex 20.8201 -35.6 20.3095
      vertex 19.2697 -35.6 22.8278
      vertex 19.3715 -35.6 22.8712
    endloop
  endfacet
  facet normal 0 1 0
    outer loop
      vertex 20.8366 -35.6 20.3217
      vertex 19.3715 -35.6 22.8712
      vertex 19.4755 -35.6 22.9126
    endloop
  endfacet
  facet normal 0 1 0
    outer loop
      vertex 20.8539 -35.6 20.3337
      vertex 19.4755 -35.6 22.9126
      vertex 19.5818 -35.6 22.952
    endloop
  endfacet
  facet normal 0 1 0
    outer loop
      vertex 20.8718 -35.6 20.3454
      vertex 19.5818 -35.6 22.952
      vertex 19.6903 -35.6 22.9894
    endloop
  endfacet
  facet normal 0 1 -0
    outer loop
      vertex 20.8905 -35.6 20.3569
      vertex 19.6903 -35.6 22.9894
      vertex 20.91 -35.6 20.3682
    endloop
  endfacet
  facet normal -0 1 0
    outer loop
      vertex 19.8011 -35.6 23.0247
      vertex 19.9141 -35.6 23.0581
      vertex 20.9301 -35.6 20.3792
    endloop
  endfacet
  facet normal 0 1 0
    outer loop
      vertex 19.9141 -35.6 23.0581
      vertex 20.9726 -35.6 20.4004
      vertex 20.951 -35.6 20.3899
    endloop
  endfacet
  facet normal 0 1 0
    outer loop
      vertex 20.0294 -35.6 23.0894
      vertex 20.9949 -35.6 20.4106
      vertex 20.9726 -35.6 20.4004
    endloop
  endfacet
  facet normal 0 1 0
    outer loop
      vertex 21.0418 -35.6 20.4303
      vertex 21.018 -35.6 20.4206
      vertex 20.1469 -35.6 23.1186
    endloop
  endfacet
  facet normal 0 1 0
    outer loop
      vertex 21.0663 -35.6 20.4398
      vertex 21.0418 -35.6 20.4303
      vertex 20.2666 -35.6 23.1459
    endloop
  endfacet
  facet normal 0 1 0
    outer loop
      vertex 21.0915 -35.6 20.449
      vertex 20.2666 -35.6 23.1459
      vertex 20.3886 -35.6 23.1712
    endloop
  endfacet
  facet normal 0 1 -0
    outer loop
      vertex 21.1175 -35.6 20.4579
      vertex 20.3886 -35.6 23.1712
      vertex 21.1441 -35.6 20.4666
    endloop
  endfacet
  facet normal 0 1 0
    outer loop
      vertex 20.5128 -35.6 23.1944
      vertex 21.1998 -35.6 20.4832
      vertex 21.1715 -35.6 20.4751
    endloop
  endfacet
  facet normal 0 1 0
    outer loop
      vertex 20.6393 -35.6 23.2156
      vertex 21.2289 -35.6 20.491
      vertex 21.1998 -35.6 20.4832
    endloop
  endfacet
  facet normal 0 1 0
    outer loop
      vertex 21.2897 -35.6 20.5054
      vertex 21.2589 -35.6 20.4984
      vertex 20.768 -35.6 23.2348
    endloop
  endfacet
  facet normal 0 1 -0
    outer loop
      vertex 21.3215 -35.6 20.512
      vertex 20.8989 -35.6 23.252
      vertex 21.3541 -35.6 20.5183
    endloop
  endfacet
  facet normal 0 1 0
    outer loop
      vertex 21.0321 -35.6 23.2671
      vertex 21.4221 -35.6 20.5297
      vertex 21.3876 -35.6 20.5242
    endloop
  endfacet
  facet normal 0 1 0
    outer loop
      vertex 21.4935 -35.6 20.5395
      vertex 21.4574 -35.6 20.5348
      vertex 21.1675 -35.6 23.2803
    endloop
  endfacet
  facet normal 0 1 -0
    outer loop
      vertex 21.5306 -35.6 20.5439
      vertex 21.3052 -35.6 23.2914
      vertex 21.5685 -35.6 20.5479
    endloop
  endfacet
  facet normal 0 1 0
    outer loop
      vertex 21.4451 -35.6 23.3005
      vertex 21.6471 -35.6 20.5547
      vertex 21.6074 -35.6 20.5515
    endloop
  endfacet
  facet normal 0 1 0
    outer loop
      vertex 21.7291 -35.6 20.56
      vertex 21.6877 -35.6 20.5575
      vertex 21.5872 -35.6 23.3075
    endloop
  endfacet
  facet normal 0 1 0
    outer loop
      vertex 21.7715 -35.6 20.5621
      vertex 21.5872 -35.6 23.3075
      vertex 21.7316 -35.6 23.3126
    endloop
  endfacet
  facet normal -0 1 0
    outer loop
      vertex 21.7316 -35.6 23.3126
      vertex 21.8783 -35.6 23.3156
      vertex 21.8589 -35.6 20.5651
    endloop
  endfacet
  facet normal 0 1 0
    outer loop
      vertex 22.0271 -35.6 23.3166
      vertex 21.9498 -35.6 20.5666
      vertex 21.8783 -35.6 23.3156
    endloop
  endfacet
  facet normal 0 1 -0
    outer loop
      vertex 22.0605 -35.6 20.5664
      vertex 22.0271 -35.6 23.3166
      vertex 22.1257 -35.6 23.3161
    endloop
  endfacet
  facet normal -0 1 0
    outer loop
      vertex 22.1246 -35.6 20.5652
      vertex 22.2241 -35.6 23.3147
      vertex 22.1889 -35.6 20.5631
    endloop
  endfacet
  facet normal -0 1 0
    outer loop
      vertex 22.1889 -35.6 20.5631
      vertex 22.3224 -35.6 23.3124
      vertex 22.2534 -35.6 20.5603
    endloop
  endfacet
  facet normal 0 1 0
    outer loop
      vertex 22.4205 -35.6 23.309
      vertex 22.5186 -35.6 23.3048
      vertex 22.318 -35.6 20.5566
    endloop
  endfacet
  facet normal 0 1 0
    outer loop
      vertex 22.6165 -35.6 23.2996
      vertex 22.4476 -35.6 20.5467
      vertex 22.3827 -35.6 20.5521
    endloop
  endfacet
  facet normal 0 1 0
    outer loop
      vertex 22.7142 -35.6 23.2934
      vertex 22.5127 -35.6 20.5406
      vertex 22.4476 -35.6 20.5467
    endloop
  endfacet
  facet normal 0 1 0
    outer loop
      vertex 22.9094 -35.6 23.2783
      vertex 22.5779 -35.6 20.5336
      vertex 22.8119 -35.6 23.2863
    endloop
  endfacet
  facet normal 0 1 0
    outer loop
      vertex 22.9094 -35.6 23.2783
      vertex 22.6433 -35.6 20.5258
      vertex 22.5779 -35.6 20.5336
    endloop
  endfacet
  facet normal 0 1 0
    outer loop
      vertex 22.9094 -35.6 23.2783
      vertex 23.0068 -35.6 23.2693
      vertex 22.6433 -35.6 20.5258
    endloop
  endfacet
  facet normal -0 1 0
    outer loop
      vertex 22.6433 -35.6 20.5258
      vertex 23.0068 -35.6 23.2693
      vertex 22.7088 -35.6 20.5172
    endloop
  endfacet
  facet normal 0 1 0
    outer loop
      vertex 22.7088 -35.6 20.5172
      vertex 23.0068 -35.6 23.2693
      vertex 23.1041 -35.6 23.2593
    endloop
  endfacet
  facet normal 0 1 -0
    outer loop
      vertex 22.7746 -35.6 20.5077
      vertex 22.7088 -35.6 20.5172
      vertex 23.1041 -35.6 23.2593
    endloop
  endfacet
  facet normal 0 1 0
    outer loop
      vertex 23.2013 -35.6 23.2484
      vertex 22.7746 -35.6 20.5077
      vertex 23.1041 -35.6 23.2593
    endloop
  endfacet
  facet normal 0 1 0
    outer loop
      vertex 23.2013 -35.6 23.2484
      vertex 22.8404 -35.6 20.4975
      vertex 22.7746 -35.6 20.5077
    endloop
  endfacet
  facet normal 0 1 0
    outer loop
      vertex 23.2013 -35.6 23.2484
      vertex 23.2983 -35.6 23.2366
      vertex 22.8404 -35.6 20.4975
    endloop
  endfacet
  facet normal -0 1 0
    outer loop
      vertex 22.8404 -35.6 20.4975
      vertex 23.2983 -35.6 23.2366
      vertex 22.9064 -35.6 20.4864
    endloop
  endfacet
  facet normal 0 1 0
    outer loop
      vertex 22.9064 -35.6 20.4864
      vertex 23.2983 -35.6 23.2366
      vertex 23.3952 -35.6 23.2238
    endloop
  endfacet
  facet normal 0 1 -0
    outer loop
      vertex 22.9726 -35.6 20.4745
      vertex 22.9064 -35.6 20.4864
      vertex 23.3952 -35.6 23.2238
    endloop
  endfacet
  facet normal 0 1 0
    outer loop
      vertex 23.492 -35.6 23.2101
      vertex 22.9726 -35.6 20.4745
      vertex 23.3952 -35.6 23.2238
    endloop
  endfacet
  facet normal 0 1 0
    outer loop
      vertex 23.492 -35.6 23.2101
      vertex 23.0389 -35.6 20.4618
      vertex 22.9726 -35.6 20.4745
    endloop
  endfacet
  facet normal 0 1 0
    outer loop
      vertex 23.492 -35.6 23.2101
      vertex 23.5886 -35.6 23.1954
      vertex 23.0389 -35.6 20.4618
    endloop
  endfacet
  facet normal -0 1 0
    outer loop
      vertex 23.0389 -35.6 20.4618
      vertex 23.5886 -35.6 23.1954
      vertex 23.1054 -35.6 20.4482
    endloop
  endfacet
  facet normal 0 1 0
    outer loop
      vertex 23.1054 -35.6 20.4482
      vertex 23.5886 -35.6 23.1954
      vertex 23.6851 -35.6 23.1798
    endloop
  endfacet
  facet normal 0 1 -0
    outer loop
      vertex 23.172 -35.6 20.4338
      vertex 23.1054 -35.6 20.4482
      vertex 23.6851 -35.6 23.1798
    endloop
  endfacet
  facet normal 0 1 0
    outer loop
      vertex 23.7815 -35.6 23.1632
      vertex 23.172 -35.6 20.4338
      vertex 23.6851 -35.6 23.1798
    endloop
  endfacet
  facet normal 0 1 0
    outer loop
      vertex 23.7815 -35.6 23.1632
      vertex 23.2388 -35.6 20.4186
      vertex 23.172 -35.6 20.4338
    endloop
  endfacet
  facet normal 0 1 0
    outer loop
      vertex 23.7815 -35.6 23.1632
      vertex 23.8778 -35.6 23.1457
      vertex 23.2388 -35.6 20.4186
    endloop
  endfacet
  facet normal -0 1 0
    outer loop
      vertex 23.2388 -35.6 20.4186
      vertex 23.8778 -35.6 23.1457
      vertex 23.3058 -35.6 20.4026
    endloop
  endfacet
  facet normal 0 1 0
    outer loop
      vertex 23.3058 -35.6 20.4026
      vertex 23.8778 -35.6 23.1457
      vertex 23.9739 -35.6 23.1273
    endloop
  endfacet
  facet normal 0 1 -0
    outer loop
      vertex 23.3729 -35.6 20.3858
      vertex 23.3058 -35.6 20.4026
      vertex 23.9739 -35.6 23.1273
    endloop
  endfacet
  facet normal 0 1 0
    outer loop
      vertex 24.07 -35.6 23.1078
      vertex 23.3729 -35.6 20.3858
      vertex 23.9739 -35.6 23.1273
    endloop
  endfacet
  facet normal 0 1 0
    outer loop
      vertex 24.07 -35.6 23.1078
      vertex 23.4402 -35.6 20.3682
      vertex 23.3729 -35.6 20.3858
    endloop
  endfacet
  facet normal 0 1 0
    outer loop
      vertex 24.07 -35.6 23.1078
      vertex 24.1659 -35.6 23.0875
      vertex 23.4402 -35.6 20.3682
    endloop
  endfacet
  facet normal -0 1 0
    outer loop
      vertex 23.4402 -35.6 20.3682
      vertex 24.1659 -35.6 23.0875
      vertex 23.5077 -35.6 20.3497
    endloop
  endfacet
  facet normal 0 1 0
    outer loop
      vertex 23.5077 -35.6 20.3497
      vertex 24.1659 -35.6 23.0875
      vertex 24.2612 -35.6 23.0661
    endloop
  endfacet
  facet normal 0 1 -0
    outer loop
      vertex 23.5753 -35.6 20.3304
      vertex 23.5077 -35.6 20.3497
      vertex 24.2612 -35.6 23.0661
    endloop
  endfacet
  facet normal 0 1 0
    outer loop
      vertex 24.3557 -35.6 23.0438
      vertex 23.5753 -35.6 20.3304
      vertex 24.2612 -35.6 23.0661
    endloop
  endfacet
  facet normal 0 1 0
    outer loop
      vertex 24.3557 -35.6 23.0438
      vertex 23.6433 -35.6 20.3103
      vertex 23.5753 -35.6 20.3304
    endloop
  endfacet
  facet normal 0 1 0
    outer loop
      vertex 24.3557 -35.6 23.0438
      vertex 24.4494 -35.6 23.0204
      vertex 23.6433 -35.6 20.3103
    endloop
  endfacet
  facet normal -0 1 0
    outer loop
      vertex 23.6433 -35.6 20.3103
      vertex 24.4494 -35.6 23.0204
      vertex 23.7114 -35.6 20.2894
    endloop
  endfacet
  facet normal 0 1 0
    outer loop
      vertex 23.7114 -35.6 20.2894
      vertex 24.4494 -35.6 23.0204
      vertex 24.5421 -35.6 22.9961
    endloop
  endfacet
  facet normal 0 1 -0
    outer loop
      vertex 23.7798 -35.6 20.2677
      vertex 23.7114 -35.6 20.2894
      vertex 24.5421 -35.6 22.9961
    endloop
  endfacet
  facet normal 0 1 0
    outer loop
      vertex 24.634 -35.6 22.9707
      vertex 23.7798 -35.6 20.2677
      vertex 24.5421 -35.6 22.9961
    endloop
  endfacet
  facet normal 0 1 0
    outer loop
      vertex 24.634 -35.6 22.9707
      vertex 23.8483 -35.6 20.2451
      vertex 23.7798 -35.6 20.2677
    endloop
  endfacet
  facet normal 0 1 0
    outer loop
      vertex 24.634 -35.6 22.9707
      vertex 24.7249 -35.6 22.9443
      vertex 23.8483 -35.6 20.2451
    endloop
  endfacet
  facet normal -0 1 0
    outer loop
      vertex 23.8483 -35.6 20.2451
      vertex 24.7249 -35.6 22.9443
      vertex 23.9171 -35.6 20.2217
    endloop
  endfacet
  facet normal 0 1 0
    outer loop
      vertex 23.9171 -35.6 20.2217
      vertex 24.7249 -35.6 22.9443
      vertex 24.815 -35.6 22.9169
    endloop
  endfacet
  facet normal 0 1 -0
    outer loop
      vertex 23.9861 -35.6 20.1975
      vertex 23.9171 -35.6 20.2217
      vertex 24.815 -35.6 22.9169
    endloop
  endfacet
  facet normal 0 1 0
    outer loop
      vertex 24.9042 -35.6 22.8885
      vertex 23.9861 -35.6 20.1975
      vertex 24.815 -35.6 22.9169
    endloop
  endfacet
  facet normal 0 1 0
    outer loop
      vertex 24.9042 -35.6 22.8885
      vertex 24.9925 -35.6 22.8591
      vertex 23.9861 -35.6 20.1975
    endloop
  endfacet
  facet normal -0 1 0
    outer loop
      vertex 23.9861 -35.6 20.1975
      vertex 24.9925 -35.6 22.8591
      vertex 24.0554 -35.6 20.1725
    endloop
  endfacet
  facet normal 0 1 0
    outer loop
      vertex 24.0554 -35.6 20.1725
      vertex 24.9925 -35.6 22.8591
      vertex 25.08 -35.6 22.8287
    endloop
  endfacet
  facet normal 0 1 -0
    outer loop
      vertex 24.1248 -35.6 20.1466
      vertex 24.0554 -35.6 20.1725
      vertex 25.08 -35.6 22.8287
    endloop
  endfacet
  facet normal 0 1 0
    outer loop
      vertex 25.1665 -35.6 22.7972
      vertex 24.1248 -35.6 20.1466
      vertex 25.08 -35.6 22.8287
    endloop
  endfacet
  facet normal 0 1 0
    outer loop
      vertex 25.1665 -35.6 22.7972
      vertex 24.1945 -35.6 20.12
      vertex 24.1248 -35.6 20.1466
    endloop
  endfacet
  facet normal 0 1 0
    outer loop
      vertex 25.1665 -35.6 22.7972
      vertex 25.2522 -35.6 22.7648
      vertex 24.1945 -35.6 20.12
    endloop
  endfacet
  facet normal -0 1 0
    outer loop
      vertex 24.1945 -35.6 20.12
      vertex 25.2522 -35.6 22.7648
      vertex 24.2644 -35.6 20.0925
    endloop
  endfacet
  facet normal 0 1 0
    outer loop
      vertex 24.2644 -35.6 20.0925
      vertex 25.2522 -35.6 22.7648
      vertex 25.3369 -35.6 22.7313
    endloop
  endfacet
  facet normal 0 1 -0
    outer loop
      vertex 24.3345 -35.6 20.0642
      vertex 24.2644 -35.6 20.0925
      vertex 25.3369 -35.6 22.7313
    endloop
  endfacet
  facet normal 0 1 0
    outer loop
      vertex 25.4208 -35.6 22.6968
      vertex 24.3345 -35.6 20.0642
      vertex 25.3369 -35.6 22.7313
    endloop
  endfacet
  facet normal 0 1 0
    outer loop
      vertex 25.4208 -35.6 22.6968
      vertex 25.5038 -35.6 22.6614
      vertex 24.3345 -35.6 20.0642
    endloop
  endfacet
  facet normal -0 1 0
    outer loop
      vertex 24.3345 -35.6 20.0642
      vertex 25.5038 -35.6 22.6614
      vertex 24.4049 -35.6 20.035
    endloop
  endfacet
  facet normal 0 1 0
    outer loop
      vertex 24.4049 -35.6 20.035
      vertex 25.5038 -35.6 22.6614
      vertex 25.586 -35.6 22.6249
    endloop
  endfacet
  facet normal 0 1 -0
    outer loop
      vertex 24.4754 -35.6 20.0051
      vertex 24.4049 -35.6 20.035
      vertex 25.586 -35.6 22.6249
    endloop
  endfacet
  facet normal 0 1 0
    outer loop
      vertex 25.6672 -35.6 22.5874
      vertex 24.4754 -35.6 20.0051
      vertex 25.586 -35.6 22.6249
    endloop
  endfacet
  facet normal 0 1 0
    outer loop
      vertex 25.6672 -35.6 22.5874
      vertex 24.5462 -35.6 19.9743
      vertex 24.4754 -35.6 20.0051
    endloop
  endfacet
  facet normal 0 1 0
    outer loop
      vertex 25.6672 -35.6 22.5874
      vertex 25.7476 -35.6 22.5489
      vertex 24.5462 -35.6 19.9743
    endloop
  endfacet
  facet normal 0 1 0
    outer loop
      vertex 24.5462 -35.6 19.9743
      vertex 25.7476 -35.6 22.5489
      vertex 25.827 -35.6 22.5093
    endloop
  endfacet
  facet normal 0 1 -0
    outer loop
      vertex 24.6172 -35.6 19.9427
      vertex 24.5462 -35.6 19.9743
      vertex 25.827 -35.6 22.5093
    endloop
  endfacet
  facet normal 0 1 0
    outer loop
      vertex 25.9056 -35.6 22.4688
      vertex 24.6172 -35.6 19.9427
      vertex 25.827 -35.6 22.5093
    endloop
  endfacet
  facet normal 0 1 0
    outer loop
      vertex 25.9056 -35.6 22.4688
      vertex 24.6884 -35.6 19.9103
      vertex 24.6172 -35.6 19.9427
    endloop
  endfacet
  facet normal 0 1 0
    outer loop
      vertex 25.9056 -35.6 22.4688
      vertex 25.9833 -35.6 22.4272
      vertex 24.6884 -35.6 19.9103
    endloop
  endfacet
  facet normal -0 1 0
    outer loop
      vertex 24.6884 -35.6 19.9103
      vertex 25.9833 -35.6 22.4272
      vertex 24.7599 -35.6 19.877
    endloop
  endfacet
  facet normal 0 1 0
    outer loop
      vertex 24.7599 -35.6 19.877
      vertex 25.9833 -35.6 22.4272
      vertex 26.0602 -35.6 22.3847
    endloop
  endfacet
  facet normal 0 1 -0
    outer loop
      vertex 24.8316 -35.6 19.843
      vertex 24.7599 -35.6 19.877
      vertex 26.0602 -35.6 22.3847
    endloop
  endfacet
  facet normal 0 1 -0
    outer loop
      vertex 24.9035 -35.6 19.8081
      vertex 24.8316 -35.6 19.843
      vertex 26.0602 -35.6 22.3847
    endloop
  endfacet
  facet normal 0 1 -0
    outer loop
      vertex 24.9756 -35.6 19.7724
      vertex 24.9035 -35.6 19.8081
      vertex 26.0602 -35.6 22.3847
    endloop
  endfacet
  facet normal 0 1 0
    outer loop
      vertex 22.8119 -35.6 23.2863
      vertex 22.5779 -35.6 20.5336
      vertex 22.5127 -35.6 20.5406
    endloop
  endfacet
  facet normal 0 1 0
    outer loop
      vertex 22.7142 -35.6 23.2934
      vertex 22.8119 -35.6 23.2863
      vertex 22.5127 -35.6 20.5406
    endloop
  endfacet
  facet normal 0 1 0
    outer loop
      vertex 22.6165 -35.6 23.2996
      vertex 22.7142 -35.6 23.2934
      vertex 22.4476 -35.6 20.5467
    endloop
  endfacet
  facet normal 0 1 0
    outer loop
      vertex 22.5186 -35.6 23.3048
      vertex 22.6165 -35.6 23.2996
      vertex 22.3827 -35.6 20.5521
    endloop
  endfacet
  facet normal -0 1 0
    outer loop
      vertex 22.318 -35.6 20.5566
      vertex 22.5186 -35.6 23.3048
      vertex 22.3827 -35.6 20.5521
    endloop
  endfacet
  facet normal -0 1 0
    outer loop
      vertex 22.2534 -35.6 20.5603
      vertex 22.4205 -35.6 23.309
      vertex 22.318 -35.6 20.5566
    endloop
  endfacet
  facet normal 0 1 0
    outer loop
      vertex 22.2534 -35.6 20.5603
      vertex 22.3224 -35.6 23.3124
      vertex 22.4205 -35.6 23.309
    endloop
  endfacet
  facet normal 0 1 0
    outer loop
      vertex 22.1889 -35.6 20.5631
      vertex 22.2241 -35.6 23.3147
      vertex 22.3224 -35.6 23.3124
    endloop
  endfacet
  facet normal 0 1 0
    outer loop
      vertex 22.1246 -35.6 20.5652
      vertex 22.1257 -35.6 23.3161
      vertex 22.2241 -35.6 23.3147
    endloop
  endfacet
  facet normal 0 1 -0
    outer loop
      vertex 22.1246 -35.6 20.5652
      vertex 22.0605 -35.6 20.5664
      vertex 22.1257 -35.6 23.3161
    endloop
  endfacet
  facet normal 0 1 0
    outer loop
      vertex 22.0605 -35.6 20.5664
      vertex 21.9966 -35.6 20.5668
      vertex 22.0271 -35.6 23.3166
    endloop
  endfacet
  facet normal 0 1 0
    outer loop
      vertex 22.0271 -35.6 23.3166
      vertex 21.9966 -35.6 20.5668
      vertex 21.9498 -35.6 20.5666
    endloop
  endfacet
  facet normal 0 1 0
    outer loop
      vertex 21.8783 -35.6 23.3156
      vertex 21.9498 -35.6 20.5666
      vertex 21.9039 -35.6 20.5661
    endloop
  endfacet
  facet normal 0 1 0
    outer loop
      vertex 21.8589 -35.6 20.5651
      vertex 21.8783 -35.6 23.3156
      vertex 21.9039 -35.6 20.5661
    endloop
  endfacet
  facet normal 0 1 -0
    outer loop
      vertex 21.8147 -35.6 20.5638
      vertex 21.7316 -35.6 23.3126
      vertex 21.8589 -35.6 20.5651
    endloop
  endfacet
  facet normal 0 1 0
    outer loop
      vertex 21.8147 -35.6 20.5638
      vertex 21.7715 -35.6 20.5621
      vertex 21.7316 -35.6 23.3126
    endloop
  endfacet
  facet normal 0 1 0
    outer loop
      vertex 21.7715 -35.6 20.5621
      vertex 21.7291 -35.6 20.56
      vertex 21.5872 -35.6 23.3075
    endloop
  endfacet
  facet normal 0 1 0
    outer loop
      vertex 21.5872 -35.6 23.3075
      vertex 21.6877 -35.6 20.5575
      vertex 21.4451 -35.6 23.3005
    endloop
  endfacet
  facet normal 0 1 0
    outer loop
      vertex 21.4451 -35.6 23.3005
      vertex 21.6877 -35.6 20.5575
      vertex 21.6471 -35.6 20.5547
    endloop
  endfacet
  facet normal -0 1 0
    outer loop
      vertex 21.3052 -35.6 23.2914
      vertex 21.4451 -35.6 23.3005
      vertex 21.6074 -35.6 20.5515
    endloop
  endfacet
  facet normal 0 1 -0
    outer loop
      vertex 21.5685 -35.6 20.5479
      vertex 21.3052 -35.6 23.2914
      vertex 21.6074 -35.6 20.5515
    endloop
  endfacet
  facet normal 0 1 0
    outer loop
      vertex 21.5306 -35.6 20.5439
      vertex 21.4935 -35.6 20.5395
      vertex 21.3052 -35.6 23.2914
    endloop
  endfacet
  facet normal 0 1 0
    outer loop
      vertex 21.3052 -35.6 23.2914
      vertex 21.4935 -35.6 20.5395
      vertex 21.1675 -35.6 23.2803
    endloop
  endfacet
  facet normal 0 1 0
    outer loop
      vertex 21.1675 -35.6 23.2803
      vertex 21.4574 -35.6 20.5348
      vertex 21.4221 -35.6 20.5297
    endloop
  endfacet
  facet normal -0 1 0
    outer loop
      vertex 21.0321 -35.6 23.2671
      vertex 21.1675 -35.6 23.2803
      vertex 21.4221 -35.6 20.5297
    endloop
  endfacet
  facet normal 0 1 -0
    outer loop
      vertex 21.3541 -35.6 20.5183
      vertex 21.0321 -35.6 23.2671
      vertex 21.3876 -35.6 20.5242
    endloop
  endfacet
  facet normal 0 1 0
    outer loop
      vertex 21.3541 -35.6 20.5183
      vertex 20.8989 -35.6 23.252
      vertex 21.0321 -35.6 23.2671
    endloop
  endfacet
  facet normal 0 1 0
    outer loop
      vertex 21.3215 -35.6 20.512
      vertex 21.2897 -35.6 20.5054
      vertex 20.8989 -35.6 23.252
    endloop
  endfacet
  facet normal 0 1 0
    outer loop
      vertex 20.8989 -35.6 23.252
      vertex 21.2897 -35.6 20.5054
      vertex 20.768 -35.6 23.2348
    endloop
  endfacet
  facet normal 0 1 0
    outer loop
      vertex 20.768 -35.6 23.2348
      vertex 21.2589 -35.6 20.4984
      vertex 21.2289 -35.6 20.491
    endloop
  endfacet
  facet normal -0 1 0
    outer loop
      vertex 20.6393 -35.6 23.2156
      vertex 20.768 -35.6 23.2348
      vertex 21.2289 -35.6 20.491
    endloop
  endfacet
  facet normal -0 1 0
    outer loop
      vertex 20.5128 -35.6 23.1944
      vertex 20.6393 -35.6 23.2156
      vertex 21.1998 -35.6 20.4832
    endloop
  endfacet
  facet normal 0 1 -0
    outer loop
      vertex 21.1441 -35.6 20.4666
      vertex 20.5128 -35.6 23.1944
      vertex 21.1715 -35.6 20.4751
    endloop
  endfacet
  facet normal 0 1 0
    outer loop
      vertex 21.1441 -35.6 20.4666
      vertex 20.3886 -35.6 23.1712
      vertex 20.5128 -35.6 23.1944
    endloop
  endfacet
  facet normal 0 1 0
    outer loop
      vertex 21.1175 -35.6 20.4579
      vertex 21.0915 -35.6 20.449
      vertex 20.3886 -35.6 23.1712
    endloop
  endfacet
  facet normal 0 1 0
    outer loop
      vertex 21.0915 -35.6 20.449
      vertex 21.0663 -35.6 20.4398
      vertex 20.2666 -35.6 23.1459
    endloop
  endfacet
  facet normal 0 1 0
    outer loop
      vertex 20.2666 -35.6 23.1459
      vertex 21.0418 -35.6 20.4303
      vertex 20.1469 -35.6 23.1186
    endloop
  endfacet
  facet normal 0 1 0
    outer loop
      vertex 20.1469 -35.6 23.1186
      vertex 21.018 -35.6 20.4206
      vertex 20.9949 -35.6 20.4106
    endloop
  endfacet
  facet normal -0 1 0
    outer loop
      vertex 20.0294 -35.6 23.0894
      vertex 20.1469 -35.6 23.1186
      vertex 20.9949 -35.6 20.4106
    endloop
  endfacet
  facet normal -0 1 0
    outer loop
      vertex 19.9141 -35.6 23.0581
      vertex 20.0294 -35.6 23.0894
      vertex 20.9726 -35.6 20.4004
    endloop
  endfacet
  facet normal 0 1 -0
    outer loop
      vertex 20.9301 -35.6 20.3792
      vertex 19.9141 -35.6 23.0581
      vertex 20.951 -35.6 20.3899
    endloop
  endfacet
  facet normal 0 1 -0
    outer loop
      vertex 20.91 -35.6 20.3682
      vertex 19.8011 -35.6 23.0247
      vertex 20.9301 -35.6 20.3792
    endloop
  endfacet
  facet normal 0 1 0
    outer loop
      vertex 20.91 -35.6 20.3682
      vertex 19.6903 -35.6 22.9894
      vertex 19.8011 -35.6 23.0247
    endloop
  endfacet
  facet normal 0 1 0
    outer loop
      vertex 20.8905 -35.6 20.3569
      vertex 20.8718 -35.6 20.3454
      vertex 19.6903 -35.6 22.9894
    endloop
  endfacet
  facet normal 0 1 0
    outer loop
      vertex 20.8718 -35.6 20.3454
      vertex 20.8539 -35.6 20.3337
      vertex 19.5818 -35.6 22.952
    endloop
  endfacet
  facet normal 0 1 0
    outer loop
      vertex 20.8539 -35.6 20.3337
      vertex 20.8366 -35.6 20.3217
      vertex 19.4755 -35.6 22.9126
    endloop
  endfacet
  facet normal 0 1 0
    outer loop
      vertex 20.8366 -35.6 20.3217
      vertex 20.8201 -35.6 20.3095
      vertex 19.3715 -35.6 22.8712
    endloop
  endfacet
  facet normal 0 1 0
    outer loop
      vertex 20.8201 -35.6 20.3095
      vertex 20.8043 -35.6 20.297
      vertex 19.2697 -35.6 22.8278
    endloop
  endfacet
  facet normal 0 1 0
    outer loop
      vertex 20.7892 -35.6 20.2842
      vertex 19.0728 -35.6 22.7362
      vertex 19.1701 -35.6 22.7826
    endloop
  endfacet
  facet normal 0 1 0
    outer loop
      vertex 20.7749 -35.6 20.2712
      vertex 18.9778 -35.6 22.6883
      vertex 19.0728 -35.6 22.7362
    endloop
  endfacet
  facet normal 0 1 0
    outer loop
      vertex 20.7612 -35.6 20.2579
      vertex 18.8851 -35.6 22.6392
      vertex 18.9778 -35.6 22.6883
    endloop
  endfacet
  facet normal 0 1 0
    outer loop
      vertex 20.7483 -35.6 20.2444
      vertex 18.7946 -35.6 22.5886
      vertex 18.8851 -35.6 22.6392
    endloop
  endfacet
  facet normal 0 1 0
    outer loop
      vertex -8.90724 -35.6 16.8393
      vertex -7.90903 -35.6 14.2422
      vertex -11.976 -35.6 14.2422
    endloop
  endfacet
  facet normal 0 1 0
    outer loop
      vertex 20.7362 -35.6 20.2307
      vertex 18.7064 -35.6 22.5367
      vertex 18.7946 -35.6 22.5886
    endloop
  endfacet
  facet normal 0 1 0
    outer loop
      vertex -8.13979 -35.6 23.0722
      vertex -9.94252 -35.6 19.5328
      vertex -11.684 -35.6 23.0722
    endloop
  endfacet
  facet normal 0 1 -0
    outer loop
      vertex 20.7136 -35.6 20.2027
      vertex 18.6205 -35.6 22.4834
      vertex 20.7246 -35.6 20.2167
    endloop
  endfacet
  facet normal 0 1 -0
    outer loop
      vertex 20.7032 -35.6 20.1885
      vertex 18.5368 -35.6 22.4288
      vertex 20.7136 -35.6 20.2027
    endloop
  endfacet
  facet normal 0 1 0
    outer loop
      vertex 6.84651 -35.6 19.207
      vertex 3.21259 -35.6 19.0914
      vertex 3.21036 -35.6 19.1427
    endloop
  endfacet
  facet normal 0 1 -0
    outer loop
      vertex 20.6933 -35.6 20.1741
      vertex 18.4555 -35.6 22.3728
      vertex 20.7032 -35.6 20.1885
    endloop
  endfacet
  facet normal 0 1 0
    outer loop
      vertex 20.6933 -35.6 20.1741
      vertex 18.3764 -35.6 22.3155
      vertex 18.4555 -35.6 22.3728
    endloop
  endfacet
  facet normal 0 1 0
    outer loop
      vertex 20.6839 -35.6 20.1597
      vertex 18.2996 -35.6 22.2568
      vertex 18.3764 -35.6 22.3155
    endloop
  endfacet
  facet normal 0 1 -0
    outer loop
      vertex 20.6667 -35.6 20.1304
      vertex 18.225 -35.6 22.1968
      vertex 20.675 -35.6 20.1451
    endloop
  endfacet
  facet normal 0 1 -0
    outer loop
      vertex -15.7674 -35.6 17.7892
      vertex -19.2624 -35.6 18.6945
      vertex -15.7391 -35.6 17.8857
    endloop
  endfacet
  facet normal 0 1 0
    outer loop
      vertex 20.6667 -35.6 20.1304
      vertex 18.1527 -35.6 22.1354
      vertex 18.225 -35.6 22.1968
    endloop
  endfacet
  facet normal 0 1 -0
    outer loop
      vertex 20.6589 -35.6 20.1156
      vertex 18.0827 -35.6 22.0726
      vertex 20.6667 -35.6 20.1304
    endloop
  endfacet
  facet normal 0 1 -0
    outer loop
      vertex -15.6899 -35.6 18.0829
      vertex -19.2446 -35.6 18.7879
      vertex -15.669 -35.6 18.1836
    endloop
  endfacet
  facet normal 0 1 0
    outer loop
      vertex 20.6589 -35.6 20.1156
      vertex 18.015 -35.6 22.0085
      vertex 18.0827 -35.6 22.0726
    endloop
  endfacet
  facet normal 0 1 0
    outer loop
      vertex 20.6517 -35.6 20.1006
      vertex 17.9495 -35.6 21.943
      vertex 18.015 -35.6 22.0085
    endloop
  endfacet
  facet normal 0 1 -0
    outer loop
      vertex -15.6345 -35.6 18.3892
      vertex -19.2327 -35.6 18.8854
      vertex -15.621 -35.6 18.494
    endloop
  endfacet
  facet normal 0 1 0
    outer loop
      vertex 20.6517 -35.6 20.1006
      vertex 20.645 -35.6 20.0855
      vertex 17.9495 -35.6 21.943
    endloop
  endfacet
  facet normal 0 1 -0
    outer loop
      vertex -15.6013 -35.6 18.7079
      vertex -19.229 -35.6 18.9356
      vertex -15.5951 -35.6 18.8169
    endloop
  endfacet
  facet normal 0 1 0
    outer loop
      vertex 17.9495 -35.6 21.943
      vertex 20.645 -35.6 20.0855
      vertex 17.8863 -35.6 21.8762
    endloop
  endfacet
  facet normal -0 1 0
    outer loop
      vertex -19.2527 -35.6 19.3376
      vertex -15.6899 -35.6 19.9966
      vertex -19.2446 -35.6 19.2904
    endloop
  endfacet
  facet normal 0 1 0
    outer loop
      vertex 20.645 -35.6 20.0855
      vertex 20.6388 -35.6 20.0703
      vertex 17.8254 -35.6 21.808
    endloop
  endfacet
  facet normal 0 1 0
    outer loop
      vertex -15.6013 -35.6 19.3705
      vertex -19.229 -35.6 19.1427
      vertex -15.6099 -35.6 19.4783
    endloop
  endfacet
  facet normal 0 1 0
    outer loop
      vertex 17.8254 -35.6 21.808
      vertex 20.6388 -35.6 20.0703
      vertex 17.7668 -35.6 21.7384
    endloop
  endfacet
  facet normal 0 1 0
    outer loop
      vertex -15.5914 -35.6 19.151
      vertex -19.2268 -35.6 19.0914
      vertex -15.5951 -35.6 19.2614
    endloop
  endfacet
  facet normal 0 1 0
    outer loop
      vertex 17.7668 -35.6 21.7384
      vertex 20.6388 -35.6 20.0703
      vertex 17.7104 -35.6 21.6675
    endloop
  endfacet
  facet normal 0 1 0
    outer loop
      vertex -15.5951 -35.6 19.2614
      vertex -19.2268 -35.6 19.0914
      vertex -19.229 -35.6 19.1427
    endloop
  endfacet
  facet normal 0 1 0
    outer loop
      vertex 17.7104 -35.6 21.6675
      vertex 20.6332 -35.6 20.055
      vertex 17.6563 -35.6 21.5953
    endloop
  endfacet
  facet normal 0 1 0
    outer loop
      vertex 17.6563 -35.6 21.5953
      vertex 20.6332 -35.6 20.055
      vertex 17.6045 -35.6 21.5216
    endloop
  endfacet
  facet normal 0 1 0
    outer loop
      vertex -19.2327 -35.6 19.1929
      vertex -15.6345 -35.6 19.6897
      vertex -15.621 -35.6 19.5846
    endloop
  endfacet
  facet normal 0 1 0
    outer loop
      vertex 17.6045 -35.6 21.5216
      vertex 20.6332 -35.6 20.055
      vertex 20.6281 -35.6 20.0395
    endloop
  endfacet
  facet normal 0 1 0
    outer loop
      vertex -15.6099 -35.6 19.4783
      vertex -19.229 -35.6 19.1427
      vertex -19.2327 -35.6 19.1929
    endloop
  endfacet
  facet normal 0 1 0
    outer loop
      vertex 17.5549 -35.6 21.447
      vertex 20.6281 -35.6 20.0395
      vertex 20.6235 -35.6 20.0239
    endloop
  endfacet
  facet normal 0 1 0
    outer loop
      vertex -15.5902 -35.6 19.0391
      vertex -19.226 -35.6 19.0391
      vertex -15.5914 -35.6 19.151
    endloop
  endfacet
  facet normal -0 1 0
    outer loop
      vertex 17.5077 -35.6 21.3716
      vertex 17.5549 -35.6 21.447
      vertex 20.6235 -35.6 20.0239
    endloop
  endfacet
  facet normal 0 1 -0
    outer loop
      vertex -19.2379 -35.6 19.2422
      vertex -19.2446 -35.6 19.2904
      vertex -15.6505 -35.6 19.7933
    endloop
  endfacet
  facet normal -0 1 0
    outer loop
      vertex 17.4628 -35.6 21.2955
      vertex 17.5077 -35.6 21.3716
      vertex 20.6235 -35.6 20.0239
    endloop
  endfacet
  facet normal 0 1 0
    outer loop
      vertex -15.6899 -35.6 19.9966
      vertex -15.669 -35.6 19.8956
      vertex -19.2446 -35.6 19.2904
    endloop
  endfacet
  facet normal -0 1 0
    outer loop
      vertex 17.4201 -35.6 21.2186
      vertex 17.4628 -35.6 21.2955
      vertex 20.6195 -35.6 20.0082
    endloop
  endfacet
  facet normal 0 1 0
    outer loop
      vertex -15.5902 -35.6 19.0391
      vertex -15.5914 -35.6 18.9273
      vertex -19.226 -35.6 19.0391
    endloop
  endfacet
  facet normal -0 1 0
    outer loop
      vertex 17.3798 -35.6 21.141
      vertex 17.4201 -35.6 21.2186
      vertex 20.6195 -35.6 20.0082
    endloop
  endfacet
  facet normal 0 1 -0
    outer loop
      vertex -15.5951 -35.6 18.8169
      vertex -19.2268 -35.6 18.9869
      vertex -15.5914 -35.6 18.9273
    endloop
  endfacet
  facet normal 0 1 -0
    outer loop
      vertex 20.616 -35.6 19.9924
      vertex 17.3798 -35.6 21.141
      vertex 20.6195 -35.6 20.0082
    endloop
  endfacet
  facet normal -0 1 0
    outer loop
      vertex 17.3061 -35.6 20.9837
      vertex 17.3418 -35.6 21.0628
      vertex 20.616 -35.6 19.9924
    endloop
  endfacet
  facet normal 0 1 -0
    outer loop
      vertex 20.6131 -35.6 19.9764
      vertex 17.3061 -35.6 20.9837
      vertex 20.616 -35.6 19.9924
    endloop
  endfacet
  facet normal 0 1 -0
    outer loop
      vertex 2.78581 -35.6 20.014
      vertex 2.74915 -35.6 20.0411
      vertex 4.15633 -35.6 22.7495
    endloop
  endfacet
  facet normal 0 1 0
    outer loop
      vertex 20.6131 -35.6 19.9764
      vertex 17.2727 -35.6 20.904
      vertex 17.3061 -35.6 20.9837
    endloop
  endfacet
  facet normal -0 1 0
    outer loop
      vertex 2.62953 -35.6 20.114
      vertex 3.63866 -35.6 22.8907
      vertex 2.67101 -35.6 20.0911
    endloop
  endfacet
  facet normal 0 1 -0
    outer loop
      vertex 20.6107 -35.6 19.9603
      vertex 17.2416 -35.6 20.8235
      vertex 20.6131 -35.6 19.9764
    endloop
  endfacet
  facet normal 0 1 0
    outer loop
      vertex 3.63866 -35.6 22.8907
      vertex 3.81609 -35.6 22.8481
      vertex 2.67101 -35.6 20.0911
    endloop
  endfacet
  facet normal 0 1 0
    outer loop
      vertex 20.6107 -35.6 19.9603
      vertex 17.2128 -35.6 20.7423
      vertex 17.2416 -35.6 20.8235
    endloop
  endfacet
  facet normal 0 1 -0
    outer loop
      vertex 2.74915 -35.6 20.0411
      vertex 2.71089 -35.6 20.0668
      vertex 3.98863 -35.6 22.801
    endloop
  endfacet
  facet normal 0 1 0
    outer loop
      vertex 20.6107 -35.6 19.9603
      vertex 17.1863 -35.6 20.6604
      vertex 17.2128 -35.6 20.7423
    endloop
  endfacet
  facet normal 0 1 0
    outer loop
      vertex 2.71089 -35.6 20.0668
      vertex 3.81609 -35.6 22.8481
      vertex 3.98863 -35.6 22.801
    endloop
  endfacet
  facet normal 0 1 0
    outer loop
      vertex 20.6088 -35.6 19.9441
      vertex 17.1621 -35.6 20.5777
      vertex 17.1863 -35.6 20.6604
    endloop
  endfacet
  facet normal -0 1 0
    outer loop
      vertex 2.67101 -35.6 20.0911
      vertex 3.81609 -35.6 22.8481
      vertex 2.71089 -35.6 20.0668
    endloop
  endfacet
  facet normal 0 1 0
    outer loop
      vertex 20.6088 -35.6 19.9441
      vertex 17.1402 -35.6 20.4943
      vertex 17.1621 -35.6 20.5777
    endloop
  endfacet
  facet normal 0 1 -0
    outer loop
      vertex 2.62953 -35.6 20.114
      vertex 2.58643 -35.6 20.1356
      vertex 3.63866 -35.6 22.8907
    endloop
  endfacet
  facet normal 0 1 0
    outer loop
      vertex 20.6088 -35.6 19.9441
      vertex 20.6074 -35.6 19.9277
      vertex 17.1402 -35.6 20.4943
    endloop
  endfacet
  facet normal 0 1 0
    outer loop
      vertex 20.6074 -35.6 19.9277
      vertex 17.1033 -35.6 20.3254
      vertex 17.1206 -35.6 20.4102
    endloop
  endfacet
  facet normal 0 1 0
    outer loop
      vertex 20.6074 -35.6 19.9277
      vertex 20.6066 -35.6 19.9112
      vertex 17.1033 -35.6 20.3254
    endloop
  endfacet
  facet normal -0 1 0
    outer loop
      vertex 3.06793 -35.6 19.6789
      vertex 5.99011 -35.6 21.5673
      vertex 3.08797 -35.6 19.6398
    endloop
  endfacet
  facet normal 0 1 0
    outer loop
      vertex 17.1033 -35.6 20.3254
      vertex 20.6066 -35.6 19.9112
      vertex 17.0883 -35.6 20.2399
    endloop
  endfacet
  facet normal 0 1 0
    outer loop
      vertex 17.0883 -35.6 20.2399
      vertex 20.6066 -35.6 19.9112
      vertex 17.0757 -35.6 20.1536
    endloop
  endfacet
  facet normal 0 1 0
    outer loop
      vertex 6.25259 -35.6 21.2184
      vertex 3.12357 -35.6 19.5585
      vertex 3.10651 -35.6 19.5997
    endloop
  endfacet
  facet normal 0 1 0
    outer loop
      vertex 17.0757 -35.6 20.1536
      vertex 20.6064 -35.6 19.8946
      vertex 17.0653 -35.6 20.0666
    endloop
  endfacet
  facet normal 0 1 0
    outer loop
      vertex 17.0653 -35.6 20.0666
      vertex 20.6064 -35.6 19.8946
      vertex 17.0573 -35.6 19.9788
    endloop
  endfacet
  facet normal 0 1 0
    outer loop
      vertex 6.40108 -35.6 20.9697
      vertex 3.13914 -35.6 19.5164
      vertex 6.32948 -35.6 21.0957
    endloop
  endfacet
  facet normal 0 1 0
    outer loop
      vertex 17.0573 -35.6 19.9788
      vertex 20.6064 -35.6 19.8946
      vertex 20.607 -35.6 19.8699
    endloop
  endfacet
  facet normal -0 1 0
    outer loop
      vertex 3.17697 -35.6 18.6945
      vertex 3.18661 -35.6 18.7407
      vertex 6.67191 -35.6 17.7914
    endloop
  endfacet
  facet normal 0 1 0
    outer loop
      vertex 17.0515 -35.6 19.8904
      vertex 20.607 -35.6 19.8699
      vertex 17.048 -35.6 19.8012
    endloop
  endfacet
  facet normal 0 1 -0
    outer loop
      vertex 6.72607 -35.6 17.9852
      vertex 3.18661 -35.6 18.7407
      vertex 6.74945 -35.6 18.0842
    endloop
  endfacet
  facet normal -0 1 0
    outer loop
      vertex 17.048 -35.6 19.8012
      vertex 20.607 -35.6 19.8699
      vertex 17.0469 -35.6 19.7113
    endloop
  endfacet
  facet normal 0 1 0
    outer loop
      vertex 6.78885 -35.6 18.2864
      vertex 6.77039 -35.6 18.1846
      vertex 3.19478 -35.6 18.7879
    endloop
  endfacet
  facet normal 0 1 0
    outer loop
      vertex 17.0469 -35.6 19.7113
      vertex 20.607 -35.6 19.8699
      vertex 20.609 -35.6 19.8456
    endloop
  endfacet
  facet normal -0 1 0
    outer loop
      vertex 17.0475 -35.6 19.6341
      vertex 20.609 -35.6 19.8456
      vertex 17.0495 -35.6 19.558
    endloop
  endfacet
  facet normal -0 1 0
    outer loop
      vertex 17.0495 -35.6 19.558
      vertex 20.609 -35.6 19.8456
      vertex 17.0528 -35.6 19.4832
    endloop
  endfacet
  facet normal 0 1 0
    outer loop
      vertex 17.0528 -35.6 19.4832
      vertex 20.609 -35.6 19.8456
      vertex 20.6123 -35.6 19.8218
    endloop
  endfacet
  facet normal -0 1 0
    outer loop
      vertex 17.0575 -35.6 19.4095
      vertex 20.6123 -35.6 19.8218
      vertex 17.0634 -35.6 19.337
    endloop
  endfacet
  facet normal -0 1 0
    outer loop
      vertex 17.0634 -35.6 19.337
      vertex 20.6123 -35.6 19.8218
      vertex 17.0707 -35.6 19.2656
    endloop
  endfacet
  facet normal 0 1 0
    outer loop
      vertex -3.46512 -35.6 12.3784
      vertex -8.90724 -35.6 16.8393
      vertex -8.13979 -35.6 23.0722
    endloop
  endfacet
  facet normal 0 1 0
    outer loop
      vertex 17.0707 -35.6 19.2656
      vertex 20.6123 -35.6 19.8218
      vertex 20.617 -35.6 19.7984
    endloop
  endfacet
  facet normal -0 1 0
    outer loop
      vertex 17.0793 -35.6 19.1955
      vertex 20.617 -35.6 19.7984
      vertex 17.0893 -35.6 19.1265
    endloop
  endfacet
  facet normal 0 1 0
    outer loop
      vertex 6.4048 -35.6 17.1581
      vertex 3.13914 -35.6 18.5619
      vertex 3.15324 -35.6 18.6051
    endloop
  endfacet
  facet normal -0 1 0
    outer loop
      vertex 17.0893 -35.6 19.1265
      vertex 20.617 -35.6 19.7984
      vertex 17.1006 -35.6 19.0586
    endloop
  endfacet
  facet normal 0 1 0
    outer loop
      vertex 20.617 -35.6 19.7984
      vertex 20.6229 -35.6 19.7755
      vertex 17.1131 -35.6 18.9919
    endloop
  endfacet
  facet normal -0 1 0
    outer loop
      vertex 17.1131 -35.6 18.9919
      vertex 20.6229 -35.6 19.7755
      vertex 17.1271 -35.6 18.9264
    endloop
  endfacet
  facet normal 0 1 0
    outer loop
      vertex 0.432968 -35.6 17.7865
      vertex 1.41504 -35.6 15.0672
      vertex 0.432968 -35.6 15.0672
    endloop
  endfacet
  facet normal -0 1 0
    outer loop
      vertex 17.1271 -35.6 18.9264
      vertex 20.6229 -35.6 19.7755
      vertex 17.1423 -35.6 18.8621
    endloop
  endfacet
  facet normal 0 1 0
    outer loop
      vertex 20.6229 -35.6 19.7755
      vertex 17.1768 -35.6 18.7369
      vertex 17.1589 -35.6 18.7989
    endloop
  endfacet
  facet normal 0 1 0
    outer loop
      vertex 20.6229 -35.6 19.7755
      vertex 17.196 -35.6 18.6761
      vertex 17.1768 -35.6 18.7369
    endloop
  endfacet
  facet normal 0 1 -0
    outer loop
      vertex 17.2384 -35.6 18.5579
      vertex 17.2165 -35.6 18.6164
      vertex 20.6229 -35.6 19.7755
    endloop
  endfacet
  facet normal 0 1 0
    outer loop
      vertex 20.6302 -35.6 19.7532
      vertex 17.2384 -35.6 18.5579
      vertex 20.6229 -35.6 19.7755
    endloop
  endfacet
  facet normal 0 1 0
    outer loop
      vertex 20.6302 -35.6 19.7532
      vertex 17.2616 -35.6 18.5006
      vertex 17.2384 -35.6 18.5579
    endloop
  endfacet
  facet normal 0 1 -0
    outer loop
      vertex 17.312 -35.6 18.3894
      vertex 17.2861 -35.6 18.4444
      vertex 20.6302 -35.6 19.7532
    endloop
  endfacet
  facet normal 0 1 -0
    outer loop
      vertex 17.3391 -35.6 18.3356
      vertex 17.312 -35.6 18.3894
      vertex 20.6302 -35.6 19.7532
    endloop
  endfacet
  facet normal -0 1 0
    outer loop
      vertex 17.3676 -35.6 18.2829
      vertex 20.6302 -35.6 19.7532
      vertex 17.3972 -35.6 18.2313
    endloop
  endfacet
  facet normal -0 1 0
    outer loop
      vertex 17.3972 -35.6 18.2313
      vertex 20.6302 -35.6 19.7532
      vertex 17.4277 -35.6 18.1806
    endloop
  endfacet
  facet normal 0 1 0
    outer loop
      vertex 20.6302 -35.6 19.7532
      vertex 17.4911 -35.6 18.0819
      vertex 17.459 -35.6 18.1308
    endloop
  endfacet
  facet normal 0 1 0
    outer loop
      vertex 20.6388 -35.6 19.7312
      vertex 17.5241 -35.6 18.0339
      vertex 17.4911 -35.6 18.0819
    endloop
  endfacet
  facet normal 0 1 0
    outer loop
      vertex 20.6388 -35.6 19.7312
      vertex 17.558 -35.6 17.9869
      vertex 17.5241 -35.6 18.0339
    endloop
  endfacet
  facet normal 0 1 -0
    outer loop
      vertex 17.6283 -35.6 17.8955
      vertex 17.5927 -35.6 17.9408
      vertex 20.6388 -35.6 19.7312
    endloop
  endfacet
  facet normal 0 1 -0
    outer loop
      vertex 17.6647 -35.6 17.8513
      vertex 17.6283 -35.6 17.8955
      vertex 20.6388 -35.6 19.7312
    endloop
  endfacet
  facet normal 0 1 0
    outer loop
      vertex 17.7019 -35.6 17.8079
      vertex 20.6388 -35.6 19.7312
      vertex 20.6488 -35.6 19.7098
    endloop
  endfacet
  facet normal -0 1 0
    outer loop
      vertex 17.74 -35.6 17.7654
      vertex 20.6488 -35.6 19.7098
      vertex 17.779 -35.6 17.7239
    endloop
  endfacet
  facet normal -0 1 0
    outer loop
      vertex 17.779 -35.6 17.7239
      vertex 20.6488 -35.6 19.7098
      vertex 17.8188 -35.6 17.6832
    endloop
  endfacet
  facet normal 0 1 0
    outer loop
      vertex 20.6488 -35.6 19.7098
      vertex 17.901 -35.6 17.6047
      vertex 17.8595 -35.6 17.6435
    endloop
  endfacet
  facet normal 0 1 0
    outer loop
      vertex 20.6488 -35.6 19.7098
      vertex 17.9434 -35.6 17.5668
      vertex 17.901 -35.6 17.6047
    endloop
  endfacet
  facet normal 0 1 0
    outer loop
      vertex 20.66 -35.6 19.6888
      vertex 17.9866 -35.6 17.5298
      vertex 20.6488 -35.6 19.7098
    endloop
  endfacet
  facet normal 0 1 -0
    outer loop
      vertex 18.0756 -35.6 17.4586
      vertex 18.0307 -35.6 17.4938
      vertex 20.66 -35.6 19.6888
    endloop
  endfacet
  facet normal 0 1 -0
    outer loop
      vertex 18.1214 -35.6 17.4244
      vertex 18.0756 -35.6 17.4586
      vertex 20.66 -35.6 19.6888
    endloop
  endfacet
  facet normal -0 1 0
    outer loop
      vertex 18.168 -35.6 17.3911
      vertex 20.66 -35.6 19.6888
      vertex 18.2155 -35.6 17.3587
    endloop
  endfacet
  facet normal -0 1 0
    outer loop
      vertex 18.2155 -35.6 17.3587
      vertex 20.66 -35.6 19.6888
      vertex 18.2637 -35.6 17.327
    endloop
  endfacet
  facet normal -0 1 0
    outer loop
      vertex 18.2637 -35.6 17.327
      vertex 20.6726 -35.6 19.6683
      vertex 18.3122 -35.6 17.296
    endloop
  endfacet
  facet normal 0 1 0
    outer loop
      vertex 20.6726 -35.6 19.6683
      vertex 18.4107 -35.6 17.2355
      vertex 18.3613 -35.6 17.2654
    endloop
  endfacet
  facet normal 0 1 0
    outer loop
      vertex 20.6726 -35.6 19.6683
      vertex 20.6866 -35.6 19.6483
      vertex 18.4107 -35.6 17.2355
    endloop
  endfacet
  facet normal 0 1 0
    outer loop
      vertex 20.6866 -35.6 19.6483
      vertex 18.511 -35.6 17.1773
      vertex 18.4606 -35.6 17.2061
    endloop
  endfacet
  facet normal 0 1 0
    outer loop
      vertex 23.9929 -35.6 12.5043
      vertex 23.8847 -35.6 12.4663
      vertex 22.7178 -35.6 15.0747
    endloop
  endfacet
  facet normal 0 1 0
    outer loop
      vertex 18.7705 -35.6 15.4951
      vertex 17.6154 -35.6 12.8646
      vertex 18.6942 -35.6 15.5285
    endloop
  endfacet
  facet normal 0 1 0
    outer loop
      vertex 20.6866 -35.6 19.6483
      vertex 18.5618 -35.6 17.149
      vertex 18.511 -35.6 17.1773
    endloop
  endfacet
  facet normal 0 1 0
    outer loop
      vertex 20.7018 -35.6 19.6287
      vertex 18.613 -35.6 17.1213
      vertex 18.5618 -35.6 17.149
    endloop
  endfacet
  facet normal 0 1 -0
    outer loop
      vertex 18.7168 -35.6 17.0677
      vertex 18.6647 -35.6 17.0942
      vertex 20.7018 -35.6 19.6287
    endloop
  endfacet
  facet normal 0 1 0
    outer loop
      vertex 20.7184 -35.6 19.6096
      vertex 18.7168 -35.6 17.0677
      vertex 20.7018 -35.6 19.6287
    endloop
  endfacet
  facet normal 0 1 -0
    outer loop
      vertex 17.7064 -35.6 12.8274
      vertex 17.6154 -35.6 12.8646
      vertex 18.7705 -35.6 15.4951
    endloop
  endfacet
  facet normal 0 1 -0
    outer loop
      vertex 18.8223 -35.6 17.0163
      vertex 18.7693 -35.6 17.0417
      vertex 20.7184 -35.6 19.6096
    endloop
  endfacet
  facet normal 0 1 0
    outer loop
      vertex 17.7064 -35.6 12.8274
      vertex 18.7705 -35.6 15.4951
      vertex 18.8476 -35.6 15.4624
    endloop
  endfacet
  facet normal 0 1 0
    outer loop
      vertex 18.8758 -35.6 16.9914
      vertex 20.7184 -35.6 19.6096
      vertex 20.7363 -35.6 19.591
    endloop
  endfacet
  facet normal 0 1 -0
    outer loop
      vertex 18.9297 -35.6 16.9672
      vertex 18.8758 -35.6 16.9914
      vertex 20.7363 -35.6 19.591
    endloop
  endfacet
  facet normal -0 1 0
    outer loop
      vertex 17.7064 -35.6 12.8274
      vertex 18.8476 -35.6 15.4624
      vertex 17.7993 -35.6 12.7909
    endloop
  endfacet
  facet normal -0 1 0
    outer loop
      vertex 18.984 -35.6 16.9435
      vertex 20.7363 -35.6 19.591
      vertex 19.0387 -35.6 16.9203
    endloop
  endfacet
  facet normal 0 1 0
    outer loop
      vertex 18.8476 -35.6 15.4624
      vertex 18.9254 -35.6 15.4305
      vertex 17.7993 -35.6 12.7909
    endloop
  endfacet
  facet normal -0 1 0
    outer loop
      vertex 19.0387 -35.6 16.9203
      vertex 20.7555 -35.6 19.5729
      vertex 19.0939 -35.6 16.8977
    endloop
  endfacet
  facet normal 0 1 0
    outer loop
      vertex 18.9254 -35.6 15.4305
      vertex 17.9904 -35.6 12.7202
      vertex 17.8939 -35.6 12.7552
    endloop
  endfacet
  facet normal -0 1 0
    outer loop
      vertex 19.0939 -35.6 16.8977
      vertex 20.7555 -35.6 19.5729
      vertex 19.1496 -35.6 16.8757
    endloop
  endfacet
  facet normal -0 1 0
    outer loop
      vertex 19.1496 -35.6 16.8757
      vertex 20.776 -35.6 19.5552
      vertex 19.2057 -35.6 16.8543
    endloop
  endfacet
  facet normal -0 1 0
    outer loop
      vertex 18.0887 -35.6 12.686
      vertex 19.0831 -35.6 15.3688
      vertex 18.1889 -35.6 12.6525
    endloop
  endfacet
  facet normal 0 1 0
    outer loop
      vertex 20.776 -35.6 19.5552
      vertex 20.7979 -35.6 19.5381
      vertex 19.2622 -35.6 16.8334
    endloop
  endfacet
  facet normal 0 1 -0
    outer loop
      vertex 18.3947 -35.6 12.5879
      vertex 18.2908 -35.6 12.6198
      vertex 19.2438 -35.6 15.31
    endloop
  endfacet
  facet normal -0 1 0
    outer loop
      vertex 19.2622 -35.6 16.8334
      vertex 20.7979 -35.6 19.5381
      vertex 19.3192 -35.6 16.8131
    endloop
  endfacet
  facet normal 0 1 0
    outer loop
      vertex 20.7979 -35.6 19.5381
      vertex 20.8211 -35.6 19.5214
      vertex 19.3766 -35.6 16.7934
    endloop
  endfacet
  facet normal 0 1 0
    outer loop
      vertex 19.4074 -35.6 15.2542
      vertex 18.5003 -35.6 12.5567
      vertex 19.3252 -35.6 15.2817
    endloop
  endfacet
  facet normal 0 1 0
    outer loop
      vertex 20.8211 -35.6 19.5214
      vertex 19.4918 -35.6 16.7552
      vertex 19.4342 -35.6 16.7741
    endloop
  endfacet
  facet normal 0 1 0
    outer loop
      vertex 19.4902 -35.6 15.2273
      vertex 19.5738 -35.6 15.2012
      vertex 18.7171 -35.6 12.4966
    endloop
  endfacet
  facet normal 0 1 0
    outer loop
      vertex 20.8211 -35.6 19.5214
      vertex 20.8456 -35.6 19.5051
      vertex 19.4918 -35.6 16.7552
    endloop
  endfacet
  facet normal -0 1 0
    outer loop
      vertex 18.8282 -35.6 12.4677
      vertex 19.6581 -35.6 15.1758
      vertex 18.9412 -35.6 12.4395
    endloop
  endfacet
  facet normal 0 1 0
    outer loop
      vertex 20.8456 -35.6 19.5051
      vertex 19.6069 -35.6 16.7184
      vertex 19.5493 -35.6 16.7366
    endloop
  endfacet
  facet normal 0 1 0
    outer loop
      vertex 20.8715 -35.6 19.4893
      vertex 19.6644 -35.6 16.7005
      vertex 19.6069 -35.6 16.7184
    endloop
  endfacet
  facet normal 0 1 0
    outer loop
      vertex 19.0553 -35.6 12.4124
      vertex 19.7432 -35.6 15.1511
      vertex 19.8285 -35.6 15.1274
    endloop
  endfacet
  facet normal 0 1 0
    outer loop
      vertex 20.8715 -35.6 19.4893
      vertex 20.8986 -35.6 19.4741
      vertex 19.6644 -35.6 16.7005
    endloop
  endfacet
  facet normal 0 1 0
    outer loop
      vertex 19.9985 -35.6 15.0832
      vertex 19.2845 -35.6 12.3619
      vertex 19.9136 -35.6 15.1047
    endloop
  endfacet
  facet normal -0 1 0
    outer loop
      vertex 19.6644 -35.6 16.7005
      vertex 20.8986 -35.6 19.4741
      vertex 19.7218 -35.6 16.683
    endloop
  endfacet
  facet normal 0 1 0
    outer loop
      vertex 20.8986 -35.6 19.4741
      vertex 20.9271 -35.6 19.4592
      vertex 19.7793 -35.6 16.6658
    endloop
  endfacet
  facet normal 0 1 0
    outer loop
      vertex 20.0831 -35.6 15.0627
      vertex 19.5153 -35.6 12.3164
      vertex 19.3997 -35.6 12.3385
    endloop
  endfacet
  facet normal -0 1 0
    outer loop
      vertex 19.7793 -35.6 16.6658
      vertex 20.9271 -35.6 19.4592
      vertex 19.8367 -35.6 16.649
    endloop
  endfacet
  facet normal -0 1 0
    outer loop
      vertex 19.8367 -35.6 16.649
      vertex 20.9567 -35.6 19.4448
      vertex 19.894 -35.6 16.6325
    endloop
  endfacet
  facet normal 0 1 0
    outer loop
      vertex 20.1675 -35.6 15.0434
      vertex 20.2517 -35.6 15.0252
      vertex 19.6313 -35.6 12.2956
    endloop
  endfacet
  facet normal 0 1 0
    outer loop
      vertex 20.9567 -35.6 19.4448
      vertex 19.9514 -35.6 16.6163
      vertex 19.894 -35.6 16.6325
    endloop
  endfacet
  facet normal 0 1 0
    outer loop
      vertex 20.9567 -35.6 19.4448
      vertex 20.9872 -35.6 19.4305
      vertex 19.9514 -35.6 16.6163
    endloop
  endfacet
  facet normal 0 1 0
    outer loop
      vertex 21.0185 -35.6 19.4165
      vertex 20.0659 -35.6 16.5851
      vertex 20.0087 -35.6 16.6005
    endloop
  endfacet
  facet normal 0 1 0
    outer loop
      vertex 22.7663 -35.6 15.1059
      vertex 24.2022 -35.6 12.5863
      vertex 24.0987 -35.6 12.5443
    endloop
  endfacet
  facet normal 0 1 -0
    outer loop
      vertex 20.1232 -35.6 16.57
      vertex 20.0659 -35.6 16.5851
      vertex 21.0506 -35.6 19.4027
    endloop
  endfacet
  facet normal 0 1 0
    outer loop
      vertex 20.1232 -35.6 16.57
      vertex 21.0506 -35.6 19.4027
      vertex 21.0836 -35.6 19.3891
    endloop
  endfacet
  facet normal 0 1 -0
    outer loop
      vertex 20.1804 -35.6 16.5552
      vertex 20.1232 -35.6 16.57
      vertex 21.0836 -35.6 19.3891
    endloop
  endfacet
  facet normal 0 1 0
    outer loop
      vertex 20.2376 -35.6 16.5408
      vertex 21.1175 -35.6 19.3757
      vertex 21.1522 -35.6 19.3626
    endloop
  endfacet
  facet normal 0 1 0
    outer loop
      vertex 22.8087 -35.6 15.1394
      vertex 24.4989 -35.6 12.7234
      vertex 24.4022 -35.6 12.6763
    endloop
  endfacet
  facet normal -0 1 0
    outer loop
      vertex 20.2376 -35.6 16.5408
      vertex 21.1522 -35.6 19.3626
      vertex 20.2947 -35.6 16.5268
    endloop
  endfacet
  facet normal 0 1 0
    outer loop
      vertex 21.1877 -35.6 19.3496
      vertex 20.3519 -35.6 16.513
      vertex 20.2947 -35.6 16.5268
    endloop
  endfacet
  facet normal 0 1 0
    outer loop
      vertex 21.1877 -35.6 19.3496
      vertex 20.4089 -35.6 16.4997
      vertex 20.3519 -35.6 16.513
    endloop
  endfacet
  facet normal 0 1 0
    outer loop
      vertex 22.8565 -35.6 15.1875
      vertex 24.7753 -35.6 12.8727
      vertex 22.8454 -35.6 15.1752
    endloop
  endfacet
  facet normal -0 1 0
    outer loop
      vertex 20.466 -35.6 16.4866
      vertex 21.2614 -35.6 19.3245
      vertex 20.523 -35.6 16.474
    endloop
  endfacet
  facet normal 0 1 0
    outer loop
      vertex 21.2995 -35.6 19.3122
      vertex 20.58 -35.6 16.4616
      vertex 20.523 -35.6 16.474
    endloop
  endfacet
  facet normal 0 1 0
    outer loop
      vertex 21.3783 -35.6 19.2883
      vertex 20.6369 -35.6 16.4497
      vertex 21.3385 -35.6 19.3001
    endloop
  endfacet
  facet normal 0 1 0
    outer loop
      vertex 22.8769 -35.6 15.2129
      vertex 25.0316 -35.6 13.034
      vertex 24.9484 -35.6 12.9789
    endloop
  endfacet
  facet normal 0 1 0
    outer loop
      vertex 21.4605 -35.6 19.2653
      vertex 21.5029 -35.6 19.2542
      vertex 20.8614 -35.6 16.403
    endloop
  endfacet
  facet normal 0 1 0
    outer loop
      vertex 21.4163 -35.6 12.1347
      vertex 21.2946 -35.6 12.1365
      vertex 21.4073 -35.6 14.886
    endloop
  endfacet
  facet normal 0 1 0
    outer loop
      vertex 21.5461 -35.6 19.2432
      vertex 20.9712 -35.6 16.38
      vertex 20.8614 -35.6 16.403
    endloop
  endfacet
  facet normal -0 1 0
    outer loop
      vertex 22.8951 -35.6 15.2392
      vertex 22.9034 -35.6 15.2526
      vertex 25.1912 -35.6 13.1481
    endloop
  endfacet
  facet normal 0 1 0
    outer loop
      vertex 21.1328 -35.6 16.346
      vertex 21.6809 -35.6 19.2117
      vertex 21.7275 -35.6 19.2017
    endloop
  endfacet
  facet normal 0 1 0
    outer loop
      vertex 21.1328 -35.6 16.346
      vertex 21.775 -35.6 19.1918
      vertex 21.8232 -35.6 19.1821
    endloop
  endfacet
  facet normal -0 1 0
    outer loop
      vertex 22.911 -35.6 15.2663
      vertex 22.9181 -35.6 15.2803
      vertex 25.4139 -35.6 13.3293
    endloop
  endfacet
  facet normal 0 1 0
    outer loop
      vertex 22.0201 -35.6 19.1424
      vertex 21.4449 -35.6 16.2797
      vertex 21.9207 -35.6 19.1624
    endloop
  endfacet
  facet normal 0 1 0
    outer loop
      vertex 21.6885 -35.6 12.135
      vertex 21.6156 -35.6 14.884
      vertex 21.6615 -35.6 14.8844
    endloop
  endfacet
  facet normal -0 1 0
    outer loop
      vertex 22.9247 -35.6 15.2944
      vertex 22.9306 -35.6 15.3087
      vertex 25.6164 -35.6 13.5223
    endloop
  endfacet
  facet normal 0 1 -0
    outer loop
      vertex 21.7422 -35.6 16.2157
      vertex 21.6447 -35.6 16.2368
      vertex 22.2763 -35.6 19.0915
    endloop
  endfacet
  facet normal 0 1 0
    outer loop
      vertex 21.6885 -35.6 12.135
      vertex 21.7064 -35.6 14.8851
      vertex 21.8364 -35.6 12.1381
    endloop
  endfacet
  facet normal 0 1 0
    outer loop
      vertex 25.7401 -35.6 13.6577
      vertex 22.9306 -35.6 15.3087
      vertex 22.936 -35.6 15.3233
    endloop
  endfacet
  facet normal -0 1 0
    outer loop
      vertex 21.7422 -35.6 16.2157
      vertex 22.4353 -35.6 19.0601
      vertex 21.7903 -35.6 16.2052
    endloop
  endfacet
  facet normal 0 1 0
    outer loop
      vertex 22.936 -35.6 15.3233
      vertex 25.855 -35.6 13.7983
      vertex 25.7987 -35.6 13.7274
    endloop
  endfacet
  facet normal -0 1 0
    outer loop
      vertex 21.8844 -35.6 16.184
      vertex 22.5435 -35.6 19.0389
      vertex 21.9302 -35.6 16.173
    endloop
  endfacet
  facet normal 0 1 0
    outer loop
      vertex 21.7935 -35.6 14.8874
      vertex 21.9819 -35.6 12.1433
      vertex 21.8364 -35.6 12.1381
    endloop
  endfacet
  facet normal 0 1 0
    outer loop
      vertex 22.7091 -35.6 19.0066
      vertex 21.9752 -35.6 16.1618
      vertex 22.5435 -35.6 19.0389
    endloop
  endfacet
  facet normal 0 1 0
    outer loop
      vertex 22.7091 -35.6 19.0066
      vertex 22.0625 -35.6 16.1388
      vertex 22.0192 -35.6 16.1504
    endloop
  endfacet
  facet normal 0 1 0
    outer loop
      vertex 21.877 -35.6 14.8908
      vertex 21.9819 -35.6 12.1433
      vertex 21.8357 -35.6 14.8889
    endloop
  endfacet
  facet normal 0 1 0
    outer loop
      vertex 22.1048 -35.6 16.1269
      vertex 22.7091 -35.6 19.0066
      vertex 22.8217 -35.6 18.9848
    endloop
  endfacet
  facet normal -0 1 0
    outer loop
      vertex 22.9488 -35.6 15.3683
      vertex 22.952 -35.6 15.3838
      vertex 26.1026 -35.6 14.1702
    endloop
  endfacet
  facet normal 0 1 0
    outer loop
      vertex 26.1855 -35.6 14.3241
      vertex 22.952 -35.6 15.3838
      vertex 22.9545 -35.6 15.3995
    endloop
  endfacet
  facet normal 0 1 0
    outer loop
      vertex 22.9361 -35.6 18.9627
      vertex 22.9937 -35.6 18.9514
      vertex 22.2269 -35.6 16.0901
    endloop
  endfacet
  facet normal 0 1 0
    outer loop
      vertex 22.9545 -35.6 15.3995
      vertex 26.2593 -35.6 14.4806
      vertex 26.2236 -35.6 14.402
    endloop
  endfacet
  facet normal 0 1 0
    outer loop
      vertex 22.9579 -35.6 15.4315
      vertex 26.3526 -35.6 14.7205
      vertex 22.9565 -35.6 15.4154
    endloop
  endfacet
  facet normal 0 1 0
    outer loop
      vertex 23.2239 -35.6 18.9024
      vertex 22.3776 -35.6 16.0378
      vertex 22.3412 -35.6 16.0512
    endloop
  endfacet
  facet normal 0 1 0
    outer loop
      vertex 22.9584 -35.6 15.4905
      vertex 26.5082 -35.6 15.4757
      vertex 26.5001 -35.6 15.3891
    endloop
  endfacet
  facet normal 0 1 0
    outer loop
      vertex 23.2813 -35.6 18.8892
      vertex 22.4132 -35.6 16.0242
      vertex 22.3776 -35.6 16.0378
    endloop
  endfacet
  facet normal 0 1 0
    outer loop
      vertex 23.3962 -35.6 18.8617
      vertex 22.4479 -35.6 16.0103
      vertex 23.3388 -35.6 18.8757
    endloop
  endfacet
  facet normal 0 1 0
    outer loop
      vertex 26.4861 -35.6 16.2462
      vertex 22.9425 -35.6 15.59
      vertex 26.4761 -35.6 16.3141
    endloop
  endfacet
  facet normal 0 1 0
    outer loop
      vertex 22.9053 -35.6 15.6814
      vertex 25.5787 -35.6 17.8906
      vertex 25.622 -35.6 17.8538
    endloop
  endfacet
  facet normal -0 1 0
    outer loop
      vertex 22.2393 -35.6 14.9249
      vertex 22.2705 -35.6 14.9298
      vertex 22.6746 -35.6 12.1997
    endloop
  endfacet
  facet normal 0 1 0
    outer loop
      vertex 25.6643 -35.6 17.8161
      vertex 22.9053 -35.6 15.6814
      vertex 25.622 -35.6 17.8538
    endloop
  endfacet
  facet normal 0 1 0
    outer loop
      vertex 22.3302 -35.6 14.9406
      vertex 22.8061 -35.6 12.2171
      vertex 22.3008 -35.6 14.9351
    endloop
  endfacet
  facet normal 0 1 0
    outer loop
      vertex 25.6643 -35.6 17.8161
      vertex 25.7059 -35.6 17.7776
      vertex 22.9053 -35.6 15.6814
    endloop
  endfacet
  facet normal 0 1 0
    outer loop
      vertex 22.9353 -35.6 12.2366
      vertex 22.3862 -35.6 14.9526
      vertex 22.4129 -35.6 14.9589
    endloop
  endfacet
  facet normal 0 1 0
    outer loop
      vertex 25.7863 -35.6 17.6977
      vertex 22.9166 -35.6 15.6593
      vertex 25.7465 -35.6 17.7381
    endloop
  endfacet
  facet normal 0 1 0
    outer loop
      vertex 25.7863 -35.6 17.6977
      vertex 25.8253 -35.6 17.6565
      vertex 22.9166 -35.6 15.6593
    endloop
  endfacet
  facet normal 0 1 0
    outer loop
      vertex 22.9166 -35.6 15.6593
      vertex 25.8253 -35.6 17.6565
      vertex 25.8634 -35.6 17.6144
    endloop
  endfacet
  facet normal 0 1 0
    outer loop
      vertex 25.9007 -35.6 17.5715
      vertex 22.9166 -35.6 15.6593
      vertex 25.8634 -35.6 17.6144
    endloop
  endfacet
  facet normal 0 1 0
    outer loop
      vertex 25.9007 -35.6 17.5715
      vertex 25.9371 -35.6 17.5276
      vertex 22.9166 -35.6 15.6593
    endloop
  endfacet
  facet normal 0 1 0
    outer loop
      vertex 22.9166 -35.6 15.6593
      vertex 25.9371 -35.6 17.5276
      vertex 25.9727 -35.6 17.4828
    endloop
  endfacet
  facet normal 0 1 0
    outer loop
      vertex 26.0074 -35.6 17.4372
      vertex 22.9166 -35.6 15.6593
      vertex 25.9727 -35.6 17.4828
    endloop
  endfacet
  facet normal 0 1 0
    outer loop
      vertex 26.0074 -35.6 17.4372
      vertex 22.9266 -35.6 15.6367
      vertex 22.9166 -35.6 15.6593
    endloop
  endfacet
  facet normal 0 1 0
    outer loop
      vertex 22.9266 -35.6 15.6367
      vertex 26.0412 -35.6 17.3906
      vertex 26.0742 -35.6 17.3432
    endloop
  endfacet
  facet normal 0 1 0
    outer loop
      vertex 26.0074 -35.6 17.4372
      vertex 26.0412 -35.6 17.3906
      vertex 22.9266 -35.6 15.6367
    endloop
  endfacet
  facet normal 0 1 0
    outer loop
      vertex 26.1064 -35.6 17.2949
      vertex 22.9266 -35.6 15.6367
      vertex 26.0742 -35.6 17.3432
    endloop
  endfacet
  facet normal 0 1 0
    outer loop
      vertex 26.1064 -35.6 17.2949
      vertex 26.1376 -35.6 17.2458
      vertex 22.9266 -35.6 15.6367
    endloop
  endfacet
  facet normal 0 1 0
    outer loop
      vertex 26.1977 -35.6 17.1447
      vertex 22.9352 -35.6 15.6136
      vertex 22.9266 -35.6 15.6367
    endloop
  endfacet
  facet normal 0 1 0
    outer loop
      vertex 26.1977 -35.6 17.1447
      vertex 26.2262 -35.6 17.0928
      vertex 22.9352 -35.6 15.6136
    endloop
  endfacet
  facet normal 0 1 0
    outer loop
      vertex 22.9352 -35.6 15.6136
      vertex 26.2262 -35.6 17.0928
      vertex 26.2534 -35.6 17.0397
    endloop
  endfacet
  facet normal 0 1 0
    outer loop
      vertex 26.2792 -35.6 16.9855
      vertex 26.3037 -35.6 16.9301
      vertex 22.9352 -35.6 15.6136
    endloop
  endfacet
  facet normal 0 1 0
    outer loop
      vertex 26.2792 -35.6 16.9855
      vertex 22.9352 -35.6 15.6136
      vertex 26.2534 -35.6 17.0397
    endloop
  endfacet
  facet normal 0 1 0
    outer loop
      vertex 22.9352 -35.6 15.6136
      vertex 26.3037 -35.6 16.9301
      vertex 26.3269 -35.6 16.8736
    endloop
  endfacet
  facet normal 0 1 0
    outer loop
      vertex 26.3488 -35.6 16.816
      vertex 22.9352 -35.6 15.6136
      vertex 26.3269 -35.6 16.8736
    endloop
  endfacet
  facet normal 0 1 0
    outer loop
      vertex 26.4065 -35.6 16.6363
      vertex 22.9352 -35.6 15.6136
      vertex 26.3886 -35.6 16.6973
    endloop
  endfacet
  facet normal 0 1 0
    outer loop
      vertex 26.4065 -35.6 16.6363
      vertex 26.4231 -35.6 16.5741
      vertex 22.9352 -35.6 15.6136
    endloop
  endfacet
  facet normal 0 1 0
    outer loop
      vertex 22.9425 -35.6 15.59
      vertex 26.4231 -35.6 16.5741
      vertex 26.4383 -35.6 16.5108
    endloop
  endfacet
  facet normal -0 1 0
    outer loop
      vertex 22.9352 -35.6 15.6136
      vertex 26.4231 -35.6 16.5741
      vertex 22.9425 -35.6 15.59
    endloop
  endfacet
  facet normal 0 1 0
    outer loop
      vertex 26.4522 -35.6 16.4464
      vertex 22.9425 -35.6 15.59
      vertex 26.4383 -35.6 16.5108
    endloop
  endfacet
  facet normal 0 1 0
    outer loop
      vertex 26.4522 -35.6 16.4464
      vertex 26.4648 -35.6 16.3808
      vertex 22.9425 -35.6 15.59
    endloop
  endfacet
  facet normal 0 1 0
    outer loop
      vertex 26.4861 -35.6 16.2462
      vertex 22.9484 -35.6 15.5659
      vertex 22.9425 -35.6 15.59
    endloop
  endfacet
  facet normal 0 1 0
    outer loop
      vertex 26.4861 -35.6 16.2462
      vertex 26.4947 -35.6 16.1772
      vertex 22.9484 -35.6 15.5659
    endloop
  endfacet
  facet normal 0 1 0
    outer loop
      vertex 26.5079 -35.6 16.0358
      vertex 22.9484 -35.6 15.5659
      vertex 26.502 -35.6 16.1071
    endloop
  endfacet
  facet normal 0 1 0
    outer loop
      vertex 22.9484 -35.6 15.5659
      vertex 26.4947 -35.6 16.1772
      vertex 26.502 -35.6 16.1071
    endloop
  endfacet
  facet normal 0 1 0
    outer loop
      vertex 26.5079 -35.6 16.0358
      vertex 22.9531 -35.6 15.5413
      vertex 22.9484 -35.6 15.5659
    endloop
  endfacet
  facet normal 0 1 0
    outer loop
      vertex 26.5179 -35.6 15.8152
      vertex 22.9531 -35.6 15.5413
      vertex 26.5159 -35.6 15.8899
    endloop
  endfacet
  facet normal 0 1 0
    outer loop
      vertex 26.5179 -35.6 15.8152
      vertex 26.5185 -35.6 15.7394
      vertex 22.9564 -35.6 15.5161
    endloop
  endfacet
  facet normal 0 1 0
    outer loop
      vertex 26.5179 -35.6 15.8152
      vertex 22.9564 -35.6 15.5161
      vertex 22.9531 -35.6 15.5413
    endloop
  endfacet
  facet normal 0 1 0
    outer loop
      vertex 22.9564 -35.6 15.5161
      vertex 26.5185 -35.6 15.7394
      vertex 26.5174 -35.6 15.6508
    endloop
  endfacet
  facet normal 0 1 0
    outer loop
      vertex 26.5139 -35.6 15.5629
      vertex 26.5082 -35.6 15.4757
      vertex 22.9584 -35.6 15.4905
    endloop
  endfacet
  facet normal 0 1 -0
    outer loop
      vertex 26.4897 -35.6 15.3032
      vertex 22.9584 -35.6 15.4905
      vertex 26.5001 -35.6 15.3891
    endloop
  endfacet
  facet normal 0 1 0
    outer loop
      vertex 22.959 -35.6 15.4644
      vertex 26.4771 -35.6 15.218
      vertex 26.4621 -35.6 15.1334
    endloop
  endfacet
  facet normal 0 1 0
    outer loop
      vertex 26.4448 -35.6 15.0495
      vertex 22.9588 -35.6 15.4478
      vertex 22.959 -35.6 15.4644
    endloop
  endfacet
  facet normal 0 1 -0
    outer loop
      vertex 26.3791 -35.6 14.8017
      vertex 22.9579 -35.6 15.4315
      vertex 26.4033 -35.6 14.8836
    endloop
  endfacet
  facet normal -0 1 0
    outer loop
      vertex 22.9579 -35.6 15.4315
      vertex 22.9588 -35.6 15.4478
      vertex 26.4033 -35.6 14.8836
    endloop
  endfacet
  facet normal 0 1 0
    outer loop
      vertex 22.9565 -35.6 15.4154
      vertex 26.3526 -35.6 14.7205
      vertex 26.3238 -35.6 14.6399
    endloop
  endfacet
  facet normal 0 1 0
    outer loop
      vertex 26.2927 -35.6 14.5599
      vertex 26.2593 -35.6 14.4806
      vertex 22.9565 -35.6 15.4154
    endloop
  endfacet
  facet normal 0 1 -0
    outer loop
      vertex 26.2927 -35.6 14.5599
      vertex 22.9565 -35.6 15.4154
      vertex 26.3238 -35.6 14.6399
    endloop
  endfacet
  facet normal 0 1 -0
    outer loop
      vertex 26.1855 -35.6 14.3241
      vertex 22.9545 -35.6 15.3995
      vertex 26.2236 -35.6 14.402
    endloop
  endfacet
  facet normal 0 1 0
    outer loop
      vertex 26.1855 -35.6 14.3241
      vertex 26.1452 -35.6 14.2468
      vertex 22.952 -35.6 15.3838
    endloop
  endfacet
  facet normal 0 1 0
    outer loop
      vertex 26.0576 -35.6 14.0942
      vertex 22.9451 -35.6 15.3531
      vertex 22.9488 -35.6 15.3683
    endloop
  endfacet
  facet normal 0 1 -0
    outer loop
      vertex 26.0576 -35.6 14.0942
      vertex 22.9488 -35.6 15.3683
      vertex 26.1026 -35.6 14.1702
    endloop
  endfacet
  facet normal -0 1 0
    outer loop
      vertex 22.9409 -35.6 15.3381
      vertex 22.9451 -35.6 15.3531
      vertex 25.9608 -35.6 13.9443
    endloop
  endfacet
  facet normal 0 1 0
    outer loop
      vertex 25.909 -35.6 13.8707
      vertex 25.855 -35.6 13.7983
      vertex 22.9409 -35.6 15.3381
    endloop
  endfacet
  facet normal 0 1 -0
    outer loop
      vertex 25.909 -35.6 13.8707
      vertex 22.9409 -35.6 15.3381
      vertex 25.9608 -35.6 13.9443
    endloop
  endfacet
  facet normal 0 1 -0
    outer loop
      vertex 25.7401 -35.6 13.6577
      vertex 22.936 -35.6 15.3233
      vertex 25.7987 -35.6 13.7274
    endloop
  endfacet
  facet normal 0 1 0
    outer loop
      vertex 25.7401 -35.6 13.6577
      vertex 25.6794 -35.6 13.5894
      vertex 22.9306 -35.6 15.3087
    endloop
  endfacet
  facet normal 0 1 0
    outer loop
      vertex 25.5511 -35.6 13.4567
      vertex 22.9181 -35.6 15.2803
      vertex 22.9247 -35.6 15.2944
    endloop
  endfacet
  facet normal 0 1 -0
    outer loop
      vertex 25.5511 -35.6 13.4567
      vertex 22.9247 -35.6 15.2944
      vertex 25.6164 -35.6 13.5223
    endloop
  endfacet
  facet normal 0 1 0
    outer loop
      vertex 25.5511 -35.6 13.4567
      vertex 25.4836 -35.6 13.3923
      vertex 22.9181 -35.6 15.2803
    endloop
  endfacet
  facet normal 0 1 0
    outer loop
      vertex 25.3419 -35.6 13.2676
      vertex 22.9034 -35.6 15.2526
      vertex 22.911 -35.6 15.2663
    endloop
  endfacet
  facet normal 0 1 -0
    outer loop
      vertex 25.3419 -35.6 13.2676
      vertex 22.911 -35.6 15.2663
      vertex 25.4139 -35.6 13.3293
    endloop
  endfacet
  facet normal 0 1 0
    outer loop
      vertex 25.3419 -35.6 13.2676
      vertex 25.2677 -35.6 13.2072
      vertex 22.9034 -35.6 15.2526
    endloop
  endfacet
  facet normal 0 1 0
    outer loop
      vertex 25.1125 -35.6 13.0904
      vertex 22.8863 -35.6 15.2259
      vertex 22.8951 -35.6 15.2392
    endloop
  endfacet
  facet normal 0 1 -0
    outer loop
      vertex 25.1125 -35.6 13.0904
      vertex 22.8951 -35.6 15.2392
      vertex 25.1912 -35.6 13.1481
    endloop
  endfacet
  facet normal 0 1 0
    outer loop
      vertex 25.1125 -35.6 13.0904
      vertex 25.0316 -35.6 13.034
      vertex 22.8863 -35.6 15.2259
    endloop
  endfacet
  facet normal 0 1 -0
    outer loop
      vertex 24.863 -35.6 12.9251
      vertex 22.867 -35.6 15.2001
      vertex 24.9484 -35.6 12.9789
    endloop
  endfacet
  facet normal -0 1 0
    outer loop
      vertex 22.867 -35.6 15.2001
      vertex 22.8769 -35.6 15.2129
      vertex 24.9484 -35.6 12.9789
    endloop
  endfacet
  facet normal 0 1 0
    outer loop
      vertex 24.863 -35.6 12.9251
      vertex 22.8565 -35.6 15.1875
      vertex 22.867 -35.6 15.2001
    endloop
  endfacet
  facet normal 0 1 0
    outer loop
      vertex 22.8454 -35.6 15.1752
      vertex 24.7753 -35.6 12.8727
      vertex 24.6854 -35.6 12.8216
    endloop
  endfacet
  facet normal -0 1 0
    outer loop
      vertex 22.8338 -35.6 15.163
      vertex 22.8454 -35.6 15.1752
      vertex 24.6854 -35.6 12.8216
    endloop
  endfacet
  facet normal 0 1 0
    outer loop
      vertex 24.5932 -35.6 12.7718
      vertex 22.8215 -35.6 15.1511
      vertex 22.8338 -35.6 15.163
    endloop
  endfacet
  facet normal 0 1 -0
    outer loop
      vertex 24.5932 -35.6 12.7718
      vertex 22.8338 -35.6 15.163
      vertex 24.6854 -35.6 12.8216
    endloop
  endfacet
  facet normal 0 1 0
    outer loop
      vertex 24.5932 -35.6 12.7718
      vertex 24.4989 -35.6 12.7234
      vertex 22.8215 -35.6 15.1511
    endloop
  endfacet
  facet normal -0 1 0
    outer loop
      vertex 22.7952 -35.6 15.128
      vertex 22.8087 -35.6 15.1394
      vertex 24.4022 -35.6 12.6763
    endloop
  endfacet
  facet normal 0 1 0
    outer loop
      vertex 24.3034 -35.6 12.6305
      vertex 22.7811 -35.6 15.1168
      vertex 22.7952 -35.6 15.128
    endloop
  endfacet
  facet normal 0 1 -0
    outer loop
      vertex 24.3034 -35.6 12.6305
      vertex 22.7952 -35.6 15.128
      vertex 24.4022 -35.6 12.6763
    endloop
  endfacet
  facet normal 0 1 0
    outer loop
      vertex 24.3034 -35.6 12.6305
      vertex 24.2022 -35.6 12.5863
      vertex 22.7811 -35.6 15.1168
    endloop
  endfacet
  facet normal -0 1 0
    outer loop
      vertex 22.7508 -35.6 15.0953
      vertex 22.7663 -35.6 15.1059
      vertex 24.0987 -35.6 12.5443
    endloop
  endfacet
  facet normal 0 1 0
    outer loop
      vertex 23.9929 -35.6 12.5043
      vertex 22.7346 -35.6 15.0848
      vertex 22.7508 -35.6 15.0953
    endloop
  endfacet
  facet normal 0 1 -0
    outer loop
      vertex 23.9929 -35.6 12.5043
      vertex 22.7508 -35.6 15.0953
      vertex 24.0987 -35.6 12.5443
    endloop
  endfacet
  facet normal 0 1 0
    outer loop
      vertex 23.9929 -35.6 12.5043
      vertex 22.7178 -35.6 15.0747
      vertex 22.7346 -35.6 15.0848
    endloop
  endfacet
  facet normal -0 1 0
    outer loop
      vertex 22.7003 -35.6 15.0648
      vertex 22.7178 -35.6 15.0747
      vertex 23.8847 -35.6 12.4663
    endloop
  endfacet
  facet normal 0 1 -0
    outer loop
      vertex 23.7742 -35.6 12.4304
      vertex 22.7003 -35.6 15.0648
      vertex 23.8847 -35.6 12.4663
    endloop
  endfacet
  facet normal 0 1 0
    outer loop
      vertex 23.7742 -35.6 12.4304
      vertex 22.6822 -35.6 15.0551
      vertex 22.7003 -35.6 15.0648
    endloop
  endfacet
  facet normal 0 1 0
    outer loop
      vertex 23.7742 -35.6 12.4304
      vertex 22.6634 -35.6 15.0457
      vertex 22.6822 -35.6 15.0551
    endloop
  endfacet
  facet normal 0 1 0
    outer loop
      vertex 23.7742 -35.6 12.4304
      vertex 23.6614 -35.6 12.3966
      vertex 22.6634 -35.6 15.0457
    endloop
  endfacet
  facet normal 0 1 0
    outer loop
      vertex 22.6634 -35.6 15.0457
      vertex 23.6614 -35.6 12.3966
      vertex 22.644 -35.6 15.0366
    endloop
  endfacet
  facet normal 0 1 0
    outer loop
      vertex 22.644 -35.6 15.0366
      vertex 23.6614 -35.6 12.3966
      vertex 23.5462 -35.6 12.3648
    endloop
  endfacet
  facet normal -0 1 0
    outer loop
      vertex 22.6238 -35.6 15.0277
      vertex 22.644 -35.6 15.0366
      vertex 23.5462 -35.6 12.3648
    endloop
  endfacet
  facet normal -0 1 0
    outer loop
      vertex 22.603 -35.6 15.019
      vertex 22.6238 -35.6 15.0277
      vertex 23.5462 -35.6 12.3648
    endloop
  endfacet
  facet normal 0 1 -0
    outer loop
      vertex 23.4287 -35.6 12.3351
      vertex 22.603 -35.6 15.019
      vertex 23.5462 -35.6 12.3648
    endloop
  endfacet
  facet normal 0 1 0
    outer loop
      vertex 23.4287 -35.6 12.3351
      vertex 22.5816 -35.6 15.0106
      vertex 22.603 -35.6 15.019
    endloop
  endfacet
  facet normal 0 1 0
    outer loop
      vertex 23.4287 -35.6 12.3351
      vertex 22.5595 -35.6 15.0025
      vertex 22.5816 -35.6 15.0106
    endloop
  endfacet
  facet normal 0 1 0
    outer loop
      vertex 23.4287 -35.6 12.3351
      vertex 23.3088 -35.6 12.3074
      vertex 22.5595 -35.6 15.0025
    endloop
  endfacet
  facet normal 0 1 0
    outer loop
      vertex 22.5595 -35.6 15.0025
      vertex 23.3088 -35.6 12.3074
      vertex 22.5367 -35.6 14.9946
    endloop
  endfacet
  facet normal 0 1 0
    outer loop
      vertex 22.5367 -35.6 14.9946
      vertex 23.3088 -35.6 12.3074
      vertex 23.1867 -35.6 12.2817
    endloop
  endfacet
  facet normal -0 1 0
    outer loop
      vertex 22.5133 -35.6 14.987
      vertex 22.5367 -35.6 14.9946
      vertex 23.1867 -35.6 12.2817
    endloop
  endfacet
  facet normal -0 1 0
    outer loop
      vertex 22.4892 -35.6 14.9796
      vertex 22.5133 -35.6 14.987
      vertex 23.1867 -35.6 12.2817
    endloop
  endfacet
  facet normal 0 1 -0
    outer loop
      vertex 23.0621 -35.6 12.2581
      vertex 22.4892 -35.6 14.9796
      vertex 23.1867 -35.6 12.2817
    endloop
  endfacet
  facet normal 0 1 0
    outer loop
      vertex 23.0621 -35.6 12.2581
      vertex 22.4644 -35.6 14.9724
      vertex 22.4892 -35.6 14.9796
    endloop
  endfacet
  facet normal 0 1 0
    outer loop
      vertex 23.0621 -35.6 12.2581
      vertex 22.439 -35.6 14.9656
      vertex 22.4644 -35.6 14.9724
    endloop
  endfacet
  facet normal 0 1 0
    outer loop
      vertex 23.0621 -35.6 12.2581
      vertex 22.4129 -35.6 14.9589
      vertex 22.439 -35.6 14.9656
    endloop
  endfacet
  facet normal 0 1 0
    outer loop
      vertex 23.0621 -35.6 12.2581
      vertex 22.9353 -35.6 12.2366
      vertex 22.4129 -35.6 14.9589
    endloop
  endfacet
  facet normal 0 1 0
    outer loop
      vertex 22.9353 -35.6 12.2366
      vertex 22.3586 -35.6 14.9465
      vertex 22.3862 -35.6 14.9526
    endloop
  endfacet
  facet normal 0 1 0
    outer loop
      vertex 22.9353 -35.6 12.2366
      vertex 22.8061 -35.6 12.2171
      vertex 22.3586 -35.6 14.9465
    endloop
  endfacet
  facet normal 0 1 0
    outer loop
      vertex 22.3586 -35.6 14.9465
      vertex 22.8061 -35.6 12.2171
      vertex 22.3302 -35.6 14.9406
    endloop
  endfacet
  facet normal 0 1 0
    outer loop
      vertex 22.3008 -35.6 14.9351
      vertex 22.8061 -35.6 12.2171
      vertex 22.6746 -35.6 12.1997
    endloop
  endfacet
  facet normal -0 1 0
    outer loop
      vertex 22.2705 -35.6 14.9298
      vertex 22.3008 -35.6 14.9351
      vertex 22.6746 -35.6 12.1997
    endloop
  endfacet
  facet normal 0 1 -0
    outer loop
      vertex 22.5407 -35.6 12.1843
      vertex 22.2393 -35.6 14.9249
      vertex 22.6746 -35.6 12.1997
    endloop
  endfacet
  facet normal 0 1 0
    outer loop
      vertex 22.5407 -35.6 12.1843
      vertex 22.2072 -35.6 14.9202
      vertex 22.2393 -35.6 14.9249
    endloop
  endfacet
  facet normal 0 1 0
    outer loop
      vertex 22.2072 -35.6 14.9202
      vertex 22.5407 -35.6 12.1843
      vertex 22.1742 -35.6 14.9158
    endloop
  endfacet
  facet normal 0 1 0
    outer loop
      vertex 22.1742 -35.6 14.9158
      vertex 22.5407 -35.6 12.1843
      vertex 22.4045 -35.6 12.171
    endloop
  endfacet
  facet normal 0 1 0
    outer loop
      vertex 22.4045 -35.6 12.171
      vertex 22.1402 -35.6 14.9116
      vertex 22.1742 -35.6 14.9158
    endloop
  endfacet
  facet normal 0 1 0
    outer loop
      vertex 22.4045 -35.6 12.171
      vertex 22.1054 -35.6 14.9078
      vertex 22.1402 -35.6 14.9116
    endloop
  endfacet
  facet normal 0 1 0
    outer loop
      vertex 22.4045 -35.6 12.171
      vertex 22.0696 -35.6 14.9043
      vertex 22.1054 -35.6 14.9078
    endloop
  endfacet
  facet normal 0 1 0
    outer loop
      vertex 22.4045 -35.6 12.171
      vertex 22.266 -35.6 12.1597
      vertex 22.0696 -35.6 14.9043
    endloop
  endfacet
  facet normal 0 1 0
    outer loop
      vertex 22.0696 -35.6 14.9043
      vertex 22.266 -35.6 12.1597
      vertex 22.0329 -35.6 14.901
    endloop
  endfacet
  facet normal 0 1 0
    outer loop
      vertex 22.266 -35.6 12.1597
      vertex 21.9953 -35.6 14.898
      vertex 22.0329 -35.6 14.901
    endloop
  endfacet
  facet normal 0 1 0
    outer loop
      vertex 22.266 -35.6 12.1597
      vertex 22.1251 -35.6 12.1504
      vertex 21.9953 -35.6 14.898
    endloop
  endfacet
  facet normal -0 1 0
    outer loop
      vertex 21.9568 -35.6 14.8953
      vertex 21.9953 -35.6 14.898
      vertex 22.1251 -35.6 12.1504
    endloop
  endfacet
  facet normal -0 1 0
    outer loop
      vertex 21.9173 -35.6 14.8929
      vertex 21.9568 -35.6 14.8953
      vertex 22.1251 -35.6 12.1504
    endloop
  endfacet
  facet normal 0 1 0
    outer loop
      vertex 21.9173 -35.6 14.8929
      vertex 22.1251 -35.6 12.1504
      vertex 21.9819 -35.6 12.1433
    endloop
  endfacet
  facet normal 0 1 0
    outer loop
      vertex 21.9819 -35.6 12.1433
      vertex 21.877 -35.6 14.8908
      vertex 21.9173 -35.6 14.8929
    endloop
  endfacet
  facet normal 0 1 0
    outer loop
      vertex 21.9819 -35.6 12.1433
      vertex 21.7935 -35.6 14.8874
      vertex 21.8357 -35.6 14.8889
    endloop
  endfacet
  facet normal 0 1 0
    outer loop
      vertex 21.8364 -35.6 12.1381
      vertex 21.7504 -35.6 14.8861
      vertex 21.7935 -35.6 14.8874
    endloop
  endfacet
  facet normal 0 1 0
    outer loop
      vertex 21.7504 -35.6 14.8861
      vertex 21.8364 -35.6 12.1381
      vertex 21.7064 -35.6 14.8851
    endloop
  endfacet
  facet normal 0 1 0
    outer loop
      vertex 21.7064 -35.6 14.8851
      vertex 21.6885 -35.6 12.135
      vertex 21.6615 -35.6 14.8844
    endloop
  endfacet
  facet normal 0 1 0
    outer loop
      vertex 21.6156 -35.6 14.884
      vertex 21.6885 -35.6 12.135
      vertex 21.5383 -35.6 12.134
    endloop
  endfacet
  facet normal 0 1 0
    outer loop
      vertex 21.5383 -35.6 12.134
      vertex 21.5689 -35.6 14.8838
      vertex 21.6156 -35.6 14.884
    endloop
  endfacet
  facet normal 0 1 0
    outer loop
      vertex 21.4882 -35.6 14.8844
      vertex 21.5689 -35.6 14.8838
      vertex 21.5383 -35.6 12.134
    endloop
  endfacet
  facet normal 0 1 0
    outer loop
      vertex 21.3262 -35.6 14.8888
      vertex 21.1733 -35.6 12.1397
      vertex 21.2449 -35.6 14.8926
    endloop
  endfacet
  facet normal 0 1 0
    outer loop
      vertex 21.1633 -35.6 14.8976
      vertex 21.2449 -35.6 14.8926
      vertex 21.0524 -35.6 12.1441
    endloop
  endfacet
  facet normal 0 1 -0
    outer loop
      vertex 20.9319 -35.6 12.1498
      vertex 20.8118 -35.6 12.1567
      vertex 21.0816 -35.6 14.9037
    endloop
  endfacet
  facet normal 0 1 0
    outer loop
      vertex 20.9996 -35.6 14.9109
      vertex 20.692 -35.6 12.165
      vertex 20.9174 -35.6 14.9192
    endloop
  endfacet
  facet normal -0 1 0
    outer loop
      vertex 20.4537 -35.6 12.1851
      vertex 20.8349 -35.6 14.9285
      vertex 20.5727 -35.6 12.1744
    endloop
  endfacet
  facet normal 0 1 0
    outer loop
      vertex 20.6694 -35.6 14.9506
      vertex 20.7523 -35.6 14.939
      vertex 20.335 -35.6 12.1971
    endloop
  endfacet
  facet normal -0 1 0
    outer loop
      vertex 20.0989 -35.6 12.2249
      vertex 20.5863 -35.6 14.9633
      vertex 20.2168 -35.6 12.2104
    endloop
  endfacet
  facet normal 0 1 0
    outer loop
      vertex 20.503 -35.6 14.9771
      vertex 19.9815 -35.6 12.2407
      vertex 20.4195 -35.6 14.992
    endloop
  endfacet
  facet normal 0 1 0
    outer loop
      vertex 20.3357 -35.6 15.0081
      vertex 19.8644 -35.6 12.2577
      vertex 19.7476 -35.6 12.276
    endloop
  endfacet
  facet normal 0 1 0
    outer loop
      vertex 18.6942 -35.6 15.5285
      vertex 17.6154 -35.6 12.8646
      vertex 17.5262 -35.6 12.9026
    endloop
  endfacet
  facet normal -0 1 0
    outer loop
      vertex 17.4389 -35.6 12.9414
      vertex 18.6942 -35.6 15.5285
      vertex 17.5262 -35.6 12.9026
    endloop
  endfacet
  facet normal 0 1 0
    outer loop
      vertex 17.4389 -35.6 12.9414
      vertex 18.6186 -35.6 15.5626
      vertex 18.6942 -35.6 15.5285
    endloop
  endfacet
  facet normal 0 1 -0
    outer loop
      vertex 17.4389 -35.6 12.9414
      vertex 17.3534 -35.6 12.9809
      vertex 18.6186 -35.6 15.5626
    endloop
  endfacet
  facet normal 0 1 0
    outer loop
      vertex 18.6186 -35.6 15.5626
      vertex 17.3534 -35.6 12.9809
      vertex 18.5437 -35.6 15.5974
    endloop
  endfacet
  facet normal 0 1 0
    outer loop
      vertex 18.5437 -35.6 15.5974
      vertex 17.3534 -35.6 12.9809
      vertex 17.2697 -35.6 13.0212
    endloop
  endfacet
  facet normal 0 1 0
    outer loop
      vertex 18.4696 -35.6 15.633
      vertex 18.5437 -35.6 15.5974
      vertex 17.2697 -35.6 13.0212
    endloop
  endfacet
  facet normal -0 1 0
    outer loop
      vertex 17.1879 -35.6 13.0622
      vertex 18.4696 -35.6 15.633
      vertex 17.2697 -35.6 13.0212
    endloop
  endfacet
  facet normal 0 1 -0
    outer loop
      vertex 17.1879 -35.6 13.0622
      vertex 17.1079 -35.6 13.104
      vertex 18.4696 -35.6 15.633
    endloop
  endfacet
  facet normal 0 1 0
    outer loop
      vertex 18.4696 -35.6 15.633
      vertex 17.1079 -35.6 13.104
      vertex 18.3961 -35.6 15.6693
    endloop
  endfacet
  facet normal 0 1 0
    outer loop
      vertex 18.3961 -35.6 15.6693
      vertex 17.1079 -35.6 13.104
      vertex 17.0297 -35.6 13.1466
    endloop
  endfacet
  facet normal 0 1 0
    outer loop
      vertex 18.3234 -35.6 15.7063
      vertex 18.3961 -35.6 15.6693
      vertex 17.0297 -35.6 13.1466
    endloop
  endfacet
  facet normal -0 1 0
    outer loop
      vertex 16.9533 -35.6 13.1899
      vertex 18.3234 -35.6 15.7063
      vertex 17.0297 -35.6 13.1466
    endloop
  endfacet
  facet normal 0 1 -0
    outer loop
      vertex 16.9533 -35.6 13.1899
      vertex 16.8788 -35.6 13.2339
      vertex 18.3234 -35.6 15.7063
    endloop
  endfacet
  facet normal 0 1 0
    outer loop
      vertex 18.3234 -35.6 15.7063
      vertex 16.8788 -35.6 13.2339
      vertex 18.2514 -35.6 15.744
    endloop
  endfacet
  facet normal 0 1 0
    outer loop
      vertex 18.2514 -35.6 15.744
      vertex 16.8788 -35.6 13.2339
      vertex 18.1802 -35.6 15.7825
    endloop
  endfacet
  facet normal 0 1 0
    outer loop
      vertex 18.1802 -35.6 15.7825
      vertex 16.8788 -35.6 13.2339
      vertex 18.1096 -35.6 15.8217
    endloop
  endfacet
  facet normal 0 1 0
    outer loop
      vertex 18.1096 -35.6 15.8217
      vertex 16.8788 -35.6 13.2339
      vertex 18.0398 -35.6 15.8616
    endloop
  endfacet
  facet normal -0 1 0
    outer loop
      vertex 17.7993 -35.6 12.7909
      vertex 18.9254 -35.6 15.4305
      vertex 17.8939 -35.6 12.7552
    endloop
  endfacet
  facet normal 0 1 0
    outer loop
      vertex 18.9254 -35.6 15.4305
      vertex 19.0039 -35.6 15.3993
      vertex 17.9904 -35.6 12.7202
    endloop
  endfacet
  facet normal -0 1 0
    outer loop
      vertex 17.9904 -35.6 12.7202
      vertex 19.0039 -35.6 15.3993
      vertex 18.0887 -35.6 12.686
    endloop
  endfacet
  facet normal 0 1 0
    outer loop
      vertex 18.0887 -35.6 12.686
      vertex 19.0039 -35.6 15.3993
      vertex 19.0831 -35.6 15.3688
    endloop
  endfacet
  facet normal 0 1 0
    outer loop
      vertex 7.0784 -35.6 12.3784
      vertex 3.22862 -35.6 12.3784
      vertex 4.834 -35.6 15.6676
    endloop
  endfacet
  facet normal 0 1 0
    outer loop
      vertex 18.1889 -35.6 12.6525
      vertex 19.0831 -35.6 15.3688
      vertex 19.1631 -35.6 15.3391
    endloop
  endfacet
  facet normal 0 1 -0
    outer loop
      vertex 18.2908 -35.6 12.6198
      vertex 18.1889 -35.6 12.6525
      vertex 19.1631 -35.6 15.3391
    endloop
  endfacet
  facet normal 0 1 0
    outer loop
      vertex 19.2438 -35.6 15.31
      vertex 18.2908 -35.6 12.6198
      vertex 19.1631 -35.6 15.3391
    endloop
  endfacet
  facet normal 0 1 0
    outer loop
      vertex 19.3252 -35.6 15.2817
      vertex 18.3947 -35.6 12.5879
      vertex 19.2438 -35.6 15.31
    endloop
  endfacet
  facet normal 0 1 0
    outer loop
      vertex 19.3252 -35.6 15.2817
      vertex 18.5003 -35.6 12.5567
      vertex 18.3947 -35.6 12.5879
    endloop
  endfacet
  facet normal 0 1 0
    outer loop
      vertex 19.4074 -35.6 15.2542
      vertex 18.6078 -35.6 12.5262
      vertex 18.5003 -35.6 12.5567
    endloop
  endfacet
  facet normal 0 1 0
    outer loop
      vertex 19.4074 -35.6 15.2542
      vertex 19.4902 -35.6 15.2273
      vertex 18.6078 -35.6 12.5262
    endloop
  endfacet
  facet normal -0 1 0
    outer loop
      vertex 18.6078 -35.6 12.5262
      vertex 19.4902 -35.6 15.2273
      vertex 18.7171 -35.6 12.4966
    endloop
  endfacet
  facet normal -0 1 0
    outer loop
      vertex 18.7171 -35.6 12.4966
      vertex 19.5738 -35.6 15.2012
      vertex 18.8282 -35.6 12.4677
    endloop
  endfacet
  facet normal 0 1 0
    outer loop
      vertex 18.8282 -35.6 12.4677
      vertex 19.5738 -35.6 15.2012
      vertex 19.6581 -35.6 15.1758
    endloop
  endfacet
  facet normal 0 1 0
    outer loop
      vertex 18.9412 -35.6 12.4395
      vertex 19.6581 -35.6 15.1758
      vertex 19.7432 -35.6 15.1511
    endloop
  endfacet
  facet normal 0 1 -0
    outer loop
      vertex 19.0553 -35.6 12.4124
      vertex 18.9412 -35.6 12.4395
      vertex 19.7432 -35.6 15.1511
    endloop
  endfacet
  facet normal 0 1 -0
    outer loop
      vertex 19.1697 -35.6 12.3865
      vertex 19.0553 -35.6 12.4124
      vertex 19.8285 -35.6 15.1274
    endloop
  endfacet
  facet normal 0 1 0
    outer loop
      vertex 19.9136 -35.6 15.1047
      vertex 19.1697 -35.6 12.3865
      vertex 19.8285 -35.6 15.1274
    endloop
  endfacet
  facet normal 0 1 0
    outer loop
      vertex 19.9136 -35.6 15.1047
      vertex 19.2845 -35.6 12.3619
      vertex 19.1697 -35.6 12.3865
    endloop
  endfacet
  facet normal 0 1 0
    outer loop
      vertex 19.9985 -35.6 15.0832
      vertex 19.3997 -35.6 12.3385
      vertex 19.2845 -35.6 12.3619
    endloop
  endfacet
  facet normal 0 1 0
    outer loop
      vertex 19.9985 -35.6 15.0832
      vertex 20.0831 -35.6 15.0627
      vertex 19.3997 -35.6 12.3385
    endloop
  endfacet
  facet normal 0 1 0
    outer loop
      vertex 20.0831 -35.6 15.0627
      vertex 20.1675 -35.6 15.0434
      vertex 19.5153 -35.6 12.3164
    endloop
  endfacet
  facet normal -0 1 0
    outer loop
      vertex 19.5153 -35.6 12.3164
      vertex 20.1675 -35.6 15.0434
      vertex 19.6313 -35.6 12.2956
    endloop
  endfacet
  facet normal -0 1 0
    outer loop
      vertex 19.6313 -35.6 12.2956
      vertex 20.2517 -35.6 15.0252
      vertex 19.7476 -35.6 12.276
    endloop
  endfacet
  facet normal 0 1 0
    outer loop
      vertex 19.7476 -35.6 12.276
      vertex 20.2517 -35.6 15.0252
      vertex 20.3357 -35.6 15.0081
    endloop
  endfacet
  facet normal 0 1 0
    outer loop
      vertex 19.8644 -35.6 12.2577
      vertex 20.3357 -35.6 15.0081
      vertex 20.4195 -35.6 14.992
    endloop
  endfacet
  facet normal 0 1 -0
    outer loop
      vertex 19.9815 -35.6 12.2407
      vertex 19.8644 -35.6 12.2577
      vertex 20.4195 -35.6 14.992
    endloop
  endfacet
  facet normal 0 1 -0
    outer loop
      vertex 20.0989 -35.6 12.2249
      vertex 19.9815 -35.6 12.2407
      vertex 20.503 -35.6 14.9771
    endloop
  endfacet
  facet normal 0 1 0
    outer loop
      vertex 20.5863 -35.6 14.9633
      vertex 20.0989 -35.6 12.2249
      vertex 20.503 -35.6 14.9771
    endloop
  endfacet
  facet normal 0 1 0
    outer loop
      vertex 20.6694 -35.6 14.9506
      vertex 20.2168 -35.6 12.2104
      vertex 20.5863 -35.6 14.9633
    endloop
  endfacet
  facet normal 0 1 0
    outer loop
      vertex 20.6694 -35.6 14.9506
      vertex 20.335 -35.6 12.1971
      vertex 20.2168 -35.6 12.2104
    endloop
  endfacet
  facet normal 0 1 0
    outer loop
      vertex 20.7523 -35.6 14.939
      vertex 20.4537 -35.6 12.1851
      vertex 20.335 -35.6 12.1971
    endloop
  endfacet
  facet normal 0 1 0
    outer loop
      vertex 20.7523 -35.6 14.939
      vertex 20.8349 -35.6 14.9285
      vertex 20.4537 -35.6 12.1851
    endloop
  endfacet
  facet normal 0 1 0
    outer loop
      vertex 20.8349 -35.6 14.9285
      vertex 20.9174 -35.6 14.9192
      vertex 20.5727 -35.6 12.1744
    endloop
  endfacet
  facet normal -0 1 0
    outer loop
      vertex 20.5727 -35.6 12.1744
      vertex 20.9174 -35.6 14.9192
      vertex 20.692 -35.6 12.165
    endloop
  endfacet
  facet normal -0 1 0
    outer loop
      vertex 20.692 -35.6 12.165
      vertex 20.9996 -35.6 14.9109
      vertex 20.8118 -35.6 12.1567
    endloop
  endfacet
  facet normal 0 1 0
    outer loop
      vertex 20.8118 -35.6 12.1567
      vertex 20.9996 -35.6 14.9109
      vertex 21.0816 -35.6 14.9037
    endloop
  endfacet
  facet normal 0 1 0
    outer loop
      vertex 20.9319 -35.6 12.1498
      vertex 21.0816 -35.6 14.9037
      vertex 21.1633 -35.6 14.8976
    endloop
  endfacet
  facet normal 0 1 -0
    outer loop
      vertex 21.0524 -35.6 12.1441
      vertex 20.9319 -35.6 12.1498
      vertex 21.1633 -35.6 14.8976
    endloop
  endfacet
  facet normal 0 1 -0
    outer loop
      vertex 21.1733 -35.6 12.1397
      vertex 21.0524 -35.6 12.1441
      vertex 21.2449 -35.6 14.8926
    endloop
  endfacet
  facet normal 0 1 -0
    outer loop
      vertex 21.2946 -35.6 12.1365
      vertex 21.1733 -35.6 12.1397
      vertex 21.3262 -35.6 14.8888
    endloop
  endfacet
  facet normal 0 1 0
    outer loop
      vertex 21.4073 -35.6 14.886
      vertex 21.2946 -35.6 12.1365
      vertex 21.3262 -35.6 14.8888
    endloop
  endfacet
  facet normal 0 1 0
    outer loop
      vertex 21.4882 -35.6 14.8844
      vertex 21.4163 -35.6 12.1347
      vertex 21.4073 -35.6 14.886
    endloop
  endfacet
  facet normal 0 1 0
    outer loop
      vertex 21.4882 -35.6 14.8844
      vertex 21.5383 -35.6 12.134
      vertex 21.4163 -35.6 12.1347
    endloop
  endfacet
  facet normal 0 1 -0
    outer loop
      vertex -22.0064 -35.6 15.006
      vertex -25.6117 -35.6 12.3784
      vertex -22.0064 -35.6 17.7865
    endloop
  endfacet
  facet normal 0 1 0
    outer loop
      vertex -3.46512 -35.6 12.3784
      vertex -7.19269 -35.6 12.3784
      vertex -7.90903 -35.6 14.2422
    endloop
  endfacet
  facet normal 0 1 0
    outer loop
      vertex 3.21036 -35.6 18.9356
      vertex 6.82947 -35.6 18.6005
      vertex 3.20665 -35.6 18.8854
    endloop
  endfacet
  facet normal 0 1 0
    outer loop
      vertex 3.45639 -35.6 22.9288
      vertex 3.63866 -35.6 22.8907
      vertex 2.58643 -35.6 20.1356
    endloop
  endfacet
  facet normal -0 1 0
    outer loop
      vertex -19.229 -35.6 18.9356
      vertex -19.2268 -35.6 18.9869
      vertex -15.5951 -35.6 18.8169
    endloop
  endfacet
  facet normal -0 1 0
    outer loop
      vertex -19.2624 -35.6 19.3838
      vertex -15.7391 -35.6 20.1944
      vertex -19.2527 -35.6 19.3376
    endloop
  endfacet
  facet normal 0 1 0
    outer loop
      vertex -11.976 -35.6 14.2422
      vertex -12.6924 -35.6 12.3784
      vertex -16.3588 -35.6 12.3784
    endloop
  endfacet
  facet normal 0 1 0
    outer loop
      vertex -19.229 -35.6 18.9356
      vertex -15.6099 -35.6 18.6003
      vertex -19.2327 -35.6 18.8854
    endloop
  endfacet
  facet normal 0 1 0
    outer loop
      vertex -15.6345 -35.6 18.3892
      vertex -19.2379 -35.6 18.8361
      vertex -19.2327 -35.6 18.8854
    endloop
  endfacet
  facet normal 0 1 0
    outer loop
      vertex -15.7982 -35.6 20.3868
      vertex -15.7674 -35.6 20.2913
      vertex -19.2624 -35.6 19.3838
    endloop
  endfacet
  facet normal 0 1 0
    outer loop
      vertex -19.2446 -35.6 18.7879
      vertex -15.6505 -35.6 18.2857
      vertex -15.669 -35.6 18.1836
    endloop
  endfacet
  facet normal 0 1 0
    outer loop
      vertex -15.7982 -35.6 20.3868
      vertex -19.2624 -35.6 19.3838
      vertex -15.8314 -35.6 20.481
    endloop
  endfacet
  facet normal 0 1 0
    outer loop
      vertex -15.6899 -35.6 18.0829
      vertex -15.7133 -35.6 17.9836
      vertex -19.2527 -35.6 18.7407
    endloop
  endfacet
  facet normal -0 1 0
    outer loop
      vertex -19.2624 -35.6 18.6945
      vertex -19.2527 -35.6 18.7407
      vertex -15.7391 -35.6 17.8857
    endloop
  endfacet
  facet normal 0 1 0
    outer loop
      vertex -15.8671 -35.6 20.5738
      vertex -19.2735 -35.6 19.429
      vertex -15.9053 -35.6 20.6653
    endloop
  endfacet
  facet normal 0 1 -0
    outer loop
      vertex -15.8671 -35.6 17.5079
      vertex -19.2735 -35.6 18.6492
      vertex -15.8314 -35.6 17.6003
    endloop
  endfacet
  facet normal 0 1 0
    outer loop
      vertex -15.9459 -35.6 20.7554
      vertex -19.2861 -35.6 19.4732
      vertex -15.989 -35.6 20.8441
    endloop
  endfacet
  facet normal 0 1 0
    outer loop
      vertex -15.8671 -35.6 17.5079
      vertex -15.9053 -35.6 17.417
      vertex -19.2735 -35.6 18.6492
    endloop
  endfacet
  facet normal 0 1 0
    outer loop
      vertex -16.0345 -35.6 20.9315
      vertex -15.989 -35.6 20.8441
      vertex -19.3002 -35.6 19.5164
    endloop
  endfacet
  facet normal 0 1 -0
    outer loop
      vertex -15.989 -35.6 17.2392
      vertex -19.2861 -35.6 18.6051
      vertex -15.9459 -35.6 17.3274
    endloop
  endfacet
  facet normal 0 1 0
    outer loop
      vertex -16.0345 -35.6 20.9315
      vertex -19.3002 -35.6 19.5164
      vertex -16.0826 -35.6 21.0175
    endloop
  endfacet
  facet normal 0 1 0
    outer loop
      vertex -15.989 -35.6 17.2392
      vertex -19.3002 -35.6 18.5619
      vertex -19.2861 -35.6 18.6051
    endloop
  endfacet
  facet normal 0 1 0
    outer loop
      vertex -16.133 -35.6 21.1022
      vertex -19.3002 -35.6 19.5164
      vertex -19.3158 -35.6 19.5585
    endloop
  endfacet
  facet normal 0 1 0
    outer loop
      vertex 6.78287 -35.6 19.846
      vertex 6.80673 -35.6 19.6911
      vertex 3.20146 -35.6 19.2422
    endloop
  endfacet
  facet normal 0 1 0
    outer loop
      vertex -16.133 -35.6 16.983
      vertex -19.3158 -35.6 18.5197
      vertex -19.3002 -35.6 18.5619
    endloop
  endfacet
  facet normal 0 1 0
    outer loop
      vertex -19.8976 -35.6 20.1557
      vertex -19.0675 -35.6 22.95
      vertex -18.9506 -35.6 22.9268
    endloop
  endfacet
  facet normal 0 1 0
    outer loop
      vertex -18.8354 -35.6 22.9015
      vertex -18.7219 -35.6 22.8742
      vertex -19.8098 -35.6 20.114
    endloop
  endfacet
  facet normal -0 1 0
    outer loop
      vertex 2.29405 -35.6 20.2356
      vertex 2.88039 -35.6 23.0162
      vertex 2.3468 -35.6 20.2224
    endloop
  endfacet
  facet normal 0 1 0
    outer loop
      vertex -16.9058 -35.6 21.9895
      vertex -16.8301 -35.6 21.9251
      vertex -19.4159 -35.6 19.7542
    endloop
  endfacet
  facet normal 0 1 -0
    outer loop
      vertex -19.7285 -35.6 20.0668
      vertex -19.7683 -35.6 20.0911
      vertex -18.4999 -35.6 22.8136
    endloop
  endfacet
  facet normal 0 1 0
    outer loop
      vertex -17.1453 -35.6 22.1723
      vertex -19.4664 -35.6 19.8254
      vertex -17.2292 -35.6 22.2297
    endloop
  endfacet
  facet normal -0 1 0
    outer loop
      vertex 1.41504 -35.6 15.0672
      vertex 4.834 -35.6 15.6676
      vertex 3.22862 -35.6 12.3784
    endloop
  endfacet
  facet normal 0 1 -0
    outer loop
      vertex -19.4664 -35.6 19.8254
      vertex -19.4938 -35.6 19.8595
      vertex -17.3151 -35.6 22.2855
    endloop
  endfacet
  facet normal 0 1 0
    outer loop
      vertex -18.1794 -35.6 22.7076
      vertex -18.0759 -35.6 22.6682
      vertex -19.6535 -35.6 20.014
    endloop
  endfacet
  facet normal -0 1 0
    outer loop
      vertex -19.6535 -35.6 20.014
      vertex -18.0759 -35.6 22.6682
      vertex -19.6185 -35.6 19.9855
    endloop
  endfacet
  facet normal 0 1 0
    outer loop
      vertex -17.4932 -35.6 22.3917
      vertex -19.5227 -35.6 19.8926
      vertex -17.5853 -35.6 22.4422
    endloop
  endfacet
  facet normal 0 1 -0
    outer loop
      vertex -19.5532 -35.6 19.9246
      vertex -19.5851 -35.6 19.9557
      vertex -17.7757 -35.6 22.538
    endloop
  endfacet
  facet normal 0 1 -0
    outer loop
      vertex -19.5851 -35.6 19.9557
      vertex -19.6185 -35.6 19.9855
      vertex -17.874 -35.6 22.5834
    endloop
  endfacet
  facet normal 0 1 0
    outer loop
      vertex 2.88039 -35.6 23.0162
      vertex 2.29405 -35.6 20.2356
      vertex 2.67865 -35.6 23.0363
    endloop
  endfacet
  facet normal 0 1 0
    outer loop
      vertex -17.7757 -35.6 22.538
      vertex -17.6795 -35.6 22.491
      vertex -19.5532 -35.6 19.9246
    endloop
  endfacet
  facet normal 0 1 0
    outer loop
      vertex -17.7757 -35.6 22.538
      vertex -19.5851 -35.6 19.9557
      vertex -17.874 -35.6 22.5834
    endloop
  endfacet
  facet normal 0 1 0
    outer loop
      vertex -3.17238 -35.6 23.0722
      vertex 0.432968 -35.6 17.7865
      vertex -3.17238 -35.6 12.3784
    endloop
  endfacet
  facet normal 0 1 0
    outer loop
      vertex -17.5853 -35.6 22.4422
      vertex -19.5532 -35.6 19.9246
      vertex -17.6795 -35.6 22.491
    endloop
  endfacet
  facet normal 0 1 0
    outer loop
      vertex -17.5853 -35.6 22.4422
      vertex -19.5227 -35.6 19.8926
      vertex -19.5532 -35.6 19.9246
    endloop
  endfacet
  facet normal 0 1 0
    outer loop
      vertex -17.874 -35.6 22.5834
      vertex -19.6185 -35.6 19.9855
      vertex -17.9741 -35.6 22.6268
    endloop
  endfacet
  facet normal 0 1 0
    outer loop
      vertex -9.94252 -35.6 19.5328
      vertex -10.9778 -35.6 16.8393
      vertex -11.684 -35.6 23.0722
    endloop
  endfacet
  facet normal 0 1 0
    outer loop
      vertex -17.4932 -35.6 22.3917
      vertex -19.4938 -35.6 19.8595
      vertex -19.5227 -35.6 19.8926
    endloop
  endfacet
  facet normal 0 1 0
    outer loop
      vertex -18.0759 -35.6 22.6682
      vertex -17.9741 -35.6 22.6268
      vertex -19.6185 -35.6 19.9855
    endloop
  endfacet
  facet normal 0 1 0
    outer loop
      vertex -10.9778 -35.6 16.8393
      vertex -16.3588 -35.6 12.3784
      vertex -11.684 -35.6 23.0722
    endloop
  endfacet
  facet normal 0 1 0
    outer loop
      vertex -17.4932 -35.6 22.3917
      vertex -17.4032 -35.6 22.3394
      vertex -19.4938 -35.6 19.8595
    endloop
  endfacet
  facet normal 0 1 0
    outer loop
      vertex -18.2846 -35.6 22.7449
      vertex -18.1794 -35.6 22.7076
      vertex -19.6535 -35.6 20.014
    endloop
  endfacet
  facet normal 0 1 0
    outer loop
      vertex -8.90724 -35.6 16.8393
      vertex -11.976 -35.6 14.2422
      vertex -10.9778 -35.6 16.8393
    endloop
  endfacet
  facet normal -0 1 0
    outer loop
      vertex -19.6902 -35.6 20.0411
      vertex -18.2846 -35.6 22.7449
      vertex -19.6535 -35.6 20.014
    endloop
  endfacet
  facet normal 0 1 0
    outer loop
      vertex -8.13979 -35.6 23.0722
      vertex -8.90724 -35.6 16.8393
      vertex -9.94252 -35.6 19.5328
    endloop
  endfacet
  facet normal 0 1 0
    outer loop
      vertex -19.6902 -35.6 20.0411
      vertex -18.3914 -35.6 22.7803
      vertex -18.2846 -35.6 22.7449
    endloop
  endfacet
  facet normal 0 1 -0
    outer loop
      vertex -19.6902 -35.6 20.0411
      vertex -19.7285 -35.6 20.0668
      vertex -18.3914 -35.6 22.7803
    endloop
  endfacet
  facet normal 0 1 0
    outer loop
      vertex -18.3914 -35.6 22.7803
      vertex -19.7285 -35.6 20.0668
      vertex -18.4999 -35.6 22.8136
    endloop
  endfacet
  facet normal 0 1 0
    outer loop
      vertex -18.4999 -35.6 22.8136
      vertex -19.7683 -35.6 20.0911
      vertex -18.6101 -35.6 22.8449
    endloop
  endfacet
  facet normal 0 1 0
    outer loop
      vertex -3.46512 -35.6 12.3784
      vertex -7.90903 -35.6 14.2422
      vertex -8.90724 -35.6 16.8393
    endloop
  endfacet
  facet normal 0 1 0
    outer loop
      vertex -17.0634 -35.6 22.1131
      vertex -19.4404 -35.6 19.7903
      vertex -17.1453 -35.6 22.1723
    endloop
  endfacet
  facet normal 0 1 0
    outer loop
      vertex -18.7219 -35.6 22.8742
      vertex -18.6101 -35.6 22.8449
      vertex -19.7683 -35.6 20.0911
    endloop
  endfacet
  facet normal 0 1 0
    outer loop
      vertex -17.0634 -35.6 22.1131
      vertex -16.9836 -35.6 22.0521
      vertex -19.4404 -35.6 19.7903
    endloop
  endfacet
  facet normal 0 1 -0
    outer loop
      vertex -19.7683 -35.6 20.0911
      vertex -19.8098 -35.6 20.114
      vertex -18.7219 -35.6 22.8742
    endloop
  endfacet
  facet normal 0 1 -0
    outer loop
      vertex -19.8098 -35.6 20.114
      vertex -19.8529 -35.6 20.1356
      vertex -18.8354 -35.6 22.9015
    endloop
  endfacet
  facet normal -0 1 0
    outer loop
      vertex -19.4159 -35.6 19.7542
      vertex -16.8301 -35.6 21.9251
      vertex -19.3929 -35.6 19.7171
    endloop
  endfacet
  facet normal 0 1 0
    outer loop
      vertex -18.9506 -35.6 22.9268
      vertex -18.8354 -35.6 22.9015
      vertex -19.8529 -35.6 20.1356
    endloop
  endfacet
  facet normal 0 1 -0
    outer loop
      vertex -19.8529 -35.6 20.1356
      vertex -19.8976 -35.6 20.1557
      vertex -18.9506 -35.6 22.9268
    endloop
  endfacet
  facet normal 0 1 0
    outer loop
      vertex -19.0675 -35.6 22.95
      vertex -19.8976 -35.6 20.1557
      vertex -19.9439 -35.6 20.1744
    endloop
  endfacet
  facet normal 0 1 0
    outer loop
      vertex -19.186 -35.6 22.9712
      vertex -19.0675 -35.6 22.95
      vertex -19.9439 -35.6 20.1744
    endloop
  endfacet
  facet normal 0 1 0
    outer loop
      vertex -19.3514 -35.6 19.6398
      vertex -16.4824 -35.6 21.577
      vertex -16.419 -35.6 21.5021
    endloop
  endfacet
  facet normal 0 1 -0
    outer loop
      vertex -19.9439 -35.6 20.1744
      vertex -19.9919 -35.6 20.1918
      vertex -19.186 -35.6 22.9712
    endloop
  endfacet
  facet normal 0 1 0
    outer loop
      vertex -16.3577 -35.6 21.4256
      vertex -19.3514 -35.6 19.6398
      vertex -16.419 -35.6 21.5021
    endloop
  endfacet
  facet normal 0 1 0
    outer loop
      vertex -19.3062 -35.6 22.9904
      vertex -19.186 -35.6 22.9712
      vertex -19.9919 -35.6 20.1918
    endloop
  endfacet
  facet normal 0 1 0
    outer loop
      vertex -19.9919 -35.6 20.1918
      vertex -19.4281 -35.6 23.0075
      vertex -19.3062 -35.6 22.9904
    endloop
  endfacet
  facet normal 0 1 -0
    outer loop
      vertex -19.3158 -35.6 19.5585
      vertex -19.3328 -35.6 19.5997
      vertex -16.2411 -35.6 21.2672
    endloop
  endfacet
  facet normal 0 1 0
    outer loop
      vertex -19.4281 -35.6 23.0075
      vertex -19.9919 -35.6 20.1918
      vertex -20.0414 -35.6 20.2078
    endloop
  endfacet
  facet normal 0 1 0
    outer loop
      vertex -16.133 -35.6 16.983
      vertex -16.1859 -35.6 16.9003
      vertex -19.3158 -35.6 18.5197
    endloop
  endfacet
  facet normal -0 1 0
    outer loop
      vertex -19.3328 -35.6 18.4785
      vertex -19.3158 -35.6 18.5197
      vertex -16.2411 -35.6 16.8192
    endloop
  endfacet
  facet normal 0 1 0
    outer loop
      vertex -19.4281 -35.6 23.0075
      vertex -20.0414 -35.6 20.2078
      vertex -19.5517 -35.6 23.0227
    endloop
  endfacet
  facet normal 0 1 0
    outer loop
      vertex -16.2984 -35.6 16.7398
      vertex -16.3577 -35.6 16.6621
      vertex -19.3328 -35.6 18.4785
    endloop
  endfacet
  facet normal -0 1 0
    outer loop
      vertex -20.0925 -35.6 20.2224
      vertex -19.5517 -35.6 23.0227
      vertex -20.0414 -35.6 20.2078
    endloop
  endfacet
  facet normal 0 1 0
    outer loop
      vertex -19.3328 -35.6 18.4785
      vertex -16.3577 -35.6 16.6621
      vertex -19.3514 -35.6 18.4384
    endloop
  endfacet
  facet normal 0 1 0
    outer loop
      vertex -19.5517 -35.6 23.0227
      vertex -20.0925 -35.6 20.2224
      vertex -19.6769 -35.6 23.0358
    endloop
  endfacet
  facet normal -0 1 0
    outer loop
      vertex -20.1453 -35.6 20.2356
      vertex -19.6769 -35.6 23.0358
      vertex -20.0925 -35.6 20.2224
    endloop
  endfacet
  facet normal 0 1 0
    outer loop
      vertex -19.3514 -35.6 18.4384
      vertex -16.5478 -35.6 16.4389
      vertex -19.3714 -35.6 18.3993
    endloop
  endfacet
  facet normal 0 1 0
    outer loop
      vertex -19.6769 -35.6 23.0358
      vertex -20.1453 -35.6 20.2356
      vertex -19.8038 -35.6 23.0469
    endloop
  endfacet
  facet normal 0 1 0
    outer loop
      vertex -19.3714 -35.6 18.3993
      vertex -16.5478 -35.6 16.4389
      vertex -16.6153 -35.6 16.3678
    endloop
  endfacet
  facet normal -0 1 0
    outer loop
      vertex -20.1996 -35.6 20.2474
      vertex -19.8038 -35.6 23.0469
      vertex -20.1453 -35.6 20.2356
    endloop
  endfacet
  facet normal 0 1 0
    outer loop
      vertex -19.8038 -35.6 23.0469
      vertex -20.1996 -35.6 20.2474
      vertex -19.9324 -35.6 23.056
    endloop
  endfacet
  facet normal -0 1 0
    outer loop
      vertex -19.4159 -35.6 18.324
      vertex -19.3929 -35.6 18.3611
      vertex -16.8301 -35.6 16.1646
    endloop
  endfacet
  facet normal -0 1 0
    outer loop
      vertex -20.2556 -35.6 20.2578
      vertex -19.9324 -35.6 23.056
      vertex -20.1996 -35.6 20.2474
    endloop
  endfacet
  facet normal 0 1 -0
    outer loop
      vertex -16.9058 -35.6 16.1003
      vertex -19.4159 -35.6 18.324
      vertex -16.8301 -35.6 16.1646
    endloop
  endfacet
  facet normal 0 1 0
    outer loop
      vertex -19.9324 -35.6 23.056
      vertex -20.2556 -35.6 20.2578
      vertex -20.3132 -35.6 20.2668
    endloop
  endfacet
  facet normal 0 1 0
    outer loop
      vertex -20.3132 -35.6 20.2668
      vertex -20.0626 -35.6 23.0631
      vertex -19.9324 -35.6 23.056
    endloop
  endfacet
  facet normal 0 1 0
    outer loop
      vertex -17.1453 -35.6 15.9172
      vertex -19.4664 -35.6 18.2528
      vertex -19.4404 -35.6 18.2879
    endloop
  endfacet
  facet normal 0 1 0
    outer loop
      vertex -20.0626 -35.6 23.0631
      vertex -20.3132 -35.6 20.2668
      vertex -20.3724 -35.6 20.2745
    endloop
  endfacet
  facet normal 0 1 0
    outer loop
      vertex -17.1453 -35.6 15.9172
      vertex -17.2292 -35.6 15.8595
      vertex -19.4664 -35.6 18.2528
    endloop
  endfacet
  facet normal 0 1 0
    outer loop
      vertex -20.3724 -35.6 20.2745
      vertex -20.1945 -35.6 23.0682
      vertex -20.0626 -35.6 23.0631
    endloop
  endfacet
  facet normal 0 1 0
    outer loop
      vertex -20.1945 -35.6 23.0682
      vertex -20.3724 -35.6 20.2745
      vertex -20.4332 -35.6 20.2807
    endloop
  endfacet
  facet normal 0 1 0
    outer loop
      vertex -19.4938 -35.6 18.2187
      vertex -17.4932 -35.6 15.6965
      vertex -19.5227 -35.6 18.1856
    endloop
  endfacet
  facet normal 0 1 0
    outer loop
      vertex -20.4332 -35.6 20.2807
      vertex -20.3281 -35.6 23.0712
      vertex -20.1945 -35.6 23.0682
    endloop
  endfacet
  facet normal 0 1 0
    outer loop
      vertex -19.5227 -35.6 18.1856
      vertex -17.4932 -35.6 15.6965
      vertex -17.5853 -35.6 15.6455
    endloop
  endfacet
  facet normal 0 1 0
    outer loop
      vertex -20.3281 -35.6 23.0712
      vertex -20.4332 -35.6 20.2807
      vertex -20.4956 -35.6 20.2856
    endloop
  endfacet
  facet normal 0 1 0
    outer loop
      vertex -20.4956 -35.6 20.2856
      vertex -20.4634 -35.6 23.0722
      vertex -20.3281 -35.6 23.0712
    endloop
  endfacet
  facet normal 0 1 0
    outer loop
      vertex -19.5851 -35.6 18.1225
      vertex -17.7757 -35.6 15.5485
      vertex -17.874 -35.6 15.5026
    endloop
  endfacet
  facet normal 0 1 0
    outer loop
      vertex -20.4634 -35.6 23.0722
      vertex -20.4956 -35.6 20.2856
      vertex -20.5596 -35.6 20.2891
    endloop
  endfacet
  facet normal -0 1 0
    outer loop
      vertex -19.6185 -35.6 18.0927
      vertex -19.5851 -35.6 18.1225
      vertex -17.874 -35.6 15.5026
    endloop
  endfacet
  facet normal 0 1 -0
    outer loop
      vertex -20.5596 -35.6 20.2891
      vertex -20.6253 -35.6 20.2911
      vertex -20.4634 -35.6 23.0722
    endloop
  endfacet
  facet normal -0 1 0
    outer loop
      vertex -20.6925 -35.6 20.2918
      vertex -20.4634 -35.6 23.0722
      vertex -20.6253 -35.6 20.2911
    endloop
  endfacet
  facet normal -0 1 0
    outer loop
      vertex -19.6902 -35.6 18.0371
      vertex -19.6535 -35.6 18.0642
      vertex -18.1794 -35.6 15.3764
    endloop
  endfacet
  facet normal 0 1 0
    outer loop
      vertex -20.4634 -35.6 23.0722
      vertex -20.6925 -35.6 20.2918
      vertex -22.0064 -35.6 20.2918
    endloop
  endfacet
  facet normal 0 1 0
    outer loop
      vertex -19.7285 -35.6 18.0114
      vertex -18.3914 -35.6 15.3025
      vertex -18.4999 -35.6 15.2687
    endloop
  endfacet
  facet normal 0 1 0
    outer loop
      vertex -19.8098 -35.6 17.9642
      vertex -18.7219 -35.6 15.2071
      vertex -18.8354 -35.6 15.1794
    endloop
  endfacet
  facet normal 0 1 0
    outer loop
      vertex -20.4634 -35.6 15.006
      vertex -20.5596 -35.6 17.7893
      vertex -20.4956 -35.6 17.7927
    endloop
  endfacet
  facet normal 0 1 0
    outer loop
      vertex -22.0064 -35.6 15.006
      vertex -22.0064 -35.6 12.3784
      vertex -25.6117 -35.6 12.3784
    endloop
  endfacet
  facet normal 0 1 0
    outer loop
      vertex -22.0064 -35.6 15.006
      vertex -22.0064 -35.6 17.7865
      vertex -20.6925 -35.6 17.7865
    endloop
  endfacet
  facet normal 0 1 0
    outer loop
      vertex -22.0064 -35.6 17.7865
      vertex -25.6117 -35.6 12.3784
      vertex -25.6117 -35.6 23.0722
    endloop
  endfacet
  facet normal 0 1 0
    outer loop
      vertex -20.4634 -35.6 23.0722
      vertex -22.0064 -35.6 20.2918
      vertex -25.6117 -35.6 23.0722
    endloop
  endfacet
  facet normal 0 1 0
    outer loop
      vertex -22.0064 -35.6 20.2918
      vertex -22.0064 -35.6 17.7865
      vertex -25.6117 -35.6 23.0722
    endloop
  endfacet
  facet normal 0 1 0
    outer loop
      vertex -19.4938 -35.6 19.8595
      vertex -17.4032 -35.6 22.3394
      vertex -17.3151 -35.6 22.2855
    endloop
  endfacet
  facet normal 0 1 0
    outer loop
      vertex -19.4664 -35.6 19.8254
      vertex -17.3151 -35.6 22.2855
      vertex -17.2292 -35.6 22.2297
    endloop
  endfacet
  facet normal 0 1 -0
    outer loop
      vertex -19.4404 -35.6 19.7903
      vertex -19.4664 -35.6 19.8254
      vertex -17.1453 -35.6 22.1723
    endloop
  endfacet
  facet normal -0 1 0
    outer loop
      vertex -19.4404 -35.6 19.7903
      vertex -16.9836 -35.6 22.0521
      vertex -19.4159 -35.6 19.7542
    endloop
  endfacet
  facet normal 0 1 0
    outer loop
      vertex -16.9058 -35.6 21.9895
      vertex -19.4159 -35.6 19.7542
      vertex -16.9836 -35.6 22.0521
    endloop
  endfacet
  facet normal 0 1 0
    outer loop
      vertex -16.6849 -35.6 21.791
      vertex -19.3929 -35.6 19.7171
      vertex -16.7565 -35.6 21.8589
    endloop
  endfacet
  facet normal 0 1 0
    outer loop
      vertex -19.3929 -35.6 19.7171
      vertex -16.8301 -35.6 21.9251
      vertex -16.7565 -35.6 21.8589
    endloop
  endfacet
  facet normal 0 1 0
    outer loop
      vertex -16.6153 -35.6 21.7214
      vertex -19.3714 -35.6 19.6789
      vertex -16.6849 -35.6 21.791
    endloop
  endfacet
  facet normal 0 1 -0
    outer loop
      vertex -19.3714 -35.6 19.6789
      vertex -19.3929 -35.6 19.7171
      vertex -16.6849 -35.6 21.791
    endloop
  endfacet
  facet normal 0 1 0
    outer loop
      vertex -16.5478 -35.6 21.65
      vertex -19.3514 -35.6 19.6398
      vertex -19.3714 -35.6 19.6789
    endloop
  endfacet
  facet normal 0 1 0
    outer loop
      vertex -16.5478 -35.6 21.65
      vertex -19.3714 -35.6 19.6789
      vertex -16.6153 -35.6 21.7214
    endloop
  endfacet
  facet normal 0 1 0
    outer loop
      vertex -16.5478 -35.6 21.65
      vertex -16.4824 -35.6 21.577
      vertex -19.3514 -35.6 19.6398
    endloop
  endfacet
  facet normal 0 1 0
    outer loop
      vertex -16.3577 -35.6 21.4256
      vertex -16.2984 -35.6 21.3473
      vertex -19.3328 -35.6 19.5997
    endloop
  endfacet
  facet normal 0 1 0
    outer loop
      vertex -16.3577 -35.6 21.4256
      vertex -19.3328 -35.6 19.5997
      vertex -19.3514 -35.6 19.6398
    endloop
  endfacet
  facet normal 0 1 0
    outer loop
      vertex -19.3328 -35.6 19.5997
      vertex -16.2984 -35.6 21.3473
      vertex -16.2411 -35.6 21.2672
    endloop
  endfacet
  facet normal 0 1 0
    outer loop
      vertex -19.3158 -35.6 19.5585
      vertex -16.1859 -35.6 21.1855
      vertex -16.133 -35.6 21.1022
    endloop
  endfacet
  facet normal 0 1 0
    outer loop
      vertex -16.2411 -35.6 21.2672
      vertex -16.1859 -35.6 21.1855
      vertex -19.3158 -35.6 19.5585
    endloop
  endfacet
  facet normal 0 1 0
    outer loop
      vertex -19.3002 -35.6 19.5164
      vertex -16.133 -35.6 21.1022
      vertex -16.0826 -35.6 21.0175
    endloop
  endfacet
  facet normal -0 1 0
    outer loop
      vertex -19.3002 -35.6 19.5164
      vertex -15.989 -35.6 20.8441
      vertex -19.2861 -35.6 19.4732
    endloop
  endfacet
  facet normal 0 1 -0
    outer loop
      vertex -19.2735 -35.6 19.429
      vertex -19.2861 -35.6 19.4732
      vertex -15.9053 -35.6 20.6653
    endloop
  endfacet
  facet normal 0 1 0
    outer loop
      vertex -19.2861 -35.6 19.4732
      vertex -15.9459 -35.6 20.7554
      vertex -15.9053 -35.6 20.6653
    endloop
  endfacet
  facet normal 0 1 -0
    outer loop
      vertex -19.2624 -35.6 19.3838
      vertex -19.2735 -35.6 19.429
      vertex -15.8314 -35.6 20.481
    endloop
  endfacet
  facet normal 0 1 0
    outer loop
      vertex -19.2735 -35.6 19.429
      vertex -15.8671 -35.6 20.5738
      vertex -15.8314 -35.6 20.481
    endloop
  endfacet
  facet normal 0 1 0
    outer loop
      vertex -19.2624 -35.6 19.3838
      vertex -15.7674 -35.6 20.2913
      vertex -15.7391 -35.6 20.1944
    endloop
  endfacet
  facet normal 0 1 0
    outer loop
      vertex -15.6899 -35.6 19.9966
      vertex -19.2527 -35.6 19.3376
      vertex -15.7133 -35.6 20.0962
    endloop
  endfacet
  facet normal 0 1 0
    outer loop
      vertex -19.2527 -35.6 19.3376
      vertex -15.7391 -35.6 20.1944
      vertex -15.7133 -35.6 20.0962
    endloop
  endfacet
  facet normal 0 1 0
    outer loop
      vertex -19.2446 -35.6 19.2904
      vertex -15.669 -35.6 19.8956
      vertex -15.6505 -35.6 19.7933
    endloop
  endfacet
  facet normal 0 1 -0
    outer loop
      vertex -19.2327 -35.6 19.1929
      vertex -19.2379 -35.6 19.2422
      vertex -15.6345 -35.6 19.6897
    endloop
  endfacet
  facet normal 0 1 0
    outer loop
      vertex -19.2379 -35.6 19.2422
      vertex -15.6505 -35.6 19.7933
      vertex -15.6345 -35.6 19.6897
    endloop
  endfacet
  facet normal 0 1 0
    outer loop
      vertex -15.6099 -35.6 19.4783
      vertex -19.2327 -35.6 19.1929
      vertex -15.621 -35.6 19.5846
    endloop
  endfacet
  facet normal 0 1 0
    outer loop
      vertex -15.5951 -35.6 19.2614
      vertex -19.229 -35.6 19.1427
      vertex -15.6013 -35.6 19.3705
    endloop
  endfacet
  facet normal 0 1 -0
    outer loop
      vertex -19.226 -35.6 19.0391
      vertex -19.2268 -35.6 19.0914
      vertex -15.5914 -35.6 19.151
    endloop
  endfacet
  facet normal -0 1 0
    outer loop
      vertex -19.2268 -35.6 18.9869
      vertex -19.226 -35.6 19.0391
      vertex -15.5914 -35.6 18.9273
    endloop
  endfacet
  facet normal 0 1 0
    outer loop
      vertex -15.6013 -35.6 18.7079
      vertex -15.6099 -35.6 18.6003
      vertex -19.229 -35.6 18.9356
    endloop
  endfacet
  facet normal 0 1 0
    outer loop
      vertex -19.2327 -35.6 18.8854
      vertex -15.6099 -35.6 18.6003
      vertex -15.621 -35.6 18.494
    endloop
  endfacet
  facet normal 0 1 0
    outer loop
      vertex -19.2379 -35.6 18.8361
      vertex -15.6505 -35.6 18.2857
      vertex -19.2446 -35.6 18.7879
    endloop
  endfacet
  facet normal 0 1 0
    outer loop
      vertex -15.6345 -35.6 18.3892
      vertex -15.6505 -35.6 18.2857
      vertex -19.2379 -35.6 18.8361
    endloop
  endfacet
  facet normal 0 1 0
    outer loop
      vertex -15.6899 -35.6 18.0829
      vertex -19.2527 -35.6 18.7407
      vertex -19.2446 -35.6 18.7879
    endloop
  endfacet
  facet normal 0 1 0
    outer loop
      vertex -19.2527 -35.6 18.7407
      vertex -15.7133 -35.6 17.9836
      vertex -15.7391 -35.6 17.8857
    endloop
  endfacet
  facet normal 0 1 0
    outer loop
      vertex -19.2624 -35.6 18.6945
      vertex -15.7982 -35.6 17.694
      vertex -15.8314 -35.6 17.6003
    endloop
  endfacet
  facet normal 0 1 0
    outer loop
      vertex -15.7674 -35.6 17.7892
      vertex -15.7982 -35.6 17.694
      vertex -19.2624 -35.6 18.6945
    endloop
  endfacet
  facet normal -0 1 0
    outer loop
      vertex -19.2735 -35.6 18.6492
      vertex -19.2624 -35.6 18.6945
      vertex -15.8314 -35.6 17.6003
    endloop
  endfacet
  facet normal 0 1 0
    outer loop
      vertex -19.2861 -35.6 18.6051
      vertex -15.9053 -35.6 17.417
      vertex -15.9459 -35.6 17.3274
    endloop
  endfacet
  facet normal 0 1 0
    outer loop
      vertex -19.2735 -35.6 18.6492
      vertex -15.9053 -35.6 17.417
      vertex -19.2861 -35.6 18.6051
    endloop
  endfacet
  facet normal 0 1 0
    outer loop
      vertex -15.989 -35.6 17.2392
      vertex -16.0345 -35.6 17.1524
      vertex -19.3002 -35.6 18.5619
    endloop
  endfacet
  facet normal 0 1 -0
    outer loop
      vertex -16.133 -35.6 16.983
      vertex -19.3002 -35.6 18.5619
      vertex -16.0826 -35.6 17.067
    endloop
  endfacet
  facet normal 0 1 0
    outer loop
      vertex -19.3002 -35.6 18.5619
      vertex -16.0345 -35.6 17.1524
      vertex -16.0826 -35.6 17.067
    endloop
  endfacet
  facet normal 0 1 0
    outer loop
      vertex -19.3158 -35.6 18.5197
      vertex -16.1859 -35.6 16.9003
      vertex -16.2411 -35.6 16.8192
    endloop
  endfacet
  facet normal 0 1 -0
    outer loop
      vertex -16.2984 -35.6 16.7398
      vertex -19.3328 -35.6 18.4785
      vertex -16.2411 -35.6 16.8192
    endloop
  endfacet
  facet normal 0 1 0
    outer loop
      vertex -19.3514 -35.6 18.4384
      vertex -16.3577 -35.6 16.6621
      vertex -16.419 -35.6 16.586
    endloop
  endfacet
  facet normal 0 1 0
    outer loop
      vertex -16.4824 -35.6 16.5116
      vertex -16.5478 -35.6 16.4389
      vertex -19.3514 -35.6 18.4384
    endloop
  endfacet
  facet normal 0 1 -0
    outer loop
      vertex -16.4824 -35.6 16.5116
      vertex -19.3514 -35.6 18.4384
      vertex -16.419 -35.6 16.586
    endloop
  endfacet
  facet normal 0 1 -0
    outer loop
      vertex -16.6849 -35.6 16.2984
      vertex -19.3714 -35.6 18.3993
      vertex -16.6153 -35.6 16.3678
    endloop
  endfacet
  facet normal 0 1 0
    outer loop
      vertex -16.6849 -35.6 16.2984
      vertex -16.7565 -35.6 16.2307
      vertex -19.3929 -35.6 18.3611
    endloop
  endfacet
  facet normal 0 1 0
    outer loop
      vertex -16.6849 -35.6 16.2984
      vertex -19.3929 -35.6 18.3611
      vertex -19.3714 -35.6 18.3993
    endloop
  endfacet
  facet normal 0 1 0
    outer loop
      vertex -19.3929 -35.6 18.3611
      vertex -16.7565 -35.6 16.2307
      vertex -16.8301 -35.6 16.1646
    endloop
  endfacet
  facet normal 0 1 0
    outer loop
      vertex -16.9058 -35.6 16.1003
      vertex -16.9836 -35.6 16.0376
      vertex -19.4159 -35.6 18.324
    endloop
  endfacet
  facet normal 0 1 0
    outer loop
      vertex -19.4404 -35.6 18.2879
      vertex -16.9836 -35.6 16.0376
      vertex -17.0634 -35.6 15.9765
    endloop
  endfacet
  facet normal 0 1 0
    outer loop
      vertex -19.4159 -35.6 18.324
      vertex -16.9836 -35.6 16.0376
      vertex -19.4404 -35.6 18.2879
    endloop
  endfacet
  facet normal 0 1 -0
    outer loop
      vertex -17.1453 -35.6 15.9172
      vertex -19.4404 -35.6 18.2879
      vertex -17.0634 -35.6 15.9765
    endloop
  endfacet
  facet normal 0 1 0
    outer loop
      vertex -19.4664 -35.6 18.2528
      vertex -17.2292 -35.6 15.8595
      vertex -17.3151 -35.6 15.8035
    endloop
  endfacet
  facet normal 0 1 -0
    outer loop
      vertex -17.4032 -35.6 15.7492
      vertex -19.4938 -35.6 18.2187
      vertex -17.3151 -35.6 15.8035
    endloop
  endfacet
  facet normal -0 1 0
    outer loop
      vertex -19.4938 -35.6 18.2187
      vertex -19.4664 -35.6 18.2528
      vertex -17.3151 -35.6 15.8035
    endloop
  endfacet
  facet normal 0 1 0
    outer loop
      vertex -17.4032 -35.6 15.7492
      vertex -17.4932 -35.6 15.6965
      vertex -19.4938 -35.6 18.2187
    endloop
  endfacet
  facet normal -0 1 0
    outer loop
      vertex -19.5532 -35.6 18.1536
      vertex -19.5227 -35.6 18.1856
      vertex -17.5853 -35.6 15.6455
    endloop
  endfacet
  facet normal 0 1 0
    outer loop
      vertex -17.6795 -35.6 15.5962
      vertex -17.7757 -35.6 15.5485
      vertex -19.5532 -35.6 18.1536
    endloop
  endfacet
  facet normal 0 1 -0
    outer loop
      vertex -17.6795 -35.6 15.5962
      vertex -19.5532 -35.6 18.1536
      vertex -17.5853 -35.6 15.6455
    endloop
  endfacet
  facet normal 0 1 0
    outer loop
      vertex -19.5532 -35.6 18.1536
      vertex -17.7757 -35.6 15.5485
      vertex -19.5851 -35.6 18.1225
    endloop
  endfacet
  facet normal 0 1 -0
    outer loop
      vertex -17.9741 -35.6 15.4584
      vertex -19.6185 -35.6 18.0927
      vertex -17.874 -35.6 15.5026
    endloop
  endfacet
  facet normal 0 1 0
    outer loop
      vertex -19.6185 -35.6 18.0927
      vertex -18.0759 -35.6 15.4164
      vertex -19.6535 -35.6 18.0642
    endloop
  endfacet
  facet normal 0 1 0
    outer loop
      vertex -17.9741 -35.6 15.4584
      vertex -18.0759 -35.6 15.4164
      vertex -19.6185 -35.6 18.0927
    endloop
  endfacet
  facet normal 0 1 0
    outer loop
      vertex -19.6535 -35.6 18.0642
      vertex -18.0759 -35.6 15.4164
      vertex -18.1794 -35.6 15.3764
    endloop
  endfacet
  facet normal 0 1 0
    outer loop
      vertex -19.6902 -35.6 18.0371
      vertex -18.1794 -35.6 15.3764
      vertex -18.2846 -35.6 15.3384
    endloop
  endfacet
  facet normal 0 1 -0
    outer loop
      vertex -18.3914 -35.6 15.3025
      vertex -19.6902 -35.6 18.0371
      vertex -18.2846 -35.6 15.3384
    endloop
  endfacet
  facet normal 0 1 0
    outer loop
      vertex -18.3914 -35.6 15.3025
      vertex -19.7285 -35.6 18.0114
      vertex -19.6902 -35.6 18.0371
    endloop
  endfacet
  facet normal 0 1 0
    outer loop
      vertex -18.4999 -35.6 15.2687
      vertex -19.7683 -35.6 17.9871
      vertex -19.7285 -35.6 18.0114
    endloop
  endfacet
  facet normal 0 1 0
    outer loop
      vertex -18.4999 -35.6 15.2687
      vertex -18.6101 -35.6 15.2368
      vertex -19.7683 -35.6 17.9871
    endloop
  endfacet
  facet normal 0 1 0
    outer loop
      vertex -19.7683 -35.6 17.9871
      vertex -18.6101 -35.6 15.2368
      vertex -18.7219 -35.6 15.2071
    endloop
  endfacet
  facet normal -0 1 0
    outer loop
      vertex -19.8098 -35.6 17.9642
      vertex -19.7683 -35.6 17.9871
      vertex -18.7219 -35.6 15.2071
    endloop
  endfacet
  facet normal -0 1 0
    outer loop
      vertex -19.8529 -35.6 17.9427
      vertex -19.8098 -35.6 17.9642
      vertex -18.8354 -35.6 15.1794
    endloop
  endfacet
  facet normal 0 1 -0
    outer loop
      vertex -18.9506 -35.6 15.1537
      vertex -19.8529 -35.6 17.9427
      vertex -18.8354 -35.6 15.1794
    endloop
  endfacet
  facet normal 0 1 0
    outer loop
      vertex -18.9506 -35.6 15.1537
      vertex -19.8976 -35.6 17.9226
      vertex -19.8529 -35.6 17.9427
    endloop
  endfacet
  facet normal 0 1 0
    outer loop
      vertex -18.9506 -35.6 15.1537
      vertex -19.0675 -35.6 15.1302
      vertex -19.8976 -35.6 17.9226
    endloop
  endfacet
  facet normal 0 1 0
    outer loop
      vertex -19.8976 -35.6 17.9226
      vertex -19.0675 -35.6 15.1302
      vertex -19.9439 -35.6 17.9038
    endloop
  endfacet
  facet normal 0 1 0
    outer loop
      vertex -19.9439 -35.6 17.9038
      vertex -19.0675 -35.6 15.1302
      vertex -19.186 -35.6 15.1086
    endloop
  endfacet
  facet normal -0 1 0
    outer loop
      vertex -19.9919 -35.6 17.8865
      vertex -19.9439 -35.6 17.9038
      vertex -19.186 -35.6 15.1086
    endloop
  endfacet
  facet normal 0 1 -0
    outer loop
      vertex -19.3062 -35.6 15.0891
      vertex -19.9919 -35.6 17.8865
      vertex -19.186 -35.6 15.1086
    endloop
  endfacet
  facet normal 0 1 0
    outer loop
      vertex -19.3062 -35.6 15.0891
      vertex -19.4281 -35.6 15.0717
      vertex -19.9919 -35.6 17.8865
    endloop
  endfacet
  facet normal 0 1 0
    outer loop
      vertex -19.9919 -35.6 17.8865
      vertex -19.4281 -35.6 15.0717
      vertex -20.0414 -35.6 17.8705
    endloop
  endfacet
  facet normal 0 1 0
    outer loop
      vertex -20.0414 -35.6 17.8705
      vertex -19.4281 -35.6 15.0717
      vertex -19.5517 -35.6 15.0563
    endloop
  endfacet
  facet normal -0 1 0
    outer loop
      vertex -20.0925 -35.6 17.8559
      vertex -20.0414 -35.6 17.8705
      vertex -19.5517 -35.6 15.0563
    endloop
  endfacet
  facet normal 0 1 -0
    outer loop
      vertex -19.6769 -35.6 15.0429
      vertex -20.0925 -35.6 17.8559
      vertex -19.5517 -35.6 15.0563
    endloop
  endfacet
  facet normal 0 1 0
    outer loop
      vertex -19.6769 -35.6 15.0429
      vertex -20.1453 -35.6 17.8427
      vertex -20.0925 -35.6 17.8559
    endloop
  endfacet
  facet normal 0 1 0
    outer loop
      vertex -19.6769 -35.6 15.0429
      vertex -19.8038 -35.6 15.0317
      vertex -20.1453 -35.6 17.8427
    endloop
  endfacet
  facet normal 0 1 0
    outer loop
      vertex -20.1453 -35.6 17.8427
      vertex -19.8038 -35.6 15.0317
      vertex -20.1996 -35.6 17.8309
    endloop
  endfacet
  facet normal 0 1 0
    outer loop
      vertex -20.1996 -35.6 17.8309
      vertex -19.8038 -35.6 15.0317
      vertex -20.2556 -35.6 17.8205
    endloop
  endfacet
  facet normal 0 1 0
    outer loop
      vertex -20.2556 -35.6 17.8205
      vertex -19.8038 -35.6 15.0317
      vertex -19.9324 -35.6 15.0224
    endloop
  endfacet
  facet normal -0 1 0
    outer loop
      vertex -20.3132 -35.6 17.8115
      vertex -20.2556 -35.6 17.8205
      vertex -19.9324 -35.6 15.0224
    endloop
  endfacet
  facet normal 0 1 -0
    outer loop
      vertex -20.0626 -35.6 15.0153
      vertex -20.3132 -35.6 17.8115
      vertex -19.9324 -35.6 15.0224
    endloop
  endfacet
  facet normal 0 1 0
    outer loop
      vertex -20.0626 -35.6 15.0153
      vertex -20.3724 -35.6 17.8038
      vertex -20.3132 -35.6 17.8115
    endloop
  endfacet
  facet normal 0 1 0
    outer loop
      vertex -20.0626 -35.6 15.0153
      vertex -20.1945 -35.6 15.0101
      vertex -20.3724 -35.6 17.8038
    endloop
  endfacet
  facet normal 0 1 0
    outer loop
      vertex -20.3724 -35.6 17.8038
      vertex -20.1945 -35.6 15.0101
      vertex -20.4332 -35.6 17.7976
    endloop
  endfacet
  facet normal 0 1 0
    outer loop
      vertex -20.4332 -35.6 17.7976
      vertex -20.1945 -35.6 15.0101
      vertex -20.3281 -35.6 15.007
    endloop
  endfacet
  facet normal -0 1 0
    outer loop
      vertex -20.4956 -35.6 17.7927
      vertex -20.4332 -35.6 17.7976
      vertex -20.3281 -35.6 15.007
    endloop
  endfacet
  facet normal 0 1 -0
    outer loop
      vertex -20.4634 -35.6 15.006
      vertex -20.4956 -35.6 17.7927
      vertex -20.3281 -35.6 15.007
    endloop
  endfacet
  facet normal -0 1 0
    outer loop
      vertex -20.6253 -35.6 17.7872
      vertex -20.5596 -35.6 17.7893
      vertex -20.4634 -35.6 15.006
    endloop
  endfacet
  facet normal -0 1 0
    outer loop
      vertex -20.6925 -35.6 17.7865
      vertex -20.6253 -35.6 17.7872
      vertex -20.4634 -35.6 15.006
    endloop
  endfacet
  facet normal 0 1 0
    outer loop
      vertex -22.0064 -35.6 15.006
      vertex -20.6925 -35.6 17.7865
      vertex -20.4634 -35.6 15.006
    endloop
  endfacet
  facet normal 0 1 0
    outer loop
      vertex 2.99895 -35.6 19.7903
      vertex 5.32288 -35.6 22.1757
      vertex 5.44682 -35.6 22.0839
    endloop
  endfacet
  facet normal 0 1 -0
    outer loop
      vertex -11.976 -35.6 14.2422
      vertex -16.3588 -35.6 12.3784
      vertex -10.9778 -35.6 16.8393
    endloop
  endfacet
  facet normal 0 1 0
    outer loop
      vertex 6.8253 -35.6 19.533
      vertex 6.83855 -35.6 19.3716
      vertex 3.20665 -35.6 19.1929
    endloop
  endfacet
  facet normal 0 1 0
    outer loop
      vertex 6.75371 -35.6 19.9978
      vertex 3.19478 -35.6 19.2904
      vertex 3.18661 -35.6 19.3376
    endloop
  endfacet
  facet normal -0 1 0
    outer loop
      vertex 3.21333 -35.6 19.0391
      vertex 6.84915 -35.6 19.0391
      vertex 6.84793 -35.6 18.9274
    endloop
  endfacet
  facet normal 0 1 -0
    outer loop
      vertex 6.84424 -35.6 18.817
      vertex 3.21259 -35.6 18.9869
      vertex 6.84793 -35.6 18.9274
    endloop
  endfacet
  facet normal 0 1 0
    outer loop
      vertex 3.17697 -35.6 19.3838
      vertex 6.67947 -35.6 20.2916
      vertex 6.71924 -35.6 20.1463
    endloop
  endfacet
  facet normal 0 1 0
    outer loop
      vertex 6.84424 -35.6 18.817
      vertex 3.21036 -35.6 18.9356
      vertex 3.21259 -35.6 18.9869
    endloop
  endfacet
  facet normal -0 1 0
    outer loop
      vertex 3.20146 -35.6 18.8361
      vertex 3.20665 -35.6 18.8854
      vertex 6.80484 -35.6 18.3897
    endloop
  endfacet
  facet normal 0 1 0
    outer loop
      vertex 3.16585 -35.6 19.429
      vertex 6.58401 -35.6 20.5725
      vertex 6.6344 -35.6 20.4336
    endloop
  endfacet
  facet normal 0 1 -0
    outer loop
      vertex 6.78885 -35.6 18.2864
      vertex 3.20146 -35.6 18.8361
      vertex 6.80484 -35.6 18.3897
    endloop
  endfacet
  facet normal -0 1 0
    outer loop
      vertex 3.18661 -35.6 18.7407
      vertex 3.19478 -35.6 18.7879
      vertex 6.74945 -35.6 18.0842
    endloop
  endfacet
  facet normal 0 1 0
    outer loop
      vertex 6.52834 -35.6 20.7081
      vertex 3.15324 -35.6 19.4732
      vertex 6.46736 -35.6 20.8405
    endloop
  endfacet
  facet normal 0 1 0
    outer loop
      vertex 10.1157 -35.6 20.2765
      vertex 13.721 -35.6 12.3784
      vertex 10.1157 -35.6 12.3784
    endloop
  endfacet
  facet normal 0 1 -0
    outer loop
      vertex 3.15324 -35.6 19.4732
      vertex 3.13914 -35.6 19.5164
      vertex 6.46736 -35.6 20.8405
    endloop
  endfacet
  facet normal 0 1 -0
    outer loop
      vertex 6.64113 -35.6 17.6967
      vertex 3.17697 -35.6 18.6945
      vertex 6.67191 -35.6 17.7914
    endloop
  endfacet
  facet normal 0 1 0
    outer loop
      vertex 3.17697 -35.6 18.6945
      vertex 6.60789 -35.6 17.6034
      vertex 3.16585 -35.6 18.6492
    endloop
  endfacet
  facet normal -0 1 0
    outer loop
      vertex 10.1157 -35.6 20.2765
      vertex 13.721 -35.6 20.2765
      vertex 13.721 -35.6 12.3784
    endloop
  endfacet
  facet normal 0 1 -0
    outer loop
      vertex 6.53404 -35.6 17.421
      vertex 3.16585 -35.6 18.6492
      vertex 6.5722 -35.6 17.5115
    endloop
  endfacet
  facet normal 0 1 0
    outer loop
      vertex 6.53404 -35.6 17.421
      vertex 3.15324 -35.6 18.6051
      vertex 3.16585 -35.6 18.6492
    endloop
  endfacet
  facet normal 0 1 0
    outer loop
      vertex 16.8527 -35.6 23.0722
      vertex 16.8527 -35.6 20.2765
      vertex 13.721 -35.6 20.2765
    endloop
  endfacet
  facet normal 0 1 0
    outer loop
      vertex 3.15324 -35.6 18.6051
      vertex 6.49342 -35.6 17.3319
      vertex 6.45035 -35.6 17.2443
    endloop
  endfacet
  facet normal 0 1 0
    outer loop
      vertex 4.77849 -35.6 22.4985
      vertex 4.92188 -35.6 22.4245
      vertex 2.9166 -35.6 19.8926
    endloop
  endfacet
  facet normal 0 1 0
    outer loop
      vertex 2.74915 -35.6 20.0411
      vertex 3.98863 -35.6 22.801
      vertex 4.15633 -35.6 22.7495
    endloop
  endfacet
  facet normal 0 1 0
    outer loop
      vertex 2.78581 -35.6 20.014
      vertex 4.15633 -35.6 22.7495
      vertex 4.31917 -35.6 22.6934
    endloop
  endfacet
  facet normal -0 1 0
    outer loop
      vertex 2.78581 -35.6 20.014
      vertex 4.31917 -35.6 22.6934
      vertex 2.82085 -35.6 19.9855
    endloop
  endfacet
  facet normal -0 1 0
    outer loop
      vertex 2.54173 -35.6 20.1557
      vertex 3.45639 -35.6 22.9288
      vertex 2.58643 -35.6 20.1356
    endloop
  endfacet
  facet normal 0 1 0
    outer loop
      vertex 2.54173 -35.6 20.1557
      vertex 3.26924 -35.6 22.9624
      vertex 3.45639 -35.6 22.9288
    endloop
  endfacet
  facet normal 0 1 0
    outer loop
      vertex 3.26924 -35.6 22.9624
      vertex 2.54173 -35.6 20.1557
      vertex 2.49541 -35.6 20.1744
    endloop
  endfacet
  facet normal -0 1 0
    outer loop
      vertex 2.44749 -35.6 20.1918
      vertex 3.26924 -35.6 22.9624
      vertex 2.49541 -35.6 20.1744
    endloop
  endfacet
  facet normal 0 1 0
    outer loop
      vertex 2.44749 -35.6 20.1918
      vertex 3.07724 -35.6 22.9915
      vertex 3.26924 -35.6 22.9624
    endloop
  endfacet
  facet normal 0 1 -0
    outer loop
      vertex 2.44749 -35.6 20.1918
      vertex 2.39795 -35.6 20.2078
      vertex 3.07724 -35.6 22.9915
    endloop
  endfacet
  facet normal 0 1 0
    outer loop
      vertex 3.07724 -35.6 22.9915
      vertex 2.39795 -35.6 20.2078
      vertex 2.88039 -35.6 23.0162
    endloop
  endfacet
  facet normal 0 1 0
    outer loop
      vertex 4.92188 -35.6 22.4245
      vertex 5.06041 -35.6 22.3461
      vertex 2.94553 -35.6 19.8595
    endloop
  endfacet
  facet normal -0 1 0
    outer loop
      vertex 2.3468 -35.6 20.2224
      vertex 2.88039 -35.6 23.0162
      vertex 2.39795 -35.6 20.2078
    endloop
  endfacet
  facet normal 0 1 0
    outer loop
      vertex 16.8527 -35.6 23.0722
      vertex 13.721 -35.6 20.2765
      vertex 6.98395 -35.6 23.0722
    endloop
  endfacet
  facet normal -0 1 0
    outer loop
      vertex 2.97298 -35.6 19.8254
      vertex 5.32288 -35.6 22.1757
      vertex 2.99895 -35.6 19.7903
    endloop
  endfacet
  facet normal -0 1 0
    outer loop
      vertex 2.23969 -35.6 20.2474
      vertex 2.67865 -35.6 23.0363
      vertex 2.29405 -35.6 20.2356
    endloop
  endfacet
  facet normal 0 1 0
    outer loop
      vertex 5.6799 -35.6 21.8873
      vertex 3.02342 -35.6 19.7542
      vertex 5.5659 -35.6 21.9875
    endloop
  endfacet
  facet normal 0 1 -0
    outer loop
      vertex 2.23969 -35.6 20.2474
      vertex 2.18372 -35.6 20.2578
      vertex 2.67865 -35.6 23.0363
    endloop
  endfacet
  facet normal 0 1 0
    outer loop
      vertex 2.67865 -35.6 23.0363
      vertex 2.18372 -35.6 20.2578
      vertex 2.47208 -35.6 23.052
    endloop
  endfacet
  facet normal 0 1 0
    outer loop
      vertex 2.47208 -35.6 23.052
      vertex 2.18372 -35.6 20.2578
      vertex 2.12613 -35.6 20.2668
    endloop
  endfacet
  facet normal 0 1 0
    outer loop
      vertex 2.26062 -35.6 23.0632
      vertex 2.47208 -35.6 23.052
      vertex 2.12613 -35.6 20.2668
    endloop
  endfacet
  facet normal -0 1 0
    outer loop
      vertex 2.06694 -35.6 20.2745
      vertex 2.26062 -35.6 23.0632
      vertex 2.12613 -35.6 20.2668
    endloop
  endfacet
  facet normal 0 1 -0
    outer loop
      vertex 2.06694 -35.6 20.2745
      vertex 2.00613 -35.6 20.2807
      vertex 2.26062 -35.6 23.0632
    endloop
  endfacet
  facet normal 0 1 0
    outer loop
      vertex 2.26062 -35.6 23.0632
      vertex 2.00613 -35.6 20.2807
      vertex 2.04431 -35.6 23.07
    endloop
  endfacet
  facet normal 0 1 0
    outer loop
      vertex 3.13914 -35.6 18.5619
      vertex 6.4048 -35.6 17.1581
      vertex 6.3568 -35.6 17.0733
    endloop
  endfacet
  facet normal -0 1 0
    outer loop
      vertex 1.94371 -35.6 20.2856
      vertex 2.04431 -35.6 23.07
      vertex 2.00613 -35.6 20.2807
    endloop
  endfacet
  facet normal 0 1 -0
    outer loop
      vertex 1.94371 -35.6 20.2856
      vertex 1.87968 -35.6 20.2891
      vertex 2.04431 -35.6 23.07
    endloop
  endfacet
  facet normal 0 1 0
    outer loop
      vertex 2.04431 -35.6 23.07
      vertex 1.87968 -35.6 20.2891
      vertex 1.82315 -35.6 23.0722
    endloop
  endfacet
  facet normal 0 1 0
    outer loop
      vertex 1.82315 -35.6 23.0722
      vertex 1.87968 -35.6 20.2891
      vertex 1.81406 -35.6 20.2911
    endloop
  endfacet
  facet normal -0 1 0
    outer loop
      vertex 1.74681 -35.6 20.2918
      vertex 1.82315 -35.6 23.0722
      vertex 1.81406 -35.6 20.2911
    endloop
  endfacet
  facet normal 0 1 -0
    outer loop
      vertex 1.74681 -35.6 20.2918
      vertex 0.432968 -35.6 20.2918
      vertex 1.82315 -35.6 23.0722
    endloop
  endfacet
  facet normal 0 1 0
    outer loop
      vertex 2.97298 -35.6 18.2528
      vertex 5.21017 -35.6 15.8846
      vertex 5.12421 -35.6 15.8303
    endloop
  endfacet
  facet normal -0 1 0
    outer loop
      vertex -3.17238 -35.6 23.0722
      vertex 1.82315 -35.6 23.0722
      vertex 0.432968 -35.6 20.2918
    endloop
  endfacet
  facet normal 0 1 0
    outer loop
      vertex -3.17238 -35.6 12.3784
      vertex 0.432968 -35.6 15.0672
      vertex 0.432968 -35.6 12.3784
    endloop
  endfacet
  facet normal 0 1 -0
    outer loop
      vertex 0.432968 -35.6 15.0672
      vertex -3.17238 -35.6 12.3784
      vertex 0.432968 -35.6 17.7865
    endloop
  endfacet
  facet normal 0 1 0
    outer loop
      vertex -3.17238 -35.6 23.0722
      vertex 0.432968 -35.6 20.2918
      vertex 0.432968 -35.6 17.7865
    endloop
  endfacet
  facet normal 0 1 0
    outer loop
      vertex 6.3568 -35.6 17.0733
      vertex 6.30632 -35.6 16.9899
      vertex 3.13914 -35.6 18.5619
    endloop
  endfacet
  facet normal 0 1 -0
    outer loop
      vertex 2.85429 -35.6 19.9557
      vertex 2.82085 -35.6 19.9855
      vertex 4.47713 -35.6 22.6329
    endloop
  endfacet
  facet normal 0 1 0
    outer loop
      vertex 2.82085 -35.6 19.9855
      vertex 4.31917 -35.6 22.6934
      vertex 4.47713 -35.6 22.6329
    endloop
  endfacet
  facet normal 0 1 -0
    outer loop
      vertex 2.88618 -35.6 19.9246
      vertex 2.85429 -35.6 19.9557
      vertex 4.63025 -35.6 22.5679
    endloop
  endfacet
  facet normal 0 1 0
    outer loop
      vertex 2.85429 -35.6 19.9557
      vertex 4.47713 -35.6 22.6329
      vertex 4.63025 -35.6 22.5679
    endloop
  endfacet
  facet normal 0 1 0
    outer loop
      vertex 4.77849 -35.6 22.4985
      vertex 2.88618 -35.6 19.9246
      vertex 4.63025 -35.6 22.5679
    endloop
  endfacet
  facet normal 0 1 0
    outer loop
      vertex 4.77849 -35.6 22.4985
      vertex 2.9166 -35.6 19.8926
      vertex 2.88618 -35.6 19.9246
    endloop
  endfacet
  facet normal 0 1 0
    outer loop
      vertex 4.92188 -35.6 22.4245
      vertex 2.94553 -35.6 19.8595
      vertex 2.9166 -35.6 19.8926
    endloop
  endfacet
  facet normal 0 1 0
    outer loop
      vertex 5.19408 -35.6 22.2631
      vertex 2.97298 -35.6 19.8254
      vertex 2.94553 -35.6 19.8595
    endloop
  endfacet
  facet normal 0 1 0
    outer loop
      vertex 5.19408 -35.6 22.2631
      vertex 2.94553 -35.6 19.8595
      vertex 5.06041 -35.6 22.3461
    endloop
  endfacet
  facet normal 0 1 0
    outer loop
      vertex 5.19408 -35.6 22.2631
      vertex 5.32288 -35.6 22.1757
      vertex 2.97298 -35.6 19.8254
    endloop
  endfacet
  facet normal 0 1 -0
    outer loop
      vertex 3.02342 -35.6 19.7542
      vertex 2.99895 -35.6 19.7903
      vertex 5.44682 -35.6 22.0839
    endloop
  endfacet
  facet normal 0 1 0
    outer loop
      vertex 5.5659 -35.6 21.9875
      vertex 3.02342 -35.6 19.7542
      vertex 5.44682 -35.6 22.0839
    endloop
  endfacet
  facet normal 0 1 0
    outer loop
      vertex 5.6799 -35.6 21.8873
      vertex 3.04642 -35.6 19.7171
      vertex 3.02342 -35.6 19.7542
    endloop
  endfacet
  facet normal -0 1 0
    outer loop
      vertex 3.04642 -35.6 19.7171
      vertex 5.78862 -35.6 21.7838
      vertex 3.06793 -35.6 19.6789
    endloop
  endfacet
  facet normal 0 1 0
    outer loop
      vertex 5.6799 -35.6 21.8873
      vertex 5.78862 -35.6 21.7838
      vertex 3.04642 -35.6 19.7171
    endloop
  endfacet
  facet normal 0 1 0
    outer loop
      vertex 3.06793 -35.6 19.6789
      vertex 5.89201 -35.6 21.6772
      vertex 5.99011 -35.6 21.5673
    endloop
  endfacet
  facet normal 0 1 0
    outer loop
      vertex 5.78862 -35.6 21.7838
      vertex 5.89201 -35.6 21.6772
      vertex 3.06793 -35.6 19.6789
    endloop
  endfacet
  facet normal -0 1 0
    outer loop
      vertex 3.08797 -35.6 19.6398
      vertex 6.08292 -35.6 21.4542
      vertex 3.10651 -35.6 19.5997
    endloop
  endfacet
  facet normal 0 1 0
    outer loop
      vertex 5.99011 -35.6 21.5673
      vertex 6.08292 -35.6 21.4542
      vertex 3.08797 -35.6 19.6398
    endloop
  endfacet
  facet normal 0 1 0
    outer loop
      vertex 3.10651 -35.6 19.5997
      vertex 6.17041 -35.6 21.3379
      vertex 6.25259 -35.6 21.2184
    endloop
  endfacet
  facet normal 0 1 0
    outer loop
      vertex 6.08292 -35.6 21.4542
      vertex 6.17041 -35.6 21.3379
      vertex 3.10651 -35.6 19.5997
    endloop
  endfacet
  facet normal -0 1 0
    outer loop
      vertex 3.12357 -35.6 19.5585
      vertex 6.32948 -35.6 21.0957
      vertex 3.13914 -35.6 19.5164
    endloop
  endfacet
  facet normal 0 1 0
    outer loop
      vertex 6.25259 -35.6 21.2184
      vertex 6.32948 -35.6 21.0957
      vertex 3.12357 -35.6 19.5585
    endloop
  endfacet
  facet normal 0 1 0
    outer loop
      vertex 3.13914 -35.6 19.5164
      vertex 6.40108 -35.6 20.9697
      vertex 6.46736 -35.6 20.8405
    endloop
  endfacet
  facet normal -0 1 0
    outer loop
      vertex 3.15324 -35.6 19.4732
      vertex 6.58401 -35.6 20.5725
      vertex 3.16585 -35.6 19.429
    endloop
  endfacet
  facet normal 0 1 0
    outer loop
      vertex 6.52834 -35.6 20.7081
      vertex 6.58401 -35.6 20.5725
      vertex 3.15324 -35.6 19.4732
    endloop
  endfacet
  facet normal 0 1 0
    outer loop
      vertex 6.6344 -35.6 20.4336
      vertex 6.67947 -35.6 20.2916
      vertex 3.17697 -35.6 19.3838
    endloop
  endfacet
  facet normal 0 1 0
    outer loop
      vertex 6.6344 -35.6 20.4336
      vertex 3.17697 -35.6 19.3838
      vertex 3.16585 -35.6 19.429
    endloop
  endfacet
  facet normal 0 1 0
    outer loop
      vertex 6.71924 -35.6 20.1463
      vertex 6.75371 -35.6 19.9978
      vertex 3.18661 -35.6 19.3376
    endloop
  endfacet
  facet normal 0 1 0
    outer loop
      vertex 6.71924 -35.6 20.1463
      vertex 3.18661 -35.6 19.3376
      vertex 3.17697 -35.6 19.3838
    endloop
  endfacet
  facet normal 0 1 0
    outer loop
      vertex 6.78287 -35.6 19.846
      vertex 3.20146 -35.6 19.2422
      vertex 3.19478 -35.6 19.2904
    endloop
  endfacet
  facet normal 0 1 0
    outer loop
      vertex 6.78287 -35.6 19.846
      vertex 3.19478 -35.6 19.2904
      vertex 6.75371 -35.6 19.9978
    endloop
  endfacet
  facet normal 0 1 0
    outer loop
      vertex 6.8253 -35.6 19.533
      vertex 3.20665 -35.6 19.1929
      vertex 6.80673 -35.6 19.6911
    endloop
  endfacet
  facet normal 0 1 -0
    outer loop
      vertex 3.20665 -35.6 19.1929
      vertex 3.20146 -35.6 19.2422
      vertex 6.80673 -35.6 19.6911
    endloop
  endfacet
  facet normal 0 1 0
    outer loop
      vertex 6.84651 -35.6 19.207
      vertex 3.21036 -35.6 19.1427
      vertex 6.83855 -35.6 19.3716
    endloop
  endfacet
  facet normal 0 1 -0
    outer loop
      vertex 3.21036 -35.6 19.1427
      vertex 3.20665 -35.6 19.1929
      vertex 6.83855 -35.6 19.3716
    endloop
  endfacet
  facet normal 0 1 -0
    outer loop
      vertex 3.21333 -35.6 19.0391
      vertex 3.21259 -35.6 19.0914
      vertex 6.84915 -35.6 19.0391
    endloop
  endfacet
  facet normal -0 1 0
    outer loop
      vertex 3.21259 -35.6 19.0914
      vertex 6.84651 -35.6 19.207
      vertex 6.84915 -35.6 19.0391
    endloop
  endfacet
  facet normal -0 1 0
    outer loop
      vertex 3.21259 -35.6 18.9869
      vertex 3.21333 -35.6 19.0391
      vertex 6.84793 -35.6 18.9274
    endloop
  endfacet
  facet normal 0 1 0
    outer loop
      vertex 3.21036 -35.6 18.9356
      vertex 6.83807 -35.6 18.708
      vertex 6.82947 -35.6 18.6005
    endloop
  endfacet
  facet normal 0 1 0
    outer loop
      vertex 6.84424 -35.6 18.817
      vertex 6.83807 -35.6 18.708
      vertex 3.21036 -35.6 18.9356
    endloop
  endfacet
  facet normal 0 1 0
    outer loop
      vertex 3.20665 -35.6 18.8854
      vertex 6.81839 -35.6 18.4944
      vertex 6.80484 -35.6 18.3897
    endloop
  endfacet
  facet normal 0 1 0
    outer loop
      vertex 6.82947 -35.6 18.6005
      vertex 6.81839 -35.6 18.4944
      vertex 3.20665 -35.6 18.8854
    endloop
  endfacet
  facet normal 0 1 0
    outer loop
      vertex 6.78885 -35.6 18.2864
      vertex 3.19478 -35.6 18.7879
      vertex 3.20146 -35.6 18.8361
    endloop
  endfacet
  facet normal 0 1 0
    outer loop
      vertex 3.19478 -35.6 18.7879
      vertex 6.77039 -35.6 18.1846
      vertex 6.74945 -35.6 18.0842
    endloop
  endfacet
  facet normal 0 1 0
    outer loop
      vertex 3.18661 -35.6 18.7407
      vertex 6.70021 -35.6 17.8876
      vertex 6.67191 -35.6 17.7914
    endloop
  endfacet
  facet normal 0 1 0
    outer loop
      vertex 6.72607 -35.6 17.9852
      vertex 6.70021 -35.6 17.8876
      vertex 3.18661 -35.6 18.7407
    endloop
  endfacet
  facet normal 0 1 0
    outer loop
      vertex 6.64113 -35.6 17.6967
      vertex 6.60789 -35.6 17.6034
      vertex 3.17697 -35.6 18.6945
    endloop
  endfacet
  facet normal 0 1 0
    outer loop
      vertex 3.16585 -35.6 18.6492
      vertex 6.60789 -35.6 17.6034
      vertex 6.5722 -35.6 17.5115
    endloop
  endfacet
  facet normal 0 1 0
    outer loop
      vertex 6.53404 -35.6 17.421
      vertex 6.49342 -35.6 17.3319
      vertex 3.15324 -35.6 18.6051
    endloop
  endfacet
  facet normal 0 1 -0
    outer loop
      vertex 6.4048 -35.6 17.1581
      vertex 3.15324 -35.6 18.6051
      vertex 6.45035 -35.6 17.2443
    endloop
  endfacet
  facet normal 0 1 -0
    outer loop
      vertex 5.03619 -35.6 15.7777
      vertex 2.97298 -35.6 18.2528
      vertex 5.12421 -35.6 15.8303
    endloop
  endfacet
  facet normal 0 1 0
    outer loop
      vertex 6.30632 -35.6 16.9899
      vertex 3.12357 -35.6 18.5197
      vertex 3.13914 -35.6 18.5619
    endloop
  endfacet
  facet normal 0 1 0
    outer loop
      vertex 6.30632 -35.6 16.9899
      vertex 6.2534 -35.6 16.9079
      vertex 3.12357 -35.6 18.5197
    endloop
  endfacet
  facet normal 0 1 0
    outer loop
      vertex 3.12357 -35.6 18.5197
      vertex 6.2534 -35.6 16.9079
      vertex 6.19821 -35.6 16.8275
    endloop
  endfacet
  facet normal 0 1 -0
    outer loop
      vertex 6.14098 -35.6 16.7489
      vertex 3.12357 -35.6 18.5197
      vertex 6.19821 -35.6 16.8275
    endloop
  endfacet
  facet normal 0 1 0
    outer loop
      vertex 6.14098 -35.6 16.7489
      vertex 3.10651 -35.6 18.4785
      vertex 3.12357 -35.6 18.5197
    endloop
  endfacet
  facet normal 0 1 0
    outer loop
      vertex 6.14098 -35.6 16.7489
      vertex 6.08168 -35.6 16.672
      vertex 3.10651 -35.6 18.4785
    endloop
  endfacet
  facet normal 0 1 0
    outer loop
      vertex 3.10651 -35.6 18.4785
      vertex 6.08168 -35.6 16.672
      vertex 6.02034 -35.6 16.5968
    endloop
  endfacet
  facet normal -0 1 0
    outer loop
      vertex 3.08797 -35.6 18.4384
      vertex 3.10651 -35.6 18.4785
      vertex 6.02034 -35.6 16.5968
    endloop
  endfacet
  facet normal 0 1 -0
    outer loop
      vertex 5.95695 -35.6 16.5234
      vertex 3.08797 -35.6 18.4384
      vertex 6.02034 -35.6 16.5968
    endloop
  endfacet
  facet normal 0 1 0
    outer loop
      vertex 5.95695 -35.6 16.5234
      vertex 5.89151 -35.6 16.4517
      vertex 3.08797 -35.6 18.4384
    endloop
  endfacet
  facet normal 0 1 0
    outer loop
      vertex 3.08797 -35.6 18.4384
      vertex 5.89151 -35.6 16.4517
      vertex 3.06793 -35.6 18.3993
    endloop
  endfacet
  facet normal 0 1 0
    outer loop
      vertex 3.06793 -35.6 18.3993
      vertex 5.89151 -35.6 16.4517
      vertex 5.82401 -35.6 16.3818
    endloop
  endfacet
  facet normal 0 1 -0
    outer loop
      vertex 5.75446 -35.6 16.3135
      vertex 3.06793 -35.6 18.3993
      vertex 5.82401 -35.6 16.3818
    endloop
  endfacet
  facet normal 0 1 0
    outer loop
      vertex 5.75446 -35.6 16.3135
      vertex 5.68286 -35.6 16.2471
      vertex 3.06793 -35.6 18.3993
    endloop
  endfacet
  facet normal 0 1 0
    outer loop
      vertex 3.06793 -35.6 18.3993
      vertex 5.68286 -35.6 16.2471
      vertex 3.04642 -35.6 18.3611
    endloop
  endfacet
  facet normal 0 1 0
    outer loop
      vertex 3.04642 -35.6 18.3611
      vertex 5.68286 -35.6 16.2471
      vertex 5.60921 -35.6 16.1823
    endloop
  endfacet
  facet normal 0 1 -0
    outer loop
      vertex 5.53351 -35.6 16.1193
      vertex 3.04642 -35.6 18.3611
      vertex 5.60921 -35.6 16.1823
    endloop
  endfacet
  facet normal 0 1 0
    outer loop
      vertex 5.53351 -35.6 16.1193
      vertex 3.02342 -35.6 18.324
      vertex 3.04642 -35.6 18.3611
    endloop
  endfacet
  facet normal 0 1 0
    outer loop
      vertex 5.53351 -35.6 16.1193
      vertex 5.45575 -35.6 16.058
      vertex 3.02342 -35.6 18.324
    endloop
  endfacet
  facet normal 0 1 0
    outer loop
      vertex 3.02342 -35.6 18.324
      vertex 5.45575 -35.6 16.058
      vertex 5.37595 -35.6 15.9985
    endloop
  endfacet
  facet normal -0 1 0
    outer loop
      vertex 2.99895 -35.6 18.2879
      vertex 3.02342 -35.6 18.324
      vertex 5.37595 -35.6 15.9985
    endloop
  endfacet
  facet normal 0 1 -0
    outer loop
      vertex 5.29408 -35.6 15.9407
      vertex 2.99895 -35.6 18.2879
      vertex 5.37595 -35.6 15.9985
    endloop
  endfacet
  facet normal 0 1 0
    outer loop
      vertex 5.29408 -35.6 15.9407
      vertex 5.21017 -35.6 15.8846
      vertex 2.99895 -35.6 18.2879
    endloop
  endfacet
  facet normal 0 1 0
    outer loop
      vertex 2.99895 -35.6 18.2879
      vertex 5.21017 -35.6 15.8846
      vertex 2.97298 -35.6 18.2528
    endloop
  endfacet
  facet normal 0 1 0
    outer loop
      vertex 5.03619 -35.6 15.7777
      vertex 2.94553 -35.6 18.2187
      vertex 2.97298 -35.6 18.2528
    endloop
  endfacet
  facet normal 0 1 0
    outer loop
      vertex 5.03619 -35.6 15.7777
      vertex 4.94612 -35.6 15.7268
      vertex 2.94553 -35.6 18.2187
    endloop
  endfacet
  facet normal 0 1 0
    outer loop
      vertex 2.94553 -35.6 18.2187
      vertex 4.94612 -35.6 15.7268
      vertex 2.9166 -35.6 18.1856
    endloop
  endfacet
  facet normal 0 1 0
    outer loop
      vertex 2.9166 -35.6 18.1856
      vertex 4.94612 -35.6 15.7268
      vertex 4.854 -35.6 15.6777
    endloop
  endfacet
  facet normal 0 1 -0
    outer loop
      vertex 4.834 -35.6 15.6676
      vertex 2.9166 -35.6 18.1856
      vertex 4.854 -35.6 15.6777
    endloop
  endfacet
  facet normal 0 1 0
    outer loop
      vertex 4.834 -35.6 15.6676
      vertex 2.88618 -35.6 18.1536
      vertex 2.9166 -35.6 18.1856
    endloop
  endfacet
  facet normal 0 1 0
    outer loop
      vertex 4.834 -35.6 15.6676
      vertex 2.85429 -35.6 18.1225
      vertex 2.88618 -35.6 18.1536
    endloop
  endfacet
  facet normal 0 1 0
    outer loop
      vertex 4.834 -35.6 15.6676
      vertex 2.82085 -35.6 18.0927
      vertex 2.85429 -35.6 18.1225
    endloop
  endfacet
  facet normal 0 1 0
    outer loop
      vertex 4.834 -35.6 15.6676
      vertex 2.78581 -35.6 18.0642
      vertex 2.82085 -35.6 18.0927
    endloop
  endfacet
  facet normal 0 1 0
    outer loop
      vertex 4.834 -35.6 15.6676
      vertex 2.74915 -35.6 18.0371
      vertex 2.78581 -35.6 18.0642
    endloop
  endfacet
  facet normal 0 1 0
    outer loop
      vertex 4.834 -35.6 15.6676
      vertex 2.71089 -35.6 18.0114
      vertex 2.74915 -35.6 18.0371
    endloop
  endfacet
  facet normal 0 1 0
    outer loop
      vertex 4.834 -35.6 15.6676
      vertex 2.67101 -35.6 17.9871
      vertex 2.71089 -35.6 18.0114
    endloop
  endfacet
  facet normal 0 1 0
    outer loop
      vertex 4.834 -35.6 15.6676
      vertex 2.62953 -35.6 17.9642
      vertex 2.67101 -35.6 17.9871
    endloop
  endfacet
  facet normal 0 1 0
    outer loop
      vertex 4.834 -35.6 15.6676
      vertex 2.58643 -35.6 17.9427
      vertex 2.62953 -35.6 17.9642
    endloop
  endfacet
  facet normal 0 1 0
    outer loop
      vertex 4.834 -35.6 15.6676
      vertex 2.54173 -35.6 17.9226
      vertex 2.58643 -35.6 17.9427
    endloop
  endfacet
  facet normal 0 1 0
    outer loop
      vertex 4.834 -35.6 15.6676
      vertex 2.49541 -35.6 17.9038
      vertex 2.54173 -35.6 17.9226
    endloop
  endfacet
  facet normal 0 1 0
    outer loop
      vertex 4.834 -35.6 15.6676
      vertex 2.44749 -35.6 17.8865
      vertex 2.49541 -35.6 17.9038
    endloop
  endfacet
  facet normal 0 1 0
    outer loop
      vertex 4.834 -35.6 15.6676
      vertex 2.39795 -35.6 17.8705
      vertex 2.44749 -35.6 17.8865
    endloop
  endfacet
  facet normal 0 1 0
    outer loop
      vertex 4.834 -35.6 15.6676
      vertex 1.41504 -35.6 15.0672
      vertex 2.39795 -35.6 17.8705
    endloop
  endfacet
  facet normal 0 1 0
    outer loop
      vertex 2.39795 -35.6 17.8705
      vertex 1.41504 -35.6 15.0672
      vertex 2.3468 -35.6 17.8559
    endloop
  endfacet
  facet normal 0 1 0
    outer loop
      vertex 2.3468 -35.6 17.8559
      vertex 1.41504 -35.6 15.0672
      vertex 2.29405 -35.6 17.8427
    endloop
  endfacet
  facet normal 0 1 0
    outer loop
      vertex 2.29405 -35.6 17.8427
      vertex 1.41504 -35.6 15.0672
      vertex 2.23969 -35.6 17.8309
    endloop
  endfacet
  facet normal 0 1 0
    outer loop
      vertex 2.23969 -35.6 17.8309
      vertex 1.41504 -35.6 15.0672
      vertex 2.18372 -35.6 17.8205
    endloop
  endfacet
  facet normal 0 1 0
    outer loop
      vertex 2.18372 -35.6 17.8205
      vertex 1.41504 -35.6 15.0672
      vertex 2.12613 -35.6 17.8115
    endloop
  endfacet
  facet normal 0 1 0
    outer loop
      vertex 2.12613 -35.6 17.8115
      vertex 1.41504 -35.6 15.0672
      vertex 2.06694 -35.6 17.8038
    endloop
  endfacet
  facet normal 0 1 0
    outer loop
      vertex 2.06694 -35.6 17.8038
      vertex 1.41504 -35.6 15.0672
      vertex 2.00613 -35.6 17.7976
    endloop
  endfacet
  facet normal 0 1 0
    outer loop
      vertex 2.00613 -35.6 17.7976
      vertex 1.41504 -35.6 15.0672
      vertex 1.94371 -35.6 17.7927
    endloop
  endfacet
  facet normal 0 1 0
    outer loop
      vertex 1.94371 -35.6 17.7927
      vertex 1.41504 -35.6 15.0672
      vertex 1.87968 -35.6 17.7893
    endloop
  endfacet
  facet normal 0 1 0
    outer loop
      vertex 1.87968 -35.6 17.7893
      vertex 1.41504 -35.6 15.0672
      vertex 1.81406 -35.6 17.7872
    endloop
  endfacet
  facet normal 0 1 0
    outer loop
      vertex 1.81406 -35.6 17.7872
      vertex 1.41504 -35.6 15.0672
      vertex 1.74681 -35.6 17.7865
    endloop
  endfacet
  facet normal 0 1 0
    outer loop
      vertex 1.74681 -35.6 17.7865
      vertex 1.41504 -35.6 15.0672
      vertex 0.432968 -35.6 17.7865
    endloop
  endfacet
  facet normal 0 1 0
    outer loop
      vertex 6.98395 -35.6 20.2765
      vertex 6.98395 -35.6 23.0722
      vertex 10.1157 -35.6 20.2765
    endloop
  endfacet
  facet normal 0 1 -0
    outer loop
      vertex 10.1157 -35.6 20.2765
      vertex 6.98395 -35.6 23.0722
      vertex 13.721 -35.6 20.2765
    endloop
  endfacet
  facet normal 0 -1 0
    outer loop
      vertex 22.7442 -36.6 15.8575
      vertex 24.1964 -36.6 18.6267
      vertex 24.1395 -36.6 18.6459
    endloop
  endfacet
  facet normal 0 -1 0
    outer loop
      vertex 22.8927 -36.6 15.703
      vertex 25.3498 -36.6 18.0614
      vertex 25.3017 -36.6 18.093
    endloop
  endfacet
  facet normal -0 -1 0
    outer loop
      vertex 25.0044 -36.6 18.2711
      vertex 24.9534 -36.6 18.2988
      vertex 22.8636 -36.6 15.7446
    endloop
  endfacet
  facet normal 0 -1 -0
    outer loop
      vertex 23.7971 -36.6 18.7535
      vertex 22.6382 -36.6 15.9226
      vertex 23.8542 -36.6 18.7365
    endloop
  endfacet
  facet normal 0 -1 0
    outer loop
      vertex 22.5782 -36.6 15.9528
      vertex 23.6827 -36.6 18.7863
      vertex 23.6254 -36.6 18.8021
    endloop
  endfacet
  facet normal -0 -1 0
    outer loop
      vertex 23.7971 -36.6 18.7535
      vertex 23.7399 -36.6 18.7701
      vertex 22.6382 -36.6 15.9226
    endloop
  endfacet
  facet normal 0 -1 0
    outer loop
      vertex 23.8542 -36.6 18.7365
      vertex 22.6382 -36.6 15.9226
      vertex 22.6667 -36.6 15.9071
    endloop
  endfacet
  facet normal 0 -1 0
    outer loop
      vertex 22.6939 -36.6 15.8911
      vertex 23.9684 -36.6 18.7014
      vertex 23.9113 -36.6 18.7191
    endloop
  endfacet
  facet normal 0 -1 -0
    outer loop
      vertex 23.4535 -36.6 18.8474
      vertex 22.5147 -36.6 15.982
      vertex 23.5109 -36.6 18.8327
    endloop
  endfacet
  facet normal 0 -1 0
    outer loop
      vertex 22.5147 -36.6 15.982
      vertex 23.5682 -36.6 18.8176
      vertex 23.5109 -36.6 18.8327
    endloop
  endfacet
  facet normal 0 -1 0
    outer loop
      vertex 22.7675 -36.6 15.8399
      vertex 24.3095 -36.6 18.5866
      vertex 24.2532 -36.6 18.6069
    endloop
  endfacet
  facet normal 0 -1 0
    outer loop
      vertex 22.847 -36.6 15.7647
      vertex 24.902 -36.6 18.3259
      vertex 24.8502 -36.6 18.3524
    endloop
  endfacet
  facet normal 0 -1 0
    outer loop
      vertex 22.7197 -36.6 15.8745
      vertex 24.0255 -36.6 18.6833
      vertex 22.6939 -36.6 15.8911
    endloop
  endfacet
  facet normal 0 -1 0
    outer loop
      vertex 22.6086 -36.6 15.9378
      vertex 23.7399 -36.6 18.7701
      vertex 23.6827 -36.6 18.7863
    endloop
  endfacet
  facet normal 0 -1 -0
    outer loop
      vertex 23.5682 -36.6 18.8176
      vertex 22.5469 -36.6 15.9675
      vertex 23.6254 -36.6 18.8021
    endloop
  endfacet
  facet normal 0 -1 0
    outer loop
      vertex 22.8788 -36.6 15.724
      vertex 25.2531 -36.6 18.1241
      vertex 25.2042 -36.6 18.1547
    endloop
  endfacet
  facet normal 0 -1 0
    outer loop
      vertex 22.6086 -36.6 15.9378
      vertex 22.6382 -36.6 15.9226
      vertex 23.7399 -36.6 18.7701
    endloop
  endfacet
  facet normal -0 -1 0
    outer loop
      vertex 23.9113 -36.6 18.7191
      vertex 23.8542 -36.6 18.7365
      vertex 22.6667 -36.6 15.9071
    endloop
  endfacet
  facet normal 0 -1 0
    outer loop
      vertex 22.6939 -36.6 15.8911
      vertex 23.9113 -36.6 18.7191
      vertex 22.6667 -36.6 15.9071
    endloop
  endfacet
  facet normal -0 -1 0
    outer loop
      vertex 24.0255 -36.6 18.6833
      vertex 23.9684 -36.6 18.7014
      vertex 22.6939 -36.6 15.8911
    endloop
  endfacet
  facet normal 0 -1 0
    outer loop
      vertex 22.7197 -36.6 15.8745
      vertex 24.1395 -36.6 18.6459
      vertex 24.0825 -36.6 18.6648
    endloop
  endfacet
  facet normal 0 -1 0
    outer loop
      vertex 22.7442 -36.6 15.8575
      vertex 24.2532 -36.6 18.6069
      vertex 24.1964 -36.6 18.6267
    endloop
  endfacet
  facet normal 0 -1 0
    outer loop
      vertex 22.7442 -36.6 15.8575
      vertex 22.7675 -36.6 15.8399
      vertex 24.2532 -36.6 18.6069
    endloop
  endfacet
  facet normal 0 -1 0
    outer loop
      vertex 22.7893 -36.6 15.8219
      vertex 24.3654 -36.6 18.5658
      vertex 22.7675 -36.6 15.8399
    endloop
  endfacet
  facet normal -0 -1 0
    outer loop
      vertex 24.3654 -36.6 18.5658
      vertex 24.3095 -36.6 18.5866
      vertex 22.7675 -36.6 15.8399
    endloop
  endfacet
  facet normal 0 -1 -0
    outer loop
      vertex 24.4209 -36.6 18.5443
      vertex 22.7893 -36.6 15.8219
      vertex 24.476 -36.6 18.5223
    endloop
  endfacet
  facet normal 0 -1 -0
    outer loop
      vertex 24.3654 -36.6 18.5658
      vertex 22.7893 -36.6 15.8219
      vertex 24.4209 -36.6 18.5443
    endloop
  endfacet
  facet normal 0 -1 0
    outer loop
      vertex 24.1395 -36.6 18.6459
      vertex 22.7197 -36.6 15.8745
      vertex 22.7442 -36.6 15.8575
    endloop
  endfacet
  facet normal 0 -1 0
    outer loop
      vertex 24.476 -36.6 18.5223
      vertex 22.7893 -36.6 15.8219
      vertex 22.8099 -36.6 15.8033
    endloop
  endfacet
  facet normal 0 -1 -0
    outer loop
      vertex 24.476 -36.6 18.5223
      vertex 22.8099 -36.6 15.8033
      vertex 24.5307 -36.6 18.4998
    endloop
  endfacet
  facet normal 0 -1 0
    outer loop
      vertex 22.8099 -36.6 15.8033
      vertex 24.6388 -36.6 18.4529
      vertex 24.585 -36.6 18.4766
    endloop
  endfacet
  facet normal 0 -1 0
    outer loop
      vertex 22.8099 -36.6 15.8033
      vertex 24.585 -36.6 18.4766
      vertex 24.5307 -36.6 18.4998
    endloop
  endfacet
  facet normal -0 -1 0
    outer loop
      vertex 24.7453 -36.6 18.4038
      vertex 24.6923 -36.6 18.4287
      vertex 22.8291 -36.6 15.7843
    endloop
  endfacet
  facet normal 0 -1 0
    outer loop
      vertex 24.7979 -36.6 18.3784
      vertex 22.8291 -36.6 15.7843
      vertex 22.847 -36.6 15.7647
    endloop
  endfacet
  facet normal 0 -1 -0
    outer loop
      vertex 24.7979 -36.6 18.3784
      vertex 22.847 -36.6 15.7647
      vertex 24.8502 -36.6 18.3524
    endloop
  endfacet
  facet normal -0 -1 0
    outer loop
      vertex 24.9534 -36.6 18.2988
      vertex 24.902 -36.6 18.3259
      vertex 22.847 -36.6 15.7647
    endloop
  endfacet
  facet normal 0 -1 0
    outer loop
      vertex 25.1051 -36.6 18.214
      vertex 22.8636 -36.6 15.7446
      vertex 22.8788 -36.6 15.724
    endloop
  endfacet
  facet normal 0 -1 -0
    outer loop
      vertex 25.0549 -36.6 18.2428
      vertex 22.8636 -36.6 15.7446
      vertex 25.1051 -36.6 18.214
    endloop
  endfacet
  facet normal -0 -1 0
    outer loop
      vertex 25.3017 -36.6 18.093
      vertex 25.2531 -36.6 18.1241
      vertex 22.8927 -36.6 15.703
    endloop
  endfacet
  facet normal 0 -1 -0
    outer loop
      vertex 25.3498 -36.6 18.0614
      vertex 22.8927 -36.6 15.703
      vertex 25.3973 -36.6 18.029
    endloop
  endfacet
  facet normal 0 -1 0
    outer loop
      vertex 22.8927 -36.6 15.703
      vertex 25.4439 -36.6 17.9957
      vertex 25.3973 -36.6 18.029
    endloop
  endfacet
  facet normal 0 -1 0
    outer loop
      vertex 25.2531 -36.6 18.1241
      vertex 22.8788 -36.6 15.724
      vertex 22.8927 -36.6 15.703
    endloop
  endfacet
  facet normal -0 -1 0
    outer loop
      vertex 25.2042 -36.6 18.1547
      vertex 25.1549 -36.6 18.1846
      vertex 22.8788 -36.6 15.724
    endloop
  endfacet
  facet normal 0 -1 -0
    outer loop
      vertex 25.0044 -36.6 18.2711
      vertex 22.8636 -36.6 15.7446
      vertex 25.0549 -36.6 18.2428
    endloop
  endfacet
  facet normal 0 -1 0
    outer loop
      vertex 24.9534 -36.6 18.2988
      vertex 22.847 -36.6 15.7647
      vertex 22.8636 -36.6 15.7446
    endloop
  endfacet
  facet normal 0 -1 -0
    outer loop
      vertex 24.7453 -36.6 18.4038
      vertex 22.8291 -36.6 15.7843
      vertex 24.7979 -36.6 18.3784
    endloop
  endfacet
  facet normal -0 -1 0
    outer loop
      vertex 24.6923 -36.6 18.4287
      vertex 24.6388 -36.6 18.4529
      vertex 22.8291 -36.6 15.7843
    endloop
  endfacet
  facet normal 0 -1 0
    outer loop
      vertex 24.6388 -36.6 18.4529
      vertex 22.8099 -36.6 15.8033
      vertex 22.8291 -36.6 15.7843
    endloop
  endfacet
  facet normal -0 -1 0
    outer loop
      vertex 24.0825 -36.6 18.6648
      vertex 24.0255 -36.6 18.6833
      vertex 22.7197 -36.6 15.8745
    endloop
  endfacet
  facet normal 0 -1 0
    outer loop
      vertex 22.8788 -36.6 15.724
      vertex 25.1549 -36.6 18.1846
      vertex 25.1051 -36.6 18.214
    endloop
  endfacet
  facet normal 0 -1 0
    outer loop
      vertex 23.6827 -36.6 18.7863
      vertex 22.5782 -36.6 15.9528
      vertex 22.6086 -36.6 15.9378
    endloop
  endfacet
  facet normal 0 -1 0
    outer loop
      vertex 22.5469 -36.6 15.9675
      vertex 22.5782 -36.6 15.9528
      vertex 23.6254 -36.6 18.8021
    endloop
  endfacet
  facet normal 0 -1 0
    outer loop
      vertex 22.8927 -36.6 15.703
      vertex 22.9053 -36.6 15.6814
      vertex 25.4439 -36.6 17.9957
    endloop
  endfacet
  facet normal 0 -1 0
    outer loop
      vertex 22.5469 -36.6 15.9675
      vertex 23.5682 -36.6 18.8176
      vertex 22.5147 -36.6 15.982
    endloop
  endfacet
  facet normal 0 -1 0
    outer loop
      vertex 22.9053 -36.6 15.6814
      vertex 25.4897 -36.6 17.9616
      vertex 25.4439 -36.6 17.9957
    endloop
  endfacet
  facet normal 0 -1 -0
    outer loop
      vertex 25.4897 -36.6 17.9616
      vertex 22.9053 -36.6 15.6814
      vertex 25.5346 -36.6 17.9265
    endloop
  endfacet
  facet normal 0 -1 0
    outer loop
      vertex 22.9053 -36.6 15.6814
      vertex 25.5787 -36.6 17.8906
      vertex 25.5346 -36.6 17.9265
    endloop
  endfacet
  facet normal -0 -1 0
    outer loop
      vertex 25.7465 -36.6 17.7381
      vertex 25.7059 -36.6 17.7776
      vertex 22.9053 -36.6 15.6814
    endloop
  endfacet
  facet normal 0 -1 0
    outer loop
      vertex 25.7465 -36.6 17.7381
      vertex 22.9053 -36.6 15.6814
      vertex 22.9166 -36.6 15.6593
    endloop
  endfacet
  facet normal -0 -1 0
    outer loop
      vertex 26.1681 -36.6 17.1957
      vertex 26.1376 -36.6 17.2458
      vertex 22.9266 -36.6 15.6367
    endloop
  endfacet
  facet normal 0 -1 -0
    outer loop
      vertex 26.1681 -36.6 17.1957
      vertex 22.9266 -36.6 15.6367
      vertex 26.1977 -36.6 17.1447
    endloop
  endfacet
  facet normal 0 -1 0
    outer loop
      vertex 23.4535 -36.6 18.8474
      vertex 22.4817 -36.6 15.9963
      vertex 22.5147 -36.6 15.982
    endloop
  endfacet
  facet normal 0 -1 0
    outer loop
      vertex 22.9352 -36.6 15.6136
      vertex 26.3694 -36.6 16.7572
      vertex 26.3488 -36.6 16.816
    endloop
  endfacet
  facet normal -0 -1 0
    outer loop
      vertex 26.3886 -36.6 16.6973
      vertex 26.3694 -36.6 16.7572
      vertex 22.9352 -36.6 15.6136
    endloop
  endfacet
  facet normal -0 -1 0
    outer loop
      vertex 26.4761 -36.6 16.3141
      vertex 26.4648 -36.6 16.3808
      vertex 22.9425 -36.6 15.59
    endloop
  endfacet
  facet normal -0 -1 0
    outer loop
      vertex 23.4535 -36.6 18.8474
      vertex 23.3962 -36.6 18.8617
      vertex 22.4817 -36.6 15.9963
    endloop
  endfacet
  facet normal 0 -1 0
    outer loop
      vertex 23.3962 -36.6 18.8617
      vertex 22.4479 -36.6 16.0103
      vertex 22.4817 -36.6 15.9963
    endloop
  endfacet
  facet normal 0 -1 0
    outer loop
      vertex 22.9531 -36.6 15.5413
      vertex 26.5126 -36.6 15.9634
      vertex 26.5079 -36.6 16.0358
    endloop
  endfacet
  facet normal -0 -1 0
    outer loop
      vertex 26.5159 -36.6 15.8899
      vertex 26.5126 -36.6 15.9634
      vertex 22.9531 -36.6 15.5413
    endloop
  endfacet
  facet normal 0 -1 0
    outer loop
      vertex 23.3388 -36.6 18.8757
      vertex 22.4132 -36.6 16.0242
      vertex 22.4479 -36.6 16.0103
    endloop
  endfacet
  facet normal 0 -1 0
    outer loop
      vertex 26.5174 -36.6 15.6508
      vertex 22.9564 -36.6 15.5161
      vertex 26.5139 -36.6 15.5629
    endloop
  endfacet
  facet normal -0 -1 0
    outer loop
      vertex 23.3388 -36.6 18.8757
      vertex 23.2813 -36.6 18.8892
      vertex 22.4132 -36.6 16.0242
    endloop
  endfacet
  facet normal 0 -1 0
    outer loop
      vertex 22.9564 -36.6 15.5161
      vertex 22.9584 -36.6 15.4905
      vertex 26.5139 -36.6 15.5629
    endloop
  endfacet
  facet normal 0 -1 0
    outer loop
      vertex 22.9584 -36.6 15.4905
      vertex 22.959 -36.6 15.4644
      vertex 26.4897 -36.6 15.3032
    endloop
  endfacet
  facet normal 0 -1 0
    outer loop
      vertex 22.959 -36.6 15.4644
      vertex 26.4771 -36.6 15.218
      vertex 26.4897 -36.6 15.3032
    endloop
  endfacet
  facet normal -0 -1 0
    outer loop
      vertex 26.4621 -36.6 15.1334
      vertex 22.959 -36.6 15.4644
      vertex 26.4448 -36.6 15.0495
    endloop
  endfacet
  facet normal 0 -1 0
    outer loop
      vertex 22.3776 -36.6 16.0378
      vertex 23.2813 -36.6 18.8892
      vertex 23.2239 -36.6 18.9024
    endloop
  endfacet
  facet normal 0 -1 0
    outer loop
      vertex 22.9588 -36.6 15.4478
      vertex 26.4252 -36.6 14.9662
      vertex 26.4448 -36.6 15.0495
    endloop
  endfacet
  facet normal 0 -1 0
    outer loop
      vertex 26.4033 -36.6 14.8836
      vertex 26.4252 -36.6 14.9662
      vertex 22.9588 -36.6 15.4478
    endloop
  endfacet
  facet normal 0 -1 0
    outer loop
      vertex 22.3412 -36.6 16.0512
      vertex 23.2239 -36.6 18.9024
      vertex 23.1664 -36.6 18.9152
    endloop
  endfacet
  facet normal 0 -1 0
    outer loop
      vertex 22.9579 -36.6 15.4315
      vertex 26.3526 -36.6 14.7205
      vertex 26.3791 -36.6 14.8017
    endloop
  endfacet
  facet normal -0 -1 0
    outer loop
      vertex 23.1664 -36.6 18.9152
      vertex 23.1088 -36.6 18.9277
      vertex 22.3412 -36.6 16.0512
    endloop
  endfacet
  facet normal 0 -1 0
    outer loop
      vertex 23.1088 -36.6 18.9277
      vertex 22.3039 -36.6 16.0644
      vertex 22.3412 -36.6 16.0512
    endloop
  endfacet
  facet normal 0 -1 0
    outer loop
      vertex 22.3039 -36.6 16.0644
      vertex 23.1088 -36.6 18.9277
      vertex 23.0513 -36.6 18.9397
    endloop
  endfacet
  facet normal 0 -1 0
    outer loop
      vertex 22.9545 -36.6 15.3995
      vertex 26.2593 -36.6 14.4806
      vertex 22.9565 -36.6 15.4154
    endloop
  endfacet
  facet normal -0 -1 0
    outer loop
      vertex 23.0513 -36.6 18.9397
      vertex 22.9937 -36.6 18.9514
      vertex 22.2658 -36.6 16.0773
    endloop
  endfacet
  facet normal 0 -1 0
    outer loop
      vertex 23.0513 -36.6 18.9397
      vertex 22.2658 -36.6 16.0773
      vertex 22.3039 -36.6 16.0644
    endloop
  endfacet
  facet normal 0 -1 0
    outer loop
      vertex 22.2269 -36.6 16.0901
      vertex 22.2658 -36.6 16.0773
      vertex 22.9937 -36.6 18.9514
    endloop
  endfacet
  facet normal 0 -1 0
    outer loop
      vertex 22.2269 -36.6 16.0901
      vertex 22.9361 -36.6 18.9627
      vertex 22.187 -36.6 16.1026
    endloop
  endfacet
  facet normal 0 -1 0
    outer loop
      vertex 26.1026 -36.6 14.1702
      vertex 26.1452 -36.6 14.2468
      vertex 22.952 -36.6 15.3838
    endloop
  endfacet
  facet normal 0 -1 0
    outer loop
      vertex 22.8217 -36.6 18.9848
      vertex 22.1464 -36.6 16.1149
      vertex 22.187 -36.6 16.1026
    endloop
  endfacet
  facet normal 0 -1 -0
    outer loop
      vertex 22.8217 -36.6 18.9848
      vertex 22.187 -36.6 16.1026
      vertex 22.9361 -36.6 18.9627
    endloop
  endfacet
  facet normal 0 -1 0
    outer loop
      vertex 22.1464 -36.6 16.1149
      vertex 22.8217 -36.6 18.9848
      vertex 22.1048 -36.6 16.1269
    endloop
  endfacet
  facet normal 0 -1 0
    outer loop
      vertex 22.7091 -36.6 19.0066
      vertex 22.0625 -36.6 16.1388
      vertex 22.1048 -36.6 16.1269
    endloop
  endfacet
  facet normal 0 -1 0
    outer loop
      vertex 22.9451 -36.6 15.3531
      vertex 26.0104 -36.6 14.0189
      vertex 26.0576 -36.6 14.0942
    endloop
  endfacet
  facet normal 0 -1 0
    outer loop
      vertex 22.0192 -36.6 16.1504
      vertex 22.7091 -36.6 19.0066
      vertex 21.9752 -36.6 16.1618
    endloop
  endfacet
  facet normal 0 -1 0
    outer loop
      vertex 25.9608 -36.6 13.9443
      vertex 26.0104 -36.6 14.0189
      vertex 22.9451 -36.6 15.3531
    endloop
  endfacet
  facet normal 0 -1 0
    outer loop
      vertex 22.5435 -36.6 19.0389
      vertex 21.9302 -36.6 16.173
      vertex 21.9752 -36.6 16.1618
    endloop
  endfacet
  facet normal 0 -1 0
    outer loop
      vertex 21.8844 -36.6 16.184
      vertex 22.5435 -36.6 19.0389
      vertex 22.4353 -36.6 19.0601
    endloop
  endfacet
  facet normal 0 -1 0
    outer loop
      vertex 22.936 -36.6 15.3233
      vertex 25.855 -36.6 13.7983
      vertex 22.9409 -36.6 15.3381
    endloop
  endfacet
  facet normal 0 -1 0
    outer loop
      vertex 22.4353 -36.6 19.0601
      vertex 21.7903 -36.6 16.2052
      vertex 21.8378 -36.6 16.1947
    endloop
  endfacet
  facet normal 0 -1 0
    outer loop
      vertex 22.4353 -36.6 19.0601
      vertex 21.8378 -36.6 16.1947
      vertex 21.8844 -36.6 16.184
    endloop
  endfacet
  facet normal 0 -1 0
    outer loop
      vertex 21.7422 -36.6 16.2157
      vertex 22.4353 -36.6 19.0601
      vertex 22.2763 -36.6 19.0915
    endloop
  endfacet
  facet normal -0 -1 0
    outer loop
      vertex 22.2763 -36.6 19.0915
      vertex 22.1725 -36.6 19.1121
      vertex 21.6447 -36.6 16.2368
    endloop
  endfacet
  facet normal 0 -1 0
    outer loop
      vertex 25.6164 -36.6 13.5223
      vertex 25.6794 -36.6 13.5894
      vertex 22.9306 -36.6 15.3087
    endloop
  endfacet
  facet normal 0 -1 0
    outer loop
      vertex 21.5456 -36.6 16.2581
      vertex 21.6447 -36.6 16.2368
      vertex 22.1725 -36.6 19.1121
    endloop
  endfacet
  facet normal 0 -1 0
    outer loop
      vertex 21.5456 -36.6 16.2581
      vertex 22.1725 -36.6 19.1121
      vertex 22.0201 -36.6 19.1424
    endloop
  endfacet
  facet normal 0 -1 0
    outer loop
      vertex 21.5456 -36.6 16.2581
      vertex 22.0201 -36.6 19.1424
      vertex 21.4449 -36.6 16.2797
    endloop
  endfacet
  facet normal 0 -1 0
    outer loop
      vertex 21.9207 -36.6 19.1624
      vertex 21.2907 -36.6 16.3126
      vertex 21.4449 -36.6 16.2797
    endloop
  endfacet
  facet normal 0 -1 0
    outer loop
      vertex 25.4139 -36.6 13.3293
      vertex 25.4836 -36.6 13.3923
      vertex 22.9181 -36.6 15.2803
    endloop
  endfacet
  facet normal 0 -1 0
    outer loop
      vertex 21.1328 -36.6 16.346
      vertex 21.2907 -36.6 16.3126
      vertex 21.8232 -36.6 19.1821
    endloop
  endfacet
  facet normal 0 -1 0
    outer loop
      vertex 21.2907 -36.6 16.3126
      vertex 21.9207 -36.6 19.1624
      vertex 21.8232 -36.6 19.1821
    endloop
  endfacet
  facet normal 0 -1 0
    outer loop
      vertex 21.1328 -36.6 16.346
      vertex 21.775 -36.6 19.1918
      vertex 21.7275 -36.6 19.2017
    endloop
  endfacet
  facet normal 0 -1 0
    outer loop
      vertex 21.1328 -36.6 16.346
      vertex 21.6809 -36.6 19.2117
      vertex 20.9712 -36.6 16.38
    endloop
  endfacet
  facet normal 0 -1 0
    outer loop
      vertex 25.1912 -36.6 13.1481
      vertex 25.2677 -36.6 13.2072
      vertex 22.9034 -36.6 15.2526
    endloop
  endfacet
  facet normal 0 -1 -0
    outer loop
      vertex 21.6351 -36.6 19.222
      vertex 20.9712 -36.6 16.38
      vertex 21.6809 -36.6 19.2117
    endloop
  endfacet
  facet normal 0 -1 -0
    outer loop
      vertex 21.5902 -36.6 19.2325
      vertex 20.9712 -36.6 16.38
      vertex 21.6351 -36.6 19.222
    endloop
  endfacet
  facet normal 0 -1 -0
    outer loop
      vertex 21.5461 -36.6 19.2432
      vertex 20.9712 -36.6 16.38
      vertex 21.5902 -36.6 19.2325
    endloop
  endfacet
  facet normal 0 -1 -0
    outer loop
      vertex 21.5029 -36.6 19.2542
      vertex 20.8614 -36.6 16.403
      vertex 21.5461 -36.6 19.2432
    endloop
  endfacet
  facet normal 0 -1 0
    outer loop
      vertex 20.75 -36.6 16.4262
      vertex 20.8614 -36.6 16.403
      vertex 21.4605 -36.6 19.2653
    endloop
  endfacet
  facet normal 0 -1 0
    outer loop
      vertex 20.75 -36.6 16.4262
      vertex 21.4605 -36.6 19.2653
      vertex 21.419 -36.6 19.2767
    endloop
  endfacet
  facet normal 0 -1 0
    outer loop
      vertex 22.8769 -36.6 15.2129
      vertex 25.0316 -36.6 13.034
      vertex 22.8863 -36.6 15.2259
    endloop
  endfacet
  facet normal 0 -1 0
    outer loop
      vertex 20.75 -36.6 16.4262
      vertex 21.3783 -36.6 19.2883
      vertex 20.6369 -36.6 16.4497
    endloop
  endfacet
  facet normal -0 -1 0
    outer loop
      vertex 21.419 -36.6 19.2767
      vertex 21.3783 -36.6 19.2883
      vertex 20.75 -36.6 16.4262
    endloop
  endfacet
  facet normal 0 -1 0
    outer loop
      vertex 21.3385 -36.6 19.3001
      vertex 20.58 -36.6 16.4616
      vertex 20.6369 -36.6 16.4497
    endloop
  endfacet
  facet normal 0 -1 -0
    outer loop
      vertex 21.2995 -36.6 19.3122
      vertex 20.58 -36.6 16.4616
      vertex 21.3385 -36.6 19.3001
    endloop
  endfacet
  facet normal 0 -1 0
    outer loop
      vertex 20.523 -36.6 16.474
      vertex 21.2995 -36.6 19.3122
      vertex 21.2614 -36.6 19.3245
    endloop
  endfacet
  facet normal 0 -1 0
    outer loop
      vertex 20.466 -36.6 16.4866
      vertex 21.2614 -36.6 19.3245
      vertex 21.2242 -36.6 19.337
    endloop
  endfacet
  facet normal 0 -1 0
    outer loop
      vertex 22.8565 -36.6 15.1875
      vertex 24.7753 -36.6 12.8727
      vertex 24.863 -36.6 12.9251
    endloop
  endfacet
  facet normal -0 -1 0
    outer loop
      vertex 21.2242 -36.6 19.337
      vertex 21.1877 -36.6 19.3496
      vertex 20.4089 -36.6 16.4997
    endloop
  endfacet
  facet normal 0 -1 0
    outer loop
      vertex 21.2242 -36.6 19.337
      vertex 20.4089 -36.6 16.4997
      vertex 20.466 -36.6 16.4866
    endloop
  endfacet
  facet normal 0 -1 0
    outer loop
      vertex 20.2947 -36.6 16.5268
      vertex 21.1877 -36.6 19.3496
      vertex 21.1522 -36.6 19.3626
    endloop
  endfacet
  facet normal 0 -1 0
    outer loop
      vertex 22.8087 -36.6 15.1394
      vertex 24.4989 -36.6 12.7234
      vertex 22.8215 -36.6 15.1511
    endloop
  endfacet
  facet normal 0 -1 0
    outer loop
      vertex 20.2376 -36.6 16.5408
      vertex 21.1175 -36.6 19.3757
      vertex 20.1804 -36.6 16.5552
    endloop
  endfacet
  facet normal -0 -1 0
    outer loop
      vertex 21.1175 -36.6 19.3757
      vertex 21.0836 -36.6 19.3891
      vertex 20.1804 -36.6 16.5552
    endloop
  endfacet
  facet normal -0 -1 0
    outer loop
      vertex 21.0506 -36.6 19.4027
      vertex 21.0185 -36.6 19.4165
      vertex 20.0659 -36.6 16.5851
    endloop
  endfacet
  facet normal 0 -1 0
    outer loop
      vertex 22.7663 -36.6 15.1059
      vertex 24.2022 -36.6 12.5863
      vertex 22.7811 -36.6 15.1168
    endloop
  endfacet
  facet normal 0 -1 -0
    outer loop
      vertex 20.9872 -36.6 19.4305
      vertex 20.0087 -36.6 16.6005
      vertex 21.0185 -36.6 19.4165
    endloop
  endfacet
  facet normal 0 -1 0
    outer loop
      vertex 19.9514 -36.6 16.6163
      vertex 20.0087 -36.6 16.6005
      vertex 20.9872 -36.6 19.4305
    endloop
  endfacet
  facet normal 0 -1 0
    outer loop
      vertex 19.8367 -36.6 16.649
      vertex 20.9567 -36.6 19.4448
      vertex 20.9271 -36.6 19.4592
    endloop
  endfacet
  facet normal 0 -1 0
    outer loop
      vertex 19.7218 -36.6 16.683
      vertex 19.7793 -36.6 16.6658
      vertex 20.8986 -36.6 19.4741
    endloop
  endfacet
  facet normal 0 -1 -0
    outer loop
      vertex 20.8456 -36.6 19.5051
      vertex 19.6069 -36.6 16.7184
      vertex 20.8715 -36.6 19.4893
    endloop
  endfacet
  facet normal 0 -1 0
    outer loop
      vertex 19.4918 -36.6 16.7552
      vertex 19.5493 -36.6 16.7366
      vertex 20.8456 -36.6 19.5051
    endloop
  endfacet
  facet normal 0 -1 0
    outer loop
      vertex 19.3766 -36.6 16.7934
      vertex 19.4342 -36.6 16.7741
      vertex 20.8211 -36.6 19.5214
    endloop
  endfacet
  facet normal 0 -1 0
    outer loop
      vertex 19.3192 -36.6 16.8131
      vertex 19.3766 -36.6 16.7934
      vertex 20.7979 -36.6 19.5381
    endloop
  endfacet
  facet normal 0 -1 0
    outer loop
      vertex 19.2057 -36.6 16.8543
      vertex 19.2622 -36.6 16.8334
      vertex 20.776 -36.6 19.5552
    endloop
  endfacet
  facet normal 0 -1 0
    outer loop
      vertex 19.1496 -36.6 16.8757
      vertex 20.776 -36.6 19.5552
      vertex 20.7555 -36.6 19.5729
    endloop
  endfacet
  facet normal 0 -1 0
    outer loop
      vertex 19.0387 -36.6 16.9203
      vertex 20.7555 -36.6 19.5729
      vertex 20.7363 -36.6 19.591
    endloop
  endfacet
  facet normal 0 -1 0
    outer loop
      vertex 18.984 -36.6 16.9435
      vertex 20.7363 -36.6 19.591
      vertex 18.9297 -36.6 16.9672
    endloop
  endfacet
  facet normal 0 -1 0
    outer loop
      vertex 18.8758 -36.6 16.9914
      vertex 20.7184 -36.6 19.6096
      vertex 18.8223 -36.6 17.0163
    endloop
  endfacet
  facet normal 0 -1 0
    outer loop
      vertex 20.7184 -36.6 19.6096
      vertex 18.7168 -36.6 17.0677
      vertex 18.7693 -36.6 17.0417
    endloop
  endfacet
  facet normal 0 -1 0
    outer loop
      vertex 20.7018 -36.6 19.6287
      vertex 18.613 -36.6 17.1213
      vertex 18.6647 -36.6 17.0942
    endloop
  endfacet
  facet normal 0 -1 -0
    outer loop
      vertex 20.6866 -36.6 19.6483
      vertex 18.5618 -36.6 17.149
      vertex 20.7018 -36.6 19.6287
    endloop
  endfacet
  facet normal 0 -1 0
    outer loop
      vertex 18.4107 -36.6 17.2355
      vertex 18.4606 -36.6 17.2061
      vertex 20.6866 -36.6 19.6483
    endloop
  endfacet
  facet normal 0 -1 0
    outer loop
      vertex 18.3122 -36.6 17.296
      vertex 18.3613 -36.6 17.2654
      vertex 20.6726 -36.6 19.6683
    endloop
  endfacet
  facet normal 0 -1 0
    outer loop
      vertex 18.2637 -36.6 17.327
      vertex 20.6726 -36.6 19.6683
      vertex 20.66 -36.6 19.6888
    endloop
  endfacet
  facet normal 0 -1 0
    outer loop
      vertex 18.168 -36.6 17.3911
      vertex 20.66 -36.6 19.6888
      vertex 18.1214 -36.6 17.4244
    endloop
  endfacet
  facet normal 0 -1 0
    outer loop
      vertex 20.66 -36.6 19.6888
      vertex 17.9866 -36.6 17.5298
      vertex 18.0307 -36.6 17.4938
    endloop
  endfacet
  facet normal 0 -1 0
    outer loop
      vertex 20.6488 -36.6 19.7098
      vertex 17.9434 -36.6 17.5668
      vertex 17.9866 -36.6 17.5298
    endloop
  endfacet
  facet normal 0 -1 0
    outer loop
      vertex 17.8188 -36.6 17.6832
      vertex 17.8595 -36.6 17.6435
      vertex 20.6488 -36.6 19.7098
    endloop
  endfacet
  facet normal 0 -1 0
    outer loop
      vertex 17.74 -36.6 17.7654
      vertex 20.6488 -36.6 19.7098
      vertex 17.7019 -36.6 17.8079
    endloop
  endfacet
  facet normal 0 -1 0
    outer loop
      vertex 17.7019 -36.6 17.8079
      vertex 20.6388 -36.6 19.7312
      vertex 17.6647 -36.6 17.8513
    endloop
  endfacet
  facet normal 0 -1 0
    outer loop
      vertex 20.6388 -36.6 19.7312
      vertex 17.558 -36.6 17.9869
      vertex 17.5927 -36.6 17.9408
    endloop
  endfacet
  facet normal 0 -1 -0
    outer loop
      vertex 20.6302 -36.6 19.7532
      vertex 17.4911 -36.6 18.0819
      vertex 20.6388 -36.6 19.7312
    endloop
  endfacet
  facet normal 0 -1 0
    outer loop
      vertex 17.4277 -36.6 18.1806
      vertex 17.459 -36.6 18.1308
      vertex 20.6302 -36.6 19.7532
    endloop
  endfacet
  facet normal 0 -1 0
    outer loop
      vertex 17.3676 -36.6 18.2829
      vertex 20.6302 -36.6 19.7532
      vertex 17.3391 -36.6 18.3356
    endloop
  endfacet
  facet normal 0 -1 0
    outer loop
      vertex 20.6302 -36.6 19.7532
      vertex 17.2616 -36.6 18.5006
      vertex 17.2861 -36.6 18.4444
    endloop
  endfacet
  facet normal 0 -1 0
    outer loop
      vertex 20.6229 -36.6 19.7755
      vertex 17.196 -36.6 18.6761
      vertex 17.2165 -36.6 18.6164
    endloop
  endfacet
  facet normal 0 -1 0
    outer loop
      vertex 17.1423 -36.6 18.8621
      vertex 17.1589 -36.6 18.7989
      vertex 20.6229 -36.6 19.7755
    endloop
  endfacet
  facet normal 0 -1 0
    outer loop
      vertex 17.1006 -36.6 19.0586
      vertex 17.1131 -36.6 18.9919
      vertex 20.617 -36.6 19.7984
    endloop
  endfacet
  facet normal 0 -1 0
    outer loop
      vertex 17.0793 -36.6 19.1955
      vertex 20.617 -36.6 19.7984
      vertex 17.0707 -36.6 19.2656
    endloop
  endfacet
  facet normal 0 -1 0
    outer loop
      vertex 17.0575 -36.6 19.4095
      vertex 20.6123 -36.6 19.8218
      vertex 17.0528 -36.6 19.4832
    endloop
  endfacet
  facet normal 0 -1 0
    outer loop
      vertex 17.0475 -36.6 19.6341
      vertex 20.609 -36.6 19.8456
      vertex 17.0469 -36.6 19.7113
    endloop
  endfacet
  facet normal 0 -1 0
    outer loop
      vertex 17.0515 -36.6 19.8904
      vertex 20.607 -36.6 19.8699
      vertex 17.0573 -36.6 19.9788
    endloop
  endfacet
  facet normal 0 -1 0
    outer loop
      vertex 17.0757 -36.6 20.1536
      vertex 20.6064 -36.6 19.8946
      vertex 20.6066 -36.6 19.9112
    endloop
  endfacet
  facet normal 0 -1 -0
    outer loop
      vertex 17.1402 -36.6 20.4943
      vertex 17.1206 -36.6 20.4102
      vertex 20.6074 -36.6 19.9277
    endloop
  endfacet
  facet normal -0 -1 0
    outer loop
      vertex 20.6107 -36.6 19.9603
      vertex 17.1863 -36.6 20.6604
      vertex 20.6088 -36.6 19.9441
    endloop
  endfacet
  facet normal 0 -1 0
    outer loop
      vertex 20.6131 -36.6 19.9764
      vertex 17.2727 -36.6 20.904
      vertex 17.2416 -36.6 20.8235
    endloop
  endfacet
  facet normal 0 -1 0
    outer loop
      vertex 20.616 -36.6 19.9924
      vertex 17.3798 -36.6 21.141
      vertex 17.3418 -36.6 21.0628
    endloop
  endfacet
  facet normal 0 -1 0
    outer loop
      vertex 20.6195 -36.6 20.0082
      vertex 20.6235 -36.6 20.0239
      vertex 17.4628 -36.6 21.2955
    endloop
  endfacet
  facet normal 0 -1 0
    outer loop
      vertex 17.5549 -36.6 21.447
      vertex 20.6281 -36.6 20.0395
      vertex 17.6045 -36.6 21.5216
    endloop
  endfacet
  facet normal 0 -1 0
    outer loop
      vertex 17.7104 -36.6 21.6675
      vertex 20.6332 -36.6 20.055
      vertex 20.6388 -36.6 20.0703
    endloop
  endfacet
  facet normal 0 -1 -0
    outer loop
      vertex 17.8863 -36.6 21.8762
      vertex 17.8254 -36.6 21.808
      vertex 20.645 -36.6 20.0855
    endloop
  endfacet
  facet normal -0 -1 0
    outer loop
      vertex 20.6589 -36.6 20.1156
      vertex 18.015 -36.6 22.0085
      vertex 20.6517 -36.6 20.1006
    endloop
  endfacet
  facet normal 0 -1 0
    outer loop
      vertex 20.6667 -36.6 20.1304
      vertex 18.1527 -36.6 22.1354
      vertex 18.0827 -36.6 22.0726
    endloop
  endfacet
  facet normal 0 -1 0
    outer loop
      vertex 20.675 -36.6 20.1451
      vertex 18.2996 -36.6 22.2568
      vertex 18.225 -36.6 22.1968
    endloop
  endfacet
  facet normal -0 -1 0
    outer loop
      vertex 20.6839 -36.6 20.1597
      vertex 18.2996 -36.6 22.2568
      vertex 20.675 -36.6 20.1451
    endloop
  endfacet
  facet normal -0 -1 0
    outer loop
      vertex 20.6933 -36.6 20.1741
      vertex 18.3764 -36.6 22.3155
      vertex 20.6839 -36.6 20.1597
    endloop
  endfacet
  facet normal 0 -1 0
    outer loop
      vertex 20.7032 -36.6 20.1885
      vertex 18.5368 -36.6 22.4288
      vertex 18.4555 -36.6 22.3728
    endloop
  endfacet
  facet normal 0 -1 0
    outer loop
      vertex 20.7136 -36.6 20.2027
      vertex 18.6205 -36.6 22.4834
      vertex 18.5368 -36.6 22.4288
    endloop
  endfacet
  facet normal 0 -1 0
    outer loop
      vertex 20.7246 -36.6 20.2167
      vertex 18.7064 -36.6 22.5367
      vertex 18.6205 -36.6 22.4834
    endloop
  endfacet
  facet normal -0 -1 0
    outer loop
      vertex 20.7362 -36.6 20.2307
      vertex 18.7064 -36.6 22.5367
      vertex 20.7246 -36.6 20.2167
    endloop
  endfacet
  facet normal -0 -1 0
    outer loop
      vertex 20.7483 -36.6 20.2444
      vertex 18.7946 -36.6 22.5886
      vertex 20.7362 -36.6 20.2307
    endloop
  endfacet
  facet normal -0 -1 0
    outer loop
      vertex 20.7612 -36.6 20.2579
      vertex 18.8851 -36.6 22.6392
      vertex 20.7483 -36.6 20.2444
    endloop
  endfacet
  facet normal -0 -1 0
    outer loop
      vertex 20.7749 -36.6 20.2712
      vertex 18.9778 -36.6 22.6883
      vertex 20.7612 -36.6 20.2579
    endloop
  endfacet
  facet normal -0 -1 0
    outer loop
      vertex 20.7892 -36.6 20.2842
      vertex 19.0728 -36.6 22.7362
      vertex 20.7749 -36.6 20.2712
    endloop
  endfacet
  facet normal -0 -1 0
    outer loop
      vertex 20.8043 -36.6 20.297
      vertex 19.1701 -36.6 22.7826
      vertex 20.7892 -36.6 20.2842
    endloop
  endfacet
  facet normal 0 -1 -0
    outer loop
      vertex 19.2697 -36.6 22.8278
      vertex 19.1701 -36.6 22.7826
      vertex 20.8043 -36.6 20.297
    endloop
  endfacet
  facet normal 0 -1 -0
    outer loop
      vertex 19.3715 -36.6 22.8712
      vertex 19.2697 -36.6 22.8278
      vertex 20.8201 -36.6 20.3095
    endloop
  endfacet
  facet normal 0 -1 -0
    outer loop
      vertex 19.4755 -36.6 22.9126
      vertex 19.3715 -36.6 22.8712
      vertex 20.8366 -36.6 20.3217
    endloop
  endfacet
  facet normal 0 -1 -0
    outer loop
      vertex 19.5818 -36.6 22.952
      vertex 19.4755 -36.6 22.9126
      vertex 20.8539 -36.6 20.3337
    endloop
  endfacet
  facet normal 0 -1 -0
    outer loop
      vertex 19.6903 -36.6 22.9894
      vertex 19.5818 -36.6 22.952
      vertex 20.8718 -36.6 20.3454
    endloop
  endfacet
  facet normal -0 -1 0
    outer loop
      vertex 20.91 -36.6 20.3682
      vertex 19.6903 -36.6 22.9894
      vertex 20.8905 -36.6 20.3569
    endloop
  endfacet
  facet normal 0 -1 0
    outer loop
      vertex 20.9301 -36.6 20.3792
      vertex 19.9141 -36.6 23.0581
      vertex 19.8011 -36.6 23.0247
    endloop
  endfacet
  facet normal 0 -1 0
    outer loop
      vertex 20.951 -36.6 20.3899
      vertex 20.9726 -36.6 20.4004
      vertex 19.9141 -36.6 23.0581
    endloop
  endfacet
  facet normal 0 -1 0
    outer loop
      vertex 20.9726 -36.6 20.4004
      vertex 20.9949 -36.6 20.4106
      vertex 20.0294 -36.6 23.0894
    endloop
  endfacet
  facet normal 0 -1 0
    outer loop
      vertex 20.1469 -36.6 23.1186
      vertex 21.018 -36.6 20.4206
      vertex 21.0418 -36.6 20.4303
    endloop
  endfacet
  facet normal 0 -1 0
    outer loop
      vertex 20.2666 -36.6 23.1459
      vertex 21.0418 -36.6 20.4303
      vertex 21.0663 -36.6 20.4398
    endloop
  endfacet
  facet normal 0 -1 -0
    outer loop
      vertex 20.3886 -36.6 23.1712
      vertex 20.2666 -36.6 23.1459
      vertex 21.0915 -36.6 20.449
    endloop
  endfacet
  facet normal -0 -1 0
    outer loop
      vertex 21.1441 -36.6 20.4666
      vertex 20.3886 -36.6 23.1712
      vertex 21.1175 -36.6 20.4579
    endloop
  endfacet
  facet normal 0 -1 0
    outer loop
      vertex 21.1715 -36.6 20.4751
      vertex 21.1998 -36.6 20.4832
      vertex 20.5128 -36.6 23.1944
    endloop
  endfacet
  facet normal 0 -1 0
    outer loop
      vertex 21.1998 -36.6 20.4832
      vertex 21.2289 -36.6 20.491
      vertex 20.6393 -36.6 23.2156
    endloop
  endfacet
  facet normal 0 -1 0
    outer loop
      vertex 20.768 -36.6 23.2348
      vertex 21.2589 -36.6 20.4984
      vertex 21.2897 -36.6 20.5054
    endloop
  endfacet
  facet normal -0 -1 0
    outer loop
      vertex 21.3541 -36.6 20.5183
      vertex 20.8989 -36.6 23.252
      vertex 21.3215 -36.6 20.512
    endloop
  endfacet
  facet normal 0 -1 0
    outer loop
      vertex 21.3876 -36.6 20.5242
      vertex 21.4221 -36.6 20.5297
      vertex 21.0321 -36.6 23.2671
    endloop
  endfacet
  facet normal 0 -1 0
    outer loop
      vertex 21.1675 -36.6 23.2803
      vertex 21.4574 -36.6 20.5348
      vertex 21.4935 -36.6 20.5395
    endloop
  endfacet
  facet normal -0 -1 0
    outer loop
      vertex 21.5685 -36.6 20.5479
      vertex 21.3052 -36.6 23.2914
      vertex 21.5306 -36.6 20.5439
    endloop
  endfacet
  facet normal 0 -1 0
    outer loop
      vertex 21.6074 -36.6 20.5515
      vertex 21.6471 -36.6 20.5547
      vertex 21.4451 -36.6 23.3005
    endloop
  endfacet
  facet normal 0 -1 0
    outer loop
      vertex 21.5872 -36.6 23.3075
      vertex 21.6877 -36.6 20.5575
      vertex 21.7291 -36.6 20.56
    endloop
  endfacet
  facet normal 0 -1 -0
    outer loop
      vertex 21.7316 -36.6 23.3126
      vertex 21.5872 -36.6 23.3075
      vertex 21.7715 -36.6 20.5621
    endloop
  endfacet
  facet normal 0 -1 0
    outer loop
      vertex 21.8589 -36.6 20.5651
      vertex 21.8783 -36.6 23.3156
      vertex 21.7316 -36.6 23.3126
    endloop
  endfacet
  facet normal 0 -1 0
    outer loop
      vertex 21.8783 -36.6 23.3156
      vertex 21.9498 -36.6 20.5666
      vertex 22.0271 -36.6 23.3166
    endloop
  endfacet
  facet normal -0 -1 0
    outer loop
      vertex 22.1257 -36.6 23.3161
      vertex 22.0271 -36.6 23.3166
      vertex 22.0605 -36.6 20.5664
    endloop
  endfacet
  facet normal 0 -1 0
    outer loop
      vertex 22.1889 -36.6 20.5631
      vertex 22.2241 -36.6 23.3147
      vertex 22.1246 -36.6 20.5652
    endloop
  endfacet
  facet normal 0 -1 0
    outer loop
      vertex 22.2534 -36.6 20.5603
      vertex 22.3224 -36.6 23.3124
      vertex 22.1889 -36.6 20.5631
    endloop
  endfacet
  facet normal 0 -1 0
    outer loop
      vertex 22.318 -36.6 20.5566
      vertex 22.5186 -36.6 23.3048
      vertex 22.4205 -36.6 23.309
    endloop
  endfacet
  facet normal 0 -1 0
    outer loop
      vertex 22.3827 -36.6 20.5521
      vertex 22.4476 -36.6 20.5467
      vertex 22.6165 -36.6 23.2996
    endloop
  endfacet
  facet normal 0 -1 0
    outer loop
      vertex 22.4476 -36.6 20.5467
      vertex 22.5127 -36.6 20.5406
      vertex 22.7142 -36.6 23.2934
    endloop
  endfacet
  facet normal 0 -1 -0
    outer loop
      vertex 22.8119 -36.6 23.2863
      vertex 22.5779 -36.6 20.5336
      vertex 22.9094 -36.6 23.2783
    endloop
  endfacet
  facet normal 0 -1 0
    outer loop
      vertex 22.5779 -36.6 20.5336
      vertex 22.6433 -36.6 20.5258
      vertex 22.9094 -36.6 23.2783
    endloop
  endfacet
  facet normal 0 -1 0
    outer loop
      vertex 22.6433 -36.6 20.5258
      vertex 23.0068 -36.6 23.2693
      vertex 22.9094 -36.6 23.2783
    endloop
  endfacet
  facet normal 0 -1 0
    outer loop
      vertex 22.7088 -36.6 20.5172
      vertex 23.0068 -36.6 23.2693
      vertex 22.6433 -36.6 20.5258
    endloop
  endfacet
  facet normal -0 -1 0
    outer loop
      vertex 23.1041 -36.6 23.2593
      vertex 23.0068 -36.6 23.2693
      vertex 22.7088 -36.6 20.5172
    endloop
  endfacet
  facet normal 0 -1 0
    outer loop
      vertex 23.1041 -36.6 23.2593
      vertex 22.7088 -36.6 20.5172
      vertex 22.7746 -36.6 20.5077
    endloop
  endfacet
  facet normal 0 -1 -0
    outer loop
      vertex 23.1041 -36.6 23.2593
      vertex 22.7746 -36.6 20.5077
      vertex 23.2013 -36.6 23.2484
    endloop
  endfacet
  facet normal 0 -1 0
    outer loop
      vertex 22.7746 -36.6 20.5077
      vertex 22.8404 -36.6 20.4975
      vertex 23.2013 -36.6 23.2484
    endloop
  endfacet
  facet normal 0 -1 0
    outer loop
      vertex 22.8404 -36.6 20.4975
      vertex 23.2983 -36.6 23.2366
      vertex 23.2013 -36.6 23.2484
    endloop
  endfacet
  facet normal 0 -1 0
    outer loop
      vertex 22.9064 -36.6 20.4864
      vertex 23.2983 -36.6 23.2366
      vertex 22.8404 -36.6 20.4975
    endloop
  endfacet
  facet normal -0 -1 0
    outer loop
      vertex 23.3952 -36.6 23.2238
      vertex 23.2983 -36.6 23.2366
      vertex 22.9064 -36.6 20.4864
    endloop
  endfacet
  facet normal 0 -1 0
    outer loop
      vertex 23.3952 -36.6 23.2238
      vertex 22.9064 -36.6 20.4864
      vertex 22.9726 -36.6 20.4745
    endloop
  endfacet
  facet normal 0 -1 -0
    outer loop
      vertex 23.3952 -36.6 23.2238
      vertex 22.9726 -36.6 20.4745
      vertex 23.492 -36.6 23.2101
    endloop
  endfacet
  facet normal 0 -1 0
    outer loop
      vertex 22.9726 -36.6 20.4745
      vertex 23.0389 -36.6 20.4618
      vertex 23.492 -36.6 23.2101
    endloop
  endfacet
  facet normal 0 -1 0
    outer loop
      vertex 23.0389 -36.6 20.4618
      vertex 23.5886 -36.6 23.1954
      vertex 23.492 -36.6 23.2101
    endloop
  endfacet
  facet normal 0 -1 0
    outer loop
      vertex 23.1054 -36.6 20.4482
      vertex 23.5886 -36.6 23.1954
      vertex 23.0389 -36.6 20.4618
    endloop
  endfacet
  facet normal -0 -1 0
    outer loop
      vertex 23.6851 -36.6 23.1798
      vertex 23.5886 -36.6 23.1954
      vertex 23.1054 -36.6 20.4482
    endloop
  endfacet
  facet normal 0 -1 0
    outer loop
      vertex 23.6851 -36.6 23.1798
      vertex 23.1054 -36.6 20.4482
      vertex 23.172 -36.6 20.4338
    endloop
  endfacet
  facet normal 0 -1 -0
    outer loop
      vertex 23.6851 -36.6 23.1798
      vertex 23.172 -36.6 20.4338
      vertex 23.7815 -36.6 23.1632
    endloop
  endfacet
  facet normal 0 -1 0
    outer loop
      vertex 23.172 -36.6 20.4338
      vertex 23.2388 -36.6 20.4186
      vertex 23.7815 -36.6 23.1632
    endloop
  endfacet
  facet normal 0 -1 0
    outer loop
      vertex 23.2388 -36.6 20.4186
      vertex 23.8778 -36.6 23.1457
      vertex 23.7815 -36.6 23.1632
    endloop
  endfacet
  facet normal 0 -1 0
    outer loop
      vertex 23.3058 -36.6 20.4026
      vertex 23.8778 -36.6 23.1457
      vertex 23.2388 -36.6 20.4186
    endloop
  endfacet
  facet normal -0 -1 0
    outer loop
      vertex 23.9739 -36.6 23.1273
      vertex 23.8778 -36.6 23.1457
      vertex 23.3058 -36.6 20.4026
    endloop
  endfacet
  facet normal 0 -1 0
    outer loop
      vertex 23.9739 -36.6 23.1273
      vertex 23.3058 -36.6 20.4026
      vertex 23.3729 -36.6 20.3858
    endloop
  endfacet
  facet normal 0 -1 -0
    outer loop
      vertex 23.9739 -36.6 23.1273
      vertex 23.3729 -36.6 20.3858
      vertex 24.07 -36.6 23.1078
    endloop
  endfacet
  facet normal 0 -1 0
    outer loop
      vertex 23.3729 -36.6 20.3858
      vertex 23.4402 -36.6 20.3682
      vertex 24.07 -36.6 23.1078
    endloop
  endfacet
  facet normal 0 -1 0
    outer loop
      vertex 23.4402 -36.6 20.3682
      vertex 24.1659 -36.6 23.0875
      vertex 24.07 -36.6 23.1078
    endloop
  endfacet
  facet normal 0 -1 0
    outer loop
      vertex 23.5077 -36.6 20.3497
      vertex 24.1659 -36.6 23.0875
      vertex 23.4402 -36.6 20.3682
    endloop
  endfacet
  facet normal -0 -1 0
    outer loop
      vertex 24.2612 -36.6 23.0661
      vertex 24.1659 -36.6 23.0875
      vertex 23.5077 -36.6 20.3497
    endloop
  endfacet
  facet normal 0 -1 0
    outer loop
      vertex 24.2612 -36.6 23.0661
      vertex 23.5077 -36.6 20.3497
      vertex 23.5753 -36.6 20.3304
    endloop
  endfacet
  facet normal 0 -1 -0
    outer loop
      vertex 24.2612 -36.6 23.0661
      vertex 23.5753 -36.6 20.3304
      vertex 24.3557 -36.6 23.0438
    endloop
  endfacet
  facet normal 0 -1 0
    outer loop
      vertex 23.5753 -36.6 20.3304
      vertex 23.6433 -36.6 20.3103
      vertex 24.3557 -36.6 23.0438
    endloop
  endfacet
  facet normal 0 -1 0
    outer loop
      vertex 23.6433 -36.6 20.3103
      vertex 24.4494 -36.6 23.0204
      vertex 24.3557 -36.6 23.0438
    endloop
  endfacet
  facet normal 0 -1 0
    outer loop
      vertex 23.7114 -36.6 20.2894
      vertex 24.4494 -36.6 23.0204
      vertex 23.6433 -36.6 20.3103
    endloop
  endfacet
  facet normal -0 -1 0
    outer loop
      vertex 24.5421 -36.6 22.9961
      vertex 24.4494 -36.6 23.0204
      vertex 23.7114 -36.6 20.2894
    endloop
  endfacet
  facet normal 0 -1 0
    outer loop
      vertex 24.5421 -36.6 22.9961
      vertex 23.7114 -36.6 20.2894
      vertex 23.7798 -36.6 20.2677
    endloop
  endfacet
  facet normal 0 -1 -0
    outer loop
      vertex 24.5421 -36.6 22.9961
      vertex 23.7798 -36.6 20.2677
      vertex 24.634 -36.6 22.9707
    endloop
  endfacet
  facet normal 0 -1 0
    outer loop
      vertex 23.7798 -36.6 20.2677
      vertex 23.8483 -36.6 20.2451
      vertex 24.634 -36.6 22.9707
    endloop
  endfacet
  facet normal 0 -1 0
    outer loop
      vertex 23.8483 -36.6 20.2451
      vertex 24.7249 -36.6 22.9443
      vertex 24.634 -36.6 22.9707
    endloop
  endfacet
  facet normal 0 -1 0
    outer loop
      vertex 23.9171 -36.6 20.2217
      vertex 24.7249 -36.6 22.9443
      vertex 23.8483 -36.6 20.2451
    endloop
  endfacet
  facet normal -0 -1 0
    outer loop
      vertex 24.815 -36.6 22.9169
      vertex 24.7249 -36.6 22.9443
      vertex 23.9171 -36.6 20.2217
    endloop
  endfacet
  facet normal 0 -1 0
    outer loop
      vertex 24.815 -36.6 22.9169
      vertex 23.9171 -36.6 20.2217
      vertex 23.9861 -36.6 20.1975
    endloop
  endfacet
  facet normal 0 -1 -0
    outer loop
      vertex 24.815 -36.6 22.9169
      vertex 23.9861 -36.6 20.1975
      vertex 24.9042 -36.6 22.8885
    endloop
  endfacet
  facet normal 0 -1 0
    outer loop
      vertex 23.9861 -36.6 20.1975
      vertex 24.9925 -36.6 22.8591
      vertex 24.9042 -36.6 22.8885
    endloop
  endfacet
  facet normal 0 -1 0
    outer loop
      vertex 24.0554 -36.6 20.1725
      vertex 24.9925 -36.6 22.8591
      vertex 23.9861 -36.6 20.1975
    endloop
  endfacet
  facet normal -0 -1 0
    outer loop
      vertex 25.08 -36.6 22.8287
      vertex 24.9925 -36.6 22.8591
      vertex 24.0554 -36.6 20.1725
    endloop
  endfacet
  facet normal 0 -1 0
    outer loop
      vertex 25.08 -36.6 22.8287
      vertex 24.0554 -36.6 20.1725
      vertex 24.1248 -36.6 20.1466
    endloop
  endfacet
  facet normal 0 -1 -0
    outer loop
      vertex 25.08 -36.6 22.8287
      vertex 24.1248 -36.6 20.1466
      vertex 25.1665 -36.6 22.7972
    endloop
  endfacet
  facet normal 0 -1 0
    outer loop
      vertex 24.1248 -36.6 20.1466
      vertex 24.1945 -36.6 20.12
      vertex 25.1665 -36.6 22.7972
    endloop
  endfacet
  facet normal 0 -1 0
    outer loop
      vertex 24.1945 -36.6 20.12
      vertex 25.2522 -36.6 22.7648
      vertex 25.1665 -36.6 22.7972
    endloop
  endfacet
  facet normal 0 -1 0
    outer loop
      vertex 24.2644 -36.6 20.0925
      vertex 25.2522 -36.6 22.7648
      vertex 24.1945 -36.6 20.12
    endloop
  endfacet
  facet normal -0 -1 0
    outer loop
      vertex 25.3369 -36.6 22.7313
      vertex 25.2522 -36.6 22.7648
      vertex 24.2644 -36.6 20.0925
    endloop
  endfacet
  facet normal 0 -1 0
    outer loop
      vertex 25.3369 -36.6 22.7313
      vertex 24.2644 -36.6 20.0925
      vertex 24.3345 -36.6 20.0642
    endloop
  endfacet
  facet normal 0 -1 -0
    outer loop
      vertex 25.3369 -36.6 22.7313
      vertex 24.3345 -36.6 20.0642
      vertex 25.4208 -36.6 22.6968
    endloop
  endfacet
  facet normal 0 -1 0
    outer loop
      vertex 24.3345 -36.6 20.0642
      vertex 25.5038 -36.6 22.6614
      vertex 25.4208 -36.6 22.6968
    endloop
  endfacet
  facet normal 0 -1 0
    outer loop
      vertex 24.4049 -36.6 20.035
      vertex 25.5038 -36.6 22.6614
      vertex 24.3345 -36.6 20.0642
    endloop
  endfacet
  facet normal -0 -1 0
    outer loop
      vertex 25.586 -36.6 22.6249
      vertex 25.5038 -36.6 22.6614
      vertex 24.4049 -36.6 20.035
    endloop
  endfacet
  facet normal 0 -1 0
    outer loop
      vertex 25.586 -36.6 22.6249
      vertex 24.4049 -36.6 20.035
      vertex 24.4754 -36.6 20.0051
    endloop
  endfacet
  facet normal 0 -1 -0
    outer loop
      vertex 25.586 -36.6 22.6249
      vertex 24.4754 -36.6 20.0051
      vertex 25.6672 -36.6 22.5874
    endloop
  endfacet
  facet normal 0 -1 0
    outer loop
      vertex 24.4754 -36.6 20.0051
      vertex 24.5462 -36.6 19.9743
      vertex 25.6672 -36.6 22.5874
    endloop
  endfacet
  facet normal 0 -1 0
    outer loop
      vertex 24.5462 -36.6 19.9743
      vertex 25.7476 -36.6 22.5489
      vertex 25.6672 -36.6 22.5874
    endloop
  endfacet
  facet normal -0 -1 0
    outer loop
      vertex 25.827 -36.6 22.5093
      vertex 25.7476 -36.6 22.5489
      vertex 24.5462 -36.6 19.9743
    endloop
  endfacet
  facet normal 0 -1 0
    outer loop
      vertex 25.827 -36.6 22.5093
      vertex 24.5462 -36.6 19.9743
      vertex 24.6172 -36.6 19.9427
    endloop
  endfacet
  facet normal 0 -1 -0
    outer loop
      vertex 25.827 -36.6 22.5093
      vertex 24.6172 -36.6 19.9427
      vertex 25.9056 -36.6 22.4688
    endloop
  endfacet
  facet normal 0 -1 0
    outer loop
      vertex 24.6172 -36.6 19.9427
      vertex 24.6884 -36.6 19.9103
      vertex 25.9056 -36.6 22.4688
    endloop
  endfacet
  facet normal 0 -1 0
    outer loop
      vertex 24.6884 -36.6 19.9103
      vertex 25.9833 -36.6 22.4272
      vertex 25.9056 -36.6 22.4688
    endloop
  endfacet
  facet normal 0 -1 0
    outer loop
      vertex 24.7599 -36.6 19.877
      vertex 25.9833 -36.6 22.4272
      vertex 24.6884 -36.6 19.9103
    endloop
  endfacet
  facet normal -0 -1 0
    outer loop
      vertex 26.0602 -36.6 22.3847
      vertex 25.9833 -36.6 22.4272
      vertex 24.7599 -36.6 19.877
    endloop
  endfacet
  facet normal 0 -1 0
    outer loop
      vertex 26.0602 -36.6 22.3847
      vertex 24.7599 -36.6 19.877
      vertex 24.8316 -36.6 19.843
    endloop
  endfacet
  facet normal 0 -1 0
    outer loop
      vertex 26.0602 -36.6 22.3847
      vertex 24.8316 -36.6 19.843
      vertex 24.9035 -36.6 19.8081
    endloop
  endfacet
  facet normal 0 -1 0
    outer loop
      vertex 26.0602 -36.6 22.3847
      vertex 24.9035 -36.6 19.8081
      vertex 24.9756 -36.6 19.7724
    endloop
  endfacet
  facet normal 0 -1 0
    outer loop
      vertex 22.5127 -36.6 20.5406
      vertex 22.5779 -36.6 20.5336
      vertex 22.8119 -36.6 23.2863
    endloop
  endfacet
  facet normal 0 -1 0
    outer loop
      vertex 22.5127 -36.6 20.5406
      vertex 22.8119 -36.6 23.2863
      vertex 22.7142 -36.6 23.2934
    endloop
  endfacet
  facet normal 0 -1 0
    outer loop
      vertex 22.4476 -36.6 20.5467
      vertex 22.7142 -36.6 23.2934
      vertex 22.6165 -36.6 23.2996
    endloop
  endfacet
  facet normal 0 -1 0
    outer loop
      vertex 22.3827 -36.6 20.5521
      vertex 22.6165 -36.6 23.2996
      vertex 22.5186 -36.6 23.3048
    endloop
  endfacet
  facet normal 0 -1 0
    outer loop
      vertex 22.3827 -36.6 20.5521
      vertex 22.5186 -36.6 23.3048
      vertex 22.318 -36.6 20.5566
    endloop
  endfacet
  facet normal 0 -1 0
    outer loop
      vertex 22.318 -36.6 20.5566
      vertex 22.4205 -36.6 23.309
      vertex 22.2534 -36.6 20.5603
    endloop
  endfacet
  facet normal -0 -1 0
    outer loop
      vertex 22.4205 -36.6 23.309
      vertex 22.3224 -36.6 23.3124
      vertex 22.2534 -36.6 20.5603
    endloop
  endfacet
  facet normal -0 -1 0
    outer loop
      vertex 22.3224 -36.6 23.3124
      vertex 22.2241 -36.6 23.3147
      vertex 22.1889 -36.6 20.5631
    endloop
  endfacet
  facet normal -0 -1 0
    outer loop
      vertex 22.2241 -36.6 23.3147
      vertex 22.1257 -36.6 23.3161
      vertex 22.1246 -36.6 20.5652
    endloop
  endfacet
  facet normal 0 -1 0
    outer loop
      vertex 22.1257 -36.6 23.3161
      vertex 22.0605 -36.6 20.5664
      vertex 22.1246 -36.6 20.5652
    endloop
  endfacet
  facet normal 0 -1 -0
    outer loop
      vertex 22.0271 -36.6 23.3166
      vertex 21.9966 -36.6 20.5668
      vertex 22.0605 -36.6 20.5664
    endloop
  endfacet
  facet normal 0 -1 0
    outer loop
      vertex 21.9498 -36.6 20.5666
      vertex 21.9966 -36.6 20.5668
      vertex 22.0271 -36.6 23.3166
    endloop
  endfacet
  facet normal 0 -1 0
    outer loop
      vertex 21.9039 -36.6 20.5661
      vertex 21.9498 -36.6 20.5666
      vertex 21.8783 -36.6 23.3156
    endloop
  endfacet
  facet normal -0 -1 0
    outer loop
      vertex 21.9039 -36.6 20.5661
      vertex 21.8783 -36.6 23.3156
      vertex 21.8589 -36.6 20.5651
    endloop
  endfacet
  facet normal -0 -1 0
    outer loop
      vertex 21.8589 -36.6 20.5651
      vertex 21.7316 -36.6 23.3126
      vertex 21.8147 -36.6 20.5638
    endloop
  endfacet
  facet normal 0 -1 0
    outer loop
      vertex 21.7316 -36.6 23.3126
      vertex 21.7715 -36.6 20.5621
      vertex 21.8147 -36.6 20.5638
    endloop
  endfacet
  facet normal 0 -1 0
    outer loop
      vertex 21.5872 -36.6 23.3075
      vertex 21.7291 -36.6 20.56
      vertex 21.7715 -36.6 20.5621
    endloop
  endfacet
  facet normal 0 -1 0
    outer loop
      vertex 21.4451 -36.6 23.3005
      vertex 21.6877 -36.6 20.5575
      vertex 21.5872 -36.6 23.3075
    endloop
  endfacet
  facet normal 0 -1 0
    outer loop
      vertex 21.6471 -36.6 20.5547
      vertex 21.6877 -36.6 20.5575
      vertex 21.4451 -36.6 23.3005
    endloop
  endfacet
  facet normal 0 -1 0
    outer loop
      vertex 21.6074 -36.6 20.5515
      vertex 21.4451 -36.6 23.3005
      vertex 21.3052 -36.6 23.2914
    endloop
  endfacet
  facet normal -0 -1 0
    outer loop
      vertex 21.6074 -36.6 20.5515
      vertex 21.3052 -36.6 23.2914
      vertex 21.5685 -36.6 20.5479
    endloop
  endfacet
  facet normal 0 -1 0
    outer loop
      vertex 21.3052 -36.6 23.2914
      vertex 21.4935 -36.6 20.5395
      vertex 21.5306 -36.6 20.5439
    endloop
  endfacet
  facet normal 0 -1 0
    outer loop
      vertex 21.1675 -36.6 23.2803
      vertex 21.4935 -36.6 20.5395
      vertex 21.3052 -36.6 23.2914
    endloop
  endfacet
  facet normal 0 -1 0
    outer loop
      vertex 21.4221 -36.6 20.5297
      vertex 21.4574 -36.6 20.5348
      vertex 21.1675 -36.6 23.2803
    endloop
  endfacet
  facet normal 0 -1 0
    outer loop
      vertex 21.4221 -36.6 20.5297
      vertex 21.1675 -36.6 23.2803
      vertex 21.0321 -36.6 23.2671
    endloop
  endfacet
  facet normal -0 -1 0
    outer loop
      vertex 21.3876 -36.6 20.5242
      vertex 21.0321 -36.6 23.2671
      vertex 21.3541 -36.6 20.5183
    endloop
  endfacet
  facet normal 0 -1 -0
    outer loop
      vertex 21.0321 -36.6 23.2671
      vertex 20.8989 -36.6 23.252
      vertex 21.3541 -36.6 20.5183
    endloop
  endfacet
  facet normal 0 -1 0
    outer loop
      vertex 20.8989 -36.6 23.252
      vertex 21.2897 -36.6 20.5054
      vertex 21.3215 -36.6 20.512
    endloop
  endfacet
  facet normal 0 -1 0
    outer loop
      vertex 20.768 -36.6 23.2348
      vertex 21.2897 -36.6 20.5054
      vertex 20.8989 -36.6 23.252
    endloop
  endfacet
  facet normal 0 -1 0
    outer loop
      vertex 21.2289 -36.6 20.491
      vertex 21.2589 -36.6 20.4984
      vertex 20.768 -36.6 23.2348
    endloop
  endfacet
  facet normal 0 -1 0
    outer loop
      vertex 21.2289 -36.6 20.491
      vertex 20.768 -36.6 23.2348
      vertex 20.6393 -36.6 23.2156
    endloop
  endfacet
  facet normal 0 -1 0
    outer loop
      vertex 21.1998 -36.6 20.4832
      vertex 20.6393 -36.6 23.2156
      vertex 20.5128 -36.6 23.1944
    endloop
  endfacet
  facet normal -0 -1 0
    outer loop
      vertex 21.1715 -36.6 20.4751
      vertex 20.5128 -36.6 23.1944
      vertex 21.1441 -36.6 20.4666
    endloop
  endfacet
  facet normal 0 -1 -0
    outer loop
      vertex 20.5128 -36.6 23.1944
      vertex 20.3886 -36.6 23.1712
      vertex 21.1441 -36.6 20.4666
    endloop
  endfacet
  facet normal 0 -1 0
    outer loop
      vertex 20.3886 -36.6 23.1712
      vertex 21.0915 -36.6 20.449
      vertex 21.1175 -36.6 20.4579
    endloop
  endfacet
  facet normal 0 -1 0
    outer loop
      vertex 20.2666 -36.6 23.1459
      vertex 21.0663 -36.6 20.4398
      vertex 21.0915 -36.6 20.449
    endloop
  endfacet
  facet normal 0 -1 0
    outer loop
      vertex 20.1469 -36.6 23.1186
      vertex 21.0418 -36.6 20.4303
      vertex 20.2666 -36.6 23.1459
    endloop
  endfacet
  facet normal 0 -1 0
    outer loop
      vertex 20.9949 -36.6 20.4106
      vertex 21.018 -36.6 20.4206
      vertex 20.1469 -36.6 23.1186
    endloop
  endfacet
  facet normal 0 -1 0
    outer loop
      vertex 20.9949 -36.6 20.4106
      vertex 20.1469 -36.6 23.1186
      vertex 20.0294 -36.6 23.0894
    endloop
  endfacet
  facet normal 0 -1 0
    outer loop
      vertex 20.9726 -36.6 20.4004
      vertex 20.0294 -36.6 23.0894
      vertex 19.9141 -36.6 23.0581
    endloop
  endfacet
  facet normal -0 -1 0
    outer loop
      vertex 20.951 -36.6 20.3899
      vertex 19.9141 -36.6 23.0581
      vertex 20.9301 -36.6 20.3792
    endloop
  endfacet
  facet normal -0 -1 0
    outer loop
      vertex 20.9301 -36.6 20.3792
      vertex 19.8011 -36.6 23.0247
      vertex 20.91 -36.6 20.3682
    endloop
  endfacet
  facet normal 0 -1 -0
    outer loop
      vertex 19.8011 -36.6 23.0247
      vertex 19.6903 -36.6 22.9894
      vertex 20.91 -36.6 20.3682
    endloop
  endfacet
  facet normal 0 -1 0
    outer loop
      vertex 19.6903 -36.6 22.9894
      vertex 20.8718 -36.6 20.3454
      vertex 20.8905 -36.6 20.3569
    endloop
  endfacet
  facet normal 0 -1 0
    outer loop
      vertex 19.5818 -36.6 22.952
      vertex 20.8539 -36.6 20.3337
      vertex 20.8718 -36.6 20.3454
    endloop
  endfacet
  facet normal 0 -1 0
    outer loop
      vertex 19.4755 -36.6 22.9126
      vertex 20.8366 -36.6 20.3217
      vertex 20.8539 -36.6 20.3337
    endloop
  endfacet
  facet normal 0 -1 0
    outer loop
      vertex 19.3715 -36.6 22.8712
      vertex 20.8201 -36.6 20.3095
      vertex 20.8366 -36.6 20.3217
    endloop
  endfacet
  facet normal 0 -1 0
    outer loop
      vertex 19.2697 -36.6 22.8278
      vertex 20.8043 -36.6 20.297
      vertex 20.8201 -36.6 20.3095
    endloop
  endfacet
  facet normal 0 -1 -0
    outer loop
      vertex 19.1701 -36.6 22.7826
      vertex 19.0728 -36.6 22.7362
      vertex 20.7892 -36.6 20.2842
    endloop
  endfacet
  facet normal 0 -1 -0
    outer loop
      vertex 19.0728 -36.6 22.7362
      vertex 18.9778 -36.6 22.6883
      vertex 20.7749 -36.6 20.2712
    endloop
  endfacet
  facet normal 0 -1 -0
    outer loop
      vertex 18.9778 -36.6 22.6883
      vertex 18.8851 -36.6 22.6392
      vertex 20.7612 -36.6 20.2579
    endloop
  endfacet
  facet normal 0 -1 -0
    outer loop
      vertex 18.8851 -36.6 22.6392
      vertex 18.7946 -36.6 22.5886
      vertex 20.7483 -36.6 20.2444
    endloop
  endfacet
  facet normal 0 -1 0
    outer loop
      vertex -11.976 -36.6 14.2422
      vertex -7.90903 -36.6 14.2422
      vertex -8.90724 -36.6 16.8393
    endloop
  endfacet
  facet normal 0 -1 -0
    outer loop
      vertex 18.7946 -36.6 22.5886
      vertex 18.7064 -36.6 22.5367
      vertex 20.7362 -36.6 20.2307
    endloop
  endfacet
  facet normal 0 -1 0
    outer loop
      vertex -11.684 -36.6 23.0722
      vertex -9.94252 -36.6 19.5328
      vertex -8.13979 -36.6 23.0722
    endloop
  endfacet
  facet normal -0 -1 0
    outer loop
      vertex 20.7246 -36.6 20.2167
      vertex 18.6205 -36.6 22.4834
      vertex 20.7136 -36.6 20.2027
    endloop
  endfacet
  facet normal -0 -1 0
    outer loop
      vertex 20.7136 -36.6 20.2027
      vertex 18.5368 -36.6 22.4288
      vertex 20.7032 -36.6 20.1885
    endloop
  endfacet
  facet normal 0 -1 0
    outer loop
      vertex 3.21036 -36.6 19.1427
      vertex 3.21259 -36.6 19.0914
      vertex 6.84651 -36.6 19.207
    endloop
  endfacet
  facet normal -0 -1 0
    outer loop
      vertex 20.7032 -36.6 20.1885
      vertex 18.4555 -36.6 22.3728
      vertex 20.6933 -36.6 20.1741
    endloop
  endfacet
  facet normal 0 -1 -0
    outer loop
      vertex 18.4555 -36.6 22.3728
      vertex 18.3764 -36.6 22.3155
      vertex 20.6933 -36.6 20.1741
    endloop
  endfacet
  facet normal 0 -1 -0
    outer loop
      vertex 18.3764 -36.6 22.3155
      vertex 18.2996 -36.6 22.2568
      vertex 20.6839 -36.6 20.1597
    endloop
  endfacet
  facet normal -0 -1 0
    outer loop
      vertex 20.675 -36.6 20.1451
      vertex 18.225 -36.6 22.1968
      vertex 20.6667 -36.6 20.1304
    endloop
  endfacet
  facet normal -0 -1 0
    outer loop
      vertex -15.7391 -36.6 17.8857
      vertex -19.2624 -36.6 18.6945
      vertex -15.7674 -36.6 17.7892
    endloop
  endfacet
  facet normal 0 -1 -0
    outer loop
      vertex 18.225 -36.6 22.1968
      vertex 18.1527 -36.6 22.1354
      vertex 20.6667 -36.6 20.1304
    endloop
  endfacet
  facet normal -0 -1 0
    outer loop
      vertex 20.6667 -36.6 20.1304
      vertex 18.0827 -36.6 22.0726
      vertex 20.6589 -36.6 20.1156
    endloop
  endfacet
  facet normal -0 -1 0
    outer loop
      vertex -15.669 -36.6 18.1836
      vertex -19.2446 -36.6 18.7879
      vertex -15.6899 -36.6 18.0829
    endloop
  endfacet
  facet normal 0 -1 -0
    outer loop
      vertex 18.0827 -36.6 22.0726
      vertex 18.015 -36.6 22.0085
      vertex 20.6589 -36.6 20.1156
    endloop
  endfacet
  facet normal 0 -1 -0
    outer loop
      vertex 18.015 -36.6 22.0085
      vertex 17.9495 -36.6 21.943
      vertex 20.6517 -36.6 20.1006
    endloop
  endfacet
  facet normal -0 -1 0
    outer loop
      vertex -15.621 -36.6 18.494
      vertex -19.2327 -36.6 18.8854
      vertex -15.6345 -36.6 18.3892
    endloop
  endfacet
  facet normal 0 -1 0
    outer loop
      vertex 17.9495 -36.6 21.943
      vertex 20.645 -36.6 20.0855
      vertex 20.6517 -36.6 20.1006
    endloop
  endfacet
  facet normal -0 -1 0
    outer loop
      vertex -15.5951 -36.6 18.8169
      vertex -19.229 -36.6 18.9356
      vertex -15.6013 -36.6 18.7079
    endloop
  endfacet
  facet normal 0 -1 0
    outer loop
      vertex 17.8863 -36.6 21.8762
      vertex 20.645 -36.6 20.0855
      vertex 17.9495 -36.6 21.943
    endloop
  endfacet
  facet normal 0 -1 0
    outer loop
      vertex -19.2446 -36.6 19.2904
      vertex -15.6899 -36.6 19.9966
      vertex -19.2527 -36.6 19.3376
    endloop
  endfacet
  facet normal 0 -1 0
    outer loop
      vertex 17.8254 -36.6 21.808
      vertex 20.6388 -36.6 20.0703
      vertex 20.645 -36.6 20.0855
    endloop
  endfacet
  facet normal 0 -1 -0
    outer loop
      vertex -15.6099 -36.6 19.4783
      vertex -19.229 -36.6 19.1427
      vertex -15.6013 -36.6 19.3705
    endloop
  endfacet
  facet normal 0 -1 0
    outer loop
      vertex 17.7668 -36.6 21.7384
      vertex 20.6388 -36.6 20.0703
      vertex 17.8254 -36.6 21.808
    endloop
  endfacet
  facet normal 0 -1 -0
    outer loop
      vertex -15.5951 -36.6 19.2614
      vertex -19.2268 -36.6 19.0914
      vertex -15.5914 -36.6 19.151
    endloop
  endfacet
  facet normal 0 -1 0
    outer loop
      vertex 17.7104 -36.6 21.6675
      vertex 20.6388 -36.6 20.0703
      vertex 17.7668 -36.6 21.7384
    endloop
  endfacet
  facet normal 0 -1 0
    outer loop
      vertex -19.229 -36.6 19.1427
      vertex -19.2268 -36.6 19.0914
      vertex -15.5951 -36.6 19.2614
    endloop
  endfacet
  facet normal 0 -1 0
    outer loop
      vertex 17.6563 -36.6 21.5953
      vertex 20.6332 -36.6 20.055
      vertex 17.7104 -36.6 21.6675
    endloop
  endfacet
  facet normal 0 -1 0
    outer loop
      vertex 17.6045 -36.6 21.5216
      vertex 20.6332 -36.6 20.055
      vertex 17.6563 -36.6 21.5953
    endloop
  endfacet
  facet normal -0 -1 0
    outer loop
      vertex -15.621 -36.6 19.5846
      vertex -15.6345 -36.6 19.6897
      vertex -19.2327 -36.6 19.1929
    endloop
  endfacet
  facet normal 0 -1 0
    outer loop
      vertex 20.6281 -36.6 20.0395
      vertex 20.6332 -36.6 20.055
      vertex 17.6045 -36.6 21.5216
    endloop
  endfacet
  facet normal 0 -1 0
    outer loop
      vertex -19.2327 -36.6 19.1929
      vertex -19.229 -36.6 19.1427
      vertex -15.6099 -36.6 19.4783
    endloop
  endfacet
  facet normal 0 -1 0
    outer loop
      vertex 20.6235 -36.6 20.0239
      vertex 20.6281 -36.6 20.0395
      vertex 17.5549 -36.6 21.447
    endloop
  endfacet
  facet normal 0 -1 -0
    outer loop
      vertex -15.5914 -36.6 19.151
      vertex -19.226 -36.6 19.0391
      vertex -15.5902 -36.6 19.0391
    endloop
  endfacet
  facet normal 0 -1 0
    outer loop
      vertex 20.6235 -36.6 20.0239
      vertex 17.5549 -36.6 21.447
      vertex 17.5077 -36.6 21.3716
    endloop
  endfacet
  facet normal 0 -1 0
    outer loop
      vertex -15.6505 -36.6 19.7933
      vertex -19.2446 -36.6 19.2904
      vertex -19.2379 -36.6 19.2422
    endloop
  endfacet
  facet normal 0 -1 0
    outer loop
      vertex 20.6235 -36.6 20.0239
      vertex 17.5077 -36.6 21.3716
      vertex 17.4628 -36.6 21.2955
    endloop
  endfacet
  facet normal 0 -1 0
    outer loop
      vertex -19.2446 -36.6 19.2904
      vertex -15.669 -36.6 19.8956
      vertex -15.6899 -36.6 19.9966
    endloop
  endfacet
  facet normal 0 -1 0
    outer loop
      vertex 20.6195 -36.6 20.0082
      vertex 17.4628 -36.6 21.2955
      vertex 17.4201 -36.6 21.2186
    endloop
  endfacet
  facet normal 0 -1 0
    outer loop
      vertex -19.226 -36.6 19.0391
      vertex -15.5914 -36.6 18.9273
      vertex -15.5902 -36.6 19.0391
    endloop
  endfacet
  facet normal 0 -1 0
    outer loop
      vertex 20.6195 -36.6 20.0082
      vertex 17.4201 -36.6 21.2186
      vertex 17.3798 -36.6 21.141
    endloop
  endfacet
  facet normal -0 -1 0
    outer loop
      vertex -15.5914 -36.6 18.9273
      vertex -19.2268 -36.6 18.9869
      vertex -15.5951 -36.6 18.8169
    endloop
  endfacet
  facet normal -0 -1 0
    outer loop
      vertex 20.6195 -36.6 20.0082
      vertex 17.3798 -36.6 21.141
      vertex 20.616 -36.6 19.9924
    endloop
  endfacet
  facet normal 0 -1 0
    outer loop
      vertex 20.616 -36.6 19.9924
      vertex 17.3418 -36.6 21.0628
      vertex 17.3061 -36.6 20.9837
    endloop
  endfacet
  facet normal -0 -1 0
    outer loop
      vertex 20.616 -36.6 19.9924
      vertex 17.3061 -36.6 20.9837
      vertex 20.6131 -36.6 19.9764
    endloop
  endfacet
  facet normal 0 -1 0
    outer loop
      vertex 4.15633 -36.6 22.7495
      vertex 2.74915 -36.6 20.0411
      vertex 2.78581 -36.6 20.014
    endloop
  endfacet
  facet normal 0 -1 -0
    outer loop
      vertex 17.3061 -36.6 20.9837
      vertex 17.2727 -36.6 20.904
      vertex 20.6131 -36.6 19.9764
    endloop
  endfacet
  facet normal 0 -1 0
    outer loop
      vertex 2.67101 -36.6 20.0911
      vertex 3.63866 -36.6 22.8907
      vertex 2.62953 -36.6 20.114
    endloop
  endfacet
  facet normal -0 -1 0
    outer loop
      vertex 20.6131 -36.6 19.9764
      vertex 17.2416 -36.6 20.8235
      vertex 20.6107 -36.6 19.9603
    endloop
  endfacet
  facet normal 0 -1 0
    outer loop
      vertex 2.67101 -36.6 20.0911
      vertex 3.81609 -36.6 22.8481
      vertex 3.63866 -36.6 22.8907
    endloop
  endfacet
  facet normal 0 -1 -0
    outer loop
      vertex 17.2416 -36.6 20.8235
      vertex 17.2128 -36.6 20.7423
      vertex 20.6107 -36.6 19.9603
    endloop
  endfacet
  facet normal 0 -1 0
    outer loop
      vertex 3.98863 -36.6 22.801
      vertex 2.71089 -36.6 20.0668
      vertex 2.74915 -36.6 20.0411
    endloop
  endfacet
  facet normal 0 -1 -0
    outer loop
      vertex 17.2128 -36.6 20.7423
      vertex 17.1863 -36.6 20.6604
      vertex 20.6107 -36.6 19.9603
    endloop
  endfacet
  facet normal -0 -1 0
    outer loop
      vertex 3.98863 -36.6 22.801
      vertex 3.81609 -36.6 22.8481
      vertex 2.71089 -36.6 20.0668
    endloop
  endfacet
  facet normal 0 -1 -0
    outer loop
      vertex 17.1863 -36.6 20.6604
      vertex 17.1621 -36.6 20.5777
      vertex 20.6088 -36.6 19.9441
    endloop
  endfacet
  facet normal 0 -1 0
    outer loop
      vertex 2.71089 -36.6 20.0668
      vertex 3.81609 -36.6 22.8481
      vertex 2.67101 -36.6 20.0911
    endloop
  endfacet
  facet normal 0 -1 -0
    outer loop
      vertex 17.1621 -36.6 20.5777
      vertex 17.1402 -36.6 20.4943
      vertex 20.6088 -36.6 19.9441
    endloop
  endfacet
  facet normal 0 -1 0
    outer loop
      vertex 3.63866 -36.6 22.8907
      vertex 2.58643 -36.6 20.1356
      vertex 2.62953 -36.6 20.114
    endloop
  endfacet
  facet normal 0 -1 0
    outer loop
      vertex 17.1402 -36.6 20.4943
      vertex 20.6074 -36.6 19.9277
      vertex 20.6088 -36.6 19.9441
    endloop
  endfacet
  facet normal 0 -1 -0
    outer loop
      vertex 17.1206 -36.6 20.4102
      vertex 17.1033 -36.6 20.3254
      vertex 20.6074 -36.6 19.9277
    endloop
  endfacet
  facet normal 0 -1 0
    outer loop
      vertex 17.1033 -36.6 20.3254
      vertex 20.6066 -36.6 19.9112
      vertex 20.6074 -36.6 19.9277
    endloop
  endfacet
  facet normal 0 -1 0
    outer loop
      vertex 3.08797 -36.6 19.6398
      vertex 5.99011 -36.6 21.5673
      vertex 3.06793 -36.6 19.6789
    endloop
  endfacet
  facet normal 0 -1 0
    outer loop
      vertex 17.0883 -36.6 20.2399
      vertex 20.6066 -36.6 19.9112
      vertex 17.1033 -36.6 20.3254
    endloop
  endfacet
  facet normal 0 -1 0
    outer loop
      vertex 17.0757 -36.6 20.1536
      vertex 20.6066 -36.6 19.9112
      vertex 17.0883 -36.6 20.2399
    endloop
  endfacet
  facet normal 0 -1 0
    outer loop
      vertex 3.10651 -36.6 19.5997
      vertex 3.12357 -36.6 19.5585
      vertex 6.25259 -36.6 21.2184
    endloop
  endfacet
  facet normal 0 -1 0
    outer loop
      vertex 17.0653 -36.6 20.0666
      vertex 20.6064 -36.6 19.8946
      vertex 17.0757 -36.6 20.1536
    endloop
  endfacet
  facet normal 0 -1 0
    outer loop
      vertex 17.0573 -36.6 19.9788
      vertex 20.6064 -36.6 19.8946
      vertex 17.0653 -36.6 20.0666
    endloop
  endfacet
  facet normal 0 -1 -0
    outer loop
      vertex 6.32948 -36.6 21.0957
      vertex 3.13914 -36.6 19.5164
      vertex 6.40108 -36.6 20.9697
    endloop
  endfacet
  facet normal 0 -1 0
    outer loop
      vertex 20.607 -36.6 19.8699
      vertex 20.6064 -36.6 19.8946
      vertex 17.0573 -36.6 19.9788
    endloop
  endfacet
  facet normal 0 -1 0
    outer loop
      vertex 6.67191 -36.6 17.7914
      vertex 3.18661 -36.6 18.7407
      vertex 3.17697 -36.6 18.6945
    endloop
  endfacet
  facet normal 0 -1 0
    outer loop
      vertex 17.048 -36.6 19.8012
      vertex 20.607 -36.6 19.8699
      vertex 17.0515 -36.6 19.8904
    endloop
  endfacet
  facet normal -0 -1 0
    outer loop
      vertex 6.74945 -36.6 18.0842
      vertex 3.18661 -36.6 18.7407
      vertex 6.72607 -36.6 17.9852
    endloop
  endfacet
  facet normal 0 -1 0
    outer loop
      vertex 17.0469 -36.6 19.7113
      vertex 20.607 -36.6 19.8699
      vertex 17.048 -36.6 19.8012
    endloop
  endfacet
  facet normal 0 -1 0
    outer loop
      vertex 3.19478 -36.6 18.7879
      vertex 6.77039 -36.6 18.1846
      vertex 6.78885 -36.6 18.2864
    endloop
  endfacet
  facet normal -0 -1 0
    outer loop
      vertex 20.609 -36.6 19.8456
      vertex 20.607 -36.6 19.8699
      vertex 17.0469 -36.6 19.7113
    endloop
  endfacet
  facet normal 0 -1 0
    outer loop
      vertex 17.0495 -36.6 19.558
      vertex 20.609 -36.6 19.8456
      vertex 17.0475 -36.6 19.6341
    endloop
  endfacet
  facet normal 0 -1 0
    outer loop
      vertex 17.0528 -36.6 19.4832
      vertex 20.609 -36.6 19.8456
      vertex 17.0495 -36.6 19.558
    endloop
  endfacet
  facet normal -0 -1 0
    outer loop
      vertex 20.6123 -36.6 19.8218
      vertex 20.609 -36.6 19.8456
      vertex 17.0528 -36.6 19.4832
    endloop
  endfacet
  facet normal 0 -1 0
    outer loop
      vertex 17.0634 -36.6 19.337
      vertex 20.6123 -36.6 19.8218
      vertex 17.0575 -36.6 19.4095
    endloop
  endfacet
  facet normal 0 -1 0
    outer loop
      vertex 17.0707 -36.6 19.2656
      vertex 20.6123 -36.6 19.8218
      vertex 17.0634 -36.6 19.337
    endloop
  endfacet
  facet normal 0 -1 -0
    outer loop
      vertex -8.13979 -36.6 23.0722
      vertex -8.90724 -36.6 16.8393
      vertex -3.46512 -36.6 12.3784
    endloop
  endfacet
  facet normal -0 -1 0
    outer loop
      vertex 20.617 -36.6 19.7984
      vertex 20.6123 -36.6 19.8218
      vertex 17.0707 -36.6 19.2656
    endloop
  endfacet
  facet normal 0 -1 0
    outer loop
      vertex 17.0893 -36.6 19.1265
      vertex 20.617 -36.6 19.7984
      vertex 17.0793 -36.6 19.1955
    endloop
  endfacet
  facet normal 0 -1 -0
    outer loop
      vertex 3.15324 -36.6 18.6051
      vertex 3.13914 -36.6 18.5619
      vertex 6.4048 -36.6 17.1581
    endloop
  endfacet
  facet normal 0 -1 0
    outer loop
      vertex 17.1006 -36.6 19.0586
      vertex 20.617 -36.6 19.7984
      vertex 17.0893 -36.6 19.1265
    endloop
  endfacet
  facet normal 0 -1 0
    outer loop
      vertex 17.1131 -36.6 18.9919
      vertex 20.6229 -36.6 19.7755
      vertex 20.617 -36.6 19.7984
    endloop
  endfacet
  facet normal 0 -1 0
    outer loop
      vertex 17.1271 -36.6 18.9264
      vertex 20.6229 -36.6 19.7755
      vertex 17.1131 -36.6 18.9919
    endloop
  endfacet
  facet normal 0 -1 0
    outer loop
      vertex 0.432968 -36.6 15.0672
      vertex 1.41504 -36.6 15.0672
      vertex 0.432968 -36.6 17.7865
    endloop
  endfacet
  facet normal 0 -1 0
    outer loop
      vertex 17.1423 -36.6 18.8621
      vertex 20.6229 -36.6 19.7755
      vertex 17.1271 -36.6 18.9264
    endloop
  endfacet
  facet normal 0 -1 0
    outer loop
      vertex 17.1589 -36.6 18.7989
      vertex 17.1768 -36.6 18.7369
      vertex 20.6229 -36.6 19.7755
    endloop
  endfacet
  facet normal 0 -1 0
    outer loop
      vertex 17.1768 -36.6 18.7369
      vertex 17.196 -36.6 18.6761
      vertex 20.6229 -36.6 19.7755
    endloop
  endfacet
  facet normal 0 -1 0
    outer loop
      vertex 20.6229 -36.6 19.7755
      vertex 17.2165 -36.6 18.6164
      vertex 17.2384 -36.6 18.5579
    endloop
  endfacet
  facet normal 0 -1 -0
    outer loop
      vertex 20.6229 -36.6 19.7755
      vertex 17.2384 -36.6 18.5579
      vertex 20.6302 -36.6 19.7532
    endloop
  endfacet
  facet normal 0 -1 0
    outer loop
      vertex 17.2384 -36.6 18.5579
      vertex 17.2616 -36.6 18.5006
      vertex 20.6302 -36.6 19.7532
    endloop
  endfacet
  facet normal 0 -1 0
    outer loop
      vertex 20.6302 -36.6 19.7532
      vertex 17.2861 -36.6 18.4444
      vertex 17.312 -36.6 18.3894
    endloop
  endfacet
  facet normal 0 -1 0
    outer loop
      vertex 20.6302 -36.6 19.7532
      vertex 17.312 -36.6 18.3894
      vertex 17.3391 -36.6 18.3356
    endloop
  endfacet
  facet normal 0 -1 0
    outer loop
      vertex 17.3972 -36.6 18.2313
      vertex 20.6302 -36.6 19.7532
      vertex 17.3676 -36.6 18.2829
    endloop
  endfacet
  facet normal 0 -1 0
    outer loop
      vertex 17.4277 -36.6 18.1806
      vertex 20.6302 -36.6 19.7532
      vertex 17.3972 -36.6 18.2313
    endloop
  endfacet
  facet normal 0 -1 0
    outer loop
      vertex 17.459 -36.6 18.1308
      vertex 17.4911 -36.6 18.0819
      vertex 20.6302 -36.6 19.7532
    endloop
  endfacet
  facet normal 0 -1 0
    outer loop
      vertex 17.4911 -36.6 18.0819
      vertex 17.5241 -36.6 18.0339
      vertex 20.6388 -36.6 19.7312
    endloop
  endfacet
  facet normal 0 -1 0
    outer loop
      vertex 17.5241 -36.6 18.0339
      vertex 17.558 -36.6 17.9869
      vertex 20.6388 -36.6 19.7312
    endloop
  endfacet
  facet normal 0 -1 0
    outer loop
      vertex 20.6388 -36.6 19.7312
      vertex 17.5927 -36.6 17.9408
      vertex 17.6283 -36.6 17.8955
    endloop
  endfacet
  facet normal 0 -1 0
    outer loop
      vertex 20.6388 -36.6 19.7312
      vertex 17.6283 -36.6 17.8955
      vertex 17.6647 -36.6 17.8513
    endloop
  endfacet
  facet normal -0 -1 0
    outer loop
      vertex 20.6488 -36.6 19.7098
      vertex 20.6388 -36.6 19.7312
      vertex 17.7019 -36.6 17.8079
    endloop
  endfacet
  facet normal 0 -1 0
    outer loop
      vertex 17.779 -36.6 17.7239
      vertex 20.6488 -36.6 19.7098
      vertex 17.74 -36.6 17.7654
    endloop
  endfacet
  facet normal 0 -1 0
    outer loop
      vertex 17.8188 -36.6 17.6832
      vertex 20.6488 -36.6 19.7098
      vertex 17.779 -36.6 17.7239
    endloop
  endfacet
  facet normal 0 -1 0
    outer loop
      vertex 17.8595 -36.6 17.6435
      vertex 17.901 -36.6 17.6047
      vertex 20.6488 -36.6 19.7098
    endloop
  endfacet
  facet normal 0 -1 0
    outer loop
      vertex 17.901 -36.6 17.6047
      vertex 17.9434 -36.6 17.5668
      vertex 20.6488 -36.6 19.7098
    endloop
  endfacet
  facet normal 0 -1 -0
    outer loop
      vertex 20.6488 -36.6 19.7098
      vertex 17.9866 -36.6 17.5298
      vertex 20.66 -36.6 19.6888
    endloop
  endfacet
  facet normal 0 -1 0
    outer loop
      vertex 20.66 -36.6 19.6888
      vertex 18.0307 -36.6 17.4938
      vertex 18.0756 -36.6 17.4586
    endloop
  endfacet
  facet normal 0 -1 0
    outer loop
      vertex 20.66 -36.6 19.6888
      vertex 18.0756 -36.6 17.4586
      vertex 18.1214 -36.6 17.4244
    endloop
  endfacet
  facet normal 0 -1 0
    outer loop
      vertex 18.2155 -36.6 17.3587
      vertex 20.66 -36.6 19.6888
      vertex 18.168 -36.6 17.3911
    endloop
  endfacet
  facet normal 0 -1 0
    outer loop
      vertex 18.2637 -36.6 17.327
      vertex 20.66 -36.6 19.6888
      vertex 18.2155 -36.6 17.3587
    endloop
  endfacet
  facet normal 0 -1 0
    outer loop
      vertex 18.3122 -36.6 17.296
      vertex 20.6726 -36.6 19.6683
      vertex 18.2637 -36.6 17.327
    endloop
  endfacet
  facet normal 0 -1 0
    outer loop
      vertex 18.3613 -36.6 17.2654
      vertex 18.4107 -36.6 17.2355
      vertex 20.6726 -36.6 19.6683
    endloop
  endfacet
  facet normal 0 -1 0
    outer loop
      vertex 18.4107 -36.6 17.2355
      vertex 20.6866 -36.6 19.6483
      vertex 20.6726 -36.6 19.6683
    endloop
  endfacet
  facet normal 0 -1 0
    outer loop
      vertex 18.4606 -36.6 17.2061
      vertex 18.511 -36.6 17.1773
      vertex 20.6866 -36.6 19.6483
    endloop
  endfacet
  facet normal 0 -1 0
    outer loop
      vertex 22.7178 -36.6 15.0747
      vertex 23.8847 -36.6 12.4663
      vertex 23.9929 -36.6 12.5043
    endloop
  endfacet
  facet normal 0 -1 -0
    outer loop
      vertex 18.6942 -36.6 15.5285
      vertex 17.6154 -36.6 12.8646
      vertex 18.7705 -36.6 15.4951
    endloop
  endfacet
  facet normal 0 -1 0
    outer loop
      vertex 18.511 -36.6 17.1773
      vertex 18.5618 -36.6 17.149
      vertex 20.6866 -36.6 19.6483
    endloop
  endfacet
  facet normal 0 -1 0
    outer loop
      vertex 18.5618 -36.6 17.149
      vertex 18.613 -36.6 17.1213
      vertex 20.7018 -36.6 19.6287
    endloop
  endfacet
  facet normal 0 -1 0
    outer loop
      vertex 20.7018 -36.6 19.6287
      vertex 18.6647 -36.6 17.0942
      vertex 18.7168 -36.6 17.0677
    endloop
  endfacet
  facet normal 0 -1 -0
    outer loop
      vertex 20.7018 -36.6 19.6287
      vertex 18.7168 -36.6 17.0677
      vertex 20.7184 -36.6 19.6096
    endloop
  endfacet
  facet normal 0 -1 0
    outer loop
      vertex 18.7705 -36.6 15.4951
      vertex 17.6154 -36.6 12.8646
      vertex 17.7064 -36.6 12.8274
    endloop
  endfacet
  facet normal 0 -1 0
    outer loop
      vertex 20.7184 -36.6 19.6096
      vertex 18.7693 -36.6 17.0417
      vertex 18.8223 -36.6 17.0163
    endloop
  endfacet
  facet normal -0 -1 0
    outer loop
      vertex 18.8476 -36.6 15.4624
      vertex 18.7705 -36.6 15.4951
      vertex 17.7064 -36.6 12.8274
    endloop
  endfacet
  facet normal -0 -1 0
    outer loop
      vertex 20.7363 -36.6 19.591
      vertex 20.7184 -36.6 19.6096
      vertex 18.8758 -36.6 16.9914
    endloop
  endfacet
  facet normal 0 -1 0
    outer loop
      vertex 20.7363 -36.6 19.591
      vertex 18.8758 -36.6 16.9914
      vertex 18.9297 -36.6 16.9672
    endloop
  endfacet
  facet normal 0 -1 0
    outer loop
      vertex 17.7993 -36.6 12.7909
      vertex 18.8476 -36.6 15.4624
      vertex 17.7064 -36.6 12.8274
    endloop
  endfacet
  facet normal 0 -1 0
    outer loop
      vertex 19.0387 -36.6 16.9203
      vertex 20.7363 -36.6 19.591
      vertex 18.984 -36.6 16.9435
    endloop
  endfacet
  facet normal 0 -1 0
    outer loop
      vertex 17.7993 -36.6 12.7909
      vertex 18.9254 -36.6 15.4305
      vertex 18.8476 -36.6 15.4624
    endloop
  endfacet
  facet normal 0 -1 0
    outer loop
      vertex 19.0939 -36.6 16.8977
      vertex 20.7555 -36.6 19.5729
      vertex 19.0387 -36.6 16.9203
    endloop
  endfacet
  facet normal 0 -1 0
    outer loop
      vertex 17.8939 -36.6 12.7552
      vertex 17.9904 -36.6 12.7202
      vertex 18.9254 -36.6 15.4305
    endloop
  endfacet
  facet normal 0 -1 0
    outer loop
      vertex 19.1496 -36.6 16.8757
      vertex 20.7555 -36.6 19.5729
      vertex 19.0939 -36.6 16.8977
    endloop
  endfacet
  facet normal 0 -1 0
    outer loop
      vertex 19.2057 -36.6 16.8543
      vertex 20.776 -36.6 19.5552
      vertex 19.1496 -36.6 16.8757
    endloop
  endfacet
  facet normal 0 -1 0
    outer loop
      vertex 18.1889 -36.6 12.6525
      vertex 19.0831 -36.6 15.3688
      vertex 18.0887 -36.6 12.686
    endloop
  endfacet
  facet normal 0 -1 0
    outer loop
      vertex 19.2622 -36.6 16.8334
      vertex 20.7979 -36.6 19.5381
      vertex 20.776 -36.6 19.5552
    endloop
  endfacet
  facet normal 0 -1 0
    outer loop
      vertex 19.2438 -36.6 15.31
      vertex 18.2908 -36.6 12.6198
      vertex 18.3947 -36.6 12.5879
    endloop
  endfacet
  facet normal 0 -1 0
    outer loop
      vertex 19.3192 -36.6 16.8131
      vertex 20.7979 -36.6 19.5381
      vertex 19.2622 -36.6 16.8334
    endloop
  endfacet
  facet normal 0 -1 0
    outer loop
      vertex 19.3766 -36.6 16.7934
      vertex 20.8211 -36.6 19.5214
      vertex 20.7979 -36.6 19.5381
    endloop
  endfacet
  facet normal 0 -1 -0
    outer loop
      vertex 19.3252 -36.6 15.2817
      vertex 18.5003 -36.6 12.5567
      vertex 19.4074 -36.6 15.2542
    endloop
  endfacet
  facet normal 0 -1 0
    outer loop
      vertex 19.4342 -36.6 16.7741
      vertex 19.4918 -36.6 16.7552
      vertex 20.8211 -36.6 19.5214
    endloop
  endfacet
  facet normal 0 -1 0
    outer loop
      vertex 18.7171 -36.6 12.4966
      vertex 19.5738 -36.6 15.2012
      vertex 19.4902 -36.6 15.2273
    endloop
  endfacet
  facet normal 0 -1 0
    outer loop
      vertex 19.4918 -36.6 16.7552
      vertex 20.8456 -36.6 19.5051
      vertex 20.8211 -36.6 19.5214
    endloop
  endfacet
  facet normal 0 -1 0
    outer loop
      vertex 18.9412 -36.6 12.4395
      vertex 19.6581 -36.6 15.1758
      vertex 18.8282 -36.6 12.4677
    endloop
  endfacet
  facet normal 0 -1 0
    outer loop
      vertex 19.5493 -36.6 16.7366
      vertex 19.6069 -36.6 16.7184
      vertex 20.8456 -36.6 19.5051
    endloop
  endfacet
  facet normal 0 -1 0
    outer loop
      vertex 19.6069 -36.6 16.7184
      vertex 19.6644 -36.6 16.7005
      vertex 20.8715 -36.6 19.4893
    endloop
  endfacet
  facet normal -0 -1 0
    outer loop
      vertex 19.8285 -36.6 15.1274
      vertex 19.7432 -36.6 15.1511
      vertex 19.0553 -36.6 12.4124
    endloop
  endfacet
  facet normal 0 -1 0
    outer loop
      vertex 19.6644 -36.6 16.7005
      vertex 20.8986 -36.6 19.4741
      vertex 20.8715 -36.6 19.4893
    endloop
  endfacet
  facet normal 0 -1 -0
    outer loop
      vertex 19.9136 -36.6 15.1047
      vertex 19.2845 -36.6 12.3619
      vertex 19.9985 -36.6 15.0832
    endloop
  endfacet
  facet normal 0 -1 0
    outer loop
      vertex 19.7218 -36.6 16.683
      vertex 20.8986 -36.6 19.4741
      vertex 19.6644 -36.6 16.7005
    endloop
  endfacet
  facet normal 0 -1 0
    outer loop
      vertex 19.7793 -36.6 16.6658
      vertex 20.9271 -36.6 19.4592
      vertex 20.8986 -36.6 19.4741
    endloop
  endfacet
  facet normal 0 -1 0
    outer loop
      vertex 19.3997 -36.6 12.3385
      vertex 19.5153 -36.6 12.3164
      vertex 20.0831 -36.6 15.0627
    endloop
  endfacet
  facet normal 0 -1 0
    outer loop
      vertex 19.8367 -36.6 16.649
      vertex 20.9271 -36.6 19.4592
      vertex 19.7793 -36.6 16.6658
    endloop
  endfacet
  facet normal 0 -1 0
    outer loop
      vertex 19.894 -36.6 16.6325
      vertex 20.9567 -36.6 19.4448
      vertex 19.8367 -36.6 16.649
    endloop
  endfacet
  facet normal 0 -1 0
    outer loop
      vertex 19.6313 -36.6 12.2956
      vertex 20.2517 -36.6 15.0252
      vertex 20.1675 -36.6 15.0434
    endloop
  endfacet
  facet normal 0 -1 0
    outer loop
      vertex 19.894 -36.6 16.6325
      vertex 19.9514 -36.6 16.6163
      vertex 20.9567 -36.6 19.4448
    endloop
  endfacet
  facet normal 0 -1 0
    outer loop
      vertex 19.9514 -36.6 16.6163
      vertex 20.9872 -36.6 19.4305
      vertex 20.9567 -36.6 19.4448
    endloop
  endfacet
  facet normal 0 -1 0
    outer loop
      vertex 20.0087 -36.6 16.6005
      vertex 20.0659 -36.6 16.5851
      vertex 21.0185 -36.6 19.4165
    endloop
  endfacet
  facet normal 0 -1 0
    outer loop
      vertex 24.0987 -36.6 12.5443
      vertex 24.2022 -36.6 12.5863
      vertex 22.7663 -36.6 15.1059
    endloop
  endfacet
  facet normal 0 -1 0
    outer loop
      vertex 21.0506 -36.6 19.4027
      vertex 20.0659 -36.6 16.5851
      vertex 20.1232 -36.6 16.57
    endloop
  endfacet
  facet normal -0 -1 0
    outer loop
      vertex 21.0836 -36.6 19.3891
      vertex 21.0506 -36.6 19.4027
      vertex 20.1232 -36.6 16.57
    endloop
  endfacet
  facet normal 0 -1 0
    outer loop
      vertex 21.0836 -36.6 19.3891
      vertex 20.1232 -36.6 16.57
      vertex 20.1804 -36.6 16.5552
    endloop
  endfacet
  facet normal -0 -1 0
    outer loop
      vertex 21.1522 -36.6 19.3626
      vertex 21.1175 -36.6 19.3757
      vertex 20.2376 -36.6 16.5408
    endloop
  endfacet
  facet normal 0 -1 0
    outer loop
      vertex 24.4022 -36.6 12.6763
      vertex 24.4989 -36.6 12.7234
      vertex 22.8087 -36.6 15.1394
    endloop
  endfacet
  facet normal 0 -1 0
    outer loop
      vertex 20.2947 -36.6 16.5268
      vertex 21.1522 -36.6 19.3626
      vertex 20.2376 -36.6 16.5408
    endloop
  endfacet
  facet normal 0 -1 0
    outer loop
      vertex 20.2947 -36.6 16.5268
      vertex 20.3519 -36.6 16.513
      vertex 21.1877 -36.6 19.3496
    endloop
  endfacet
  facet normal 0 -1 0
    outer loop
      vertex 20.3519 -36.6 16.513
      vertex 20.4089 -36.6 16.4997
      vertex 21.1877 -36.6 19.3496
    endloop
  endfacet
  facet normal 0 -1 0
    outer loop
      vertex 22.8454 -36.6 15.1752
      vertex 24.7753 -36.6 12.8727
      vertex 22.8565 -36.6 15.1875
    endloop
  endfacet
  facet normal 0 -1 0
    outer loop
      vertex 20.523 -36.6 16.474
      vertex 21.2614 -36.6 19.3245
      vertex 20.466 -36.6 16.4866
    endloop
  endfacet
  facet normal 0 -1 0
    outer loop
      vertex 20.523 -36.6 16.474
      vertex 20.58 -36.6 16.4616
      vertex 21.2995 -36.6 19.3122
    endloop
  endfacet
  facet normal 0 -1 -0
    outer loop
      vertex 21.3385 -36.6 19.3001
      vertex 20.6369 -36.6 16.4497
      vertex 21.3783 -36.6 19.2883
    endloop
  endfacet
  facet normal 0 -1 0
    outer loop
      vertex 24.9484 -36.6 12.9789
      vertex 25.0316 -36.6 13.034
      vertex 22.8769 -36.6 15.2129
    endloop
  endfacet
  facet normal 0 -1 0
    outer loop
      vertex 20.8614 -36.6 16.403
      vertex 21.5029 -36.6 19.2542
      vertex 21.4605 -36.6 19.2653
    endloop
  endfacet
  facet normal 0 -1 -0
    outer loop
      vertex 21.4073 -36.6 14.886
      vertex 21.2946 -36.6 12.1365
      vertex 21.4163 -36.6 12.1347
    endloop
  endfacet
  facet normal 0 -1 0
    outer loop
      vertex 20.8614 -36.6 16.403
      vertex 20.9712 -36.6 16.38
      vertex 21.5461 -36.6 19.2432
    endloop
  endfacet
  facet normal 0 -1 0
    outer loop
      vertex 25.1912 -36.6 13.1481
      vertex 22.9034 -36.6 15.2526
      vertex 22.8951 -36.6 15.2392
    endloop
  endfacet
  facet normal -0 -1 0
    outer loop
      vertex 21.7275 -36.6 19.2017
      vertex 21.6809 -36.6 19.2117
      vertex 21.1328 -36.6 16.346
    endloop
  endfacet
  facet normal -0 -1 0
    outer loop
      vertex 21.8232 -36.6 19.1821
      vertex 21.775 -36.6 19.1918
      vertex 21.1328 -36.6 16.346
    endloop
  endfacet
  facet normal 0 -1 0
    outer loop
      vertex 25.4139 -36.6 13.3293
      vertex 22.9181 -36.6 15.2803
      vertex 22.911 -36.6 15.2663
    endloop
  endfacet
  facet normal 0 -1 -0
    outer loop
      vertex 21.9207 -36.6 19.1624
      vertex 21.4449 -36.6 16.2797
      vertex 22.0201 -36.6 19.1424
    endloop
  endfacet
  facet normal 0 -1 -0
    outer loop
      vertex 21.6615 -36.6 14.8844
      vertex 21.6156 -36.6 14.884
      vertex 21.6885 -36.6 12.135
    endloop
  endfacet
  facet normal 0 -1 0
    outer loop
      vertex 25.6164 -36.6 13.5223
      vertex 22.9306 -36.6 15.3087
      vertex 22.9247 -36.6 15.2944
    endloop
  endfacet
  facet normal 0 -1 0
    outer loop
      vertex 22.2763 -36.6 19.0915
      vertex 21.6447 -36.6 16.2368
      vertex 21.7422 -36.6 16.2157
    endloop
  endfacet
  facet normal -0 -1 0
    outer loop
      vertex 21.8364 -36.6 12.1381
      vertex 21.7064 -36.6 14.8851
      vertex 21.6885 -36.6 12.135
    endloop
  endfacet
  facet normal 0 -1 -0
    outer loop
      vertex 22.936 -36.6 15.3233
      vertex 22.9306 -36.6 15.3087
      vertex 25.7401 -36.6 13.6577
    endloop
  endfacet
  facet normal 0 -1 0
    outer loop
      vertex 21.7903 -36.6 16.2052
      vertex 22.4353 -36.6 19.0601
      vertex 21.7422 -36.6 16.2157
    endloop
  endfacet
  facet normal 0 -1 0
    outer loop
      vertex 25.7987 -36.6 13.7274
      vertex 25.855 -36.6 13.7983
      vertex 22.936 -36.6 15.3233
    endloop
  endfacet
  facet normal 0 -1 0
    outer loop
      vertex 21.9302 -36.6 16.173
      vertex 22.5435 -36.6 19.0389
      vertex 21.8844 -36.6 16.184
    endloop
  endfacet
  facet normal 0 -1 0
    outer loop
      vertex 21.8364 -36.6 12.1381
      vertex 21.9819 -36.6 12.1433
      vertex 21.7935 -36.6 14.8874
    endloop
  endfacet
  facet normal 0 -1 -0
    outer loop
      vertex 22.5435 -36.6 19.0389
      vertex 21.9752 -36.6 16.1618
      vertex 22.7091 -36.6 19.0066
    endloop
  endfacet
  facet normal 0 -1 0
    outer loop
      vertex 22.0192 -36.6 16.1504
      vertex 22.0625 -36.6 16.1388
      vertex 22.7091 -36.6 19.0066
    endloop
  endfacet
  facet normal 0 -1 0
    outer loop
      vertex 21.8357 -36.6 14.8889
      vertex 21.9819 -36.6 12.1433
      vertex 21.877 -36.6 14.8908
    endloop
  endfacet
  facet normal -0 -1 0
    outer loop
      vertex 22.8217 -36.6 18.9848
      vertex 22.7091 -36.6 19.0066
      vertex 22.1048 -36.6 16.1269
    endloop
  endfacet
  facet normal 0 -1 0
    outer loop
      vertex 26.1026 -36.6 14.1702
      vertex 22.952 -36.6 15.3838
      vertex 22.9488 -36.6 15.3683
    endloop
  endfacet
  facet normal 0 -1 -0
    outer loop
      vertex 22.9545 -36.6 15.3995
      vertex 22.952 -36.6 15.3838
      vertex 26.1855 -36.6 14.3241
    endloop
  endfacet
  facet normal 0 -1 0
    outer loop
      vertex 22.2269 -36.6 16.0901
      vertex 22.9937 -36.6 18.9514
      vertex 22.9361 -36.6 18.9627
    endloop
  endfacet
  facet normal 0 -1 0
    outer loop
      vertex 26.2236 -36.6 14.402
      vertex 26.2593 -36.6 14.4806
      vertex 22.9545 -36.6 15.3995
    endloop
  endfacet
  facet normal 0 -1 0
    outer loop
      vertex 22.9565 -36.6 15.4154
      vertex 26.3526 -36.6 14.7205
      vertex 22.9579 -36.6 15.4315
    endloop
  endfacet
  facet normal 0 -1 0
    outer loop
      vertex 22.3412 -36.6 16.0512
      vertex 22.3776 -36.6 16.0378
      vertex 23.2239 -36.6 18.9024
    endloop
  endfacet
  facet normal 0 -1 0
    outer loop
      vertex 26.5001 -36.6 15.3891
      vertex 26.5082 -36.6 15.4757
      vertex 22.9584 -36.6 15.4905
    endloop
  endfacet
  facet normal 0 -1 0
    outer loop
      vertex 22.3776 -36.6 16.0378
      vertex 22.4132 -36.6 16.0242
      vertex 23.2813 -36.6 18.8892
    endloop
  endfacet
  facet normal 0 -1 -0
    outer loop
      vertex 23.3388 -36.6 18.8757
      vertex 22.4479 -36.6 16.0103
      vertex 23.3962 -36.6 18.8617
    endloop
  endfacet
  facet normal 0 -1 -0
    outer loop
      vertex 26.4761 -36.6 16.3141
      vertex 22.9425 -36.6 15.59
      vertex 26.4861 -36.6 16.2462
    endloop
  endfacet
  facet normal -0 -1 0
    outer loop
      vertex 25.622 -36.6 17.8538
      vertex 25.5787 -36.6 17.8906
      vertex 22.9053 -36.6 15.6814
    endloop
  endfacet
  facet normal 0 -1 0
    outer loop
      vertex 22.6746 -36.6 12.1997
      vertex 22.2705 -36.6 14.9298
      vertex 22.2393 -36.6 14.9249
    endloop
  endfacet
  facet normal 0 -1 -0
    outer loop
      vertex 25.622 -36.6 17.8538
      vertex 22.9053 -36.6 15.6814
      vertex 25.6643 -36.6 17.8161
    endloop
  endfacet
  facet normal 0 -1 0
    outer loop
      vertex 22.3008 -36.6 14.9351
      vertex 22.8061 -36.6 12.2171
      vertex 22.3302 -36.6 14.9406
    endloop
  endfacet
  facet normal 0 -1 0
    outer loop
      vertex 22.9053 -36.6 15.6814
      vertex 25.7059 -36.6 17.7776
      vertex 25.6643 -36.6 17.8161
    endloop
  endfacet
  facet normal 0 -1 -0
    outer loop
      vertex 22.4129 -36.6 14.9589
      vertex 22.3862 -36.6 14.9526
      vertex 22.9353 -36.6 12.2366
    endloop
  endfacet
  facet normal 0 -1 -0
    outer loop
      vertex 25.7465 -36.6 17.7381
      vertex 22.9166 -36.6 15.6593
      vertex 25.7863 -36.6 17.6977
    endloop
  endfacet
  facet normal 0 -1 0
    outer loop
      vertex 22.9166 -36.6 15.6593
      vertex 25.8253 -36.6 17.6565
      vertex 25.7863 -36.6 17.6977
    endloop
  endfacet
  facet normal -0 -1 0
    outer loop
      vertex 25.8634 -36.6 17.6144
      vertex 25.8253 -36.6 17.6565
      vertex 22.9166 -36.6 15.6593
    endloop
  endfacet
  facet normal 0 -1 -0
    outer loop
      vertex 25.8634 -36.6 17.6144
      vertex 22.9166 -36.6 15.6593
      vertex 25.9007 -36.6 17.5715
    endloop
  endfacet
  facet normal 0 -1 0
    outer loop
      vertex 22.9166 -36.6 15.6593
      vertex 25.9371 -36.6 17.5276
      vertex 25.9007 -36.6 17.5715
    endloop
  endfacet
  facet normal -0 -1 0
    outer loop
      vertex 25.9727 -36.6 17.4828
      vertex 25.9371 -36.6 17.5276
      vertex 22.9166 -36.6 15.6593
    endloop
  endfacet
  facet normal 0 -1 -0
    outer loop
      vertex 25.9727 -36.6 17.4828
      vertex 22.9166 -36.6 15.6593
      vertex 26.0074 -36.6 17.4372
    endloop
  endfacet
  facet normal 0 -1 0
    outer loop
      vertex 22.9166 -36.6 15.6593
      vertex 22.9266 -36.6 15.6367
      vertex 26.0074 -36.6 17.4372
    endloop
  endfacet
  facet normal -0 -1 0
    outer loop
      vertex 26.0742 -36.6 17.3432
      vertex 26.0412 -36.6 17.3906
      vertex 22.9266 -36.6 15.6367
    endloop
  endfacet
  facet normal 0 -1 0
    outer loop
      vertex 22.9266 -36.6 15.6367
      vertex 26.0412 -36.6 17.3906
      vertex 26.0074 -36.6 17.4372
    endloop
  endfacet
  facet normal 0 -1 -0
    outer loop
      vertex 26.0742 -36.6 17.3432
      vertex 22.9266 -36.6 15.6367
      vertex 26.1064 -36.6 17.2949
    endloop
  endfacet
  facet normal 0 -1 0
    outer loop
      vertex 22.9266 -36.6 15.6367
      vertex 26.1376 -36.6 17.2458
      vertex 26.1064 -36.6 17.2949
    endloop
  endfacet
  facet normal 0 -1 0
    outer loop
      vertex 22.9266 -36.6 15.6367
      vertex 22.9352 -36.6 15.6136
      vertex 26.1977 -36.6 17.1447
    endloop
  endfacet
  facet normal 0 -1 0
    outer loop
      vertex 22.9352 -36.6 15.6136
      vertex 26.2262 -36.6 17.0928
      vertex 26.1977 -36.6 17.1447
    endloop
  endfacet
  facet normal -0 -1 0
    outer loop
      vertex 26.2534 -36.6 17.0397
      vertex 26.2262 -36.6 17.0928
      vertex 22.9352 -36.6 15.6136
    endloop
  endfacet
  facet normal 0 -1 0
    outer loop
      vertex 22.9352 -36.6 15.6136
      vertex 26.3037 -36.6 16.9301
      vertex 26.2792 -36.6 16.9855
    endloop
  endfacet
  facet normal 0 -1 -0
    outer loop
      vertex 26.2534 -36.6 17.0397
      vertex 22.9352 -36.6 15.6136
      vertex 26.2792 -36.6 16.9855
    endloop
  endfacet
  facet normal -0 -1 0
    outer loop
      vertex 26.3269 -36.6 16.8736
      vertex 26.3037 -36.6 16.9301
      vertex 22.9352 -36.6 15.6136
    endloop
  endfacet
  facet normal 0 -1 -0
    outer loop
      vertex 26.3269 -36.6 16.8736
      vertex 22.9352 -36.6 15.6136
      vertex 26.3488 -36.6 16.816
    endloop
  endfacet
  facet normal 0 -1 -0
    outer loop
      vertex 26.3886 -36.6 16.6973
      vertex 22.9352 -36.6 15.6136
      vertex 26.4065 -36.6 16.6363
    endloop
  endfacet
  facet normal 0 -1 0
    outer loop
      vertex 22.9352 -36.6 15.6136
      vertex 26.4231 -36.6 16.5741
      vertex 26.4065 -36.6 16.6363
    endloop
  endfacet
  facet normal -0 -1 0
    outer loop
      vertex 26.4383 -36.6 16.5108
      vertex 26.4231 -36.6 16.5741
      vertex 22.9425 -36.6 15.59
    endloop
  endfacet
  facet normal 0 -1 0
    outer loop
      vertex 22.9425 -36.6 15.59
      vertex 26.4231 -36.6 16.5741
      vertex 22.9352 -36.6 15.6136
    endloop
  endfacet
  facet normal 0 -1 -0
    outer loop
      vertex 26.4383 -36.6 16.5108
      vertex 22.9425 -36.6 15.59
      vertex 26.4522 -36.6 16.4464
    endloop
  endfacet
  facet normal 0 -1 0
    outer loop
      vertex 22.9425 -36.6 15.59
      vertex 26.4648 -36.6 16.3808
      vertex 26.4522 -36.6 16.4464
    endloop
  endfacet
  facet normal 0 -1 0
    outer loop
      vertex 22.9425 -36.6 15.59
      vertex 22.9484 -36.6 15.5659
      vertex 26.4861 -36.6 16.2462
    endloop
  endfacet
  facet normal 0 -1 0
    outer loop
      vertex 22.9484 -36.6 15.5659
      vertex 26.4947 -36.6 16.1772
      vertex 26.4861 -36.6 16.2462
    endloop
  endfacet
  facet normal 0 -1 -0
    outer loop
      vertex 26.502 -36.6 16.1071
      vertex 22.9484 -36.6 15.5659
      vertex 26.5079 -36.6 16.0358
    endloop
  endfacet
  facet normal -0 -1 0
    outer loop
      vertex 26.502 -36.6 16.1071
      vertex 26.4947 -36.6 16.1772
      vertex 22.9484 -36.6 15.5659
    endloop
  endfacet
  facet normal 0 -1 0
    outer loop
      vertex 22.9484 -36.6 15.5659
      vertex 22.9531 -36.6 15.5413
      vertex 26.5079 -36.6 16.0358
    endloop
  endfacet
  facet normal 0 -1 -0
    outer loop
      vertex 26.5159 -36.6 15.8899
      vertex 22.9531 -36.6 15.5413
      vertex 26.5179 -36.6 15.8152
    endloop
  endfacet
  facet normal 0 -1 0
    outer loop
      vertex 22.9564 -36.6 15.5161
      vertex 26.5185 -36.6 15.7394
      vertex 26.5179 -36.6 15.8152
    endloop
  endfacet
  facet normal 0 -1 0
    outer loop
      vertex 22.9531 -36.6 15.5413
      vertex 22.9564 -36.6 15.5161
      vertex 26.5179 -36.6 15.8152
    endloop
  endfacet
  facet normal -0 -1 0
    outer loop
      vertex 26.5174 -36.6 15.6508
      vertex 26.5185 -36.6 15.7394
      vertex 22.9564 -36.6 15.5161
    endloop
  endfacet
  facet normal 0 -1 0
    outer loop
      vertex 22.9584 -36.6 15.4905
      vertex 26.5082 -36.6 15.4757
      vertex 26.5139 -36.6 15.5629
    endloop
  endfacet
  facet normal -0 -1 0
    outer loop
      vertex 26.5001 -36.6 15.3891
      vertex 22.9584 -36.6 15.4905
      vertex 26.4897 -36.6 15.3032
    endloop
  endfacet
  facet normal 0 -1 0
    outer loop
      vertex 26.4621 -36.6 15.1334
      vertex 26.4771 -36.6 15.218
      vertex 22.959 -36.6 15.4644
    endloop
  endfacet
  facet normal 0 -1 -0
    outer loop
      vertex 22.959 -36.6 15.4644
      vertex 22.9588 -36.6 15.4478
      vertex 26.4448 -36.6 15.0495
    endloop
  endfacet
  facet normal -0 -1 0
    outer loop
      vertex 26.4033 -36.6 14.8836
      vertex 22.9579 -36.6 15.4315
      vertex 26.3791 -36.6 14.8017
    endloop
  endfacet
  facet normal 0 -1 0
    outer loop
      vertex 26.4033 -36.6 14.8836
      vertex 22.9588 -36.6 15.4478
      vertex 22.9579 -36.6 15.4315
    endloop
  endfacet
  facet normal 0 -1 0
    outer loop
      vertex 26.3238 -36.6 14.6399
      vertex 26.3526 -36.6 14.7205
      vertex 22.9565 -36.6 15.4154
    endloop
  endfacet
  facet normal 0 -1 0
    outer loop
      vertex 22.9565 -36.6 15.4154
      vertex 26.2593 -36.6 14.4806
      vertex 26.2927 -36.6 14.5599
    endloop
  endfacet
  facet normal -0 -1 0
    outer loop
      vertex 26.3238 -36.6 14.6399
      vertex 22.9565 -36.6 15.4154
      vertex 26.2927 -36.6 14.5599
    endloop
  endfacet
  facet normal -0 -1 0
    outer loop
      vertex 26.2236 -36.6 14.402
      vertex 22.9545 -36.6 15.3995
      vertex 26.1855 -36.6 14.3241
    endloop
  endfacet
  facet normal 0 -1 0
    outer loop
      vertex 22.952 -36.6 15.3838
      vertex 26.1452 -36.6 14.2468
      vertex 26.1855 -36.6 14.3241
    endloop
  endfacet
  facet normal 0 -1 -0
    outer loop
      vertex 22.9488 -36.6 15.3683
      vertex 22.9451 -36.6 15.3531
      vertex 26.0576 -36.6 14.0942
    endloop
  endfacet
  facet normal -0 -1 0
    outer loop
      vertex 26.1026 -36.6 14.1702
      vertex 22.9488 -36.6 15.3683
      vertex 26.0576 -36.6 14.0942
    endloop
  endfacet
  facet normal 0 -1 0
    outer loop
      vertex 25.9608 -36.6 13.9443
      vertex 22.9451 -36.6 15.3531
      vertex 22.9409 -36.6 15.3381
    endloop
  endfacet
  facet normal 0 -1 0
    outer loop
      vertex 22.9409 -36.6 15.3381
      vertex 25.855 -36.6 13.7983
      vertex 25.909 -36.6 13.8707
    endloop
  endfacet
  facet normal -0 -1 0
    outer loop
      vertex 25.9608 -36.6 13.9443
      vertex 22.9409 -36.6 15.3381
      vertex 25.909 -36.6 13.8707
    endloop
  endfacet
  facet normal -0 -1 0
    outer loop
      vertex 25.7987 -36.6 13.7274
      vertex 22.936 -36.6 15.3233
      vertex 25.7401 -36.6 13.6577
    endloop
  endfacet
  facet normal 0 -1 0
    outer loop
      vertex 22.9306 -36.6 15.3087
      vertex 25.6794 -36.6 13.5894
      vertex 25.7401 -36.6 13.6577
    endloop
  endfacet
  facet normal 0 -1 -0
    outer loop
      vertex 22.9247 -36.6 15.2944
      vertex 22.9181 -36.6 15.2803
      vertex 25.5511 -36.6 13.4567
    endloop
  endfacet
  facet normal -0 -1 0
    outer loop
      vertex 25.6164 -36.6 13.5223
      vertex 22.9247 -36.6 15.2944
      vertex 25.5511 -36.6 13.4567
    endloop
  endfacet
  facet normal 0 -1 0
    outer loop
      vertex 22.9181 -36.6 15.2803
      vertex 25.4836 -36.6 13.3923
      vertex 25.5511 -36.6 13.4567
    endloop
  endfacet
  facet normal 0 -1 -0
    outer loop
      vertex 22.911 -36.6 15.2663
      vertex 22.9034 -36.6 15.2526
      vertex 25.3419 -36.6 13.2676
    endloop
  endfacet
  facet normal -0 -1 0
    outer loop
      vertex 25.4139 -36.6 13.3293
      vertex 22.911 -36.6 15.2663
      vertex 25.3419 -36.6 13.2676
    endloop
  endfacet
  facet normal 0 -1 0
    outer loop
      vertex 22.9034 -36.6 15.2526
      vertex 25.2677 -36.6 13.2072
      vertex 25.3419 -36.6 13.2676
    endloop
  endfacet
  facet normal 0 -1 -0
    outer loop
      vertex 22.8951 -36.6 15.2392
      vertex 22.8863 -36.6 15.2259
      vertex 25.1125 -36.6 13.0904
    endloop
  endfacet
  facet normal -0 -1 0
    outer loop
      vertex 25.1912 -36.6 13.1481
      vertex 22.8951 -36.6 15.2392
      vertex 25.1125 -36.6 13.0904
    endloop
  endfacet
  facet normal 0 -1 0
    outer loop
      vertex 22.8863 -36.6 15.2259
      vertex 25.0316 -36.6 13.034
      vertex 25.1125 -36.6 13.0904
    endloop
  endfacet
  facet normal -0 -1 0
    outer loop
      vertex 24.9484 -36.6 12.9789
      vertex 22.867 -36.6 15.2001
      vertex 24.863 -36.6 12.9251
    endloop
  endfacet
  facet normal 0 -1 0
    outer loop
      vertex 24.9484 -36.6 12.9789
      vertex 22.8769 -36.6 15.2129
      vertex 22.867 -36.6 15.2001
    endloop
  endfacet
  facet normal 0 -1 -0
    outer loop
      vertex 22.867 -36.6 15.2001
      vertex 22.8565 -36.6 15.1875
      vertex 24.863 -36.6 12.9251
    endloop
  endfacet
  facet normal 0 -1 0
    outer loop
      vertex 24.6854 -36.6 12.8216
      vertex 24.7753 -36.6 12.8727
      vertex 22.8454 -36.6 15.1752
    endloop
  endfacet
  facet normal 0 -1 0
    outer loop
      vertex 24.6854 -36.6 12.8216
      vertex 22.8454 -36.6 15.1752
      vertex 22.8338 -36.6 15.163
    endloop
  endfacet
  facet normal 0 -1 -0
    outer loop
      vertex 22.8338 -36.6 15.163
      vertex 22.8215 -36.6 15.1511
      vertex 24.5932 -36.6 12.7718
    endloop
  endfacet
  facet normal -0 -1 0
    outer loop
      vertex 24.6854 -36.6 12.8216
      vertex 22.8338 -36.6 15.163
      vertex 24.5932 -36.6 12.7718
    endloop
  endfacet
  facet normal 0 -1 0
    outer loop
      vertex 22.8215 -36.6 15.1511
      vertex 24.4989 -36.6 12.7234
      vertex 24.5932 -36.6 12.7718
    endloop
  endfacet
  facet normal 0 -1 0
    outer loop
      vertex 24.4022 -36.6 12.6763
      vertex 22.8087 -36.6 15.1394
      vertex 22.7952 -36.6 15.128
    endloop
  endfacet
  facet normal 0 -1 -0
    outer loop
      vertex 22.7952 -36.6 15.128
      vertex 22.7811 -36.6 15.1168
      vertex 24.3034 -36.6 12.6305
    endloop
  endfacet
  facet normal -0 -1 0
    outer loop
      vertex 24.4022 -36.6 12.6763
      vertex 22.7952 -36.6 15.128
      vertex 24.3034 -36.6 12.6305
    endloop
  endfacet
  facet normal 0 -1 0
    outer loop
      vertex 22.7811 -36.6 15.1168
      vertex 24.2022 -36.6 12.5863
      vertex 24.3034 -36.6 12.6305
    endloop
  endfacet
  facet normal 0 -1 0
    outer loop
      vertex 24.0987 -36.6 12.5443
      vertex 22.7663 -36.6 15.1059
      vertex 22.7508 -36.6 15.0953
    endloop
  endfacet
  facet normal 0 -1 -0
    outer loop
      vertex 22.7508 -36.6 15.0953
      vertex 22.7346 -36.6 15.0848
      vertex 23.9929 -36.6 12.5043
    endloop
  endfacet
  facet normal -0 -1 0
    outer loop
      vertex 24.0987 -36.6 12.5443
      vertex 22.7508 -36.6 15.0953
      vertex 23.9929 -36.6 12.5043
    endloop
  endfacet
  facet normal 0 -1 -0
    outer loop
      vertex 22.7346 -36.6 15.0848
      vertex 22.7178 -36.6 15.0747
      vertex 23.9929 -36.6 12.5043
    endloop
  endfacet
  facet normal 0 -1 0
    outer loop
      vertex 23.8847 -36.6 12.4663
      vertex 22.7178 -36.6 15.0747
      vertex 22.7003 -36.6 15.0648
    endloop
  endfacet
  facet normal -0 -1 0
    outer loop
      vertex 23.8847 -36.6 12.4663
      vertex 22.7003 -36.6 15.0648
      vertex 23.7742 -36.6 12.4304
    endloop
  endfacet
  facet normal 0 -1 -0
    outer loop
      vertex 22.7003 -36.6 15.0648
      vertex 22.6822 -36.6 15.0551
      vertex 23.7742 -36.6 12.4304
    endloop
  endfacet
  facet normal 0 -1 -0
    outer loop
      vertex 22.6822 -36.6 15.0551
      vertex 22.6634 -36.6 15.0457
      vertex 23.7742 -36.6 12.4304
    endloop
  endfacet
  facet normal 0 -1 0
    outer loop
      vertex 22.6634 -36.6 15.0457
      vertex 23.6614 -36.6 12.3966
      vertex 23.7742 -36.6 12.4304
    endloop
  endfacet
  facet normal 0 -1 0
    outer loop
      vertex 22.644 -36.6 15.0366
      vertex 23.6614 -36.6 12.3966
      vertex 22.6634 -36.6 15.0457
    endloop
  endfacet
  facet normal 0 -1 0
    outer loop
      vertex 23.5462 -36.6 12.3648
      vertex 23.6614 -36.6 12.3966
      vertex 22.644 -36.6 15.0366
    endloop
  endfacet
  facet normal 0 -1 0
    outer loop
      vertex 23.5462 -36.6 12.3648
      vertex 22.644 -36.6 15.0366
      vertex 22.6238 -36.6 15.0277
    endloop
  endfacet
  facet normal 0 -1 0
    outer loop
      vertex 23.5462 -36.6 12.3648
      vertex 22.6238 -36.6 15.0277
      vertex 22.603 -36.6 15.019
    endloop
  endfacet
  facet normal -0 -1 0
    outer loop
      vertex 23.5462 -36.6 12.3648
      vertex 22.603 -36.6 15.019
      vertex 23.4287 -36.6 12.3351
    endloop
  endfacet
  facet normal 0 -1 -0
    outer loop
      vertex 22.603 -36.6 15.019
      vertex 22.5816 -36.6 15.0106
      vertex 23.4287 -36.6 12.3351
    endloop
  endfacet
  facet normal 0 -1 -0
    outer loop
      vertex 22.5816 -36.6 15.0106
      vertex 22.5595 -36.6 15.0025
      vertex 23.4287 -36.6 12.3351
    endloop
  endfacet
  facet normal 0 -1 0
    outer loop
      vertex 22.5595 -36.6 15.0025
      vertex 23.3088 -36.6 12.3074
      vertex 23.4287 -36.6 12.3351
    endloop
  endfacet
  facet normal 0 -1 0
    outer loop
      vertex 22.5367 -36.6 14.9946
      vertex 23.3088 -36.6 12.3074
      vertex 22.5595 -36.6 15.0025
    endloop
  endfacet
  facet normal 0 -1 0
    outer loop
      vertex 23.1867 -36.6 12.2817
      vertex 23.3088 -36.6 12.3074
      vertex 22.5367 -36.6 14.9946
    endloop
  endfacet
  facet normal 0 -1 0
    outer loop
      vertex 23.1867 -36.6 12.2817
      vertex 22.5367 -36.6 14.9946
      vertex 22.5133 -36.6 14.987
    endloop
  endfacet
  facet normal 0 -1 0
    outer loop
      vertex 23.1867 -36.6 12.2817
      vertex 22.5133 -36.6 14.987
      vertex 22.4892 -36.6 14.9796
    endloop
  endfacet
  facet normal -0 -1 0
    outer loop
      vertex 23.1867 -36.6 12.2817
      vertex 22.4892 -36.6 14.9796
      vertex 23.0621 -36.6 12.2581
    endloop
  endfacet
  facet normal 0 -1 -0
    outer loop
      vertex 22.4892 -36.6 14.9796
      vertex 22.4644 -36.6 14.9724
      vertex 23.0621 -36.6 12.2581
    endloop
  endfacet
  facet normal 0 -1 -0
    outer loop
      vertex 22.4644 -36.6 14.9724
      vertex 22.439 -36.6 14.9656
      vertex 23.0621 -36.6 12.2581
    endloop
  endfacet
  facet normal 0 -1 -0
    outer loop
      vertex 22.439 -36.6 14.9656
      vertex 22.4129 -36.6 14.9589
      vertex 23.0621 -36.6 12.2581
    endloop
  endfacet
  facet normal 0 -1 0
    outer loop
      vertex 22.4129 -36.6 14.9589
      vertex 22.9353 -36.6 12.2366
      vertex 23.0621 -36.6 12.2581
    endloop
  endfacet
  facet normal 0 -1 -0
    outer loop
      vertex 22.3862 -36.6 14.9526
      vertex 22.3586 -36.6 14.9465
      vertex 22.9353 -36.6 12.2366
    endloop
  endfacet
  facet normal 0 -1 0
    outer loop
      vertex 22.3586 -36.6 14.9465
      vertex 22.8061 -36.6 12.2171
      vertex 22.9353 -36.6 12.2366
    endloop
  endfacet
  facet normal 0 -1 0
    outer loop
      vertex 22.3302 -36.6 14.9406
      vertex 22.8061 -36.6 12.2171
      vertex 22.3586 -36.6 14.9465
    endloop
  endfacet
  facet normal 0 -1 0
    outer loop
      vertex 22.6746 -36.6 12.1997
      vertex 22.8061 -36.6 12.2171
      vertex 22.3008 -36.6 14.9351
    endloop
  endfacet
  facet normal 0 -1 0
    outer loop
      vertex 22.6746 -36.6 12.1997
      vertex 22.3008 -36.6 14.9351
      vertex 22.2705 -36.6 14.9298
    endloop
  endfacet
  facet normal -0 -1 0
    outer loop
      vertex 22.6746 -36.6 12.1997
      vertex 22.2393 -36.6 14.9249
      vertex 22.5407 -36.6 12.1843
    endloop
  endfacet
  facet normal 0 -1 -0
    outer loop
      vertex 22.2393 -36.6 14.9249
      vertex 22.2072 -36.6 14.9202
      vertex 22.5407 -36.6 12.1843
    endloop
  endfacet
  facet normal 0 -1 0
    outer loop
      vertex 22.1742 -36.6 14.9158
      vertex 22.5407 -36.6 12.1843
      vertex 22.2072 -36.6 14.9202
    endloop
  endfacet
  facet normal 0 -1 0
    outer loop
      vertex 22.4045 -36.6 12.171
      vertex 22.5407 -36.6 12.1843
      vertex 22.1742 -36.6 14.9158
    endloop
  endfacet
  facet normal 0 -1 -0
    outer loop
      vertex 22.1742 -36.6 14.9158
      vertex 22.1402 -36.6 14.9116
      vertex 22.4045 -36.6 12.171
    endloop
  endfacet
  facet normal 0 -1 -0
    outer loop
      vertex 22.1402 -36.6 14.9116
      vertex 22.1054 -36.6 14.9078
      vertex 22.4045 -36.6 12.171
    endloop
  endfacet
  facet normal 0 -1 -0
    outer loop
      vertex 22.1054 -36.6 14.9078
      vertex 22.0696 -36.6 14.9043
      vertex 22.4045 -36.6 12.171
    endloop
  endfacet
  facet normal 0 -1 0
    outer loop
      vertex 22.0696 -36.6 14.9043
      vertex 22.266 -36.6 12.1597
      vertex 22.4045 -36.6 12.171
    endloop
  endfacet
  facet normal 0 -1 0
    outer loop
      vertex 22.0329 -36.6 14.901
      vertex 22.266 -36.6 12.1597
      vertex 22.0696 -36.6 14.9043
    endloop
  endfacet
  facet normal 0 -1 -0
    outer loop
      vertex 22.0329 -36.6 14.901
      vertex 21.9953 -36.6 14.898
      vertex 22.266 -36.6 12.1597
    endloop
  endfacet
  facet normal 0 -1 0
    outer loop
      vertex 21.9953 -36.6 14.898
      vertex 22.1251 -36.6 12.1504
      vertex 22.266 -36.6 12.1597
    endloop
  endfacet
  facet normal 0 -1 0
    outer loop
      vertex 22.1251 -36.6 12.1504
      vertex 21.9953 -36.6 14.898
      vertex 21.9568 -36.6 14.8953
    endloop
  endfacet
  facet normal 0 -1 0
    outer loop
      vertex 22.1251 -36.6 12.1504
      vertex 21.9568 -36.6 14.8953
      vertex 21.9173 -36.6 14.8929
    endloop
  endfacet
  facet normal 0 -1 0
    outer loop
      vertex 21.9819 -36.6 12.1433
      vertex 22.1251 -36.6 12.1504
      vertex 21.9173 -36.6 14.8929
    endloop
  endfacet
  facet normal 0 -1 -0
    outer loop
      vertex 21.9173 -36.6 14.8929
      vertex 21.877 -36.6 14.8908
      vertex 21.9819 -36.6 12.1433
    endloop
  endfacet
  facet normal 0 -1 -0
    outer loop
      vertex 21.8357 -36.6 14.8889
      vertex 21.7935 -36.6 14.8874
      vertex 21.9819 -36.6 12.1433
    endloop
  endfacet
  facet normal 0 -1 -0
    outer loop
      vertex 21.7935 -36.6 14.8874
      vertex 21.7504 -36.6 14.8861
      vertex 21.8364 -36.6 12.1381
    endloop
  endfacet
  facet normal 0 -1 0
    outer loop
      vertex 21.7064 -36.6 14.8851
      vertex 21.8364 -36.6 12.1381
      vertex 21.7504 -36.6 14.8861
    endloop
  endfacet
  facet normal 0 -1 0
    outer loop
      vertex 21.6615 -36.6 14.8844
      vertex 21.6885 -36.6 12.135
      vertex 21.7064 -36.6 14.8851
    endloop
  endfacet
  facet normal 0 -1 0
    outer loop
      vertex 21.5383 -36.6 12.134
      vertex 21.6885 -36.6 12.135
      vertex 21.6156 -36.6 14.884
    endloop
  endfacet
  facet normal 0 -1 0
    outer loop
      vertex 21.6156 -36.6 14.884
      vertex 21.5689 -36.6 14.8838
      vertex 21.5383 -36.6 12.134
    endloop
  endfacet
  facet normal 0 -1 0
    outer loop
      vertex 21.5383 -36.6 12.134
      vertex 21.5689 -36.6 14.8838
      vertex 21.4882 -36.6 14.8844
    endloop
  endfacet
  facet normal 0 -1 -0
    outer loop
      vertex 21.2449 -36.6 14.8926
      vertex 21.1733 -36.6 12.1397
      vertex 21.3262 -36.6 14.8888
    endloop
  endfacet
  facet normal 0 -1 0
    outer loop
      vertex 21.0524 -36.6 12.1441
      vertex 21.2449 -36.6 14.8926
      vertex 21.1633 -36.6 14.8976
    endloop
  endfacet
  facet normal 0 -1 0
    outer loop
      vertex 21.0816 -36.6 14.9037
      vertex 20.8118 -36.6 12.1567
      vertex 20.9319 -36.6 12.1498
    endloop
  endfacet
  facet normal 0 -1 -0
    outer loop
      vertex 20.9174 -36.6 14.9192
      vertex 20.692 -36.6 12.165
      vertex 20.9996 -36.6 14.9109
    endloop
  endfacet
  facet normal 0 -1 0
    outer loop
      vertex 20.5727 -36.6 12.1744
      vertex 20.8349 -36.6 14.9285
      vertex 20.4537 -36.6 12.1851
    endloop
  endfacet
  facet normal 0 -1 0
    outer loop
      vertex 20.335 -36.6 12.1971
      vertex 20.7523 -36.6 14.939
      vertex 20.6694 -36.6 14.9506
    endloop
  endfacet
  facet normal 0 -1 0
    outer loop
      vertex 20.2168 -36.6 12.2104
      vertex 20.5863 -36.6 14.9633
      vertex 20.0989 -36.6 12.2249
    endloop
  endfacet
  facet normal 0 -1 -0
    outer loop
      vertex 20.4195 -36.6 14.992
      vertex 19.9815 -36.6 12.2407
      vertex 20.503 -36.6 14.9771
    endloop
  endfacet
  facet normal 0 -1 0
    outer loop
      vertex 19.7476 -36.6 12.276
      vertex 19.8644 -36.6 12.2577
      vertex 20.3357 -36.6 15.0081
    endloop
  endfacet
  facet normal 0 -1 0
    outer loop
      vertex 17.5262 -36.6 12.9026
      vertex 17.6154 -36.6 12.8646
      vertex 18.6942 -36.6 15.5285
    endloop
  endfacet
  facet normal 0 -1 0
    outer loop
      vertex 17.5262 -36.6 12.9026
      vertex 18.6942 -36.6 15.5285
      vertex 17.4389 -36.6 12.9414
    endloop
  endfacet
  facet normal -0 -1 0
    outer loop
      vertex 18.6942 -36.6 15.5285
      vertex 18.6186 -36.6 15.5626
      vertex 17.4389 -36.6 12.9414
    endloop
  endfacet
  facet normal 0 -1 0
    outer loop
      vertex 18.6186 -36.6 15.5626
      vertex 17.3534 -36.6 12.9809
      vertex 17.4389 -36.6 12.9414
    endloop
  endfacet
  facet normal 0 -1 -0
    outer loop
      vertex 18.5437 -36.6 15.5974
      vertex 17.3534 -36.6 12.9809
      vertex 18.6186 -36.6 15.5626
    endloop
  endfacet
  facet normal 0 -1 0
    outer loop
      vertex 17.2697 -36.6 13.0212
      vertex 17.3534 -36.6 12.9809
      vertex 18.5437 -36.6 15.5974
    endloop
  endfacet
  facet normal 0 -1 0
    outer loop
      vertex 17.2697 -36.6 13.0212
      vertex 18.5437 -36.6 15.5974
      vertex 18.4696 -36.6 15.633
    endloop
  endfacet
  facet normal 0 -1 0
    outer loop
      vertex 17.2697 -36.6 13.0212
      vertex 18.4696 -36.6 15.633
      vertex 17.1879 -36.6 13.0622
    endloop
  endfacet
  facet normal 0 -1 0
    outer loop
      vertex 18.4696 -36.6 15.633
      vertex 17.1079 -36.6 13.104
      vertex 17.1879 -36.6 13.0622
    endloop
  endfacet
  facet normal 0 -1 -0
    outer loop
      vertex 18.3961 -36.6 15.6693
      vertex 17.1079 -36.6 13.104
      vertex 18.4696 -36.6 15.633
    endloop
  endfacet
  facet normal 0 -1 0
    outer loop
      vertex 17.0297 -36.6 13.1466
      vertex 17.1079 -36.6 13.104
      vertex 18.3961 -36.6 15.6693
    endloop
  endfacet
  facet normal 0 -1 0
    outer loop
      vertex 17.0297 -36.6 13.1466
      vertex 18.3961 -36.6 15.6693
      vertex 18.3234 -36.6 15.7063
    endloop
  endfacet
  facet normal 0 -1 0
    outer loop
      vertex 17.0297 -36.6 13.1466
      vertex 18.3234 -36.6 15.7063
      vertex 16.9533 -36.6 13.1899
    endloop
  endfacet
  facet normal 0 -1 0
    outer loop
      vertex 18.3234 -36.6 15.7063
      vertex 16.8788 -36.6 13.2339
      vertex 16.9533 -36.6 13.1899
    endloop
  endfacet
  facet normal 0 -1 -0
    outer loop
      vertex 18.2514 -36.6 15.744
      vertex 16.8788 -36.6 13.2339
      vertex 18.3234 -36.6 15.7063
    endloop
  endfacet
  facet normal 0 -1 -0
    outer loop
      vertex 18.1802 -36.6 15.7825
      vertex 16.8788 -36.6 13.2339
      vertex 18.2514 -36.6 15.744
    endloop
  endfacet
  facet normal 0 -1 -0
    outer loop
      vertex 18.1096 -36.6 15.8217
      vertex 16.8788 -36.6 13.2339
      vertex 18.1802 -36.6 15.7825
    endloop
  endfacet
  facet normal 0 -1 -0
    outer loop
      vertex 18.0398 -36.6 15.8616
      vertex 16.8788 -36.6 13.2339
      vertex 18.1096 -36.6 15.8217
    endloop
  endfacet
  facet normal 0 -1 0
    outer loop
      vertex 17.8939 -36.6 12.7552
      vertex 18.9254 -36.6 15.4305
      vertex 17.7993 -36.6 12.7909
    endloop
  endfacet
  facet normal 0 -1 0
    outer loop
      vertex 17.9904 -36.6 12.7202
      vertex 19.0039 -36.6 15.3993
      vertex 18.9254 -36.6 15.4305
    endloop
  endfacet
  facet normal 0 -1 0
    outer loop
      vertex 18.0887 -36.6 12.686
      vertex 19.0039 -36.6 15.3993
      vertex 17.9904 -36.6 12.7202
    endloop
  endfacet
  facet normal -0 -1 0
    outer loop
      vertex 19.0831 -36.6 15.3688
      vertex 19.0039 -36.6 15.3993
      vertex 18.0887 -36.6 12.686
    endloop
  endfacet
  facet normal 0 -1 -0
    outer loop
      vertex 4.834 -36.6 15.6676
      vertex 3.22862 -36.6 12.3784
      vertex 7.0784 -36.6 12.3784
    endloop
  endfacet
  facet normal -0 -1 0
    outer loop
      vertex 19.1631 -36.6 15.3391
      vertex 19.0831 -36.6 15.3688
      vertex 18.1889 -36.6 12.6525
    endloop
  endfacet
  facet normal 0 -1 0
    outer loop
      vertex 19.1631 -36.6 15.3391
      vertex 18.1889 -36.6 12.6525
      vertex 18.2908 -36.6 12.6198
    endloop
  endfacet
  facet normal 0 -1 -0
    outer loop
      vertex 19.1631 -36.6 15.3391
      vertex 18.2908 -36.6 12.6198
      vertex 19.2438 -36.6 15.31
    endloop
  endfacet
  facet normal 0 -1 -0
    outer loop
      vertex 19.2438 -36.6 15.31
      vertex 18.3947 -36.6 12.5879
      vertex 19.3252 -36.6 15.2817
    endloop
  endfacet
  facet normal 0 -1 0
    outer loop
      vertex 18.3947 -36.6 12.5879
      vertex 18.5003 -36.6 12.5567
      vertex 19.3252 -36.6 15.2817
    endloop
  endfacet
  facet normal 0 -1 0
    outer loop
      vertex 18.5003 -36.6 12.5567
      vertex 18.6078 -36.6 12.5262
      vertex 19.4074 -36.6 15.2542
    endloop
  endfacet
  facet normal 0 -1 0
    outer loop
      vertex 18.6078 -36.6 12.5262
      vertex 19.4902 -36.6 15.2273
      vertex 19.4074 -36.6 15.2542
    endloop
  endfacet
  facet normal 0 -1 0
    outer loop
      vertex 18.7171 -36.6 12.4966
      vertex 19.4902 -36.6 15.2273
      vertex 18.6078 -36.6 12.5262
    endloop
  endfacet
  facet normal 0 -1 0
    outer loop
      vertex 18.8282 -36.6 12.4677
      vertex 19.5738 -36.6 15.2012
      vertex 18.7171 -36.6 12.4966
    endloop
  endfacet
  facet normal -0 -1 0
    outer loop
      vertex 19.6581 -36.6 15.1758
      vertex 19.5738 -36.6 15.2012
      vertex 18.8282 -36.6 12.4677
    endloop
  endfacet
  facet normal -0 -1 0
    outer loop
      vertex 19.7432 -36.6 15.1511
      vertex 19.6581 -36.6 15.1758
      vertex 18.9412 -36.6 12.4395
    endloop
  endfacet
  facet normal 0 -1 0
    outer loop
      vertex 19.7432 -36.6 15.1511
      vertex 18.9412 -36.6 12.4395
      vertex 19.0553 -36.6 12.4124
    endloop
  endfacet
  facet normal 0 -1 0
    outer loop
      vertex 19.8285 -36.6 15.1274
      vertex 19.0553 -36.6 12.4124
      vertex 19.1697 -36.6 12.3865
    endloop
  endfacet
  facet normal 0 -1 -0
    outer loop
      vertex 19.8285 -36.6 15.1274
      vertex 19.1697 -36.6 12.3865
      vertex 19.9136 -36.6 15.1047
    endloop
  endfacet
  facet normal 0 -1 0
    outer loop
      vertex 19.1697 -36.6 12.3865
      vertex 19.2845 -36.6 12.3619
      vertex 19.9136 -36.6 15.1047
    endloop
  endfacet
  facet normal 0 -1 0
    outer loop
      vertex 19.2845 -36.6 12.3619
      vertex 19.3997 -36.6 12.3385
      vertex 19.9985 -36.6 15.0832
    endloop
  endfacet
  facet normal 0 -1 0
    outer loop
      vertex 19.3997 -36.6 12.3385
      vertex 20.0831 -36.6 15.0627
      vertex 19.9985 -36.6 15.0832
    endloop
  endfacet
  facet normal 0 -1 0
    outer loop
      vertex 19.5153 -36.6 12.3164
      vertex 20.1675 -36.6 15.0434
      vertex 20.0831 -36.6 15.0627
    endloop
  endfacet
  facet normal 0 -1 0
    outer loop
      vertex 19.6313 -36.6 12.2956
      vertex 20.1675 -36.6 15.0434
      vertex 19.5153 -36.6 12.3164
    endloop
  endfacet
  facet normal 0 -1 0
    outer loop
      vertex 19.7476 -36.6 12.276
      vertex 20.2517 -36.6 15.0252
      vertex 19.6313 -36.6 12.2956
    endloop
  endfacet
  facet normal -0 -1 0
    outer loop
      vertex 20.3357 -36.6 15.0081
      vertex 20.2517 -36.6 15.0252
      vertex 19.7476 -36.6 12.276
    endloop
  endfacet
  facet normal -0 -1 0
    outer loop
      vertex 20.4195 -36.6 14.992
      vertex 20.3357 -36.6 15.0081
      vertex 19.8644 -36.6 12.2577
    endloop
  endfacet
  facet normal 0 -1 0
    outer loop
      vertex 20.4195 -36.6 14.992
      vertex 19.8644 -36.6 12.2577
      vertex 19.9815 -36.6 12.2407
    endloop
  endfacet
  facet normal 0 -1 0
    outer loop
      vertex 20.503 -36.6 14.9771
      vertex 19.9815 -36.6 12.2407
      vertex 20.0989 -36.6 12.2249
    endloop
  endfacet
  facet normal 0 -1 -0
    outer loop
      vertex 20.503 -36.6 14.9771
      vertex 20.0989 -36.6 12.2249
      vertex 20.5863 -36.6 14.9633
    endloop
  endfacet
  facet normal 0 -1 -0
    outer loop
      vertex 20.5863 -36.6 14.9633
      vertex 20.2168 -36.6 12.2104
      vertex 20.6694 -36.6 14.9506
    endloop
  endfacet
  facet normal 0 -1 0
    outer loop
      vertex 20.2168 -36.6 12.2104
      vertex 20.335 -36.6 12.1971
      vertex 20.6694 -36.6 14.9506
    endloop
  endfacet
  facet normal 0 -1 0
    outer loop
      vertex 20.335 -36.6 12.1971
      vertex 20.4537 -36.6 12.1851
      vertex 20.7523 -36.6 14.939
    endloop
  endfacet
  facet normal 0 -1 0
    outer loop
      vertex 20.4537 -36.6 12.1851
      vertex 20.8349 -36.6 14.9285
      vertex 20.7523 -36.6 14.939
    endloop
  endfacet
  facet normal 0 -1 0
    outer loop
      vertex 20.5727 -36.6 12.1744
      vertex 20.9174 -36.6 14.9192
      vertex 20.8349 -36.6 14.9285
    endloop
  endfacet
  facet normal 0 -1 0
    outer loop
      vertex 20.692 -36.6 12.165
      vertex 20.9174 -36.6 14.9192
      vertex 20.5727 -36.6 12.1744
    endloop
  endfacet
  facet normal 0 -1 0
    outer loop
      vertex 20.8118 -36.6 12.1567
      vertex 20.9996 -36.6 14.9109
      vertex 20.692 -36.6 12.165
    endloop
  endfacet
  facet normal -0 -1 0
    outer loop
      vertex 21.0816 -36.6 14.9037
      vertex 20.9996 -36.6 14.9109
      vertex 20.8118 -36.6 12.1567
    endloop
  endfacet
  facet normal -0 -1 0
    outer loop
      vertex 21.1633 -36.6 14.8976
      vertex 21.0816 -36.6 14.9037
      vertex 20.9319 -36.6 12.1498
    endloop
  endfacet
  facet normal 0 -1 0
    outer loop
      vertex 21.1633 -36.6 14.8976
      vertex 20.9319 -36.6 12.1498
      vertex 21.0524 -36.6 12.1441
    endloop
  endfacet
  facet normal 0 -1 0
    outer loop
      vertex 21.2449 -36.6 14.8926
      vertex 21.0524 -36.6 12.1441
      vertex 21.1733 -36.6 12.1397
    endloop
  endfacet
  facet normal 0 -1 0
    outer loop
      vertex 21.3262 -36.6 14.8888
      vertex 21.1733 -36.6 12.1397
      vertex 21.2946 -36.6 12.1365
    endloop
  endfacet
  facet normal 0 -1 -0
    outer loop
      vertex 21.3262 -36.6 14.8888
      vertex 21.2946 -36.6 12.1365
      vertex 21.4073 -36.6 14.886
    endloop
  endfacet
  facet normal 0 -1 0
    outer loop
      vertex 21.4073 -36.6 14.886
      vertex 21.4163 -36.6 12.1347
      vertex 21.4882 -36.6 14.8844
    endloop
  endfacet
  facet normal 0 -1 0
    outer loop
      vertex 21.4163 -36.6 12.1347
      vertex 21.5383 -36.6 12.134
      vertex 21.4882 -36.6 14.8844
    endloop
  endfacet
  facet normal 0 -1 -0
    outer loop
      vertex -22.0064 -36.6 17.7865
      vertex -25.6117 -36.6 12.3784
      vertex -22.0064 -36.6 15.006
    endloop
  endfacet
  facet normal 0 -1 0
    outer loop
      vertex -7.90903 -36.6 14.2422
      vertex -7.19269 -36.6 12.3784
      vertex -3.46512 -36.6 12.3784
    endloop
  endfacet
  facet normal 0 -1 0
    outer loop
      vertex 3.20665 -36.6 18.8854
      vertex 6.82947 -36.6 18.6005
      vertex 3.21036 -36.6 18.9356
    endloop
  endfacet
  facet normal 0 -1 0
    outer loop
      vertex 2.58643 -36.6 20.1356
      vertex 3.63866 -36.6 22.8907
      vertex 3.45639 -36.6 22.9288
    endloop
  endfacet
  facet normal 0 -1 0
    outer loop
      vertex -15.5951 -36.6 18.8169
      vertex -19.2268 -36.6 18.9869
      vertex -19.229 -36.6 18.9356
    endloop
  endfacet
  facet normal 0 -1 0
    outer loop
      vertex -19.2527 -36.6 19.3376
      vertex -15.7391 -36.6 20.1944
      vertex -19.2624 -36.6 19.3838
    endloop
  endfacet
  facet normal 0 -1 0
    outer loop
      vertex -16.3588 -36.6 12.3784
      vertex -12.6924 -36.6 12.3784
      vertex -11.976 -36.6 14.2422
    endloop
  endfacet
  facet normal 0 -1 0
    outer loop
      vertex -19.2327 -36.6 18.8854
      vertex -15.6099 -36.6 18.6003
      vertex -19.229 -36.6 18.9356
    endloop
  endfacet
  facet normal 0 -1 -0
    outer loop
      vertex -19.2327 -36.6 18.8854
      vertex -19.2379 -36.6 18.8361
      vertex -15.6345 -36.6 18.3892
    endloop
  endfacet
  facet normal 0 -1 0
    outer loop
      vertex -19.2624 -36.6 19.3838
      vertex -15.7674 -36.6 20.2913
      vertex -15.7982 -36.6 20.3868
    endloop
  endfacet
  facet normal 0 -1 0
    outer loop
      vertex -15.669 -36.6 18.1836
      vertex -15.6505 -36.6 18.2857
      vertex -19.2446 -36.6 18.7879
    endloop
  endfacet
  facet normal 0 -1 -0
    outer loop
      vertex -15.8314 -36.6 20.481
      vertex -19.2624 -36.6 19.3838
      vertex -15.7982 -36.6 20.3868
    endloop
  endfacet
  facet normal 0 -1 0
    outer loop
      vertex -19.2527 -36.6 18.7407
      vertex -15.7133 -36.6 17.9836
      vertex -15.6899 -36.6 18.0829
    endloop
  endfacet
  facet normal 0 -1 0
    outer loop
      vertex -15.7391 -36.6 17.8857
      vertex -19.2527 -36.6 18.7407
      vertex -19.2624 -36.6 18.6945
    endloop
  endfacet
  facet normal 0 -1 -0
    outer loop
      vertex -15.9053 -36.6 20.6653
      vertex -19.2735 -36.6 19.429
      vertex -15.8671 -36.6 20.5738
    endloop
  endfacet
  facet normal -0 -1 0
    outer loop
      vertex -15.8314 -36.6 17.6003
      vertex -19.2735 -36.6 18.6492
      vertex -15.8671 -36.6 17.5079
    endloop
  endfacet
  facet normal 0 -1 -0
    outer loop
      vertex -15.989 -36.6 20.8441
      vertex -19.2861 -36.6 19.4732
      vertex -15.9459 -36.6 20.7554
    endloop
  endfacet
  facet normal 0 -1 0
    outer loop
      vertex -19.2735 -36.6 18.6492
      vertex -15.9053 -36.6 17.417
      vertex -15.8671 -36.6 17.5079
    endloop
  endfacet
  facet normal 0 -1 0
    outer loop
      vertex -19.3002 -36.6 19.5164
      vertex -15.989 -36.6 20.8441
      vertex -16.0345 -36.6 20.9315
    endloop
  endfacet
  facet normal -0 -1 0
    outer loop
      vertex -15.9459 -36.6 17.3274
      vertex -19.2861 -36.6 18.6051
      vertex -15.989 -36.6 17.2392
    endloop
  endfacet
  facet normal 0 -1 -0
    outer loop
      vertex -16.0826 -36.6 21.0175
      vertex -19.3002 -36.6 19.5164
      vertex -16.0345 -36.6 20.9315
    endloop
  endfacet
  facet normal 0 -1 -0
    outer loop
      vertex -19.2861 -36.6 18.6051
      vertex -19.3002 -36.6 18.5619
      vertex -15.989 -36.6 17.2392
    endloop
  endfacet
  facet normal 0 -1 0
    outer loop
      vertex -19.3158 -36.6 19.5585
      vertex -19.3002 -36.6 19.5164
      vertex -16.133 -36.6 21.1022
    endloop
  endfacet
  facet normal 0 -1 0
    outer loop
      vertex 3.20146 -36.6 19.2422
      vertex 6.80673 -36.6 19.6911
      vertex 6.78287 -36.6 19.846
    endloop
  endfacet
  facet normal 0 -1 -0
    outer loop
      vertex -19.3002 -36.6 18.5619
      vertex -19.3158 -36.6 18.5197
      vertex -16.133 -36.6 16.983
    endloop
  endfacet
  facet normal -0 -1 0
    outer loop
      vertex -18.9506 -36.6 22.9268
      vertex -19.0675 -36.6 22.95
      vertex -19.8976 -36.6 20.1557
    endloop
  endfacet
  facet normal 0 -1 0
    outer loop
      vertex -19.8098 -36.6 20.114
      vertex -18.7219 -36.6 22.8742
      vertex -18.8354 -36.6 22.9015
    endloop
  endfacet
  facet normal 0 -1 0
    outer loop
      vertex 2.3468 -36.6 20.2224
      vertex 2.88039 -36.6 23.0162
      vertex 2.29405 -36.6 20.2356
    endloop
  endfacet
  facet normal 0 -1 0
    outer loop
      vertex -19.4159 -36.6 19.7542
      vertex -16.8301 -36.6 21.9251
      vertex -16.9058 -36.6 21.9895
    endloop
  endfacet
  facet normal 0 -1 0
    outer loop
      vertex -18.4999 -36.6 22.8136
      vertex -19.7683 -36.6 20.0911
      vertex -19.7285 -36.6 20.0668
    endloop
  endfacet
  facet normal 0 -1 -0
    outer loop
      vertex -17.2292 -36.6 22.2297
      vertex -19.4664 -36.6 19.8254
      vertex -17.1453 -36.6 22.1723
    endloop
  endfacet
  facet normal 0 -1 0
    outer loop
      vertex 3.22862 -36.6 12.3784
      vertex 4.834 -36.6 15.6676
      vertex 1.41504 -36.6 15.0672
    endloop
  endfacet
  facet normal 0 -1 0
    outer loop
      vertex -17.3151 -36.6 22.2855
      vertex -19.4938 -36.6 19.8595
      vertex -19.4664 -36.6 19.8254
    endloop
  endfacet
  facet normal 0 -1 0
    outer loop
      vertex -19.6535 -36.6 20.014
      vertex -18.0759 -36.6 22.6682
      vertex -18.1794 -36.6 22.7076
    endloop
  endfacet
  facet normal 0 -1 0
    outer loop
      vertex -19.6185 -36.6 19.9855
      vertex -18.0759 -36.6 22.6682
      vertex -19.6535 -36.6 20.014
    endloop
  endfacet
  facet normal 0 -1 -0
    outer loop
      vertex -17.5853 -36.6 22.4422
      vertex -19.5227 -36.6 19.8926
      vertex -17.4932 -36.6 22.3917
    endloop
  endfacet
  facet normal 0 -1 0
    outer loop
      vertex -17.7757 -36.6 22.538
      vertex -19.5851 -36.6 19.9557
      vertex -19.5532 -36.6 19.9246
    endloop
  endfacet
  facet normal 0 -1 0
    outer loop
      vertex -17.874 -36.6 22.5834
      vertex -19.6185 -36.6 19.9855
      vertex -19.5851 -36.6 19.9557
    endloop
  endfacet
  facet normal 0 -1 -0
    outer loop
      vertex 2.67865 -36.6 23.0363
      vertex 2.29405 -36.6 20.2356
      vertex 2.88039 -36.6 23.0162
    endloop
  endfacet
  facet normal 0 -1 0
    outer loop
      vertex -19.5532 -36.6 19.9246
      vertex -17.6795 -36.6 22.491
      vertex -17.7757 -36.6 22.538
    endloop
  endfacet
  facet normal 0 -1 -0
    outer loop
      vertex -17.874 -36.6 22.5834
      vertex -19.5851 -36.6 19.9557
      vertex -17.7757 -36.6 22.538
    endloop
  endfacet
  facet normal 0 -1 0
    outer loop
      vertex -3.17238 -36.6 12.3784
      vertex 0.432968 -36.6 17.7865
      vertex -3.17238 -36.6 23.0722
    endloop
  endfacet
  facet normal 0 -1 -0
    outer loop
      vertex -17.6795 -36.6 22.491
      vertex -19.5532 -36.6 19.9246
      vertex -17.5853 -36.6 22.4422
    endloop
  endfacet
  facet normal 0 -1 0
    outer loop
      vertex -19.5532 -36.6 19.9246
      vertex -19.5227 -36.6 19.8926
      vertex -17.5853 -36.6 22.4422
    endloop
  endfacet
  facet normal 0 -1 -0
    outer loop
      vertex -17.9741 -36.6 22.6268
      vertex -19.6185 -36.6 19.9855
      vertex -17.874 -36.6 22.5834
    endloop
  endfacet
  facet normal 0 -1 0
    outer loop
      vertex -11.684 -36.6 23.0722
      vertex -10.9778 -36.6 16.8393
      vertex -9.94252 -36.6 19.5328
    endloop
  endfacet
  facet normal 0 -1 0
    outer loop
      vertex -19.5227 -36.6 19.8926
      vertex -19.4938 -36.6 19.8595
      vertex -17.4932 -36.6 22.3917
    endloop
  endfacet
  facet normal 0 -1 0
    outer loop
      vertex -19.6185 -36.6 19.9855
      vertex -17.9741 -36.6 22.6268
      vertex -18.0759 -36.6 22.6682
    endloop
  endfacet
  facet normal 0 -1 -0
    outer loop
      vertex -11.684 -36.6 23.0722
      vertex -16.3588 -36.6 12.3784
      vertex -10.9778 -36.6 16.8393
    endloop
  endfacet
  facet normal 0 -1 0
    outer loop
      vertex -19.4938 -36.6 19.8595
      vertex -17.4032 -36.6 22.3394
      vertex -17.4932 -36.6 22.3917
    endloop
  endfacet
  facet normal 0 -1 0
    outer loop
      vertex -19.6535 -36.6 20.014
      vertex -18.1794 -36.6 22.7076
      vertex -18.2846 -36.6 22.7449
    endloop
  endfacet
  facet normal 0 -1 -0
    outer loop
      vertex -10.9778 -36.6 16.8393
      vertex -11.976 -36.6 14.2422
      vertex -8.90724 -36.6 16.8393
    endloop
  endfacet
  facet normal 0 -1 0
    outer loop
      vertex -19.6535 -36.6 20.014
      vertex -18.2846 -36.6 22.7449
      vertex -19.6902 -36.6 20.0411
    endloop
  endfacet
  facet normal 0 -1 0
    outer loop
      vertex -9.94252 -36.6 19.5328
      vertex -8.90724 -36.6 16.8393
      vertex -8.13979 -36.6 23.0722
    endloop
  endfacet
  facet normal -0 -1 0
    outer loop
      vertex -18.2846 -36.6 22.7449
      vertex -18.3914 -36.6 22.7803
      vertex -19.6902 -36.6 20.0411
    endloop
  endfacet
  facet normal 0 -1 0
    outer loop
      vertex -18.3914 -36.6 22.7803
      vertex -19.7285 -36.6 20.0668
      vertex -19.6902 -36.6 20.0411
    endloop
  endfacet
  facet normal 0 -1 -0
    outer loop
      vertex -18.4999 -36.6 22.8136
      vertex -19.7285 -36.6 20.0668
      vertex -18.3914 -36.6 22.7803
    endloop
  endfacet
  facet normal 0 -1 -0
    outer loop
      vertex -18.6101 -36.6 22.8449
      vertex -19.7683 -36.6 20.0911
      vertex -18.4999 -36.6 22.8136
    endloop
  endfacet
  facet normal 0 -1 0
    outer loop
      vertex -8.90724 -36.6 16.8393
      vertex -7.90903 -36.6 14.2422
      vertex -3.46512 -36.6 12.3784
    endloop
  endfacet
  facet normal 0 -1 -0
    outer loop
      vertex -17.1453 -36.6 22.1723
      vertex -19.4404 -36.6 19.7903
      vertex -17.0634 -36.6 22.1131
    endloop
  endfacet
  facet normal 0 -1 0
    outer loop
      vertex -19.7683 -36.6 20.0911
      vertex -18.6101 -36.6 22.8449
      vertex -18.7219 -36.6 22.8742
    endloop
  endfacet
  facet normal 0 -1 0
    outer loop
      vertex -19.4404 -36.6 19.7903
      vertex -16.9836 -36.6 22.0521
      vertex -17.0634 -36.6 22.1131
    endloop
  endfacet
  facet normal 0 -1 0
    outer loop
      vertex -18.7219 -36.6 22.8742
      vertex -19.8098 -36.6 20.114
      vertex -19.7683 -36.6 20.0911
    endloop
  endfacet
  facet normal 0 -1 0
    outer loop
      vertex -18.8354 -36.6 22.9015
      vertex -19.8529 -36.6 20.1356
      vertex -19.8098 -36.6 20.114
    endloop
  endfacet
  facet normal 0 -1 0
    outer loop
      vertex -19.3929 -36.6 19.7171
      vertex -16.8301 -36.6 21.9251
      vertex -19.4159 -36.6 19.7542
    endloop
  endfacet
  facet normal 0 -1 0
    outer loop
      vertex -19.8529 -36.6 20.1356
      vertex -18.8354 -36.6 22.9015
      vertex -18.9506 -36.6 22.9268
    endloop
  endfacet
  facet normal 0 -1 0
    outer loop
      vertex -18.9506 -36.6 22.9268
      vertex -19.8976 -36.6 20.1557
      vertex -19.8529 -36.6 20.1356
    endloop
  endfacet
  facet normal 0 -1 0
    outer loop
      vertex -19.9439 -36.6 20.1744
      vertex -19.8976 -36.6 20.1557
      vertex -19.0675 -36.6 22.95
    endloop
  endfacet
  facet normal 0 -1 0
    outer loop
      vertex -19.9439 -36.6 20.1744
      vertex -19.0675 -36.6 22.95
      vertex -19.186 -36.6 22.9712
    endloop
  endfacet
  facet normal -0 -1 0
    outer loop
      vertex -16.419 -36.6 21.5021
      vertex -16.4824 -36.6 21.577
      vertex -19.3514 -36.6 19.6398
    endloop
  endfacet
  facet normal 0 -1 0
    outer loop
      vertex -19.186 -36.6 22.9712
      vertex -19.9919 -36.6 20.1918
      vertex -19.9439 -36.6 20.1744
    endloop
  endfacet
  facet normal 0 -1 -0
    outer loop
      vertex -16.419 -36.6 21.5021
      vertex -19.3514 -36.6 19.6398
      vertex -16.3577 -36.6 21.4256
    endloop
  endfacet
  facet normal 0 -1 0
    outer loop
      vertex -19.9919 -36.6 20.1918
      vertex -19.186 -36.6 22.9712
      vertex -19.3062 -36.6 22.9904
    endloop
  endfacet
  facet normal -0 -1 0
    outer loop
      vertex -19.3062 -36.6 22.9904
      vertex -19.4281 -36.6 23.0075
      vertex -19.9919 -36.6 20.1918
    endloop
  endfacet
  facet normal 0 -1 0
    outer loop
      vertex -16.2411 -36.6 21.2672
      vertex -19.3328 -36.6 19.5997
      vertex -19.3158 -36.6 19.5585
    endloop
  endfacet
  facet normal 0 -1 0
    outer loop
      vertex -20.0414 -36.6 20.2078
      vertex -19.9919 -36.6 20.1918
      vertex -19.4281 -36.6 23.0075
    endloop
  endfacet
  facet normal 0 -1 0
    outer loop
      vertex -19.3158 -36.6 18.5197
      vertex -16.1859 -36.6 16.9003
      vertex -16.133 -36.6 16.983
    endloop
  endfacet
  facet normal 0 -1 0
    outer loop
      vertex -16.2411 -36.6 16.8192
      vertex -19.3158 -36.6 18.5197
      vertex -19.3328 -36.6 18.4785
    endloop
  endfacet
  facet normal 0 -1 -0
    outer loop
      vertex -19.5517 -36.6 23.0227
      vertex -20.0414 -36.6 20.2078
      vertex -19.4281 -36.6 23.0075
    endloop
  endfacet
  facet normal 0 -1 0
    outer loop
      vertex -19.3328 -36.6 18.4785
      vertex -16.3577 -36.6 16.6621
      vertex -16.2984 -36.6 16.7398
    endloop
  endfacet
  facet normal 0 -1 0
    outer loop
      vertex -20.0414 -36.6 20.2078
      vertex -19.5517 -36.6 23.0227
      vertex -20.0925 -36.6 20.2224
    endloop
  endfacet
  facet normal 0 -1 0
    outer loop
      vertex -19.3514 -36.6 18.4384
      vertex -16.3577 -36.6 16.6621
      vertex -19.3328 -36.6 18.4785
    endloop
  endfacet
  facet normal 0 -1 -0
    outer loop
      vertex -19.6769 -36.6 23.0358
      vertex -20.0925 -36.6 20.2224
      vertex -19.5517 -36.6 23.0227
    endloop
  endfacet
  facet normal 0 -1 0
    outer loop
      vertex -20.0925 -36.6 20.2224
      vertex -19.6769 -36.6 23.0358
      vertex -20.1453 -36.6 20.2356
    endloop
  endfacet
  facet normal 0 -1 0
    outer loop
      vertex -19.3714 -36.6 18.3993
      vertex -16.5478 -36.6 16.4389
      vertex -19.3514 -36.6 18.4384
    endloop
  endfacet
  facet normal 0 -1 -0
    outer loop
      vertex -19.8038 -36.6 23.0469
      vertex -20.1453 -36.6 20.2356
      vertex -19.6769 -36.6 23.0358
    endloop
  endfacet
  facet normal 0 -1 0
    outer loop
      vertex -16.6153 -36.6 16.3678
      vertex -16.5478 -36.6 16.4389
      vertex -19.3714 -36.6 18.3993
    endloop
  endfacet
  facet normal 0 -1 0
    outer loop
      vertex -20.1453 -36.6 20.2356
      vertex -19.8038 -36.6 23.0469
      vertex -20.1996 -36.6 20.2474
    endloop
  endfacet
  facet normal 0 -1 -0
    outer loop
      vertex -19.9324 -36.6 23.056
      vertex -20.1996 -36.6 20.2474
      vertex -19.8038 -36.6 23.0469
    endloop
  endfacet
  facet normal 0 -1 0
    outer loop
      vertex -16.8301 -36.6 16.1646
      vertex -19.3929 -36.6 18.3611
      vertex -19.4159 -36.6 18.324
    endloop
  endfacet
  facet normal 0 -1 0
    outer loop
      vertex -20.1996 -36.6 20.2474
      vertex -19.9324 -36.6 23.056
      vertex -20.2556 -36.6 20.2578
    endloop
  endfacet
  facet normal -0 -1 0
    outer loop
      vertex -16.8301 -36.6 16.1646
      vertex -19.4159 -36.6 18.324
      vertex -16.9058 -36.6 16.1003
    endloop
  endfacet
  facet normal 0 -1 0
    outer loop
      vertex -20.3132 -36.6 20.2668
      vertex -20.2556 -36.6 20.2578
      vertex -19.9324 -36.6 23.056
    endloop
  endfacet
  facet normal -0 -1 0
    outer loop
      vertex -19.9324 -36.6 23.056
      vertex -20.0626 -36.6 23.0631
      vertex -20.3132 -36.6 20.2668
    endloop
  endfacet
  facet normal 0 -1 -0
    outer loop
      vertex -19.4404 -36.6 18.2879
      vertex -19.4664 -36.6 18.2528
      vertex -17.1453 -36.6 15.9172
    endloop
  endfacet
  facet normal 0 -1 0
    outer loop
      vertex -20.3724 -36.6 20.2745
      vertex -20.3132 -36.6 20.2668
      vertex -20.0626 -36.6 23.0631
    endloop
  endfacet
  facet normal 0 -1 0
    outer loop
      vertex -19.4664 -36.6 18.2528
      vertex -17.2292 -36.6 15.8595
      vertex -17.1453 -36.6 15.9172
    endloop
  endfacet
  facet normal -0 -1 0
    outer loop
      vertex -20.0626 -36.6 23.0631
      vertex -20.1945 -36.6 23.0682
      vertex -20.3724 -36.6 20.2745
    endloop
  endfacet
  facet normal 0 -1 0
    outer loop
      vertex -20.4332 -36.6 20.2807
      vertex -20.3724 -36.6 20.2745
      vertex -20.1945 -36.6 23.0682
    endloop
  endfacet
  facet normal 0 -1 0
    outer loop
      vertex -19.5227 -36.6 18.1856
      vertex -17.4932 -36.6 15.6965
      vertex -19.4938 -36.6 18.2187
    endloop
  endfacet
  facet normal -0 -1 0
    outer loop
      vertex -20.1945 -36.6 23.0682
      vertex -20.3281 -36.6 23.0712
      vertex -20.4332 -36.6 20.2807
    endloop
  endfacet
  facet normal 0 -1 0
    outer loop
      vertex -17.5853 -36.6 15.6455
      vertex -17.4932 -36.6 15.6965
      vertex -19.5227 -36.6 18.1856
    endloop
  endfacet
  facet normal 0 -1 0
    outer loop
      vertex -20.4956 -36.6 20.2856
      vertex -20.4332 -36.6 20.2807
      vertex -20.3281 -36.6 23.0712
    endloop
  endfacet
  facet normal -0 -1 0
    outer loop
      vertex -20.3281 -36.6 23.0712
      vertex -20.4634 -36.6 23.0722
      vertex -20.4956 -36.6 20.2856
    endloop
  endfacet
  facet normal 0 -1 0
    outer loop
      vertex -17.874 -36.6 15.5026
      vertex -17.7757 -36.6 15.5485
      vertex -19.5851 -36.6 18.1225
    endloop
  endfacet
  facet normal 0 -1 0
    outer loop
      vertex -20.5596 -36.6 20.2891
      vertex -20.4956 -36.6 20.2856
      vertex -20.4634 -36.6 23.0722
    endloop
  endfacet
  facet normal 0 -1 0
    outer loop
      vertex -17.874 -36.6 15.5026
      vertex -19.5851 -36.6 18.1225
      vertex -19.6185 -36.6 18.0927
    endloop
  endfacet
  facet normal 0 -1 0
    outer loop
      vertex -20.4634 -36.6 23.0722
      vertex -20.6253 -36.6 20.2911
      vertex -20.5596 -36.6 20.2891
    endloop
  endfacet
  facet normal 0 -1 0
    outer loop
      vertex -20.6253 -36.6 20.2911
      vertex -20.4634 -36.6 23.0722
      vertex -20.6925 -36.6 20.2918
    endloop
  endfacet
  facet normal 0 -1 0
    outer loop
      vertex -18.1794 -36.6 15.3764
      vertex -19.6535 -36.6 18.0642
      vertex -19.6902 -36.6 18.0371
    endloop
  endfacet
  facet normal 0 -1 0
    outer loop
      vertex -22.0064 -36.6 20.2918
      vertex -20.6925 -36.6 20.2918
      vertex -20.4634 -36.6 23.0722
    endloop
  endfacet
  facet normal 0 -1 0
    outer loop
      vertex -18.4999 -36.6 15.2687
      vertex -18.3914 -36.6 15.3025
      vertex -19.7285 -36.6 18.0114
    endloop
  endfacet
  facet normal 0 -1 0
    outer loop
      vertex -18.8354 -36.6 15.1794
      vertex -18.7219 -36.6 15.2071
      vertex -19.8098 -36.6 17.9642
    endloop
  endfacet
  facet normal 0 -1 -0
    outer loop
      vertex -20.4956 -36.6 17.7927
      vertex -20.5596 -36.6 17.7893
      vertex -20.4634 -36.6 15.006
    endloop
  endfacet
  facet normal 0 -1 0
    outer loop
      vertex -25.6117 -36.6 12.3784
      vertex -22.0064 -36.6 12.3784
      vertex -22.0064 -36.6 15.006
    endloop
  endfacet
  facet normal -0 -1 0
    outer loop
      vertex -20.6925 -36.6 17.7865
      vertex -22.0064 -36.6 17.7865
      vertex -22.0064 -36.6 15.006
    endloop
  endfacet
  facet normal 0 -1 0
    outer loop
      vertex -25.6117 -36.6 23.0722
      vertex -25.6117 -36.6 12.3784
      vertex -22.0064 -36.6 17.7865
    endloop
  endfacet
  facet normal 0 -1 0
    outer loop
      vertex -25.6117 -36.6 23.0722
      vertex -22.0064 -36.6 20.2918
      vertex -20.4634 -36.6 23.0722
    endloop
  endfacet
  facet normal 0 -1 0
    outer loop
      vertex -25.6117 -36.6 23.0722
      vertex -22.0064 -36.6 17.7865
      vertex -22.0064 -36.6 20.2918
    endloop
  endfacet
  facet normal -0 -1 0
    outer loop
      vertex -17.3151 -36.6 22.2855
      vertex -17.4032 -36.6 22.3394
      vertex -19.4938 -36.6 19.8595
    endloop
  endfacet
  facet normal -0 -1 0
    outer loop
      vertex -17.2292 -36.6 22.2297
      vertex -17.3151 -36.6 22.2855
      vertex -19.4664 -36.6 19.8254
    endloop
  endfacet
  facet normal 0 -1 0
    outer loop
      vertex -17.1453 -36.6 22.1723
      vertex -19.4664 -36.6 19.8254
      vertex -19.4404 -36.6 19.7903
    endloop
  endfacet
  facet normal 0 -1 0
    outer loop
      vertex -19.4159 -36.6 19.7542
      vertex -16.9836 -36.6 22.0521
      vertex -19.4404 -36.6 19.7903
    endloop
  endfacet
  facet normal 0 -1 -0
    outer loop
      vertex -16.9836 -36.6 22.0521
      vertex -19.4159 -36.6 19.7542
      vertex -16.9058 -36.6 21.9895
    endloop
  endfacet
  facet normal 0 -1 -0
    outer loop
      vertex -16.7565 -36.6 21.8589
      vertex -19.3929 -36.6 19.7171
      vertex -16.6849 -36.6 21.791
    endloop
  endfacet
  facet normal -0 -1 0
    outer loop
      vertex -16.7565 -36.6 21.8589
      vertex -16.8301 -36.6 21.9251
      vertex -19.3929 -36.6 19.7171
    endloop
  endfacet
  facet normal 0 -1 -0
    outer loop
      vertex -16.6849 -36.6 21.791
      vertex -19.3714 -36.6 19.6789
      vertex -16.6153 -36.6 21.7214
    endloop
  endfacet
  facet normal 0 -1 0
    outer loop
      vertex -16.6849 -36.6 21.791
      vertex -19.3929 -36.6 19.7171
      vertex -19.3714 -36.6 19.6789
    endloop
  endfacet
  facet normal 0 -1 0
    outer loop
      vertex -19.3714 -36.6 19.6789
      vertex -19.3514 -36.6 19.6398
      vertex -16.5478 -36.6 21.65
    endloop
  endfacet
  facet normal 0 -1 -0
    outer loop
      vertex -16.6153 -36.6 21.7214
      vertex -19.3714 -36.6 19.6789
      vertex -16.5478 -36.6 21.65
    endloop
  endfacet
  facet normal 0 -1 0
    outer loop
      vertex -19.3514 -36.6 19.6398
      vertex -16.4824 -36.6 21.577
      vertex -16.5478 -36.6 21.65
    endloop
  endfacet
  facet normal 0 -1 0
    outer loop
      vertex -19.3328 -36.6 19.5997
      vertex -16.2984 -36.6 21.3473
      vertex -16.3577 -36.6 21.4256
    endloop
  endfacet
  facet normal 0 -1 0
    outer loop
      vertex -19.3514 -36.6 19.6398
      vertex -19.3328 -36.6 19.5997
      vertex -16.3577 -36.6 21.4256
    endloop
  endfacet
  facet normal -0 -1 0
    outer loop
      vertex -16.2411 -36.6 21.2672
      vertex -16.2984 -36.6 21.3473
      vertex -19.3328 -36.6 19.5997
    endloop
  endfacet
  facet normal -0 -1 0
    outer loop
      vertex -16.133 -36.6 21.1022
      vertex -16.1859 -36.6 21.1855
      vertex -19.3158 -36.6 19.5585
    endloop
  endfacet
  facet normal 0 -1 0
    outer loop
      vertex -19.3158 -36.6 19.5585
      vertex -16.1859 -36.6 21.1855
      vertex -16.2411 -36.6 21.2672
    endloop
  endfacet
  facet normal -0 -1 0
    outer loop
      vertex -16.0826 -36.6 21.0175
      vertex -16.133 -36.6 21.1022
      vertex -19.3002 -36.6 19.5164
    endloop
  endfacet
  facet normal 0 -1 0
    outer loop
      vertex -19.2861 -36.6 19.4732
      vertex -15.989 -36.6 20.8441
      vertex -19.3002 -36.6 19.5164
    endloop
  endfacet
  facet normal 0 -1 0
    outer loop
      vertex -15.9053 -36.6 20.6653
      vertex -19.2861 -36.6 19.4732
      vertex -19.2735 -36.6 19.429
    endloop
  endfacet
  facet normal -0 -1 0
    outer loop
      vertex -15.9053 -36.6 20.6653
      vertex -15.9459 -36.6 20.7554
      vertex -19.2861 -36.6 19.4732
    endloop
  endfacet
  facet normal 0 -1 0
    outer loop
      vertex -15.8314 -36.6 20.481
      vertex -19.2735 -36.6 19.429
      vertex -19.2624 -36.6 19.3838
    endloop
  endfacet
  facet normal -0 -1 0
    outer loop
      vertex -15.8314 -36.6 20.481
      vertex -15.8671 -36.6 20.5738
      vertex -19.2735 -36.6 19.429
    endloop
  endfacet
  facet normal -0 -1 0
    outer loop
      vertex -15.7391 -36.6 20.1944
      vertex -15.7674 -36.6 20.2913
      vertex -19.2624 -36.6 19.3838
    endloop
  endfacet
  facet normal 0 -1 -0
    outer loop
      vertex -15.7133 -36.6 20.0962
      vertex -19.2527 -36.6 19.3376
      vertex -15.6899 -36.6 19.9966
    endloop
  endfacet
  facet normal -0 -1 0
    outer loop
      vertex -15.7133 -36.6 20.0962
      vertex -15.7391 -36.6 20.1944
      vertex -19.2527 -36.6 19.3376
    endloop
  endfacet
  facet normal -0 -1 0
    outer loop
      vertex -15.6505 -36.6 19.7933
      vertex -15.669 -36.6 19.8956
      vertex -19.2446 -36.6 19.2904
    endloop
  endfacet
  facet normal 0 -1 0
    outer loop
      vertex -15.6345 -36.6 19.6897
      vertex -19.2379 -36.6 19.2422
      vertex -19.2327 -36.6 19.1929
    endloop
  endfacet
  facet normal -0 -1 0
    outer loop
      vertex -15.6345 -36.6 19.6897
      vertex -15.6505 -36.6 19.7933
      vertex -19.2379 -36.6 19.2422
    endloop
  endfacet
  facet normal 0 -1 -0
    outer loop
      vertex -15.621 -36.6 19.5846
      vertex -19.2327 -36.6 19.1929
      vertex -15.6099 -36.6 19.4783
    endloop
  endfacet
  facet normal 0 -1 -0
    outer loop
      vertex -15.6013 -36.6 19.3705
      vertex -19.229 -36.6 19.1427
      vertex -15.5951 -36.6 19.2614
    endloop
  endfacet
  facet normal 0 -1 0
    outer loop
      vertex -15.5914 -36.6 19.151
      vertex -19.2268 -36.6 19.0914
      vertex -19.226 -36.6 19.0391
    endloop
  endfacet
  facet normal 0 -1 0
    outer loop
      vertex -15.5914 -36.6 18.9273
      vertex -19.226 -36.6 19.0391
      vertex -19.2268 -36.6 18.9869
    endloop
  endfacet
  facet normal 0 -1 0
    outer loop
      vertex -19.229 -36.6 18.9356
      vertex -15.6099 -36.6 18.6003
      vertex -15.6013 -36.6 18.7079
    endloop
  endfacet
  facet normal 0 -1 0
    outer loop
      vertex -15.621 -36.6 18.494
      vertex -15.6099 -36.6 18.6003
      vertex -19.2327 -36.6 18.8854
    endloop
  endfacet
  facet normal 0 -1 0
    outer loop
      vertex -19.2446 -36.6 18.7879
      vertex -15.6505 -36.6 18.2857
      vertex -19.2379 -36.6 18.8361
    endloop
  endfacet
  facet normal 0 -1 0
    outer loop
      vertex -19.2379 -36.6 18.8361
      vertex -15.6505 -36.6 18.2857
      vertex -15.6345 -36.6 18.3892
    endloop
  endfacet
  facet normal 0 -1 -0
    outer loop
      vertex -19.2446 -36.6 18.7879
      vertex -19.2527 -36.6 18.7407
      vertex -15.6899 -36.6 18.0829
    endloop
  endfacet
  facet normal 0 -1 0
    outer loop
      vertex -15.7391 -36.6 17.8857
      vertex -15.7133 -36.6 17.9836
      vertex -19.2527 -36.6 18.7407
    endloop
  endfacet
  facet normal 0 -1 0
    outer loop
      vertex -15.8314 -36.6 17.6003
      vertex -15.7982 -36.6 17.694
      vertex -19.2624 -36.6 18.6945
    endloop
  endfacet
  facet normal 0 -1 0
    outer loop
      vertex -19.2624 -36.6 18.6945
      vertex -15.7982 -36.6 17.694
      vertex -15.7674 -36.6 17.7892
    endloop
  endfacet
  facet normal 0 -1 0
    outer loop
      vertex -15.8314 -36.6 17.6003
      vertex -19.2624 -36.6 18.6945
      vertex -19.2735 -36.6 18.6492
    endloop
  endfacet
  facet normal 0 -1 0
    outer loop
      vertex -15.9459 -36.6 17.3274
      vertex -15.9053 -36.6 17.417
      vertex -19.2861 -36.6 18.6051
    endloop
  endfacet
  facet normal 0 -1 0
    outer loop
      vertex -19.2861 -36.6 18.6051
      vertex -15.9053 -36.6 17.417
      vertex -19.2735 -36.6 18.6492
    endloop
  endfacet
  facet normal 0 -1 0
    outer loop
      vertex -19.3002 -36.6 18.5619
      vertex -16.0345 -36.6 17.1524
      vertex -15.989 -36.6 17.2392
    endloop
  endfacet
  facet normal -0 -1 0
    outer loop
      vertex -16.0826 -36.6 17.067
      vertex -19.3002 -36.6 18.5619
      vertex -16.133 -36.6 16.983
    endloop
  endfacet
  facet normal 0 -1 0
    outer loop
      vertex -16.0826 -36.6 17.067
      vertex -16.0345 -36.6 17.1524
      vertex -19.3002 -36.6 18.5619
    endloop
  endfacet
  facet normal 0 -1 0
    outer loop
      vertex -16.2411 -36.6 16.8192
      vertex -16.1859 -36.6 16.9003
      vertex -19.3158 -36.6 18.5197
    endloop
  endfacet
  facet normal -0 -1 0
    outer loop
      vertex -16.2411 -36.6 16.8192
      vertex -19.3328 -36.6 18.4785
      vertex -16.2984 -36.6 16.7398
    endloop
  endfacet
  facet normal 0 -1 0
    outer loop
      vertex -16.419 -36.6 16.586
      vertex -16.3577 -36.6 16.6621
      vertex -19.3514 -36.6 18.4384
    endloop
  endfacet
  facet normal 0 -1 0
    outer loop
      vertex -19.3514 -36.6 18.4384
      vertex -16.5478 -36.6 16.4389
      vertex -16.4824 -36.6 16.5116
    endloop
  endfacet
  facet normal -0 -1 0
    outer loop
      vertex -16.419 -36.6 16.586
      vertex -19.3514 -36.6 18.4384
      vertex -16.4824 -36.6 16.5116
    endloop
  endfacet
  facet normal -0 -1 0
    outer loop
      vertex -16.6153 -36.6 16.3678
      vertex -19.3714 -36.6 18.3993
      vertex -16.6849 -36.6 16.2984
    endloop
  endfacet
  facet normal 0 -1 0
    outer loop
      vertex -19.3929 -36.6 18.3611
      vertex -16.7565 -36.6 16.2307
      vertex -16.6849 -36.6 16.2984
    endloop
  endfacet
  facet normal 0 -1 -0
    outer loop
      vertex -19.3714 -36.6 18.3993
      vertex -19.3929 -36.6 18.3611
      vertex -16.6849 -36.6 16.2984
    endloop
  endfacet
  facet normal 0 -1 0
    outer loop
      vertex -16.8301 -36.6 16.1646
      vertex -16.7565 -36.6 16.2307
      vertex -19.3929 -36.6 18.3611
    endloop
  endfacet
  facet normal 0 -1 0
    outer loop
      vertex -19.4159 -36.6 18.324
      vertex -16.9836 -36.6 16.0376
      vertex -16.9058 -36.6 16.1003
    endloop
  endfacet
  facet normal 0 -1 0
    outer loop
      vertex -17.0634 -36.6 15.9765
      vertex -16.9836 -36.6 16.0376
      vertex -19.4404 -36.6 18.2879
    endloop
  endfacet
  facet normal 0 -1 0
    outer loop
      vertex -19.4404 -36.6 18.2879
      vertex -16.9836 -36.6 16.0376
      vertex -19.4159 -36.6 18.324
    endloop
  endfacet
  facet normal -0 -1 0
    outer loop
      vertex -17.0634 -36.6 15.9765
      vertex -19.4404 -36.6 18.2879
      vertex -17.1453 -36.6 15.9172
    endloop
  endfacet
  facet normal 0 -1 0
    outer loop
      vertex -17.3151 -36.6 15.8035
      vertex -17.2292 -36.6 15.8595
      vertex -19.4664 -36.6 18.2528
    endloop
  endfacet
  facet normal -0 -1 0
    outer loop
      vertex -17.3151 -36.6 15.8035
      vertex -19.4938 -36.6 18.2187
      vertex -17.4032 -36.6 15.7492
    endloop
  endfacet
  facet normal 0 -1 0
    outer loop
      vertex -17.3151 -36.6 15.8035
      vertex -19.4664 -36.6 18.2528
      vertex -19.4938 -36.6 18.2187
    endloop
  endfacet
  facet normal 0 -1 0
    outer loop
      vertex -19.4938 -36.6 18.2187
      vertex -17.4932 -36.6 15.6965
      vertex -17.4032 -36.6 15.7492
    endloop
  endfacet
  facet normal 0 -1 0
    outer loop
      vertex -17.5853 -36.6 15.6455
      vertex -19.5227 -36.6 18.1856
      vertex -19.5532 -36.6 18.1536
    endloop
  endfacet
  facet normal 0 -1 0
    outer loop
      vertex -19.5532 -36.6 18.1536
      vertex -17.7757 -36.6 15.5485
      vertex -17.6795 -36.6 15.5962
    endloop
  endfacet
  facet normal -0 -1 0
    outer loop
      vertex -17.5853 -36.6 15.6455
      vertex -19.5532 -36.6 18.1536
      vertex -17.6795 -36.6 15.5962
    endloop
  endfacet
  facet normal 0 -1 0
    outer loop
      vertex -19.5851 -36.6 18.1225
      vertex -17.7757 -36.6 15.5485
      vertex -19.5532 -36.6 18.1536
    endloop
  endfacet
  facet normal -0 -1 0
    outer loop
      vertex -17.874 -36.6 15.5026
      vertex -19.6185 -36.6 18.0927
      vertex -17.9741 -36.6 15.4584
    endloop
  endfacet
  facet normal 0 -1 0
    outer loop
      vertex -19.6535 -36.6 18.0642
      vertex -18.0759 -36.6 15.4164
      vertex -19.6185 -36.6 18.0927
    endloop
  endfacet
  facet normal 0 -1 0
    outer loop
      vertex -19.6185 -36.6 18.0927
      vertex -18.0759 -36.6 15.4164
      vertex -17.9741 -36.6 15.4584
    endloop
  endfacet
  facet normal 0 -1 0
    outer loop
      vertex -18.1794 -36.6 15.3764
      vertex -18.0759 -36.6 15.4164
      vertex -19.6535 -36.6 18.0642
    endloop
  endfacet
  facet normal 0 -1 0
    outer loop
      vertex -18.2846 -36.6 15.3384
      vertex -18.1794 -36.6 15.3764
      vertex -19.6902 -36.6 18.0371
    endloop
  endfacet
  facet normal -0 -1 0
    outer loop
      vertex -18.2846 -36.6 15.3384
      vertex -19.6902 -36.6 18.0371
      vertex -18.3914 -36.6 15.3025
    endloop
  endfacet
  facet normal 0 -1 -0
    outer loop
      vertex -19.6902 -36.6 18.0371
      vertex -19.7285 -36.6 18.0114
      vertex -18.3914 -36.6 15.3025
    endloop
  endfacet
  facet normal 0 -1 -0
    outer loop
      vertex -19.7285 -36.6 18.0114
      vertex -19.7683 -36.6 17.9871
      vertex -18.4999 -36.6 15.2687
    endloop
  endfacet
  facet normal 0 -1 0
    outer loop
      vertex -19.7683 -36.6 17.9871
      vertex -18.6101 -36.6 15.2368
      vertex -18.4999 -36.6 15.2687
    endloop
  endfacet
  facet normal 0 -1 0
    outer loop
      vertex -18.7219 -36.6 15.2071
      vertex -18.6101 -36.6 15.2368
      vertex -19.7683 -36.6 17.9871
    endloop
  endfacet
  facet normal 0 -1 0
    outer loop
      vertex -18.7219 -36.6 15.2071
      vertex -19.7683 -36.6 17.9871
      vertex -19.8098 -36.6 17.9642
    endloop
  endfacet
  facet normal 0 -1 0
    outer loop
      vertex -18.8354 -36.6 15.1794
      vertex -19.8098 -36.6 17.9642
      vertex -19.8529 -36.6 17.9427
    endloop
  endfacet
  facet normal -0 -1 0
    outer loop
      vertex -18.8354 -36.6 15.1794
      vertex -19.8529 -36.6 17.9427
      vertex -18.9506 -36.6 15.1537
    endloop
  endfacet
  facet normal 0 -1 -0
    outer loop
      vertex -19.8529 -36.6 17.9427
      vertex -19.8976 -36.6 17.9226
      vertex -18.9506 -36.6 15.1537
    endloop
  endfacet
  facet normal 0 -1 0
    outer loop
      vertex -19.8976 -36.6 17.9226
      vertex -19.0675 -36.6 15.1302
      vertex -18.9506 -36.6 15.1537
    endloop
  endfacet
  facet normal 0 -1 0
    outer loop
      vertex -19.9439 -36.6 17.9038
      vertex -19.0675 -36.6 15.1302
      vertex -19.8976 -36.6 17.9226
    endloop
  endfacet
  facet normal 0 -1 0
    outer loop
      vertex -19.186 -36.6 15.1086
      vertex -19.0675 -36.6 15.1302
      vertex -19.9439 -36.6 17.9038
    endloop
  endfacet
  facet normal 0 -1 0
    outer loop
      vertex -19.186 -36.6 15.1086
      vertex -19.9439 -36.6 17.9038
      vertex -19.9919 -36.6 17.8865
    endloop
  endfacet
  facet normal -0 -1 0
    outer loop
      vertex -19.186 -36.6 15.1086
      vertex -19.9919 -36.6 17.8865
      vertex -19.3062 -36.6 15.0891
    endloop
  endfacet
  facet normal 0 -1 0
    outer loop
      vertex -19.9919 -36.6 17.8865
      vertex -19.4281 -36.6 15.0717
      vertex -19.3062 -36.6 15.0891
    endloop
  endfacet
  facet normal 0 -1 0
    outer loop
      vertex -20.0414 -36.6 17.8705
      vertex -19.4281 -36.6 15.0717
      vertex -19.9919 -36.6 17.8865
    endloop
  endfacet
  facet normal 0 -1 0
    outer loop
      vertex -19.5517 -36.6 15.0563
      vertex -19.4281 -36.6 15.0717
      vertex -20.0414 -36.6 17.8705
    endloop
  endfacet
  facet normal 0 -1 0
    outer loop
      vertex -19.5517 -36.6 15.0563
      vertex -20.0414 -36.6 17.8705
      vertex -20.0925 -36.6 17.8559
    endloop
  endfacet
  facet normal -0 -1 0
    outer loop
      vertex -19.5517 -36.6 15.0563
      vertex -20.0925 -36.6 17.8559
      vertex -19.6769 -36.6 15.0429
    endloop
  endfacet
  facet normal 0 -1 -0
    outer loop
      vertex -20.0925 -36.6 17.8559
      vertex -20.1453 -36.6 17.8427
      vertex -19.6769 -36.6 15.0429
    endloop
  endfacet
  facet normal 0 -1 0
    outer loop
      vertex -20.1453 -36.6 17.8427
      vertex -19.8038 -36.6 15.0317
      vertex -19.6769 -36.6 15.0429
    endloop
  endfacet
  facet normal 0 -1 0
    outer loop
      vertex -20.1996 -36.6 17.8309
      vertex -19.8038 -36.6 15.0317
      vertex -20.1453 -36.6 17.8427
    endloop
  endfacet
  facet normal 0 -1 0
    outer loop
      vertex -20.2556 -36.6 17.8205
      vertex -19.8038 -36.6 15.0317
      vertex -20.1996 -36.6 17.8309
    endloop
  endfacet
  facet normal 0 -1 0
    outer loop
      vertex -19.9324 -36.6 15.0224
      vertex -19.8038 -36.6 15.0317
      vertex -20.2556 -36.6 17.8205
    endloop
  endfacet
  facet normal 0 -1 0
    outer loop
      vertex -19.9324 -36.6 15.0224
      vertex -20.2556 -36.6 17.8205
      vertex -20.3132 -36.6 17.8115
    endloop
  endfacet
  facet normal -0 -1 0
    outer loop
      vertex -19.9324 -36.6 15.0224
      vertex -20.3132 -36.6 17.8115
      vertex -20.0626 -36.6 15.0153
    endloop
  endfacet
  facet normal 0 -1 -0
    outer loop
      vertex -20.3132 -36.6 17.8115
      vertex -20.3724 -36.6 17.8038
      vertex -20.0626 -36.6 15.0153
    endloop
  endfacet
  facet normal 0 -1 0
    outer loop
      vertex -20.3724 -36.6 17.8038
      vertex -20.1945 -36.6 15.0101
      vertex -20.0626 -36.6 15.0153
    endloop
  endfacet
  facet normal 0 -1 0
    outer loop
      vertex -20.4332 -36.6 17.7976
      vertex -20.1945 -36.6 15.0101
      vertex -20.3724 -36.6 17.8038
    endloop
  endfacet
  facet normal 0 -1 0
    outer loop
      vertex -20.3281 -36.6 15.007
      vertex -20.1945 -36.6 15.0101
      vertex -20.4332 -36.6 17.7976
    endloop
  endfacet
  facet normal 0 -1 0
    outer loop
      vertex -20.3281 -36.6 15.007
      vertex -20.4332 -36.6 17.7976
      vertex -20.4956 -36.6 17.7927
    endloop
  endfacet
  facet normal -0 -1 0
    outer loop
      vertex -20.3281 -36.6 15.007
      vertex -20.4956 -36.6 17.7927
      vertex -20.4634 -36.6 15.006
    endloop
  endfacet
  facet normal 0 -1 0
    outer loop
      vertex -20.4634 -36.6 15.006
      vertex -20.5596 -36.6 17.7893
      vertex -20.6253 -36.6 17.7872
    endloop
  endfacet
  facet normal 0 -1 0
    outer loop
      vertex -20.4634 -36.6 15.006
      vertex -20.6253 -36.6 17.7872
      vertex -20.6925 -36.6 17.7865
    endloop
  endfacet
  facet normal 0 -1 0
    outer loop
      vertex -20.4634 -36.6 15.006
      vertex -20.6925 -36.6 17.7865
      vertex -22.0064 -36.6 15.006
    endloop
  endfacet
  facet normal -0 -1 0
    outer loop
      vertex 5.44682 -36.6 22.0839
      vertex 5.32288 -36.6 22.1757
      vertex 2.99895 -36.6 19.7903
    endloop
  endfacet
  facet normal 0 -1 0
    outer loop
      vertex -10.9778 -36.6 16.8393
      vertex -16.3588 -36.6 12.3784
      vertex -11.976 -36.6 14.2422
    endloop
  endfacet
  facet normal 0 -1 0
    outer loop
      vertex 3.20665 -36.6 19.1929
      vertex 6.83855 -36.6 19.3716
      vertex 6.8253 -36.6 19.533
    endloop
  endfacet
  facet normal 0 -1 0
    outer loop
      vertex 3.18661 -36.6 19.3376
      vertex 3.19478 -36.6 19.2904
      vertex 6.75371 -36.6 19.9978
    endloop
  endfacet
  facet normal 0 -1 0
    outer loop
      vertex 6.84793 -36.6 18.9274
      vertex 6.84915 -36.6 19.0391
      vertex 3.21333 -36.6 19.0391
    endloop
  endfacet
  facet normal -0 -1 0
    outer loop
      vertex 6.84793 -36.6 18.9274
      vertex 3.21259 -36.6 18.9869
      vertex 6.84424 -36.6 18.817
    endloop
  endfacet
  facet normal -0 -1 0
    outer loop
      vertex 6.71924 -36.6 20.1463
      vertex 6.67947 -36.6 20.2916
      vertex 3.17697 -36.6 19.3838
    endloop
  endfacet
  facet normal 0 -1 -0
    outer loop
      vertex 3.21259 -36.6 18.9869
      vertex 3.21036 -36.6 18.9356
      vertex 6.84424 -36.6 18.817
    endloop
  endfacet
  facet normal 0 -1 0
    outer loop
      vertex 6.80484 -36.6 18.3897
      vertex 3.20665 -36.6 18.8854
      vertex 3.20146 -36.6 18.8361
    endloop
  endfacet
  facet normal -0 -1 0
    outer loop
      vertex 6.6344 -36.6 20.4336
      vertex 6.58401 -36.6 20.5725
      vertex 3.16585 -36.6 19.429
    endloop
  endfacet
  facet normal -0 -1 0
    outer loop
      vertex 6.80484 -36.6 18.3897
      vertex 3.20146 -36.6 18.8361
      vertex 6.78885 -36.6 18.2864
    endloop
  endfacet
  facet normal 0 -1 0
    outer loop
      vertex 6.74945 -36.6 18.0842
      vertex 3.19478 -36.6 18.7879
      vertex 3.18661 -36.6 18.7407
    endloop
  endfacet
  facet normal 0 -1 -0
    outer loop
      vertex 6.46736 -36.6 20.8405
      vertex 3.15324 -36.6 19.4732
      vertex 6.52834 -36.6 20.7081
    endloop
  endfacet
  facet normal 0 -1 0
    outer loop
      vertex 10.1157 -36.6 12.3784
      vertex 13.721 -36.6 12.3784
      vertex 10.1157 -36.6 20.2765
    endloop
  endfacet
  facet normal 0 -1 0
    outer loop
      vertex 6.46736 -36.6 20.8405
      vertex 3.13914 -36.6 19.5164
      vertex 3.15324 -36.6 19.4732
    endloop
  endfacet
  facet normal -0 -1 0
    outer loop
      vertex 6.67191 -36.6 17.7914
      vertex 3.17697 -36.6 18.6945
      vertex 6.64113 -36.6 17.6967
    endloop
  endfacet
  facet normal 0 -1 0
    outer loop
      vertex 3.16585 -36.6 18.6492
      vertex 6.60789 -36.6 17.6034
      vertex 3.17697 -36.6 18.6945
    endloop
  endfacet
  facet normal 0 -1 0
    outer loop
      vertex 13.721 -36.6 12.3784
      vertex 13.721 -36.6 20.2765
      vertex 10.1157 -36.6 20.2765
    endloop
  endfacet
  facet normal -0 -1 0
    outer loop
      vertex 6.5722 -36.6 17.5115
      vertex 3.16585 -36.6 18.6492
      vertex 6.53404 -36.6 17.421
    endloop
  endfacet
  facet normal 0 -1 -0
    outer loop
      vertex 3.16585 -36.6 18.6492
      vertex 3.15324 -36.6 18.6051
      vertex 6.53404 -36.6 17.421
    endloop
  endfacet
  facet normal 0 -1 0
    outer loop
      vertex 13.721 -36.6 20.2765
      vertex 16.8527 -36.6 20.2765
      vertex 16.8527 -36.6 23.0722
    endloop
  endfacet
  facet normal 0 -1 0
    outer loop
      vertex 6.45035 -36.6 17.2443
      vertex 6.49342 -36.6 17.3319
      vertex 3.15324 -36.6 18.6051
    endloop
  endfacet
  facet normal 0 -1 0
    outer loop
      vertex 2.9166 -36.6 19.8926
      vertex 4.92188 -36.6 22.4245
      vertex 4.77849 -36.6 22.4985
    endloop
  endfacet
  facet normal -0 -1 0
    outer loop
      vertex 4.15633 -36.6 22.7495
      vertex 3.98863 -36.6 22.801
      vertex 2.74915 -36.6 20.0411
    endloop
  endfacet
  facet normal -0 -1 0
    outer loop
      vertex 4.31917 -36.6 22.6934
      vertex 4.15633 -36.6 22.7495
      vertex 2.78581 -36.6 20.014
    endloop
  endfacet
  facet normal 0 -1 0
    outer loop
      vertex 2.82085 -36.6 19.9855
      vertex 4.31917 -36.6 22.6934
      vertex 2.78581 -36.6 20.014
    endloop
  endfacet
  facet normal 0 -1 0
    outer loop
      vertex 2.58643 -36.6 20.1356
      vertex 3.45639 -36.6 22.9288
      vertex 2.54173 -36.6 20.1557
    endloop
  endfacet
  facet normal -0 -1 0
    outer loop
      vertex 3.45639 -36.6 22.9288
      vertex 3.26924 -36.6 22.9624
      vertex 2.54173 -36.6 20.1557
    endloop
  endfacet
  facet normal 0 -1 0
    outer loop
      vertex 2.49541 -36.6 20.1744
      vertex 2.54173 -36.6 20.1557
      vertex 3.26924 -36.6 22.9624
    endloop
  endfacet
  facet normal 0 -1 0
    outer loop
      vertex 2.49541 -36.6 20.1744
      vertex 3.26924 -36.6 22.9624
      vertex 2.44749 -36.6 20.1918
    endloop
  endfacet
  facet normal -0 -1 0
    outer loop
      vertex 3.26924 -36.6 22.9624
      vertex 3.07724 -36.6 22.9915
      vertex 2.44749 -36.6 20.1918
    endloop
  endfacet
  facet normal 0 -1 0
    outer loop
      vertex 3.07724 -36.6 22.9915
      vertex 2.39795 -36.6 20.2078
      vertex 2.44749 -36.6 20.1918
    endloop
  endfacet
  facet normal 0 -1 -0
    outer loop
      vertex 2.88039 -36.6 23.0162
      vertex 2.39795 -36.6 20.2078
      vertex 3.07724 -36.6 22.9915
    endloop
  endfacet
  facet normal 0 -1 0
    outer loop
      vertex 2.94553 -36.6 19.8595
      vertex 5.06041 -36.6 22.3461
      vertex 4.92188 -36.6 22.4245
    endloop
  endfacet
  facet normal 0 -1 0
    outer loop
      vertex 2.39795 -36.6 20.2078
      vertex 2.88039 -36.6 23.0162
      vertex 2.3468 -36.6 20.2224
    endloop
  endfacet
  facet normal 0 -1 0
    outer loop
      vertex 6.98395 -36.6 23.0722
      vertex 13.721 -36.6 20.2765
      vertex 16.8527 -36.6 23.0722
    endloop
  endfacet
  facet normal 0 -1 0
    outer loop
      vertex 2.99895 -36.6 19.7903
      vertex 5.32288 -36.6 22.1757
      vertex 2.97298 -36.6 19.8254
    endloop
  endfacet
  facet normal 0 -1 0
    outer loop
      vertex 2.29405 -36.6 20.2356
      vertex 2.67865 -36.6 23.0363
      vertex 2.23969 -36.6 20.2474
    endloop
  endfacet
  facet normal 0 -1 -0
    outer loop
      vertex 5.5659 -36.6 21.9875
      vertex 3.02342 -36.6 19.7542
      vertex 5.6799 -36.6 21.8873
    endloop
  endfacet
  facet normal 0 -1 0
    outer loop
      vertex 2.67865 -36.6 23.0363
      vertex 2.18372 -36.6 20.2578
      vertex 2.23969 -36.6 20.2474
    endloop
  endfacet
  facet normal 0 -1 -0
    outer loop
      vertex 2.47208 -36.6 23.052
      vertex 2.18372 -36.6 20.2578
      vertex 2.67865 -36.6 23.0363
    endloop
  endfacet
  facet normal 0 -1 0
    outer loop
      vertex 2.12613 -36.6 20.2668
      vertex 2.18372 -36.6 20.2578
      vertex 2.47208 -36.6 23.052
    endloop
  endfacet
  facet normal 0 -1 0
    outer loop
      vertex 2.12613 -36.6 20.2668
      vertex 2.47208 -36.6 23.052
      vertex 2.26062 -36.6 23.0632
    endloop
  endfacet
  facet normal 0 -1 0
    outer loop
      vertex 2.12613 -36.6 20.2668
      vertex 2.26062 -36.6 23.0632
      vertex 2.06694 -36.6 20.2745
    endloop
  endfacet
  facet normal 0 -1 0
    outer loop
      vertex 2.26062 -36.6 23.0632
      vertex 2.00613 -36.6 20.2807
      vertex 2.06694 -36.6 20.2745
    endloop
  endfacet
  facet normal 0 -1 -0
    outer loop
      vertex 2.04431 -36.6 23.07
      vertex 2.00613 -36.6 20.2807
      vertex 2.26062 -36.6 23.0632
    endloop
  endfacet
  facet normal 0 -1 0
    outer loop
      vertex 6.3568 -36.6 17.0733
      vertex 6.4048 -36.6 17.1581
      vertex 3.13914 -36.6 18.5619
    endloop
  endfacet
  facet normal 0 -1 0
    outer loop
      vertex 2.00613 -36.6 20.2807
      vertex 2.04431 -36.6 23.07
      vertex 1.94371 -36.6 20.2856
    endloop
  endfacet
  facet normal 0 -1 0
    outer loop
      vertex 2.04431 -36.6 23.07
      vertex 1.87968 -36.6 20.2891
      vertex 1.94371 -36.6 20.2856
    endloop
  endfacet
  facet normal 0 -1 0
    outer loop
      vertex 1.82315 -36.6 23.0722
      vertex 1.87968 -36.6 20.2891
      vertex 2.04431 -36.6 23.07
    endloop
  endfacet
  facet normal 0 -1 0
    outer loop
      vertex 1.81406 -36.6 20.2911
      vertex 1.87968 -36.6 20.2891
      vertex 1.82315 -36.6 23.0722
    endloop
  endfacet
  facet normal 0 -1 0
    outer loop
      vertex 1.81406 -36.6 20.2911
      vertex 1.82315 -36.6 23.0722
      vertex 1.74681 -36.6 20.2918
    endloop
  endfacet
  facet normal 0 -1 0
    outer loop
      vertex 1.82315 -36.6 23.0722
      vertex 0.432968 -36.6 20.2918
      vertex 1.74681 -36.6 20.2918
    endloop
  endfacet
  facet normal 0 -1 0
    outer loop
      vertex 5.12421 -36.6 15.8303
      vertex 5.21017 -36.6 15.8846
      vertex 2.97298 -36.6 18.2528
    endloop
  endfacet
  facet normal 0 -1 0
    outer loop
      vertex 0.432968 -36.6 20.2918
      vertex 1.82315 -36.6 23.0722
      vertex -3.17238 -36.6 23.0722
    endloop
  endfacet
  facet normal 0 -1 0
    outer loop
      vertex 0.432968 -36.6 12.3784
      vertex 0.432968 -36.6 15.0672
      vertex -3.17238 -36.6 12.3784
    endloop
  endfacet
  facet normal 0 -1 -0
    outer loop
      vertex 0.432968 -36.6 17.7865
      vertex -3.17238 -36.6 12.3784
      vertex 0.432968 -36.6 15.0672
    endloop
  endfacet
  facet normal 0 -1 0
    outer loop
      vertex 0.432968 -36.6 17.7865
      vertex 0.432968 -36.6 20.2918
      vertex -3.17238 -36.6 23.0722
    endloop
  endfacet
  facet normal 0 -1 0
    outer loop
      vertex 3.13914 -36.6 18.5619
      vertex 6.30632 -36.6 16.9899
      vertex 6.3568 -36.6 17.0733
    endloop
  endfacet
  facet normal 0 -1 0
    outer loop
      vertex 4.47713 -36.6 22.6329
      vertex 2.82085 -36.6 19.9855
      vertex 2.85429 -36.6 19.9557
    endloop
  endfacet
  facet normal -0 -1 0
    outer loop
      vertex 4.47713 -36.6 22.6329
      vertex 4.31917 -36.6 22.6934
      vertex 2.82085 -36.6 19.9855
    endloop
  endfacet
  facet normal 0 -1 0
    outer loop
      vertex 4.63025 -36.6 22.5679
      vertex 2.85429 -36.6 19.9557
      vertex 2.88618 -36.6 19.9246
    endloop
  endfacet
  facet normal -0 -1 0
    outer loop
      vertex 4.63025 -36.6 22.5679
      vertex 4.47713 -36.6 22.6329
      vertex 2.85429 -36.6 19.9557
    endloop
  endfacet
  facet normal 0 -1 -0
    outer loop
      vertex 4.63025 -36.6 22.5679
      vertex 2.88618 -36.6 19.9246
      vertex 4.77849 -36.6 22.4985
    endloop
  endfacet
  facet normal 0 -1 0
    outer loop
      vertex 2.88618 -36.6 19.9246
      vertex 2.9166 -36.6 19.8926
      vertex 4.77849 -36.6 22.4985
    endloop
  endfacet
  facet normal 0 -1 0
    outer loop
      vertex 2.9166 -36.6 19.8926
      vertex 2.94553 -36.6 19.8595
      vertex 4.92188 -36.6 22.4245
    endloop
  endfacet
  facet normal 0 -1 0
    outer loop
      vertex 2.94553 -36.6 19.8595
      vertex 2.97298 -36.6 19.8254
      vertex 5.19408 -36.6 22.2631
    endloop
  endfacet
  facet normal 0 -1 -0
    outer loop
      vertex 5.06041 -36.6 22.3461
      vertex 2.94553 -36.6 19.8595
      vertex 5.19408 -36.6 22.2631
    endloop
  endfacet
  facet normal 0 -1 0
    outer loop
      vertex 2.97298 -36.6 19.8254
      vertex 5.32288 -36.6 22.1757
      vertex 5.19408 -36.6 22.2631
    endloop
  endfacet
  facet normal 0 -1 0
    outer loop
      vertex 5.44682 -36.6 22.0839
      vertex 2.99895 -36.6 19.7903
      vertex 3.02342 -36.6 19.7542
    endloop
  endfacet
  facet normal 0 -1 -0
    outer loop
      vertex 5.44682 -36.6 22.0839
      vertex 3.02342 -36.6 19.7542
      vertex 5.5659 -36.6 21.9875
    endloop
  endfacet
  facet normal 0 -1 0
    outer loop
      vertex 3.02342 -36.6 19.7542
      vertex 3.04642 -36.6 19.7171
      vertex 5.6799 -36.6 21.8873
    endloop
  endfacet
  facet normal 0 -1 0
    outer loop
      vertex 3.06793 -36.6 19.6789
      vertex 5.78862 -36.6 21.7838
      vertex 3.04642 -36.6 19.7171
    endloop
  endfacet
  facet normal 0 -1 0
    outer loop
      vertex 3.04642 -36.6 19.7171
      vertex 5.78862 -36.6 21.7838
      vertex 5.6799 -36.6 21.8873
    endloop
  endfacet
  facet normal -0 -1 0
    outer loop
      vertex 5.99011 -36.6 21.5673
      vertex 5.89201 -36.6 21.6772
      vertex 3.06793 -36.6 19.6789
    endloop
  endfacet
  facet normal 0 -1 0
    outer loop
      vertex 3.06793 -36.6 19.6789
      vertex 5.89201 -36.6 21.6772
      vertex 5.78862 -36.6 21.7838
    endloop
  endfacet
  facet normal 0 -1 0
    outer loop
      vertex 3.10651 -36.6 19.5997
      vertex 6.08292 -36.6 21.4542
      vertex 3.08797 -36.6 19.6398
    endloop
  endfacet
  facet normal 0 -1 0
    outer loop
      vertex 3.08797 -36.6 19.6398
      vertex 6.08292 -36.6 21.4542
      vertex 5.99011 -36.6 21.5673
    endloop
  endfacet
  facet normal -0 -1 0
    outer loop
      vertex 6.25259 -36.6 21.2184
      vertex 6.17041 -36.6 21.3379
      vertex 3.10651 -36.6 19.5997
    endloop
  endfacet
  facet normal 0 -1 0
    outer loop
      vertex 3.10651 -36.6 19.5997
      vertex 6.17041 -36.6 21.3379
      vertex 6.08292 -36.6 21.4542
    endloop
  endfacet
  facet normal 0 -1 0
    outer loop
      vertex 3.13914 -36.6 19.5164
      vertex 6.32948 -36.6 21.0957
      vertex 3.12357 -36.6 19.5585
    endloop
  endfacet
  facet normal 0 -1 0
    outer loop
      vertex 3.12357 -36.6 19.5585
      vertex 6.32948 -36.6 21.0957
      vertex 6.25259 -36.6 21.2184
    endloop
  endfacet
  facet normal -0 -1 0
    outer loop
      vertex 6.46736 -36.6 20.8405
      vertex 6.40108 -36.6 20.9697
      vertex 3.13914 -36.6 19.5164
    endloop
  endfacet
  facet normal 0 -1 0
    outer loop
      vertex 3.16585 -36.6 19.429
      vertex 6.58401 -36.6 20.5725
      vertex 3.15324 -36.6 19.4732
    endloop
  endfacet
  facet normal 0 -1 0
    outer loop
      vertex 3.15324 -36.6 19.4732
      vertex 6.58401 -36.6 20.5725
      vertex 6.52834 -36.6 20.7081
    endloop
  endfacet
  facet normal 0 -1 0
    outer loop
      vertex 3.17697 -36.6 19.3838
      vertex 6.67947 -36.6 20.2916
      vertex 6.6344 -36.6 20.4336
    endloop
  endfacet
  facet normal 0 -1 0
    outer loop
      vertex 3.16585 -36.6 19.429
      vertex 3.17697 -36.6 19.3838
      vertex 6.6344 -36.6 20.4336
    endloop
  endfacet
  facet normal 0 -1 0
    outer loop
      vertex 3.18661 -36.6 19.3376
      vertex 6.75371 -36.6 19.9978
      vertex 6.71924 -36.6 20.1463
    endloop
  endfacet
  facet normal 0 -1 0
    outer loop
      vertex 3.17697 -36.6 19.3838
      vertex 3.18661 -36.6 19.3376
      vertex 6.71924 -36.6 20.1463
    endloop
  endfacet
  facet normal 0 -1 0
    outer loop
      vertex 3.19478 -36.6 19.2904
      vertex 3.20146 -36.6 19.2422
      vertex 6.78287 -36.6 19.846
    endloop
  endfacet
  facet normal 0 -1 -0
    outer loop
      vertex 6.75371 -36.6 19.9978
      vertex 3.19478 -36.6 19.2904
      vertex 6.78287 -36.6 19.846
    endloop
  endfacet
  facet normal 0 -1 -0
    outer loop
      vertex 6.80673 -36.6 19.6911
      vertex 3.20665 -36.6 19.1929
      vertex 6.8253 -36.6 19.533
    endloop
  endfacet
  facet normal 0 -1 0
    outer loop
      vertex 6.80673 -36.6 19.6911
      vertex 3.20146 -36.6 19.2422
      vertex 3.20665 -36.6 19.1929
    endloop
  endfacet
  facet normal 0 -1 -0
    outer loop
      vertex 6.83855 -36.6 19.3716
      vertex 3.21036 -36.6 19.1427
      vertex 6.84651 -36.6 19.207
    endloop
  endfacet
  facet normal 0 -1 0
    outer loop
      vertex 6.83855 -36.6 19.3716
      vertex 3.20665 -36.6 19.1929
      vertex 3.21036 -36.6 19.1427
    endloop
  endfacet
  facet normal 0 -1 0
    outer loop
      vertex 6.84915 -36.6 19.0391
      vertex 3.21259 -36.6 19.0914
      vertex 3.21333 -36.6 19.0391
    endloop
  endfacet
  facet normal 0 -1 0
    outer loop
      vertex 6.84915 -36.6 19.0391
      vertex 6.84651 -36.6 19.207
      vertex 3.21259 -36.6 19.0914
    endloop
  endfacet
  facet normal 0 -1 0
    outer loop
      vertex 6.84793 -36.6 18.9274
      vertex 3.21333 -36.6 19.0391
      vertex 3.21259 -36.6 18.9869
    endloop
  endfacet
  facet normal 0 -1 0
    outer loop
      vertex 6.82947 -36.6 18.6005
      vertex 6.83807 -36.6 18.708
      vertex 3.21036 -36.6 18.9356
    endloop
  endfacet
  facet normal 0 -1 0
    outer loop
      vertex 3.21036 -36.6 18.9356
      vertex 6.83807 -36.6 18.708
      vertex 6.84424 -36.6 18.817
    endloop
  endfacet
  facet normal 0 -1 0
    outer loop
      vertex 6.80484 -36.6 18.3897
      vertex 6.81839 -36.6 18.4944
      vertex 3.20665 -36.6 18.8854
    endloop
  endfacet
  facet normal 0 -1 0
    outer loop
      vertex 3.20665 -36.6 18.8854
      vertex 6.81839 -36.6 18.4944
      vertex 6.82947 -36.6 18.6005
    endloop
  endfacet
  facet normal 0 -1 -0
    outer loop
      vertex 3.20146 -36.6 18.8361
      vertex 3.19478 -36.6 18.7879
      vertex 6.78885 -36.6 18.2864
    endloop
  endfacet
  facet normal 0 -1 0
    outer loop
      vertex 6.74945 -36.6 18.0842
      vertex 6.77039 -36.6 18.1846
      vertex 3.19478 -36.6 18.7879
    endloop
  endfacet
  facet normal 0 -1 0
    outer loop
      vertex 6.67191 -36.6 17.7914
      vertex 6.70021 -36.6 17.8876
      vertex 3.18661 -36.6 18.7407
    endloop
  endfacet
  facet normal 0 -1 0
    outer loop
      vertex 3.18661 -36.6 18.7407
      vertex 6.70021 -36.6 17.8876
      vertex 6.72607 -36.6 17.9852
    endloop
  endfacet
  facet normal 0 -1 0
    outer loop
      vertex 3.17697 -36.6 18.6945
      vertex 6.60789 -36.6 17.6034
      vertex 6.64113 -36.6 17.6967
    endloop
  endfacet
  facet normal 0 -1 0
    outer loop
      vertex 6.5722 -36.6 17.5115
      vertex 6.60789 -36.6 17.6034
      vertex 3.16585 -36.6 18.6492
    endloop
  endfacet
  facet normal 0 -1 0
    outer loop
      vertex 3.15324 -36.6 18.6051
      vertex 6.49342 -36.6 17.3319
      vertex 6.53404 -36.6 17.421
    endloop
  endfacet
  facet normal -0 -1 0
    outer loop
      vertex 6.45035 -36.6 17.2443
      vertex 3.15324 -36.6 18.6051
      vertex 6.4048 -36.6 17.1581
    endloop
  endfacet
  facet normal -0 -1 0
    outer loop
      vertex 5.12421 -36.6 15.8303
      vertex 2.97298 -36.6 18.2528
      vertex 5.03619 -36.6 15.7777
    endloop
  endfacet
  facet normal 0 -1 -0
    outer loop
      vertex 3.13914 -36.6 18.5619
      vertex 3.12357 -36.6 18.5197
      vertex 6.30632 -36.6 16.9899
    endloop
  endfacet
  facet normal 0 -1 0
    outer loop
      vertex 3.12357 -36.6 18.5197
      vertex 6.2534 -36.6 16.9079
      vertex 6.30632 -36.6 16.9899
    endloop
  endfacet
  facet normal 0 -1 0
    outer loop
      vertex 6.19821 -36.6 16.8275
      vertex 6.2534 -36.6 16.9079
      vertex 3.12357 -36.6 18.5197
    endloop
  endfacet
  facet normal -0 -1 0
    outer loop
      vertex 6.19821 -36.6 16.8275
      vertex 3.12357 -36.6 18.5197
      vertex 6.14098 -36.6 16.7489
    endloop
  endfacet
  facet normal 0 -1 -0
    outer loop
      vertex 3.12357 -36.6 18.5197
      vertex 3.10651 -36.6 18.4785
      vertex 6.14098 -36.6 16.7489
    endloop
  endfacet
  facet normal 0 -1 0
    outer loop
      vertex 3.10651 -36.6 18.4785
      vertex 6.08168 -36.6 16.672
      vertex 6.14098 -36.6 16.7489
    endloop
  endfacet
  facet normal 0 -1 0
    outer loop
      vertex 6.02034 -36.6 16.5968
      vertex 6.08168 -36.6 16.672
      vertex 3.10651 -36.6 18.4785
    endloop
  endfacet
  facet normal 0 -1 0
    outer loop
      vertex 6.02034 -36.6 16.5968
      vertex 3.10651 -36.6 18.4785
      vertex 3.08797 -36.6 18.4384
    endloop
  endfacet
  facet normal -0 -1 0
    outer loop
      vertex 6.02034 -36.6 16.5968
      vertex 3.08797 -36.6 18.4384
      vertex 5.95695 -36.6 16.5234
    endloop
  endfacet
  facet normal 0 -1 0
    outer loop
      vertex 3.08797 -36.6 18.4384
      vertex 5.89151 -36.6 16.4517
      vertex 5.95695 -36.6 16.5234
    endloop
  endfacet
  facet normal 0 -1 0
    outer loop
      vertex 3.06793 -36.6 18.3993
      vertex 5.89151 -36.6 16.4517
      vertex 3.08797 -36.6 18.4384
    endloop
  endfacet
  facet normal 0 -1 0
    outer loop
      vertex 5.82401 -36.6 16.3818
      vertex 5.89151 -36.6 16.4517
      vertex 3.06793 -36.6 18.3993
    endloop
  endfacet
  facet normal -0 -1 0
    outer loop
      vertex 5.82401 -36.6 16.3818
      vertex 3.06793 -36.6 18.3993
      vertex 5.75446 -36.6 16.3135
    endloop
  endfacet
  facet normal 0 -1 0
    outer loop
      vertex 3.06793 -36.6 18.3993
      vertex 5.68286 -36.6 16.2471
      vertex 5.75446 -36.6 16.3135
    endloop
  endfacet
  facet normal 0 -1 0
    outer loop
      vertex 3.04642 -36.6 18.3611
      vertex 5.68286 -36.6 16.2471
      vertex 3.06793 -36.6 18.3993
    endloop
  endfacet
  facet normal 0 -1 0
    outer loop
      vertex 5.60921 -36.6 16.1823
      vertex 5.68286 -36.6 16.2471
      vertex 3.04642 -36.6 18.3611
    endloop
  endfacet
  facet normal -0 -1 0
    outer loop
      vertex 5.60921 -36.6 16.1823
      vertex 3.04642 -36.6 18.3611
      vertex 5.53351 -36.6 16.1193
    endloop
  endfacet
  facet normal 0 -1 -0
    outer loop
      vertex 3.04642 -36.6 18.3611
      vertex 3.02342 -36.6 18.324
      vertex 5.53351 -36.6 16.1193
    endloop
  endfacet
  facet normal 0 -1 0
    outer loop
      vertex 3.02342 -36.6 18.324
      vertex 5.45575 -36.6 16.058
      vertex 5.53351 -36.6 16.1193
    endloop
  endfacet
  facet normal 0 -1 0
    outer loop
      vertex 5.37595 -36.6 15.9985
      vertex 5.45575 -36.6 16.058
      vertex 3.02342 -36.6 18.324
    endloop
  endfacet
  facet normal 0 -1 0
    outer loop
      vertex 5.37595 -36.6 15.9985
      vertex 3.02342 -36.6 18.324
      vertex 2.99895 -36.6 18.2879
    endloop
  endfacet
  facet normal -0 -1 0
    outer loop
      vertex 5.37595 -36.6 15.9985
      vertex 2.99895 -36.6 18.2879
      vertex 5.29408 -36.6 15.9407
    endloop
  endfacet
  facet normal 0 -1 0
    outer loop
      vertex 2.99895 -36.6 18.2879
      vertex 5.21017 -36.6 15.8846
      vertex 5.29408 -36.6 15.9407
    endloop
  endfacet
  facet normal 0 -1 0
    outer loop
      vertex 2.97298 -36.6 18.2528
      vertex 5.21017 -36.6 15.8846
      vertex 2.99895 -36.6 18.2879
    endloop
  endfacet
  facet normal 0 -1 -0
    outer loop
      vertex 2.97298 -36.6 18.2528
      vertex 2.94553 -36.6 18.2187
      vertex 5.03619 -36.6 15.7777
    endloop
  endfacet
  facet normal 0 -1 0
    outer loop
      vertex 2.94553 -36.6 18.2187
      vertex 4.94612 -36.6 15.7268
      vertex 5.03619 -36.6 15.7777
    endloop
  endfacet
  facet normal 0 -1 0
    outer loop
      vertex 2.9166 -36.6 18.1856
      vertex 4.94612 -36.6 15.7268
      vertex 2.94553 -36.6 18.2187
    endloop
  endfacet
  facet normal 0 -1 0
    outer loop
      vertex 4.854 -36.6 15.6777
      vertex 4.94612 -36.6 15.7268
      vertex 2.9166 -36.6 18.1856
    endloop
  endfacet
  facet normal -0 -1 0
    outer loop
      vertex 4.854 -36.6 15.6777
      vertex 2.9166 -36.6 18.1856
      vertex 4.834 -36.6 15.6676
    endloop
  endfacet
  facet normal 0 -1 -0
    outer loop
      vertex 2.9166 -36.6 18.1856
      vertex 2.88618 -36.6 18.1536
      vertex 4.834 -36.6 15.6676
    endloop
  endfacet
  facet normal 0 -1 -0
    outer loop
      vertex 2.88618 -36.6 18.1536
      vertex 2.85429 -36.6 18.1225
      vertex 4.834 -36.6 15.6676
    endloop
  endfacet
  facet normal 0 -1 -0
    outer loop
      vertex 2.85429 -36.6 18.1225
      vertex 2.82085 -36.6 18.0927
      vertex 4.834 -36.6 15.6676
    endloop
  endfacet
  facet normal 0 -1 -0
    outer loop
      vertex 2.82085 -36.6 18.0927
      vertex 2.78581 -36.6 18.0642
      vertex 4.834 -36.6 15.6676
    endloop
  endfacet
  facet normal 0 -1 -0
    outer loop
      vertex 2.78581 -36.6 18.0642
      vertex 2.74915 -36.6 18.0371
      vertex 4.834 -36.6 15.6676
    endloop
  endfacet
  facet normal 0 -1 -0
    outer loop
      vertex 2.74915 -36.6 18.0371
      vertex 2.71089 -36.6 18.0114
      vertex 4.834 -36.6 15.6676
    endloop
  endfacet
  facet normal 0 -1 -0
    outer loop
      vertex 2.71089 -36.6 18.0114
      vertex 2.67101 -36.6 17.9871
      vertex 4.834 -36.6 15.6676
    endloop
  endfacet
  facet normal 0 -1 -0
    outer loop
      vertex 2.67101 -36.6 17.9871
      vertex 2.62953 -36.6 17.9642
      vertex 4.834 -36.6 15.6676
    endloop
  endfacet
  facet normal 0 -1 -0
    outer loop
      vertex 2.62953 -36.6 17.9642
      vertex 2.58643 -36.6 17.9427
      vertex 4.834 -36.6 15.6676
    endloop
  endfacet
  facet normal 0 -1 -0
    outer loop
      vertex 2.58643 -36.6 17.9427
      vertex 2.54173 -36.6 17.9226
      vertex 4.834 -36.6 15.6676
    endloop
  endfacet
  facet normal 0 -1 -0
    outer loop
      vertex 2.54173 -36.6 17.9226
      vertex 2.49541 -36.6 17.9038
      vertex 4.834 -36.6 15.6676
    endloop
  endfacet
  facet normal 0 -1 -0
    outer loop
      vertex 2.49541 -36.6 17.9038
      vertex 2.44749 -36.6 17.8865
      vertex 4.834 -36.6 15.6676
    endloop
  endfacet
  facet normal 0 -1 -0
    outer loop
      vertex 2.44749 -36.6 17.8865
      vertex 2.39795 -36.6 17.8705
      vertex 4.834 -36.6 15.6676
    endloop
  endfacet
  facet normal 0 -1 -0
    outer loop
      vertex 2.39795 -36.6 17.8705
      vertex 1.41504 -36.6 15.0672
      vertex 4.834 -36.6 15.6676
    endloop
  endfacet
  facet normal 0 -1 -0
    outer loop
      vertex 2.3468 -36.6 17.8559
      vertex 1.41504 -36.6 15.0672
      vertex 2.39795 -36.6 17.8705
    endloop
  endfacet
  facet normal 0 -1 -0
    outer loop
      vertex 2.29405 -36.6 17.8427
      vertex 1.41504 -36.6 15.0672
      vertex 2.3468 -36.6 17.8559
    endloop
  endfacet
  facet normal 0 -1 -0
    outer loop
      vertex 2.23969 -36.6 17.8309
      vertex 1.41504 -36.6 15.0672
      vertex 2.29405 -36.6 17.8427
    endloop
  endfacet
  facet normal 0 -1 -0
    outer loop
      vertex 2.18372 -36.6 17.8205
      vertex 1.41504 -36.6 15.0672
      vertex 2.23969 -36.6 17.8309
    endloop
  endfacet
  facet normal 0 -1 -0
    outer loop
      vertex 2.12613 -36.6 17.8115
      vertex 1.41504 -36.6 15.0672
      vertex 2.18372 -36.6 17.8205
    endloop
  endfacet
  facet normal 0 -1 -0
    outer loop
      vertex 2.06694 -36.6 17.8038
      vertex 1.41504 -36.6 15.0672
      vertex 2.12613 -36.6 17.8115
    endloop
  endfacet
  facet normal 0 -1 -0
    outer loop
      vertex 2.00613 -36.6 17.7976
      vertex 1.41504 -36.6 15.0672
      vertex 2.06694 -36.6 17.8038
    endloop
  endfacet
  facet normal 0 -1 -0
    outer loop
      vertex 1.94371 -36.6 17.7927
      vertex 1.41504 -36.6 15.0672
      vertex 2.00613 -36.6 17.7976
    endloop
  endfacet
  facet normal 0 -1 -0
    outer loop
      vertex 1.87968 -36.6 17.7893
      vertex 1.41504 -36.6 15.0672
      vertex 1.94371 -36.6 17.7927
    endloop
  endfacet
  facet normal 0 -1 -0
    outer loop
      vertex 1.81406 -36.6 17.7872
      vertex 1.41504 -36.6 15.0672
      vertex 1.87968 -36.6 17.7893
    endloop
  endfacet
  facet normal 0 -1 -0
    outer loop
      vertex 1.74681 -36.6 17.7865
      vertex 1.41504 -36.6 15.0672
      vertex 1.81406 -36.6 17.7872
    endloop
  endfacet
  facet normal 0 -1 0
    outer loop
      vertex 0.432968 -36.6 17.7865
      vertex 1.41504 -36.6 15.0672
      vertex 1.74681 -36.6 17.7865
    endloop
  endfacet
  facet normal 0 -1 0
    outer loop
      vertex 10.1157 -36.6 20.2765
      vertex 6.98395 -36.6 23.0722
      vertex 6.98395 -36.6 20.2765
    endloop
  endfacet
  facet normal 0 -1 0
    outer loop
      vertex 13.721 -36.6 20.2765
      vertex 6.98395 -36.6 23.0722
      vertex 10.1157 -36.6 20.2765
    endloop
  endfacet
  facet normal 0.0209555 0 -0.99978
    outer loop
      vertex 21.8364 -35.6 12.1381
      vertex 21.6885 -36.6 12.135
      vertex 21.6885 -35.6 12.135
    endloop
  endfacet
  facet normal 0.0209555 0 -0.99978
    outer loop
      vertex 21.8364 -35.6 12.1381
      vertex 21.8364 -36.6 12.1381
      vertex 21.6885 -36.6 12.135
    endloop
  endfacet
  facet normal 0.035716 0 -0.999362
    outer loop
      vertex 21.9819 -35.6 12.1433
      vertex 21.8364 -36.6 12.1381
      vertex 21.8364 -35.6 12.1381
    endloop
  endfacet
  facet normal 0.035716 0 -0.999362
    outer loop
      vertex 21.9819 -35.6 12.1433
      vertex 21.9819 -36.6 12.1433
      vertex 21.8364 -36.6 12.1381
    endloop
  endfacet
  facet normal 0.0495202 0 -0.998773
    outer loop
      vertex 22.1251 -35.6 12.1504
      vertex 21.9819 -36.6 12.1433
      vertex 21.9819 -35.6 12.1433
    endloop
  endfacet
  facet normal 0.0495202 0 -0.998773
    outer loop
      vertex 22.1251 -35.6 12.1504
      vertex 22.1251 -36.6 12.1504
      vertex 21.9819 -36.6 12.1433
    endloop
  endfacet
  facet normal 0.065861 0 -0.997829
    outer loop
      vertex 22.266 -35.6 12.1597
      vertex 22.1251 -36.6 12.1504
      vertex 22.1251 -35.6 12.1504
    endloop
  endfacet
  facet normal 0.065861 0 -0.997829
    outer loop
      vertex 22.266 -35.6 12.1597
      vertex 22.266 -36.6 12.1597
      vertex 22.1251 -36.6 12.1504
    endloop
  endfacet
  facet normal 0.0813182 0 -0.996688
    outer loop
      vertex 22.4045 -35.6 12.171
      vertex 22.266 -36.6 12.1597
      vertex 22.266 -35.6 12.1597
    endloop
  endfacet
  facet normal 0.0813182 0 -0.996688
    outer loop
      vertex 22.4045 -35.6 12.171
      vertex 22.4045 -36.6 12.171
      vertex 22.266 -36.6 12.1597
    endloop
  endfacet
  facet normal 0.0971882 0 -0.995266
    outer loop
      vertex 22.5407 -35.6 12.1843
      vertex 22.4045 -36.6 12.171
      vertex 22.4045 -35.6 12.171
    endloop
  endfacet
  facet normal 0.0971882 0 -0.995266
    outer loop
      vertex 22.5407 -35.6 12.1843
      vertex 22.5407 -36.6 12.1843
      vertex 22.4045 -36.6 12.171
    endloop
  endfacet
  facet normal 0.114258 0 -0.993451
    outer loop
      vertex 22.6746 -35.6 12.1997
      vertex 22.5407 -36.6 12.1843
      vertex 22.5407 -35.6 12.1843
    endloop
  endfacet
  facet normal 0.114258 0 -0.993451
    outer loop
      vertex 22.6746 -35.6 12.1997
      vertex 22.6746 -36.6 12.1997
      vertex 22.5407 -36.6 12.1843
    endloop
  endfacet
  facet normal 0.131176 0 -0.991359
    outer loop
      vertex 22.8061 -35.6 12.2171
      vertex 22.6746 -36.6 12.1997
      vertex 22.6746 -35.6 12.1997
    endloop
  endfacet
  facet normal 0.131176 0 -0.991359
    outer loop
      vertex 22.8061 -35.6 12.2171
      vertex 22.8061 -36.6 12.2171
      vertex 22.6746 -36.6 12.1997
    endloop
  endfacet
  facet normal 0.149239 0 -0.988801
    outer loop
      vertex 22.9353 -35.6 12.2366
      vertex 22.8061 -36.6 12.2171
      vertex 22.8061 -35.6 12.2171
    endloop
  endfacet
  facet normal 0.149239 0 -0.988801
    outer loop
      vertex 22.9353 -35.6 12.2366
      vertex 22.9353 -36.6 12.2366
      vertex 22.8061 -36.6 12.2171
    endloop
  endfacet
  facet normal 0.167172 0 -0.985928
    outer loop
      vertex 23.0621 -35.6 12.2581
      vertex 22.9353 -36.6 12.2366
      vertex 22.9353 -35.6 12.2366
    endloop
  endfacet
  facet normal 0.167172 0 -0.985928
    outer loop
      vertex 23.0621 -35.6 12.2581
      vertex 23.0621 -36.6 12.2581
      vertex 22.9353 -36.6 12.2366
    endloop
  endfacet
  facet normal 0.186097 0 -0.982531
    outer loop
      vertex 23.1867 -35.6 12.2817
      vertex 23.0621 -36.6 12.2581
      vertex 23.0621 -35.6 12.2581
    endloop
  endfacet
  facet normal 0.186097 0 -0.982531
    outer loop
      vertex 23.1867 -35.6 12.2817
      vertex 23.1867 -36.6 12.2817
      vertex 23.0621 -36.6 12.2581
    endloop
  endfacet
  facet normal 0.20597 0 -0.978558
    outer loop
      vertex 23.3088 -35.6 12.3074
      vertex 23.1867 -36.6 12.2817
      vertex 23.1867 -35.6 12.2817
    endloop
  endfacet
  facet normal 0.20597 0 -0.978558
    outer loop
      vertex 23.3088 -35.6 12.3074
      vertex 23.3088 -36.6 12.3074
      vertex 23.1867 -36.6 12.2817
    endloop
  endfacet
  facet normal 0.225097 0 -0.974336
    outer loop
      vertex 23.4287 -35.6 12.3351
      vertex 23.3088 -36.6 12.3074
      vertex 23.3088 -35.6 12.3074
    endloop
  endfacet
  facet normal 0.225097 0 -0.974336
    outer loop
      vertex 23.4287 -35.6 12.3351
      vertex 23.4287 -36.6 12.3351
      vertex 23.3088 -36.6 12.3074
    endloop
  endfacet
  facet normal 0.245059 0 -0.969508
    outer loop
      vertex 23.5462 -35.6 12.3648
      vertex 23.4287 -36.6 12.3351
      vertex 23.4287 -35.6 12.3351
    endloop
  endfacet
  facet normal 0.245059 0 -0.969508
    outer loop
      vertex 23.5462 -35.6 12.3648
      vertex 23.5462 -36.6 12.3648
      vertex 23.4287 -36.6 12.3351
    endloop
  endfacet
  facet normal 0.26609 0 -0.963948
    outer loop
      vertex 23.6614 -35.6 12.3966
      vertex 23.5462 -36.6 12.3648
      vertex 23.5462 -35.6 12.3648
    endloop
  endfacet
  facet normal 0.26609 0 -0.963948
    outer loop
      vertex 23.6614 -35.6 12.3966
      vertex 23.6614 -36.6 12.3966
      vertex 23.5462 -36.6 12.3648
    endloop
  endfacet
  facet normal 0.287036 0 -0.95792
    outer loop
      vertex 23.7742 -35.6 12.4304
      vertex 23.6614 -36.6 12.3966
      vertex 23.6614 -35.6 12.3966
    endloop
  endfacet
  facet normal 0.287036 0 -0.95792
    outer loop
      vertex 23.7742 -35.6 12.4304
      vertex 23.7742 -36.6 12.4304
      vertex 23.6614 -36.6 12.3966
    endloop
  endfacet
  facet normal 0.308989 0 -0.951066
    outer loop
      vertex 23.8847 -35.6 12.4663
      vertex 23.7742 -36.6 12.4304
      vertex 23.7742 -35.6 12.4304
    endloop
  endfacet
  facet normal 0.308989 0 -0.951066
    outer loop
      vertex 23.8847 -35.6 12.4663
      vertex 23.8847 -36.6 12.4663
      vertex 23.7742 -36.6 12.4304
    endloop
  endfacet
  facet normal 0.33136 0 -0.943504
    outer loop
      vertex 23.9929 -35.6 12.5043
      vertex 23.8847 -36.6 12.4663
      vertex 23.8847 -35.6 12.4663
    endloop
  endfacet
  facet normal 0.33136 0 -0.943504
    outer loop
      vertex 23.9929 -35.6 12.5043
      vertex 23.9929 -36.6 12.5043
      vertex 23.8847 -36.6 12.4663
    endloop
  endfacet
  facet normal 0.353641 0 -0.935381
    outer loop
      vertex 24.0987 -35.6 12.5443
      vertex 23.9929 -36.6 12.5043
      vertex 23.9929 -35.6 12.5043
    endloop
  endfacet
  facet normal 0.353641 0 -0.935381
    outer loop
      vertex 24.0987 -35.6 12.5443
      vertex 24.0987 -36.6 12.5443
      vertex 23.9929 -36.6 12.5043
    endloop
  endfacet
  facet normal 0.376017 0 -0.926613
    outer loop
      vertex 24.2022 -35.6 12.5863
      vertex 24.0987 -36.6 12.5443
      vertex 24.0987 -35.6 12.5443
    endloop
  endfacet
  facet normal 0.376017 0 -0.926613
    outer loop
      vertex 24.2022 -35.6 12.5863
      vertex 24.2022 -36.6 12.5863
      vertex 24.0987 -36.6 12.5443
    endloop
  endfacet
  facet normal 0.400249 0 -0.916407
    outer loop
      vertex 24.3034 -35.6 12.6305
      vertex 24.2022 -36.6 12.5863
      vertex 24.2022 -35.6 12.5863
    endloop
  endfacet
  facet normal 0.400249 0 -0.916407
    outer loop
      vertex 24.3034 -35.6 12.6305
      vertex 24.3034 -36.6 12.6305
      vertex 24.2022 -36.6 12.5863
    endloop
  endfacet
  facet normal 0.420572 0 -0.907259
    outer loop
      vertex 24.4022 -35.6 12.6763
      vertex 24.3034 -36.6 12.6305
      vertex 24.3034 -35.6 12.6305
    endloop
  endfacet
  facet normal 0.420572 0 -0.907259
    outer loop
      vertex 24.4022 -35.6 12.6763
      vertex 24.4022 -36.6 12.6763
      vertex 24.3034 -36.6 12.6305
    endloop
  endfacet
  facet normal 0.437892 0 -0.899027
    outer loop
      vertex 24.4989 -35.6 12.7234
      vertex 24.4022 -36.6 12.6763
      vertex 24.4022 -35.6 12.6763
    endloop
  endfacet
  facet normal 0.437892 0 -0.899027
    outer loop
      vertex 24.4989 -35.6 12.7234
      vertex 24.4989 -36.6 12.7234
      vertex 24.4022 -36.6 12.6763
    endloop
  endfacet
  facet normal 0.456623 0 -0.88966
    outer loop
      vertex 24.5932 -35.6 12.7718
      vertex 24.4989 -36.6 12.7234
      vertex 24.4989 -35.6 12.7234
    endloop
  endfacet
  facet normal 0.456623 0 -0.88966
    outer loop
      vertex 24.5932 -35.6 12.7718
      vertex 24.5932 -36.6 12.7718
      vertex 24.4989 -36.6 12.7234
    endloop
  endfacet
  facet normal 0.475238 0 -0.879858
    outer loop
      vertex 24.6854 -35.6 12.8216
      vertex 24.5932 -36.6 12.7718
      vertex 24.5932 -35.6 12.7718
    endloop
  endfacet
  facet normal 0.475238 0 -0.879858
    outer loop
      vertex 24.6854 -35.6 12.8216
      vertex 24.6854 -36.6 12.8216
      vertex 24.5932 -36.6 12.7718
    endloop
  endfacet
  facet normal 0.494159 0 -0.869372
    outer loop
      vertex 24.7753 -35.6 12.8727
      vertex 24.6854 -36.6 12.8216
      vertex 24.6854 -35.6 12.8216
    endloop
  endfacet
  facet normal 0.494159 0 -0.869372
    outer loop
      vertex 24.7753 -35.6 12.8727
      vertex 24.7753 -36.6 12.8727
      vertex 24.6854 -36.6 12.8216
    endloop
  endfacet
  facet normal 0.512911 0 -0.858442
    outer loop
      vertex 24.863 -35.6 12.9251
      vertex 24.7753 -36.6 12.8727
      vertex 24.7753 -35.6 12.8727
    endloop
  endfacet
  facet normal 0.512911 0 -0.858442
    outer loop
      vertex 24.863 -35.6 12.9251
      vertex 24.863 -36.6 12.9251
      vertex 24.7753 -36.6 12.8727
    endloop
  endfacet
  facet normal 0.533023 0 -0.8461
    outer loop
      vertex 24.9484 -35.6 12.9789
      vertex 24.863 -36.6 12.9251
      vertex 24.863 -35.6 12.9251
    endloop
  endfacet
  facet normal 0.533023 0 -0.8461
    outer loop
      vertex 24.9484 -35.6 12.9789
      vertex 24.9484 -36.6 12.9789
      vertex 24.863 -36.6 12.9251
    endloop
  endfacet
  facet normal 0.552154 0 -0.833742
    outer loop
      vertex 25.0316 -35.6 13.034
      vertex 24.9484 -36.6 12.9789
      vertex 24.9484 -35.6 12.9789
    endloop
  endfacet
  facet normal 0.552154 0 -0.833742
    outer loop
      vertex 25.0316 -35.6 13.034
      vertex 25.0316 -36.6 13.034
      vertex 24.9484 -36.6 12.9789
    endloop
  endfacet
  facet normal 0.571896 0 -0.820326
    outer loop
      vertex 25.1125 -35.6 13.0904
      vertex 25.0316 -36.6 13.034
      vertex 25.0316 -35.6 13.034
    endloop
  endfacet
  facet normal 0.571896 0 -0.820326
    outer loop
      vertex 25.1125 -35.6 13.0904
      vertex 25.1125 -36.6 13.0904
      vertex 25.0316 -36.6 13.034
    endloop
  endfacet
  facet normal 0.591275 0 -0.80647
    outer loop
      vertex 25.1912 -35.6 13.1481
      vertex 25.1125 -36.6 13.0904
      vertex 25.1125 -35.6 13.0904
    endloop
  endfacet
  facet normal 0.591275 0 -0.80647
    outer loop
      vertex 25.1912 -35.6 13.1481
      vertex 25.1912 -36.6 13.1481
      vertex 25.1125 -36.6 13.0904
    endloop
  endfacet
  facet normal 0.611359 0 -0.791353
    outer loop
      vertex 25.2677 -35.6 13.2072
      vertex 25.1912 -36.6 13.1481
      vertex 25.1912 -35.6 13.1481
    endloop
  endfacet
  facet normal 0.611359 0 -0.791353
    outer loop
      vertex 25.2677 -35.6 13.2072
      vertex 25.2677 -36.6 13.2072
      vertex 25.1912 -36.6 13.1481
    endloop
  endfacet
  facet normal 0.631301 0 -0.775538
    outer loop
      vertex 25.3419 -35.6 13.2676
      vertex 25.2677 -36.6 13.2072
      vertex 25.2677 -35.6 13.2072
    endloop
  endfacet
  facet normal 0.631301 0 -0.775538
    outer loop
      vertex 25.3419 -35.6 13.2676
      vertex 25.3419 -36.6 13.2676
      vertex 25.2677 -36.6 13.2072
    endloop
  endfacet
  facet normal 0.650705 0 -0.759331
    outer loop
      vertex 25.4139 -35.6 13.3293
      vertex 25.3419 -36.6 13.2676
      vertex 25.3419 -35.6 13.2676
    endloop
  endfacet
  facet normal 0.650705 0 -0.759331
    outer loop
      vertex 25.4139 -35.6 13.3293
      vertex 25.4139 -36.6 13.3293
      vertex 25.3419 -36.6 13.2676
    endloop
  endfacet
  facet normal 0.670551 0 -0.741863
    outer loop
      vertex 25.4836 -35.6 13.3923
      vertex 25.4139 -36.6 13.3293
      vertex 25.4139 -35.6 13.3293
    endloop
  endfacet
  facet normal 0.670551 0 -0.741863
    outer loop
      vertex 25.4836 -35.6 13.3923
      vertex 25.4836 -36.6 13.3923
      vertex 25.4139 -36.6 13.3293
    endloop
  endfacet
  facet normal 0.690297 0 -0.723526
    outer loop
      vertex 25.5511 -35.6 13.4567
      vertex 25.4836 -36.6 13.3923
      vertex 25.4836 -35.6 13.3923
    endloop
  endfacet
  facet normal 0.690297 0 -0.723526
    outer loop
      vertex 25.5511 -35.6 13.4567
      vertex 25.5511 -36.6 13.4567
      vertex 25.4836 -36.6 13.3923
    endloop
  endfacet
  facet normal 0.708725 0 -0.705484
    outer loop
      vertex 25.6164 -35.6 13.5223
      vertex 25.5511 -36.6 13.4567
      vertex 25.5511 -35.6 13.4567
    endloop
  endfacet
  facet normal 0.708725 0 -0.705484
    outer loop
      vertex 25.6164 -35.6 13.5223
      vertex 25.6164 -36.6 13.5223
      vertex 25.5511 -36.6 13.4567
    endloop
  endfacet
  facet normal 0.729029 0 -0.684483
    outer loop
      vertex 25.6794 -35.6 13.5894
      vertex 25.6164 -36.6 13.5223
      vertex 25.6164 -35.6 13.5223
    endloop
  endfacet
  facet normal 0.729029 0 -0.684483
    outer loop
      vertex 25.6794 -35.6 13.5894
      vertex 25.6794 -36.6 13.5894
      vertex 25.6164 -36.6 13.5223
    endloop
  endfacet
  facet normal 0.74747 0 -0.664296
    outer loop
      vertex 25.7401 -35.6 13.6577
      vertex 25.6794 -36.6 13.5894
      vertex 25.6794 -35.6 13.5894
    endloop
  endfacet
  facet normal 0.74747 0 -0.664296
    outer loop
      vertex 25.7401 -35.6 13.6577
      vertex 25.7401 -36.6 13.6577
      vertex 25.6794 -36.6 13.5894
    endloop
  endfacet
  facet normal 0.765424 0 -0.643527
    outer loop
      vertex 25.7987 -35.6 13.7274
      vertex 25.7401 -36.6 13.6577
      vertex 25.7401 -35.6 13.6577
    endloop
  endfacet
  facet normal 0.765424 0 -0.643527
    outer loop
      vertex 25.7987 -35.6 13.7274
      vertex 25.7987 -36.6 13.7274
      vertex 25.7401 -36.6 13.6577
    endloop
  endfacet
  facet normal 0.783127 0 -0.621862
    outer loop
      vertex 25.855 -35.6 13.7983
      vertex 25.7987 -36.6 13.7274
      vertex 25.7987 -35.6 13.7274
    endloop
  endfacet
  facet normal 0.783127 0 -0.621862
    outer loop
      vertex 25.855 -35.6 13.7983
      vertex 25.855 -36.6 13.7983
      vertex 25.7987 -36.6 13.7274
    endloop
  endfacet
  facet normal 0.801592 0 -0.597872
    outer loop
      vertex 25.909 -35.6 13.8707
      vertex 25.855 -36.6 13.7983
      vertex 25.855 -35.6 13.7983
    endloop
  endfacet
  facet normal 0.801592 0 -0.597872
    outer loop
      vertex 25.909 -35.6 13.8707
      vertex 25.909 -36.6 13.8707
      vertex 25.855 -36.6 13.7983
    endloop
  endfacet
  facet normal 0.817768 0 -0.575548
    outer loop
      vertex 25.9608 -35.6 13.9443
      vertex 25.909 -36.6 13.8707
      vertex 25.909 -35.6 13.8707
    endloop
  endfacet
  facet normal 0.817768 0 -0.575548
    outer loop
      vertex 25.9608 -35.6 13.9443
      vertex 25.9608 -36.6 13.9443
      vertex 25.909 -36.6 13.8707
    endloop
  endfacet
  facet normal 0.832737 0 -0.553669
    outer loop
      vertex 26.0104 -35.6 14.0189
      vertex 25.9608 -36.6 13.9443
      vertex 25.9608 -35.6 13.9443
    endloop
  endfacet
  facet normal 0.832737 0 -0.553669
    outer loop
      vertex 26.0104 -35.6 14.0189
      vertex 26.0104 -36.6 14.0189
      vertex 25.9608 -36.6 13.9443
    endloop
  endfacet
  facet normal 0.847302 0 -0.531111
    outer loop
      vertex 26.0576 -35.6 14.0942
      vertex 26.0104 -36.6 14.0189
      vertex 26.0104 -35.6 14.0189
    endloop
  endfacet
  facet normal 0.847302 0 -0.531111
    outer loop
      vertex 26.0576 -35.6 14.0942
      vertex 26.0576 -36.6 14.0942
      vertex 26.0104 -36.6 14.0189
    endloop
  endfacet
  facet normal 0.860475 0 -0.509492
    outer loop
      vertex 26.1026 -35.6 14.1702
      vertex 26.0576 -36.6 14.0942
      vertex 26.0576 -35.6 14.0942
    endloop
  endfacet
  facet normal 0.860475 0 -0.509492
    outer loop
      vertex 26.1026 -35.6 14.1702
      vertex 26.1026 -36.6 14.1702
      vertex 26.0576 -36.6 14.0942
    endloop
  endfacet
  facet normal 0.873942 0 -0.48603
    outer loop
      vertex 26.1452 -35.6 14.2468
      vertex 26.1026 -36.6 14.1702
      vertex 26.1026 -35.6 14.1702
    endloop
  endfacet
  facet normal 0.873942 0 -0.48603
    outer loop
      vertex 26.1452 -35.6 14.2468
      vertex 26.1452 -36.6 14.2468
      vertex 26.1026 -36.6 14.1702
    endloop
  endfacet
  facet normal 0.886728 0 -0.462292
    outer loop
      vertex 26.1855 -35.6 14.3241
      vertex 26.1452 -36.6 14.2468
      vertex 26.1452 -35.6 14.2468
    endloop
  endfacet
  facet normal 0.886728 0 -0.462292
    outer loop
      vertex 26.1855 -35.6 14.3241
      vertex 26.1855 -36.6 14.3241
      vertex 26.1452 -36.6 14.2468
    endloop
  endfacet
  facet normal 0.898314 0 -0.439355
    outer loop
      vertex 26.2236 -35.6 14.402
      vertex 26.1855 -36.6 14.3241
      vertex 26.1855 -35.6 14.3241
    endloop
  endfacet
  facet normal 0.898314 0 -0.439355
    outer loop
      vertex 26.2236 -35.6 14.402
      vertex 26.2236 -36.6 14.402
      vertex 26.1855 -36.6 14.3241
    endloop
  endfacet
  facet normal 0.910485 0 -0.413541
    outer loop
      vertex 26.2593 -35.6 14.4806
      vertex 26.2236 -36.6 14.402
      vertex 26.2236 -35.6 14.402
    endloop
  endfacet
  facet normal 0.910485 0 -0.413541
    outer loop
      vertex 26.2593 -35.6 14.4806
      vertex 26.2593 -36.6 14.4806
      vertex 26.2236 -36.6 14.402
    endloop
  endfacet
  facet normal 0.921592 0 -0.388161
    outer loop
      vertex 26.2927 -35.6 14.5599
      vertex 26.2593 -36.6 14.4806
      vertex 26.2593 -35.6 14.4806
    endloop
  endfacet
  facet normal 0.921592 0 -0.388161
    outer loop
      vertex 26.2927 -35.6 14.5599
      vertex 26.2927 -36.6 14.5599
      vertex 26.2593 -36.6 14.4806
    endloop
  endfacet
  facet normal 0.932048 0 -0.362334
    outer loop
      vertex 26.3238 -35.6 14.6399
      vertex 26.2927 -36.6 14.5599
      vertex 26.2927 -35.6 14.5599
    endloop
  endfacet
  facet normal 0.932048 0 -0.362334
    outer loop
      vertex 26.3238 -35.6 14.6399
      vertex 26.3238 -36.6 14.6399
      vertex 26.2927 -36.6 14.5599
    endloop
  endfacet
  facet normal 0.941689 0 -0.336484
    outer loop
      vertex 26.3526 -35.6 14.7205
      vertex 26.3238 -36.6 14.6399
      vertex 26.3238 -35.6 14.6399
    endloop
  endfacet
  facet normal 0.941689 0 -0.336484
    outer loop
      vertex 26.3526 -35.6 14.7205
      vertex 26.3526 -36.6 14.7205
      vertex 26.3238 -36.6 14.6399
    endloop
  endfacet
  facet normal 0.950655 0 -0.310251
    outer loop
      vertex 26.3791 -35.6 14.8017
      vertex 26.3526 -36.6 14.7205
      vertex 26.3526 -35.6 14.7205
    endloop
  endfacet
  facet normal 0.950655 0 -0.310251
    outer loop
      vertex 26.3791 -35.6 14.8017
      vertex 26.3791 -36.6 14.8017
      vertex 26.3526 -36.6 14.7205
    endloop
  endfacet
  facet normal 0.95901 0 -0.283371
    outer loop
      vertex 26.4033 -35.6 14.8836
      vertex 26.3791 -36.6 14.8017
      vertex 26.3791 -35.6 14.8017
    endloop
  endfacet
  facet normal 0.95901 0 -0.283371
    outer loop
      vertex 26.4033 -35.6 14.8836
      vertex 26.4033 -36.6 14.8836
      vertex 26.3791 -36.6 14.8017
    endloop
  endfacet
  facet normal 0.966603 0 -0.256279
    outer loop
      vertex 26.4252 -35.6 14.9662
      vertex 26.4033 -36.6 14.8836
      vertex 26.4033 -35.6 14.8836
    endloop
  endfacet
  facet normal 0.966603 0 -0.256279
    outer loop
      vertex 26.4252 -35.6 14.9662
      vertex 26.4252 -36.6 14.9662
      vertex 26.4033 -36.6 14.8836
    endloop
  endfacet
  facet normal 0.973417 0 -0.229039
    outer loop
      vertex 26.4448 -35.6 15.0495
      vertex 26.4252 -36.6 14.9662
      vertex 26.4252 -35.6 14.9662
    endloop
  endfacet
  facet normal 0.973417 0 -0.229039
    outer loop
      vertex 26.4448 -35.6 15.0495
      vertex 26.4448 -36.6 15.0495
      vertex 26.4252 -36.6 14.9662
    endloop
  endfacet
  facet normal 0.979396 0 -0.201949
    outer loop
      vertex 26.4621 -35.6 15.1334
      vertex 26.4448 -36.6 15.0495
      vertex 26.4448 -35.6 15.0495
    endloop
  endfacet
  facet normal 0.979396 0 -0.201949
    outer loop
      vertex 26.4621 -35.6 15.1334
      vertex 26.4621 -36.6 15.1334
      vertex 26.4448 -36.6 15.0495
    endloop
  endfacet
  facet normal 0.984643 0 -0.174582
    outer loop
      vertex 26.4771 -35.6 15.218
      vertex 26.4621 -36.6 15.1334
      vertex 26.4621 -35.6 15.1334
    endloop
  endfacet
  facet normal 0.984643 0 -0.174582
    outer loop
      vertex 26.4771 -35.6 15.218
      vertex 26.4771 -36.6 15.218
      vertex 26.4621 -36.6 15.1334
    endloop
  endfacet
  facet normal 0.989241 0 -0.146296
    outer loop
      vertex 26.4897 -35.6 15.3032
      vertex 26.4771 -36.6 15.218
      vertex 26.4771 -35.6 15.218
    endloop
  endfacet
  facet normal 0.989241 0 -0.146296
    outer loop
      vertex 26.4897 -35.6 15.3032
      vertex 26.4897 -36.6 15.3032
      vertex 26.4771 -36.6 15.218
    endloop
  endfacet
  facet normal 0.992751 0 -0.120193
    outer loop
      vertex 26.5001 -35.6 15.3891
      vertex 26.4897 -36.6 15.3032
      vertex 26.4897 -35.6 15.3032
    endloop
  endfacet
  facet normal 0.992751 0 -0.120193
    outer loop
      vertex 26.5001 -35.6 15.3891
      vertex 26.5001 -36.6 15.3891
      vertex 26.4897 -36.6 15.3032
    endloop
  endfacet
  facet normal 0.995654 0 -0.093127
    outer loop
      vertex 26.5082 -35.6 15.4757
      vertex 26.5001 -36.6 15.3891
      vertex 26.5001 -35.6 15.3891
    endloop
  endfacet
  facet normal 0.995654 0 -0.093127
    outer loop
      vertex 26.5082 -35.6 15.4757
      vertex 26.5082 -36.6 15.4757
      vertex 26.5001 -36.6 15.3891
    endloop
  endfacet
  facet normal 0.99787 0 -0.0652278
    outer loop
      vertex 26.5139 -35.6 15.5629
      vertex 26.5082 -36.6 15.4757
      vertex 26.5082 -35.6 15.4757
    endloop
  endfacet
  facet normal 0.99787 0 -0.0652278
    outer loop
      vertex 26.5139 -35.6 15.5629
      vertex 26.5139 -36.6 15.5629
      vertex 26.5082 -36.6 15.4757
    endloop
  endfacet
  facet normal 0.999208 0 -0.0397864
    outer loop
      vertex 26.5174 -35.6 15.6508
      vertex 26.5139 -36.6 15.5629
      vertex 26.5139 -35.6 15.5629
    endloop
  endfacet
  facet normal 0.999208 0 -0.0397864
    outer loop
      vertex 26.5174 -35.6 15.6508
      vertex 26.5174 -36.6 15.6508
      vertex 26.5139 -36.6 15.5629
    endloop
  endfacet
  facet normal 0.999923 0 -0.0124144
    outer loop
      vertex 26.5185 -35.6 15.7394
      vertex 26.5174 -36.6 15.6508
      vertex 26.5174 -35.6 15.6508
    endloop
  endfacet
  facet normal 0.999923 0 -0.0124144
    outer loop
      vertex 26.5185 -35.6 15.7394
      vertex 26.5185 -36.6 15.7394
      vertex 26.5174 -36.6 15.6508
    endloop
  endfacet
  facet normal 0.999969 0 0.00791532
    outer loop
      vertex 26.5179 -35.6 15.8152
      vertex 26.5185 -36.6 15.7394
      vertex 26.5185 -35.6 15.7394
    endloop
  endfacet
  facet normal 0.999969 0 0.00791532
    outer loop
      vertex 26.5179 -35.6 15.8152
      vertex 26.5179 -36.6 15.8152
      vertex 26.5185 -36.6 15.7394
    endloop
  endfacet
  facet normal 0.999642 0 0.0267642
    outer loop
      vertex 26.5159 -35.6 15.8899
      vertex 26.5179 -36.6 15.8152
      vertex 26.5179 -35.6 15.8152
    endloop
  endfacet
  facet normal 0.999642 0 0.0267642
    outer loop
      vertex 26.5159 -35.6 15.8899
      vertex 26.5159 -36.6 15.8899
      vertex 26.5179 -36.6 15.8152
    endloop
  endfacet
  facet normal 0.998994 0 0.0448528
    outer loop
      vertex 26.5126 -35.6 15.9634
      vertex 26.5159 -36.6 15.8899
      vertex 26.5159 -35.6 15.8899
    endloop
  endfacet
  facet normal 0.998994 0 0.0448528
    outer loop
      vertex 26.5126 -35.6 15.9634
      vertex 26.5126 -36.6 15.9634
      vertex 26.5159 -36.6 15.8899
    endloop
  endfacet
  facet normal 0.9979 0 0.0647808
    outer loop
      vertex 26.5079 -35.6 16.0358
      vertex 26.5126 -36.6 15.9634
      vertex 26.5126 -35.6 15.9634
    endloop
  endfacet
  facet normal 0.9979 0 0.0647808
    outer loop
      vertex 26.5079 -35.6 16.0358
      vertex 26.5079 -36.6 16.0358
      vertex 26.5126 -36.6 15.9634
    endloop
  endfacet
  facet normal 0.996594 0 0.0824671
    outer loop
      vertex 26.502 -35.6 16.1071
      vertex 26.5079 -36.6 16.0358
      vertex 26.5079 -35.6 16.0358
    endloop
  endfacet
  facet normal 0.996594 0 0.0824671
    outer loop
      vertex 26.502 -35.6 16.1071
      vertex 26.502 -36.6 16.1071
      vertex 26.5079 -36.6 16.0358
    endloop
  endfacet
  facet normal 0.994621 0 0.103577
    outer loop
      vertex 26.4947 -35.6 16.1772
      vertex 26.502 -36.6 16.1071
      vertex 26.502 -35.6 16.1071
    endloop
  endfacet
  facet normal 0.994621 0 0.103577
    outer loop
      vertex 26.4947 -35.6 16.1772
      vertex 26.4947 -36.6 16.1772
      vertex 26.502 -36.6 16.1071
    endloop
  endfacet
  facet normal 0.992322 0 0.123681
    outer loop
      vertex 26.4861 -35.6 16.2462
      vertex 26.4947 -36.6 16.1772
      vertex 26.4947 -35.6 16.1772
    endloop
  endfacet
  facet normal 0.992322 0 0.123681
    outer loop
      vertex 26.4861 -35.6 16.2462
      vertex 26.4861 -36.6 16.2462
      vertex 26.4947 -36.6 16.1772
    endloop
  endfacet
  facet normal 0.989328 0 0.145704
    outer loop
      vertex 26.4761 -35.6 16.3141
      vertex 26.4861 -36.6 16.2462
      vertex 26.4861 -35.6 16.2462
    endloop
  endfacet
  facet normal 0.989328 0 0.145704
    outer loop
      vertex 26.4761 -35.6 16.3141
      vertex 26.4761 -36.6 16.3141
      vertex 26.4861 -36.6 16.2462
    endloop
  endfacet
  facet normal 0.985951 0 0.167035
    outer loop
      vertex 26.4648 -35.6 16.3808
      vertex 26.4761 -36.6 16.3141
      vertex 26.4761 -35.6 16.3141
    endloop
  endfacet
  facet normal 0.985951 0 0.167035
    outer loop
      vertex 26.4648 -35.6 16.3808
      vertex 26.4648 -36.6 16.3808
      vertex 26.4761 -36.6 16.3141
    endloop
  endfacet
  facet normal 0.982049 0 0.188625
    outer loop
      vertex 26.4522 -35.6 16.4464
      vertex 26.4648 -36.6 16.3808
      vertex 26.4648 -35.6 16.3808
    endloop
  endfacet
  facet normal 0.982049 0 0.188625
    outer loop
      vertex 26.4522 -35.6 16.4464
      vertex 26.4522 -36.6 16.4464
      vertex 26.4648 -36.6 16.3808
    endloop
  endfacet
  facet normal 0.97749 0 0.21098
    outer loop
      vertex 26.4383 -35.6 16.5108
      vertex 26.4522 -36.6 16.4464
      vertex 26.4522 -35.6 16.4464
    endloop
  endfacet
  facet normal 0.97749 0 0.21098
    outer loop
      vertex 26.4383 -35.6 16.5108
      vertex 26.4383 -36.6 16.5108
      vertex 26.4522 -36.6 16.4464
    endloop
  endfacet
  facet normal 0.972359 0 0.233489
    outer loop
      vertex 26.4231 -35.6 16.5741
      vertex 26.4383 -36.6 16.5108
      vertex 26.4383 -35.6 16.5108
    endloop
  endfacet
  facet normal 0.972359 0 0.233489
    outer loop
      vertex 26.4231 -35.6 16.5741
      vertex 26.4231 -36.6 16.5741
      vertex 26.4383 -36.6 16.5108
    endloop
  endfacet
  facet normal 0.966183 0 0.257856
    outer loop
      vertex 26.4065 -35.6 16.6363
      vertex 26.4231 -36.6 16.5741
      vertex 26.4231 -35.6 16.5741
    endloop
  endfacet
  facet normal 0.966183 0 0.257856
    outer loop
      vertex 26.4065 -35.6 16.6363
      vertex 26.4065 -36.6 16.6363
      vertex 26.4231 -36.6 16.5741
    endloop
  endfacet
  facet normal 0.959541 0 0.28157
    outer loop
      vertex 26.3886 -35.6 16.6973
      vertex 26.4065 -36.6 16.6363
      vertex 26.4065 -35.6 16.6363
    endloop
  endfacet
  facet normal 0.959541 0 0.28157
    outer loop
      vertex 26.3886 -35.6 16.6973
      vertex 26.3886 -36.6 16.6973
      vertex 26.4065 -36.6 16.6363
    endloop
  endfacet
  facet normal 0.952276 0 0.305237
    outer loop
      vertex 26.3694 -35.6 16.7572
      vertex 26.3886 -36.6 16.6973
      vertex 26.3886 -35.6 16.6973
    endloop
  endfacet
  facet normal 0.952276 0 0.305237
    outer loop
      vertex 26.3694 -35.6 16.7572
      vertex 26.3694 -36.6 16.7572
      vertex 26.3886 -36.6 16.6973
    endloop
  endfacet
  facet normal 0.943758 0 0.330636
    outer loop
      vertex 26.3488 -35.6 16.816
      vertex 26.3694 -36.6 16.7572
      vertex 26.3694 -35.6 16.7572
    endloop
  endfacet
  facet normal 0.943758 0 0.330636
    outer loop
      vertex 26.3488 -35.6 16.816
      vertex 26.3488 -36.6 16.816
      vertex 26.3694 -36.6 16.7572
    endloop
  endfacet
  facet normal 0.934719 0 0.355388
    outer loop
      vertex 26.3269 -35.6 16.8736
      vertex 26.3488 -36.6 16.816
      vertex 26.3488 -35.6 16.816
    endloop
  endfacet
  facet normal 0.934719 0 0.355388
    outer loop
      vertex 26.3269 -35.6 16.8736
      vertex 26.3269 -36.6 16.8736
      vertex 26.3488 -36.6 16.816
    endloop
  endfacet
  facet normal 0.925051 0 0.379844
    outer loop
      vertex 26.3037 -35.6 16.9301
      vertex 26.3269 -36.6 16.8736
      vertex 26.3269 -35.6 16.8736
    endloop
  endfacet
  facet normal 0.925051 0 0.379844
    outer loop
      vertex 26.3037 -35.6 16.9301
      vertex 26.3037 -36.6 16.9301
      vertex 26.3269 -36.6 16.8736
    endloop
  endfacet
  facet normal 0.914559 0 0.404453
    outer loop
      vertex 26.2792 -35.6 16.9855
      vertex 26.3037 -36.6 16.9301
      vertex 26.3037 -35.6 16.9301
    endloop
  endfacet
  facet normal 0.914559 0 0.404453
    outer loop
      vertex 26.2792 -35.6 16.9855
      vertex 26.2792 -36.6 16.9855
      vertex 26.3037 -36.6 16.9301
    endloop
  endfacet
  facet normal 0.902922 0 0.429804
    outer loop
      vertex 26.2534 -35.6 17.0397
      vertex 26.2792 -36.6 16.9855
      vertex 26.2792 -35.6 16.9855
    endloop
  endfacet
  facet normal 0.902922 0 0.429804
    outer loop
      vertex 26.2534 -35.6 17.0397
      vertex 26.2534 -36.6 17.0397
      vertex 26.2792 -36.6 16.9855
    endloop
  endfacet
  facet normal 0.890027 0 0.455908
    outer loop
      vertex 26.2262 -35.6 17.0928
      vertex 26.2534 -36.6 17.0397
      vertex 26.2534 -35.6 17.0397
    endloop
  endfacet
  facet normal 0.890027 0 0.455908
    outer loop
      vertex 26.2262 -35.6 17.0928
      vertex 26.2262 -36.6 17.0928
      vertex 26.2534 -36.6 17.0397
    endloop
  endfacet
  facet normal 0.876537 0 0.481335
    outer loop
      vertex 26.1977 -35.6 17.1447
      vertex 26.2262 -36.6 17.0928
      vertex 26.2262 -35.6 17.0928
    endloop
  endfacet
  facet normal 0.876537 0 0.481335
    outer loop
      vertex 26.1977 -35.6 17.1447
      vertex 26.1977 -36.6 17.1447
      vertex 26.2262 -36.6 17.0928
    endloop
  endfacet
  facet normal 0.864884 0 0.501972
    outer loop
      vertex 26.1681 -35.6 17.1957
      vertex 26.1977 -36.6 17.1447
      vertex 26.1977 -35.6 17.1447
    endloop
  endfacet
  facet normal 0.864884 0 0.501972
    outer loop
      vertex 26.1681 -35.6 17.1957
      vertex 26.1681 -36.6 17.1957
      vertex 26.1977 -36.6 17.1447
    endloop
  endfacet
  facet normal 0.854166 0 0.520001
    outer loop
      vertex 26.1376 -35.6 17.2458
      vertex 26.1681 -36.6 17.1957
      vertex 26.1681 -35.6 17.1957
    endloop
  endfacet
  facet normal 0.854166 0 0.520001
    outer loop
      vertex 26.1376 -35.6 17.2458
      vertex 26.1376 -36.6 17.2458
      vertex 26.1681 -36.6 17.1957
    endloop
  endfacet
  facet normal 0.844015 0 0.536319
    outer loop
      vertex 26.1064 -35.6 17.2949
      vertex 26.1376 -36.6 17.2458
      vertex 26.1376 -35.6 17.2458
    endloop
  endfacet
  facet normal 0.844015 0 0.536319
    outer loop
      vertex 26.1064 -35.6 17.2949
      vertex 26.1064 -36.6 17.2949
      vertex 26.1376 -36.6 17.2458
    endloop
  endfacet
  facet normal 0.83205 0 0.5547
    outer loop
      vertex 26.0742 -35.6 17.3432
      vertex 26.1064 -36.6 17.2949
      vertex 26.1064 -35.6 17.2949
    endloop
  endfacet
  facet normal 0.83205 0 0.5547
    outer loop
      vertex 26.0742 -35.6 17.3432
      vertex 26.0742 -36.6 17.3432
      vertex 26.1064 -36.6 17.2949
    endloop
  endfacet
  facet normal 0.820693 0 0.571369
    outer loop
      vertex 26.0412 -35.6 17.3906
      vertex 26.0742 -36.6 17.3432
      vertex 26.0742 -35.6 17.3432
    endloop
  endfacet
  facet normal 0.820693 0 0.571369
    outer loop
      vertex 26.0412 -35.6 17.3906
      vertex 26.0412 -36.6 17.3906
      vertex 26.0742 -36.6 17.3432
    endloop
  endfacet
  facet normal 0.809487 0 0.587138
    outer loop
      vertex 26.0074 -35.6 17.4372
      vertex 26.0412 -36.6 17.3906
      vertex 26.0412 -35.6 17.3906
    endloop
  endfacet
  facet normal 0.809487 0 0.587138
    outer loop
      vertex 26.0074 -35.6 17.4372
      vertex 26.0074 -36.6 17.4372
      vertex 26.0412 -36.6 17.3906
    endloop
  endfacet
  facet normal 0.795792 0 0.60557
    outer loop
      vertex 25.9727 -35.6 17.4828
      vertex 26.0074 -36.6 17.4372
      vertex 26.0074 -35.6 17.4372
    endloop
  endfacet
  facet normal 0.795792 0 0.60557
    outer loop
      vertex 25.9727 -35.6 17.4828
      vertex 25.9727 -36.6 17.4828
      vertex 26.0074 -36.6 17.4372
    endloop
  endfacet
  facet normal 0.782911 0 0.622134
    outer loop
      vertex 25.9371 -35.6 17.5276
      vertex 25.9727 -36.6 17.4828
      vertex 25.9727 -35.6 17.4828
    endloop
  endfacet
  facet normal 0.782911 0 0.622134
    outer loop
      vertex 25.9371 -35.6 17.5276
      vertex 25.9371 -36.6 17.5276
      vertex 25.9727 -36.6 17.4828
    endloop
  endfacet
  facet normal 0.7698 0 0.638285
    outer loop
      vertex 25.9007 -35.6 17.5715
      vertex 25.9371 -36.6 17.5276
      vertex 25.9371 -35.6 17.5276
    endloop
  endfacet
  facet normal 0.7698 0 0.638285
    outer loop
      vertex 25.9007 -35.6 17.5715
      vertex 25.9007 -36.6 17.5715
      vertex 25.9371 -36.6 17.5276
    endloop
  endfacet
  facet normal 0.754643 0 0.656135
    outer loop
      vertex 25.8634 -35.6 17.6144
      vertex 25.9007 -36.6 17.5715
      vertex 25.9007 -35.6 17.5715
    endloop
  endfacet
  facet normal 0.754643 0 0.656135
    outer loop
      vertex 25.8634 -35.6 17.6144
      vertex 25.8634 -36.6 17.6144
      vertex 25.9007 -36.6 17.5715
    endloop
  endfacet
  facet normal 0.741452 0 0.671006
    outer loop
      vertex 25.8253 -35.6 17.6565
      vertex 25.8634 -36.6 17.6144
      vertex 25.8634 -35.6 17.6144
    endloop
  endfacet
  facet normal 0.741452 0 0.671006
    outer loop
      vertex 25.8253 -35.6 17.6565
      vertex 25.8253 -36.6 17.6565
      vertex 25.8634 -36.6 17.6144
    endloop
  endfacet
  facet normal 0.726231 0 0.687451
    outer loop
      vertex 25.7863 -35.6 17.6977
      vertex 25.8253 -36.6 17.6565
      vertex 25.8253 -35.6 17.6565
    endloop
  endfacet
  facet normal 0.726231 0 0.687451
    outer loop
      vertex 25.7863 -35.6 17.6977
      vertex 25.7863 -36.6 17.6977
      vertex 25.8253 -36.6 17.6565
    endloop
  endfacet
  facet normal 0.712377 0 0.701797
    outer loop
      vertex 25.7465 -35.6 17.7381
      vertex 25.7863 -36.6 17.6977
      vertex 25.7863 -35.6 17.6977
    endloop
  endfacet
  facet normal 0.712377 0 0.701797
    outer loop
      vertex 25.7465 -35.6 17.7381
      vertex 25.7465 -36.6 17.7381
      vertex 25.7863 -36.6 17.6977
    endloop
  endfacet
  facet normal 0.69733 0 0.71675
    outer loop
      vertex 25.7059 -35.6 17.7776
      vertex 25.7465 -36.6 17.7381
      vertex 25.7465 -35.6 17.7381
    endloop
  endfacet
  facet normal 0.69733 0 0.71675
    outer loop
      vertex 25.7059 -35.6 17.7776
      vertex 25.7059 -36.6 17.7776
      vertex 25.7465 -36.6 17.7381
    endloop
  endfacet
  facet normal 0.679232 0 0.733924
    outer loop
      vertex 25.6643 -35.6 17.8161
      vertex 25.7059 -36.6 17.7776
      vertex 25.7059 -35.6 17.7776
    endloop
  endfacet
  facet normal 0.679232 0 0.733924
    outer loop
      vertex 25.6643 -35.6 17.8161
      vertex 25.6643 -36.6 17.8161
      vertex 25.7059 -36.6 17.7776
    endloop
  endfacet
  facet normal 0.665349 0 0.746532
    outer loop
      vertex 25.622 -35.6 17.8538
      vertex 25.6643 -36.6 17.8161
      vertex 25.6643 -35.6 17.8161
    endloop
  endfacet
  facet normal 0.665349 0 0.746532
    outer loop
      vertex 25.622 -35.6 17.8538
      vertex 25.622 -36.6 17.8538
      vertex 25.6643 -36.6 17.8161
    endloop
  endfacet
  facet normal 0.647597 0 0.761983
    outer loop
      vertex 25.5787 -35.6 17.8906
      vertex 25.622 -36.6 17.8538
      vertex 25.622 -35.6 17.8538
    endloop
  endfacet
  facet normal 0.647597 0 0.761983
    outer loop
      vertex 25.5787 -35.6 17.8906
      vertex 25.5787 -36.6 17.8906
      vertex 25.622 -36.6 17.8538
    endloop
  endfacet
  facet normal 0.631321 0 0.775522
    outer loop
      vertex 25.5346 -35.6 17.9265
      vertex 25.5787 -36.6 17.8906
      vertex 25.5787 -35.6 17.8906
    endloop
  endfacet
  facet normal 0.631321 0 0.775522
    outer loop
      vertex 25.5346 -35.6 17.9265
      vertex 25.5346 -36.6 17.9265
      vertex 25.5787 -36.6 17.8906
    endloop
  endfacet
  facet normal 0.615882 0 0.787838
    outer loop
      vertex 25.4897 -35.6 17.9616
      vertex 25.5346 -36.6 17.9265
      vertex 25.5346 -35.6 17.9265
    endloop
  endfacet
  facet normal 0.615882 0 0.787838
    outer loop
      vertex 25.4897 -35.6 17.9616
      vertex 25.4897 -36.6 17.9616
      vertex 25.5346 -36.6 17.9265
    endloop
  endfacet
  facet normal 0.597194 0 0.802097
    outer loop
      vertex 25.4439 -35.6 17.9957
      vertex 25.4897 -36.6 17.9616
      vertex 25.4897 -35.6 17.9616
    endloop
  endfacet
  facet normal 0.597194 0 0.802097
    outer loop
      vertex 25.4439 -35.6 17.9957
      vertex 25.4439 -36.6 17.9957
      vertex 25.4897 -36.6 17.9616
    endloop
  endfacet
  facet normal 0.581403 0 0.813615
    outer loop
      vertex 25.3973 -35.6 18.029
      vertex 25.4439 -36.6 17.9957
      vertex 25.4439 -35.6 17.9957
    endloop
  endfacet
  facet normal 0.581403 0 0.813615
    outer loop
      vertex 25.3973 -35.6 18.029
      vertex 25.3973 -36.6 18.029
      vertex 25.4439 -36.6 17.9957
    endloop
  endfacet
  facet normal 0.563499 0 0.826117
    outer loop
      vertex 25.3498 -35.6 18.0614
      vertex 25.3973 -36.6 18.029
      vertex 25.3973 -35.6 18.029
    endloop
  endfacet
  facet normal 0.563499 0 0.826117
    outer loop
      vertex 25.3498 -35.6 18.0614
      vertex 25.3498 -36.6 18.0614
      vertex 25.3973 -36.6 18.029
    endloop
  endfacet
  facet normal 0.549074 0 0.835774
    outer loop
      vertex 25.3017 -35.6 18.093
      vertex 25.3498 -36.6 18.0614
      vertex 25.3498 -35.6 18.0614
    endloop
  endfacet
  facet normal 0.549074 0 0.835774
    outer loop
      vertex 25.3017 -35.6 18.093
      vertex 25.3017 -36.6 18.093
      vertex 25.3498 -36.6 18.0614
    endloop
  endfacet
  facet normal 0.539005 0 0.842303
    outer loop
      vertex 25.2531 -35.6 18.1241
      vertex 25.3017 -36.6 18.093
      vertex 25.3017 -35.6 18.093
    endloop
  endfacet
  facet normal 0.539005 0 0.842303
    outer loop
      vertex 25.2531 -35.6 18.1241
      vertex 25.2531 -36.6 18.1241
      vertex 25.3017 -36.6 18.093
    endloop
  endfacet
  facet normal 0.530466 0 0.847706
    outer loop
      vertex 25.2042 -35.6 18.1547
      vertex 25.2531 -36.6 18.1241
      vertex 25.2531 -35.6 18.1241
    endloop
  endfacet
  facet normal 0.530466 0 0.847706
    outer loop
      vertex 25.2042 -35.6 18.1547
      vertex 25.2042 -36.6 18.1547
      vertex 25.2531 -36.6 18.1241
    endloop
  endfacet
  facet normal 0.518571 0 0.855035
    outer loop
      vertex 25.1549 -35.6 18.1846
      vertex 25.2042 -36.6 18.1547
      vertex 25.2042 -35.6 18.1547
    endloop
  endfacet
  facet normal 0.518571 0 0.855035
    outer loop
      vertex 25.1549 -35.6 18.1846
      vertex 25.1549 -36.6 18.1846
      vertex 25.2042 -36.6 18.1547
    endloop
  endfacet
  facet normal 0.50838 0 0.861133
    outer loop
      vertex 25.1051 -35.6 18.214
      vertex 25.1549 -36.6 18.1846
      vertex 25.1549 -35.6 18.1846
    endloop
  endfacet
  facet normal 0.50838 0 0.861133
    outer loop
      vertex 25.1051 -35.6 18.214
      vertex 25.1051 -36.6 18.214
      vertex 25.1549 -36.6 18.1846
    endloop
  endfacet
  facet normal 0.497627 0 0.867391
    outer loop
      vertex 25.0549 -35.6 18.2428
      vertex 25.1051 -36.6 18.214
      vertex 25.1051 -35.6 18.214
    endloop
  endfacet
  facet normal 0.497627 0 0.867391
    outer loop
      vertex 25.0549 -35.6 18.2428
      vertex 25.0549 -36.6 18.2428
      vertex 25.1051 -36.6 18.214
    endloop
  endfacet
  facet normal 0.488866 0 0.872359
    outer loop
      vertex 25.0044 -35.6 18.2711
      vertex 25.0549 -36.6 18.2428
      vertex 25.0549 -35.6 18.2428
    endloop
  endfacet
  facet normal 0.488866 0 0.872359
    outer loop
      vertex 25.0044 -35.6 18.2711
      vertex 25.0044 -36.6 18.2711
      vertex 25.0549 -36.6 18.2428
    endloop
  endfacet
  facet normal 0.477282 0 0.87875
    outer loop
      vertex 24.9534 -35.6 18.2988
      vertex 25.0044 -36.6 18.2711
      vertex 25.0044 -35.6 18.2711
    endloop
  endfacet
  facet normal 0.477282 0 0.87875
    outer loop
      vertex 24.9534 -35.6 18.2988
      vertex 24.9534 -36.6 18.2988
      vertex 25.0044 -36.6 18.2711
    endloop
  endfacet
  facet normal 0.466385 0 0.884582
    outer loop
      vertex 24.902 -35.6 18.3259
      vertex 24.9534 -36.6 18.2988
      vertex 24.9534 -35.6 18.2988
    endloop
  endfacet
  facet normal 0.466385 0 0.884582
    outer loop
      vertex 24.902 -35.6 18.3259
      vertex 24.902 -36.6 18.3259
      vertex 24.9534 -36.6 18.2988
    endloop
  endfacet
  facet normal 0.455444 0 0.890264
    outer loop
      vertex 24.8502 -35.6 18.3524
      vertex 24.902 -36.6 18.3259
      vertex 24.902 -35.6 18.3259
    endloop
  endfacet
  facet normal 0.455444 0 0.890264
    outer loop
      vertex 24.8502 -35.6 18.3524
      vertex 24.8502 -36.6 18.3524
      vertex 24.902 -36.6 18.3259
    endloop
  endfacet
  facet normal 0.445158 0 0.895452
    outer loop
      vertex 24.7979 -35.6 18.3784
      vertex 24.8502 -36.6 18.3524
      vertex 24.8502 -35.6 18.3524
    endloop
  endfacet
  facet normal 0.445158 0 0.895452
    outer loop
      vertex 24.7979 -35.6 18.3784
      vertex 24.7979 -36.6 18.3784
      vertex 24.8502 -36.6 18.3524
    endloop
  endfacet
  facet normal 0.434845 0 0.900505
    outer loop
      vertex 24.7453 -35.6 18.4038
      vertex 24.7979 -36.6 18.3784
      vertex 24.7979 -35.6 18.3784
    endloop
  endfacet
  facet normal 0.434845 0 0.900505
    outer loop
      vertex 24.7453 -35.6 18.4038
      vertex 24.7453 -36.6 18.4038
      vertex 24.7979 -36.6 18.3784
    endloop
  endfacet
  facet normal 0.425221 0 0.905089
    outer loop
      vertex 24.6923 -35.6 18.4287
      vertex 24.7453 -36.6 18.4038
      vertex 24.7453 -35.6 18.4038
    endloop
  endfacet
  facet normal 0.425221 0 0.905089
    outer loop
      vertex 24.6923 -35.6 18.4287
      vertex 24.6923 -36.6 18.4287
      vertex 24.7453 -36.6 18.4038
    endloop
  endfacet
  facet normal 0.412134 0 0.911123
    outer loop
      vertex 24.6388 -35.6 18.4529
      vertex 24.6923 -36.6 18.4287
      vertex 24.6923 -35.6 18.4287
    endloop
  endfacet
  facet normal 0.412134 0 0.911123
    outer loop
      vertex 24.6388 -35.6 18.4529
      vertex 24.6388 -36.6 18.4529
      vertex 24.6923 -36.6 18.4287
    endloop
  endfacet
  facet normal 0.403138 0 0.915139
    outer loop
      vertex 24.585 -35.6 18.4766
      vertex 24.6388 -36.6 18.4529
      vertex 24.6388 -35.6 18.4529
    endloop
  endfacet
  facet normal 0.403138 0 0.915139
    outer loop
      vertex 24.585 -35.6 18.4766
      vertex 24.585 -36.6 18.4766
      vertex 24.6388 -36.6 18.4529
    endloop
  endfacet
  facet normal 0.392897 0 0.919582
    outer loop
      vertex 24.5307 -35.6 18.4998
      vertex 24.585 -36.6 18.4766
      vertex 24.585 -35.6 18.4766
    endloop
  endfacet
  facet normal 0.392897 0 0.919582
    outer loop
      vertex 24.5307 -35.6 18.4998
      vertex 24.5307 -36.6 18.4998
      vertex 24.585 -36.6 18.4766
    endloop
  endfacet
  facet normal 0.38041 0 0.924818
    outer loop
      vertex 24.476 -35.6 18.5223
      vertex 24.5307 -36.6 18.4998
      vertex 24.5307 -35.6 18.4998
    endloop
  endfacet
  facet normal 0.38041 0 0.924818
    outer loop
      vertex 24.476 -35.6 18.5223
      vertex 24.476 -36.6 18.5223
      vertex 24.5307 -36.6 18.4998
    endloop
  endfacet
  facet normal 0.370809 0 0.928709
    outer loop
      vertex 24.4209 -35.6 18.5443
      vertex 24.476 -36.6 18.5223
      vertex 24.476 -35.6 18.5223
    endloop
  endfacet
  facet normal 0.370809 0 0.928709
    outer loop
      vertex 24.4209 -35.6 18.5443
      vertex 24.4209 -36.6 18.5443
      vertex 24.476 -36.6 18.5223
    endloop
  endfacet
  facet normal 0.36123 0 0.932477
    outer loop
      vertex 24.3654 -35.6 18.5658
      vertex 24.4209 -36.6 18.5443
      vertex 24.4209 -35.6 18.5443
    endloop
  endfacet
  facet normal 0.36123 0 0.932477
    outer loop
      vertex 24.3654 -35.6 18.5658
      vertex 24.3654 -36.6 18.5658
      vertex 24.4209 -36.6 18.5443
    endloop
  endfacet
  facet normal 0.348734 0 0.937222
    outer loop
      vertex 24.3095 -35.6 18.5866
      vertex 24.3654 -36.6 18.5658
      vertex 24.3654 -35.6 18.5658
    endloop
  endfacet
  facet normal 0.348734 0 0.937222
    outer loop
      vertex 24.3095 -35.6 18.5866
      vertex 24.3095 -36.6 18.5866
      vertex 24.3654 -36.6 18.5658
    endloop
  endfacet
  facet normal 0.339193 0 0.940717
    outer loop
      vertex 24.2532 -35.6 18.6069
      vertex 24.3095 -36.6 18.5866
      vertex 24.3095 -35.6 18.5866
    endloop
  endfacet
  facet normal 0.339193 0 0.940717
    outer loop
      vertex 24.2532 -35.6 18.6069
      vertex 24.2532 -36.6 18.6069
      vertex 24.3095 -36.6 18.5866
    endloop
  endfacet
  facet normal 0.329165 0 0.944272
    outer loop
      vertex 24.1964 -35.6 18.6267
      vertex 24.2532 -36.6 18.6069
      vertex 24.2532 -35.6 18.6069
    endloop
  endfacet
  facet normal 0.329165 0 0.944272
    outer loop
      vertex 24.1964 -35.6 18.6267
      vertex 24.1964 -36.6 18.6267
      vertex 24.2532 -36.6 18.6069
    endloop
  endfacet
  facet normal 0.319723 0 0.947511
    outer loop
      vertex 24.1395 -35.6 18.6459
      vertex 24.1964 -36.6 18.6267
      vertex 24.1964 -35.6 18.6267
    endloop
  endfacet
  facet normal 0.319723 0 0.947511
    outer loop
      vertex 24.1395 -35.6 18.6459
      vertex 24.1395 -36.6 18.6459
      vertex 24.1964 -36.6 18.6267
    endloop
  endfacet
  facet normal 0.314729 0 0.949182
    outer loop
      vertex 24.0825 -35.6 18.6648
      vertex 24.1395 -36.6 18.6459
      vertex 24.1395 -35.6 18.6459
    endloop
  endfacet
  facet normal 0.314729 0 0.949182
    outer loop
      vertex 24.0825 -35.6 18.6648
      vertex 24.0825 -36.6 18.6648
      vertex 24.1395 -36.6 18.6459
    endloop
  endfacet
  facet normal 0.308709 0 0.951157
    outer loop
      vertex 24.0255 -35.6 18.6833
      vertex 24.0825 -36.6 18.6648
      vertex 24.0825 -35.6 18.6648
    endloop
  endfacet
  facet normal 0.308709 0 0.951157
    outer loop
      vertex 24.0255 -35.6 18.6833
      vertex 24.0255 -36.6 18.6833
      vertex 24.0825 -36.6 18.6648
    endloop
  endfacet
  facet normal 0.30217 0 0.953254
    outer loop
      vertex 23.9684 -35.6 18.7014
      vertex 24.0255 -36.6 18.6833
      vertex 24.0255 -35.6 18.6833
    endloop
  endfacet
  facet normal 0.30217 0 0.953254
    outer loop
      vertex 23.9684 -35.6 18.7014
      vertex 23.9684 -36.6 18.7014
      vertex 24.0255 -36.6 18.6833
    endloop
  endfacet
  facet normal 0.296084 0 0.955162
    outer loop
      vertex 23.9113 -35.6 18.7191
      vertex 23.9684 -36.6 18.7014
      vertex 23.9684 -35.6 18.7014
    endloop
  endfacet
  facet normal 0.296084 0 0.955162
    outer loop
      vertex 23.9113 -35.6 18.7191
      vertex 23.9113 -36.6 18.7191
      vertex 23.9684 -36.6 18.7014
    endloop
  endfacet
  facet normal 0.291495 0 0.956572
    outer loop
      vertex 23.8542 -35.6 18.7365
      vertex 23.9113 -36.6 18.7191
      vertex 23.9113 -35.6 18.7191
    endloop
  endfacet
  facet normal 0.291495 0 0.956572
    outer loop
      vertex 23.8542 -35.6 18.7365
      vertex 23.8542 -36.6 18.7365
      vertex 23.9113 -36.6 18.7191
    endloop
  endfacet
  facet normal 0.285345 0 0.958425
    outer loop
      vertex 23.7971 -35.6 18.7535
      vertex 23.8542 -36.6 18.7365
      vertex 23.8542 -35.6 18.7365
    endloop
  endfacet
  facet normal 0.285345 0 0.958425
    outer loop
      vertex 23.7971 -35.6 18.7535
      vertex 23.7971 -36.6 18.7535
      vertex 23.8542 -36.6 18.7365
    endloop
  endfacet
  facet normal 0.27871 0 0.960375
    outer loop
      vertex 23.7399 -35.6 18.7701
      vertex 23.7971 -36.6 18.7535
      vertex 23.7971 -35.6 18.7535
    endloop
  endfacet
  facet normal 0.27871 0 0.960375
    outer loop
      vertex 23.7399 -35.6 18.7701
      vertex 23.7399 -36.6 18.7701
      vertex 23.7971 -36.6 18.7535
    endloop
  endfacet
  facet normal 0.272499 0 0.962156
    outer loop
      vertex 23.6827 -35.6 18.7863
      vertex 23.7399 -36.6 18.7701
      vertex 23.7399 -35.6 18.7701
    endloop
  endfacet
  facet normal 0.272499 0 0.962156
    outer loop
      vertex 23.6827 -35.6 18.7863
      vertex 23.6827 -36.6 18.7863
      vertex 23.7399 -36.6 18.7701
    endloop
  endfacet
  facet normal 0.265821 0 0.964022
    outer loop
      vertex 23.6254 -35.6 18.8021
      vertex 23.6827 -36.6 18.7863
      vertex 23.6827 -35.6 18.7863
    endloop
  endfacet
  facet normal 0.265821 0 0.964022
    outer loop
      vertex 23.6254 -35.6 18.8021
      vertex 23.6254 -36.6 18.8021
      vertex 23.6827 -36.6 18.7863
    endloop
  endfacet
  facet normal 0.261546 0 0.965191
    outer loop
      vertex 23.5682 -35.6 18.8176
      vertex 23.6254 -36.6 18.8021
      vertex 23.6254 -35.6 18.8021
    endloop
  endfacet
  facet normal 0.261546 0 0.965191
    outer loop
      vertex 23.5682 -35.6 18.8176
      vertex 23.5682 -36.6 18.8176
      vertex 23.6254 -36.6 18.8021
    endloop
  endfacet
  facet normal 0.254826 0 0.966987
    outer loop
      vertex 23.5109 -35.6 18.8327
      vertex 23.5682 -36.6 18.8176
      vertex 23.5682 -35.6 18.8176
    endloop
  endfacet
  facet normal 0.254826 0 0.966987
    outer loop
      vertex 23.5109 -35.6 18.8327
      vertex 23.5109 -36.6 18.8327
      vertex 23.5682 -36.6 18.8176
    endloop
  endfacet
  facet normal 0.248091 0 0.968737
    outer loop
      vertex 23.4535 -35.6 18.8474
      vertex 23.5109 -36.6 18.8327
      vertex 23.5109 -35.6 18.8327
    endloop
  endfacet
  facet normal 0.248091 0 0.968737
    outer loop
      vertex 23.4535 -35.6 18.8474
      vertex 23.4535 -36.6 18.8474
      vertex 23.5109 -36.6 18.8327
    endloop
  endfacet
  facet normal 0.242137 0 0.970242
    outer loop
      vertex 23.3962 -35.6 18.8617
      vertex 23.4535 -36.6 18.8474
      vertex 23.4535 -35.6 18.8474
    endloop
  endfacet
  facet normal 0.242137 0 0.970242
    outer loop
      vertex 23.3962 -35.6 18.8617
      vertex 23.3962 -36.6 18.8617
      vertex 23.4535 -36.6 18.8474
    endloop
  endfacet
  facet normal 0.236956 0 0.97152
    outer loop
      vertex 23.3388 -35.6 18.8757
      vertex 23.3962 -36.6 18.8617
      vertex 23.3962 -35.6 18.8617
    endloop
  endfacet
  facet normal 0.236956 0 0.97152
    outer loop
      vertex 23.3388 -35.6 18.8757
      vertex 23.3388 -36.6 18.8757
      vertex 23.3962 -36.6 18.8617
    endloop
  endfacet
  facet normal 0.228567 0 0.973528
    outer loop
      vertex 23.2813 -35.6 18.8892
      vertex 23.3388 -36.6 18.8757
      vertex 23.3388 -35.6 18.8757
    endloop
  endfacet
  facet normal 0.228567 0 0.973528
    outer loop
      vertex 23.2813 -35.6 18.8892
      vertex 23.2813 -36.6 18.8892
      vertex 23.3388 -36.6 18.8757
    endloop
  endfacet
  facet normal 0.224115 0 0.974563
    outer loop
      vertex 23.2239 -35.6 18.9024
      vertex 23.2813 -36.6 18.8892
      vertex 23.2813 -35.6 18.8892
    endloop
  endfacet
  facet normal 0.224115 0 0.974563
    outer loop
      vertex 23.2239 -35.6 18.9024
      vertex 23.2239 -36.6 18.9024
      vertex 23.2813 -36.6 18.8892
    endloop
  endfacet
  facet normal 0.21729 0 0.976107
    outer loop
      vertex 23.1664 -35.6 18.9152
      vertex 23.2239 -36.6 18.9024
      vertex 23.2239 -35.6 18.9024
    endloop
  endfacet
  facet normal 0.21729 0 0.976107
    outer loop
      vertex 23.1664 -35.6 18.9152
      vertex 23.1664 -36.6 18.9152
      vertex 23.2239 -36.6 18.9024
    endloop
  endfacet
  facet normal 0.212077 0 0.977253
    outer loop
      vertex 23.1088 -35.6 18.9277
      vertex 23.1664 -36.6 18.9152
      vertex 23.1664 -35.6 18.9152
    endloop
  endfacet
  facet normal 0.212077 0 0.977253
    outer loop
      vertex 23.1088 -35.6 18.9277
      vertex 23.1088 -36.6 18.9277
      vertex 23.1664 -36.6 18.9152
    endloop
  endfacet
  facet normal 0.204294 0 0.97891
    outer loop
      vertex 23.0513 -35.6 18.9397
      vertex 23.1088 -36.6 18.9277
      vertex 23.1088 -35.6 18.9277
    endloop
  endfacet
  facet normal 0.204294 0 0.97891
    outer loop
      vertex 23.0513 -35.6 18.9397
      vertex 23.0513 -36.6 18.9397
      vertex 23.1088 -36.6 18.9277
    endloop
  endfacet
  facet normal 0.19906 0 0.979987
    outer loop
      vertex 22.9937 -35.6 18.9514
      vertex 23.0513 -36.6 18.9397
      vertex 23.0513 -35.6 18.9397
    endloop
  endfacet
  facet normal 0.19906 0 0.979987
    outer loop
      vertex 22.9937 -35.6 18.9514
      vertex 22.9937 -36.6 18.9514
      vertex 23.0513 -36.6 18.9397
    endloop
  endfacet
  facet normal 0.192511 0 0.981295
    outer loop
      vertex 22.9361 -35.6 18.9627
      vertex 22.9937 -36.6 18.9514
      vertex 22.9937 -35.6 18.9514
    endloop
  endfacet
  facet normal 0.192511 0 0.981295
    outer loop
      vertex 22.9361 -35.6 18.9627
      vertex 22.9361 -36.6 18.9627
      vertex 22.9937 -36.6 18.9514
    endloop
  endfacet
  facet normal 0.189675 0 0.981847
    outer loop
      vertex 22.8217 -35.6 18.9848
      vertex 22.9361 -36.6 18.9627
      vertex 22.9361 -35.6 18.9627
    endloop
  endfacet
  facet normal 0.189675 0 0.981847
    outer loop
      vertex 22.8217 -35.6 18.9848
      vertex 22.8217 -36.6 18.9848
      vertex 22.9361 -36.6 18.9627
    endloop
  endfacet
  facet normal 0.190076 0 0.981769
    outer loop
      vertex 22.7091 -35.6 19.0066
      vertex 22.8217 -36.6 18.9848
      vertex 22.8217 -35.6 18.9848
    endloop
  endfacet
  facet normal 0.190076 0 0.981769
    outer loop
      vertex 22.7091 -35.6 19.0066
      vertex 22.7091 -36.6 19.0066
      vertex 22.8217 -36.6 18.9848
    endloop
  endfacet
  facet normal 0.191441 0 0.981504
    outer loop
      vertex 22.5435 -35.6 19.0389
      vertex 22.7091 -36.6 19.0066
      vertex 22.7091 -35.6 19.0066
    endloop
  endfacet
  facet normal 0.191441 0 0.981504
    outer loop
      vertex 22.5435 -35.6 19.0389
      vertex 22.5435 -36.6 19.0389
      vertex 22.7091 -36.6 19.0066
    endloop
  endfacet
  facet normal 0.192277 0 0.981341
    outer loop
      vertex 22.4353 -35.6 19.0601
      vertex 22.5435 -36.6 19.0389
      vertex 22.5435 -35.6 19.0389
    endloop
  endfacet
  facet normal 0.192277 0 0.981341
    outer loop
      vertex 22.4353 -35.6 19.0601
      vertex 22.4353 -36.6 19.0601
      vertex 22.5435 -36.6 19.0389
    endloop
  endfacet
  facet normal 0.193742 0 0.981052
    outer loop
      vertex 22.2763 -35.6 19.0915
      vertex 22.4353 -36.6 19.0601
      vertex 22.4353 -35.6 19.0601
    endloop
  endfacet
  facet normal 0.193742 0 0.981052
    outer loop
      vertex 22.2763 -35.6 19.0915
      vertex 22.2763 -36.6 19.0915
      vertex 22.4353 -36.6 19.0601
    endloop
  endfacet
  facet normal 0.194662 0 0.98087
    outer loop
      vertex 22.1725 -35.6 19.1121
      vertex 22.2763 -36.6 19.0915
      vertex 22.2763 -35.6 19.0915
    endloop
  endfacet
  facet normal 0.194662 0 0.98087
    outer loop
      vertex 22.1725 -35.6 19.1121
      vertex 22.1725 -36.6 19.1121
      vertex 22.2763 -36.6 19.0915
    endloop
  endfacet
  facet normal 0.195002 0 0.980803
    outer loop
      vertex 22.0201 -35.6 19.1424
      vertex 22.1725 -36.6 19.1121
      vertex 22.1725 -35.6 19.1121
    endloop
  endfacet
  facet normal 0.195002 0 0.980803
    outer loop
      vertex 22.0201 -35.6 19.1424
      vertex 22.0201 -36.6 19.1424
      vertex 22.1725 -36.6 19.1121
    endloop
  endfacet
  facet normal 0.197254 0 0.980352
    outer loop
      vertex 21.9207 -35.6 19.1624
      vertex 22.0201 -36.6 19.1424
      vertex 22.0201 -35.6 19.1424
    endloop
  endfacet
  facet normal 0.197254 0 0.980352
    outer loop
      vertex 21.9207 -35.6 19.1624
      vertex 21.9207 -36.6 19.1624
      vertex 22.0201 -36.6 19.1424
    endloop
  endfacet
  facet normal 0.198049 0 0.980192
    outer loop
      vertex 21.8232 -35.6 19.1821
      vertex 21.9207 -36.6 19.1624
      vertex 21.9207 -35.6 19.1624
    endloop
  endfacet
  facet normal 0.198049 0 0.980192
    outer loop
      vertex 21.8232 -35.6 19.1821
      vertex 21.8232 -36.6 19.1821
      vertex 21.9207 -36.6 19.1624
    endloop
  endfacet
  facet normal 0.197289 0 0.980345
    outer loop
      vertex 21.775 -35.6 19.1918
      vertex 21.8232 -36.6 19.1821
      vertex 21.8232 -35.6 19.1821
    endloop
  endfacet
  facet normal 0.197289 0 0.980345
    outer loop
      vertex 21.775 -35.6 19.1918
      vertex 21.775 -36.6 19.1918
      vertex 21.8232 -36.6 19.1821
    endloop
  endfacet
  facet normal 0.204037 0 0.978963
    outer loop
      vertex 21.7275 -35.6 19.2017
      vertex 21.775 -36.6 19.1918
      vertex 21.775 -35.6 19.1918
    endloop
  endfacet
  facet normal 0.204037 0 0.978963
    outer loop
      vertex 21.7275 -35.6 19.2017
      vertex 21.7275 -36.6 19.2017
      vertex 21.775 -36.6 19.1918
    endloop
  endfacet
  facet normal 0.209816 0 0.977741
    outer loop
      vertex 21.6809 -35.6 19.2117
      vertex 21.7275 -36.6 19.2017
      vertex 21.7275 -35.6 19.2017
    endloop
  endfacet
  facet normal 0.209816 0 0.977741
    outer loop
      vertex 21.6809 -35.6 19.2117
      vertex 21.6809 -36.6 19.2117
      vertex 21.7275 -36.6 19.2017
    endloop
  endfacet
  facet normal 0.219411 0 0.975633
    outer loop
      vertex 21.6351 -35.6 19.222
      vertex 21.6809 -36.6 19.2117
      vertex 21.6809 -35.6 19.2117
    endloop
  endfacet
  facet normal 0.219411 0 0.975633
    outer loop
      vertex 21.6351 -35.6 19.222
      vertex 21.6351 -36.6 19.222
      vertex 21.6809 -36.6 19.2117
    endloop
  endfacet
  facet normal 0.227709 0 0.973729
    outer loop
      vertex 21.5902 -35.6 19.2325
      vertex 21.6351 -36.6 19.222
      vertex 21.6351 -35.6 19.222
    endloop
  endfacet
  facet normal 0.227709 0 0.973729
    outer loop
      vertex 21.5902 -35.6 19.2325
      vertex 21.5902 -36.6 19.2325
      vertex 21.6351 -36.6 19.222
    endloop
  endfacet
  facet normal 0.235789 0 0.971804
    outer loop
      vertex 21.5461 -35.6 19.2432
      vertex 21.5902 -36.6 19.2325
      vertex 21.5902 -35.6 19.2325
    endloop
  endfacet
  facet normal 0.235789 0 0.971804
    outer loop
      vertex 21.5461 -35.6 19.2432
      vertex 21.5461 -36.6 19.2432
      vertex 21.5902 -36.6 19.2325
    endloop
  endfacet
  facet normal 0.246756 0 0.969078
    outer loop
      vertex 21.5029 -35.6 19.2542
      vertex 21.5461 -36.6 19.2432
      vertex 21.5461 -35.6 19.2432
    endloop
  endfacet
  facet normal 0.246756 0 0.969078
    outer loop
      vertex 21.5029 -35.6 19.2542
      vertex 21.5029 -36.6 19.2542
      vertex 21.5461 -36.6 19.2432
    endloop
  endfacet
  facet normal 0.253258 0 0.967399
    outer loop
      vertex 21.4605 -35.6 19.2653
      vertex 21.5029 -36.6 19.2542
      vertex 21.5029 -35.6 19.2542
    endloop
  endfacet
  facet normal 0.253258 0 0.967399
    outer loop
      vertex 21.4605 -35.6 19.2653
      vertex 21.4605 -36.6 19.2653
      vertex 21.5029 -36.6 19.2542
    endloop
  endfacet
  facet normal 0.264886 0 0.96428
    outer loop
      vertex 21.419 -35.6 19.2767
      vertex 21.4605 -36.6 19.2653
      vertex 21.4605 -35.6 19.2653
    endloop
  endfacet
  facet normal 0.264886 0 0.96428
    outer loop
      vertex 21.419 -35.6 19.2767
      vertex 21.419 -36.6 19.2767
      vertex 21.4605 -36.6 19.2653
    endloop
  endfacet
  facet normal 0.274097 0 0.961702
    outer loop
      vertex 21.3783 -35.6 19.2883
      vertex 21.419 -36.6 19.2767
      vertex 21.419 -35.6 19.2767
    endloop
  endfacet
  facet normal 0.274097 0 0.961702
    outer loop
      vertex 21.3783 -35.6 19.2883
      vertex 21.3783 -36.6 19.2883
      vertex 21.419 -36.6 19.2767
    endloop
  endfacet
  facet normal 0.284252 0 0.958749
    outer loop
      vertex 21.3385 -35.6 19.3001
      vertex 21.3783 -36.6 19.2883
      vertex 21.3783 -35.6 19.2883
    endloop
  endfacet
  facet normal 0.284252 0 0.958749
    outer loop
      vertex 21.3385 -35.6 19.3001
      vertex 21.3385 -36.6 19.3001
      vertex 21.3783 -36.6 19.2883
    endloop
  endfacet
  facet normal 0.296322 0 0.955088
    outer loop
      vertex 21.2995 -35.6 19.3122
      vertex 21.3385 -36.6 19.3001
      vertex 21.3385 -35.6 19.3001
    endloop
  endfacet
  facet normal 0.296322 0 0.955088
    outer loop
      vertex 21.2995 -35.6 19.3122
      vertex 21.2995 -36.6 19.3122
      vertex 21.3385 -36.6 19.3001
    endloop
  endfacet
  facet normal 0.307222 0 0.951638
    outer loop
      vertex 21.2614 -35.6 19.3245
      vertex 21.2995 -36.6 19.3122
      vertex 21.2995 -35.6 19.3122
    endloop
  endfacet
  facet normal 0.307222 0 0.951638
    outer loop
      vertex 21.2614 -35.6 19.3245
      vertex 21.2614 -36.6 19.3245
      vertex 21.2995 -36.6 19.3122
    endloop
  endfacet
  facet normal 0.31852 0 0.947916
    outer loop
      vertex 21.2242 -35.6 19.337
      vertex 21.2614 -36.6 19.3245
      vertex 21.2614 -35.6 19.3245
    endloop
  endfacet
  facet normal 0.31852 0 0.947916
    outer loop
      vertex 21.2242 -35.6 19.337
      vertex 21.2242 -36.6 19.337
      vertex 21.2614 -36.6 19.3245
    endloop
  endfacet
  facet normal 0.32631 0 0.945263
    outer loop
      vertex 21.1877 -35.6 19.3496
      vertex 21.2242 -36.6 19.337
      vertex 21.2242 -35.6 19.337
    endloop
  endfacet
  facet normal 0.32631 0 0.945263
    outer loop
      vertex 21.1877 -35.6 19.3496
      vertex 21.1877 -36.6 19.3496
      vertex 21.2242 -36.6 19.337
    endloop
  endfacet
  facet normal 0.343866 0 0.939019
    outer loop
      vertex 21.1522 -35.6 19.3626
      vertex 21.1877 -36.6 19.3496
      vertex 21.1877 -35.6 19.3496
    endloop
  endfacet
  facet normal 0.343866 0 0.939019
    outer loop
      vertex 21.1522 -35.6 19.3626
      vertex 21.1522 -36.6 19.3626
      vertex 21.1877 -36.6 19.3496
    endloop
  endfacet
  facet normal 0.353191 0 0.935551
    outer loop
      vertex 21.1175 -35.6 19.3757
      vertex 21.1522 -36.6 19.3626
      vertex 21.1522 -35.6 19.3626
    endloop
  endfacet
  facet normal 0.353191 0 0.935551
    outer loop
      vertex 21.1175 -35.6 19.3757
      vertex 21.1175 -36.6 19.3757
      vertex 21.1522 -36.6 19.3626
    endloop
  endfacet
  facet normal 0.367604 0 0.929983
    outer loop
      vertex 21.0836 -35.6 19.3891
      vertex 21.1175 -36.6 19.3757
      vertex 21.1175 -35.6 19.3757
    endloop
  endfacet
  facet normal 0.367604 0 0.929983
    outer loop
      vertex 21.0836 -35.6 19.3891
      vertex 21.0836 -36.6 19.3891
      vertex 21.1175 -36.6 19.3757
    endloop
  endfacet
  facet normal 0.381032 0 0.924562
    outer loop
      vertex 21.0506 -35.6 19.4027
      vertex 21.0836 -36.6 19.3891
      vertex 21.0836 -35.6 19.3891
    endloop
  endfacet
  facet normal 0.381032 0 0.924562
    outer loop
      vertex 21.0506 -35.6 19.4027
      vertex 21.0506 -36.6 19.4027
      vertex 21.0836 -36.6 19.3891
    endloop
  endfacet
  facet normal 0.394955 0 0.9187
    outer loop
      vertex 21.0185 -35.6 19.4165
      vertex 21.0506 -36.6 19.4027
      vertex 21.0506 -35.6 19.4027
    endloop
  endfacet
  facet normal 0.394955 0 0.9187
    outer loop
      vertex 21.0185 -35.6 19.4165
      vertex 21.0185 -36.6 19.4165
      vertex 21.0506 -36.6 19.4027
    endloop
  endfacet
  facet normal 0.408302 0 0.912847
    outer loop
      vertex 20.9872 -35.6 19.4305
      vertex 21.0185 -36.6 19.4165
      vertex 21.0185 -35.6 19.4165
    endloop
  endfacet
  facet normal 0.408302 0 0.912847
    outer loop
      vertex 20.9872 -35.6 19.4305
      vertex 20.9872 -36.6 19.4305
      vertex 21.0185 -36.6 19.4165
    endloop
  endfacet
  facet normal 0.42451 0 0.905423
    outer loop
      vertex 20.9567 -35.6 19.4448
      vertex 20.9872 -36.6 19.4305
      vertex 20.9872 -35.6 19.4305
    endloop
  endfacet
  facet normal 0.42451 0 0.905423
    outer loop
      vertex 20.9567 -35.6 19.4448
      vertex 20.9567 -36.6 19.4448
      vertex 20.9872 -36.6 19.4305
    endloop
  endfacet
  facet normal 0.437466 0 0.899235
    outer loop
      vertex 20.9271 -35.6 19.4592
      vertex 20.9567 -36.6 19.4448
      vertex 20.9567 -35.6 19.4448
    endloop
  endfacet
  facet normal 0.437466 0 0.899235
    outer loop
      vertex 20.9271 -35.6 19.4592
      vertex 20.9271 -36.6 19.4592
      vertex 20.9567 -36.6 19.4448
    endloop
  endfacet
  facet normal 0.46331 0 0.886196
    outer loop
      vertex 20.8986 -35.6 19.4741
      vertex 20.9271 -36.6 19.4592
      vertex 20.9271 -35.6 19.4592
    endloop
  endfacet
  facet normal 0.46331 0 0.886196
    outer loop
      vertex 20.8986 -35.6 19.4741
      vertex 20.8986 -36.6 19.4741
      vertex 20.9271 -36.6 19.4592
    endloop
  endfacet
  facet normal 0.489191 0 0.872177
    outer loop
      vertex 20.8715 -35.6 19.4893
      vertex 20.8986 -36.6 19.4741
      vertex 20.8986 -35.6 19.4741
    endloop
  endfacet
  facet normal 0.489191 0 0.872177
    outer loop
      vertex 20.8715 -35.6 19.4893
      vertex 20.8715 -36.6 19.4893
      vertex 20.8986 -36.6 19.4741
    endloop
  endfacet
  facet normal 0.520783 0 0.853689
    outer loop
      vertex 20.8456 -35.6 19.5051
      vertex 20.8715 -36.6 19.4893
      vertex 20.8715 -35.6 19.4893
    endloop
  endfacet
  facet normal 0.520783 0 0.853689
    outer loop
      vertex 20.8456 -35.6 19.5051
      vertex 20.8456 -36.6 19.5051
      vertex 20.8715 -36.6 19.4893
    endloop
  endfacet
  facet normal 0.553916 0 0.832573
    outer loop
      vertex 20.8211 -35.6 19.5214
      vertex 20.8456 -36.6 19.5051
      vertex 20.8456 -35.6 19.5051
    endloop
  endfacet
  facet normal 0.553916 0 0.832573
    outer loop
      vertex 20.8211 -35.6 19.5214
      vertex 20.8211 -36.6 19.5214
      vertex 20.8456 -36.6 19.5051
    endloop
  endfacet
  facet normal 0.584213 0 0.811601
    outer loop
      vertex 20.7979 -35.6 19.5381
      vertex 20.8211 -36.6 19.5214
      vertex 20.8211 -35.6 19.5214
    endloop
  endfacet
  facet normal 0.584213 0 0.811601
    outer loop
      vertex 20.7979 -35.6 19.5381
      vertex 20.7979 -36.6 19.5381
      vertex 20.8211 -36.6 19.5214
    endloop
  endfacet
  facet normal 0.615434 0 0.788188
    outer loop
      vertex 20.776 -35.6 19.5552
      vertex 20.7979 -36.6 19.5381
      vertex 20.7979 -35.6 19.5381
    endloop
  endfacet
  facet normal 0.615434 0 0.788188
    outer loop
      vertex 20.776 -35.6 19.5552
      vertex 20.776 -36.6 19.5552
      vertex 20.7979 -36.6 19.5381
    endloop
  endfacet
  facet normal 0.653524 0 0.756906
    outer loop
      vertex 20.7555 -35.6 19.5729
      vertex 20.776 -36.6 19.5552
      vertex 20.776 -35.6 19.5552
    endloop
  endfacet
  facet normal 0.653524 0 0.756906
    outer loop
      vertex 20.7555 -35.6 19.5729
      vertex 20.7555 -36.6 19.5729
      vertex 20.776 -36.6 19.5552
    endloop
  endfacet
  facet normal 0.685956 0 0.727643
    outer loop
      vertex 20.7363 -35.6 19.591
      vertex 20.7555 -36.6 19.5729
      vertex 20.7555 -35.6 19.5729
    endloop
  endfacet
  facet normal 0.685956 0 0.727643
    outer loop
      vertex 20.7363 -35.6 19.591
      vertex 20.7363 -36.6 19.591
      vertex 20.7555 -36.6 19.5729
    endloop
  endfacet
  facet normal 0.720535 0 0.693418
    outer loop
      vertex 20.7184 -35.6 19.6096
      vertex 20.7363 -36.6 19.591
      vertex 20.7363 -35.6 19.591
    endloop
  endfacet
  facet normal 0.720535 0 0.693418
    outer loop
      vertex 20.7184 -35.6 19.6096
      vertex 20.7184 -36.6 19.6096
      vertex 20.7363 -36.6 19.591
    endloop
  endfacet
  facet normal 0.754776 0 0.655983
    outer loop
      vertex 20.7018 -35.6 19.6287
      vertex 20.7184 -36.6 19.6096
      vertex 20.7184 -35.6 19.6096
    endloop
  endfacet
  facet normal 0.754776 0 0.655983
    outer loop
      vertex 20.7018 -35.6 19.6287
      vertex 20.7018 -36.6 19.6287
      vertex 20.7184 -36.6 19.6096
    endloop
  endfacet
  facet normal 0.79022 0 0.612824
    outer loop
      vertex 20.6866 -35.6 19.6483
      vertex 20.7018 -36.6 19.6287
      vertex 20.7018 -35.6 19.6287
    endloop
  endfacet
  facet normal 0.79022 0 0.612824
    outer loop
      vertex 20.6866 -35.6 19.6483
      vertex 20.6866 -36.6 19.6483
      vertex 20.7018 -36.6 19.6287
    endloop
  endfacet
  facet normal 0.819232 0 0.573462
    outer loop
      vertex 20.6726 -35.6 19.6683
      vertex 20.6866 -36.6 19.6483
      vertex 20.6866 -35.6 19.6483
    endloop
  endfacet
  facet normal 0.819232 0 0.573462
    outer loop
      vertex 20.6726 -35.6 19.6683
      vertex 20.6726 -36.6 19.6683
      vertex 20.6866 -36.6 19.6483
    endloop
  endfacet
  facet normal 0.851944 0 0.523634
    outer loop
      vertex 20.66 -35.6 19.6888
      vertex 20.6726 -36.6 19.6683
      vertex 20.6726 -35.6 19.6683
    endloop
  endfacet
  facet normal 0.851944 0 0.523634
    outer loop
      vertex 20.66 -35.6 19.6888
      vertex 20.66 -36.6 19.6888
      vertex 20.6726 -36.6 19.6683
    endloop
  endfacet
  facet normal 0.882353 0 0.470588
    outer loop
      vertex 20.6488 -35.6 19.7098
      vertex 20.66 -36.6 19.6888
      vertex 20.66 -35.6 19.6888
    endloop
  endfacet
  facet normal 0.882353 0 0.470588
    outer loop
      vertex 20.6488 -35.6 19.7098
      vertex 20.6488 -36.6 19.7098
      vertex 20.66 -36.6 19.6888
    endloop
  endfacet
  facet normal 0.905967 0 0.423349
    outer loop
      vertex 20.6388 -35.6 19.7312
      vertex 20.6488 -36.6 19.7098
      vertex 20.6488 -35.6 19.7098
    endloop
  endfacet
  facet normal 0.905967 0 0.423349
    outer loop
      vertex 20.6388 -35.6 19.7312
      vertex 20.6388 -36.6 19.7312
      vertex 20.6488 -36.6 19.7098
    endloop
  endfacet
  facet normal 0.931368 0 0.36408
    outer loop
      vertex 20.6302 -35.6 19.7532
      vertex 20.6388 -36.6 19.7312
      vertex 20.6388 -35.6 19.7312
    endloop
  endfacet
  facet normal 0.931368 0 0.36408
    outer loop
      vertex 20.6302 -35.6 19.7532
      vertex 20.6302 -36.6 19.7532
      vertex 20.6388 -36.6 19.7312
    endloop
  endfacet
  facet normal 0.950374 0 0.311109
    outer loop
      vertex 20.6229 -35.6 19.7755
      vertex 20.6302 -36.6 19.7532
      vertex 20.6302 -35.6 19.7532
    endloop
  endfacet
  facet normal 0.950374 0 0.311109
    outer loop
      vertex 20.6229 -35.6 19.7755
      vertex 20.6229 -36.6 19.7755
      vertex 20.6302 -36.6 19.7532
    endloop
  endfacet
  facet normal 0.968376 0 0.249494
    outer loop
      vertex 20.617 -35.6 19.7984
      vertex 20.6229 -36.6 19.7755
      vertex 20.6229 -35.6 19.7755
    endloop
  endfacet
  facet normal 0.968376 0 0.249494
    outer loop
      vertex 20.617 -35.6 19.7984
      vertex 20.617 -36.6 19.7984
      vertex 20.6229 -36.6 19.7755
    endloop
  endfacet
  facet normal 0.980419 0 0.196922
    outer loop
      vertex 20.6123 -35.6 19.8218
      vertex 20.617 -36.6 19.7984
      vertex 20.617 -35.6 19.7984
    endloop
  endfacet
  facet normal 0.980419 0 0.196922
    outer loop
      vertex 20.6123 -35.6 19.8218
      vertex 20.6123 -36.6 19.8218
      vertex 20.617 -36.6 19.7984
    endloop
  endfacet
  facet normal 0.990524 0 0.137342
    outer loop
      vertex 20.609 -35.6 19.8456
      vertex 20.6123 -36.6 19.8218
      vertex 20.6123 -35.6 19.8218
    endloop
  endfacet
  facet normal 0.990524 0 0.137342
    outer loop
      vertex 20.609 -35.6 19.8456
      vertex 20.609 -36.6 19.8456
      vertex 20.6123 -36.6 19.8218
    endloop
  endfacet
  facet normal 0.99663 0 0.0820272
    outer loop
      vertex 20.607 -35.6 19.8699
      vertex 20.609 -36.6 19.8456
      vertex 20.609 -35.6 19.8456
    endloop
  endfacet
  facet normal 0.99663 0 0.0820272
    outer loop
      vertex 20.607 -35.6 19.8699
      vertex 20.607 -36.6 19.8699
      vertex 20.609 -36.6 19.8456
    endloop
  endfacet
  facet normal 0.999705 0 0.0242843
    outer loop
      vertex 20.6064 -35.6 19.8946
      vertex 20.607 -36.6 19.8699
      vertex 20.607 -35.6 19.8699
    endloop
  endfacet
  facet normal 0.999705 0 0.0242843
    outer loop
      vertex 20.6064 -35.6 19.8946
      vertex 20.6064 -36.6 19.8946
      vertex 20.607 -36.6 19.8699
    endloop
  endfacet
  facet normal 0.999927 0 -0.0120473
    outer loop
      vertex 20.6066 -35.6 19.9112
      vertex 20.6064 -36.6 19.8946
      vertex 20.6064 -35.6 19.8946
    endloop
  endfacet
  facet normal 0.999927 0 -0.0120473
    outer loop
      vertex 20.6066 -35.6 19.9112
      vertex 20.6066 -36.6 19.9112
      vertex 20.6064 -36.6 19.8946
    endloop
  endfacet
  facet normal 0.998827 0 -0.048428
    outer loop
      vertex 20.6074 -35.6 19.9277
      vertex 20.6066 -36.6 19.9112
      vertex 20.6066 -35.6 19.9112
    endloop
  endfacet
  facet normal 0.998827 0 -0.048428
    outer loop
      vertex 20.6074 -35.6 19.9277
      vertex 20.6074 -36.6 19.9277
      vertex 20.6066 -36.6 19.9112
    endloop
  endfacet
  facet normal 0.996376 0 -0.0850565
    outer loop
      vertex 20.6088 -35.6 19.9441
      vertex 20.6074 -36.6 19.9277
      vertex 20.6074 -35.6 19.9277
    endloop
  endfacet
  facet normal 0.996376 0 -0.0850565
    outer loop
      vertex 20.6088 -35.6 19.9441
      vertex 20.6088 -36.6 19.9441
      vertex 20.6074 -36.6 19.9277
    endloop
  endfacet
  facet normal 0.993192 0 -0.116486
    outer loop
      vertex 20.6107 -35.6 19.9603
      vertex 20.6088 -36.6 19.9441
      vertex 20.6088 -35.6 19.9441
    endloop
  endfacet
  facet normal 0.993192 0 -0.116486
    outer loop
      vertex 20.6107 -35.6 19.9603
      vertex 20.6107 -36.6 19.9603
      vertex 20.6088 -36.6 19.9441
    endloop
  endfacet
  facet normal 0.989071 0 -0.147439
    outer loop
      vertex 20.6131 -35.6 19.9764
      vertex 20.6107 -36.6 19.9603
      vertex 20.6107 -35.6 19.9603
    endloop
  endfacet
  facet normal 0.989071 0 -0.147439
    outer loop
      vertex 20.6131 -35.6 19.9764
      vertex 20.6131 -36.6 19.9764
      vertex 20.6107 -36.6 19.9603
    endloop
  endfacet
  facet normal 0.983968 0 -0.178344
    outer loop
      vertex 20.616 -35.6 19.9924
      vertex 20.6131 -36.6 19.9764
      vertex 20.6131 -35.6 19.9764
    endloop
  endfacet
  facet normal 0.983968 0 -0.178344
    outer loop
      vertex 20.616 -35.6 19.9924
      vertex 20.616 -36.6 19.9924
      vertex 20.6131 -36.6 19.9764
    endloop
  endfacet
  facet normal 0.976332 0 -0.216276
    outer loop
      vertex 20.6195 -35.6 20.0082
      vertex 20.616 -36.6 19.9924
      vertex 20.616 -35.6 19.9924
    endloop
  endfacet
  facet normal 0.976332 0 -0.216276
    outer loop
      vertex 20.6195 -35.6 20.0082
      vertex 20.6195 -36.6 20.0082
      vertex 20.616 -36.6 19.9924
    endloop
  endfacet
  facet normal 0.969043 0 -0.24689
    outer loop
      vertex 20.6235 -35.6 20.0239
      vertex 20.6195 -36.6 20.0082
      vertex 20.6195 -35.6 20.0082
    endloop
  endfacet
  facet normal 0.969043 0 -0.24689
    outer loop
      vertex 20.6235 -35.6 20.0239
      vertex 20.6235 -36.6 20.0239
      vertex 20.6195 -36.6 20.0082
    endloop
  endfacet
  facet normal 0.959169 0 -0.282832
    outer loop
      vertex 20.6281 -35.6 20.0395
      vertex 20.6235 -36.6 20.0239
      vertex 20.6235 -35.6 20.0239
    endloop
  endfacet
  facet normal 0.959169 0 -0.282832
    outer loop
      vertex 20.6281 -35.6 20.0395
      vertex 20.6281 -36.6 20.0395
      vertex 20.6235 -36.6 20.0239
    endloop
  endfacet
  facet normal 0.949902 0 -0.312548
    outer loop
      vertex 20.6332 -35.6 20.055
      vertex 20.6281 -36.6 20.0395
      vertex 20.6281 -35.6 20.0395
    endloop
  endfacet
  facet normal 0.949902 0 -0.312548
    outer loop
      vertex 20.6332 -35.6 20.055
      vertex 20.6332 -36.6 20.055
      vertex 20.6281 -36.6 20.0395
    endloop
  endfacet
  facet normal 0.939075 0 -0.343714
    outer loop
      vertex 20.6388 -35.6 20.0703
      vertex 20.6332 -36.6 20.055
      vertex 20.6332 -35.6 20.055
    endloop
  endfacet
  facet normal 0.939075 0 -0.343714
    outer loop
      vertex 20.6388 -35.6 20.0703
      vertex 20.6388 -36.6 20.0703
      vertex 20.6332 -36.6 20.055
    endloop
  endfacet
  facet normal 0.925935 0 -0.377684
    outer loop
      vertex 20.645 -35.6 20.0855
      vertex 20.6388 -36.6 20.0703
      vertex 20.6388 -35.6 20.0703
    endloop
  endfacet
  facet normal 0.925935 0 -0.377684
    outer loop
      vertex 20.645 -35.6 20.0855
      vertex 20.645 -36.6 20.0855
      vertex 20.6388 -36.6 20.0703
    endloop
  endfacet
  facet normal 0.914061 0 -0.405577
    outer loop
      vertex 20.6517 -35.6 20.1006
      vertex 20.645 -36.6 20.0855
      vertex 20.645 -35.6 20.0855
    endloop
  endfacet
  facet normal 0.914061 0 -0.405577
    outer loop
      vertex 20.6517 -35.6 20.1006
      vertex 20.6517 -36.6 20.1006
      vertex 20.645 -36.6 20.0855
    endloop
  endfacet
  facet normal 0.901523 0 -0.432731
    outer loop
      vertex 20.6589 -35.6 20.1156
      vertex 20.6517 -36.6 20.1006
      vertex 20.6517 -35.6 20.1006
    endloop
  endfacet
  facet normal 0.901523 0 -0.432731
    outer loop
      vertex 20.6589 -35.6 20.1156
      vertex 20.6589 -36.6 20.1156
      vertex 20.6517 -36.6 20.1006
    endloop
  endfacet
  facet normal 0.884659 0 -0.466239
    outer loop
      vertex 20.6667 -35.6 20.1304
      vertex 20.6589 -36.6 20.1156
      vertex 20.6589 -35.6 20.1156
    endloop
  endfacet
  facet normal 0.884659 0 -0.466239
    outer loop
      vertex 20.6667 -35.6 20.1304
      vertex 20.6667 -36.6 20.1304
      vertex 20.6589 -36.6 20.1156
    endloop
  endfacet
  facet normal 0.870783 0 -0.491667
    outer loop
      vertex 20.675 -35.6 20.1451
      vertex 20.6667 -36.6 20.1304
      vertex 20.6667 -35.6 20.1304
    endloop
  endfacet
  facet normal 0.870783 0 -0.491667
    outer loop
      vertex 20.675 -35.6 20.1451
      vertex 20.675 -36.6 20.1451
      vertex 20.6667 -36.6 20.1304
    endloop
  endfacet
  facet normal 0.85386 0 -0.520503
    outer loop
      vertex 20.6839 -35.6 20.1597
      vertex 20.675 -36.6 20.1451
      vertex 20.675 -35.6 20.1451
    endloop
  endfacet
  facet normal 0.85386 0 -0.520503
    outer loop
      vertex 20.6839 -35.6 20.1597
      vertex 20.6839 -36.6 20.1597
      vertex 20.675 -36.6 20.1451
    endloop
  endfacet
  facet normal 0.837379 0 -0.546623
    outer loop
      vertex 20.6933 -35.6 20.1741
      vertex 20.6839 -36.6 20.1597
      vertex 20.6839 -35.6 20.1597
    endloop
  endfacet
  facet normal 0.837379 0 -0.546623
    outer loop
      vertex 20.6933 -35.6 20.1741
      vertex 20.6933 -36.6 20.1741
      vertex 20.6839 -36.6 20.1597
    endloop
  endfacet
  facet normal 0.824042 0 -0.566529
    outer loop
      vertex 20.7032 -35.6 20.1885
      vertex 20.6933 -36.6 20.1741
      vertex 20.6933 -35.6 20.1741
    endloop
  endfacet
  facet normal 0.824042 0 -0.566529
    outer loop
      vertex 20.7032 -35.6 20.1885
      vertex 20.7032 -36.6 20.1885
      vertex 20.6933 -36.6 20.1741
    endloop
  endfacet
  facet normal 0.806766 0 -0.590871
    outer loop
      vertex 20.7136 -35.6 20.2027
      vertex 20.7032 -36.6 20.1885
      vertex 20.7032 -35.6 20.1885
    endloop
  endfacet
  facet normal 0.806766 0 -0.590871
    outer loop
      vertex 20.7136 -35.6 20.2027
      vertex 20.7136 -36.6 20.2027
      vertex 20.7032 -36.6 20.1885
    endloop
  endfacet
  facet normal 0.786318 0 -0.617822
    outer loop
      vertex 20.7246 -35.6 20.2167
      vertex 20.7136 -36.6 20.2027
      vertex 20.7136 -35.6 20.2027
    endloop
  endfacet
  facet normal 0.786318 0 -0.617822
    outer loop
      vertex 20.7246 -35.6 20.2167
      vertex 20.7246 -36.6 20.2167
      vertex 20.7136 -36.6 20.2027
    endloop
  endfacet
  facet normal 0.770022 0 -0.638018
    outer loop
      vertex 20.7362 -35.6 20.2307
      vertex 20.7246 -36.6 20.2167
      vertex 20.7246 -35.6 20.2167
    endloop
  endfacet
  facet normal 0.770022 0 -0.638018
    outer loop
      vertex 20.7362 -35.6 20.2307
      vertex 20.7362 -36.6 20.2307
      vertex 20.7246 -36.6 20.2167
    endloop
  endfacet
  facet normal 0.749518 0 -0.661983
    outer loop
      vertex 20.7483 -35.6 20.2444
      vertex 20.7362 -36.6 20.2307
      vertex 20.7362 -35.6 20.2307
    endloop
  endfacet
  facet normal 0.749518 0 -0.661983
    outer loop
      vertex 20.7483 -35.6 20.2444
      vertex 20.7483 -36.6 20.2444
      vertex 20.7362 -36.6 20.2307
    endloop
  endfacet
  facet normal 0.722991 0 -0.690858
    outer loop
      vertex 20.7612 -35.6 20.2579
      vertex 20.7483 -36.6 20.2444
      vertex 20.7483 -35.6 20.2444
    endloop
  endfacet
  facet normal 0.722991 0 -0.690858
    outer loop
      vertex 20.7612 -35.6 20.2579
      vertex 20.7612 -36.6 20.2579
      vertex 20.7483 -36.6 20.2444
    endloop
  endfacet
  facet normal 0.696555 0 -0.717504
    outer loop
      vertex 20.7749 -35.6 20.2712
      vertex 20.7612 -36.6 20.2579
      vertex 20.7612 -35.6 20.2579
    endloop
  endfacet
  facet normal 0.696555 0 -0.717504
    outer loop
      vertex 20.7749 -35.6 20.2712
      vertex 20.7749 -36.6 20.2712
      vertex 20.7612 -36.6 20.2579
    endloop
  endfacet
  facet normal 0.672673 0 -0.73994
    outer loop
      vertex 20.7892 -35.6 20.2842
      vertex 20.7749 -36.6 20.2712
      vertex 20.7749 -35.6 20.2712
    endloop
  endfacet
  facet normal 0.672673 0 -0.73994
    outer loop
      vertex 20.7892 -35.6 20.2842
      vertex 20.7892 -36.6 20.2842
      vertex 20.7749 -36.6 20.2712
    endloop
  endfacet
  facet normal 0.646621 0 -0.762811
    outer loop
      vertex 20.8043 -35.6 20.297
      vertex 20.7892 -36.6 20.2842
      vertex 20.7892 -35.6 20.2842
    endloop
  endfacet
  facet normal 0.646621 0 -0.762811
    outer loop
      vertex 20.8043 -35.6 20.297
      vertex 20.8043 -36.6 20.297
      vertex 20.7892 -36.6 20.2842
    endloop
  endfacet
  facet normal 0.620449 0 -0.784247
    outer loop
      vertex 20.8201 -35.6 20.3095
      vertex 20.8043 -36.6 20.297
      vertex 20.8043 -35.6 20.297
    endloop
  endfacet
  facet normal 0.620449 0 -0.784247
    outer loop
      vertex 20.8201 -35.6 20.3095
      vertex 20.8201 -36.6 20.3095
      vertex 20.8043 -36.6 20.297
    endloop
  endfacet
  facet normal 0.594528 0 -0.804075
    outer loop
      vertex 20.8366 -35.6 20.3217
      vertex 20.8201 -36.6 20.3095
      vertex 20.8201 -35.6 20.3095
    endloop
  endfacet
  facet normal 0.594528 0 -0.804075
    outer loop
      vertex 20.8366 -35.6 20.3217
      vertex 20.8366 -36.6 20.3217
      vertex 20.8201 -36.6 20.3095
    endloop
  endfacet
  facet normal 0.569951 0 -0.821679
    outer loop
      vertex 20.8539 -35.6 20.3337
      vertex 20.8366 -36.6 20.3217
      vertex 20.8366 -35.6 20.3217
    endloop
  endfacet
  facet normal 0.569951 0 -0.821679
    outer loop
      vertex 20.8539 -35.6 20.3337
      vertex 20.8539 -36.6 20.3337
      vertex 20.8366 -36.6 20.3217
    endloop
  endfacet
  facet normal 0.547123 0 -0.837052
    outer loop
      vertex 20.8718 -35.6 20.3454
      vertex 20.8539 -36.6 20.3337
      vertex 20.8539 -35.6 20.3337
    endloop
  endfacet
  facet normal 0.547123 0 -0.837052
    outer loop
      vertex 20.8718 -35.6 20.3454
      vertex 20.8718 -36.6 20.3454
      vertex 20.8539 -36.6 20.3337
    endloop
  endfacet
  facet normal 0.523843 0 -0.851815
    outer loop
      vertex 20.8905 -35.6 20.3569
      vertex 20.8718 -36.6 20.3454
      vertex 20.8718 -35.6 20.3454
    endloop
  endfacet
  facet normal 0.523843 0 -0.851815
    outer loop
      vertex 20.8905 -35.6 20.3569
      vertex 20.8905 -36.6 20.3569
      vertex 20.8718 -36.6 20.3454
    endloop
  endfacet
  facet normal 0.501386 0 -0.865224
    outer loop
      vertex 20.91 -35.6 20.3682
      vertex 20.8905 -36.6 20.3569
      vertex 20.8905 -35.6 20.3569
    endloop
  endfacet
  facet normal 0.501386 0 -0.865224
    outer loop
      vertex 20.91 -35.6 20.3682
      vertex 20.91 -36.6 20.3682
      vertex 20.8905 -36.6 20.3569
    endloop
  endfacet
  facet normal 0.480075 0 -0.877228
    outer loop
      vertex 20.9301 -35.6 20.3792
      vertex 20.91 -36.6 20.3682
      vertex 20.91 -35.6 20.3682
    endloop
  endfacet
  facet normal 0.480075 0 -0.877228
    outer loop
      vertex 20.9301 -35.6 20.3792
      vertex 20.9301 -36.6 20.3792
      vertex 20.91 -36.6 20.3682
    endloop
  endfacet
  facet normal 0.455711 0 -0.890128
    outer loop
      vertex 20.951 -35.6 20.3899
      vertex 20.9301 -36.6 20.3792
      vertex 20.9301 -35.6 20.3792
    endloop
  endfacet
  facet normal 0.455711 0 -0.890128
    outer loop
      vertex 20.951 -35.6 20.3899
      vertex 20.951 -36.6 20.3899
      vertex 20.9301 -36.6 20.3792
    endloop
  endfacet
  facet normal 0.437193 0 -0.899368
    outer loop
      vertex 20.9726 -35.6 20.4004
      vertex 20.951 -36.6 20.3899
      vertex 20.951 -35.6 20.3899
    endloop
  endfacet
  facet normal 0.437193 0 -0.899368
    outer loop
      vertex 20.9726 -35.6 20.4004
      vertex 20.9726 -36.6 20.4004
      vertex 20.951 -36.6 20.3899
    endloop
  endfacet
  facet normal 0.415952 0 -0.909386
    outer loop
      vertex 20.9949 -35.6 20.4106
      vertex 20.9726 -36.6 20.4004
      vertex 20.9726 -35.6 20.4004
    endloop
  endfacet
  facet normal 0.415952 0 -0.909386
    outer loop
      vertex 20.9949 -35.6 20.4106
      vertex 20.9949 -36.6 20.4106
      vertex 20.9726 -36.6 20.4004
    endloop
  endfacet
  facet normal 0.397273 0 -0.917701
    outer loop
      vertex 21.018 -35.6 20.4206
      vertex 20.9949 -36.6 20.4106
      vertex 20.9949 -35.6 20.4106
    endloop
  endfacet
  facet normal 0.397273 0 -0.917701
    outer loop
      vertex 21.018 -35.6 20.4206
      vertex 21.018 -36.6 20.4206
      vertex 20.9949 -36.6 20.4106
    endloop
  endfacet
  facet normal 0.37742 0 -0.926042
    outer loop
      vertex 21.0418 -35.6 20.4303
      vertex 21.018 -36.6 20.4206
      vertex 21.018 -35.6 20.4206
    endloop
  endfacet
  facet normal 0.37742 0 -0.926042
    outer loop
      vertex 21.0418 -35.6 20.4303
      vertex 21.0418 -36.6 20.4303
      vertex 21.018 -36.6 20.4206
    endloop
  endfacet
  facet normal 0.361528 0 -0.932361
    outer loop
      vertex 21.0663 -35.6 20.4398
      vertex 21.0418 -36.6 20.4303
      vertex 21.0418 -35.6 20.4303
    endloop
  endfacet
  facet normal 0.361528 0 -0.932361
    outer loop
      vertex 21.0663 -35.6 20.4398
      vertex 21.0663 -36.6 20.4398
      vertex 21.0418 -36.6 20.4303
    endloop
  endfacet
  facet normal 0.34294 0 -0.939357
    outer loop
      vertex 21.0915 -35.6 20.449
      vertex 21.0663 -36.6 20.4398
      vertex 21.0663 -35.6 20.4398
    endloop
  endfacet
  facet normal 0.34294 0 -0.939357
    outer loop
      vertex 21.0915 -35.6 20.449
      vertex 21.0915 -36.6 20.449
      vertex 21.0663 -36.6 20.4398
    endloop
  endfacet
  facet normal 0.323859 0 -0.946105
    outer loop
      vertex 21.1175 -35.6 20.4579
      vertex 21.0915 -36.6 20.449
      vertex 21.0915 -35.6 20.449
    endloop
  endfacet
  facet normal 0.323859 0 -0.946105
    outer loop
      vertex 21.1175 -35.6 20.4579
      vertex 21.1175 -36.6 20.4579
      vertex 21.0915 -36.6 20.449
    endloop
  endfacet
  facet normal 0.310863 0 -0.950455
    outer loop
      vertex 21.1441 -35.6 20.4666
      vertex 21.1175 -36.6 20.4579
      vertex 21.1175 -35.6 20.4579
    endloop
  endfacet
  facet normal 0.310863 0 -0.950455
    outer loop
      vertex 21.1441 -35.6 20.4666
      vertex 21.1441 -36.6 20.4666
      vertex 21.1175 -36.6 20.4579
    endloop
  endfacet
  facet normal 0.29629 0 -0.955098
    outer loop
      vertex 21.1715 -35.6 20.4751
      vertex 21.1441 -36.6 20.4666
      vertex 21.1441 -35.6 20.4666
    endloop
  endfacet
  facet normal 0.29629 0 -0.955098
    outer loop
      vertex 21.1715 -35.6 20.4751
      vertex 21.1715 -36.6 20.4751
      vertex 21.1441 -36.6 20.4666
    endloop
  endfacet
  facet normal 0.27517 0 -0.961396
    outer loop
      vertex 21.1998 -35.6 20.4832
      vertex 21.1715 -36.6 20.4751
      vertex 21.1715 -35.6 20.4751
    endloop
  endfacet
  facet normal 0.27517 0 -0.961396
    outer loop
      vertex 21.1998 -35.6 20.4832
      vertex 21.1998 -36.6 20.4832
      vertex 21.1715 -36.6 20.4751
    endloop
  endfacet
  facet normal 0.258902 0 -0.965904
    outer loop
      vertex 21.2289 -35.6 20.491
      vertex 21.1998 -36.6 20.4832
      vertex 21.1998 -35.6 20.4832
    endloop
  endfacet
  facet normal 0.258902 0 -0.965904
    outer loop
      vertex 21.2289 -35.6 20.491
      vertex 21.2289 -36.6 20.491
      vertex 21.1998 -36.6 20.4832
    endloop
  endfacet
  facet normal 0.239488 0 -0.970899
    outer loop
      vertex 21.2589 -35.6 20.4984
      vertex 21.2289 -36.6 20.491
      vertex 21.2289 -35.6 20.491
    endloop
  endfacet
  facet normal 0.239488 0 -0.970899
    outer loop
      vertex 21.2589 -35.6 20.4984
      vertex 21.2589 -36.6 20.4984
      vertex 21.2289 -36.6 20.491
    endloop
  endfacet
  facet normal 0.221621 0 -0.975133
    outer loop
      vertex 21.2897 -35.6 20.5054
      vertex 21.2589 -36.6 20.4984
      vertex 21.2589 -35.6 20.4984
    endloop
  endfacet
  facet normal 0.221621 0 -0.975133
    outer loop
      vertex 21.2897 -35.6 20.5054
      vertex 21.2897 -36.6 20.5054
      vertex 21.2589 -36.6 20.4984
    endloop
  endfacet
  facet normal 0.203216 0 -0.979134
    outer loop
      vertex 21.3215 -35.6 20.512
      vertex 21.2897 -36.6 20.5054
      vertex 21.2897 -35.6 20.5054
    endloop
  endfacet
  facet normal 0.203216 0 -0.979134
    outer loop
      vertex 21.3215 -35.6 20.512
      vertex 21.3215 -36.6 20.512
      vertex 21.2897 -36.6 20.5054
    endloop
  endfacet
  facet normal 0.189741 0 -0.981834
    outer loop
      vertex 21.3541 -35.6 20.5183
      vertex 21.3215 -36.6 20.512
      vertex 21.3215 -35.6 20.512
    endloop
  endfacet
  facet normal 0.189741 0 -0.981834
    outer loop
      vertex 21.3541 -35.6 20.5183
      vertex 21.3541 -36.6 20.5183
      vertex 21.3215 -36.6 20.512
    endloop
  endfacet
  facet normal 0.17345 0 -0.984843
    outer loop
      vertex 21.3876 -35.6 20.5242
      vertex 21.3541 -36.6 20.5183
      vertex 21.3541 -35.6 20.5183
    endloop
  endfacet
  facet normal 0.17345 0 -0.984843
    outer loop
      vertex 21.3876 -35.6 20.5242
      vertex 21.3876 -36.6 20.5242
      vertex 21.3541 -36.6 20.5183
    endloop
  endfacet
  facet normal 0.157432 0 -0.98753
    outer loop
      vertex 21.4221 -35.6 20.5297
      vertex 21.3876 -36.6 20.5242
      vertex 21.3876 -35.6 20.5242
    endloop
  endfacet
  facet normal 0.157432 0 -0.98753
    outer loop
      vertex 21.4221 -35.6 20.5297
      vertex 21.4221 -36.6 20.5297
      vertex 21.3876 -36.6 20.5242
    endloop
  endfacet
  facet normal 0.142991 0 -0.989724
    outer loop
      vertex 21.4574 -35.6 20.5348
      vertex 21.4221 -36.6 20.5297
      vertex 21.4221 -35.6 20.5297
    endloop
  endfacet
  facet normal 0.142991 0 -0.989724
    outer loop
      vertex 21.4574 -35.6 20.5348
      vertex 21.4574 -36.6 20.5348
      vertex 21.4221 -36.6 20.5297
    endloop
  endfacet
  facet normal 0.129104 0 -0.991631
    outer loop
      vertex 21.4935 -35.6 20.5395
      vertex 21.4574 -36.6 20.5348
      vertex 21.4574 -35.6 20.5348
    endloop
  endfacet
  facet normal 0.129104 0 -0.991631
    outer loop
      vertex 21.4935 -35.6 20.5395
      vertex 21.4935 -36.6 20.5395
      vertex 21.4574 -36.6 20.5348
    endloop
  endfacet
  facet normal 0.117773 0 -0.993041
    outer loop
      vertex 21.5306 -35.6 20.5439
      vertex 21.4935 -36.6 20.5395
      vertex 21.4935 -35.6 20.5395
    endloop
  endfacet
  facet normal 0.117773 0 -0.993041
    outer loop
      vertex 21.5306 -35.6 20.5439
      vertex 21.5306 -36.6 20.5439
      vertex 21.4935 -36.6 20.5395
    endloop
  endfacet
  facet normal 0.104958 0 -0.994477
    outer loop
      vertex 21.5685 -35.6 20.5479
      vertex 21.5306 -36.6 20.5439
      vertex 21.5306 -35.6 20.5439
    endloop
  endfacet
  facet normal 0.104958 0 -0.994477
    outer loop
      vertex 21.5685 -35.6 20.5479
      vertex 21.5685 -36.6 20.5479
      vertex 21.5306 -36.6 20.5439
    endloop
  endfacet
  facet normal 0.0921512 0 -0.995745
    outer loop
      vertex 21.6074 -35.6 20.5515
      vertex 21.5685 -36.6 20.5479
      vertex 21.5685 -35.6 20.5479
    endloop
  endfacet
  facet normal 0.0921512 0 -0.995745
    outer loop
      vertex 21.6074 -35.6 20.5515
      vertex 21.6074 -36.6 20.5515
      vertex 21.5685 -36.6 20.5479
    endloop
  endfacet
  facet normal 0.080344 0 -0.996767
    outer loop
      vertex 21.6471 -35.6 20.5547
      vertex 21.6074 -36.6 20.5515
      vertex 21.6074 -35.6 20.5515
    endloop
  endfacet
  facet normal 0.080344 0 -0.996767
    outer loop
      vertex 21.6471 -35.6 20.5547
      vertex 21.6471 -36.6 20.5547
      vertex 21.6074 -36.6 20.5515
    endloop
  endfacet
  facet normal 0.0688021 0 -0.99763
    outer loop
      vertex 21.6877 -35.6 20.5575
      vertex 21.6471 -36.6 20.5547
      vertex 21.6471 -35.6 20.5547
    endloop
  endfacet
  facet normal 0.0688021 0 -0.99763
    outer loop
      vertex 21.6877 -35.6 20.5575
      vertex 21.6877 -36.6 20.5575
      vertex 21.6471 -36.6 20.5547
    endloop
  endfacet
  facet normal 0.0602767 0 -0.998182
    outer loop
      vertex 21.7291 -35.6 20.56
      vertex 21.6877 -36.6 20.5575
      vertex 21.6877 -35.6 20.5575
    endloop
  endfacet
  facet normal 0.0602767 0 -0.998182
    outer loop
      vertex 21.7291 -35.6 20.56
      vertex 21.7291 -36.6 20.56
      vertex 21.6877 -36.6 20.5575
    endloop
  endfacet
  facet normal 0.0494677 0 -0.998776
    outer loop
      vertex 21.7715 -35.6 20.5621
      vertex 21.7291 -36.6 20.56
      vertex 21.7291 -35.6 20.56
    endloop
  endfacet
  facet normal 0.0494677 0 -0.998776
    outer loop
      vertex 21.7715 -35.6 20.5621
      vertex 21.7715 -36.6 20.5621
      vertex 21.7291 -36.6 20.56
    endloop
  endfacet
  facet normal 0.0393214 0 -0.999227
    outer loop
      vertex 21.8147 -35.6 20.5638
      vertex 21.7715 -36.6 20.5621
      vertex 21.7715 -35.6 20.5621
    endloop
  endfacet
  facet normal 0.0393214 0 -0.999227
    outer loop
      vertex 21.8147 -35.6 20.5638
      vertex 21.8147 -36.6 20.5638
      vertex 21.7715 -36.6 20.5621
    endloop
  endfacet
  facet normal 0.0293991 0 -0.999568
    outer loop
      vertex 21.8589 -35.6 20.5651
      vertex 21.8147 -36.6 20.5638
      vertex 21.8147 -35.6 20.5638
    endloop
  endfacet
  facet normal 0.0293991 0 -0.999568
    outer loop
      vertex 21.8589 -35.6 20.5651
      vertex 21.8589 -36.6 20.5651
      vertex 21.8147 -36.6 20.5638
    endloop
  endfacet
  facet normal 0.0222167 0 -0.999753
    outer loop
      vertex 21.9039 -35.6 20.5661
      vertex 21.8589 -36.6 20.5651
      vertex 21.8589 -35.6 20.5651
    endloop
  endfacet
  facet normal 0.0222167 0 -0.999753
    outer loop
      vertex 21.9039 -35.6 20.5661
      vertex 21.9039 -36.6 20.5661
      vertex 21.8589 -36.6 20.5651
    endloop
  endfacet
  facet normal 0.0108926 0 -0.999941
    outer loop
      vertex 21.9498 -35.6 20.5666
      vertex 21.9039 -36.6 20.5661
      vertex 21.9039 -35.6 20.5661
    endloop
  endfacet
  facet normal 0.0108926 0 -0.999941
    outer loop
      vertex 21.9498 -35.6 20.5666
      vertex 21.9498 -36.6 20.5666
      vertex 21.9039 -36.6 20.5661
    endloop
  endfacet
  facet normal 0.00427347 0 -0.999991
    outer loop
      vertex 21.9966 -35.6 20.5668
      vertex 21.9498 -36.6 20.5666
      vertex 21.9498 -35.6 20.5666
    endloop
  endfacet
  facet normal 0.00427347 0 -0.999991
    outer loop
      vertex 21.9966 -35.6 20.5668
      vertex 21.9966 -36.6 20.5668
      vertex 21.9498 -36.6 20.5666
    endloop
  endfacet
  facet normal -0.00625966 0 -0.99998
    outer loop
      vertex 22.0605 -35.6 20.5664
      vertex 21.9966 -36.6 20.5668
      vertex 21.9966 -35.6 20.5668
    endloop
  endfacet
  facet normal -0.00625966 -0 -0.99998
    outer loop
      vertex 22.0605 -35.6 20.5664
      vertex 22.0605 -36.6 20.5664
      vertex 21.9966 -36.6 20.5668
    endloop
  endfacet
  facet normal -0.0187175 0 -0.999825
    outer loop
      vertex 22.1246 -35.6 20.5652
      vertex 22.0605 -36.6 20.5664
      vertex 22.0605 -35.6 20.5664
    endloop
  endfacet
  facet normal -0.0187175 -0 -0.999825
    outer loop
      vertex 22.1246 -35.6 20.5652
      vertex 22.1246 -36.6 20.5652
      vertex 22.0605 -36.6 20.5664
    endloop
  endfacet
  facet normal -0.032642 0 -0.999467
    outer loop
      vertex 22.1889 -35.6 20.5631
      vertex 22.1246 -36.6 20.5652
      vertex 22.1246 -35.6 20.5652
    endloop
  endfacet
  facet normal -0.032642 -0 -0.999467
    outer loop
      vertex 22.1889 -35.6 20.5631
      vertex 22.1889 -36.6 20.5631
      vertex 22.1246 -36.6 20.5652
    endloop
  endfacet
  facet normal -0.04337 0 -0.999059
    outer loop
      vertex 22.2534 -35.6 20.5603
      vertex 22.1889 -36.6 20.5631
      vertex 22.1889 -35.6 20.5631
    endloop
  endfacet
  facet normal -0.04337 -0 -0.999059
    outer loop
      vertex 22.2534 -35.6 20.5603
      vertex 22.2534 -36.6 20.5603
      vertex 22.1889 -36.6 20.5631
    endloop
  endfacet
  facet normal -0.0571818 0 -0.998364
    outer loop
      vertex 22.318 -35.6 20.5566
      vertex 22.2534 -36.6 20.5603
      vertex 22.2534 -35.6 20.5603
    endloop
  endfacet
  facet normal -0.0571818 -0 -0.998364
    outer loop
      vertex 22.318 -35.6 20.5566
      vertex 22.318 -36.6 20.5566
      vertex 22.2534 -36.6 20.5603
    endloop
  endfacet
  facet normal -0.0693842 0 -0.99759
    outer loop
      vertex 22.3827 -35.6 20.5521
      vertex 22.318 -36.6 20.5566
      vertex 22.318 -35.6 20.5566
    endloop
  endfacet
  facet normal -0.0693842 -0 -0.99759
    outer loop
      vertex 22.3827 -35.6 20.5521
      vertex 22.3827 -36.6 20.5521
      vertex 22.318 -36.6 20.5566
    endloop
  endfacet
  facet normal -0.0829184 0 -0.996556
    outer loop
      vertex 22.4476 -35.6 20.5467
      vertex 22.3827 -36.6 20.5521
      vertex 22.3827 -35.6 20.5521
    endloop
  endfacet
  facet normal -0.0829184 -0 -0.996556
    outer loop
      vertex 22.4476 -35.6 20.5467
      vertex 22.4476 -36.6 20.5467
      vertex 22.3827 -36.6 20.5521
    endloop
  endfacet
  facet normal -0.0932933 0 -0.995639
    outer loop
      vertex 22.5127 -35.6 20.5406
      vertex 22.4476 -36.6 20.5467
      vertex 22.4476 -35.6 20.5467
    endloop
  endfacet
  facet normal -0.0932933 -0 -0.995639
    outer loop
      vertex 22.5127 -35.6 20.5406
      vertex 22.5127 -36.6 20.5406
      vertex 22.4476 -36.6 20.5467
    endloop
  endfacet
  facet normal -0.106749 0 -0.994286
    outer loop
      vertex 22.5779 -35.6 20.5336
      vertex 22.5127 -36.6 20.5406
      vertex 22.5127 -35.6 20.5406
    endloop
  endfacet
  facet normal -0.106749 -0 -0.994286
    outer loop
      vertex 22.5779 -35.6 20.5336
      vertex 22.5779 -36.6 20.5336
      vertex 22.5127 -36.6 20.5406
    endloop
  endfacet
  facet normal -0.118427 0 -0.992963
    outer loop
      vertex 22.6433 -35.6 20.5258
      vertex 22.5779 -36.6 20.5336
      vertex 22.5779 -35.6 20.5336
    endloop
  endfacet
  facet normal -0.118427 -0 -0.992963
    outer loop
      vertex 22.6433 -35.6 20.5258
      vertex 22.6433 -36.6 20.5258
      vertex 22.5779 -36.6 20.5336
    endloop
  endfacet
  facet normal -0.13018 0 -0.99149
    outer loop
      vertex 22.7088 -35.6 20.5172
      vertex 22.6433 -36.6 20.5258
      vertex 22.6433 -35.6 20.5258
    endloop
  endfacet
  facet normal -0.13018 -0 -0.99149
    outer loop
      vertex 22.7088 -35.6 20.5172
      vertex 22.7088 -36.6 20.5172
      vertex 22.6433 -36.6 20.5258
    endloop
  endfacet
  facet normal -0.142895 0 -0.989738
    outer loop
      vertex 22.7746 -35.6 20.5077
      vertex 22.7088 -36.6 20.5172
      vertex 22.7088 -35.6 20.5172
    endloop
  endfacet
  facet normal -0.142895 -0 -0.989738
    outer loop
      vertex 22.7746 -35.6 20.5077
      vertex 22.7746 -36.6 20.5077
      vertex 22.7088 -36.6 20.5172
    endloop
  endfacet
  facet normal -0.153186 0 -0.988197
    outer loop
      vertex 22.8404 -35.6 20.4975
      vertex 22.7746 -36.6 20.5077
      vertex 22.7746 -35.6 20.5077
    endloop
  endfacet
  facet normal -0.153186 -0 -0.988197
    outer loop
      vertex 22.8404 -35.6 20.4975
      vertex 22.8404 -36.6 20.4975
      vertex 22.7746 -36.6 20.5077
    endloop
  endfacet
  facet normal -0.165853 0 -0.986151
    outer loop
      vertex 22.9064 -35.6 20.4864
      vertex 22.8404 -36.6 20.4975
      vertex 22.8404 -35.6 20.4975
    endloop
  endfacet
  facet normal -0.165853 -0 -0.986151
    outer loop
      vertex 22.9064 -35.6 20.4864
      vertex 22.9064 -36.6 20.4864
      vertex 22.8404 -36.6 20.4975
    endloop
  endfacet
  facet normal -0.176923 0 -0.984225
    outer loop
      vertex 22.9726 -35.6 20.4745
      vertex 22.9064 -36.6 20.4864
      vertex 22.9064 -35.6 20.4864
    endloop
  endfacet
  facet normal -0.176923 -0 -0.984225
    outer loop
      vertex 22.9726 -35.6 20.4745
      vertex 22.9726 -36.6 20.4745
      vertex 22.9064 -36.6 20.4864
    endloop
  endfacet
  facet normal -0.188133 0 -0.982144
    outer loop
      vertex 23.0389 -35.6 20.4618
      vertex 22.9726 -36.6 20.4745
      vertex 22.9726 -35.6 20.4745
    endloop
  endfacet
  facet normal -0.188133 -0 -0.982144
    outer loop
      vertex 23.0389 -35.6 20.4618
      vertex 23.0389 -36.6 20.4618
      vertex 22.9726 -36.6 20.4745
    endloop
  endfacet
  facet normal -0.200364 0 -0.979722
    outer loop
      vertex 23.1054 -35.6 20.4482
      vertex 23.0389 -36.6 20.4618
      vertex 23.0389 -35.6 20.4618
    endloop
  endfacet
  facet normal -0.200364 -0 -0.979722
    outer loop
      vertex 23.1054 -35.6 20.4482
      vertex 23.1054 -36.6 20.4482
      vertex 23.0389 -36.6 20.4618
    endloop
  endfacet
  facet normal -0.211333 0 -0.977414
    outer loop
      vertex 23.172 -35.6 20.4338
      vertex 23.1054 -36.6 20.4482
      vertex 23.1054 -35.6 20.4482
    endloop
  endfacet
  facet normal -0.211333 -0 -0.977414
    outer loop
      vertex 23.172 -35.6 20.4338
      vertex 23.172 -36.6 20.4338
      vertex 23.1054 -36.6 20.4482
    endloop
  endfacet
  facet normal -0.221873 0 -0.975075
    outer loop
      vertex 23.2388 -35.6 20.4186
      vertex 23.172 -36.6 20.4338
      vertex 23.172 -35.6 20.4338
    endloop
  endfacet
  facet normal -0.221873 -0 -0.975075
    outer loop
      vertex 23.2388 -35.6 20.4186
      vertex 23.2388 -36.6 20.4186
      vertex 23.172 -36.6 20.4338
    endloop
  endfacet
  facet normal -0.232275 0 -0.97265
    outer loop
      vertex 23.3058 -35.6 20.4026
      vertex 23.2388 -36.6 20.4186
      vertex 23.2388 -35.6 20.4186
    endloop
  endfacet
  facet normal -0.232275 -0 -0.97265
    outer loop
      vertex 23.3058 -35.6 20.4026
      vertex 23.3058 -36.6 20.4026
      vertex 23.2388 -36.6 20.4186
    endloop
  endfacet
  facet normal -0.242876 0 -0.970057
    outer loop
      vertex 23.3729 -35.6 20.3858
      vertex 23.3058 -36.6 20.4026
      vertex 23.3058 -35.6 20.4026
    endloop
  endfacet
  facet normal -0.242876 -0 -0.970057
    outer loop
      vertex 23.3729 -35.6 20.3858
      vertex 23.3729 -36.6 20.3858
      vertex 23.3058 -36.6 20.4026
    endloop
  endfacet
  facet normal -0.253007 0 -0.967464
    outer loop
      vertex 23.4402 -35.6 20.3682
      vertex 23.3729 -36.6 20.3858
      vertex 23.3729 -35.6 20.3858
    endloop
  endfacet
  facet normal -0.253007 -0 -0.967464
    outer loop
      vertex 23.4402 -35.6 20.3682
      vertex 23.4402 -36.6 20.3682
      vertex 23.3729 -36.6 20.3858
    endloop
  endfacet
  facet normal -0.264326 0 -0.964433
    outer loop
      vertex 23.5077 -35.6 20.3497
      vertex 23.4402 -36.6 20.3682
      vertex 23.4402 -35.6 20.3682
    endloop
  endfacet
  facet normal -0.264326 -0 -0.964433
    outer loop
      vertex 23.5077 -35.6 20.3497
      vertex 23.5077 -36.6 20.3497
      vertex 23.4402 -36.6 20.3682
    endloop
  endfacet
  facet normal -0.274533 0 -0.961578
    outer loop
      vertex 23.5753 -35.6 20.3304
      vertex 23.5077 -36.6 20.3497
      vertex 23.5077 -35.6 20.3497
    endloop
  endfacet
  facet normal -0.274533 -0 -0.961578
    outer loop
      vertex 23.5753 -35.6 20.3304
      vertex 23.5753 -36.6 20.3304
      vertex 23.5077 -36.6 20.3497
    endloop
  endfacet
  facet normal -0.283464 0 -0.958983
    outer loop
      vertex 23.6433 -35.6 20.3103
      vertex 23.5753 -36.6 20.3304
      vertex 23.5753 -35.6 20.3304
    endloop
  endfacet
  facet normal -0.283464 -0 -0.958983
    outer loop
      vertex 23.6433 -35.6 20.3103
      vertex 23.6433 -36.6 20.3103
      vertex 23.5753 -36.6 20.3304
    endloop
  endfacet
  facet normal -0.293395 0 -0.955991
    outer loop
      vertex 23.7114 -35.6 20.2894
      vertex 23.6433 -36.6 20.3103
      vertex 23.6433 -35.6 20.3103
    endloop
  endfacet
  facet normal -0.293395 -0 -0.955991
    outer loop
      vertex 23.7114 -35.6 20.2894
      vertex 23.7114 -36.6 20.2894
      vertex 23.6433 -36.6 20.3103
    endloop
  endfacet
  facet normal -0.302398 0 -0.953182
    outer loop
      vertex 23.7798 -35.6 20.2677
      vertex 23.7114 -36.6 20.2894
      vertex 23.7114 -35.6 20.2894
    endloop
  endfacet
  facet normal -0.302398 -0 -0.953182
    outer loop
      vertex 23.7798 -35.6 20.2677
      vertex 23.7798 -36.6 20.2677
      vertex 23.7114 -36.6 20.2894
    endloop
  endfacet
  facet normal -0.313315 0 -0.949649
    outer loop
      vertex 23.8483 -35.6 20.2451
      vertex 23.7798 -36.6 20.2677
      vertex 23.7798 -35.6 20.2677
    endloop
  endfacet
  facet normal -0.313315 -0 -0.949649
    outer loop
      vertex 23.8483 -35.6 20.2451
      vertex 23.8483 -36.6 20.2451
      vertex 23.7798 -36.6 20.2677
    endloop
  endfacet
  facet normal -0.322001 0 -0.946739
    outer loop
      vertex 23.9171 -35.6 20.2217
      vertex 23.8483 -36.6 20.2451
      vertex 23.8483 -35.6 20.2451
    endloop
  endfacet
  facet normal -0.322001 -0 -0.946739
    outer loop
      vertex 23.9171 -35.6 20.2217
      vertex 23.9171 -36.6 20.2217
      vertex 23.8483 -36.6 20.2451
    endloop
  endfacet
  facet normal -0.33096 0 -0.943645
    outer loop
      vertex 23.9861 -35.6 20.1975
      vertex 23.9171 -36.6 20.2217
      vertex 23.9171 -35.6 20.2217
    endloop
  endfacet
  facet normal -0.33096 -0 -0.943645
    outer loop
      vertex 23.9861 -35.6 20.1975
      vertex 23.9861 -36.6 20.1975
      vertex 23.9171 -36.6 20.2217
    endloop
  endfacet
  facet normal -0.339344 0 -0.940662
    outer loop
      vertex 24.0554 -35.6 20.1725
      vertex 23.9861 -36.6 20.1975
      vertex 23.9861 -35.6 20.1975
    endloop
  endfacet
  facet normal -0.339344 -0 -0.940662
    outer loop
      vertex 24.0554 -35.6 20.1725
      vertex 24.0554 -36.6 20.1725
      vertex 23.9861 -36.6 20.1975
    endloop
  endfacet
  facet normal -0.349644 0 -0.936883
    outer loop
      vertex 24.1248 -35.6 20.1466
      vertex 24.0554 -36.6 20.1725
      vertex 24.0554 -35.6 20.1725
    endloop
  endfacet
  facet normal -0.349644 -0 -0.936883
    outer loop
      vertex 24.1248 -35.6 20.1466
      vertex 24.1248 -36.6 20.1466
      vertex 24.0554 -36.6 20.1725
    endloop
  endfacet
  facet normal -0.356553 0 -0.934275
    outer loop
      vertex 24.1945 -35.6 20.12
      vertex 24.1248 -36.6 20.1466
      vertex 24.1248 -35.6 20.1466
    endloop
  endfacet
  facet normal -0.356553 -0 -0.934275
    outer loop
      vertex 24.1945 -35.6 20.12
      vertex 24.1945 -36.6 20.12
      vertex 24.1248 -36.6 20.1466
    endloop
  endfacet
  facet normal -0.366105 0 -0.930573
    outer loop
      vertex 24.2644 -35.6 20.0925
      vertex 24.1945 -36.6 20.12
      vertex 24.1945 -35.6 20.12
    endloop
  endfacet
  facet normal -0.366105 -0 -0.930573
    outer loop
      vertex 24.2644 -35.6 20.0925
      vertex 24.2644 -36.6 20.0925
      vertex 24.1945 -36.6 20.12
    endloop
  endfacet
  facet normal -0.374354 0 -0.927286
    outer loop
      vertex 24.3345 -35.6 20.0642
      vertex 24.2644 -36.6 20.0925
      vertex 24.2644 -35.6 20.0925
    endloop
  endfacet
  facet normal -0.374354 -0 -0.927286
    outer loop
      vertex 24.3345 -35.6 20.0642
      vertex 24.3345 -36.6 20.0642
      vertex 24.2644 -36.6 20.0925
    endloop
  endfacet
  facet normal -0.383124 0 -0.923697
    outer loop
      vertex 24.4049 -35.6 20.035
      vertex 24.3345 -36.6 20.0642
      vertex 24.3345 -35.6 20.0642
    endloop
  endfacet
  facet normal -0.383124 -0 -0.923697
    outer loop
      vertex 24.4049 -35.6 20.035
      vertex 24.4049 -36.6 20.035
      vertex 24.3345 -36.6 20.0642
    endloop
  endfacet
  facet normal -0.390449 0 -0.920624
    outer loop
      vertex 24.4754 -35.6 20.0051
      vertex 24.4049 -36.6 20.035
      vertex 24.4049 -35.6 20.035
    endloop
  endfacet
  facet normal -0.390449 -0 -0.920624
    outer loop
      vertex 24.4754 -35.6 20.0051
      vertex 24.4754 -36.6 20.0051
      vertex 24.4049 -36.6 20.035
    endloop
  endfacet
  facet normal -0.398916 0 -0.916988
    outer loop
      vertex 24.5462 -35.6 19.9743
      vertex 24.4754 -36.6 20.0051
      vertex 24.4754 -35.6 20.0051
    endloop
  endfacet
  facet normal -0.398916 -0 -0.916988
    outer loop
      vertex 24.5462 -35.6 19.9743
      vertex 24.5462 -36.6 19.9743
      vertex 24.4754 -36.6 20.0051
    endloop
  endfacet
  facet normal -0.406616 0 -0.913599
    outer loop
      vertex 24.6172 -35.6 19.9427
      vertex 24.5462 -36.6 19.9743
      vertex 24.5462 -35.6 19.9743
    endloop
  endfacet
  facet normal -0.406616 -0 -0.913599
    outer loop
      vertex 24.6172 -35.6 19.9427
      vertex 24.6172 -36.6 19.9427
      vertex 24.5462 -36.6 19.9743
    endloop
  endfacet
  facet normal -0.414188 0 -0.910191
    outer loop
      vertex 24.6884 -35.6 19.9103
      vertex 24.6172 -36.6 19.9427
      vertex 24.6172 -35.6 19.9427
    endloop
  endfacet
  facet normal -0.414188 -0 -0.910191
    outer loop
      vertex 24.6884 -35.6 19.9103
      vertex 24.6884 -36.6 19.9103
      vertex 24.6172 -36.6 19.9427
    endloop
  endfacet
  facet normal -0.422191 0 -0.906507
    outer loop
      vertex 24.7599 -35.6 19.877
      vertex 24.6884 -36.6 19.9103
      vertex 24.6884 -35.6 19.9103
    endloop
  endfacet
  facet normal -0.422191 -0 -0.906507
    outer loop
      vertex 24.7599 -35.6 19.877
      vertex 24.7599 -36.6 19.877
      vertex 24.6884 -36.6 19.9103
    endloop
  endfacet
  facet normal -0.428466 0 -0.903558
    outer loop
      vertex 24.8316 -35.6 19.843
      vertex 24.7599 -36.6 19.877
      vertex 24.7599 -35.6 19.877
    endloop
  endfacet
  facet normal -0.428466 -0 -0.903558
    outer loop
      vertex 24.8316 -35.6 19.843
      vertex 24.8316 -36.6 19.843
      vertex 24.7599 -36.6 19.877
    endloop
  endfacet
  facet normal -0.436673 0 -0.899621
    outer loop
      vertex 24.9035 -35.6 19.8081
      vertex 24.8316 -36.6 19.843
      vertex 24.8316 -35.6 19.843
    endloop
  endfacet
  facet normal -0.436673 -0 -0.899621
    outer loop
      vertex 24.9035 -35.6 19.8081
      vertex 24.9035 -36.6 19.8081
      vertex 24.8316 -36.6 19.843
    endloop
  endfacet
  facet normal -0.44373 0 -0.896161
    outer loop
      vertex 24.9756 -35.6 19.7724
      vertex 24.9035 -36.6 19.8081
      vertex 24.9035 -35.6 19.8081
    endloop
  endfacet
  facet normal -0.44373 -0 -0.896161
    outer loop
      vertex 24.9756 -35.6 19.7724
      vertex 24.9756 -36.6 19.7724
      vertex 24.9035 -36.6 19.8081
    endloop
  endfacet
  facet normal 0.92356 0 -0.383453
    outer loop
      vertex 26.0602 -35.6 22.3847
      vertex 24.9756 -36.6 19.7724
      vertex 24.9756 -35.6 19.7724
    endloop
  endfacet
  facet normal 0.92356 0 -0.383453
    outer loop
      vertex 26.0602 -35.6 22.3847
      vertex 26.0602 -36.6 22.3847
      vertex 24.9756 -36.6 19.7724
    endloop
  endfacet
  facet normal 0.483709 0 0.875229
    outer loop
      vertex 25.9833 -35.6 22.4272
      vertex 26.0602 -36.6 22.3847
      vertex 26.0602 -35.6 22.3847
    endloop
  endfacet
  facet normal 0.483709 0 0.875229
    outer loop
      vertex 25.9833 -35.6 22.4272
      vertex 25.9833 -36.6 22.4272
      vertex 26.0602 -36.6 22.3847
    endloop
  endfacet
  facet normal 0.472001 0 0.881598
    outer loop
      vertex 25.9056 -35.6 22.4688
      vertex 25.9833 -36.6 22.4272
      vertex 25.9833 -35.6 22.4272
    endloop
  endfacet
  facet normal 0.472001 0 0.881598
    outer loop
      vertex 25.9056 -35.6 22.4688
      vertex 25.9056 -36.6 22.4688
      vertex 25.9833 -36.6 22.4272
    endloop
  endfacet
  facet normal 0.458038 0 0.888933
    outer loop
      vertex 25.827 -35.6 22.5093
      vertex 25.9056 -36.6 22.4688
      vertex 25.9056 -35.6 22.4688
    endloop
  endfacet
  facet normal 0.458038 0 0.888933
    outer loop
      vertex 25.827 -35.6 22.5093
      vertex 25.827 -36.6 22.5093
      vertex 25.9056 -36.6 22.4688
    endloop
  endfacet
  facet normal 0.446312 0 0.894878
    outer loop
      vertex 25.7476 -35.6 22.5489
      vertex 25.827 -36.6 22.5093
      vertex 25.827 -35.6 22.5093
    endloop
  endfacet
  facet normal 0.446312 0 0.894878
    outer loop
      vertex 25.7476 -35.6 22.5489
      vertex 25.7476 -36.6 22.5489
      vertex 25.827 -36.6 22.5093
    endloop
  endfacet
  facet normal 0.431892 0 0.901925
    outer loop
      vertex 25.6672 -35.6 22.5874
      vertex 25.7476 -36.6 22.5489
      vertex 25.7476 -35.6 22.5489
    endloop
  endfacet
  facet normal 0.431892 0 0.901925
    outer loop
      vertex 25.6672 -35.6 22.5874
      vertex 25.6672 -36.6 22.5874
      vertex 25.7476 -36.6 22.5489
    endloop
  endfacet
  facet normal 0.419271 0 0.907861
    outer loop
      vertex 25.586 -35.6 22.6249
      vertex 25.6672 -36.6 22.5874
      vertex 25.6672 -35.6 22.5874
    endloop
  endfacet
  facet normal 0.419271 0 0.907861
    outer loop
      vertex 25.586 -35.6 22.6249
      vertex 25.586 -36.6 22.6249
      vertex 25.6672 -36.6 22.5874
    endloop
  endfacet
  facet normal 0.405829 0 0.913949
    outer loop
      vertex 25.5038 -35.6 22.6614
      vertex 25.586 -36.6 22.6249
      vertex 25.586 -35.6 22.6249
    endloop
  endfacet
  facet normal 0.405829 0 0.913949
    outer loop
      vertex 25.5038 -35.6 22.6614
      vertex 25.5038 -36.6 22.6614
      vertex 25.586 -36.6 22.6249
    endloop
  endfacet
  facet normal 0.392314 0 0.919831
    outer loop
      vertex 25.4208 -35.6 22.6968
      vertex 25.5038 -36.6 22.6614
      vertex 25.5038 -35.6 22.6614
    endloop
  endfacet
  facet normal 0.392314 0 0.919831
    outer loop
      vertex 25.4208 -35.6 22.6968
      vertex 25.4208 -36.6 22.6968
      vertex 25.5038 -36.6 22.6614
    endloop
  endfacet
  facet normal 0.380306 0 0.924861
    outer loop
      vertex 25.3369 -35.6 22.7313
      vertex 25.4208 -36.6 22.6968
      vertex 25.4208 -35.6 22.6968
    endloop
  endfacet
  facet normal 0.380306 0 0.924861
    outer loop
      vertex 25.3369 -35.6 22.7313
      vertex 25.3369 -36.6 22.7313
      vertex 25.4208 -36.6 22.6968
    endloop
  endfacet
  facet normal 0.367791 0 0.929908
    outer loop
      vertex 25.2522 -35.6 22.7648
      vertex 25.3369 -36.6 22.7313
      vertex 25.3369 -35.6 22.7313
    endloop
  endfacet
  facet normal 0.367791 0 0.929908
    outer loop
      vertex 25.2522 -35.6 22.7648
      vertex 25.2522 -36.6 22.7648
      vertex 25.3369 -36.6 22.7313
    endloop
  endfacet
  facet normal 0.353634 0 0.935384
    outer loop
      vertex 25.1665 -35.6 22.7972
      vertex 25.2522 -36.6 22.7648
      vertex 25.2522 -35.6 22.7648
    endloop
  endfacet
  facet normal 0.353634 0 0.935384
    outer loop
      vertex 25.1665 -35.6 22.7972
      vertex 25.1665 -36.6 22.7972
      vertex 25.2522 -36.6 22.7648
    endloop
  endfacet
  facet normal 0.342179 0 0.939635
    outer loop
      vertex 25.08 -35.6 22.8287
      vertex 25.1665 -36.6 22.7972
      vertex 25.1665 -35.6 22.7972
    endloop
  endfacet
  facet normal 0.342179 0 0.939635
    outer loop
      vertex 25.08 -35.6 22.8287
      vertex 25.08 -36.6 22.8287
      vertex 25.1665 -36.6 22.7972
    endloop
  endfacet
  facet normal 0.328186 0 0.944613
    outer loop
      vertex 24.9925 -35.6 22.8591
      vertex 25.08 -36.6 22.8287
      vertex 25.08 -35.6 22.8287
    endloop
  endfacet
  facet normal 0.328186 0 0.944613
    outer loop
      vertex 24.9925 -35.6 22.8591
      vertex 24.9925 -36.6 22.8591
      vertex 25.08 -36.6 22.8287
    endloop
  endfacet
  facet normal 0.315905 0 0.948791
    outer loop
      vertex 24.9042 -35.6 22.8885
      vertex 24.9925 -36.6 22.8591
      vertex 24.9925 -35.6 22.8591
    endloop
  endfacet
  facet normal 0.315905 0 0.948791
    outer loop
      vertex 24.9042 -35.6 22.8885
      vertex 24.9042 -36.6 22.8885
      vertex 24.9925 -36.6 22.8591
    endloop
  endfacet
  facet normal 0.30338 0 0.95287
    outer loop
      vertex 24.815 -35.6 22.9169
      vertex 24.9042 -36.6 22.8885
      vertex 24.9042 -35.6 22.8885
    endloop
  endfacet
  facet normal 0.30338 0 0.95287
    outer loop
      vertex 24.815 -35.6 22.9169
      vertex 24.815 -36.6 22.9169
      vertex 24.9042 -36.6 22.8885
    endloop
  endfacet
  facet normal 0.29095 0 0.956738
    outer loop
      vertex 24.7249 -35.6 22.9443
      vertex 24.815 -36.6 22.9169
      vertex 24.815 -35.6 22.9169
    endloop
  endfacet
  facet normal 0.29095 0 0.956738
    outer loop
      vertex 24.7249 -35.6 22.9443
      vertex 24.7249 -36.6 22.9443
      vertex 24.815 -36.6 22.9169
    endloop
  endfacet
  facet normal 0.278904 0 0.960319
    outer loop
      vertex 24.634 -35.6 22.9707
      vertex 24.7249 -36.6 22.9443
      vertex 24.7249 -35.6 22.9443
    endloop
  endfacet
  facet normal 0.278904 0 0.960319
    outer loop
      vertex 24.634 -35.6 22.9707
      vertex 24.634 -36.6 22.9707
      vertex 24.7249 -36.6 22.9443
    endloop
  endfacet
  facet normal 0.266399 0 0.963863
    outer loop
      vertex 24.5421 -35.6 22.9961
      vertex 24.634 -36.6 22.9707
      vertex 24.634 -35.6 22.9707
    endloop
  endfacet
  facet normal 0.266399 0 0.963863
    outer loop
      vertex 24.5421 -35.6 22.9961
      vertex 24.5421 -36.6 22.9961
      vertex 24.634 -36.6 22.9707
    endloop
  endfacet
  facet normal 0.253569 0 0.967317
    outer loop
      vertex 24.4494 -35.6 23.0204
      vertex 24.5421 -36.6 22.9961
      vertex 24.5421 -35.6 22.9961
    endloop
  endfacet
  facet normal 0.253569 0 0.967317
    outer loop
      vertex 24.4494 -35.6 23.0204
      vertex 24.4494 -36.6 23.0204
      vertex 24.5421 -36.6 22.9961
    endloop
  endfacet
  facet normal 0.242292 0 0.970203
    outer loop
      vertex 24.3557 -35.6 23.0438
      vertex 24.4494 -36.6 23.0204
      vertex 24.4494 -35.6 23.0204
    endloop
  endfacet
  facet normal 0.242292 0 0.970203
    outer loop
      vertex 24.3557 -35.6 23.0438
      vertex 24.3557 -36.6 23.0438
      vertex 24.4494 -36.6 23.0204
    endloop
  endfacet
  facet normal 0.229671 0 0.973268
    outer loop
      vertex 24.2612 -35.6 23.0661
      vertex 24.3557 -36.6 23.0438
      vertex 24.3557 -35.6 23.0438
    endloop
  endfacet
  facet normal 0.229671 0 0.973268
    outer loop
      vertex 24.2612 -35.6 23.0661
      vertex 24.2612 -36.6 23.0661
      vertex 24.3557 -36.6 23.0438
    endloop
  endfacet
  facet normal 0.219098 0 0.975703
    outer loop
      vertex 24.1659 -35.6 23.0875
      vertex 24.2612 -36.6 23.0661
      vertex 24.2612 -35.6 23.0661
    endloop
  endfacet
  facet normal 0.219098 0 0.975703
    outer loop
      vertex 24.1659 -35.6 23.0875
      vertex 24.1659 -36.6 23.0875
      vertex 24.2612 -36.6 23.0661
    endloop
  endfacet
  facet normal 0.20709 0 0.978322
    outer loop
      vertex 24.07 -35.6 23.1078
      vertex 24.1659 -36.6 23.0875
      vertex 24.1659 -35.6 23.0875
    endloop
  endfacet
  facet normal 0.20709 0 0.978322
    outer loop
      vertex 24.07 -35.6 23.1078
      vertex 24.07 -36.6 23.1078
      vertex 24.1659 -36.6 23.0875
    endloop
  endfacet
  facet normal 0.198861 0 0.980028
    outer loop
      vertex 23.9739 -35.6 23.1273
      vertex 24.07 -36.6 23.1078
      vertex 24.07 -35.6 23.1078
    endloop
  endfacet
  facet normal 0.198861 0 0.980028
    outer loop
      vertex 23.9739 -35.6 23.1273
      vertex 23.9739 -36.6 23.1273
      vertex 24.07 -36.6 23.1078
    endloop
  endfacet
  facet normal 0.188051 0 0.982159
    outer loop
      vertex 23.8778 -35.6 23.1457
      vertex 23.9739 -36.6 23.1273
      vertex 23.9739 -35.6 23.1273
    endloop
  endfacet
  facet normal 0.188051 0 0.982159
    outer loop
      vertex 23.8778 -35.6 23.1457
      vertex 23.8778 -36.6 23.1457
      vertex 23.9739 -36.6 23.1273
    endloop
  endfacet
  facet normal 0.178796 0 0.983886
    outer loop
      vertex 23.7815 -35.6 23.1632
      vertex 23.8778 -36.6 23.1457
      vertex 23.8778 -35.6 23.1457
    endloop
  endfacet
  facet normal 0.178796 0 0.983886
    outer loop
      vertex 23.7815 -35.6 23.1632
      vertex 23.7815 -36.6 23.1632
      vertex 23.8778 -36.6 23.1457
    endloop
  endfacet
  facet normal 0.169702 0 0.985496
    outer loop
      vertex 23.6851 -35.6 23.1798
      vertex 23.7815 -36.6 23.1632
      vertex 23.7815 -35.6 23.1632
    endloop
  endfacet
  facet normal 0.169702 0 0.985496
    outer loop
      vertex 23.6851 -35.6 23.1798
      vertex 23.6851 -36.6 23.1798
      vertex 23.7815 -36.6 23.1632
    endloop
  endfacet
  facet normal 0.159586 0 0.987184
    outer loop
      vertex 23.5886 -35.6 23.1954
      vertex 23.6851 -36.6 23.1798
      vertex 23.6851 -35.6 23.1798
    endloop
  endfacet
  facet normal 0.159586 0 0.987184
    outer loop
      vertex 23.5886 -35.6 23.1954
      vertex 23.5886 -36.6 23.1954
      vertex 23.6851 -36.6 23.1798
    endloop
  endfacet
  facet normal 0.150442 0 0.988619
    outer loop
      vertex 23.492 -35.6 23.2101
      vertex 23.5886 -36.6 23.1954
      vertex 23.5886 -35.6 23.1954
    endloop
  endfacet
  facet normal 0.150442 0 0.988619
    outer loop
      vertex 23.492 -35.6 23.2101
      vertex 23.492 -36.6 23.2101
      vertex 23.5886 -36.6 23.1954
    endloop
  endfacet
  facet normal 0.140132 0 0.990133
    outer loop
      vertex 23.3952 -35.6 23.2238
      vertex 23.492 -36.6 23.2101
      vertex 23.492 -35.6 23.2101
    endloop
  endfacet
  facet normal 0.140132 0 0.990133
    outer loop
      vertex 23.3952 -35.6 23.2238
      vertex 23.3952 -36.6 23.2238
      vertex 23.492 -36.6 23.2101
    endloop
  endfacet
  facet normal 0.130957 0 0.991388
    outer loop
      vertex 23.2983 -35.6 23.2366
      vertex 23.3952 -36.6 23.2238
      vertex 23.3952 -35.6 23.2238
    endloop
  endfacet
  facet normal 0.130957 0 0.991388
    outer loop
      vertex 23.2983 -35.6 23.2366
      vertex 23.2983 -36.6 23.2366
      vertex 23.3952 -36.6 23.2238
    endloop
  endfacet
  facet normal 0.120759 0 0.992682
    outer loop
      vertex 23.2013 -35.6 23.2484
      vertex 23.2983 -36.6 23.2366
      vertex 23.2983 -35.6 23.2366
    endloop
  endfacet
  facet normal 0.120759 0 0.992682
    outer loop
      vertex 23.2013 -35.6 23.2484
      vertex 23.2013 -36.6 23.2484
      vertex 23.2983 -36.6 23.2366
    endloop
  endfacet
  facet normal 0.111441 0 0.993771
    outer loop
      vertex 23.1041 -35.6 23.2593
      vertex 23.2013 -36.6 23.2484
      vertex 23.2013 -35.6 23.2484
    endloop
  endfacet
  facet normal 0.111441 0 0.993771
    outer loop
      vertex 23.1041 -35.6 23.2593
      vertex 23.1041 -36.6 23.2593
      vertex 23.2013 -36.6 23.2484
    endloop
  endfacet
  facet normal 0.102236 0 0.99476
    outer loop
      vertex 23.0068 -35.6 23.2693
      vertex 23.1041 -36.6 23.2593
      vertex 23.1041 -35.6 23.2593
    endloop
  endfacet
  facet normal 0.102236 0 0.99476
    outer loop
      vertex 23.0068 -35.6 23.2693
      vertex 23.0068 -36.6 23.2693
      vertex 23.1041 -36.6 23.2593
    endloop
  endfacet
  facet normal 0.0920105 0 0.995758
    outer loop
      vertex 22.9094 -35.6 23.2783
      vertex 23.0068 -36.6 23.2693
      vertex 23.0068 -35.6 23.2693
    endloop
  endfacet
  facet normal 0.0920105 0 0.995758
    outer loop
      vertex 22.9094 -35.6 23.2783
      vertex 22.9094 -36.6 23.2783
      vertex 23.0068 -36.6 23.2693
    endloop
  endfacet
  facet normal 0.0817765 0 0.996651
    outer loop
      vertex 22.8119 -35.6 23.2863
      vertex 22.9094 -36.6 23.2783
      vertex 22.9094 -35.6 23.2783
    endloop
  endfacet
  facet normal 0.0817765 0 0.996651
    outer loop
      vertex 22.8119 -35.6 23.2863
      vertex 22.8119 -36.6 23.2863
      vertex 22.9094 -36.6 23.2783
    endloop
  endfacet
  facet normal 0.0724803 0 0.99737
    outer loop
      vertex 22.7142 -35.6 23.2934
      vertex 22.8119 -36.6 23.2863
      vertex 22.8119 -35.6 23.2863
    endloop
  endfacet
  facet normal 0.0724803 0 0.99737
    outer loop
      vertex 22.7142 -35.6 23.2934
      vertex 22.7142 -36.6 23.2934
      vertex 22.8119 -36.6 23.2863
    endloop
  endfacet
  facet normal 0.0633322 0 0.997993
    outer loop
      vertex 22.6165 -35.6 23.2996
      vertex 22.7142 -36.6 23.2934
      vertex 22.7142 -35.6 23.2934
    endloop
  endfacet
  facet normal 0.0633322 0 0.997993
    outer loop
      vertex 22.6165 -35.6 23.2996
      vertex 22.6165 -36.6 23.2996
      vertex 22.7142 -36.6 23.2934
    endloop
  endfacet
  facet normal 0.0530407 0 0.998592
    outer loop
      vertex 22.5186 -35.6 23.3048
      vertex 22.6165 -36.6 23.2996
      vertex 22.6165 -35.6 23.2996
    endloop
  endfacet
  facet normal 0.0530407 0 0.998592
    outer loop
      vertex 22.5186 -35.6 23.3048
      vertex 22.5186 -36.6 23.3048
      vertex 22.6165 -36.6 23.2996
    endloop
  endfacet
  facet normal 0.0427743 0 0.999085
    outer loop
      vertex 22.4205 -35.6 23.309
      vertex 22.5186 -36.6 23.3048
      vertex 22.5186 -35.6 23.3048
    endloop
  endfacet
  facet normal 0.0427743 0 0.999085
    outer loop
      vertex 22.4205 -35.6 23.309
      vertex 22.4205 -36.6 23.309
      vertex 22.5186 -36.6 23.3048
    endloop
  endfacet
  facet normal 0.0346377 0 0.9994
    outer loop
      vertex 22.3224 -35.6 23.3124
      vertex 22.4205 -36.6 23.309
      vertex 22.4205 -35.6 23.309
    endloop
  endfacet
  facet normal 0.0346377 0 0.9994
    outer loop
      vertex 22.3224 -35.6 23.3124
      vertex 22.3224 -36.6 23.3124
      vertex 22.4205 -36.6 23.309
    endloop
  endfacet
  facet normal 0.0233914 0 0.999726
    outer loop
      vertex 22.2241 -35.6 23.3147
      vertex 22.3224 -36.6 23.3124
      vertex 22.3224 -35.6 23.3124
    endloop
  endfacet
  facet normal 0.0233914 0 0.999726
    outer loop
      vertex 22.2241 -35.6 23.3147
      vertex 22.2241 -36.6 23.3147
      vertex 22.3224 -36.6 23.3124
    endloop
  endfacet
  facet normal 0.0142262 0 0.999899
    outer loop
      vertex 22.1257 -35.6 23.3161
      vertex 22.2241 -36.6 23.3147
      vertex 22.2241 -35.6 23.3147
    endloop
  endfacet
  facet normal 0.0142262 0 0.999899
    outer loop
      vertex 22.1257 -35.6 23.3161
      vertex 22.1257 -36.6 23.3161
      vertex 22.2241 -36.6 23.3147
    endloop
  endfacet
  facet normal 0.00507093 0 0.999987
    outer loop
      vertex 22.0271 -35.6 23.3166
      vertex 22.1257 -36.6 23.3161
      vertex 22.1257 -35.6 23.3161
    endloop
  endfacet
  facet normal 0.00507093 0 0.999987
    outer loop
      vertex 22.0271 -35.6 23.3166
      vertex 22.0271 -36.6 23.3166
      vertex 22.1257 -36.6 23.3161
    endloop
  endfacet
  facet normal -0.00672028 0 0.999977
    outer loop
      vertex 21.8783 -35.6 23.3156
      vertex 22.0271 -36.6 23.3166
      vertex 22.0271 -35.6 23.3166
    endloop
  endfacet
  facet normal -0.00672028 0 0.999977
    outer loop
      vertex 21.8783 -35.6 23.3156
      vertex 21.8783 -36.6 23.3156
      vertex 22.0271 -36.6 23.3166
    endloop
  endfacet
  facet normal -0.0204456 0 0.999791
    outer loop
      vertex 21.7316 -35.6 23.3126
      vertex 21.8783 -36.6 23.3156
      vertex 21.8783 -35.6 23.3156
    endloop
  endfacet
  facet normal -0.0204456 0 0.999791
    outer loop
      vertex 21.7316 -35.6 23.3126
      vertex 21.7316 -36.6 23.3126
      vertex 21.8783 -36.6 23.3156
    endloop
  endfacet
  facet normal -0.0352966 0 0.999377
    outer loop
      vertex 21.5872 -35.6 23.3075
      vertex 21.7316 -36.6 23.3126
      vertex 21.7316 -35.6 23.3126
    endloop
  endfacet
  facet normal -0.0352966 0 0.999377
    outer loop
      vertex 21.5872 -35.6 23.3075
      vertex 21.5872 -36.6 23.3075
      vertex 21.7316 -36.6 23.3126
    endloop
  endfacet
  facet normal -0.0492014 0 0.998789
    outer loop
      vertex 21.4451 -35.6 23.3005
      vertex 21.5872 -36.6 23.3075
      vertex 21.5872 -35.6 23.3075
    endloop
  endfacet
  facet normal -0.0492014 0 0.998789
    outer loop
      vertex 21.4451 -35.6 23.3005
      vertex 21.4451 -36.6 23.3005
      vertex 21.5872 -36.6 23.3075
    endloop
  endfacet
  facet normal -0.0649093 0 0.997891
    outer loop
      vertex 21.3052 -35.6 23.2914
      vertex 21.4451 -36.6 23.3005
      vertex 21.4451 -35.6 23.3005
    endloop
  endfacet
  facet normal -0.0649093 0 0.997891
    outer loop
      vertex 21.3052 -35.6 23.2914
      vertex 21.3052 -36.6 23.2914
      vertex 21.4451 -36.6 23.3005
    endloop
  endfacet
  facet normal -0.0803494 0 0.996767
    outer loop
      vertex 21.1675 -35.6 23.2803
      vertex 21.3052 -36.6 23.2914
      vertex 21.3052 -35.6 23.2914
    endloop
  endfacet
  facet normal -0.0803494 0 0.996767
    outer loop
      vertex 21.1675 -35.6 23.2803
      vertex 21.1675 -36.6 23.2803
      vertex 21.3052 -36.6 23.2914
    endloop
  endfacet
  facet normal -0.0970289 0 0.995282
    outer loop
      vertex 21.0321 -35.6 23.2671
      vertex 21.1675 -36.6 23.2803
      vertex 21.1675 -35.6 23.2803
    endloop
  endfacet
  facet normal -0.0970289 0 0.995282
    outer loop
      vertex 21.0321 -35.6 23.2671
      vertex 21.0321 -36.6 23.2671
      vertex 21.1675 -36.6 23.2803
    endloop
  endfacet
  facet normal -0.112642 0 0.993636
    outer loop
      vertex 20.8989 -35.6 23.252
      vertex 21.0321 -36.6 23.2671
      vertex 21.0321 -35.6 23.2671
    endloop
  endfacet
  facet normal -0.112642 0 0.993636
    outer loop
      vertex 20.8989 -35.6 23.252
      vertex 20.8989 -36.6 23.252
      vertex 21.0321 -36.6 23.2671
    endloop
  endfacet
  facet normal -0.130278 0 0.991477
    outer loop
      vertex 20.768 -35.6 23.2348
      vertex 20.8989 -36.6 23.252
      vertex 20.8989 -35.6 23.252
    endloop
  endfacet
  facet normal -0.130278 0 0.991477
    outer loop
      vertex 20.768 -35.6 23.2348
      vertex 20.768 -36.6 23.2348
      vertex 20.8989 -36.6 23.252
    endloop
  endfacet
  facet normal -0.147551 0 0.989054
    outer loop
      vertex 20.6393 -35.6 23.2156
      vertex 20.768 -36.6 23.2348
      vertex 20.768 -35.6 23.2348
    endloop
  endfacet
  facet normal -0.147551 0 0.989054
    outer loop
      vertex 20.6393 -35.6 23.2156
      vertex 20.6393 -36.6 23.2156
      vertex 20.768 -36.6 23.2348
    endloop
  endfacet
  facet normal -0.165284 0 0.986246
    outer loop
      vertex 20.5128 -35.6 23.1944
      vertex 20.6393 -36.6 23.2156
      vertex 20.6393 -35.6 23.2156
    endloop
  endfacet
  facet normal -0.165284 0 0.986246
    outer loop
      vertex 20.5128 -35.6 23.1944
      vertex 20.5128 -36.6 23.1944
      vertex 20.6393 -36.6 23.2156
    endloop
  endfacet
  facet normal -0.183619 0 0.982997
    outer loop
      vertex 20.3886 -35.6 23.1712
      vertex 20.5128 -36.6 23.1944
      vertex 20.5128 -35.6 23.1944
    endloop
  endfacet
  facet normal -0.183619 0 0.982997
    outer loop
      vertex 20.3886 -35.6 23.1712
      vertex 20.3886 -36.6 23.1712
      vertex 20.5128 -36.6 23.1944
    endloop
  endfacet
  facet normal -0.203057 0 0.979167
    outer loop
      vertex 20.2666 -35.6 23.1459
      vertex 20.3886 -36.6 23.1712
      vertex 20.3886 -35.6 23.1712
    endloop
  endfacet
  facet normal -0.203057 0 0.979167
    outer loop
      vertex 20.2666 -35.6 23.1459
      vertex 20.2666 -36.6 23.1459
      vertex 20.3886 -36.6 23.1712
    endloop
  endfacet
  facet normal -0.22236 0 0.974965
    outer loop
      vertex 20.1469 -35.6 23.1186
      vertex 20.2666 -36.6 23.1459
      vertex 20.2666 -35.6 23.1459
    endloop
  endfacet
  facet normal -0.22236 0 0.974965
    outer loop
      vertex 20.1469 -35.6 23.1186
      vertex 20.1469 -36.6 23.1186
      vertex 20.2666 -36.6 23.1459
    endloop
  endfacet
  facet normal -0.241175 0 0.970482
    outer loop
      vertex 20.0294 -35.6 23.0894
      vertex 20.1469 -36.6 23.1186
      vertex 20.1469 -35.6 23.1186
    endloop
  endfacet
  facet normal -0.241175 0 0.970482
    outer loop
      vertex 20.0294 -35.6 23.0894
      vertex 20.0294 -36.6 23.0894
      vertex 20.1469 -36.6 23.1186
    endloop
  endfacet
  facet normal -0.261984 0 0.965072
    outer loop
      vertex 19.9141 -35.6 23.0581
      vertex 20.0294 -36.6 23.0894
      vertex 20.0294 -35.6 23.0894
    endloop
  endfacet
  facet normal -0.261984 0 0.965072
    outer loop
      vertex 19.9141 -35.6 23.0581
      vertex 19.9141 -36.6 23.0581
      vertex 20.0294 -36.6 23.0894
    endloop
  endfacet
  facet normal -0.283453 0 0.958986
    outer loop
      vertex 19.8011 -35.6 23.0247
      vertex 19.9141 -36.6 23.0581
      vertex 19.9141 -35.6 23.0581
    endloop
  endfacet
  facet normal -0.283453 0 0.958986
    outer loop
      vertex 19.8011 -35.6 23.0247
      vertex 19.8011 -36.6 23.0247
      vertex 19.9141 -36.6 23.0581
    endloop
  endfacet
  facet normal -0.303559 0 0.952813
    outer loop
      vertex 19.6903 -35.6 22.9894
      vertex 19.8011 -36.6 23.0247
      vertex 19.8011 -35.6 23.0247
    endloop
  endfacet
  facet normal -0.303559 0 0.952813
    outer loop
      vertex 19.6903 -35.6 22.9894
      vertex 19.6903 -36.6 22.9894
      vertex 19.8011 -36.6 23.0247
    endloop
  endfacet
  facet normal -0.325883 0 0.94541
    outer loop
      vertex 19.5818 -35.6 22.952
      vertex 19.6903 -36.6 22.9894
      vertex 19.6903 -35.6 22.9894
    endloop
  endfacet
  facet normal -0.325883 0 0.94541
    outer loop
      vertex 19.5818 -35.6 22.952
      vertex 19.5818 -36.6 22.952
      vertex 19.6903 -36.6 22.9894
    endloop
  endfacet
  facet normal -0.347544 0 0.937664
    outer loop
      vertex 19.4755 -35.6 22.9126
      vertex 19.5818 -36.6 22.952
      vertex 19.5818 -35.6 22.952
    endloop
  endfacet
  facet normal -0.347544 0 0.937664
    outer loop
      vertex 19.4755 -35.6 22.9126
      vertex 19.4755 -36.6 22.9126
      vertex 19.5818 -36.6 22.952
    endloop
  endfacet
  facet normal -0.36985 0 0.929092
    outer loop
      vertex 19.3715 -35.6 22.8712
      vertex 19.4755 -36.6 22.9126
      vertex 19.4755 -35.6 22.9126
    endloop
  endfacet
  facet normal -0.36985 0 0.929092
    outer loop
      vertex 19.3715 -35.6 22.8712
      vertex 19.3715 -36.6 22.8712
      vertex 19.4755 -36.6 22.9126
    endloop
  endfacet
  facet normal -0.392174 0 0.919891
    outer loop
      vertex 19.2697 -35.6 22.8278
      vertex 19.3715 -36.6 22.8712
      vertex 19.3715 -35.6 22.8712
    endloop
  endfacet
  facet normal -0.392174 0 0.919891
    outer loop
      vertex 19.2697 -35.6 22.8278
      vertex 19.2697 -36.6 22.8278
      vertex 19.3715 -36.6 22.8712
    endloop
  endfacet
  facet normal -0.413252 0 0.910617
    outer loop
      vertex 19.1701 -35.6 22.7826
      vertex 19.2697 -36.6 22.8278
      vertex 19.2697 -35.6 22.8278
    endloop
  endfacet
  facet normal -0.413252 0 0.910617
    outer loop
      vertex 19.1701 -35.6 22.7826
      vertex 19.1701 -36.6 22.7826
      vertex 19.2697 -36.6 22.8278
    endloop
  endfacet
  facet normal -0.430438 0 0.90262
    outer loop
      vertex 19.0728 -35.6 22.7362
      vertex 19.1701 -36.6 22.7826
      vertex 19.1701 -35.6 22.7826
    endloop
  endfacet
  facet normal -0.430438 0 0.90262
    outer loop
      vertex 19.0728 -35.6 22.7362
      vertex 19.0728 -36.6 22.7362
      vertex 19.1701 -36.6 22.7826
    endloop
  endfacet
  facet normal -0.450219 0 0.892918
    outer loop
      vertex 18.9778 -35.6 22.6883
      vertex 19.0728 -36.6 22.7362
      vertex 19.0728 -35.6 22.7362
    endloop
  endfacet
  facet normal -0.450219 0 0.892918
    outer loop
      vertex 18.9778 -35.6 22.6883
      vertex 18.9778 -36.6 22.6883
      vertex 19.0728 -36.6 22.7362
    endloop
  endfacet
  facet normal -0.468063 0 0.883695
    outer loop
      vertex 18.8851 -35.6 22.6392
      vertex 18.9778 -36.6 22.6883
      vertex 18.9778 -35.6 22.6883
    endloop
  endfacet
  facet normal -0.468063 0 0.883695
    outer loop
      vertex 18.8851 -35.6 22.6392
      vertex 18.8851 -36.6 22.6392
      vertex 18.9778 -36.6 22.6883
    endloop
  endfacet
  facet normal -0.488016 0 0.872835
    outer loop
      vertex 18.7946 -35.6 22.5886
      vertex 18.8851 -36.6 22.6392
      vertex 18.8851 -35.6 22.6392
    endloop
  endfacet
  facet normal -0.488016 0 0.872835
    outer loop
      vertex 18.7946 -35.6 22.5886
      vertex 18.7946 -36.6 22.5886
      vertex 18.8851 -36.6 22.6392
    endloop
  endfacet
  facet normal -0.507148 0 0.861859
    outer loop
      vertex 18.7064 -35.6 22.5367
      vertex 18.7946 -36.6 22.5886
      vertex 18.7946 -35.6 22.5886
    endloop
  endfacet
  facet normal -0.507148 0 0.861859
    outer loop
      vertex 18.7064 -35.6 22.5367
      vertex 18.7064 -36.6 22.5367
      vertex 18.7946 -36.6 22.5886
    endloop
  endfacet
  facet normal -0.52724 0 0.849717
    outer loop
      vertex 18.6205 -35.6 22.4834
      vertex 18.7064 -36.6 22.5367
      vertex 18.7064 -35.6 22.5367
    endloop
  endfacet
  facet normal -0.52724 0 0.849717
    outer loop
      vertex 18.6205 -35.6 22.4834
      vertex 18.6205 -36.6 22.4834
      vertex 18.7064 -36.6 22.5367
    endloop
  endfacet
  facet normal -0.546359 0 0.837551
    outer loop
      vertex 18.5368 -35.6 22.4288
      vertex 18.6205 -36.6 22.4834
      vertex 18.6205 -35.6 22.4834
    endloop
  endfacet
  facet normal -0.546359 0 0.837551
    outer loop
      vertex 18.5368 -35.6 22.4288
      vertex 18.5368 -36.6 22.4288
      vertex 18.6205 -36.6 22.4834
    endloop
  endfacet
  facet normal -0.567259 0 0.823539
    outer loop
      vertex 18.4555 -35.6 22.3728
      vertex 18.5368 -36.6 22.4288
      vertex 18.5368 -35.6 22.4288
    endloop
  endfacet
  facet normal -0.567259 0 0.823539
    outer loop
      vertex 18.4555 -35.6 22.3728
      vertex 18.4555 -36.6 22.3728
      vertex 18.5368 -36.6 22.4288
    endloop
  endfacet
  facet normal -0.586649 0 0.809841
    outer loop
      vertex 18.3764 -35.6 22.3155
      vertex 18.4555 -36.6 22.3728
      vertex 18.4555 -35.6 22.3728
    endloop
  endfacet
  facet normal -0.586649 0 0.809841
    outer loop
      vertex 18.3764 -35.6 22.3155
      vertex 18.3764 -36.6 22.3155
      vertex 18.4555 -36.6 22.3728
    endloop
  endfacet
  facet normal -0.607258 0 0.794505
    outer loop
      vertex 18.2996 -35.6 22.2568
      vertex 18.3764 -36.6 22.3155
      vertex 18.3764 -35.6 22.3155
    endloop
  endfacet
  facet normal -0.607258 0 0.794505
    outer loop
      vertex 18.2996 -35.6 22.2568
      vertex 18.2996 -36.6 22.2568
      vertex 18.3764 -36.6 22.3155
    endloop
  endfacet
  facet normal -0.626731 0 0.779236
    outer loop
      vertex 18.225 -35.6 22.1968
      vertex 18.2996 -36.6 22.2568
      vertex 18.2996 -35.6 22.2568
    endloop
  endfacet
  facet normal -0.626731 0 0.779236
    outer loop
      vertex 18.225 -35.6 22.1968
      vertex 18.225 -36.6 22.1968
      vertex 18.2996 -36.6 22.2568
    endloop
  endfacet
  facet normal -0.647312 0 0.762225
    outer loop
      vertex 18.1527 -35.6 22.1354
      vertex 18.225 -36.6 22.1968
      vertex 18.225 -35.6 22.1968
    endloop
  endfacet
  facet normal -0.647312 0 0.762225
    outer loop
      vertex 18.1527 -35.6 22.1354
      vertex 18.1527 -36.6 22.1354
      vertex 18.225 -36.6 22.1968
    endloop
  endfacet
  facet normal -0.667789 0 0.744351
    outer loop
      vertex 18.0827 -35.6 22.0726
      vertex 18.1527 -36.6 22.1354
      vertex 18.1527 -35.6 22.1354
    endloop
  endfacet
  facet normal -0.667789 0 0.744351
    outer loop
      vertex 18.0827 -35.6 22.0726
      vertex 18.0827 -36.6 22.0726
      vertex 18.1527 -36.6 22.1354
    endloop
  endfacet
  facet normal -0.687536 0 0.72615
    outer loop
      vertex 18.015 -35.6 22.0085
      vertex 18.0827 -36.6 22.0726
      vertex 18.0827 -35.6 22.0726
    endloop
  endfacet
  facet normal -0.687536 0 0.72615
    outer loop
      vertex 18.015 -35.6 22.0085
      vertex 18.015 -36.6 22.0085
      vertex 18.0827 -36.6 22.0726
    endloop
  endfacet
  facet normal -0.707107 0 0.707107
    outer loop
      vertex 17.9495 -35.6 21.943
      vertex 18.015 -36.6 22.0085
      vertex 18.015 -35.6 22.0085
    endloop
  endfacet
  facet normal -0.707107 0 0.707107
    outer loop
      vertex 17.9495 -35.6 21.943
      vertex 17.9495 -36.6 21.943
      vertex 18.015 -36.6 22.0085
    endloop
  endfacet
  facet normal -0.72641 0 0.687262
    outer loop
      vertex 17.8863 -35.6 21.8762
      vertex 17.9495 -36.6 21.943
      vertex 17.9495 -35.6 21.943
    endloop
  endfacet
  facet normal -0.72641 0 0.687262
    outer loop
      vertex 17.8863 -35.6 21.8762
      vertex 17.8863 -36.6 21.8762
      vertex 17.9495 -36.6 21.943
    endloop
  endfacet
  facet normal -0.745899 0 0.666059
    outer loop
      vertex 17.8254 -35.6 21.808
      vertex 17.8863 -36.6 21.8762
      vertex 17.8863 -35.6 21.8762
    endloop
  endfacet
  facet normal -0.745899 0 0.666059
    outer loop
      vertex 17.8254 -35.6 21.808
      vertex 17.8254 -36.6 21.808
      vertex 17.8863 -36.6 21.8762
    endloop
  endfacet
  facet normal -0.764968 0 0.644068
    outer loop
      vertex 17.7668 -35.6 21.7384
      vertex 17.8254 -36.6 21.808
      vertex 17.8254 -35.6 21.808
    endloop
  endfacet
  facet normal -0.764968 0 0.644068
    outer loop
      vertex 17.7668 -35.6 21.7384
      vertex 17.7668 -36.6 21.7384
      vertex 17.8254 -36.6 21.808
    endloop
  endfacet
  facet normal -0.782589 0 0.622539
    outer loop
      vertex 17.7104 -35.6 21.6675
      vertex 17.7668 -36.6 21.7384
      vertex 17.7668 -35.6 21.7384
    endloop
  endfacet
  facet normal -0.782589 0 0.622539
    outer loop
      vertex 17.7104 -35.6 21.6675
      vertex 17.7104 -36.6 21.6675
      vertex 17.7668 -36.6 21.7384
    endloop
  endfacet
  facet normal -0.800266 0 0.599645
    outer loop
      vertex 17.6563 -35.6 21.5953
      vertex 17.7104 -36.6 21.6675
      vertex 17.7104 -35.6 21.6675
    endloop
  endfacet
  facet normal -0.800266 0 0.599645
    outer loop
      vertex 17.6563 -35.6 21.5953
      vertex 17.6563 -36.6 21.5953
      vertex 17.7104 -36.6 21.6675
    endloop
  endfacet
  facet normal -0.818135 0 0.575026
    outer loop
      vertex 17.6045 -35.6 21.5216
      vertex 17.6563 -36.6 21.5953
      vertex 17.6563 -35.6 21.5953
    endloop
  endfacet
  facet normal -0.818135 0 0.575026
    outer loop
      vertex 17.6045 -35.6 21.5216
      vertex 17.6045 -36.6 21.5216
      vertex 17.6563 -36.6 21.5953
    endloop
  endfacet
  facet normal -0.832737 0 0.553669
    outer loop
      vertex 17.5549 -35.6 21.447
      vertex 17.6045 -36.6 21.5216
      vertex 17.6045 -35.6 21.5216
    endloop
  endfacet
  facet normal -0.832737 0 0.553669
    outer loop
      vertex 17.5549 -35.6 21.447
      vertex 17.5549 -36.6 21.447
      vertex 17.6045 -36.6 21.5216
    endloop
  endfacet
  facet normal -0.847619 0 0.530605
    outer loop
      vertex 17.5077 -35.6 21.3716
      vertex 17.5549 -36.6 21.447
      vertex 17.5549 -35.6 21.447
    endloop
  endfacet
  facet normal -0.847619 0 0.530605
    outer loop
      vertex 17.5077 -35.6 21.3716
      vertex 17.5077 -36.6 21.3716
      vertex 17.5549 -36.6 21.447
    endloop
  endfacet
  facet normal -0.861264 0 0.508157
    outer loop
      vertex 17.4628 -35.6 21.2955
      vertex 17.5077 -36.6 21.3716
      vertex 17.5077 -35.6 21.3716
    endloop
  endfacet
  facet normal -0.861264 0 0.508157
    outer loop
      vertex 17.4628 -35.6 21.2955
      vertex 17.4628 -36.6 21.2955
      vertex 17.5077 -36.6 21.3716
    endloop
  endfacet
  facet normal -0.874265 0 0.48545
    outer loop
      vertex 17.4201 -35.6 21.2186
      vertex 17.4628 -36.6 21.2955
      vertex 17.4628 -35.6 21.2955
    endloop
  endfacet
  facet normal -0.874265 0 0.48545
    outer loop
      vertex 17.4201 -35.6 21.2186
      vertex 17.4201 -36.6 21.2186
      vertex 17.4628 -36.6 21.2955
    endloop
  endfacet
  facet normal -0.88746 0 0.460885
    outer loop
      vertex 17.3798 -35.6 21.141
      vertex 17.4201 -36.6 21.2186
      vertex 17.4201 -35.6 21.2186
    endloop
  endfacet
  facet normal -0.88746 0 0.460885
    outer loop
      vertex 17.3798 -35.6 21.141
      vertex 17.3798 -36.6 21.141
      vertex 17.4201 -36.6 21.2186
    endloop
  endfacet
  facet normal -0.899431 0 0.437063
    outer loop
      vertex 17.3418 -35.6 21.0628
      vertex 17.3798 -36.6 21.141
      vertex 17.3798 -35.6 21.141
    endloop
  endfacet
  facet normal -0.899431 0 0.437063
    outer loop
      vertex 17.3418 -35.6 21.0628
      vertex 17.3418 -36.6 21.0628
      vertex 17.3798 -36.6 21.141
    endloop
  endfacet
  facet normal -0.911468 0 0.411371
    outer loop
      vertex 17.3061 -35.6 20.9837
      vertex 17.3418 -36.6 21.0628
      vertex 17.3418 -35.6 21.0628
    endloop
  endfacet
  facet normal -0.911468 0 0.411371
    outer loop
      vertex 17.3061 -35.6 20.9837
      vertex 17.3061 -36.6 20.9837
      vertex 17.3418 -36.6 21.0628
    endloop
  endfacet
  facet normal -0.922288 0 0.386504
    outer loop
      vertex 17.2727 -35.6 20.904
      vertex 17.3061 -36.6 20.9837
      vertex 17.3061 -35.6 20.9837
    endloop
  endfacet
  facet normal -0.922288 0 0.386504
    outer loop
      vertex 17.2727 -35.6 20.904
      vertex 17.2727 -36.6 20.904
      vertex 17.3061 -36.6 20.9837
    endloop
  endfacet
  facet normal -0.932807 0 0.360376
    outer loop
      vertex 17.2416 -35.6 20.8235
      vertex 17.2727 -36.6 20.904
      vertex 17.2727 -35.6 20.904
    endloop
  endfacet
  facet normal -0.932807 0 0.360376
    outer loop
      vertex 17.2416 -35.6 20.8235
      vertex 17.2416 -36.6 20.8235
      vertex 17.2727 -36.6 20.904
    endloop
  endfacet
  facet normal -0.942475 0 0.334277
    outer loop
      vertex 17.2128 -35.6 20.7423
      vertex 17.2416 -36.6 20.8235
      vertex 17.2416 -35.6 20.8235
    endloop
  endfacet
  facet normal -0.942475 0 0.334277
    outer loop
      vertex 17.2128 -35.6 20.7423
      vertex 17.2128 -36.6 20.7423
      vertex 17.2416 -36.6 20.8235
    endloop
  endfacet
  facet normal -0.951435 0 0.307851
    outer loop
      vertex 17.1863 -35.6 20.6604
      vertex 17.2128 -36.6 20.7423
      vertex 17.2128 -35.6 20.7423
    endloop
  endfacet
  facet normal -0.951435 0 0.307851
    outer loop
      vertex 17.1863 -35.6 20.6604
      vertex 17.1863 -36.6 20.6604
      vertex 17.2128 -36.6 20.7423
    endloop
  endfacet
  facet normal -0.959753 0 0.280847
    outer loop
      vertex 17.1621 -35.6 20.5777
      vertex 17.1863 -36.6 20.6604
      vertex 17.1863 -35.6 20.6604
    endloop
  endfacet
  facet normal -0.959753 0 0.280847
    outer loop
      vertex 17.1621 -35.6 20.5777
      vertex 17.1621 -36.6 20.5777
      vertex 17.1863 -36.6 20.6604
    endloop
  endfacet
  facet normal -0.96721 0 0.253979
    outer loop
      vertex 17.1402 -35.6 20.4943
      vertex 17.1621 -36.6 20.5777
      vertex 17.1621 -35.6 20.5777
    endloop
  endfacet
  facet normal -0.96721 0 0.253979
    outer loop
      vertex 17.1402 -35.6 20.4943
      vertex 17.1402 -36.6 20.4943
      vertex 17.1621 -36.6 20.5777
    endloop
  endfacet
  facet normal -0.973901 0 0.226973
    outer loop
      vertex 17.1206 -35.6 20.4102
      vertex 17.1402 -36.6 20.4943
      vertex 17.1402 -35.6 20.4943
    endloop
  endfacet
  facet normal -0.973901 0 0.226973
    outer loop
      vertex 17.1206 -35.6 20.4102
      vertex 17.1206 -36.6 20.4102
      vertex 17.1402 -36.6 20.4943
    endloop
  endfacet
  facet normal -0.979818 0 0.199892
    outer loop
      vertex 17.1033 -35.6 20.3254
      vertex 17.1206 -36.6 20.4102
      vertex 17.1206 -35.6 20.4102
    endloop
  endfacet
  facet normal -0.979818 0 0.199892
    outer loop
      vertex 17.1033 -35.6 20.3254
      vertex 17.1033 -36.6 20.3254
      vertex 17.1206 -36.6 20.4102
    endloop
  endfacet
  facet normal -0.984957 0 0.172799
    outer loop
      vertex 17.0883 -35.6 20.2399
      vertex 17.1033 -36.6 20.3254
      vertex 17.1033 -35.6 20.3254
    endloop
  endfacet
  facet normal -0.984957 0 0.172799
    outer loop
      vertex 17.0883 -35.6 20.2399
      vertex 17.0883 -36.6 20.2399
      vertex 17.1033 -36.6 20.3254
    endloop
  endfacet
  facet normal -0.989509 0 0.144471
    outer loop
      vertex 17.0757 -35.6 20.1536
      vertex 17.0883 -36.6 20.2399
      vertex 17.0883 -35.6 20.2399
    endloop
  endfacet
  facet normal -0.989509 0 0.144471
    outer loop
      vertex 17.0757 -35.6 20.1536
      vertex 17.0757 -36.6 20.1536
      vertex 17.0883 -36.6 20.2399
    endloop
  endfacet
  facet normal -0.992931 0 0.118695
    outer loop
      vertex 17.0653 -35.6 20.0666
      vertex 17.0757 -36.6 20.1536
      vertex 17.0757 -35.6 20.1536
    endloop
  endfacet
  facet normal -0.992931 0 0.118695
    outer loop
      vertex 17.0653 -35.6 20.0666
      vertex 17.0653 -36.6 20.0666
      vertex 17.0757 -36.6 20.1536
    endloop
  endfacet
  facet normal -0.995875 0 0.0907403
    outer loop
      vertex 17.0573 -35.6 19.9788
      vertex 17.0653 -36.6 20.0666
      vertex 17.0653 -35.6 20.0666
    endloop
  endfacet
  facet normal -0.995875 0 0.0907403
    outer loop
      vertex 17.0573 -35.6 19.9788
      vertex 17.0573 -36.6 19.9788
      vertex 17.0653 -36.6 20.0666
    endloop
  endfacet
  facet normal -0.997855 0 0.0654701
    outer loop
      vertex 17.0515 -35.6 19.8904
      vertex 17.0573 -36.6 19.9788
      vertex 17.0573 -35.6 19.9788
    endloop
  endfacet
  facet normal -0.997855 0 0.0654701
    outer loop
      vertex 17.0515 -35.6 19.8904
      vertex 17.0515 -36.6 19.8904
      vertex 17.0573 -36.6 19.9788
    endloop
  endfacet
  facet normal -0.999231 0 0.0392075
    outer loop
      vertex 17.048 -35.6 19.8012
      vertex 17.0515 -36.6 19.8904
      vertex 17.0515 -35.6 19.8904
    endloop
  endfacet
  facet normal -0.999231 0 0.0392075
    outer loop
      vertex 17.048 -35.6 19.8012
      vertex 17.048 -36.6 19.8012
      vertex 17.0515 -36.6 19.8904
    endloop
  endfacet
  facet normal -0.999925 0 0.0122349
    outer loop
      vertex 17.0469 -35.6 19.7113
      vertex 17.048 -36.6 19.8012
      vertex 17.048 -35.6 19.8012
    endloop
  endfacet
  facet normal -0.999925 0 0.0122349
    outer loop
      vertex 17.0469 -35.6 19.7113
      vertex 17.0469 -36.6 19.7113
      vertex 17.048 -36.6 19.8012
    endloop
  endfacet
  facet normal -0.99997 0 -0.00777179
    outer loop
      vertex 17.0475 -35.6 19.6341
      vertex 17.0469 -36.6 19.7113
      vertex 17.0469 -35.6 19.7113
    endloop
  endfacet
  facet normal -0.99997 -0 -0.00777179
    outer loop
      vertex 17.0475 -35.6 19.6341
      vertex 17.0475 -36.6 19.6341
      vertex 17.0469 -36.6 19.7113
    endloop
  endfacet
  facet normal -0.999655 0 -0.0262721
    outer loop
      vertex 17.0495 -35.6 19.558
      vertex 17.0475 -36.6 19.6341
      vertex 17.0475 -35.6 19.6341
    endloop
  endfacet
  facet normal -0.999655 -0 -0.0262721
    outer loop
      vertex 17.0495 -35.6 19.558
      vertex 17.0495 -36.6 19.558
      vertex 17.0475 -36.6 19.6341
    endloop
  endfacet
  facet normal -0.999028 0 -0.0440748
    outer loop
      vertex 17.0528 -35.6 19.4832
      vertex 17.0495 -36.6 19.558
      vertex 17.0495 -35.6 19.558
    endloop
  endfacet
  facet normal -0.999028 -0 -0.0440748
    outer loop
      vertex 17.0528 -35.6 19.4832
      vertex 17.0528 -36.6 19.4832
      vertex 17.0495 -36.6 19.558
    endloop
  endfacet
  facet normal -0.997973 0 -0.0636428
    outer loop
      vertex 17.0575 -35.6 19.4095
      vertex 17.0528 -36.6 19.4832
      vertex 17.0528 -35.6 19.4832
    endloop
  endfacet
  facet normal -0.997973 -0 -0.0636428
    outer loop
      vertex 17.0575 -35.6 19.4095
      vertex 17.0575 -36.6 19.4095
      vertex 17.0528 -36.6 19.4832
    endloop
  endfacet
  facet normal -0.996705 0 -0.0811112
    outer loop
      vertex 17.0634 -35.6 19.337
      vertex 17.0575 -36.6 19.4095
      vertex 17.0575 -35.6 19.4095
    endloop
  endfacet
  facet normal -0.996705 -0 -0.0811112
    outer loop
      vertex 17.0634 -35.6 19.337
      vertex 17.0634 -36.6 19.337
      vertex 17.0575 -36.6 19.4095
    endloop
  endfacet
  facet normal -0.994814 0 -0.101711
    outer loop
      vertex 17.0707 -35.6 19.2656
      vertex 17.0634 -36.6 19.337
      vertex 17.0634 -35.6 19.337
    endloop
  endfacet
  facet normal -0.994814 -0 -0.101711
    outer loop
      vertex 17.0707 -35.6 19.2656
      vertex 17.0707 -36.6 19.2656
      vertex 17.0634 -36.6 19.337
    endloop
  endfacet
  facet normal -0.992558 0 -0.121769
    outer loop
      vertex 17.0793 -35.6 19.1955
      vertex 17.0707 -36.6 19.2656
      vertex 17.0707 -35.6 19.2656
    endloop
  endfacet
  facet normal -0.992558 -0 -0.121769
    outer loop
      vertex 17.0793 -35.6 19.1955
      vertex 17.0793 -36.6 19.1955
      vertex 17.0707 -36.6 19.2656
    endloop
  endfacet
  facet normal -0.989661 0 -0.143429
    outer loop
      vertex 17.0893 -35.6 19.1265
      vertex 17.0793 -36.6 19.1955
      vertex 17.0793 -35.6 19.1955
    endloop
  endfacet
  facet normal -0.989661 -0 -0.143429
    outer loop
      vertex 17.0893 -35.6 19.1265
      vertex 17.0893 -36.6 19.1265
      vertex 17.0793 -36.6 19.1955
    endloop
  endfacet
  facet normal -0.986433 0 -0.164163
    outer loop
      vertex 17.1006 -35.6 19.0586
      vertex 17.0893 -36.6 19.1265
      vertex 17.0893 -35.6 19.1265
    endloop
  endfacet
  facet normal -0.986433 -0 -0.164163
    outer loop
      vertex 17.1006 -35.6 19.0586
      vertex 17.1006 -36.6 19.0586
      vertex 17.0893 -36.6 19.1265
    endloop
  endfacet
  facet normal -0.982889 0 -0.1842
    outer loop
      vertex 17.1131 -35.6 18.9919
      vertex 17.1006 -36.6 19.0586
      vertex 17.1006 -35.6 19.0586
    endloop
  endfacet
  facet normal -0.982889 -0 -0.1842
    outer loop
      vertex 17.1131 -35.6 18.9919
      vertex 17.1131 -36.6 18.9919
      vertex 17.1006 -36.6 19.0586
    endloop
  endfacet
  facet normal -0.977912 0 -0.209019
    outer loop
      vertex 17.1271 -35.6 18.9264
      vertex 17.1131 -36.6 18.9919
      vertex 17.1131 -35.6 18.9919
    endloop
  endfacet
  facet normal -0.977912 -0 -0.209019
    outer loop
      vertex 17.1271 -35.6 18.9264
      vertex 17.1271 -36.6 18.9264
      vertex 17.1131 -36.6 18.9919
    endloop
  endfacet
  facet normal -0.973178 0 -0.230052
    outer loop
      vertex 17.1423 -35.6 18.8621
      vertex 17.1271 -36.6 18.9264
      vertex 17.1271 -35.6 18.9264
    endloop
  endfacet
  facet normal -0.973178 -0 -0.230052
    outer loop
      vertex 17.1423 -35.6 18.8621
      vertex 17.1423 -36.6 18.8621
      vertex 17.1271 -36.6 18.9264
    endloop
  endfacet
  facet normal -0.967193 0 -0.254041
    outer loop
      vertex 17.1589 -35.6 18.7989
      vertex 17.1423 -36.6 18.8621
      vertex 17.1423 -35.6 18.8621
    endloop
  endfacet
  facet normal -0.967193 -0 -0.254041
    outer loop
      vertex 17.1589 -35.6 18.7989
      vertex 17.1589 -36.6 18.7989
      vertex 17.1423 -36.6 18.8621
    endloop
  endfacet
  facet normal -0.96076 0 -0.277381
    outer loop
      vertex 17.1768 -35.6 18.7369
      vertex 17.1589 -36.6 18.7989
      vertex 17.1589 -35.6 18.7989
    endloop
  endfacet
  facet normal -0.96076 -0 -0.277381
    outer loop
      vertex 17.1768 -35.6 18.7369
      vertex 17.1768 -36.6 18.7369
      vertex 17.1589 -36.6 18.7989
    endloop
  endfacet
  facet normal -0.953583 0 -0.301131
    outer loop
      vertex 17.196 -35.6 18.6761
      vertex 17.1768 -36.6 18.7369
      vertex 17.1768 -35.6 18.7369
    endloop
  endfacet
  facet normal -0.953583 -0 -0.301131
    outer loop
      vertex 17.196 -35.6 18.6761
      vertex 17.196 -36.6 18.6761
      vertex 17.1768 -36.6 18.7369
    endloop
  endfacet
  facet normal -0.945793 0 -0.32477
    outer loop
      vertex 17.2165 -35.6 18.6164
      vertex 17.196 -36.6 18.6761
      vertex 17.196 -35.6 18.6761
    endloop
  endfacet
  facet normal -0.945793 -0 -0.32477
    outer loop
      vertex 17.2165 -35.6 18.6164
      vertex 17.2165 -36.6 18.6164
      vertex 17.196 -36.6 18.6761
    endloop
  endfacet
  facet normal -0.936526 0 -0.350597
    outer loop
      vertex 17.2384 -35.6 18.5579
      vertex 17.2165 -36.6 18.6164
      vertex 17.2165 -35.6 18.6164
    endloop
  endfacet
  facet normal -0.936526 -0 -0.350597
    outer loop
      vertex 17.2384 -35.6 18.5579
      vertex 17.2384 -36.6 18.5579
      vertex 17.2165 -36.6 18.6164
    endloop
  endfacet
  facet normal -0.926907 0 -0.375292
    outer loop
      vertex 17.2616 -35.6 18.5006
      vertex 17.2384 -36.6 18.5579
      vertex 17.2384 -35.6 18.5579
    endloop
  endfacet
  facet normal -0.926907 -0 -0.375292
    outer loop
      vertex 17.2616 -35.6 18.5006
      vertex 17.2616 -36.6 18.5006
      vertex 17.2384 -36.6 18.5579
    endloop
  endfacet
  facet normal -0.916681 0 -0.399621
    outer loop
      vertex 17.2861 -35.6 18.4444
      vertex 17.2616 -36.6 18.5006
      vertex 17.2616 -35.6 18.5006
    endloop
  endfacet
  facet normal -0.916681 -0 -0.399621
    outer loop
      vertex 17.2861 -35.6 18.4444
      vertex 17.2861 -36.6 18.4444
      vertex 17.2616 -36.6 18.5006
    endloop
  endfacet
  facet normal -0.904707 0 -0.426035
    outer loop
      vertex 17.312 -35.6 18.3894
      vertex 17.2861 -36.6 18.4444
      vertex 17.2861 -35.6 18.4444
    endloop
  endfacet
  facet normal -0.904707 -0 -0.426035
    outer loop
      vertex 17.312 -35.6 18.3894
      vertex 17.312 -36.6 18.3894
      vertex 17.2861 -36.6 18.4444
    endloop
  endfacet
  facet normal -0.893095 0 -0.449868
    outer loop
      vertex 17.3391 -35.6 18.3356
      vertex 17.312 -36.6 18.3894
      vertex 17.312 -35.6 18.3894
    endloop
  endfacet
  facet normal -0.893095 -0 -0.449868
    outer loop
      vertex 17.3391 -35.6 18.3356
      vertex 17.3391 -36.6 18.3356
      vertex 17.312 -36.6 18.3894
    endloop
  endfacet
  facet normal -0.879612 0 -0.475692
    outer loop
      vertex 17.3676 -35.6 18.2829
      vertex 17.3391 -36.6 18.3356
      vertex 17.3391 -35.6 18.3356
    endloop
  endfacet
  facet normal -0.879612 -0 -0.475692
    outer loop
      vertex 17.3676 -35.6 18.2829
      vertex 17.3676 -36.6 18.2829
      vertex 17.3391 -36.6 18.3356
    endloop
  endfacet
  facet normal -0.867414 0 -0.497587
    outer loop
      vertex 17.3972 -35.6 18.2313
      vertex 17.3676 -36.6 18.2829
      vertex 17.3676 -35.6 18.2829
    endloop
  endfacet
  facet normal -0.867414 -0 -0.497587
    outer loop
      vertex 17.3972 -35.6 18.2313
      vertex 17.3972 -36.6 18.2313
      vertex 17.3676 -36.6 18.2829
    endloop
  endfacet
  facet normal -0.856896 0 -0.51549
    outer loop
      vertex 17.4277 -35.6 18.1806
      vertex 17.3972 -36.6 18.2313
      vertex 17.3972 -35.6 18.2313
    endloop
  endfacet
  facet normal -0.856896 -0 -0.51549
    outer loop
      vertex 17.4277 -35.6 18.1806
      vertex 17.4277 -36.6 18.1806
      vertex 17.3972 -36.6 18.2313
    endloop
  endfacet
  facet normal -0.846658 0 -0.532137
    outer loop
      vertex 17.459 -35.6 18.1308
      vertex 17.4277 -36.6 18.1806
      vertex 17.4277 -35.6 18.1806
    endloop
  endfacet
  facet normal -0.846658 -0 -0.532137
    outer loop
      vertex 17.459 -35.6 18.1308
      vertex 17.459 -36.6 18.1308
      vertex 17.4277 -36.6 18.1806
    endloop
  endfacet
  facet normal -0.835974 0 -0.548768
    outer loop
      vertex 17.4911 -35.6 18.0819
      vertex 17.459 -36.6 18.1308
      vertex 17.459 -35.6 18.1308
    endloop
  endfacet
  facet normal -0.835974 -0 -0.548768
    outer loop
      vertex 17.4911 -35.6 18.0819
      vertex 17.4911 -36.6 18.0819
      vertex 17.459 -36.6 18.1308
    endloop
  endfacet
  facet normal -0.824042 0 -0.566529
    outer loop
      vertex 17.5241 -35.6 18.0339
      vertex 17.4911 -36.6 18.0819
      vertex 17.4911 -35.6 18.0819
    endloop
  endfacet
  facet normal -0.824042 -0 -0.566529
    outer loop
      vertex 17.5241 -35.6 18.0339
      vertex 17.5241 -36.6 18.0339
      vertex 17.4911 -36.6 18.0819
    endloop
  endfacet
  facet normal -0.811043 0 -0.584986
    outer loop
      vertex 17.558 -35.6 17.9869
      vertex 17.5241 -36.6 18.0339
      vertex 17.5241 -35.6 18.0339
    endloop
  endfacet
  facet normal -0.811043 -0 -0.584986
    outer loop
      vertex 17.558 -35.6 17.9869
      vertex 17.558 -36.6 17.9869
      vertex 17.5241 -36.6 18.0339
    endloop
  endfacet
  facet normal -0.798959 0 -0.601386
    outer loop
      vertex 17.5927 -35.6 17.9408
      vertex 17.558 -36.6 17.9869
      vertex 17.558 -35.6 17.9869
    endloop
  endfacet
  facet normal -0.798959 -0 -0.601386
    outer loop
      vertex 17.5927 -35.6 17.9408
      vertex 17.5927 -36.6 17.9408
      vertex 17.558 -36.6 17.9869
    endloop
  endfacet
  facet normal -0.786258 0 -0.617898
    outer loop
      vertex 17.6283 -35.6 17.8955
      vertex 17.5927 -36.6 17.9408
      vertex 17.5927 -35.6 17.9408
    endloop
  endfacet
  facet normal -0.786258 -0 -0.617898
    outer loop
      vertex 17.6283 -35.6 17.8955
      vertex 17.6283 -36.6 17.8955
      vertex 17.5927 -36.6 17.9408
    endloop
  endfacet
  facet normal -0.77193 0 -0.635707
    outer loop
      vertex 17.6647 -35.6 17.8513
      vertex 17.6283 -36.6 17.8955
      vertex 17.6283 -35.6 17.8955
    endloop
  endfacet
  facet normal -0.77193 -0 -0.635707
    outer loop
      vertex 17.6647 -35.6 17.8513
      vertex 17.6647 -36.6 17.8513
      vertex 17.6283 -36.6 17.8955
    endloop
  endfacet
  facet normal -0.759257 0 -0.650791
    outer loop
      vertex 17.7019 -35.6 17.8079
      vertex 17.6647 -36.6 17.8513
      vertex 17.6647 -35.6 17.8513
    endloop
  endfacet
  facet normal -0.759257 -0 -0.650791
    outer loop
      vertex 17.7019 -35.6 17.8079
      vertex 17.7019 -36.6 17.8079
      vertex 17.6647 -36.6 17.8513
    endloop
  endfacet
  facet normal -0.744599 0 -0.667512
    outer loop
      vertex 17.74 -35.6 17.7654
      vertex 17.7019 -36.6 17.8079
      vertex 17.7019 -35.6 17.8079
    endloop
  endfacet
  facet normal -0.744599 -0 -0.667512
    outer loop
      vertex 17.74 -35.6 17.7654
      vertex 17.74 -36.6 17.7654
      vertex 17.7019 -36.6 17.8079
    endloop
  endfacet
  facet normal -0.728715 0 -0.684817
    outer loop
      vertex 17.779 -35.6 17.7239
      vertex 17.74 -36.6 17.7654
      vertex 17.74 -35.6 17.7654
    endloop
  endfacet
  facet normal -0.728715 -0 -0.684817
    outer loop
      vertex 17.779 -35.6 17.7239
      vertex 17.779 -36.6 17.7239
      vertex 17.74 -36.6 17.7654
    endloop
  endfacet
  facet normal -0.714968 0 -0.699158
    outer loop
      vertex 17.8188 -35.6 17.6832
      vertex 17.779 -36.6 17.7239
      vertex 17.779 -35.6 17.7239
    endloop
  endfacet
  facet normal -0.714968 -0 -0.699158
    outer loop
      vertex 17.8188 -35.6 17.6832
      vertex 17.8188 -36.6 17.6832
      vertex 17.779 -36.6 17.7239
    endloop
  endfacet
  facet normal -0.698258 0 -0.715846
    outer loop
      vertex 17.8595 -35.6 17.6435
      vertex 17.8188 -36.6 17.6832
      vertex 17.8188 -35.6 17.6832
    endloop
  endfacet
  facet normal -0.698258 -0 -0.715846
    outer loop
      vertex 17.8595 -35.6 17.6435
      vertex 17.8595 -36.6 17.6435
      vertex 17.8188 -36.6 17.6832
    endloop
  endfacet
  facet normal -0.682945 0 -0.73047
    outer loop
      vertex 17.901 -35.6 17.6047
      vertex 17.8595 -36.6 17.6435
      vertex 17.8595 -35.6 17.6435
    endloop
  endfacet
  facet normal -0.682945 -0 -0.73047
    outer loop
      vertex 17.901 -35.6 17.6047
      vertex 17.901 -36.6 17.6047
      vertex 17.8595 -36.6 17.6435
    endloop
  endfacet
  facet normal -0.666435 0 -0.745563
    outer loop
      vertex 17.9434 -35.6 17.5668
      vertex 17.901 -36.6 17.6047
      vertex 17.901 -35.6 17.6047
    endloop
  endfacet
  facet normal -0.666435 -0 -0.745563
    outer loop
      vertex 17.9434 -35.6 17.5668
      vertex 17.9434 -36.6 17.5668
      vertex 17.901 -36.6 17.6047
    endloop
  endfacet
  facet normal -0.650502 0 -0.759505
    outer loop
      vertex 17.9866 -35.6 17.5298
      vertex 17.9434 -36.6 17.5668
      vertex 17.9434 -35.6 17.5668
    endloop
  endfacet
  facet normal -0.650502 -0 -0.759505
    outer loop
      vertex 17.9866 -35.6 17.5298
      vertex 17.9866 -36.6 17.5298
      vertex 17.9434 -36.6 17.5668
    endloop
  endfacet
  facet normal -0.632376 0 -0.774661
    outer loop
      vertex 18.0307 -35.6 17.4938
      vertex 17.9866 -36.6 17.5298
      vertex 17.9866 -35.6 17.5298
    endloop
  endfacet
  facet normal -0.632376 -0 -0.774661
    outer loop
      vertex 18.0307 -35.6 17.4938
      vertex 18.0307 -36.6 17.4938
      vertex 17.9866 -36.6 17.5298
    endloop
  endfacet
  facet normal -0.61697 0 -0.786987
    outer loop
      vertex 18.0756 -35.6 17.4586
      vertex 18.0307 -36.6 17.4938
      vertex 18.0307 -35.6 17.4938
    endloop
  endfacet
  facet normal -0.61697 -0 -0.786987
    outer loop
      vertex 18.0756 -35.6 17.4586
      vertex 18.0756 -36.6 17.4586
      vertex 18.0307 -36.6 17.4938
    endloop
  endfacet
  facet normal -0.598319 0 -0.801258
    outer loop
      vertex 18.1214 -35.6 17.4244
      vertex 18.0756 -36.6 17.4586
      vertex 18.0756 -35.6 17.4586
    endloop
  endfacet
  facet normal -0.598319 -0 -0.801258
    outer loop
      vertex 18.1214 -35.6 17.4244
      vertex 18.1214 -36.6 17.4244
      vertex 18.0756 -36.6 17.4586
    endloop
  endfacet
  facet normal -0.581403 0 -0.813615
    outer loop
      vertex 18.168 -35.6 17.3911
      vertex 18.1214 -36.6 17.4244
      vertex 18.1214 -35.6 17.4244
    endloop
  endfacet
  facet normal -0.581403 -0 -0.813615
    outer loop
      vertex 18.168 -35.6 17.3911
      vertex 18.168 -36.6 17.3911
      vertex 18.1214 -36.6 17.4244
    endloop
  endfacet
  facet normal -0.563499 0 -0.826117
    outer loop
      vertex 18.2155 -35.6 17.3587
      vertex 18.168 -36.6 17.3911
      vertex 18.168 -35.6 17.3911
    endloop
  endfacet
  facet normal -0.563499 -0 -0.826117
    outer loop
      vertex 18.2155 -35.6 17.3587
      vertex 18.2155 -36.6 17.3587
      vertex 18.168 -36.6 17.3911
    endloop
  endfacet
  facet normal -0.549489 0 -0.835501
    outer loop
      vertex 18.2637 -35.6 17.327
      vertex 18.2155 -36.6 17.3587
      vertex 18.2155 -35.6 17.3587
    endloop
  endfacet
  facet normal -0.549489 -0 -0.835501
    outer loop
      vertex 18.2637 -35.6 17.327
      vertex 18.2637 -36.6 17.327
      vertex 18.2155 -36.6 17.3587
    endloop
  endfacet
  facet normal -0.538561 0 -0.842587
    outer loop
      vertex 18.3122 -35.6 17.296
      vertex 18.2637 -36.6 17.327
      vertex 18.2637 -35.6 17.327
    endloop
  endfacet
  facet normal -0.538561 -0 -0.842587
    outer loop
      vertex 18.3122 -35.6 17.296
      vertex 18.3122 -36.6 17.296
      vertex 18.2637 -36.6 17.327
    endloop
  endfacet
  facet normal -0.528911 0 -0.848677
    outer loop
      vertex 18.3613 -35.6 17.2654
      vertex 18.3122 -36.6 17.296
      vertex 18.3122 -35.6 17.296
    endloop
  endfacet
  facet normal -0.528911 -0 -0.848677
    outer loop
      vertex 18.3613 -35.6 17.2654
      vertex 18.3613 -36.6 17.2654
      vertex 18.3122 -36.6 17.296
    endloop
  endfacet
  facet normal -0.517803 0 -0.8555
    outer loop
      vertex 18.4107 -35.6 17.2355
      vertex 18.3613 -36.6 17.2654
      vertex 18.3613 -35.6 17.2654
    endloop
  endfacet
  facet normal -0.517803 -0 -0.8555
    outer loop
      vertex 18.4107 -35.6 17.2355
      vertex 18.4107 -36.6 17.2355
      vertex 18.3613 -36.6 17.2654
    endloop
  endfacet
  facet normal -0.507624 0 -0.861579
    outer loop
      vertex 18.4606 -35.6 17.2061
      vertex 18.4107 -36.6 17.2355
      vertex 18.4107 -35.6 17.2355
    endloop
  endfacet
  facet normal -0.507624 -0 -0.861579
    outer loop
      vertex 18.4606 -35.6 17.2061
      vertex 18.4606 -36.6 17.2061
      vertex 18.4107 -36.6 17.2355
    endloop
  endfacet
  facet normal -0.496139 0 -0.868243
    outer loop
      vertex 18.511 -35.6 17.1773
      vertex 18.4606 -36.6 17.2061
      vertex 18.4606 -35.6 17.2061
    endloop
  endfacet
  facet normal -0.496139 -0 -0.868243
    outer loop
      vertex 18.511 -35.6 17.1773
      vertex 18.511 -36.6 17.1773
      vertex 18.4606 -36.6 17.2061
    endloop
  endfacet
  facet normal -0.486665 0 -0.873589
    outer loop
      vertex 18.5618 -35.6 17.149
      vertex 18.511 -36.6 17.1773
      vertex 18.511 -35.6 17.1773
    endloop
  endfacet
  facet normal -0.486665 -0 -0.873589
    outer loop
      vertex 18.5618 -35.6 17.149
      vertex 18.5618 -36.6 17.149
      vertex 18.511 -36.6 17.1773
    endloop
  endfacet
  facet normal -0.47584 0 -0.879532
    outer loop
      vertex 18.613 -35.6 17.1213
      vertex 18.5618 -36.6 17.149
      vertex 18.5618 -35.6 17.149
    endloop
  endfacet
  facet normal -0.47584 -0 -0.879532
    outer loop
      vertex 18.613 -35.6 17.1213
      vertex 18.613 -36.6 17.1213
      vertex 18.5618 -36.6 17.149
    endloop
  endfacet
  facet normal -0.464263 0 -0.885697
    outer loop
      vertex 18.6647 -35.6 17.0942
      vertex 18.613 -36.6 17.1213
      vertex 18.613 -35.6 17.1213
    endloop
  endfacet
  facet normal -0.464263 -0 -0.885697
    outer loop
      vertex 18.6647 -35.6 17.0942
      vertex 18.6647 -36.6 17.0942
      vertex 18.613 -36.6 17.1213
    endloop
  endfacet
  facet normal -0.453362 0 -0.891327
    outer loop
      vertex 18.7168 -35.6 17.0677
      vertex 18.6647 -36.6 17.0942
      vertex 18.6647 -35.6 17.0942
    endloop
  endfacet
  facet normal -0.453362 -0 -0.891327
    outer loop
      vertex 18.7168 -35.6 17.0677
      vertex 18.7168 -36.6 17.0677
      vertex 18.6647 -36.6 17.0942
    endloop
  endfacet
  facet normal -0.443797 0 -0.896128
    outer loop
      vertex 18.7693 -35.6 17.0417
      vertex 18.7168 -36.6 17.0677
      vertex 18.7168 -35.6 17.0677
    endloop
  endfacet
  facet normal -0.443797 -0 -0.896128
    outer loop
      vertex 18.7693 -35.6 17.0417
      vertex 18.7693 -36.6 17.0417
      vertex 18.7168 -36.6 17.0677
    endloop
  endfacet
  facet normal -0.432178 0 -0.901788
    outer loop
      vertex 18.8223 -35.6 17.0163
      vertex 18.7693 -36.6 17.0417
      vertex 18.7693 -35.6 17.0417
    endloop
  endfacet
  facet normal -0.432178 -0 -0.901788
    outer loop
      vertex 18.8223 -35.6 17.0163
      vertex 18.8223 -36.6 17.0163
      vertex 18.7693 -36.6 17.0417
    endloop
  endfacet
  facet normal -0.421958 0 -0.906616
    outer loop
      vertex 18.8758 -35.6 16.9914
      vertex 18.8223 -36.6 17.0163
      vertex 18.8223 -35.6 17.0163
    endloop
  endfacet
  facet normal -0.421958 -0 -0.906616
    outer loop
      vertex 18.8758 -35.6 16.9914
      vertex 18.8758 -36.6 16.9914
      vertex 18.8223 -36.6 17.0163
    endloop
  endfacet
  facet normal -0.40959 0 -0.91227
    outer loop
      vertex 18.9297 -35.6 16.9672
      vertex 18.8758 -36.6 16.9914
      vertex 18.8758 -35.6 16.9914
    endloop
  endfacet
  facet normal -0.40959 -0 -0.91227
    outer loop
      vertex 18.9297 -35.6 16.9672
      vertex 18.9297 -36.6 16.9672
      vertex 18.8758 -36.6 16.9914
    endloop
  endfacet
  facet normal -0.400022 0 -0.916506
    outer loop
      vertex 18.984 -35.6 16.9435
      vertex 18.9297 -36.6 16.9672
      vertex 18.9297 -35.6 16.9672
    endloop
  endfacet
  facet normal -0.400022 -0 -0.916506
    outer loop
      vertex 18.984 -35.6 16.9435
      vertex 18.984 -36.6 16.9435
      vertex 18.9297 -36.6 16.9672
    endloop
  endfacet
  facet normal -0.390463 0 -0.920618
    outer loop
      vertex 19.0387 -35.6 16.9203
      vertex 18.984 -36.6 16.9435
      vertex 18.984 -35.6 16.9435
    endloop
  endfacet
  facet normal -0.390463 -0 -0.920618
    outer loop
      vertex 19.0387 -35.6 16.9203
      vertex 19.0387 -36.6 16.9203
      vertex 18.984 -36.6 16.9435
    endloop
  endfacet
  facet normal -0.378894 0 -0.92544
    outer loop
      vertex 19.0939 -35.6 16.8977
      vertex 19.0387 -36.6 16.9203
      vertex 19.0387 -35.6 16.9203
    endloop
  endfacet
  facet normal -0.378894 -0 -0.92544
    outer loop
      vertex 19.0939 -35.6 16.8977
      vertex 19.0939 -36.6 16.8977
      vertex 19.0387 -36.6 16.9203
    endloop
  endfacet
  facet normal -0.367357 0 -0.93008
    outer loop
      vertex 19.1496 -35.6 16.8757
      vertex 19.0939 -36.6 16.8977
      vertex 19.0939 -35.6 16.8977
    endloop
  endfacet
  facet normal -0.367357 -0 -0.93008
    outer loop
      vertex 19.1496 -35.6 16.8757
      vertex 19.1496 -36.6 16.8757
      vertex 19.0939 -36.6 16.8977
    endloop
  endfacet
  facet normal -0.356411 0 -0.934329
    outer loop
      vertex 19.2057 -35.6 16.8543
      vertex 19.1496 -36.6 16.8757
      vertex 19.1496 -35.6 16.8757
    endloop
  endfacet
  facet normal -0.356411 -0 -0.934329
    outer loop
      vertex 19.2057 -35.6 16.8543
      vertex 19.2057 -36.6 16.8543
      vertex 19.1496 -36.6 16.8757
    endloop
  endfacet
  facet normal -0.346936 0 -0.937889
    outer loop
      vertex 19.2622 -35.6 16.8334
      vertex 19.2057 -36.6 16.8543
      vertex 19.2057 -35.6 16.8543
    endloop
  endfacet
  facet normal -0.346936 -0 -0.937889
    outer loop
      vertex 19.2622 -35.6 16.8334
      vertex 19.2622 -36.6 16.8334
      vertex 19.2057 -36.6 16.8543
    endloop
  endfacet
  facet normal -0.335499 0 -0.942041
    outer loop
      vertex 19.3192 -35.6 16.8131
      vertex 19.2622 -36.6 16.8334
      vertex 19.2622 -35.6 16.8334
    endloop
  endfacet
  facet normal -0.335499 -0 -0.942041
    outer loop
      vertex 19.3192 -35.6 16.8131
      vertex 19.3192 -36.6 16.8131
      vertex 19.2622 -36.6 16.8334
    endloop
  endfacet
  facet normal -0.324619 0 -0.945845
    outer loop
      vertex 19.3766 -35.6 16.7934
      vertex 19.3192 -36.6 16.8131
      vertex 19.3192 -35.6 16.8131
    endloop
  endfacet
  facet normal -0.324619 -0 -0.945845
    outer loop
      vertex 19.3766 -35.6 16.7934
      vertex 19.3766 -36.6 16.7934
      vertex 19.3192 -36.6 16.8131
    endloop
  endfacet
  facet normal -0.317709 0 -0.948188
    outer loop
      vertex 19.4342 -35.6 16.7741
      vertex 19.3766 -36.6 16.7934
      vertex 19.3766 -35.6 16.7934
    endloop
  endfacet
  facet normal -0.317709 -0 -0.948188
    outer loop
      vertex 19.4342 -35.6 16.7741
      vertex 19.4342 -36.6 16.7741
      vertex 19.3766 -36.6 16.7934
    endloop
  endfacet
  facet normal -0.31177 0 -0.950157
    outer loop
      vertex 19.4918 -35.6 16.7552
      vertex 19.4342 -36.6 16.7741
      vertex 19.4342 -35.6 16.7741
    endloop
  endfacet
  facet normal -0.31177 -0 -0.950157
    outer loop
      vertex 19.4918 -35.6 16.7552
      vertex 19.4918 -36.6 16.7552
      vertex 19.4342 -36.6 16.7741
    endloop
  endfacet
  facet normal -0.307776 0 -0.951459
    outer loop
      vertex 19.5493 -35.6 16.7366
      vertex 19.4918 -36.6 16.7552
      vertex 19.4918 -35.6 16.7552
    endloop
  endfacet
  facet normal -0.307776 -0 -0.951459
    outer loop
      vertex 19.5493 -35.6 16.7366
      vertex 19.5493 -36.6 16.7366
      vertex 19.4918 -36.6 16.7552
    endloop
  endfacet
  facet normal -0.30129 0 -0.953533
    outer loop
      vertex 19.6069 -35.6 16.7184
      vertex 19.5493 -36.6 16.7366
      vertex 19.5493 -35.6 16.7366
    endloop
  endfacet
  facet normal -0.30129 -0 -0.953533
    outer loop
      vertex 19.6069 -35.6 16.7184
      vertex 19.6069 -36.6 16.7184
      vertex 19.5493 -36.6 16.7366
    endloop
  endfacet
  facet normal -0.297235 0 -0.954804
    outer loop
      vertex 19.6644 -35.6 16.7005
      vertex 19.6069 -36.6 16.7184
      vertex 19.6069 -35.6 16.7184
    endloop
  endfacet
  facet normal -0.297235 -0 -0.954804
    outer loop
      vertex 19.6644 -35.6 16.7005
      vertex 19.6644 -36.6 16.7005
      vertex 19.6069 -36.6 16.7184
    endloop
  endfacet
  facet normal -0.291626 0 -0.956532
    outer loop
      vertex 19.7218 -35.6 16.683
      vertex 19.6644 -36.6 16.7005
      vertex 19.6644 -35.6 16.7005
    endloop
  endfacet
  facet normal -0.291626 -0 -0.956532
    outer loop
      vertex 19.7218 -35.6 16.683
      vertex 19.7218 -36.6 16.683
      vertex 19.6644 -36.6 16.7005
    endloop
  endfacet
  facet normal -0.286583 0 -0.958055
    outer loop
      vertex 19.7793 -35.6 16.6658
      vertex 19.7218 -36.6 16.683
      vertex 19.7218 -35.6 16.683
    endloop
  endfacet
  facet normal -0.286583 -0 -0.958055
    outer loop
      vertex 19.7793 -35.6 16.6658
      vertex 19.7793 -36.6 16.6658
      vertex 19.7218 -36.6 16.683
    endloop
  endfacet
  facet normal -0.280899 0 -0.959737
    outer loop
      vertex 19.8367 -35.6 16.649
      vertex 19.7793 -36.6 16.6658
      vertex 19.7793 -35.6 16.6658
    endloop
  endfacet
  facet normal -0.280899 -0 -0.959737
    outer loop
      vertex 19.8367 -35.6 16.649
      vertex 19.8367 -36.6 16.649
      vertex 19.7793 -36.6 16.6658
    endloop
  endfacet
  facet normal -0.276714 0 -0.960952
    outer loop
      vertex 19.894 -35.6 16.6325
      vertex 19.8367 -36.6 16.649
      vertex 19.8367 -35.6 16.649
    endloop
  endfacet
  facet normal -0.276714 -0 -0.960952
    outer loop
      vertex 19.894 -35.6 16.6325
      vertex 19.894 -36.6 16.6325
      vertex 19.8367 -36.6 16.649
    endloop
  endfacet
  facet normal -0.271619 0 -0.962405
    outer loop
      vertex 19.9514 -35.6 16.6163
      vertex 19.894 -36.6 16.6325
      vertex 19.894 -35.6 16.6325
    endloop
  endfacet
  facet normal -0.271619 -0 -0.962405
    outer loop
      vertex 19.9514 -35.6 16.6163
      vertex 19.9514 -36.6 16.6163
      vertex 19.894 -36.6 16.6325
    endloop
  endfacet
  facet normal -0.265821 0 -0.964022
    outer loop
      vertex 20.0087 -35.6 16.6005
      vertex 19.9514 -36.6 16.6163
      vertex 19.9514 -35.6 16.6163
    endloop
  endfacet
  facet normal -0.265821 -0 -0.964022
    outer loop
      vertex 20.0087 -35.6 16.6005
      vertex 20.0087 -36.6 16.6005
      vertex 19.9514 -36.6 16.6163
    endloop
  endfacet
  facet normal -0.259973 0 -0.965616
    outer loop
      vertex 20.0659 -35.6 16.5851
      vertex 20.0087 -36.6 16.6005
      vertex 20.0087 -35.6 16.6005
    endloop
  endfacet
  facet normal -0.259973 -0 -0.965616
    outer loop
      vertex 20.0659 -35.6 16.5851
      vertex 20.0659 -36.6 16.5851
      vertex 20.0087 -36.6 16.6005
    endloop
  endfacet
  facet normal -0.254826 0 -0.966987
    outer loop
      vertex 20.1232 -35.6 16.57
      vertex 20.0659 -36.6 16.5851
      vertex 20.0659 -35.6 16.5851
    endloop
  endfacet
  facet normal -0.254826 -0 -0.966987
    outer loop
      vertex 20.1232 -35.6 16.57
      vertex 20.1232 -36.6 16.57
      vertex 20.0659 -36.6 16.5851
    endloop
  endfacet
  facet normal -0.250492 0 -0.968119
    outer loop
      vertex 20.1804 -35.6 16.5552
      vertex 20.1232 -36.6 16.57
      vertex 20.1232 -35.6 16.57
    endloop
  endfacet
  facet normal -0.250492 -0 -0.968119
    outer loop
      vertex 20.1804 -35.6 16.5552
      vertex 20.1804 -36.6 16.5552
      vertex 20.1232 -36.6 16.57
    endloop
  endfacet
  facet normal -0.244131 0 -0.969742
    outer loop
      vertex 20.2376 -35.6 16.5408
      vertex 20.1804 -36.6 16.5552
      vertex 20.1804 -35.6 16.5552
    endloop
  endfacet
  facet normal -0.244131 -0 -0.969742
    outer loop
      vertex 20.2376 -35.6 16.5408
      vertex 20.2376 -36.6 16.5408
      vertex 20.1804 -36.6 16.5552
    endloop
  endfacet
  facet normal -0.238131 0 -0.971233
    outer loop
      vertex 20.2947 -35.6 16.5268
      vertex 20.2376 -36.6 16.5408
      vertex 20.2376 -35.6 16.5408
    endloop
  endfacet
  facet normal -0.238131 -0 -0.971233
    outer loop
      vertex 20.2947 -35.6 16.5268
      vertex 20.2947 -36.6 16.5268
      vertex 20.2376 -36.6 16.5408
    endloop
  endfacet
  facet normal -0.23453 0 -0.972109
    outer loop
      vertex 20.3519 -35.6 16.513
      vertex 20.2947 -36.6 16.5268
      vertex 20.2947 -35.6 16.5268
    endloop
  endfacet
  facet normal -0.23453 -0 -0.972109
    outer loop
      vertex 20.3519 -35.6 16.513
      vertex 20.3519 -36.6 16.513
      vertex 20.2947 -36.6 16.5268
    endloop
  endfacet
  facet normal -0.22723 0 -0.973841
    outer loop
      vertex 20.4089 -35.6 16.4997
      vertex 20.3519 -36.6 16.513
      vertex 20.3519 -35.6 16.513
    endloop
  endfacet
  facet normal -0.22723 -0 -0.973841
    outer loop
      vertex 20.4089 -35.6 16.4997
      vertex 20.4089 -36.6 16.4997
      vertex 20.3519 -36.6 16.513
    endloop
  endfacet
  facet normal -0.223613 0 -0.974678
    outer loop
      vertex 20.466 -35.6 16.4866
      vertex 20.4089 -36.6 16.4997
      vertex 20.4089 -35.6 16.4997
    endloop
  endfacet
  facet normal -0.223613 -0 -0.974678
    outer loop
      vertex 20.466 -35.6 16.4866
      vertex 20.466 -36.6 16.4866
      vertex 20.4089 -36.6 16.4997
    endloop
  endfacet
  facet normal -0.215842 0 -0.976428
    outer loop
      vertex 20.523 -35.6 16.474
      vertex 20.466 -36.6 16.4866
      vertex 20.466 -35.6 16.4866
    endloop
  endfacet
  facet normal -0.215842 -0 -0.976428
    outer loop
      vertex 20.523 -35.6 16.474
      vertex 20.523 -36.6 16.474
      vertex 20.466 -36.6 16.4866
    endloop
  endfacet
  facet normal -0.212572 0 -0.977145
    outer loop
      vertex 20.58 -35.6 16.4616
      vertex 20.523 -36.6 16.474
      vertex 20.523 -35.6 16.474
    endloop
  endfacet
  facet normal -0.212572 -0 -0.977145
    outer loop
      vertex 20.58 -35.6 16.4616
      vertex 20.58 -36.6 16.4616
      vertex 20.523 -36.6 16.474
    endloop
  endfacet
  facet normal -0.20471 0 -0.978823
    outer loop
      vertex 20.6369 -35.6 16.4497
      vertex 20.58 -36.6 16.4616
      vertex 20.58 -35.6 16.4616
    endloop
  endfacet
  facet normal -0.20471 -0 -0.978823
    outer loop
      vertex 20.6369 -35.6 16.4497
      vertex 20.6369 -36.6 16.4497
      vertex 20.58 -36.6 16.4616
    endloop
  endfacet
  facet normal -0.203436 0 -0.979088
    outer loop
      vertex 20.75 -35.6 16.4262
      vertex 20.6369 -36.6 16.4497
      vertex 20.6369 -35.6 16.4497
    endloop
  endfacet
  facet normal -0.203436 -0 -0.979088
    outer loop
      vertex 20.75 -35.6 16.4262
      vertex 20.75 -36.6 16.4262
      vertex 20.6369 -36.6 16.4497
    endloop
  endfacet
  facet normal -0.203884 0 -0.978995
    outer loop
      vertex 20.8614 -35.6 16.403
      vertex 20.75 -36.6 16.4262
      vertex 20.75 -35.6 16.4262
    endloop
  endfacet
  facet normal -0.203884 -0 -0.978995
    outer loop
      vertex 20.8614 -35.6 16.403
      vertex 20.8614 -36.6 16.403
      vertex 20.75 -36.6 16.4262
    endloop
  endfacet
  facet normal -0.205022 0 -0.978757
    outer loop
      vertex 20.9712 -35.6 16.38
      vertex 20.8614 -36.6 16.403
      vertex 20.8614 -35.6 16.403
    endloop
  endfacet
  facet normal -0.205022 -0 -0.978757
    outer loop
      vertex 20.9712 -35.6 16.38
      vertex 20.9712 -36.6 16.38
      vertex 20.8614 -36.6 16.403
    endloop
  endfacet
  facet normal -0.205888 0 -0.978575
    outer loop
      vertex 21.1328 -35.6 16.346
      vertex 20.9712 -36.6 16.38
      vertex 20.9712 -35.6 16.38
    endloop
  endfacet
  facet normal -0.205888 -0 -0.978575
    outer loop
      vertex 21.1328 -35.6 16.346
      vertex 21.1328 -36.6 16.346
      vertex 20.9712 -36.6 16.38
    endloop
  endfacet
  facet normal -0.206947 0 -0.978352
    outer loop
      vertex 21.2907 -35.6 16.3126
      vertex 21.1328 -36.6 16.346
      vertex 21.1328 -35.6 16.346
    endloop
  endfacet
  facet normal -0.206947 -0 -0.978352
    outer loop
      vertex 21.2907 -35.6 16.3126
      vertex 21.2907 -36.6 16.3126
      vertex 21.1328 -36.6 16.346
    endloop
  endfacet
  facet normal -0.208663 0 -0.977988
    outer loop
      vertex 21.4449 -35.6 16.2797
      vertex 21.2907 -36.6 16.3126
      vertex 21.2907 -35.6 16.3126
    endloop
  endfacet
  facet normal -0.208663 -0 -0.977988
    outer loop
      vertex 21.4449 -35.6 16.2797
      vertex 21.4449 -36.6 16.2797
      vertex 21.2907 -36.6 16.3126
    endloop
  endfacet
  facet normal -0.209728 0 -0.97776
    outer loop
      vertex 21.5456 -35.6 16.2581
      vertex 21.4449 -36.6 16.2797
      vertex 21.4449 -35.6 16.2797
    endloop
  endfacet
  facet normal -0.209728 -0 -0.97776
    outer loop
      vertex 21.5456 -35.6 16.2581
      vertex 21.5456 -36.6 16.2581
      vertex 21.4449 -36.6 16.2797
    endloop
  endfacet
  facet normal -0.210135 0 -0.977672
    outer loop
      vertex 21.6447 -35.6 16.2368
      vertex 21.5456 -36.6 16.2581
      vertex 21.5456 -35.6 16.2581
    endloop
  endfacet
  facet normal -0.210135 -0 -0.977672
    outer loop
      vertex 21.6447 -35.6 16.2368
      vertex 21.6447 -36.6 16.2368
      vertex 21.5456 -36.6 16.2581
    endloop
  endfacet
  facet normal -0.211514 0 -0.977375
    outer loop
      vertex 21.7422 -35.6 16.2157
      vertex 21.6447 -36.6 16.2368
      vertex 21.6447 -35.6 16.2368
    endloop
  endfacet
  facet normal -0.211514 -0 -0.977375
    outer loop
      vertex 21.7422 -35.6 16.2157
      vertex 21.7422 -36.6 16.2157
      vertex 21.6447 -36.6 16.2368
    endloop
  endfacet
  facet normal -0.213273 0 -0.976993
    outer loop
      vertex 21.7903 -35.6 16.2052
      vertex 21.7422 -36.6 16.2157
      vertex 21.7422 -35.6 16.2157
    endloop
  endfacet
  facet normal -0.213273 -0 -0.976993
    outer loop
      vertex 21.7903 -35.6 16.2052
      vertex 21.7903 -36.6 16.2052
      vertex 21.7422 -36.6 16.2157
    endloop
  endfacet
  facet normal -0.215842 0 -0.976428
    outer loop
      vertex 21.8378 -35.6 16.1947
      vertex 21.7903 -36.6 16.2052
      vertex 21.7903 -35.6 16.2052
    endloop
  endfacet
  facet normal -0.215842 -0 -0.976428
    outer loop
      vertex 21.8378 -35.6 16.1947
      vertex 21.8378 -36.6 16.1947
      vertex 21.7903 -36.6 16.2052
    endloop
  endfacet
  facet normal -0.22379 0 -0.974637
    outer loop
      vertex 21.8844 -35.6 16.184
      vertex 21.8378 -36.6 16.1947
      vertex 21.8378 -35.6 16.1947
    endloop
  endfacet
  facet normal -0.22379 -0 -0.974637
    outer loop
      vertex 21.8844 -35.6 16.184
      vertex 21.8844 -36.6 16.184
      vertex 21.8378 -36.6 16.1947
    endloop
  endfacet
  facet normal -0.233534 0 -0.972349
    outer loop
      vertex 21.9302 -35.6 16.173
      vertex 21.8844 -36.6 16.184
      vertex 21.8844 -35.6 16.184
    endloop
  endfacet
  facet normal -0.233534 -0 -0.972349
    outer loop
      vertex 21.9302 -35.6 16.173
      vertex 21.9302 -36.6 16.173
      vertex 21.8844 -36.6 16.184
    endloop
  endfacet
  facet normal -0.241521 0 -0.970396
    outer loop
      vertex 21.9752 -35.6 16.1618
      vertex 21.9302 -36.6 16.173
      vertex 21.9302 -35.6 16.173
    endloop
  endfacet
  facet normal -0.241521 -0 -0.970396
    outer loop
      vertex 21.9752 -35.6 16.1618
      vertex 21.9752 -36.6 16.1618
      vertex 21.9302 -36.6 16.173
    endloop
  endfacet
  facet normal -0.250809 0 -0.968036
    outer loop
      vertex 22.0192 -35.6 16.1504
      vertex 21.9752 -36.6 16.1618
      vertex 21.9752 -35.6 16.1618
    endloop
  endfacet
  facet normal -0.250809 -0 -0.968036
    outer loop
      vertex 22.0192 -35.6 16.1504
      vertex 22.0192 -36.6 16.1504
      vertex 21.9752 -36.6 16.1618
    endloop
  endfacet
  facet normal -0.258773 0 -0.965938
    outer loop
      vertex 22.0625 -35.6 16.1388
      vertex 22.0192 -36.6 16.1504
      vertex 22.0192 -35.6 16.1504
    endloop
  endfacet
  facet normal -0.258773 -0 -0.965938
    outer loop
      vertex 22.0625 -35.6 16.1388
      vertex 22.0625 -36.6 16.1388
      vertex 22.0192 -36.6 16.1504
    endloop
  endfacet
  facet normal -0.270811 0 -0.962632
    outer loop
      vertex 22.1048 -35.6 16.1269
      vertex 22.0625 -36.6 16.1388
      vertex 22.0625 -35.6 16.1388
    endloop
  endfacet
  facet normal -0.270811 -0 -0.962632
    outer loop
      vertex 22.1048 -35.6 16.1269
      vertex 22.1048 -36.6 16.1269
      vertex 22.0625 -36.6 16.1388
    endloop
  endfacet
  facet normal -0.277161 0 -0.960824
    outer loop
      vertex 22.1464 -35.6 16.1149
      vertex 22.1048 -36.6 16.1269
      vertex 22.1048 -35.6 16.1269
    endloop
  endfacet
  facet normal -0.277161 -0 -0.960824
    outer loop
      vertex 22.1464 -35.6 16.1149
      vertex 22.1464 -36.6 16.1149
      vertex 22.1048 -36.6 16.1269
    endloop
  endfacet
  facet normal -0.289942 0 -0.957044
    outer loop
      vertex 22.187 -35.6 16.1026
      vertex 22.1464 -36.6 16.1149
      vertex 22.1464 -35.6 16.1149
    endloop
  endfacet
  facet normal -0.289942 -0 -0.957044
    outer loop
      vertex 22.187 -35.6 16.1026
      vertex 22.187 -36.6 16.1026
      vertex 22.1464 -36.6 16.1149
    endloop
  endfacet
  facet normal -0.298956 0 -0.954267
    outer loop
      vertex 22.2269 -35.6 16.0901
      vertex 22.187 -36.6 16.1026
      vertex 22.187 -35.6 16.1026
    endloop
  endfacet
  facet normal -0.298956 -0 -0.954267
    outer loop
      vertex 22.2269 -35.6 16.0901
      vertex 22.2269 -36.6 16.0901
      vertex 22.187 -36.6 16.1026
    endloop
  endfacet
  facet normal -0.312563 0 -0.949897
    outer loop
      vertex 22.2658 -35.6 16.0773
      vertex 22.2269 -36.6 16.0901
      vertex 22.2269 -35.6 16.0901
    endloop
  endfacet
  facet normal -0.312563 -0 -0.949897
    outer loop
      vertex 22.2658 -35.6 16.0773
      vertex 22.2658 -36.6 16.0773
      vertex 22.2269 -36.6 16.0901
    endloop
  endfacet
  facet normal -0.320699 0 -0.947181
    outer loop
      vertex 22.3039 -35.6 16.0644
      vertex 22.2658 -36.6 16.0773
      vertex 22.2658 -35.6 16.0773
    endloop
  endfacet
  facet normal -0.320699 -0 -0.947181
    outer loop
      vertex 22.3039 -35.6 16.0644
      vertex 22.3039 -36.6 16.0644
      vertex 22.2658 -36.6 16.0773
    endloop
  endfacet
  facet normal -0.333613 0 -0.94271
    outer loop
      vertex 22.3412 -35.6 16.0512
      vertex 22.3039 -36.6 16.0644
      vertex 22.3039 -35.6 16.0644
    endloop
  endfacet
  facet normal -0.333613 -0 -0.94271
    outer loop
      vertex 22.3412 -35.6 16.0512
      vertex 22.3412 -36.6 16.0512
      vertex 22.3039 -36.6 16.0644
    endloop
  endfacet
  facet normal -0.345466 0 -0.938431
    outer loop
      vertex 22.3776 -35.6 16.0378
      vertex 22.3412 -36.6 16.0512
      vertex 22.3412 -35.6 16.0512
    endloop
  endfacet
  facet normal -0.345466 -0 -0.938431
    outer loop
      vertex 22.3776 -35.6 16.0378
      vertex 22.3776 -36.6 16.0378
      vertex 22.3412 -36.6 16.0512
    endloop
  endfacet
  facet normal -0.356868 0 -0.934155
    outer loop
      vertex 22.4132 -35.6 16.0242
      vertex 22.3776 -36.6 16.0378
      vertex 22.3776 -35.6 16.0378
    endloop
  endfacet
  facet normal -0.356868 -0 -0.934155
    outer loop
      vertex 22.4132 -35.6 16.0242
      vertex 22.4132 -36.6 16.0242
      vertex 22.3776 -36.6 16.0378
    endloop
  endfacet
  facet normal -0.371852 0 -0.928292
    outer loop
      vertex 22.4479 -35.6 16.0103
      vertex 22.4132 -36.6 16.0242
      vertex 22.4132 -35.6 16.0242
    endloop
  endfacet
  facet normal -0.371852 -0 -0.928292
    outer loop
      vertex 22.4479 -35.6 16.0103
      vertex 22.4479 -36.6 16.0103
      vertex 22.4132 -36.6 16.0242
    endloop
  endfacet
  facet normal -0.382674 0 -0.923884
    outer loop
      vertex 22.4817 -35.6 15.9963
      vertex 22.4479 -36.6 16.0103
      vertex 22.4479 -35.6 16.0103
    endloop
  endfacet
  facet normal -0.382674 -0 -0.923884
    outer loop
      vertex 22.4817 -35.6 15.9963
      vertex 22.4817 -36.6 15.9963
      vertex 22.4479 -36.6 16.0103
    endloop
  endfacet
  facet normal -0.397607 0 -0.917556
    outer loop
      vertex 22.5147 -35.6 15.982
      vertex 22.4817 -36.6 15.9963
      vertex 22.4817 -35.6 15.9963
    endloop
  endfacet
  facet normal -0.397607 -0 -0.917556
    outer loop
      vertex 22.5147 -35.6 15.982
      vertex 22.5147 -36.6 15.982
      vertex 22.4817 -36.6 15.9963
    endloop
  endfacet
  facet normal -0.4106 0 -0.911816
    outer loop
      vertex 22.5469 -35.6 15.9675
      vertex 22.5147 -36.6 15.982
      vertex 22.5147 -35.6 15.982
    endloop
  endfacet
  facet normal -0.4106 -0 -0.911816
    outer loop
      vertex 22.5469 -35.6 15.9675
      vertex 22.5469 -36.6 15.9675
      vertex 22.5147 -36.6 15.982
    endloop
  endfacet
  facet normal -0.425101 0 -0.905146
    outer loop
      vertex 22.5782 -35.6 15.9528
      vertex 22.5469 -36.6 15.9675
      vertex 22.5469 -35.6 15.9675
    endloop
  endfacet
  facet normal -0.425101 -0 -0.905146
    outer loop
      vertex 22.5782 -35.6 15.9528
      vertex 22.5782 -36.6 15.9528
      vertex 22.5469 -36.6 15.9675
    endloop
  endfacet
  facet normal -0.442488 0 -0.896775
    outer loop
      vertex 22.6086 -35.6 15.9378
      vertex 22.5782 -36.6 15.9528
      vertex 22.5782 -35.6 15.9528
    endloop
  endfacet
  facet normal -0.442488 -0 -0.896775
    outer loop
      vertex 22.6086 -35.6 15.9378
      vertex 22.6086 -36.6 15.9378
      vertex 22.5782 -36.6 15.9528
    endloop
  endfacet
  facet normal -0.456805 0 -0.889567
    outer loop
      vertex 22.6382 -35.6 15.9226
      vertex 22.6086 -36.6 15.9378
      vertex 22.6086 -35.6 15.9378
    endloop
  endfacet
  facet normal -0.456805 -0 -0.889567
    outer loop
      vertex 22.6382 -35.6 15.9226
      vertex 22.6382 -36.6 15.9226
      vertex 22.6086 -36.6 15.9378
    endloop
  endfacet
  facet normal -0.477772 0 -0.878484
    outer loop
      vertex 22.6667 -35.6 15.9071
      vertex 22.6382 -36.6 15.9226
      vertex 22.6382 -35.6 15.9226
    endloop
  endfacet
  facet normal -0.477772 -0 -0.878484
    outer loop
      vertex 22.6667 -35.6 15.9071
      vertex 22.6667 -36.6 15.9071
      vertex 22.6382 -36.6 15.9226
    endloop
  endfacet
  facet normal -0.50702 0 -0.861934
    outer loop
      vertex 22.6939 -35.6 15.8911
      vertex 22.6667 -36.6 15.9071
      vertex 22.6667 -35.6 15.9071
    endloop
  endfacet
  facet normal -0.50702 -0 -0.861934
    outer loop
      vertex 22.6939 -35.6 15.8911
      vertex 22.6939 -36.6 15.8911
      vertex 22.6667 -36.6 15.9071
    endloop
  endfacet
  facet normal -0.541087 0 -0.840967
    outer loop
      vertex 22.7197 -35.6 15.8745
      vertex 22.6939 -36.6 15.8911
      vertex 22.6939 -35.6 15.8911
    endloop
  endfacet
  facet normal -0.541087 -0 -0.840967
    outer loop
      vertex 22.7197 -35.6 15.8745
      vertex 22.7197 -36.6 15.8745
      vertex 22.6939 -36.6 15.8911
    endloop
  endfacet
  facet normal -0.570082 0 -0.821588
    outer loop
      vertex 22.7442 -35.6 15.8575
      vertex 22.7197 -36.6 15.8745
      vertex 22.7197 -35.6 15.8745
    endloop
  endfacet
  facet normal -0.570082 -0 -0.821588
    outer loop
      vertex 22.7442 -35.6 15.8575
      vertex 22.7442 -36.6 15.8575
      vertex 22.7197 -36.6 15.8745
    endloop
  endfacet
  facet normal -0.602736 0 -0.797941
    outer loop
      vertex 22.7675 -35.6 15.8399
      vertex 22.7442 -36.6 15.8575
      vertex 22.7442 -35.6 15.8575
    endloop
  endfacet
  facet normal -0.602736 -0 -0.797941
    outer loop
      vertex 22.7675 -35.6 15.8399
      vertex 22.7675 -36.6 15.8399
      vertex 22.7442 -36.6 15.8575
    endloop
  endfacet
  facet normal -0.636699 0 -0.771113
    outer loop
      vertex 22.7893 -35.6 15.8219
      vertex 22.7675 -36.6 15.8399
      vertex 22.7675 -35.6 15.8399
    endloop
  endfacet
  facet normal -0.636699 -0 -0.771113
    outer loop
      vertex 22.7893 -35.6 15.8219
      vertex 22.7893 -36.6 15.8219
      vertex 22.7675 -36.6 15.8399
    endloop
  endfacet
  facet normal -0.670158 0 -0.742218
    outer loop
      vertex 22.8099 -35.6 15.8033
      vertex 22.7893 -36.6 15.8219
      vertex 22.7893 -35.6 15.8219
    endloop
  endfacet
  facet normal -0.670158 -0 -0.742218
    outer loop
      vertex 22.8099 -35.6 15.8033
      vertex 22.8099 -36.6 15.8033
      vertex 22.7893 -36.6 15.8219
    endloop
  endfacet
  facet normal -0.703395 0 -0.710799
    outer loop
      vertex 22.8291 -35.6 15.7843
      vertex 22.8099 -36.6 15.8033
      vertex 22.8099 -35.6 15.8033
    endloop
  endfacet
  facet normal -0.703395 -0 -0.710799
    outer loop
      vertex 22.8291 -35.6 15.7843
      vertex 22.8291 -36.6 15.7843
      vertex 22.8099 -36.6 15.8033
    endloop
  endfacet
  facet normal -0.738404 0 -0.674359
    outer loop
      vertex 22.847 -35.6 15.7647
      vertex 22.8291 -36.6 15.7843
      vertex 22.8291 -35.6 15.7843
    endloop
  endfacet
  facet normal -0.738404 -0 -0.674359
    outer loop
      vertex 22.847 -35.6 15.7647
      vertex 22.847 -36.6 15.7647
      vertex 22.8291 -36.6 15.7843
    endloop
  endfacet
  facet normal -0.771044 0 -0.636782
    outer loop
      vertex 22.8636 -35.6 15.7446
      vertex 22.847 -36.6 15.7647
      vertex 22.847 -35.6 15.7647
    endloop
  endfacet
  facet normal -0.771044 -0 -0.636782
    outer loop
      vertex 22.8636 -35.6 15.7446
      vertex 22.8636 -36.6 15.7446
      vertex 22.847 -36.6 15.7647
    endloop
  endfacet
  facet normal -0.804663 0 -0.593732
    outer loop
      vertex 22.8788 -35.6 15.724
      vertex 22.8636 -36.6 15.7446
      vertex 22.8636 -35.6 15.7446
    endloop
  endfacet
  facet normal -0.804663 -0 -0.593732
    outer loop
      vertex 22.8788 -35.6 15.724
      vertex 22.8788 -36.6 15.724
      vertex 22.8636 -36.6 15.7446
    endloop
  endfacet
  facet normal -0.833878 0 -0.551948
    outer loop
      vertex 22.8927 -35.6 15.703
      vertex 22.8788 -36.6 15.724
      vertex 22.8788 -35.6 15.724
    endloop
  endfacet
  facet normal -0.833878 -0 -0.551948
    outer loop
      vertex 22.8927 -35.6 15.703
      vertex 22.8927 -36.6 15.703
      vertex 22.8788 -36.6 15.724
    endloop
  endfacet
  facet normal -0.863779 0 -0.503871
    outer loop
      vertex 22.9053 -35.6 15.6814
      vertex 22.8927 -36.6 15.703
      vertex 22.8927 -35.6 15.703
    endloop
  endfacet
  facet normal -0.863779 -0 -0.503871
    outer loop
      vertex 22.9053 -35.6 15.6814
      vertex 22.9053 -36.6 15.6814
      vertex 22.8927 -36.6 15.703
    endloop
  endfacet
  facet normal -0.890362 0 -0.455253
    outer loop
      vertex 22.9166 -35.6 15.6593
      vertex 22.9053 -36.6 15.6814
      vertex 22.9053 -35.6 15.6814
    endloop
  endfacet
  facet normal -0.890362 -0 -0.455253
    outer loop
      vertex 22.9166 -35.6 15.6593
      vertex 22.9166 -36.6 15.6593
      vertex 22.9053 -36.6 15.6814
    endloop
  endfacet
  facet normal -0.914478 0 -0.404636
    outer loop
      vertex 22.9266 -35.6 15.6367
      vertex 22.9166 -36.6 15.6593
      vertex 22.9166 -35.6 15.6593
    endloop
  endfacet
  facet normal -0.914478 -0 -0.404636
    outer loop
      vertex 22.9266 -35.6 15.6367
      vertex 22.9266 -36.6 15.6367
      vertex 22.9166 -36.6 15.6593
    endloop
  endfacet
  facet normal -0.93716 0 -0.348899
    outer loop
      vertex 22.9352 -35.6 15.6136
      vertex 22.9266 -36.6 15.6367
      vertex 22.9266 -35.6 15.6367
    endloop
  endfacet
  facet normal -0.93716 -0 -0.348899
    outer loop
      vertex 22.9352 -35.6 15.6136
      vertex 22.9352 -36.6 15.6136
      vertex 22.9266 -36.6 15.6367
    endloop
  endfacet
  facet normal -0.95534 0 -0.295508
    outer loop
      vertex 22.9425 -35.6 15.59
      vertex 22.9352 -36.6 15.6136
      vertex 22.9352 -35.6 15.6136
    endloop
  endfacet
  facet normal -0.95534 -0 -0.295508
    outer loop
      vertex 22.9425 -35.6 15.59
      vertex 22.9425 -36.6 15.59
      vertex 22.9352 -36.6 15.6136
    endloop
  endfacet
  facet normal -0.971316 0 -0.237791
    outer loop
      vertex 22.9484 -35.6 15.5659
      vertex 22.9425 -36.6 15.59
      vertex 22.9425 -35.6 15.59
    endloop
  endfacet
  facet normal -0.971316 -0 -0.237791
    outer loop
      vertex 22.9484 -35.6 15.5659
      vertex 22.9484 -36.6 15.5659
      vertex 22.9425 -36.6 15.59
    endloop
  endfacet
  facet normal -0.982234 0 -0.187663
    outer loop
      vertex 22.9531 -35.6 15.5413
      vertex 22.9484 -36.6 15.5659
      vertex 22.9484 -35.6 15.5659
    endloop
  endfacet
  facet normal -0.982234 -0 -0.187663
    outer loop
      vertex 22.9531 -35.6 15.5413
      vertex 22.9531 -36.6 15.5413
      vertex 22.9484 -36.6 15.5659
    endloop
  endfacet
  facet normal -0.991534 0 -0.129844
    outer loop
      vertex 22.9564 -35.6 15.5161
      vertex 22.9531 -36.6 15.5413
      vertex 22.9531 -35.6 15.5413
    endloop
  endfacet
  facet normal -0.991534 -0 -0.129844
    outer loop
      vertex 22.9564 -35.6 15.5161
      vertex 22.9564 -36.6 15.5161
      vertex 22.9531 -36.6 15.5413
    endloop
  endfacet
  facet normal -0.996962 0 -0.0778877
    outer loop
      vertex 22.9584 -35.6 15.4905
      vertex 22.9564 -36.6 15.5161
      vertex 22.9564 -35.6 15.5161
    endloop
  endfacet
  facet normal -0.996962 -0 -0.0778877
    outer loop
      vertex 22.9584 -35.6 15.4905
      vertex 22.9584 -36.6 15.4905
      vertex 22.9564 -36.6 15.5161
    endloop
  endfacet
  facet normal -0.999736 0 -0.0229824
    outer loop
      vertex 22.959 -35.6 15.4644
      vertex 22.9584 -36.6 15.4905
      vertex 22.9584 -35.6 15.4905
    endloop
  endfacet
  facet normal -0.999736 -0 -0.0229824
    outer loop
      vertex 22.959 -35.6 15.4644
      vertex 22.959 -36.6 15.4644
      vertex 22.9584 -36.6 15.4905
    endloop
  endfacet
  facet normal -0.999927 0 0.0120473
    outer loop
      vertex 22.9588 -35.6 15.4478
      vertex 22.959 -36.6 15.4644
      vertex 22.959 -35.6 15.4644
    endloop
  endfacet
  facet normal -0.999927 0 0.0120473
    outer loop
      vertex 22.9588 -35.6 15.4478
      vertex 22.9588 -36.6 15.4478
      vertex 22.959 -36.6 15.4644
    endloop
  endfacet
  facet normal -0.998479 0 0.0551308
    outer loop
      vertex 22.9579 -35.6 15.4315
      vertex 22.9588 -36.6 15.4478
      vertex 22.9588 -35.6 15.4478
    endloop
  endfacet
  facet normal -0.998479 0 0.0551308
    outer loop
      vertex 22.9579 -35.6 15.4315
      vertex 22.9579 -36.6 15.4315
      vertex 22.9588 -36.6 15.4478
    endloop
  endfacet
  facet normal -0.996241 0 0.0866296
    outer loop
      vertex 22.9565 -35.6 15.4154
      vertex 22.9579 -36.6 15.4315
      vertex 22.9579 -35.6 15.4315
    endloop
  endfacet
  facet normal -0.996241 0 0.0866296
    outer loop
      vertex 22.9565 -35.6 15.4154
      vertex 22.9565 -36.6 15.4154
      vertex 22.9579 -36.6 15.4315
    endloop
  endfacet
  facet normal -0.992182 0 0.124803
    outer loop
      vertex 22.9545 -35.6 15.3995
      vertex 22.9565 -36.6 15.4154
      vertex 22.9565 -35.6 15.4154
    endloop
  endfacet
  facet normal -0.992182 0 0.124803
    outer loop
      vertex 22.9545 -35.6 15.3995
      vertex 22.9545 -36.6 15.3995
      vertex 22.9565 -36.6 15.4154
    endloop
  endfacet
  facet normal -0.987558 0 0.157254
    outer loop
      vertex 22.952 -35.6 15.3838
      vertex 22.9545 -36.6 15.3995
      vertex 22.9545 -35.6 15.3995
    endloop
  endfacet
  facet normal -0.987558 0 0.157254
    outer loop
      vertex 22.952 -35.6 15.3838
      vertex 22.952 -36.6 15.3838
      vertex 22.9545 -36.6 15.3995
    endloop
  endfacet
  facet normal -0.979347 0 0.202188
    outer loop
      vertex 22.9488 -35.6 15.3683
      vertex 22.952 -36.6 15.3838
      vertex 22.952 -35.6 15.3838
    endloop
  endfacet
  facet normal -0.979347 0 0.202188
    outer loop
      vertex 22.9488 -35.6 15.3683
      vertex 22.9488 -36.6 15.3683
      vertex 22.952 -36.6 15.3838
    endloop
  endfacet
  facet normal -0.971628 0 0.236515
    outer loop
      vertex 22.9451 -35.6 15.3531
      vertex 22.9488 -36.6 15.3683
      vertex 22.9488 -35.6 15.3683
    endloop
  endfacet
  facet normal -0.971628 0 0.236515
    outer loop
      vertex 22.9451 -35.6 15.3531
      vertex 22.9451 -36.6 15.3531
      vertex 22.9488 -36.6 15.3683
    endloop
  endfacet
  facet normal -0.962964 0 0.26963
    outer loop
      vertex 22.9409 -35.6 15.3381
      vertex 22.9451 -36.6 15.3531
      vertex 22.9451 -35.6 15.3531
    endloop
  endfacet
  facet normal -0.962964 0 0.26963
    outer loop
      vertex 22.9409 -35.6 15.3381
      vertex 22.9409 -36.6 15.3381
      vertex 22.9451 -36.6 15.3531
    endloop
  endfacet
  facet normal -0.949323 0 0.314303
    outer loop
      vertex 22.936 -35.6 15.3233
      vertex 22.9409 -36.6 15.3381
      vertex 22.9409 -35.6 15.3381
    endloop
  endfacet
  facet normal -0.949323 0 0.314303
    outer loop
      vertex 22.936 -35.6 15.3233
      vertex 22.936 -36.6 15.3233
      vertex 22.9409 -36.6 15.3381
    endloop
  endfacet
  facet normal -0.937904 0 0.346896
    outer loop
      vertex 22.9306 -35.6 15.3087
      vertex 22.936 -36.6 15.3233
      vertex 22.936 -35.6 15.3233
    endloop
  endfacet
  facet normal -0.937904 0 0.346896
    outer loop
      vertex 22.9306 -35.6 15.3087
      vertex 22.9306 -36.6 15.3087
      vertex 22.936 -36.6 15.3233
    endloop
  endfacet
  facet normal -0.92441 0 0.3814
    outer loop
      vertex 22.9247 -35.6 15.2944
      vertex 22.9306 -36.6 15.3087
      vertex 22.9306 -35.6 15.3087
    endloop
  endfacet
  facet normal -0.92441 0 0.3814
    outer loop
      vertex 22.9247 -35.6 15.2944
      vertex 22.9247 -36.6 15.2944
      vertex 22.9306 -36.6 15.3087
    endloop
  endfacet
  facet normal -0.90569 0 0.42394
    outer loop
      vertex 22.9181 -35.6 15.2803
      vertex 22.9247 -36.6 15.2944
      vertex 22.9247 -35.6 15.2944
    endloop
  endfacet
  facet normal -0.90569 0 0.42394
    outer loop
      vertex 22.9181 -35.6 15.2803
      vertex 22.9181 -36.6 15.2803
      vertex 22.9247 -36.6 15.2944
    endloop
  endfacet
  facet normal -0.891864 0 0.452303
    outer loop
      vertex 22.911 -35.6 15.2663
      vertex 22.9181 -36.6 15.2803
      vertex 22.9181 -35.6 15.2803
    endloop
  endfacet
  facet normal -0.891864 0 0.452303
    outer loop
      vertex 22.911 -35.6 15.2663
      vertex 22.911 -36.6 15.2663
      vertex 22.9181 -36.6 15.2803
    endloop
  endfacet
  facet normal -0.874458 0 0.485101
    outer loop
      vertex 22.9034 -35.6 15.2526
      vertex 22.911 -36.6 15.2663
      vertex 22.911 -35.6 15.2663
    endloop
  endfacet
  facet normal -0.874458 0 0.485101
    outer loop
      vertex 22.9034 -35.6 15.2526
      vertex 22.9034 -36.6 15.2526
      vertex 22.911 -36.6 15.2663
    endloop
  endfacet
  facet normal -0.85013 0 0.526573
    outer loop
      vertex 22.8951 -35.6 15.2392
      vertex 22.9034 -36.6 15.2526
      vertex 22.9034 -35.6 15.2526
    endloop
  endfacet
  facet normal -0.85013 0 0.526573
    outer loop
      vertex 22.8951 -35.6 15.2392
      vertex 22.8951 -36.6 15.2392
      vertex 22.9034 -36.6 15.2526
    endloop
  endfacet
  facet normal -0.833975 0 0.551803
    outer loop
      vertex 22.8863 -35.6 15.2259
      vertex 22.8951 -36.6 15.2392
      vertex 22.8951 -35.6 15.2392
    endloop
  endfacet
  facet normal -0.833975 0 0.551803
    outer loop
      vertex 22.8863 -35.6 15.2259
      vertex 22.8863 -36.6 15.2259
      vertex 22.8951 -36.6 15.2392
    endloop
  endfacet
  facet normal -0.81035 0 0.585946
    outer loop
      vertex 22.8769 -35.6 15.2129
      vertex 22.8863 -36.6 15.2259
      vertex 22.8863 -35.6 15.2259
    endloop
  endfacet
  facet normal -0.81035 0 0.585946
    outer loop
      vertex 22.8769 -35.6 15.2129
      vertex 22.8769 -36.6 15.2129
      vertex 22.8863 -36.6 15.2259
    endloop
  endfacet
  facet normal -0.791013 0 0.611799
    outer loop
      vertex 22.867 -35.6 15.2001
      vertex 22.8769 -36.6 15.2129
      vertex 22.8769 -35.6 15.2129
    endloop
  endfacet
  facet normal -0.791013 0 0.611799
    outer loop
      vertex 22.867 -35.6 15.2001
      vertex 22.867 -36.6 15.2001
      vertex 22.8769 -36.6 15.2129
    endloop
  endfacet
  facet normal -0.768221 0 0.640184
    outer loop
      vertex 22.8565 -35.6 15.1875
      vertex 22.867 -36.6 15.2001
      vertex 22.867 -35.6 15.2001
    endloop
  endfacet
  facet normal -0.768221 0 0.640184
    outer loop
      vertex 22.8565 -35.6 15.1875
      vertex 22.8565 -36.6 15.1875
      vertex 22.867 -36.6 15.2001
    endloop
  endfacet
  facet normal -0.742393 0 0.669965
    outer loop
      vertex 22.8454 -35.6 15.1752
      vertex 22.8565 -36.6 15.1875
      vertex 22.8565 -35.6 15.1875
    endloop
  endfacet
  facet normal -0.742393 0 0.669965
    outer loop
      vertex 22.8454 -35.6 15.1752
      vertex 22.8454 -36.6 15.1752
      vertex 22.8565 -36.6 15.1875
    endloop
  endfacet
  facet normal -0.724703 0 0.689062
    outer loop
      vertex 22.8338 -35.6 15.163
      vertex 22.8454 -36.6 15.1752
      vertex 22.8454 -35.6 15.1752
    endloop
  endfacet
  facet normal -0.724703 0 0.689062
    outer loop
      vertex 22.8338 -35.6 15.163
      vertex 22.8338 -36.6 15.163
      vertex 22.8454 -36.6 15.1752
    endloop
  endfacet
  facet normal -0.695324 0 0.718696
    outer loop
      vertex 22.8215 -35.6 15.1511
      vertex 22.8338 -36.6 15.163
      vertex 22.8338 -35.6 15.163
    endloop
  endfacet
  facet normal -0.695324 0 0.718696
    outer loop
      vertex 22.8215 -35.6 15.1511
      vertex 22.8215 -36.6 15.1511
      vertex 22.8338 -36.6 15.163
    endloop
  endfacet
  facet normal -0.674679 0 0.738111
    outer loop
      vertex 22.8087 -35.6 15.1394
      vertex 22.8215 -36.6 15.1511
      vertex 22.8215 -35.6 15.1511
    endloop
  endfacet
  facet normal -0.674679 0 0.738111
    outer loop
      vertex 22.8087 -35.6 15.1394
      vertex 22.8087 -36.6 15.1394
      vertex 22.8215 -36.6 15.1511
    endloop
  endfacet
  facet normal -0.645181 0 0.76403
    outer loop
      vertex 22.7952 -35.6 15.128
      vertex 22.8087 -36.6 15.1394
      vertex 22.8087 -35.6 15.1394
    endloop
  endfacet
  facet normal -0.645181 0 0.76403
    outer loop
      vertex 22.7952 -35.6 15.128
      vertex 22.7952 -36.6 15.128
      vertex 22.8087 -36.6 15.1394
    endloop
  endfacet
  facet normal -0.621982 0 0.783031
    outer loop
      vertex 22.7811 -35.6 15.1168
      vertex 22.7952 -36.6 15.128
      vertex 22.7952 -35.6 15.128
    endloop
  endfacet
  facet normal -0.621982 0 0.783031
    outer loop
      vertex 22.7811 -35.6 15.1168
      vertex 22.7811 -36.6 15.1168
      vertex 22.7952 -36.6 15.128
    endloop
  endfacet
  facet normal -0.593013 0 0.805193
    outer loop
      vertex 22.7663 -35.6 15.1059
      vertex 22.7811 -36.6 15.1168
      vertex 22.7811 -35.6 15.1168
    endloop
  endfacet
  facet normal -0.593013 0 0.805193
    outer loop
      vertex 22.7663 -35.6 15.1059
      vertex 22.7663 -36.6 15.1059
      vertex 22.7811 -36.6 15.1168
    endloop
  endfacet
  facet normal -0.564493 0 0.825438
    outer loop
      vertex 22.7508 -35.6 15.0953
      vertex 22.7663 -36.6 15.1059
      vertex 22.7663 -35.6 15.1059
    endloop
  endfacet
  facet normal -0.564493 0 0.825438
    outer loop
      vertex 22.7508 -35.6 15.0953
      vertex 22.7508 -36.6 15.0953
      vertex 22.7663 -36.6 15.1059
    endloop
  endfacet
  facet normal -0.543895 0 0.839153
    outer loop
      vertex 22.7346 -35.6 15.0848
      vertex 22.7508 -36.6 15.0953
      vertex 22.7508 -35.6 15.0953
    endloop
  endfacet
  facet normal -0.543895 0 0.839153
    outer loop
      vertex 22.7346 -35.6 15.0848
      vertex 22.7346 -36.6 15.0848
      vertex 22.7508 -36.6 15.0953
    endloop
  endfacet
  facet normal -0.515246 0 0.857042
    outer loop
      vertex 22.7178 -35.6 15.0747
      vertex 22.7346 -36.6 15.0848
      vertex 22.7346 -35.6 15.0848
    endloop
  endfacet
  facet normal -0.515246 0 0.857042
    outer loop
      vertex 22.7178 -35.6 15.0747
      vertex 22.7178 -36.6 15.0747
      vertex 22.7346 -36.6 15.0848
    endloop
  endfacet
  facet normal -0.492385 0 0.870378
    outer loop
      vertex 22.7003 -35.6 15.0648
      vertex 22.7178 -36.6 15.0747
      vertex 22.7178 -35.6 15.0747
    endloop
  endfacet
  facet normal -0.492385 0 0.870378
    outer loop
      vertex 22.7003 -35.6 15.0648
      vertex 22.7003 -36.6 15.0648
      vertex 22.7178 -36.6 15.0747
    endloop
  endfacet
  facet normal -0.472357 0 0.881408
    outer loop
      vertex 22.6822 -35.6 15.0551
      vertex 22.7003 -36.6 15.0648
      vertex 22.7003 -35.6 15.0648
    endloop
  endfacet
  facet normal -0.472357 0 0.881408
    outer loop
      vertex 22.6822 -35.6 15.0551
      vertex 22.6822 -36.6 15.0551
      vertex 22.7003 -36.6 15.0648
    endloop
  endfacet
  facet normal -0.447214 0 0.894427
    outer loop
      vertex 22.6634 -35.6 15.0457
      vertex 22.6822 -36.6 15.0551
      vertex 22.6822 -35.6 15.0551
    endloop
  endfacet
  facet normal -0.447214 0 0.894427
    outer loop
      vertex 22.6634 -35.6 15.0457
      vertex 22.6634 -36.6 15.0457
      vertex 22.6822 -36.6 15.0551
    endloop
  endfacet
  facet normal -0.424673 0 0.905347
    outer loop
      vertex 22.644 -35.6 15.0366
      vertex 22.6634 -36.6 15.0457
      vertex 22.6634 -35.6 15.0457
    endloop
  endfacet
  facet normal -0.424673 0 0.905347
    outer loop
      vertex 22.644 -35.6 15.0366
      vertex 22.644 -36.6 15.0366
      vertex 22.6634 -36.6 15.0457
    endloop
  endfacet
  facet normal -0.403194 0 0.915115
    outer loop
      vertex 22.6238 -35.6 15.0277
      vertex 22.644 -36.6 15.0366
      vertex 22.644 -35.6 15.0366
    endloop
  endfacet
  facet normal -0.403194 0 0.915115
    outer loop
      vertex 22.6238 -35.6 15.0277
      vertex 22.6238 -36.6 15.0277
      vertex 22.644 -36.6 15.0366
    endloop
  endfacet
  facet normal -0.385875 0 0.922551
    outer loop
      vertex 22.603 -35.6 15.019
      vertex 22.6238 -36.6 15.0277
      vertex 22.6238 -35.6 15.0277
    endloop
  endfacet
  facet normal -0.385875 0 0.922551
    outer loop
      vertex 22.603 -35.6 15.019
      vertex 22.603 -36.6 15.019
      vertex 22.6238 -36.6 15.0277
    endloop
  endfacet
  facet normal -0.365383 0 0.930857
    outer loop
      vertex 22.5816 -35.6 15.0106
      vertex 22.603 -36.6 15.019
      vertex 22.603 -35.6 15.019
    endloop
  endfacet
  facet normal -0.365383 0 0.930857
    outer loop
      vertex 22.5816 -35.6 15.0106
      vertex 22.5816 -36.6 15.0106
      vertex 22.603 -36.6 15.019
    endloop
  endfacet
  facet normal -0.34413 0 0.938922
    outer loop
      vertex 22.5595 -35.6 15.0025
      vertex 22.5816 -36.6 15.0106
      vertex 22.5816 -35.6 15.0106
    endloop
  endfacet
  facet normal -0.34413 0 0.938922
    outer loop
      vertex 22.5595 -35.6 15.0025
      vertex 22.5595 -36.6 15.0025
      vertex 22.5816 -36.6 15.0106
    endloop
  endfacet
  facet normal -0.327395 0 0.944887
    outer loop
      vertex 22.5367 -35.6 14.9946
      vertex 22.5595 -36.6 15.0025
      vertex 22.5595 -35.6 15.0025
    endloop
  endfacet
  facet normal -0.327395 0 0.944887
    outer loop
      vertex 22.5367 -35.6 14.9946
      vertex 22.5367 -36.6 14.9946
      vertex 22.5595 -36.6 15.0025
    endloop
  endfacet
  facet normal -0.308902 0 0.951094
    outer loop
      vertex 22.5133 -35.6 14.987
      vertex 22.5367 -36.6 14.9946
      vertex 22.5367 -35.6 14.9946
    endloop
  endfacet
  facet normal -0.308902 0 0.951094
    outer loop
      vertex 22.5133 -35.6 14.987
      vertex 22.5133 -36.6 14.987
      vertex 22.5367 -36.6 14.9946
    endloop
  endfacet
  facet normal -0.293528 0 0.95595
    outer loop
      vertex 22.4892 -35.6 14.9796
      vertex 22.5133 -36.6 14.987
      vertex 22.5133 -35.6 14.987
    endloop
  endfacet
  facet normal -0.293528 0 0.95595
    outer loop
      vertex 22.4892 -35.6 14.9796
      vertex 22.4892 -36.6 14.9796
      vertex 22.5133 -36.6 14.987
    endloop
  endfacet
  facet normal -0.27881 0 0.960346
    outer loop
      vertex 22.4644 -35.6 14.9724
      vertex 22.4892 -36.6 14.9796
      vertex 22.4892 -35.6 14.9796
    endloop
  endfacet
  facet normal -0.27881 0 0.960346
    outer loop
      vertex 22.4644 -35.6 14.9724
      vertex 22.4644 -36.6 14.9724
      vertex 22.4892 -36.6 14.9796
    endloop
  endfacet
  facet normal -0.258609 0 0.965982
    outer loop
      vertex 22.439 -35.6 14.9656
      vertex 22.4644 -36.6 14.9724
      vertex 22.4644 -35.6 14.9724
    endloop
  endfacet
  facet normal -0.258609 0 0.965982
    outer loop
      vertex 22.439 -35.6 14.9656
      vertex 22.439 -36.6 14.9656
      vertex 22.4644 -36.6 14.9724
    endloop
  endfacet
  facet normal -0.248643 0 0.968595
    outer loop
      vertex 22.4129 -35.6 14.9589
      vertex 22.439 -36.6 14.9656
      vertex 22.439 -35.6 14.9656
    endloop
  endfacet
  facet normal -0.248643 0 0.968595
    outer loop
      vertex 22.4129 -35.6 14.9589
      vertex 22.4129 -36.6 14.9589
      vertex 22.439 -36.6 14.9656
    endloop
  endfacet
  facet normal -0.229649 0 0.973274
    outer loop
      vertex 22.3862 -35.6 14.9526
      vertex 22.4129 -36.6 14.9589
      vertex 22.4129 -35.6 14.9589
    endloop
  endfacet
  facet normal -0.229649 0 0.973274
    outer loop
      vertex 22.3862 -35.6 14.9526
      vertex 22.3862 -36.6 14.9526
      vertex 22.4129 -36.6 14.9589
    endloop
  endfacet
  facet normal -0.215807 0 0.976436
    outer loop
      vertex 22.3586 -35.6 14.9465
      vertex 22.3862 -36.6 14.9526
      vertex 22.3862 -35.6 14.9526
    endloop
  endfacet
  facet normal -0.215807 0 0.976436
    outer loop
      vertex 22.3586 -35.6 14.9465
      vertex 22.3586 -36.6 14.9465
      vertex 22.3862 -36.6 14.9526
    endloop
  endfacet
  facet normal -0.203404 0 0.979095
    outer loop
      vertex 22.3302 -35.6 14.9406
      vertex 22.3586 -36.6 14.9465
      vertex 22.3586 -35.6 14.9465
    endloop
  endfacet
  facet normal -0.203404 0 0.979095
    outer loop
      vertex 22.3302 -35.6 14.9406
      vertex 22.3302 -36.6 14.9406
      vertex 22.3586 -36.6 14.9465
    endloop
  endfacet
  facet normal -0.183885 0 0.982948
    outer loop
      vertex 22.3008 -35.6 14.9351
      vertex 22.3302 -36.6 14.9406
      vertex 22.3302 -35.6 14.9406
    endloop
  endfacet
  facet normal -0.183885 0 0.982948
    outer loop
      vertex 22.3008 -35.6 14.9351
      vertex 22.3008 -36.6 14.9351
      vertex 22.3302 -36.6 14.9406
    endloop
  endfacet
  facet normal -0.172301 0 0.985044
    outer loop
      vertex 22.2705 -35.6 14.9298
      vertex 22.3008 -36.6 14.9351
      vertex 22.3008 -35.6 14.9351
    endloop
  endfacet
  facet normal -0.172301 0 0.985044
    outer loop
      vertex 22.2705 -35.6 14.9298
      vertex 22.2705 -36.6 14.9298
      vertex 22.3008 -36.6 14.9351
    endloop
  endfacet
  facet normal -0.15515 0 0.987891
    outer loop
      vertex 22.2393 -35.6 14.9249
      vertex 22.2705 -36.6 14.9298
      vertex 22.2705 -35.6 14.9298
    endloop
  endfacet
  facet normal -0.15515 0 0.987891
    outer loop
      vertex 22.2393 -35.6 14.9249
      vertex 22.2393 -36.6 14.9249
      vertex 22.2705 -36.6 14.9298
    endloop
  endfacet
  facet normal -0.144873 0 0.98945
    outer loop
      vertex 22.2072 -35.6 14.9202
      vertex 22.2393 -36.6 14.9249
      vertex 22.2393 -35.6 14.9249
    endloop
  endfacet
  facet normal -0.144873 0 0.98945
    outer loop
      vertex 22.2072 -35.6 14.9202
      vertex 22.2072 -36.6 14.9202
      vertex 22.2393 -36.6 14.9249
    endloop
  endfacet
  facet normal -0.132164 0 0.991228
    outer loop
      vertex 22.1742 -35.6 14.9158
      vertex 22.2072 -36.6 14.9202
      vertex 22.2072 -35.6 14.9202
    endloop
  endfacet
  facet normal -0.132164 0 0.991228
    outer loop
      vertex 22.1742 -35.6 14.9158
      vertex 22.1742 -36.6 14.9158
      vertex 22.2072 -36.6 14.9202
    endloop
  endfacet
  facet normal -0.122598 0 0.992456
    outer loop
      vertex 22.1402 -35.6 14.9116
      vertex 22.1742 -36.6 14.9158
      vertex 22.1742 -35.6 14.9158
    endloop
  endfacet
  facet normal -0.122598 0 0.992456
    outer loop
      vertex 22.1402 -35.6 14.9116
      vertex 22.1402 -36.6 14.9116
      vertex 22.1742 -36.6 14.9158
    endloop
  endfacet
  facet normal -0.10855 0 0.994091
    outer loop
      vertex 22.1054 -35.6 14.9078
      vertex 22.1402 -36.6 14.9116
      vertex 22.1402 -35.6 14.9116
    endloop
  endfacet
  facet normal -0.10855 0 0.994091
    outer loop
      vertex 22.1054 -35.6 14.9078
      vertex 22.1054 -36.6 14.9078
      vertex 22.1402 -36.6 14.9116
    endloop
  endfacet
  facet normal -0.0973015 0 0.995255
    outer loop
      vertex 22.0696 -35.6 14.9043
      vertex 22.1054 -36.6 14.9078
      vertex 22.1054 -35.6 14.9078
    endloop
  endfacet
  facet normal -0.0973015 0 0.995255
    outer loop
      vertex 22.0696 -35.6 14.9043
      vertex 22.0696 -36.6 14.9043
      vertex 22.1054 -36.6 14.9078
    endloop
  endfacet
  facet normal -0.0895569 0 0.995982
    outer loop
      vertex 22.0329 -35.6 14.901
      vertex 22.0696 -36.6 14.9043
      vertex 22.0696 -35.6 14.9043
    endloop
  endfacet
  facet normal -0.0895569 0 0.995982
    outer loop
      vertex 22.0329 -35.6 14.901
      vertex 22.0329 -36.6 14.901
      vertex 22.0696 -36.6 14.9043
    endloop
  endfacet
  facet normal -0.0795345 0 0.996832
    outer loop
      vertex 21.9953 -35.6 14.898
      vertex 22.0329 -36.6 14.901
      vertex 22.0329 -35.6 14.901
    endloop
  endfacet
  facet normal -0.0795345 0 0.996832
    outer loop
      vertex 21.9953 -35.6 14.898
      vertex 21.9953 -36.6 14.898
      vertex 22.0329 -36.6 14.901
    endloop
  endfacet
  facet normal -0.069958 0 0.99755
    outer loop
      vertex 21.9568 -35.6 14.8953
      vertex 21.9953 -36.6 14.898
      vertex 21.9953 -35.6 14.898
    endloop
  endfacet
  facet normal -0.069958 0 0.99755
    outer loop
      vertex 21.9568 -35.6 14.8953
      vertex 21.9568 -36.6 14.8953
      vertex 21.9953 -36.6 14.898
    endloop
  endfacet
  facet normal -0.0606476 0 0.998159
    outer loop
      vertex 21.9173 -35.6 14.8929
      vertex 21.9568 -36.6 14.8953
      vertex 21.9568 -35.6 14.8953
    endloop
  endfacet
  facet normal -0.0606476 0 0.998159
    outer loop
      vertex 21.9173 -35.6 14.8929
      vertex 21.9173 -36.6 14.8929
      vertex 21.9568 -36.6 14.8953
    endloop
  endfacet
  facet normal -0.0520386 0 0.998645
    outer loop
      vertex 21.877 -35.6 14.8908
      vertex 21.9173 -36.6 14.8929
      vertex 21.9173 -35.6 14.8929
    endloop
  endfacet
  facet normal -0.0520386 0 0.998645
    outer loop
      vertex 21.877 -35.6 14.8908
      vertex 21.877 -36.6 14.8908
      vertex 21.9173 -36.6 14.8929
    endloop
  endfacet
  facet normal -0.0459562 0 0.998943
    outer loop
      vertex 21.8357 -35.6 14.8889
      vertex 21.877 -36.6 14.8908
      vertex 21.877 -35.6 14.8908
    endloop
  endfacet
  facet normal -0.0459562 0 0.998943
    outer loop
      vertex 21.8357 -35.6 14.8889
      vertex 21.8357 -36.6 14.8889
      vertex 21.877 -36.6 14.8908
    endloop
  endfacet
  facet normal -0.0355226 0 0.999369
    outer loop
      vertex 21.7935 -35.6 14.8874
      vertex 21.8357 -36.6 14.8889
      vertex 21.8357 -35.6 14.8889
    endloop
  endfacet
  facet normal -0.0355226 0 0.999369
    outer loop
      vertex 21.7935 -35.6 14.8874
      vertex 21.7935 -36.6 14.8874
      vertex 21.8357 -36.6 14.8889
    endloop
  endfacet
  facet normal -0.0301487 0 0.999545
    outer loop
      vertex 21.7504 -35.6 14.8861
      vertex 21.7935 -36.6 14.8874
      vertex 21.7935 -35.6 14.8874
    endloop
  endfacet
  facet normal -0.0301487 0 0.999545
    outer loop
      vertex 21.7504 -35.6 14.8861
      vertex 21.7504 -36.6 14.8861
      vertex 21.7935 -36.6 14.8874
    endloop
  endfacet
  facet normal -0.0227214 0 0.999742
    outer loop
      vertex 21.7064 -35.6 14.8851
      vertex 21.7504 -36.6 14.8861
      vertex 21.7504 -35.6 14.8861
    endloop
  endfacet
  facet normal -0.0227214 0 0.999742
    outer loop
      vertex 21.7064 -35.6 14.8851
      vertex 21.7064 -36.6 14.8851
      vertex 21.7504 -36.6 14.8861
    endloop
  endfacet
  facet normal -0.0155883 0 0.999878
    outer loop
      vertex 21.6615 -35.6 14.8844
      vertex 21.7064 -36.6 14.8851
      vertex 21.7064 -35.6 14.8851
    endloop
  endfacet
  facet normal -0.0155883 0 0.999878
    outer loop
      vertex 21.6615 -35.6 14.8844
      vertex 21.6615 -36.6 14.8844
      vertex 21.7064 -36.6 14.8851
    endloop
  endfacet
  facet normal -0.00871427 0 0.999962
    outer loop
      vertex 21.6156 -35.6 14.884
      vertex 21.6615 -36.6 14.8844
      vertex 21.6615 -35.6 14.8844
    endloop
  endfacet
  facet normal -0.00871427 0 0.999962
    outer loop
      vertex 21.6156 -35.6 14.884
      vertex 21.6156 -36.6 14.884
      vertex 21.6615 -36.6 14.8844
    endloop
  endfacet
  facet normal -0.00428262 0 0.999991
    outer loop
      vertex 21.5689 -35.6 14.8838
      vertex 21.6156 -36.6 14.884
      vertex 21.6156 -35.6 14.884
    endloop
  endfacet
  facet normal -0.00428262 0 0.999991
    outer loop
      vertex 21.5689 -35.6 14.8838
      vertex 21.5689 -36.6 14.8838
      vertex 21.6156 -36.6 14.884
    endloop
  endfacet
  facet normal 0.00743474 0 0.999972
    outer loop
      vertex 21.4882 -35.6 14.8844
      vertex 21.5689 -36.6 14.8838
      vertex 21.5689 -35.6 14.8838
    endloop
  endfacet
  facet normal 0.00743474 0 0.999972
    outer loop
      vertex 21.4882 -35.6 14.8844
      vertex 21.4882 -36.6 14.8844
      vertex 21.5689 -36.6 14.8838
    endloop
  endfacet
  facet normal 0.0197736 0 0.999804
    outer loop
      vertex 21.4073 -35.6 14.886
      vertex 21.4882 -36.6 14.8844
      vertex 21.4882 -35.6 14.8844
    endloop
  endfacet
  facet normal 0.0197736 0 0.999804
    outer loop
      vertex 21.4073 -35.6 14.886
      vertex 21.4073 -36.6 14.886
      vertex 21.4882 -36.6 14.8844
    endloop
  endfacet
  facet normal 0.0345047 0 0.999405
    outer loop
      vertex 21.3262 -35.6 14.8888
      vertex 21.4073 -36.6 14.886
      vertex 21.4073 -35.6 14.886
    endloop
  endfacet
  facet normal 0.0345047 0 0.999405
    outer loop
      vertex 21.3262 -35.6 14.8888
      vertex 21.3262 -36.6 14.8888
      vertex 21.4073 -36.6 14.886
    endloop
  endfacet
  facet normal 0.0466895 0 0.998909
    outer loop
      vertex 21.2449 -35.6 14.8926
      vertex 21.3262 -36.6 14.8888
      vertex 21.3262 -35.6 14.8888
    endloop
  endfacet
  facet normal 0.0466895 0 0.998909
    outer loop
      vertex 21.2449 -35.6 14.8926
      vertex 21.2449 -36.6 14.8926
      vertex 21.3262 -36.6 14.8888
    endloop
  endfacet
  facet normal 0.0611598 0 0.998128
    outer loop
      vertex 21.1633 -35.6 14.8976
      vertex 21.2449 -36.6 14.8926
      vertex 21.2449 -35.6 14.8926
    endloop
  endfacet
  facet normal 0.0611598 0 0.998128
    outer loop
      vertex 21.1633 -35.6 14.8976
      vertex 21.1633 -36.6 14.8976
      vertex 21.2449 -36.6 14.8926
    endloop
  endfacet
  facet normal 0.0744562 0 0.997224
    outer loop
      vertex 21.0816 -35.6 14.9037
      vertex 21.1633 -36.6 14.8976
      vertex 21.1633 -35.6 14.8976
    endloop
  endfacet
  facet normal 0.0744562 0 0.997224
    outer loop
      vertex 21.0816 -35.6 14.9037
      vertex 21.0816 -36.6 14.9037
      vertex 21.1633 -36.6 14.8976
    endloop
  endfacet
  facet normal 0.0874683 0 0.996167
    outer loop
      vertex 20.9996 -35.6 14.9109
      vertex 21.0816 -36.6 14.9037
      vertex 21.0816 -35.6 14.9037
    endloop
  endfacet
  facet normal 0.0874683 0 0.996167
    outer loop
      vertex 20.9996 -35.6 14.9109
      vertex 20.9996 -36.6 14.9109
      vertex 21.0816 -36.6 14.9037
    endloop
  endfacet
  facet normal 0.100462 0 0.994941
    outer loop
      vertex 20.9174 -35.6 14.9192
      vertex 20.9996 -36.6 14.9109
      vertex 20.9996 -35.6 14.9109
    endloop
  endfacet
  facet normal 0.100462 0 0.994941
    outer loop
      vertex 20.9174 -35.6 14.9192
      vertex 20.9174 -36.6 14.9192
      vertex 20.9996 -36.6 14.9109
    endloop
  endfacet
  facet normal 0.112018 0 0.993706
    outer loop
      vertex 20.8349 -35.6 14.9285
      vertex 20.9174 -36.6 14.9192
      vertex 20.9174 -35.6 14.9192
    endloop
  endfacet
  facet normal 0.112018 0 0.993706
    outer loop
      vertex 20.8349 -35.6 14.9285
      vertex 20.8349 -36.6 14.9285
      vertex 20.9174 -36.6 14.9192
    endloop
  endfacet
  facet normal 0.126104 0 0.992017
    outer loop
      vertex 20.7523 -35.6 14.939
      vertex 20.8349 -36.6 14.9285
      vertex 20.8349 -35.6 14.9285
    endloop
  endfacet
  facet normal 0.126104 0 0.992017
    outer loop
      vertex 20.7523 -35.6 14.939
      vertex 20.7523 -36.6 14.939
      vertex 20.8349 -36.6 14.9285
    endloop
  endfacet
  facet normal 0.138578 0 0.990352
    outer loop
      vertex 20.6694 -35.6 14.9506
      vertex 20.7523 -36.6 14.939
      vertex 20.7523 -35.6 14.939
    endloop
  endfacet
  facet normal 0.138578 0 0.990352
    outer loop
      vertex 20.6694 -35.6 14.9506
      vertex 20.6694 -36.6 14.9506
      vertex 20.7523 -36.6 14.939
    endloop
  endfacet
  facet normal 0.151074 0 0.988522
    outer loop
      vertex 20.5863 -35.6 14.9633
      vertex 20.6694 -36.6 14.9506
      vertex 20.6694 -35.6 14.9506
    endloop
  endfacet
  facet normal 0.151074 0 0.988522
    outer loop
      vertex 20.5863 -35.6 14.9633
      vertex 20.5863 -36.6 14.9633
      vertex 20.6694 -36.6 14.9506
    endloop
  endfacet
  facet normal 0.163439 0 0.986554
    outer loop
      vertex 20.503 -35.6 14.9771
      vertex 20.5863 -36.6 14.9633
      vertex 20.5863 -35.6 14.9633
    endloop
  endfacet
  facet normal 0.163439 0 0.986554
    outer loop
      vertex 20.503 -35.6 14.9771
      vertex 20.503 -36.6 14.9771
      vertex 20.5863 -36.6 14.9633
    endloop
  endfacet
  facet normal 0.175668 0 0.984449
    outer loop
      vertex 20.4195 -35.6 14.992
      vertex 20.503 -36.6 14.9771
      vertex 20.503 -35.6 14.9771
    endloop
  endfacet
  facet normal 0.175668 0 0.984449
    outer loop
      vertex 20.4195 -35.6 14.992
      vertex 20.4195 -36.6 14.992
      vertex 20.503 -36.6 14.9771
    endloop
  endfacet
  facet normal 0.188674 0 0.98204
    outer loop
      vertex 20.3357 -35.6 15.0081
      vertex 20.4195 -36.6 14.992
      vertex 20.4195 -35.6 14.992
    endloop
  endfacet
  facet normal 0.188674 0 0.98204
    outer loop
      vertex 20.3357 -35.6 15.0081
      vertex 20.3357 -36.6 15.0081
      vertex 20.4195 -36.6 14.992
    endloop
  endfacet
  facet normal 0.19948 0 0.979902
    outer loop
      vertex 20.2517 -35.6 15.0252
      vertex 20.3357 -36.6 15.0081
      vertex 20.3357 -35.6 15.0081
    endloop
  endfacet
  facet normal 0.19948 0 0.979902
    outer loop
      vertex 20.2517 -35.6 15.0252
      vertex 20.2517 -36.6 15.0252
      vertex 20.3357 -36.6 15.0081
    endloop
  endfacet
  facet normal 0.211273 0 0.977427
    outer loop
      vertex 20.1675 -35.6 15.0434
      vertex 20.2517 -36.6 15.0252
      vertex 20.2517 -35.6 15.0252
    endloop
  endfacet
  facet normal 0.211273 0 0.977427
    outer loop
      vertex 20.1675 -35.6 15.0434
      vertex 20.1675 -36.6 15.0434
      vertex 20.2517 -36.6 15.0252
    endloop
  endfacet
  facet normal 0.222919 0 0.974837
    outer loop
      vertex 20.0831 -35.6 15.0627
      vertex 20.1675 -36.6 15.0434
      vertex 20.1675 -35.6 15.0434
    endloop
  endfacet
  facet normal 0.222919 0 0.974837
    outer loop
      vertex 20.0831 -35.6 15.0627
      vertex 20.0831 -36.6 15.0627
      vertex 20.1675 -36.6 15.0434
    endloop
  endfacet
  facet normal 0.235501 0 0.971874
    outer loop
      vertex 19.9985 -35.6 15.0832
      vertex 20.0831 -36.6 15.0627
      vertex 20.0831 -35.6 15.0627
    endloop
  endfacet
  facet normal 0.235501 0 0.971874
    outer loop
      vertex 19.9985 -35.6 15.0832
      vertex 19.9985 -36.6 15.0832
      vertex 20.0831 -36.6 15.0627
    endloop
  endfacet
  facet normal 0.24549 0 0.969399
    outer loop
      vertex 19.9136 -35.6 15.1047
      vertex 19.9985 -36.6 15.0832
      vertex 19.9985 -35.6 15.0832
    endloop
  endfacet
  facet normal 0.24549 0 0.969399
    outer loop
      vertex 19.9136 -35.6 15.1047
      vertex 19.9136 -36.6 15.1047
      vertex 19.9985 -36.6 15.0832
    endloop
  endfacet
  facet normal 0.257733 0 0.966216
    outer loop
      vertex 19.8285 -35.6 15.1274
      vertex 19.9136 -36.6 15.1047
      vertex 19.9136 -35.6 15.1047
    endloop
  endfacet
  facet normal 0.257733 0 0.966216
    outer loop
      vertex 19.8285 -35.6 15.1274
      vertex 19.8285 -36.6 15.1274
      vertex 19.9136 -36.6 15.1047
    endloop
  endfacet
  facet normal 0.267702 0 0.963502
    outer loop
      vertex 19.7432 -35.6 15.1511
      vertex 19.8285 -36.6 15.1274
      vertex 19.8285 -35.6 15.1274
    endloop
  endfacet
  facet normal 0.267702 0 0.963502
    outer loop
      vertex 19.7432 -35.6 15.1511
      vertex 19.7432 -36.6 15.1511
      vertex 19.8285 -36.6 15.1274
    endloop
  endfacet
  facet normal 0.278743 0 0.960366
    outer loop
      vertex 19.6581 -35.6 15.1758
      vertex 19.7432 -36.6 15.1511
      vertex 19.7432 -35.6 15.1511
    endloop
  endfacet
  facet normal 0.278743 0 0.960366
    outer loop
      vertex 19.6581 -35.6 15.1758
      vertex 19.6581 -36.6 15.1758
      vertex 19.7432 -36.6 15.1511
    endloop
  endfacet
  facet normal 0.288494 0 0.957482
    outer loop
      vertex 19.5738 -35.6 15.2012
      vertex 19.6581 -36.6 15.1758
      vertex 19.6581 -35.6 15.1758
    endloop
  endfacet
  facet normal 0.288494 0 0.957482
    outer loop
      vertex 19.5738 -35.6 15.2012
      vertex 19.5738 -36.6 15.2012
      vertex 19.6581 -36.6 15.1758
    endloop
  endfacet
  facet normal 0.298015 0 0.954561
    outer loop
      vertex 19.4902 -35.6 15.2273
      vertex 19.5738 -36.6 15.2012
      vertex 19.5738 -35.6 15.2012
    endloop
  endfacet
  facet normal 0.298015 0 0.954561
    outer loop
      vertex 19.4902 -35.6 15.2273
      vertex 19.4902 -36.6 15.2273
      vertex 19.5738 -36.6 15.2012
    endloop
  endfacet
  facet normal 0.308982 0 0.951068
    outer loop
      vertex 19.4074 -35.6 15.2542
      vertex 19.4902 -36.6 15.2273
      vertex 19.4902 -35.6 15.2273
    endloop
  endfacet
  facet normal 0.308982 0 0.951068
    outer loop
      vertex 19.4074 -35.6 15.2542
      vertex 19.4074 -36.6 15.2542
      vertex 19.4902 -36.6 15.2273
    endloop
  endfacet
  facet normal 0.317266 0 0.948337
    outer loop
      vertex 19.3252 -35.6 15.2817
      vertex 19.4074 -36.6 15.2542
      vertex 19.4074 -35.6 15.2542
    endloop
  endfacet
  facet normal 0.317266 0 0.948337
    outer loop
      vertex 19.3252 -35.6 15.2817
      vertex 19.3252 -36.6 15.2817
      vertex 19.4074 -36.6 15.2542
    endloop
  endfacet
  facet normal 0.328386 0 0.944544
    outer loop
      vertex 19.2438 -35.6 15.31
      vertex 19.3252 -36.6 15.2817
      vertex 19.3252 -35.6 15.2817
    endloop
  endfacet
  facet normal 0.328386 0 0.944544
    outer loop
      vertex 19.2438 -35.6 15.31
      vertex 19.2438 -36.6 15.31
      vertex 19.3252 -36.6 15.2817
    endloop
  endfacet
  facet normal 0.339215 0 0.940709
    outer loop
      vertex 19.1631 -35.6 15.3391
      vertex 19.2438 -36.6 15.31
      vertex 19.2438 -35.6 15.31
    endloop
  endfacet
  facet normal 0.339215 0 0.940709
    outer loop
      vertex 19.1631 -35.6 15.3391
      vertex 19.1631 -36.6 15.3391
      vertex 19.2438 -36.6 15.31
    endloop
  endfacet
  facet normal 0.348039 0 0.93748
    outer loop
      vertex 19.0831 -35.6 15.3688
      vertex 19.1631 -36.6 15.3391
      vertex 19.1631 -35.6 15.3391
    endloop
  endfacet
  facet normal 0.348039 0 0.93748
    outer loop
      vertex 19.0831 -35.6 15.3688
      vertex 19.0831 -36.6 15.3688
      vertex 19.1631 -36.6 15.3391
    endloop
  endfacet
  facet normal 0.359374 0 0.933194
    outer loop
      vertex 19.0039 -35.6 15.3993
      vertex 19.0831 -36.6 15.3688
      vertex 19.0831 -35.6 15.3688
    endloop
  endfacet
  facet normal 0.359374 0 0.933194
    outer loop
      vertex 19.0039 -35.6 15.3993
      vertex 19.0039 -36.6 15.3993
      vertex 19.0831 -36.6 15.3688
    endloop
  endfacet
  facet normal 0.369349 0 0.929291
    outer loop
      vertex 18.9254 -35.6 15.4305
      vertex 19.0039 -36.6 15.3993
      vertex 19.0039 -35.6 15.3993
    endloop
  endfacet
  facet normal 0.369349 0 0.929291
    outer loop
      vertex 18.9254 -35.6 15.4305
      vertex 18.9254 -36.6 15.4305
      vertex 19.0039 -36.6 15.3993
    endloop
  endfacet
  facet normal 0.379374 0 0.925244
    outer loop
      vertex 18.8476 -35.6 15.4624
      vertex 18.9254 -36.6 15.4305
      vertex 18.9254 -35.6 15.4305
    endloop
  endfacet
  facet normal 0.379374 0 0.925244
    outer loop
      vertex 18.8476 -35.6 15.4624
      vertex 18.8476 -36.6 15.4624
      vertex 18.9254 -36.6 15.4305
    endloop
  endfacet
  facet normal 0.390458 0 0.920621
    outer loop
      vertex 18.7705 -35.6 15.4951
      vertex 18.8476 -36.6 15.4624
      vertex 18.8476 -35.6 15.4624
    endloop
  endfacet
  facet normal 0.390458 0 0.920621
    outer loop
      vertex 18.7705 -35.6 15.4951
      vertex 18.7705 -36.6 15.4951
      vertex 18.8476 -36.6 15.4624
    endloop
  endfacet
  facet normal 0.401008 0 0.916075
    outer loop
      vertex 18.6942 -35.6 15.5285
      vertex 18.7705 -36.6 15.4951
      vertex 18.7705 -35.6 15.4951
    endloop
  endfacet
  facet normal 0.401008 0 0.916075
    outer loop
      vertex 18.6942 -35.6 15.5285
      vertex 18.6942 -36.6 15.5285
      vertex 18.7705 -36.6 15.4951
    endloop
  endfacet
  facet normal 0.411167 0 0.91156
    outer loop
      vertex 18.6186 -35.6 15.5626
      vertex 18.6942 -36.6 15.5285
      vertex 18.6942 -35.6 15.5285
    endloop
  endfacet
  facet normal 0.411167 0 0.91156
    outer loop
      vertex 18.6186 -35.6 15.5626
      vertex 18.6186 -36.6 15.5626
      vertex 18.6942 -36.6 15.5285
    endloop
  endfacet
  facet normal 0.42136 0 0.906893
    outer loop
      vertex 18.5437 -35.6 15.5974
      vertex 18.6186 -36.6 15.5626
      vertex 18.6186 -35.6 15.5626
    endloop
  endfacet
  facet normal 0.42136 0 0.906893
    outer loop
      vertex 18.5437 -35.6 15.5974
      vertex 18.5437 -36.6 15.5974
      vertex 18.6186 -36.6 15.5626
    endloop
  endfacet
  facet normal 0.433047 0 0.901371
    outer loop
      vertex 18.4696 -35.6 15.633
      vertex 18.5437 -36.6 15.5974
      vertex 18.5437 -35.6 15.5974
    endloop
  endfacet
  facet normal 0.433047 0 0.901371
    outer loop
      vertex 18.4696 -35.6 15.633
      vertex 18.4696 -36.6 15.633
      vertex 18.5437 -36.6 15.5974
    endloop
  endfacet
  facet normal 0.442817 0 0.896612
    outer loop
      vertex 18.3961 -35.6 15.6693
      vertex 18.4696 -36.6 15.633
      vertex 18.4696 -35.6 15.633
    endloop
  endfacet
  facet normal 0.442817 0 0.896612
    outer loop
      vertex 18.3961 -35.6 15.6693
      vertex 18.3961 -36.6 15.6693
      vertex 18.4696 -36.6 15.633
    endloop
  endfacet
  facet normal 0.453577 0 0.891217
    outer loop
      vertex 18.3234 -35.6 15.7063
      vertex 18.3961 -36.6 15.6693
      vertex 18.3961 -35.6 15.6693
    endloop
  endfacet
  facet normal 0.453577 0 0.891217
    outer loop
      vertex 18.3234 -35.6 15.7063
      vertex 18.3234 -36.6 15.7063
      vertex 18.3961 -36.6 15.6693
    endloop
  endfacet
  facet normal 0.463869 0 0.885904
    outer loop
      vertex 18.2514 -35.6 15.744
      vertex 18.3234 -36.6 15.7063
      vertex 18.3234 -35.6 15.7063
    endloop
  endfacet
  facet normal 0.463869 0 0.885904
    outer loop
      vertex 18.2514 -35.6 15.744
      vertex 18.2514 -36.6 15.744
      vertex 18.3234 -36.6 15.7063
    endloop
  endfacet
  facet normal 0.475646 0 0.879637
    outer loop
      vertex 18.1802 -35.6 15.7825
      vertex 18.2514 -36.6 15.744
      vertex 18.2514 -35.6 15.744
    endloop
  endfacet
  facet normal 0.475646 0 0.879637
    outer loop
      vertex 18.1802 -35.6 15.7825
      vertex 18.1802 -36.6 15.7825
      vertex 18.2514 -36.6 15.744
    endloop
  endfacet
  facet normal 0.485433 0 0.874274
    outer loop
      vertex 18.1096 -35.6 15.8217
      vertex 18.1802 -36.6 15.7825
      vertex 18.1802 -35.6 15.7825
    endloop
  endfacet
  facet normal 0.485433 0 0.874274
    outer loop
      vertex 18.1096 -35.6 15.8217
      vertex 18.1096 -36.6 15.8217
      vertex 18.1802 -36.6 15.7825
    endloop
  endfacet
  facet normal 0.496273 0 0.868167
    outer loop
      vertex 18.0398 -35.6 15.8616
      vertex 18.1096 -36.6 15.8217
      vertex 18.1096 -35.6 15.8217
    endloop
  endfacet
  facet normal 0.496273 0 0.868167
    outer loop
      vertex 18.0398 -35.6 15.8616
      vertex 18.0398 -36.6 15.8616
      vertex 18.1096 -36.6 15.8217
    endloop
  endfacet
  facet normal -0.914696 0 0.404141
    outer loop
      vertex 16.8788 -35.6 13.2339
      vertex 18.0398 -36.6 15.8616
      vertex 18.0398 -35.6 15.8616
    endloop
  endfacet
  facet normal -0.914696 0 0.404141
    outer loop
      vertex 16.8788 -35.6 13.2339
      vertex 16.8788 -36.6 13.2339
      vertex 18.0398 -36.6 15.8616
    endloop
  endfacet
  facet normal -0.508535 0 -0.861042
    outer loop
      vertex 16.9533 -35.6 13.1899
      vertex 16.8788 -36.6 13.2339
      vertex 16.8788 -35.6 13.2339
    endloop
  endfacet
  facet normal -0.508535 -0 -0.861042
    outer loop
      vertex 16.9533 -35.6 13.1899
      vertex 16.9533 -36.6 13.1899
      vertex 16.8788 -36.6 13.2339
    endloop
  endfacet
  facet normal -0.49307 0 -0.86999
    outer loop
      vertex 17.0297 -35.6 13.1466
      vertex 16.9533 -36.6 13.1899
      vertex 16.9533 -35.6 13.1899
    endloop
  endfacet
  facet normal -0.49307 -0 -0.86999
    outer loop
      vertex 17.0297 -35.6 13.1466
      vertex 17.0297 -36.6 13.1466
      vertex 16.9533 -36.6 13.1899
    endloop
  endfacet
  facet normal -0.47838 0 -0.878153
    outer loop
      vertex 17.1079 -35.6 13.104
      vertex 17.0297 -36.6 13.1466
      vertex 17.0297 -35.6 13.1466
    endloop
  endfacet
  facet normal -0.47838 -0 -0.878153
    outer loop
      vertex 17.1079 -35.6 13.104
      vertex 17.1079 -36.6 13.104
      vertex 17.0297 -36.6 13.1466
    endloop
  endfacet
  facet normal -0.463096 0 -0.886308
    outer loop
      vertex 17.1879 -35.6 13.0622
      vertex 17.1079 -36.6 13.104
      vertex 17.1079 -35.6 13.104
    endloop
  endfacet
  facet normal -0.463096 -0 -0.886308
    outer loop
      vertex 17.1879 -35.6 13.0622
      vertex 17.1879 -36.6 13.0622
      vertex 17.1079 -36.6 13.104
    endloop
  endfacet
  facet normal -0.448088 0 -0.89399
    outer loop
      vertex 17.2697 -35.6 13.0212
      vertex 17.1879 -36.6 13.0622
      vertex 17.1879 -35.6 13.0622
    endloop
  endfacet
  facet normal -0.448088 -0 -0.89399
    outer loop
      vertex 17.2697 -35.6 13.0212
      vertex 17.2697 -36.6 13.0212
      vertex 17.1879 -36.6 13.0622
    endloop
  endfacet
  facet normal -0.433816 0 -0.901002
    outer loop
      vertex 17.3534 -35.6 12.9809
      vertex 17.2697 -36.6 13.0212
      vertex 17.2697 -35.6 13.0212
    endloop
  endfacet
  facet normal -0.433816 -0 -0.901002
    outer loop
      vertex 17.3534 -35.6 12.9809
      vertex 17.3534 -36.6 12.9809
      vertex 17.2697 -36.6 13.0212
    endloop
  endfacet
  facet normal -0.419395 0 -0.907804
    outer loop
      vertex 17.4389 -35.6 12.9414
      vertex 17.3534 -36.6 12.9809
      vertex 17.3534 -35.6 12.9809
    endloop
  endfacet
  facet normal -0.419395 -0 -0.907804
    outer loop
      vertex 17.4389 -35.6 12.9414
      vertex 17.4389 -36.6 12.9414
      vertex 17.3534 -36.6 12.9809
    endloop
  endfacet
  facet normal -0.406138 0 -0.913812
    outer loop
      vertex 17.5262 -35.6 12.9026
      vertex 17.4389 -36.6 12.9414
      vertex 17.4389 -35.6 12.9414
    endloop
  endfacet
  facet normal -0.406138 -0 -0.913812
    outer loop
      vertex 17.5262 -35.6 12.9026
      vertex 17.5262 -36.6 12.9026
      vertex 17.4389 -36.6 12.9414
    endloop
  endfacet
  facet normal -0.391927 0 -0.919996
    outer loop
      vertex 17.6154 -35.6 12.8646
      vertex 17.5262 -36.6 12.9026
      vertex 17.5262 -35.6 12.9026
    endloop
  endfacet
  facet normal -0.391927 -0 -0.919996
    outer loop
      vertex 17.6154 -35.6 12.8646
      vertex 17.6154 -36.6 12.8646
      vertex 17.5262 -36.6 12.9026
    endloop
  endfacet
  facet normal -0.378395 0 -0.925644
    outer loop
      vertex 17.7064 -35.6 12.8274
      vertex 17.6154 -36.6 12.8646
      vertex 17.6154 -35.6 12.8646
    endloop
  endfacet
  facet normal -0.378395 -0 -0.925644
    outer loop
      vertex 17.7064 -35.6 12.8274
      vertex 17.7064 -36.6 12.8274
      vertex 17.6154 -36.6 12.8646
    endloop
  endfacet
  facet normal -0.365683 0 -0.930739
    outer loop
      vertex 17.7993 -35.6 12.7909
      vertex 17.7064 -36.6 12.8274
      vertex 17.7064 -35.6 12.8274
    endloop
  endfacet
  facet normal -0.365683 -0 -0.930739
    outer loop
      vertex 17.7993 -35.6 12.7909
      vertex 17.7993 -36.6 12.7909
      vertex 17.7064 -36.6 12.8274
    endloop
  endfacet
  facet normal -0.353074 0 -0.935596
    outer loop
      vertex 17.8939 -35.6 12.7552
      vertex 17.7993 -36.6 12.7909
      vertex 17.7993 -35.6 12.7909
    endloop
  endfacet
  facet normal -0.353074 -0 -0.935596
    outer loop
      vertex 17.8939 -35.6 12.7552
      vertex 17.8939 -36.6 12.7552
      vertex 17.7993 -36.6 12.7909
    endloop
  endfacet
  facet normal -0.340961 0 -0.940078
    outer loop
      vertex 17.9904 -35.6 12.7202
      vertex 17.8939 -36.6 12.7552
      vertex 17.8939 -35.6 12.7552
    endloop
  endfacet
  facet normal -0.340961 -0 -0.940078
    outer loop
      vertex 17.9904 -35.6 12.7202
      vertex 17.9904 -36.6 12.7202
      vertex 17.8939 -36.6 12.7552
    endloop
  endfacet
  facet normal -0.328595 0 -0.944471
    outer loop
      vertex 18.0887 -35.6 12.686
      vertex 17.9904 -36.6 12.7202
      vertex 17.9904 -35.6 12.7202
    endloop
  endfacet
  facet normal -0.328595 -0 -0.944471
    outer loop
      vertex 18.0887 -35.6 12.686
      vertex 18.0887 -36.6 12.686
      vertex 17.9904 -36.6 12.7202
    endloop
  endfacet
  facet normal -0.317079 0 -0.948399
    outer loop
      vertex 18.1889 -35.6 12.6525
      vertex 18.0887 -36.6 12.686
      vertex 18.0887 -35.6 12.686
    endloop
  endfacet
  facet normal -0.317079 -0 -0.948399
    outer loop
      vertex 18.1889 -35.6 12.6525
      vertex 18.1889 -36.6 12.6525
      vertex 18.0887 -36.6 12.686
    endloop
  endfacet
  facet normal -0.305555 0 -0.952174
    outer loop
      vertex 18.2908 -35.6 12.6198
      vertex 18.1889 -36.6 12.6525
      vertex 18.1889 -35.6 12.6525
    endloop
  endfacet
  facet normal -0.305555 -0 -0.952174
    outer loop
      vertex 18.2908 -35.6 12.6198
      vertex 18.2908 -36.6 12.6198
      vertex 18.1889 -36.6 12.6525
    endloop
  endfacet
  facet normal -0.293504 0 -0.955958
    outer loop
      vertex 18.3947 -35.6 12.5879
      vertex 18.2908 -36.6 12.6198
      vertex 18.2908 -35.6 12.6198
    endloop
  endfacet
  facet normal -0.293504 -0 -0.955958
    outer loop
      vertex 18.3947 -35.6 12.5879
      vertex 18.3947 -36.6 12.5879
      vertex 18.2908 -36.6 12.6198
    endloop
  endfacet
  facet normal -0.283346 0 -0.959018
    outer loop
      vertex 18.5003 -35.6 12.5567
      vertex 18.3947 -36.6 12.5879
      vertex 18.3947 -35.6 12.5879
    endloop
  endfacet
  facet normal -0.283346 -0 -0.959018
    outer loop
      vertex 18.5003 -35.6 12.5567
      vertex 18.5003 -36.6 12.5567
      vertex 18.3947 -36.6 12.5879
    endloop
  endfacet
  facet normal -0.272948 0 -0.962029
    outer loop
      vertex 18.6078 -35.6 12.5262
      vertex 18.5003 -36.6 12.5567
      vertex 18.5003 -35.6 12.5567
    endloop
  endfacet
  facet normal -0.272948 -0 -0.962029
    outer loop
      vertex 18.6078 -35.6 12.5262
      vertex 18.6078 -36.6 12.5262
      vertex 18.5003 -36.6 12.5567
    endloop
  endfacet
  facet normal -0.261398 0 -0.965231
    outer loop
      vertex 18.7171 -35.6 12.4966
      vertex 18.6078 -36.6 12.5262
      vertex 18.6078 -35.6 12.5262
    endloop
  endfacet
  facet normal -0.261398 -0 -0.965231
    outer loop
      vertex 18.7171 -35.6 12.4966
      vertex 18.7171 -36.6 12.4966
      vertex 18.6078 -36.6 12.5262
    endloop
  endfacet
  facet normal -0.251748 0 -0.967793
    outer loop
      vertex 18.8282 -35.6 12.4677
      vertex 18.7171 -36.6 12.4966
      vertex 18.7171 -35.6 12.4966
    endloop
  endfacet
  facet normal -0.251748 -0 -0.967793
    outer loop
      vertex 18.8282 -35.6 12.4677
      vertex 18.8282 -36.6 12.4677
      vertex 18.7171 -36.6 12.4966
    endloop
  endfacet
  facet normal -0.242132 0 -0.970243
    outer loop
      vertex 18.9412 -35.6 12.4395
      vertex 18.8282 -36.6 12.4677
      vertex 18.8282 -35.6 12.4677
    endloop
  endfacet
  facet normal -0.242132 -0 -0.970243
    outer loop
      vertex 18.9412 -35.6 12.4395
      vertex 18.9412 -36.6 12.4395
      vertex 18.8282 -36.6 12.4677
    endloop
  endfacet
  facet normal -0.231083 0 -0.972934
    outer loop
      vertex 19.0553 -35.6 12.4124
      vertex 18.9412 -36.6 12.4395
      vertex 18.9412 -35.6 12.4395
    endloop
  endfacet
  facet normal -0.231083 -0 -0.972934
    outer loop
      vertex 19.0553 -35.6 12.4124
      vertex 19.0553 -36.6 12.4124
      vertex 18.9412 -36.6 12.4395
    endloop
  endfacet
  facet normal -0.22081 0 -0.975317
    outer loop
      vertex 19.1697 -35.6 12.3865
      vertex 19.0553 -36.6 12.4124
      vertex 19.0553 -35.6 12.4124
    endloop
  endfacet
  facet normal -0.22081 -0 -0.975317
    outer loop
      vertex 19.1697 -35.6 12.3865
      vertex 19.1697 -36.6 12.3865
      vertex 19.0553 -36.6 12.4124
    endloop
  endfacet
  facet normal -0.209529 0 -0.977802
    outer loop
      vertex 19.2845 -35.6 12.3619
      vertex 19.1697 -36.6 12.3865
      vertex 19.1697 -35.6 12.3865
    endloop
  endfacet
  facet normal -0.209529 -0 -0.977802
    outer loop
      vertex 19.2845 -35.6 12.3619
      vertex 19.2845 -36.6 12.3619
      vertex 19.1697 -36.6 12.3865
    endloop
  endfacet
  facet normal -0.19906 0 -0.979987
    outer loop
      vertex 19.3997 -35.6 12.3385
      vertex 19.2845 -36.6 12.3619
      vertex 19.2845 -35.6 12.3619
    endloop
  endfacet
  facet normal -0.19906 -0 -0.979987
    outer loop
      vertex 19.3997 -35.6 12.3385
      vertex 19.3997 -36.6 12.3385
      vertex 19.2845 -36.6 12.3619
    endloop
  endfacet
  facet normal -0.187776 0 -0.982212
    outer loop
      vertex 19.5153 -35.6 12.3164
      vertex 19.3997 -36.6 12.3385
      vertex 19.3997 -35.6 12.3385
    endloop
  endfacet
  facet normal -0.187776 -0 -0.982212
    outer loop
      vertex 19.5153 -35.6 12.3164
      vertex 19.5153 -36.6 12.3164
      vertex 19.3997 -36.6 12.3385
    endloop
  endfacet
  facet normal -0.176495 0 -0.984301
    outer loop
      vertex 19.6313 -35.6 12.2956
      vertex 19.5153 -36.6 12.3164
      vertex 19.5153 -35.6 12.3164
    endloop
  endfacet
  facet normal -0.176495 -0 -0.984301
    outer loop
      vertex 19.6313 -35.6 12.2956
      vertex 19.6313 -36.6 12.2956
      vertex 19.5153 -36.6 12.3164
    endloop
  endfacet
  facet normal -0.166186 0 -0.986094
    outer loop
      vertex 19.7476 -35.6 12.276
      vertex 19.6313 -36.6 12.2956
      vertex 19.6313 -35.6 12.2956
    endloop
  endfacet
  facet normal -0.166186 -0 -0.986094
    outer loop
      vertex 19.7476 -35.6 12.276
      vertex 19.7476 -36.6 12.276
      vertex 19.6313 -36.6 12.2956
    endloop
  endfacet
  facet normal -0.15479 0 -0.987947
    outer loop
      vertex 19.8644 -35.6 12.2577
      vertex 19.7476 -36.6 12.276
      vertex 19.7476 -35.6 12.276
    endloop
  endfacet
  facet normal -0.15479 -0 -0.987947
    outer loop
      vertex 19.8644 -35.6 12.2577
      vertex 19.8644 -36.6 12.2577
      vertex 19.7476 -36.6 12.276
    endloop
  endfacet
  facet normal -0.143669 0 -0.989626
    outer loop
      vertex 19.9815 -35.6 12.2407
      vertex 19.8644 -36.6 12.2577
      vertex 19.8644 -35.6 12.2577
    endloop
  endfacet
  facet normal -0.143669 -0 -0.989626
    outer loop
      vertex 19.9815 -35.6 12.2407
      vertex 19.9815 -36.6 12.2407
      vertex 19.8644 -36.6 12.2577
    endloop
  endfacet
  facet normal -0.13338 0 -0.991065
    outer loop
      vertex 20.0989 -35.6 12.2249
      vertex 19.9815 -36.6 12.2407
      vertex 19.9815 -35.6 12.2407
    endloop
  endfacet
  facet normal -0.13338 -0 -0.991065
    outer loop
      vertex 20.0989 -35.6 12.2249
      vertex 20.0989 -36.6 12.2249
      vertex 19.9815 -36.6 12.2407
    endloop
  endfacet
  facet normal -0.122066 0 -0.992522
    outer loop
      vertex 20.2168 -35.6 12.2104
      vertex 20.0989 -36.6 12.2249
      vertex 20.0989 -35.6 12.2249
    endloop
  endfacet
  facet normal -0.122066 -0 -0.992522
    outer loop
      vertex 20.2168 -35.6 12.2104
      vertex 20.2168 -36.6 12.2104
      vertex 20.0989 -36.6 12.2249
    endloop
  endfacet
  facet normal -0.111816 0 -0.993729
    outer loop
      vertex 20.335 -35.6 12.1971
      vertex 20.2168 -36.6 12.2104
      vertex 20.2168 -35.6 12.2104
    endloop
  endfacet
  facet normal -0.111816 -0 -0.993729
    outer loop
      vertex 20.335 -35.6 12.1971
      vertex 20.335 -36.6 12.1971
      vertex 20.2168 -36.6 12.2104
    endloop
  endfacet
  facet normal -0.100583 0 -0.994929
    outer loop
      vertex 20.4537 -35.6 12.1851
      vertex 20.335 -36.6 12.1971
      vertex 20.335 -35.6 12.1971
    endloop
  endfacet
  facet normal -0.100583 -0 -0.994929
    outer loop
      vertex 20.4537 -35.6 12.1851
      vertex 20.4537 -36.6 12.1851
      vertex 20.335 -36.6 12.1971
    endloop
  endfacet
  facet normal -0.0895547 0 -0.995982
    outer loop
      vertex 20.5727 -35.6 12.1744
      vertex 20.4537 -36.6 12.1851
      vertex 20.4537 -35.6 12.1851
    endloop
  endfacet
  facet normal -0.0895547 -0 -0.995982
    outer loop
      vertex 20.5727 -35.6 12.1744
      vertex 20.5727 -36.6 12.1744
      vertex 20.4537 -36.6 12.1851
    endloop
  endfacet
  facet normal -0.0785495 0 -0.99691
    outer loop
      vertex 20.692 -35.6 12.165
      vertex 20.5727 -36.6 12.1744
      vertex 20.5727 -35.6 12.1744
    endloop
  endfacet
  facet normal -0.0785495 -0 -0.99691
    outer loop
      vertex 20.692 -35.6 12.165
      vertex 20.692 -36.6 12.165
      vertex 20.5727 -36.6 12.1744
    endloop
  endfacet
  facet normal -0.0691165 0 -0.997609
    outer loop
      vertex 20.8118 -35.6 12.1567
      vertex 20.692 -36.6 12.165
      vertex 20.692 -35.6 12.165
    endloop
  endfacet
  facet normal -0.0691165 -0 -0.997609
    outer loop
      vertex 20.8118 -35.6 12.1567
      vertex 20.8118 -36.6 12.1567
      vertex 20.692 -36.6 12.165
    endloop
  endfacet
  facet normal -0.0573575 0 -0.998354
    outer loop
      vertex 20.9319 -35.6 12.1498
      vertex 20.8118 -36.6 12.1567
      vertex 20.8118 -35.6 12.1567
    endloop
  endfacet
  facet normal -0.0573575 -0 -0.998354
    outer loop
      vertex 20.9319 -35.6 12.1498
      vertex 20.9319 -36.6 12.1498
      vertex 20.8118 -36.6 12.1567
    endloop
  endfacet
  facet normal -0.0472501 0 -0.998883
    outer loop
      vertex 21.0524 -35.6 12.1441
      vertex 20.9319 -36.6 12.1498
      vertex 20.9319 -35.6 12.1498
    endloop
  endfacet
  facet normal -0.0472501 -0 -0.998883
    outer loop
      vertex 21.0524 -35.6 12.1441
      vertex 21.0524 -36.6 12.1441
      vertex 20.9319 -36.6 12.1498
    endloop
  endfacet
  facet normal -0.0363696 0 -0.999338
    outer loop
      vertex 21.1733 -35.6 12.1397
      vertex 21.0524 -36.6 12.1441
      vertex 21.0524 -35.6 12.1441
    endloop
  endfacet
  facet normal -0.0363696 -0 -0.999338
    outer loop
      vertex 21.1733 -35.6 12.1397
      vertex 21.1733 -36.6 12.1397
      vertex 21.0524 -36.6 12.1441
    endloop
  endfacet
  facet normal -0.0263717 0 -0.999652
    outer loop
      vertex 21.2946 -35.6 12.1365
      vertex 21.1733 -36.6 12.1397
      vertex 21.1733 -35.6 12.1397
    endloop
  endfacet
  facet normal -0.0263717 -0 -0.999652
    outer loop
      vertex 21.2946 -35.6 12.1365
      vertex 21.2946 -36.6 12.1365
      vertex 21.1733 -36.6 12.1397
    endloop
  endfacet
  facet normal -0.0147889 0 -0.999891
    outer loop
      vertex 21.4163 -35.6 12.1347
      vertex 21.2946 -36.6 12.1365
      vertex 21.2946 -35.6 12.1365
    endloop
  endfacet
  facet normal -0.0147889 -0 -0.999891
    outer loop
      vertex 21.4163 -35.6 12.1347
      vertex 21.4163 -36.6 12.1347
      vertex 21.2946 -36.6 12.1365
    endloop
  endfacet
  facet normal -0.00573761 0 -0.999984
    outer loop
      vertex 21.5383 -35.6 12.134
      vertex 21.4163 -36.6 12.1347
      vertex 21.4163 -35.6 12.1347
    endloop
  endfacet
  facet normal -0.00573761 -0 -0.999984
    outer loop
      vertex 21.5383 -35.6 12.134
      vertex 21.5383 -36.6 12.134
      vertex 21.4163 -36.6 12.1347
    endloop
  endfacet
  facet normal 0.00665764 0 -0.999978
    outer loop
      vertex 21.6885 -35.6 12.135
      vertex 21.5383 -36.6 12.134
      vertex 21.5383 -35.6 12.134
    endloop
  endfacet
  facet normal 0.00665764 0 -0.999978
    outer loop
      vertex 21.6885 -35.6 12.135
      vertex 21.6885 -36.6 12.135
      vertex 21.5383 -36.6 12.134
    endloop
  endfacet
  facet normal -0 0 -1
    outer loop
      vertex -20.4634 -35.6 15.006
      vertex -22.0064 -36.6 15.006
      vertex -22.0064 -35.6 15.006
    endloop
  endfacet
  facet normal 0 -0 -1
    outer loop
      vertex -20.4634 -35.6 15.006
      vertex -20.4634 -36.6 15.006
      vertex -22.0064 -36.6 15.006
    endloop
  endfacet
  facet normal 0.00739078 0 -0.999973
    outer loop
      vertex -20.3281 -35.6 15.007
      vertex -20.4634 -36.6 15.006
      vertex -20.4634 -35.6 15.006
    endloop
  endfacet
  facet normal 0.00739078 0 -0.999973
    outer loop
      vertex -20.3281 -35.6 15.007
      vertex -20.3281 -36.6 15.007
      vertex -20.4634 -36.6 15.006
    endloop
  endfacet
  facet normal 0.0231973 0 -0.999731
    outer loop
      vertex -20.1945 -35.6 15.0101
      vertex -20.3281 -36.6 15.007
      vertex -20.3281 -35.6 15.007
    endloop
  endfacet
  facet normal 0.0231973 0 -0.999731
    outer loop
      vertex -20.1945 -35.6 15.0101
      vertex -20.1945 -36.6 15.0101
      vertex -20.3281 -36.6 15.007
    endloop
  endfacet
  facet normal 0.0393932 0 -0.999224
    outer loop
      vertex -20.0626 -35.6 15.0153
      vertex -20.1945 -36.6 15.0101
      vertex -20.1945 -35.6 15.0101
    endloop
  endfacet
  facet normal 0.0393932 0 -0.999224
    outer loop
      vertex -20.0626 -35.6 15.0153
      vertex -20.0626 -36.6 15.0153
      vertex -20.1945 -36.6 15.0101
    endloop
  endfacet
  facet normal 0.0544506 0 -0.998516
    outer loop
      vertex -19.9324 -35.6 15.0224
      vertex -20.0626 -36.6 15.0153
      vertex -20.0626 -35.6 15.0153
    endloop
  endfacet
  facet normal 0.0544506 0 -0.998516
    outer loop
      vertex -19.9324 -35.6 15.0224
      vertex -19.9324 -36.6 15.0224
      vertex -20.0626 -36.6 15.0153
    endloop
  endfacet
  facet normal 0.0721289 0 -0.997395
    outer loop
      vertex -19.8038 -35.6 15.0317
      vertex -19.9324 -36.6 15.0224
      vertex -19.9324 -35.6 15.0224
    endloop
  endfacet
  facet normal 0.0721289 0 -0.997395
    outer loop
      vertex -19.8038 -35.6 15.0317
      vertex -19.8038 -36.6 15.0317
      vertex -19.9324 -36.6 15.0224
    endloop
  endfacet
  facet normal 0.0879167 0 -0.996128
    outer loop
      vertex -19.6769 -35.6 15.0429
      vertex -19.8038 -36.6 15.0317
      vertex -19.8038 -35.6 15.0317
    endloop
  endfacet
  facet normal 0.0879167 0 -0.996128
    outer loop
      vertex -19.6769 -35.6 15.0429
      vertex -19.6769 -36.6 15.0429
      vertex -19.8038 -36.6 15.0317
    endloop
  endfacet
  facet normal 0.106421 0 -0.994321
    outer loop
      vertex -19.5517 -35.6 15.0563
      vertex -19.6769 -36.6 15.0429
      vertex -19.6769 -35.6 15.0429
    endloop
  endfacet
  facet normal 0.106421 0 -0.994321
    outer loop
      vertex -19.5517 -35.6 15.0563
      vertex -19.5517 -36.6 15.0563
      vertex -19.6769 -36.6 15.0429
    endloop
  endfacet
  facet normal 0.123639 0 -0.992327
    outer loop
      vertex -19.4281 -35.6 15.0717
      vertex -19.5517 -36.6 15.0563
      vertex -19.5517 -35.6 15.0563
    endloop
  endfacet
  facet normal 0.123639 0 -0.992327
    outer loop
      vertex -19.4281 -35.6 15.0717
      vertex -19.4281 -36.6 15.0717
      vertex -19.5517 -36.6 15.0563
    endloop
  endfacet
  facet normal 0.141308 0 -0.989966
    outer loop
      vertex -19.3062 -35.6 15.0891
      vertex -19.4281 -36.6 15.0717
      vertex -19.4281 -35.6 15.0717
    endloop
  endfacet
  facet normal 0.141308 0 -0.989966
    outer loop
      vertex -19.3062 -35.6 15.0891
      vertex -19.3062 -36.6 15.0891
      vertex -19.4281 -36.6 15.0717
    endloop
  endfacet
  facet normal 0.160136 0 -0.987095
    outer loop
      vertex -19.186 -35.6 15.1086
      vertex -19.3062 -36.6 15.0891
      vertex -19.3062 -35.6 15.0891
    endloop
  endfacet
  facet normal 0.160136 0 -0.987095
    outer loop
      vertex -19.186 -35.6 15.1086
      vertex -19.186 -36.6 15.1086
      vertex -19.3062 -36.6 15.0891
    endloop
  endfacet
  facet normal 0.179324 0 -0.98379
    outer loop
      vertex -19.0675 -35.6 15.1302
      vertex -19.186 -36.6 15.1086
      vertex -19.186 -35.6 15.1086
    endloop
  endfacet
  facet normal 0.179324 0 -0.98379
    outer loop
      vertex -19.0675 -35.6 15.1302
      vertex -19.0675 -36.6 15.1302
      vertex -19.186 -36.6 15.1086
    endloop
  endfacet
  facet normal 0.197084 0 -0.980387
    outer loop
      vertex -18.9506 -35.6 15.1537
      vertex -19.0675 -36.6 15.1302
      vertex -19.0675 -35.6 15.1302
    endloop
  endfacet
  facet normal 0.197084 0 -0.980387
    outer loop
      vertex -18.9506 -35.6 15.1537
      vertex -18.9506 -36.6 15.1537
      vertex -19.0675 -36.6 15.1302
    endloop
  endfacet
  facet normal 0.217738 0 -0.976007
    outer loop
      vertex -18.8354 -35.6 15.1794
      vertex -18.9506 -36.6 15.1537
      vertex -18.9506 -35.6 15.1537
    endloop
  endfacet
  facet normal 0.217738 0 -0.976007
    outer loop
      vertex -18.8354 -35.6 15.1794
      vertex -18.8354 -36.6 15.1794
      vertex -18.9506 -36.6 15.1537
    endloop
  endfacet
  facet normal 0.237094 0 -0.971487
    outer loop
      vertex -18.7219 -35.6 15.2071
      vertex -18.8354 -36.6 15.1794
      vertex -18.8354 -35.6 15.1794
    endloop
  endfacet
  facet normal 0.237094 0 -0.971487
    outer loop
      vertex -18.7219 -35.6 15.2071
      vertex -18.7219 -36.6 15.2071
      vertex -18.8354 -36.6 15.1794
    endloop
  endfacet
  facet normal 0.256748 0 -0.966478
    outer loop
      vertex -18.6101 -35.6 15.2368
      vertex -18.7219 -36.6 15.2071
      vertex -18.7219 -35.6 15.2071
    endloop
  endfacet
  facet normal 0.256748 0 -0.966478
    outer loop
      vertex -18.6101 -35.6 15.2368
      vertex -18.6101 -36.6 15.2368
      vertex -18.7219 -36.6 15.2071
    endloop
  endfacet
  facet normal 0.278058 0 -0.960564
    outer loop
      vertex -18.4999 -35.6 15.2687
      vertex -18.6101 -36.6 15.2368
      vertex -18.6101 -35.6 15.2368
    endloop
  endfacet
  facet normal 0.278058 0 -0.960564
    outer loop
      vertex -18.4999 -35.6 15.2687
      vertex -18.4999 -36.6 15.2687
      vertex -18.6101 -36.6 15.2368
    endloop
  endfacet
  facet normal 0.297423 0 -0.954746
    outer loop
      vertex -18.3914 -35.6 15.3025
      vertex -18.4999 -36.6 15.2687
      vertex -18.4999 -35.6 15.2687
    endloop
  endfacet
  facet normal 0.297423 0 -0.954746
    outer loop
      vertex -18.3914 -35.6 15.3025
      vertex -18.3914 -36.6 15.3025
      vertex -18.4999 -36.6 15.2687
    endloop
  endfacet
  facet normal 0.318623 0 -0.947881
    outer loop
      vertex -18.2846 -35.6 15.3384
      vertex -18.3914 -36.6 15.3025
      vertex -18.3914 -35.6 15.3025
    endloop
  endfacet
  facet normal 0.318623 0 -0.947881
    outer loop
      vertex -18.2846 -35.6 15.3384
      vertex -18.2846 -36.6 15.3384
      vertex -18.3914 -36.6 15.3025
    endloop
  endfacet
  facet normal 0.339732 0 -0.940522
    outer loop
      vertex -18.1794 -35.6 15.3764
      vertex -18.2846 -36.6 15.3384
      vertex -18.2846 -35.6 15.3384
    endloop
  endfacet
  facet normal 0.339732 0 -0.940522
    outer loop
      vertex -18.1794 -35.6 15.3764
      vertex -18.1794 -36.6 15.3764
      vertex -18.2846 -36.6 15.3384
    endloop
  endfacet
  facet normal 0.360488 0 -0.932764
    outer loop
      vertex -18.0759 -35.6 15.4164
      vertex -18.1794 -36.6 15.3764
      vertex -18.1794 -35.6 15.3764
    endloop
  endfacet
  facet normal 0.360488 0 -0.932764
    outer loop
      vertex -18.0759 -35.6 15.4164
      vertex -18.0759 -36.6 15.4164
      vertex -18.1794 -36.6 15.3764
    endloop
  endfacet
  facet normal 0.381389 0 -0.924415
    outer loop
      vertex -17.9741 -35.6 15.4584
      vertex -18.0759 -36.6 15.4164
      vertex -18.0759 -35.6 15.4164
    endloop
  endfacet
  facet normal 0.381389 0 -0.924415
    outer loop
      vertex -17.9741 -35.6 15.4584
      vertex -17.9741 -36.6 15.4584
      vertex -18.0759 -36.6 15.4164
    endloop
  endfacet
  facet normal 0.403933 0 -0.914789
    outer loop
      vertex -17.874 -35.6 15.5026
      vertex -17.9741 -36.6 15.4584
      vertex -17.9741 -35.6 15.4584
    endloop
  endfacet
  facet normal 0.403933 0 -0.914789
    outer loop
      vertex -17.874 -35.6 15.5026
      vertex -17.874 -36.6 15.5026
      vertex -17.9741 -36.6 15.4584
    endloop
  endfacet
  facet normal 0.423087 0 -0.906089
    outer loop
      vertex -17.7757 -35.6 15.5485
      vertex -17.874 -36.6 15.5026
      vertex -17.874 -35.6 15.5026
    endloop
  endfacet
  facet normal 0.423087 0 -0.906089
    outer loop
      vertex -17.7757 -35.6 15.5485
      vertex -17.7757 -36.6 15.5485
      vertex -17.874 -36.6 15.5026
    endloop
  endfacet
  facet normal 0.444231 0 -0.895912
    outer loop
      vertex -17.6795 -35.6 15.5962
      vertex -17.7757 -36.6 15.5485
      vertex -17.7757 -35.6 15.5485
    endloop
  endfacet
  facet normal 0.444231 0 -0.895912
    outer loop
      vertex -17.6795 -35.6 15.5962
      vertex -17.6795 -36.6 15.5962
      vertex -17.7757 -36.6 15.5485
    endloop
  endfacet
  facet normal 0.463691 0 -0.885997
    outer loop
      vertex -17.5853 -35.6 15.6455
      vertex -17.6795 -36.6 15.5962
      vertex -17.6795 -35.6 15.5962
    endloop
  endfacet
  facet normal 0.463691 0 -0.885997
    outer loop
      vertex -17.5853 -35.6 15.6455
      vertex -17.5853 -36.6 15.6455
      vertex -17.6795 -36.6 15.5962
    endloop
  endfacet
  facet normal 0.484433 0 -0.874829
    outer loop
      vertex -17.4932 -35.6 15.6965
      vertex -17.5853 -36.6 15.6455
      vertex -17.5853 -35.6 15.6455
    endloop
  endfacet
  facet normal 0.484433 0 -0.874829
    outer loop
      vertex -17.4932 -35.6 15.6965
      vertex -17.4932 -36.6 15.6965
      vertex -17.5853 -36.6 15.6455
    endloop
  endfacet
  facet normal 0.505301 0 -0.862943
    outer loop
      vertex -17.4032 -35.6 15.7492
      vertex -17.4932 -36.6 15.6965
      vertex -17.4932 -35.6 15.6965
    endloop
  endfacet
  facet normal 0.505301 0 -0.862943
    outer loop
      vertex -17.4032 -35.6 15.7492
      vertex -17.4032 -36.6 15.7492
      vertex -17.4932 -36.6 15.6965
    endloop
  endfacet
  facet normal 0.52469 0 -0.851293
    outer loop
      vertex -17.3151 -35.6 15.8035
      vertex -17.4032 -36.6 15.7492
      vertex -17.4032 -35.6 15.7492
    endloop
  endfacet
  facet normal 0.52469 0 -0.851293
    outer loop
      vertex -17.3151 -35.6 15.8035
      vertex -17.3151 -36.6 15.8035
      vertex -17.4032 -36.6 15.7492
    endloop
  endfacet
  facet normal 0.546119 0 -0.837708
    outer loop
      vertex -17.2292 -35.6 15.8595
      vertex -17.3151 -36.6 15.8035
      vertex -17.3151 -35.6 15.8035
    endloop
  endfacet
  facet normal 0.546119 0 -0.837708
    outer loop
      vertex -17.2292 -35.6 15.8595
      vertex -17.2292 -36.6 15.8595
      vertex -17.3151 -36.6 15.8035
    endloop
  endfacet
  facet normal 0.566654 0 -0.823956
    outer loop
      vertex -17.1453 -35.6 15.9172
      vertex -17.2292 -36.6 15.8595
      vertex -17.2292 -35.6 15.8595
    endloop
  endfacet
  facet normal 0.566654 0 -0.823956
    outer loop
      vertex -17.1453 -35.6 15.9172
      vertex -17.1453 -36.6 15.9172
      vertex -17.2292 -36.6 15.8595
    endloop
  endfacet
  facet normal 0.586465 0 -0.809975
    outer loop
      vertex -17.0634 -35.6 15.9765
      vertex -17.1453 -36.6 15.9172
      vertex -17.1453 -35.6 15.9172
    endloop
  endfacet
  facet normal 0.586465 0 -0.809975
    outer loop
      vertex -17.0634 -35.6 15.9765
      vertex -17.0634 -36.6 15.9765
      vertex -17.1453 -36.6 15.9172
    endloop
  endfacet
  facet normal 0.60793 0 -0.793991
    outer loop
      vertex -16.9836 -35.6 16.0376
      vertex -17.0634 -36.6 15.9765
      vertex -17.0634 -35.6 15.9765
    endloop
  endfacet
  facet normal 0.60793 0 -0.793991
    outer loop
      vertex -16.9836 -35.6 16.0376
      vertex -16.9836 -36.6 16.0376
      vertex -17.0634 -36.6 15.9765
    endloop
  endfacet
  facet normal 0.627498 0 -0.778618
    outer loop
      vertex -16.9058 -35.6 16.1003
      vertex -16.9836 -36.6 16.0376
      vertex -16.9836 -35.6 16.0376
    endloop
  endfacet
  facet normal 0.627498 0 -0.778618
    outer loop
      vertex -16.9058 -35.6 16.1003
      vertex -16.9058 -36.6 16.1003
      vertex -16.9836 -36.6 16.0376
    endloop
  endfacet
  facet normal 0.647385 0 -0.762163
    outer loop
      vertex -16.8301 -35.6 16.1646
      vertex -16.9058 -36.6 16.1003
      vertex -16.9058 -35.6 16.1003
    endloop
  endfacet
  facet normal 0.647385 0 -0.762163
    outer loop
      vertex -16.8301 -35.6 16.1646
      vertex -16.8301 -36.6 16.1646
      vertex -16.9058 -36.6 16.1003
    endloop
  endfacet
  facet normal 0.668182 0 -0.743997
    outer loop
      vertex -16.7565 -35.6 16.2307
      vertex -16.8301 -36.6 16.1646
      vertex -16.8301 -35.6 16.1646
    endloop
  endfacet
  facet normal 0.668182 0 -0.743997
    outer loop
      vertex -16.7565 -35.6 16.2307
      vertex -16.7565 -36.6 16.2307
      vertex -16.8301 -36.6 16.1646
    endloop
  endfacet
  facet normal 0.687041 0 -0.726619
    outer loop
      vertex -16.6849 -35.6 16.2984
      vertex -16.7565 -36.6 16.2307
      vertex -16.7565 -35.6 16.2307
    endloop
  endfacet
  facet normal 0.687041 0 -0.726619
    outer loop
      vertex -16.6849 -35.6 16.2984
      vertex -16.6849 -36.6 16.2984
      vertex -16.7565 -36.6 16.2307
    endloop
  endfacet
  facet normal 0.706089 0 -0.708123
    outer loop
      vertex -16.6153 -35.6 16.3678
      vertex -16.6849 -36.6 16.2984
      vertex -16.6849 -35.6 16.2984
    endloop
  endfacet
  facet normal 0.706089 0 -0.708123
    outer loop
      vertex -16.6153 -35.6 16.3678
      vertex -16.6153 -36.6 16.3678
      vertex -16.6849 -36.6 16.2984
    endloop
  endfacet
  facet normal 0.725229 0 -0.688508
    outer loop
      vertex -16.5478 -35.6 16.4389
      vertex -16.6153 -36.6 16.3678
      vertex -16.6153 -35.6 16.3678
    endloop
  endfacet
  facet normal 0.725229 0 -0.688508
    outer loop
      vertex -16.5478 -35.6 16.4389
      vertex -16.5478 -36.6 16.4389
      vertex -16.6153 -36.6 16.3678
    endloop
  endfacet
  facet normal 0.743447 0 -0.668795
    outer loop
      vertex -16.4824 -35.6 16.5116
      vertex -16.5478 -36.6 16.4389
      vertex -16.5478 -35.6 16.4389
    endloop
  endfacet
  facet normal 0.743447 0 -0.668795
    outer loop
      vertex -16.4824 -35.6 16.5116
      vertex -16.4824 -36.6 16.5116
      vertex -16.5478 -36.6 16.4389
    endloop
  endfacet
  facet normal 0.761131 0 -0.648598
    outer loop
      vertex -16.419 -35.6 16.586
      vertex -16.4824 -36.6 16.5116
      vertex -16.4824 -35.6 16.5116
    endloop
  endfacet
  facet normal 0.761131 0 -0.648598
    outer loop
      vertex -16.419 -35.6 16.586
      vertex -16.419 -36.6 16.586
      vertex -16.4824 -36.6 16.5116
    endloop
  endfacet
  facet normal 0.778768 0 -0.627312
    outer loop
      vertex -16.3577 -35.6 16.6621
      vertex -16.419 -36.6 16.586
      vertex -16.419 -35.6 16.586
    endloop
  endfacet
  facet normal 0.778768 0 -0.627312
    outer loop
      vertex -16.3577 -35.6 16.6621
      vertex -16.3577 -36.6 16.6621
      vertex -16.419 -36.6 16.586
    endloop
  endfacet
  facet normal 0.794938 0 -0.60669
    outer loop
      vertex -16.2984 -35.6 16.7398
      vertex -16.3577 -36.6 16.6621
      vertex -16.3577 -35.6 16.6621
    endloop
  endfacet
  facet normal 0.794938 0 -0.60669
    outer loop
      vertex -16.2984 -35.6 16.7398
      vertex -16.2984 -36.6 16.7398
      vertex -16.3577 -36.6 16.6621
    endloop
  endfacet
  facet normal 0.810895 0 -0.585192
    outer loop
      vertex -16.2411 -35.6 16.8192
      vertex -16.2984 -36.6 16.7398
      vertex -16.2984 -35.6 16.7398
    endloop
  endfacet
  facet normal 0.810895 0 -0.585192
    outer loop
      vertex -16.2411 -35.6 16.8192
      vertex -16.2411 -36.6 16.8192
      vertex -16.2984 -36.6 16.7398
    endloop
  endfacet
  facet normal 0.82668 0 -0.562672
    outer loop
      vertex -16.1859 -35.6 16.9003
      vertex -16.2411 -36.6 16.8192
      vertex -16.2411 -35.6 16.8192
    endloop
  endfacet
  facet normal 0.82668 0 -0.562672
    outer loop
      vertex -16.1859 -35.6 16.9003
      vertex -16.1859 -36.6 16.9003
      vertex -16.2411 -36.6 16.8192
    endloop
  endfacet
  facet normal 0.842401 0 -0.538851
    outer loop
      vertex -16.133 -35.6 16.983
      vertex -16.1859 -36.6 16.9003
      vertex -16.1859 -35.6 16.9003
    endloop
  endfacet
  facet normal 0.842401 0 -0.538851
    outer loop
      vertex -16.133 -35.6 16.983
      vertex -16.133 -36.6 16.983
      vertex -16.1859 -36.6 16.9003
    endloop
  endfacet
  facet normal 0.857493 0 -0.514496
    outer loop
      vertex -16.0826 -35.6 17.067
      vertex -16.133 -36.6 16.983
      vertex -16.133 -35.6 16.983
    endloop
  endfacet
  facet normal 0.857493 0 -0.514496
    outer loop
      vertex -16.0826 -35.6 17.067
      vertex -16.0826 -36.6 17.067
      vertex -16.133 -36.6 16.983
    endloop
  endfacet
  facet normal 0.871303 0 -0.490746
    outer loop
      vertex -16.0345 -35.6 17.1524
      vertex -16.0826 -36.6 17.067
      vertex -16.0826 -35.6 17.067
    endloop
  endfacet
  facet normal 0.871303 0 -0.490746
    outer loop
      vertex -16.0345 -35.6 17.1524
      vertex -16.0345 -36.6 17.1524
      vertex -16.0826 -36.6 17.067
    endloop
  endfacet
  facet normal 0.885692 0 -0.464274
    outer loop
      vertex -15.989 -35.6 17.2392
      vertex -16.0345 -36.6 17.1524
      vertex -16.0345 -35.6 17.1524
    endloop
  endfacet
  facet normal 0.885692 0 -0.464274
    outer loop
      vertex -15.989 -35.6 17.2392
      vertex -15.989 -36.6 17.2392
      vertex -16.0345 -36.6 17.1524
    endloop
  endfacet
  facet normal 0.898465 0 -0.439046
    outer loop
      vertex -15.9459 -35.6 17.3274
      vertex -15.989 -36.6 17.2392
      vertex -15.989 -35.6 17.2392
    endloop
  endfacet
  facet normal 0.898465 0 -0.439046
    outer loop
      vertex -15.9459 -35.6 17.3274
      vertex -15.9459 -36.6 17.3274
      vertex -15.989 -36.6 17.2392
    endloop
  endfacet
  facet normal 0.910853 0 -0.41273
    outer loop
      vertex -15.9053 -35.6 17.417
      vertex -15.9459 -36.6 17.3274
      vertex -15.9459 -35.6 17.3274
    endloop
  endfacet
  facet normal 0.910853 0 -0.41273
    outer loop
      vertex -15.9053 -35.6 17.417
      vertex -15.9053 -36.6 17.417
      vertex -15.9459 -36.6 17.3274
    endloop
  endfacet
  facet normal 0.921902 0 -0.387422
    outer loop
      vertex -15.8671 -35.6 17.5079
      vertex -15.9053 -36.6 17.417
      vertex -15.9053 -35.6 17.417
    endloop
  endfacet
  facet normal 0.921902 0 -0.387422
    outer loop
      vertex -15.8671 -35.6 17.5079
      vertex -15.8671 -36.6 17.5079
      vertex -15.9053 -36.6 17.417
    endloop
  endfacet
  facet normal 0.932798 0 -0.360399
    outer loop
      vertex -15.8314 -35.6 17.6003
      vertex -15.8671 -36.6 17.5079
      vertex -15.8671 -35.6 17.5079
    endloop
  endfacet
  facet normal 0.932798 0 -0.360399
    outer loop
      vertex -15.8314 -35.6 17.6003
      vertex -15.8314 -36.6 17.6003
      vertex -15.8671 -36.6 17.5079
    endloop
  endfacet
  facet normal 0.942581 0 -0.333977
    outer loop
      vertex -15.7982 -35.6 17.694
      vertex -15.8314 -36.6 17.6003
      vertex -15.8314 -35.6 17.6003
    endloop
  endfacet
  facet normal 0.942581 0 -0.333977
    outer loop
      vertex -15.7982 -35.6 17.694
      vertex -15.7982 -36.6 17.694
      vertex -15.8314 -36.6 17.6003
    endloop
  endfacet
  facet normal 0.951445 0 -0.30782
    outer loop
      vertex -15.7674 -35.6 17.7892
      vertex -15.7982 -36.6 17.694
      vertex -15.7982 -35.6 17.694
    endloop
  endfacet
  facet normal 0.951445 0 -0.30782
    outer loop
      vertex -15.7674 -35.6 17.7892
      vertex -15.7674 -36.6 17.7892
      vertex -15.7982 -36.6 17.694
    endloop
  endfacet
  facet normal 0.959587 0 -0.281413
    outer loop
      vertex -15.7391 -35.6 17.8857
      vertex -15.7674 -36.6 17.7892
      vertex -15.7674 -35.6 17.7892
    endloop
  endfacet
  facet normal 0.959587 0 -0.281413
    outer loop
      vertex -15.7391 -35.6 17.8857
      vertex -15.7391 -36.6 17.8857
      vertex -15.7674 -36.6 17.7892
    endloop
  endfacet
  facet normal 0.966985 0 -0.254834
    outer loop
      vertex -15.7133 -35.6 17.9836
      vertex -15.7391 -36.6 17.8857
      vertex -15.7391 -35.6 17.8857
    endloop
  endfacet
  facet normal 0.966985 0 -0.254834
    outer loop
      vertex -15.7133 -35.6 17.9836
      vertex -15.7133 -36.6 17.9836
      vertex -15.7391 -36.6 17.8857
    endloop
  endfacet
  facet normal 0.97334 0 -0.229367
    outer loop
      vertex -15.6899 -35.6 18.0829
      vertex -15.7133 -36.6 17.9836
      vertex -15.7133 -35.6 17.9836
    endloop
  endfacet
  facet normal 0.97334 0 -0.229367
    outer loop
      vertex -15.6899 -35.6 18.0829
      vertex -15.6899 -36.6 18.0829
      vertex -15.7133 -36.6 17.9836
    endloop
  endfacet
  facet normal 0.979134 0 -0.203216
    outer loop
      vertex -15.669 -35.6 18.1836
      vertex -15.6899 -36.6 18.0829
      vertex -15.6899 -35.6 18.0829
    endloop
  endfacet
  facet normal 0.979134 0 -0.203216
    outer loop
      vertex -15.669 -35.6 18.1836
      vertex -15.669 -36.6 18.1836
      vertex -15.6899 -36.6 18.0829
    endloop
  endfacet
  facet normal 0.983978 0 -0.178292
    outer loop
      vertex -15.6505 -35.6 18.2857
      vertex -15.669 -36.6 18.1836
      vertex -15.669 -35.6 18.1836
    endloop
  endfacet
  facet normal 0.983978 0 -0.178292
    outer loop
      vertex -15.6505 -35.6 18.2857
      vertex -15.6505 -36.6 18.2857
      vertex -15.669 -36.6 18.1836
    endloop
  endfacet
  facet normal 0.988261 0 -0.152775
    outer loop
      vertex -15.6345 -35.6 18.3892
      vertex -15.6505 -36.6 18.2857
      vertex -15.6505 -35.6 18.2857
    endloop
  endfacet
  facet normal 0.988261 0 -0.152775
    outer loop
      vertex -15.6345 -35.6 18.3892
      vertex -15.6345 -36.6 18.3892
      vertex -15.6505 -36.6 18.2857
    endloop
  endfacet
  facet normal 0.991805 0 -0.127761
    outer loop
      vertex -15.621 -35.6 18.494
      vertex -15.6345 -36.6 18.3892
      vertex -15.6345 -35.6 18.3892
    endloop
  endfacet
  facet normal 0.991805 0 -0.127761
    outer loop
      vertex -15.621 -35.6 18.494
      vertex -15.621 -36.6 18.494
      vertex -15.6345 -36.6 18.3892
    endloop
  endfacet
  facet normal 0.994592 0 -0.103857
    outer loop
      vertex -15.6099 -35.6 18.6003
      vertex -15.621 -36.6 18.494
      vertex -15.621 -35.6 18.494
    endloop
  endfacet
  facet normal 0.994592 0 -0.103857
    outer loop
      vertex -15.6099 -35.6 18.6003
      vertex -15.6099 -36.6 18.6003
      vertex -15.621 -36.6 18.494
    endloop
  endfacet
  facet normal 0.996821 0 -0.0796716
    outer loop
      vertex -15.6013 -35.6 18.7079
      vertex -15.6099 -36.6 18.6003
      vertex -15.6099 -35.6 18.6003
    endloop
  endfacet
  facet normal 0.996821 0 -0.0796716
    outer loop
      vertex -15.6013 -35.6 18.7079
      vertex -15.6013 -36.6 18.7079
      vertex -15.6099 -36.6 18.6003
    endloop
  endfacet
  facet normal 0.998386 0 -0.0567889
    outer loop
      vertex -15.5951 -35.6 18.8169
      vertex -15.6013 -36.6 18.7079
      vertex -15.6013 -35.6 18.7079
    endloop
  endfacet
  facet normal 0.998386 0 -0.0567889
    outer loop
      vertex -15.5951 -35.6 18.8169
      vertex -15.5951 -36.6 18.8169
      vertex -15.6013 -36.6 18.7079
    endloop
  endfacet
  facet normal 0.999439 0 -0.0334957
    outer loop
      vertex -15.5914 -35.6 18.9273
      vertex -15.5951 -36.6 18.8169
      vertex -15.5951 -35.6 18.8169
    endloop
  endfacet
  facet normal 0.999439 0 -0.0334957
    outer loop
      vertex -15.5914 -35.6 18.9273
      vertex -15.5914 -36.6 18.9273
      vertex -15.5951 -36.6 18.8169
    endloop
  endfacet
  facet normal 0.999942 0 -0.0107328
    outer loop
      vertex -15.5902 -35.6 19.0391
      vertex -15.5914 -36.6 18.9273
      vertex -15.5914 -35.6 18.9273
    endloop
  endfacet
  facet normal 0.999942 0 -0.0107328
    outer loop
      vertex -15.5902 -35.6 19.0391
      vertex -15.5902 -36.6 19.0391
      vertex -15.5914 -36.6 18.9273
    endloop
  endfacet
  facet normal 0.999943 0 0.0107232
    outer loop
      vertex -15.5914 -35.6 19.151
      vertex -15.5902 -36.6 19.0391
      vertex -15.5902 -35.6 19.0391
    endloop
  endfacet
  facet normal 0.999943 0 0.0107232
    outer loop
      vertex -15.5914 -35.6 19.151
      vertex -15.5914 -36.6 19.151
      vertex -15.5902 -36.6 19.0391
    endloop
  endfacet
  facet normal 0.999439 0 0.0334957
    outer loop
      vertex -15.5951 -35.6 19.2614
      vertex -15.5914 -36.6 19.151
      vertex -15.5914 -35.6 19.151
    endloop
  endfacet
  facet normal 0.999439 0 0.0334957
    outer loop
      vertex -15.5951 -35.6 19.2614
      vertex -15.5951 -36.6 19.2614
      vertex -15.5914 -36.6 19.151
    endloop
  endfacet
  facet normal 0.998389 0 0.0567371
    outer loop
      vertex -15.6013 -35.6 19.3705
      vertex -15.5951 -36.6 19.2614
      vertex -15.5951 -35.6 19.2614
    endloop
  endfacet
  facet normal 0.998389 0 0.0567371
    outer loop
      vertex -15.6013 -35.6 19.3705
      vertex -15.6013 -36.6 19.3705
      vertex -15.5951 -36.6 19.2614
    endloop
  endfacet
  facet normal 0.996833 0 0.0795247
    outer loop
      vertex -15.6099 -35.6 19.4783
      vertex -15.6013 -36.6 19.3705
      vertex -15.6013 -35.6 19.3705
    endloop
  endfacet
  facet normal 0.996833 0 0.0795247
    outer loop
      vertex -15.6099 -35.6 19.4783
      vertex -15.6099 -36.6 19.4783
      vertex -15.6013 -36.6 19.3705
    endloop
  endfacet
  facet normal 0.994592 0 0.103857
    outer loop
      vertex -15.621 -35.6 19.5846
      vertex -15.6099 -36.6 19.4783
      vertex -15.6099 -35.6 19.4783
    endloop
  endfacet
  facet normal 0.994592 0 0.103857
    outer loop
      vertex -15.621 -35.6 19.5846
      vertex -15.621 -36.6 19.5846
      vertex -15.6099 -36.6 19.4783
    endloop
  endfacet
  facet normal 0.991851 0 0.127402
    outer loop
      vertex -15.6345 -35.6 19.6897
      vertex -15.621 -36.6 19.5846
      vertex -15.621 -35.6 19.5846
    endloop
  endfacet
  facet normal 0.991851 0 0.127402
    outer loop
      vertex -15.6345 -35.6 19.6897
      vertex -15.6345 -36.6 19.6897
      vertex -15.621 -36.6 19.5846
    endloop
  endfacet
  facet normal 0.988283 0 0.152631
    outer loop
      vertex -15.6505 -35.6 19.7933
      vertex -15.6345 -36.6 19.6897
      vertex -15.6345 -35.6 19.6897
    endloop
  endfacet
  facet normal 0.988283 0 0.152631
    outer loop
      vertex -15.6505 -35.6 19.7933
      vertex -15.6505 -36.6 19.7933
      vertex -15.6345 -36.6 19.6897
    endloop
  endfacet
  facet normal 0.984039 0 0.177954
    outer loop
      vertex -15.669 -35.6 19.8956
      vertex -15.6505 -36.6 19.7933
      vertex -15.6505 -35.6 19.7933
    endloop
  endfacet
  facet normal 0.984039 0 0.177954
    outer loop
      vertex -15.669 -35.6 19.8956
      vertex -15.669 -36.6 19.8956
      vertex -15.6505 -36.6 19.7933
    endloop
  endfacet
  facet normal 0.979254 0 0.202638
    outer loop
      vertex -15.6899 -35.6 19.9966
      vertex -15.669 -36.6 19.8956
      vertex -15.669 -35.6 19.8956
    endloop
  endfacet
  facet normal 0.979254 0 0.202638
    outer loop
      vertex -15.6899 -35.6 19.9966
      vertex -15.6899 -36.6 19.9966
      vertex -15.669 -36.6 19.8956
    endloop
  endfacet
  facet normal 0.973494 0 0.228712
    outer loop
      vertex -15.7133 -35.6 20.0962
      vertex -15.6899 -36.6 19.9966
      vertex -15.6899 -35.6 19.9966
    endloop
  endfacet
  facet normal 0.973494 0 0.228712
    outer loop
      vertex -15.7133 -35.6 20.0962
      vertex -15.7133 -36.6 20.0962
      vertex -15.6899 -36.6 19.9966
    endloop
  endfacet
  facet normal 0.967177 0 0.254105
    outer loop
      vertex -15.7391 -35.6 20.1944
      vertex -15.7133 -36.6 20.0962
      vertex -15.7133 -35.6 20.0962
    endloop
  endfacet
  facet normal 0.967177 0 0.254105
    outer loop
      vertex -15.7391 -35.6 20.1944
      vertex -15.7391 -36.6 20.1944
      vertex -15.7133 -36.6 20.0962
    endloop
  endfacet
  facet normal 0.9599 0 0.280342
    outer loop
      vertex -15.7674 -35.6 20.2913
      vertex -15.7391 -36.6 20.1944
      vertex -15.7391 -35.6 20.1944
    endloop
  endfacet
  facet normal 0.9599 0 0.280342
    outer loop
      vertex -15.7674 -35.6 20.2913
      vertex -15.7674 -36.6 20.2913
      vertex -15.7391 -36.6 20.1944
    endloop
  endfacet
  facet normal 0.951727 0 0.306945
    outer loop
      vertex -15.7982 -35.6 20.3868
      vertex -15.7674 -36.6 20.2913
      vertex -15.7674 -35.6 20.2913
    endloop
  endfacet
  facet normal 0.951727 0 0.306945
    outer loop
      vertex -15.7982 -35.6 20.3868
      vertex -15.7982 -36.6 20.3868
      vertex -15.7674 -36.6 20.2913
    endloop
  endfacet
  facet normal 0.943138 0 0.332401
    outer loop
      vertex -15.8314 -35.6 20.481
      vertex -15.7982 -36.6 20.3868
      vertex -15.7982 -35.6 20.3868
    endloop
  endfacet
  facet normal 0.943138 0 0.332401
    outer loop
      vertex -15.8314 -35.6 20.481
      vertex -15.8314 -36.6 20.481
      vertex -15.7982 -36.6 20.3868
    endloop
  endfacet
  facet normal 0.93332 0 0.359046
    outer loop
      vertex -15.8671 -35.6 20.5738
      vertex -15.8314 -36.6 20.481
      vertex -15.8314 -35.6 20.481
    endloop
  endfacet
  facet normal 0.93332 0 0.359046
    outer loop
      vertex -15.8671 -35.6 20.5738
      vertex -15.8671 -36.6 20.5738
      vertex -15.8314 -36.6 20.481
    endloop
  endfacet
  facet normal 0.922808 0 0.38526
    outer loop
      vertex -15.9053 -35.6 20.6653
      vertex -15.8671 -36.6 20.5738
      vertex -15.8671 -35.6 20.5738
    endloop
  endfacet
  facet normal 0.922808 0 0.38526
    outer loop
      vertex -15.9053 -35.6 20.6653
      vertex -15.9053 -36.6 20.6653
      vertex -15.8671 -36.6 20.5738
    endloop
  endfacet
  facet normal 0.911713 0 0.410827
    outer loop
      vertex -15.9459 -35.6 20.7554
      vertex -15.9053 -36.6 20.6653
      vertex -15.9053 -35.6 20.6653
    endloop
  endfacet
  facet normal 0.911713 0 0.410827
    outer loop
      vertex -15.9459 -35.6 20.7554
      vertex -15.9459 -36.6 20.7554
      vertex -15.9053 -36.6 20.6653
    endloop
  endfacet
  facet normal 0.89944 0 0.437045
    outer loop
      vertex -15.989 -35.6 20.8441
      vertex -15.9459 -36.6 20.7554
      vertex -15.9459 -35.6 20.7554
    endloop
  endfacet
  facet normal 0.89944 0 0.437045
    outer loop
      vertex -15.989 -35.6 20.8441
      vertex -15.989 -36.6 20.8441
      vertex -15.9459 -36.6 20.7554
    endloop
  endfacet
  facet normal 0.887001 0 0.461768
    outer loop
      vertex -16.0345 -35.6 20.9315
      vertex -15.989 -36.6 20.8441
      vertex -15.989 -35.6 20.8441
    endloop
  endfacet
  facet normal 0.887001 0 0.461768
    outer loop
      vertex -16.0345 -35.6 20.9315
      vertex -16.0345 -36.6 20.9315
      vertex -15.989 -36.6 20.8441
    endloop
  endfacet
  facet normal 0.872765 0 0.48814
    outer loop
      vertex -16.0826 -35.6 21.0175
      vertex -16.0345 -36.6 20.9315
      vertex -16.0345 -35.6 20.9315
    endloop
  endfacet
  facet normal 0.872765 0 0.48814
    outer loop
      vertex -16.0826 -35.6 21.0175
      vertex -16.0826 -36.6 21.0175
      vertex -16.0345 -36.6 20.9315
    endloop
  endfacet
  facet normal 0.859367 0 0.511359
    outer loop
      vertex -16.133 -35.6 21.1022
      vertex -16.0826 -36.6 21.0175
      vertex -16.0826 -35.6 21.0175
    endloop
  endfacet
  facet normal 0.859367 0 0.511359
    outer loop
      vertex -16.133 -35.6 21.1022
      vertex -16.133 -36.6 21.1022
      vertex -16.0826 -36.6 21.0175
    endloop
  endfacet
  facet normal 0.844162 0 0.536088
    outer loop
      vertex -16.1859 -35.6 21.1855
      vertex -16.133 -36.6 21.1022
      vertex -16.133 -35.6 21.1022
    endloop
  endfacet
  facet normal 0.844162 0 0.536088
    outer loop
      vertex -16.1859 -35.6 21.1855
      vertex -16.1859 -36.6 21.1855
      vertex -16.133 -36.6 21.1022
    endloop
  endfacet
  facet normal 0.828602 0 0.559839
    outer loop
      vertex -16.2411 -35.6 21.2672
      vertex -16.1859 -36.6 21.1855
      vertex -16.1859 -35.6 21.1855
    endloop
  endfacet
  facet normal 0.828602 0 0.559839
    outer loop
      vertex -16.2411 -35.6 21.2672
      vertex -16.2411 -36.6 21.2672
      vertex -16.1859 -36.6 21.1855
    endloop
  endfacet
  facet normal 0.813322 0 0.581814
    outer loop
      vertex -16.2984 -35.6 21.3473
      vertex -16.2411 -36.6 21.2672
      vertex -16.2411 -35.6 21.2672
    endloop
  endfacet
  facet normal 0.813322 0 0.581814
    outer loop
      vertex -16.2984 -35.6 21.3473
      vertex -16.2984 -36.6 21.3473
      vertex -16.2411 -36.6 21.2672
    endloop
  endfacet
  facet normal 0.797181 0 0.60374
    outer loop
      vertex -16.3577 -35.6 21.4256
      vertex -16.2984 -36.6 21.3473
      vertex -16.2984 -35.6 21.3473
    endloop
  endfacet
  facet normal 0.797181 0 0.60374
    outer loop
      vertex -16.3577 -35.6 21.4256
      vertex -16.3577 -36.6 21.4256
      vertex -16.2984 -36.6 21.3473
    endloop
  endfacet
  facet normal 0.780371 0 0.625317
    outer loop
      vertex -16.419 -35.6 21.5021
      vertex -16.3577 -36.6 21.4256
      vertex -16.3577 -35.6 21.4256
    endloop
  endfacet
  facet normal 0.780371 0 0.625317
    outer loop
      vertex -16.419 -35.6 21.5021
      vertex -16.419 -36.6 21.5021
      vertex -16.3577 -36.6 21.4256
    endloop
  endfacet
  facet normal 0.76327 0 0.646079
    outer loop
      vertex -16.4824 -35.6 21.577
      vertex -16.419 -36.6 21.5021
      vertex -16.419 -35.6 21.5021
    endloop
  endfacet
  facet normal 0.76327 0 0.646079
    outer loop
      vertex -16.4824 -35.6 21.577
      vertex -16.4824 -36.6 21.577
      vertex -16.419 -36.6 21.5021
    endloop
  endfacet
  facet normal 0.744814 0 0.667272
    outer loop
      vertex -16.5478 -35.6 21.65
      vertex -16.4824 -36.6 21.577
      vertex -16.4824 -35.6 21.577
    endloop
  endfacet
  facet normal 0.744814 0 0.667272
    outer loop
      vertex -16.5478 -35.6 21.65
      vertex -16.5478 -36.6 21.65
      vertex -16.4824 -36.6 21.577
    endloop
  endfacet
  facet normal 0.726674 0 0.686982
    outer loop
      vertex -16.6153 -35.6 21.7214
      vertex -16.5478 -36.6 21.65
      vertex -16.5478 -35.6 21.65
    endloop
  endfacet
  facet normal 0.726674 0 0.686982
    outer loop
      vertex -16.6153 -35.6 21.7214
      vertex -16.6153 -36.6 21.7214
      vertex -16.5478 -36.6 21.65
    endloop
  endfacet
  facet normal 0.707107 0 0.707107
    outer loop
      vertex -16.6849 -35.6 21.791
      vertex -16.6153 -36.6 21.7214
      vertex -16.6153 -35.6 21.7214
    endloop
  endfacet
  facet normal 0.707107 0 0.707107
    outer loop
      vertex -16.6849 -35.6 21.791
      vertex -16.6849 -36.6 21.791
      vertex -16.6153 -36.6 21.7214
    endloop
  endfacet
  facet normal 0.68811 0 0.725606
    outer loop
      vertex -16.7565 -35.6 21.8589
      vertex -16.6849 -36.6 21.791
      vertex -16.6849 -35.6 21.791
    endloop
  endfacet
  facet normal 0.68811 0 0.725606
    outer loop
      vertex -16.7565 -35.6 21.8589
      vertex -16.7565 -36.6 21.8589
      vertex -16.6849 -36.6 21.791
    endloop
  endfacet
  facet normal 0.668741 0 0.743495
    outer loop
      vertex -16.8301 -35.6 21.9251
      vertex -16.7565 -36.6 21.8589
      vertex -16.7565 -35.6 21.8589
    endloop
  endfacet
  facet normal 0.668741 0 0.743495
    outer loop
      vertex -16.8301 -35.6 21.9251
      vertex -16.8301 -36.6 21.9251
      vertex -16.7565 -36.6 21.8589
    endloop
  endfacet
  facet normal 0.64797 0 0.761666
    outer loop
      vertex -16.9058 -35.6 21.9895
      vertex -16.8301 -36.6 21.9251
      vertex -16.8301 -35.6 21.9251
    endloop
  endfacet
  facet normal 0.64797 0 0.761666
    outer loop
      vertex -16.9058 -35.6 21.9895
      vertex -16.9058 -36.6 21.9895
      vertex -16.8301 -36.6 21.9251
    endloop
  endfacet
  facet normal 0.626891 0 0.779107
    outer loop
      vertex -16.9836 -35.6 22.0521
      vertex -16.9058 -36.6 21.9895
      vertex -16.9058 -35.6 21.9895
    endloop
  endfacet
  facet normal 0.626891 0 0.779107
    outer loop
      vertex -16.9836 -35.6 22.0521
      vertex -16.9836 -36.6 22.0521
      vertex -16.9058 -36.6 21.9895
    endloop
  endfacet
  facet normal 0.607302 0 0.794471
    outer loop
      vertex -17.0634 -35.6 22.1131
      vertex -16.9836 -36.6 22.0521
      vertex -16.9836 -35.6 22.0521
    endloop
  endfacet
  facet normal 0.607302 0 0.794471
    outer loop
      vertex -17.0634 -35.6 22.1131
      vertex -17.0634 -36.6 22.1131
      vertex -16.9836 -36.6 22.0521
    endloop
  endfacet
  facet normal 0.585816 0 0.810444
    outer loop
      vertex -17.1453 -35.6 22.1723
      vertex -17.0634 -36.6 22.1131
      vertex -17.0634 -35.6 22.1131
    endloop
  endfacet
  facet normal 0.585816 0 0.810444
    outer loop
      vertex -17.1453 -35.6 22.1723
      vertex -17.1453 -36.6 22.1723
      vertex -17.0634 -36.6 22.1131
    endloop
  endfacet
  facet normal 0.564649 0 0.825331
    outer loop
      vertex -17.2292 -35.6 22.2297
      vertex -17.1453 -36.6 22.1723
      vertex -17.1453 -35.6 22.1723
    endloop
  endfacet
  facet normal 0.564649 0 0.825331
    outer loop
      vertex -17.2292 -35.6 22.2297
      vertex -17.2292 -36.6 22.2297
      vertex -17.1453 -36.6 22.1723
    endloop
  endfacet
  facet normal 0.544748 0 0.8386
    outer loop
      vertex -17.3151 -35.6 22.2855
      vertex -17.2292 -36.6 22.2297
      vertex -17.2292 -35.6 22.2297
    endloop
  endfacet
  facet normal 0.544748 0 0.8386
    outer loop
      vertex -17.3151 -35.6 22.2855
      vertex -17.3151 -36.6 22.2855
      vertex -17.2292 -36.6 22.2297
    endloop
  endfacet
  facet normal 0.521881 0 0.853018
    outer loop
      vertex -17.4032 -35.6 22.3394
      vertex -17.3151 -36.6 22.2855
      vertex -17.3151 -35.6 22.2855
    endloop
  endfacet
  facet normal 0.521881 0 0.853018
    outer loop
      vertex -17.4032 -35.6 22.3394
      vertex -17.4032 -36.6 22.3394
      vertex -17.3151 -36.6 22.2855
    endloop
  endfacet
  facet normal 0.502437 0 0.864614
    outer loop
      vertex -17.4932 -35.6 22.3917
      vertex -17.4032 -36.6 22.3394
      vertex -17.4032 -35.6 22.3394
    endloop
  endfacet
  facet normal 0.502437 0 0.864614
    outer loop
      vertex -17.4932 -35.6 22.3917
      vertex -17.4932 -36.6 22.3917
      vertex -17.4032 -36.6 22.3394
    endloop
  endfacet
  facet normal 0.480785 0 0.876838
    outer loop
      vertex -17.5853 -35.6 22.4422
      vertex -17.4932 -36.6 22.3917
      vertex -17.4932 -35.6 22.3917
    endloop
  endfacet
  facet normal 0.480785 0 0.876838
    outer loop
      vertex -17.5853 -35.6 22.4422
      vertex -17.5853 -36.6 22.4422
      vertex -17.4932 -36.6 22.3917
    endloop
  endfacet
  facet normal 0.459987 0 0.887926
    outer loop
      vertex -17.6795 -35.6 22.491
      vertex -17.5853 -36.6 22.4422
      vertex -17.5853 -35.6 22.4422
    endloop
  endfacet
  facet normal 0.459987 0 0.887926
    outer loop
      vertex -17.6795 -35.6 22.491
      vertex -17.6795 -36.6 22.491
      vertex -17.5853 -36.6 22.4422
    endloop
  endfacet
  facet normal 0.438976 0 0.898499
    outer loop
      vertex -17.7757 -35.6 22.538
      vertex -17.6795 -36.6 22.491
      vertex -17.6795 -35.6 22.491
    endloop
  endfacet
  facet normal 0.438976 0 0.898499
    outer loop
      vertex -17.7757 -35.6 22.538
      vertex -17.7757 -36.6 22.538
      vertex -17.6795 -36.6 22.491
    endloop
  endfacet
  facet normal 0.419292 0 0.907851
    outer loop
      vertex -17.874 -35.6 22.5834
      vertex -17.7757 -36.6 22.538
      vertex -17.7757 -35.6 22.538
    endloop
  endfacet
  facet normal 0.419292 0 0.907851
    outer loop
      vertex -17.874 -35.6 22.5834
      vertex -17.874 -36.6 22.5834
      vertex -17.7757 -36.6 22.538
    endloop
  endfacet
  facet normal 0.397787 0 0.917478
    outer loop
      vertex -17.9741 -35.6 22.6268
      vertex -17.874 -36.6 22.5834
      vertex -17.874 -35.6 22.5834
    endloop
  endfacet
  facet normal 0.397787 0 0.917478
    outer loop
      vertex -17.9741 -35.6 22.6268
      vertex -17.9741 -36.6 22.6268
      vertex -17.874 -36.6 22.5834
    endloop
  endfacet
  facet normal 0.376719 0 0.926328
    outer loop
      vertex -18.0759 -35.6 22.6682
      vertex -17.9741 -36.6 22.6268
      vertex -17.9741 -35.6 22.6268
    endloop
  endfacet
  facet normal 0.376719 0 0.926328
    outer loop
      vertex -18.0759 -35.6 22.6682
      vertex -18.0759 -36.6 22.6682
      vertex -17.9741 -36.6 22.6268
    endloop
  endfacet
  facet normal 0.35577 0 0.934574
    outer loop
      vertex -18.1794 -35.6 22.7076
      vertex -18.0759 -36.6 22.6682
      vertex -18.0759 -35.6 22.6682
    endloop
  endfacet
  facet normal 0.35577 0 0.934574
    outer loop
      vertex -18.1794 -35.6 22.7076
      vertex -18.1794 -36.6 22.7076
      vertex -18.0759 -36.6 22.6682
    endloop
  endfacet
  facet normal 0.334179 0 0.94251
    outer loop
      vertex -18.2846 -35.6 22.7449
      vertex -18.1794 -36.6 22.7076
      vertex -18.1794 -35.6 22.7076
    endloop
  endfacet
  facet normal 0.334179 0 0.94251
    outer loop
      vertex -18.2846 -35.6 22.7449
      vertex -18.2846 -36.6 22.7449
      vertex -18.1794 -36.6 22.7076
    endloop
  endfacet
  facet normal 0.314628 0 0.949215
    outer loop
      vertex -18.3914 -35.6 22.7803
      vertex -18.2846 -36.6 22.7449
      vertex -18.2846 -35.6 22.7449
    endloop
  endfacet
  facet normal 0.314628 0 0.949215
    outer loop
      vertex -18.3914 -35.6 22.7803
      vertex -18.3914 -36.6 22.7803
      vertex -18.2846 -36.6 22.7449
    endloop
  endfacet
  facet normal 0.293405 0 0.955988
    outer loop
      vertex -18.4999 -35.6 22.8136
      vertex -18.3914 -36.6 22.7803
      vertex -18.3914 -35.6 22.7803
    endloop
  endfacet
  facet normal 0.293405 0 0.955988
    outer loop
      vertex -18.4999 -35.6 22.8136
      vertex -18.4999 -36.6 22.8136
      vertex -18.3914 -36.6 22.7803
    endloop
  endfacet
  facet normal 0.273222 0 0.961951
    outer loop
      vertex -18.6101 -35.6 22.8449
      vertex -18.4999 -36.6 22.8136
      vertex -18.4999 -35.6 22.8136
    endloop
  endfacet
  facet normal 0.273222 0 0.961951
    outer loop
      vertex -18.6101 -35.6 22.8449
      vertex -18.6101 -36.6 22.8449
      vertex -18.4999 -36.6 22.8136
    endloop
  endfacet
  facet normal 0.253514 0 0.967332
    outer loop
      vertex -18.7219 -35.6 22.8742
      vertex -18.6101 -36.6 22.8449
      vertex -18.6101 -35.6 22.8449
    endloop
  endfacet
  facet normal 0.253514 0 0.967332
    outer loop
      vertex -18.7219 -35.6 22.8742
      vertex -18.7219 -36.6 22.8742
      vertex -18.6101 -36.6 22.8449
    endloop
  endfacet
  facet normal 0.233859 0 0.972271
    outer loop
      vertex -18.8354 -35.6 22.9015
      vertex -18.7219 -36.6 22.8742
      vertex -18.7219 -35.6 22.8742
    endloop
  endfacet
  facet normal 0.233859 0 0.972271
    outer loop
      vertex -18.8354 -35.6 22.9015
      vertex -18.8354 -36.6 22.9015
      vertex -18.7219 -36.6 22.8742
    endloop
  endfacet
  facet normal 0.214506 0 0.976723
    outer loop
      vertex -18.9506 -35.6 22.9268
      vertex -18.8354 -36.6 22.9015
      vertex -18.8354 -35.6 22.9015
    endloop
  endfacet
  facet normal 0.214506 0 0.976723
    outer loop
      vertex -18.9506 -35.6 22.9268
      vertex -18.9506 -36.6 22.9268
      vertex -18.8354 -36.6 22.9015
    endloop
  endfacet
  facet normal 0.194664 0 0.98087
    outer loop
      vertex -19.0675 -35.6 22.95
      vertex -18.9506 -36.6 22.9268
      vertex -18.9506 -35.6 22.9268
    endloop
  endfacet
  facet normal 0.194664 0 0.98087
    outer loop
      vertex -19.0675 -35.6 22.95
      vertex -19.0675 -36.6 22.95
      vertex -18.9506 -36.6 22.9268
    endloop
  endfacet
  facet normal 0.176107 0 0.984371
    outer loop
      vertex -19.186 -35.6 22.9712
      vertex -19.0675 -36.6 22.95
      vertex -19.0675 -35.6 22.95
    endloop
  endfacet
  facet normal 0.176107 0 0.984371
    outer loop
      vertex -19.186 -35.6 22.9712
      vertex -19.186 -36.6 22.9712
      vertex -19.0675 -36.6 22.95
    endloop
  endfacet
  facet normal 0.157734 0 0.987482
    outer loop
      vertex -19.3062 -35.6 22.9904
      vertex -19.186 -36.6 22.9712
      vertex -19.186 -35.6 22.9712
    endloop
  endfacet
  facet normal 0.157734 0 0.987482
    outer loop
      vertex -19.3062 -35.6 22.9904
      vertex -19.3062 -36.6 22.9904
      vertex -19.186 -36.6 22.9712
    endloop
  endfacet
  facet normal 0.138919 0 0.990304
    outer loop
      vertex -19.4281 -35.6 23.0075
      vertex -19.3062 -36.6 22.9904
      vertex -19.3062 -35.6 22.9904
    endloop
  endfacet
  facet normal 0.138919 0 0.990304
    outer loop
      vertex -19.4281 -35.6 23.0075
      vertex -19.4281 -36.6 23.0075
      vertex -19.3062 -36.6 22.9904
    endloop
  endfacet
  facet normal 0.122058 0 0.992523
    outer loop
      vertex -19.5517 -35.6 23.0227
      vertex -19.4281 -36.6 23.0075
      vertex -19.4281 -35.6 23.0075
    endloop
  endfacet
  facet normal 0.122058 0 0.992523
    outer loop
      vertex -19.5517 -35.6 23.0227
      vertex -19.5517 -36.6 23.0227
      vertex -19.4281 -36.6 23.0075
    endloop
  endfacet
  facet normal 0.104064 0 0.994571
    outer loop
      vertex -19.6769 -35.6 23.0358
      vertex -19.5517 -36.6 23.0227
      vertex -19.5517 -35.6 23.0227
    endloop
  endfacet
  facet normal 0.104064 0 0.994571
    outer loop
      vertex -19.6769 -35.6 23.0358
      vertex -19.6769 -36.6 23.0358
      vertex -19.5517 -36.6 23.0227
    endloop
  endfacet
  facet normal 0.0871377 0 0.996196
    outer loop
      vertex -19.8038 -35.6 23.0469
      vertex -19.6769 -36.6 23.0358
      vertex -19.6769 -35.6 23.0358
    endloop
  endfacet
  facet normal 0.0871377 0 0.996196
    outer loop
      vertex -19.8038 -35.6 23.0469
      vertex -19.8038 -36.6 23.0469
      vertex -19.6769 -36.6 23.0358
    endloop
  endfacet
  facet normal 0.0705856 0 0.997506
    outer loop
      vertex -19.9324 -35.6 23.056
      vertex -19.8038 -36.6 23.0469
      vertex -19.8038 -35.6 23.0469
    endloop
  endfacet
  facet normal 0.0705856 0 0.997506
    outer loop
      vertex -19.9324 -35.6 23.056
      vertex -19.9324 -36.6 23.056
      vertex -19.8038 -36.6 23.0469
    endloop
  endfacet
  facet normal 0.0544506 0 0.998516
    outer loop
      vertex -20.0626 -35.6 23.0631
      vertex -19.9324 -36.6 23.056
      vertex -19.9324 -35.6 23.056
    endloop
  endfacet
  facet normal 0.0544506 0 0.998516
    outer loop
      vertex -20.0626 -35.6 23.0631
      vertex -20.0626 -36.6 23.0631
      vertex -19.9324 -36.6 23.056
    endloop
  endfacet
  facet normal 0.0386368 0 0.999253
    outer loop
      vertex -20.1945 -35.6 23.0682
      vertex -20.0626 -36.6 23.0631
      vertex -20.0626 -35.6 23.0631
    endloop
  endfacet
  facet normal 0.0386368 0 0.999253
    outer loop
      vertex -20.1945 -35.6 23.0682
      vertex -20.1945 -36.6 23.0682
      vertex -20.0626 -36.6 23.0631
    endloop
  endfacet
  facet normal 0.0224494 0 0.999748
    outer loop
      vertex -20.3281 -35.6 23.0712
      vertex -20.1945 -36.6 23.0682
      vertex -20.1945 -35.6 23.0682
    endloop
  endfacet
  facet normal 0.0224494 0 0.999748
    outer loop
      vertex -20.3281 -35.6 23.0712
      vertex -20.3281 -36.6 23.0712
      vertex -20.1945 -36.6 23.0682
    endloop
  endfacet
  facet normal 0.00739078 0 0.999973
    outer loop
      vertex -20.4634 -35.6 23.0722
      vertex -20.3281 -36.6 23.0712
      vertex -20.3281 -35.6 23.0712
    endloop
  endfacet
  facet normal 0.00739078 0 0.999973
    outer loop
      vertex -20.4634 -35.6 23.0722
      vertex -20.4634 -36.6 23.0722
      vertex -20.3281 -36.6 23.0712
    endloop
  endfacet
  facet normal -0 0 1
    outer loop
      vertex -25.6117 -35.6 23.0722
      vertex -20.4634 -36.6 23.0722
      vertex -20.4634 -35.6 23.0722
    endloop
  endfacet
  facet normal 0 0 1
    outer loop
      vertex -25.6117 -35.6 23.0722
      vertex -25.6117 -36.6 23.0722
      vertex -20.4634 -36.6 23.0722
    endloop
  endfacet
  facet normal -1 0 0
    outer loop
      vertex -25.6117 -35.6 12.3784
      vertex -25.6117 -36.6 23.0722
      vertex -25.6117 -35.6 23.0722
    endloop
  endfacet
  facet normal -1 0 0
    outer loop
      vertex -25.6117 -35.6 12.3784
      vertex -25.6117 -36.6 12.3784
      vertex -25.6117 -36.6 23.0722
    endloop
  endfacet
  facet normal -0 0 -1
    outer loop
      vertex -22.0064 -35.6 12.3784
      vertex -25.6117 -36.6 12.3784
      vertex -25.6117 -35.6 12.3784
    endloop
  endfacet
  facet normal 0 -0 -1
    outer loop
      vertex -22.0064 -35.6 12.3784
      vertex -22.0064 -36.6 12.3784
      vertex -25.6117 -36.6 12.3784
    endloop
  endfacet
  facet normal 1 0 0
    outer loop
      vertex -22.0064 -35.6 15.006
      vertex -22.0064 -36.6 12.3784
      vertex -22.0064 -35.6 12.3784
    endloop
  endfacet
  facet normal 1 0 0
    outer loop
      vertex -22.0064 -35.6 15.006
      vertex -22.0064 -36.6 15.006
      vertex -22.0064 -36.6 12.3784
    endloop
  endfacet
  facet normal -0 -0 -1
    outer loop
      vertex -20.6925 -35.6 20.2918
      vertex -20.6925 -36.6 20.2918
      vertex -22.0064 -35.6 20.2918
    endloop
  endfacet
  facet normal 0 0 -1
    outer loop
      vertex -22.0064 -36.6 20.2918
      vertex -22.0064 -35.6 20.2918
      vertex -20.6925 -36.6 20.2918
    endloop
  endfacet
  facet normal -0.0104161 -0 -0.999946
    outer loop
      vertex -20.6253 -35.6 20.2911
      vertex -20.6253 -36.6 20.2911
      vertex -20.6925 -35.6 20.2918
    endloop
  endfacet
  facet normal -0.0104161 0 -0.999946
    outer loop
      vertex -20.6925 -36.6 20.2918
      vertex -20.6925 -35.6 20.2918
      vertex -20.6253 -36.6 20.2911
    endloop
  endfacet
  facet normal -0.0304273 -0 -0.999537
    outer loop
      vertex -20.5596 -35.6 20.2891
      vertex -20.5596 -36.6 20.2891
      vertex -20.6253 -35.6 20.2911
    endloop
  endfacet
  facet normal -0.0304273 0 -0.999537
    outer loop
      vertex -20.6253 -36.6 20.2911
      vertex -20.6253 -35.6 20.2911
      vertex -20.5596 -36.6 20.2891
    endloop
  endfacet
  facet normal -0.0546059 -0 -0.998508
    outer loop
      vertex -20.4956 -35.6 20.2856
      vertex -20.4956 -36.6 20.2856
      vertex -20.5596 -35.6 20.2891
    endloop
  endfacet
  facet normal -0.0546059 0 -0.998508
    outer loop
      vertex -20.5596 -36.6 20.2891
      vertex -20.5596 -35.6 20.2891
      vertex -20.4956 -36.6 20.2856
    endloop
  endfacet
  facet normal -0.0782846 -0 -0.996931
    outer loop
      vertex -20.4332 -35.6 20.2807
      vertex -20.4332 -36.6 20.2807
      vertex -20.4956 -35.6 20.2856
    endloop
  endfacet
  facet normal -0.0782846 0 -0.996931
    outer loop
      vertex -20.4956 -36.6 20.2856
      vertex -20.4956 -35.6 20.2856
      vertex -20.4332 -36.6 20.2807
    endloop
  endfacet
  facet normal -0.101448 -0 -0.994841
    outer loop
      vertex -20.3724 -35.6 20.2745
      vertex -20.3724 -36.6 20.2745
      vertex -20.4332 -35.6 20.2807
    endloop
  endfacet
  facet normal -0.101448 0 -0.994841
    outer loop
      vertex -20.4332 -36.6 20.2807
      vertex -20.4332 -35.6 20.2807
      vertex -20.3724 -36.6 20.2745
    endloop
  endfacet
  facet normal -0.128981 -0 -0.991647
    outer loop
      vertex -20.3132 -35.6 20.2668
      vertex -20.3132 -36.6 20.2668
      vertex -20.3724 -35.6 20.2745
    endloop
  endfacet
  facet normal -0.128981 0 -0.991647
    outer loop
      vertex -20.3724 -36.6 20.2745
      vertex -20.3724 -35.6 20.2745
      vertex -20.3132 -36.6 20.2668
    endloop
  endfacet
  facet normal -0.154377 -0 -0.988012
    outer loop
      vertex -20.2556 -35.6 20.2578
      vertex -20.2556 -36.6 20.2578
      vertex -20.3132 -35.6 20.2668
    endloop
  endfacet
  facet normal -0.154377 0 -0.988012
    outer loop
      vertex -20.3132 -36.6 20.2668
      vertex -20.3132 -35.6 20.2668
      vertex -20.2556 -36.6 20.2578
    endloop
  endfacet
  facet normal -0.182592 -0 -0.983189
    outer loop
      vertex -20.1996 -35.6 20.2474
      vertex -20.1996 -36.6 20.2474
      vertex -20.2556 -35.6 20.2578
    endloop
  endfacet
  facet normal -0.182592 0 -0.983189
    outer loop
      vertex -20.2556 -36.6 20.2578
      vertex -20.2556 -35.6 20.2578
      vertex -20.1996 -36.6 20.2474
    endloop
  endfacet
  facet normal -0.212355 -0 -0.977193
    outer loop
      vertex -20.1453 -35.6 20.2356
      vertex -20.1453 -36.6 20.2356
      vertex -20.1996 -35.6 20.2474
    endloop
  endfacet
  facet normal -0.212355 0 -0.977193
    outer loop
      vertex -20.1996 -36.6 20.2474
      vertex -20.1996 -35.6 20.2474
      vertex -20.1453 -36.6 20.2356
    endloop
  endfacet
  facet normal -0.242536 -0 -0.970143
    outer loop
      vertex -20.0925 -35.6 20.2224
      vertex -20.0925 -36.6 20.2224
      vertex -20.1453 -35.6 20.2356
    endloop
  endfacet
  facet normal -0.242536 0 -0.970143
    outer loop
      vertex -20.1453 -36.6 20.2356
      vertex -20.1453 -35.6 20.2356
      vertex -20.0925 -36.6 20.2224
    endloop
  endfacet
  facet normal -0.274721 -0 -0.961524
    outer loop
      vertex -20.0414 -35.6 20.2078
      vertex -20.0414 -36.6 20.2078
      vertex -20.0925 -35.6 20.2224
    endloop
  endfacet
  facet normal -0.274721 0 -0.961524
    outer loop
      vertex -20.0925 -36.6 20.2224
      vertex -20.0925 -35.6 20.2224
      vertex -20.0414 -36.6 20.2078
    endloop
  endfacet
  facet normal -0.307564 -0 -0.951527
    outer loop
      vertex -19.9919 -35.6 20.1918
      vertex -19.9919 -36.6 20.1918
      vertex -20.0414 -35.6 20.2078
    endloop
  endfacet
  facet normal -0.307564 0 -0.951527
    outer loop
      vertex -20.0414 -36.6 20.2078
      vertex -20.0414 -35.6 20.2078
      vertex -19.9919 -36.6 20.1918
    endloop
  endfacet
  facet normal -0.340799 -0 -0.940136
    outer loop
      vertex -19.9439 -35.6 20.1744
      vertex -19.9439 -36.6 20.1744
      vertex -19.9919 -35.6 20.1918
    endloop
  endfacet
  facet normal -0.340799 0 -0.940136
    outer loop
      vertex -19.9919 -36.6 20.1918
      vertex -19.9919 -35.6 20.1918
      vertex -19.9439 -36.6 20.1744
    endloop
  endfacet
  facet normal -0.374496 -0 -0.927228
    outer loop
      vertex -19.8976 -35.6 20.1557
      vertex -19.8976 -36.6 20.1557
      vertex -19.9439 -35.6 20.1744
    endloop
  endfacet
  facet normal -0.374496 0 -0.927228
    outer loop
      vertex -19.9439 -36.6 20.1744
      vertex -19.9439 -35.6 20.1744
      vertex -19.8976 -36.6 20.1557
    endloop
  endfacet
  facet normal -0.41011 -0 -0.912036
    outer loop
      vertex -19.8529 -35.6 20.1356
      vertex -19.8529 -36.6 20.1356
      vertex -19.8976 -35.6 20.1557
    endloop
  endfacet
  facet normal -0.41011 0 -0.912036
    outer loop
      vertex -19.8976 -36.6 20.1557
      vertex -19.8976 -35.6 20.1557
      vertex -19.8529 -36.6 20.1356
    endloop
  endfacet
  facet normal -0.448043 -0 -0.894012
    outer loop
      vertex -19.8098 -35.6 20.114
      vertex -19.8098 -36.6 20.114
      vertex -19.8529 -35.6 20.1356
    endloop
  endfacet
  facet normal -0.448043 0 -0.894012
    outer loop
      vertex -19.8529 -36.6 20.1356
      vertex -19.8529 -35.6 20.1356
      vertex -19.8098 -36.6 20.114
    endloop
  endfacet
  facet normal -0.483133 -0 -0.875547
    outer loop
      vertex -19.7683 -35.6 20.0911
      vertex -19.7683 -36.6 20.0911
      vertex -19.8098 -35.6 20.114
    endloop
  endfacet
  facet normal -0.483133 0 -0.875547
    outer loop
      vertex -19.8098 -36.6 20.114
      vertex -19.8098 -35.6 20.114
      vertex -19.7683 -36.6 20.0911
    endloop
  endfacet
  facet normal -0.521103 -0 -0.853494
    outer loop
      vertex -19.7285 -35.6 20.0668
      vertex -19.7285 -36.6 20.0668
      vertex -19.7683 -35.6 20.0911
    endloop
  endfacet
  facet normal -0.521103 0 -0.853494
    outer loop
      vertex -19.7683 -36.6 20.0911
      vertex -19.7683 -35.6 20.0911
      vertex -19.7285 -36.6 20.0668
    endloop
  endfacet
  facet normal -0.557199 -0 -0.830379
    outer loop
      vertex -19.6902 -35.6 20.0411
      vertex -19.6902 -36.6 20.0411
      vertex -19.7285 -35.6 20.0668
    endloop
  endfacet
  facet normal -0.557199 0 -0.830379
    outer loop
      vertex -19.7285 -36.6 20.0668
      vertex -19.7285 -35.6 20.0668
      vertex -19.6902 -36.6 20.0411
    endloop
  endfacet
  facet normal -0.594021 -0 -0.804449
    outer loop
      vertex -19.6535 -35.6 20.014
      vertex -19.6535 -36.6 20.014
      vertex -19.6902 -35.6 20.0411
    endloop
  endfacet
  facet normal -0.594021 0 -0.804449
    outer loop
      vertex -19.6902 -36.6 20.0411
      vertex -19.6902 -35.6 20.0411
      vertex -19.6535 -36.6 20.014
    endloop
  endfacet
  facet normal -0.631426 -0 -0.775436
    outer loop
      vertex -19.6185 -35.6 19.9855
      vertex -19.6185 -36.6 19.9855
      vertex -19.6535 -35.6 20.014
    endloop
  endfacet
  facet normal -0.631426 0 -0.775436
    outer loop
      vertex -19.6535 -36.6 20.014
      vertex -19.6535 -35.6 20.014
      vertex -19.6185 -36.6 19.9855
    endloop
  endfacet
  facet normal -0.665749 -0 -0.746175
    outer loop
      vertex -19.5851 -35.6 19.9557
      vertex -19.5851 -36.6 19.9557
      vertex -19.6185 -35.6 19.9855
    endloop
  endfacet
  facet normal -0.665749 0 -0.746175
    outer loop
      vertex -19.6185 -36.6 19.9855
      vertex -19.6185 -35.6 19.9855
      vertex -19.5851 -36.6 19.9557
    endloop
  endfacet
  facet normal -0.698071 -0 -0.716028
    outer loop
      vertex -19.5532 -35.6 19.9246
      vertex -19.5532 -36.6 19.9246
      vertex -19.5851 -35.6 19.9557
    endloop
  endfacet
  facet normal -0.698071 0 -0.716028
    outer loop
      vertex -19.5851 -36.6 19.9557
      vertex -19.5851 -35.6 19.9557
      vertex -19.5532 -36.6 19.9246
    endloop
  endfacet
  facet normal -0.723869 -0 -0.689938
    outer loop
      vertex -19.5227 -35.6 19.8926
      vertex -19.5227 -36.6 19.8926
      vertex -19.5532 -35.6 19.9246
    endloop
  endfacet
  facet normal -0.723869 0 -0.689938
    outer loop
      vertex -19.5532 -36.6 19.9246
      vertex -19.5532 -35.6 19.9246
      vertex -19.5227 -36.6 19.8926
    endloop
  endfacet
  facet normal -0.753281 -0 -0.657699
    outer loop
      vertex -19.4938 -35.6 19.8595
      vertex -19.4938 -36.6 19.8595
      vertex -19.5227 -35.6 19.8926
    endloop
  endfacet
  facet normal -0.753281 0 -0.657699
    outer loop
      vertex -19.5227 -36.6 19.8926
      vertex -19.5227 -35.6 19.8926
      vertex -19.4938 -36.6 19.8595
    endloop
  endfacet
  facet normal -0.779529 -0 -0.626366
    outer loop
      vertex -19.4664 -35.6 19.8254
      vertex -19.4664 -36.6 19.8254
      vertex -19.4938 -35.6 19.8595
    endloop
  endfacet
  facet normal -0.779529 0 -0.626366
    outer loop
      vertex -19.4938 -36.6 19.8595
      vertex -19.4938 -35.6 19.8595
      vertex -19.4664 -36.6 19.8254
    endloop
  endfacet
  facet normal -0.803557 -0 -0.595228
    outer loop
      vertex -19.4404 -35.6 19.7903
      vertex -19.4404 -36.6 19.7903
      vertex -19.4664 -35.6 19.8254
    endloop
  endfacet
  facet normal -0.803557 0 -0.595228
    outer loop
      vertex -19.4664 -36.6 19.8254
      vertex -19.4664 -35.6 19.8254
      vertex -19.4404 -36.6 19.7903
    endloop
  endfacet
  facet normal -0.827438 -0 -0.561557
    outer loop
      vertex -19.4159 -35.6 19.7542
      vertex -19.4159 -36.6 19.7542
      vertex -19.4404 -35.6 19.7903
    endloop
  endfacet
  facet normal -0.827438 0 -0.561557
    outer loop
      vertex -19.4404 -36.6 19.7903
      vertex -19.4404 -35.6 19.7903
      vertex -19.4159 -36.6 19.7542
    endloop
  endfacet
  facet normal -0.849923 -0 -0.526907
    outer loop
      vertex -19.3929 -35.6 19.7171
      vertex -19.3929 -36.6 19.7171
      vertex -19.4159 -35.6 19.7542
    endloop
  endfacet
  facet normal -0.849923 0 -0.526907
    outer loop
      vertex -19.4159 -36.6 19.7542
      vertex -19.4159 -35.6 19.7542
      vertex -19.3929 -36.6 19.7171
    endloop
  endfacet
  facet normal -0.871454 -0 -0.490478
    outer loop
      vertex -19.3714 -35.6 19.6789
      vertex -19.3714 -36.6 19.6789
      vertex -19.3929 -35.6 19.7171
    endloop
  endfacet
  facet normal -0.871454 0 -0.490478
    outer loop
      vertex -19.3929 -36.6 19.7171
      vertex -19.3929 -35.6 19.7171
      vertex -19.3714 -36.6 19.6789
    endloop
  endfacet
  facet normal -0.890291 -0 -0.455392
    outer loop
      vertex -19.3514 -35.6 19.6398
      vertex -19.3514 -36.6 19.6398
      vertex -19.3714 -35.6 19.6789
    endloop
  endfacet
  facet normal -0.890291 0 -0.455392
    outer loop
      vertex -19.3714 -36.6 19.6789
      vertex -19.3714 -35.6 19.6789
      vertex -19.3514 -36.6 19.6398
    endloop
  endfacet
  facet normal -0.907163 -0 -0.420779
    outer loop
      vertex -19.3328 -35.6 19.5997
      vertex -19.3328 -36.6 19.5997
      vertex -19.3514 -35.6 19.6398
    endloop
  endfacet
  facet normal -0.907163 0 -0.420779
    outer loop
      vertex -19.3514 -36.6 19.6398
      vertex -19.3514 -35.6 19.6398
      vertex -19.3328 -36.6 19.5997
    endloop
  endfacet
  facet normal -0.924399 -0 -0.381427
    outer loop
      vertex -19.3158 -35.6 19.5585
      vertex -19.3158 -36.6 19.5585
      vertex -19.3328 -35.6 19.5997
    endloop
  endfacet
  facet normal -0.924399 0 -0.381427
    outer loop
      vertex -19.3328 -36.6 19.5997
      vertex -19.3328 -35.6 19.5997
      vertex -19.3158 -36.6 19.5585
    endloop
  endfacet
  facet normal -0.937695 -0 -0.347459
    outer loop
      vertex -19.3002 -35.6 19.5164
      vertex -19.3002 -36.6 19.5164
      vertex -19.3158 -35.6 19.5585
    endloop
  endfacet
  facet normal -0.937695 0 -0.347459
    outer loop
      vertex -19.3158 -36.6 19.5585
      vertex -19.3158 -35.6 19.5585
      vertex -19.3002 -36.6 19.5164
    endloop
  endfacet
  facet normal -0.950645 -0 -0.31028
    outer loop
      vertex -19.2861 -35.6 19.4732
      vertex -19.2861 -36.6 19.4732
      vertex -19.3002 -35.6 19.5164
    endloop
  endfacet
  facet normal -0.950645 0 -0.31028
    outer loop
      vertex -19.3002 -36.6 19.5164
      vertex -19.3002 -35.6 19.5164
      vertex -19.2861 -36.6 19.4732
    endloop
  endfacet
  facet normal -0.961688 -0 -0.274146
    outer loop
      vertex -19.2735 -35.6 19.429
      vertex -19.2735 -36.6 19.429
      vertex -19.2861 -35.6 19.4732
    endloop
  endfacet
  facet normal -0.961688 0 -0.274146
    outer loop
      vertex -19.2861 -36.6 19.4732
      vertex -19.2861 -35.6 19.4732
      vertex -19.2735 -36.6 19.429
    endloop
  endfacet
  facet normal -0.971145 -0 -0.238489
    outer loop
      vertex -19.2624 -35.6 19.3838
      vertex -19.2624 -36.6 19.3838
      vertex -19.2735 -35.6 19.429
    endloop
  endfacet
  facet normal -0.971145 0 -0.238489
    outer loop
      vertex -19.2735 -36.6 19.429
      vertex -19.2735 -35.6 19.429
      vertex -19.2624 -36.6 19.3838
    endloop
  endfacet
  facet normal -0.978662 -0 -0.205477
    outer loop
      vertex -19.2527 -35.6 19.3376
      vertex -19.2527 -36.6 19.3376
      vertex -19.2624 -35.6 19.3838
    endloop
  endfacet
  facet normal -0.978662 0 -0.205477
    outer loop
      vertex -19.2624 -36.6 19.3838
      vertex -19.2624 -35.6 19.3838
      vertex -19.2527 -36.6 19.3376
    endloop
  endfacet
  facet normal -0.985592 -0 -0.169138
    outer loop
      vertex -19.2446 -35.6 19.2904
      vertex -19.2446 -36.6 19.2904
      vertex -19.2527 -35.6 19.3376
    endloop
  endfacet
  facet normal -0.985592 0 -0.169138
    outer loop
      vertex -19.2527 -36.6 19.3376
      vertex -19.2527 -35.6 19.3376
      vertex -19.2446 -36.6 19.2904
    endloop
  endfacet
  facet normal -0.990477 -0 -0.13768
    outer loop
      vertex -19.2379 -35.6 19.2422
      vertex -19.2379 -36.6 19.2422
      vertex -19.2446 -35.6 19.2904
    endloop
  endfacet
  facet normal -0.990477 0 -0.13768
    outer loop
      vertex -19.2446 -36.6 19.2904
      vertex -19.2446 -35.6 19.2904
      vertex -19.2379 -36.6 19.2422
    endloop
  endfacet
  facet normal -0.994483 -0 -0.104895
    outer loop
      vertex -19.2327 -35.6 19.1929
      vertex -19.2327 -36.6 19.1929
      vertex -19.2379 -35.6 19.2422
    endloop
  endfacet
  facet normal -0.994483 0 -0.104895
    outer loop
      vertex -19.2379 -36.6 19.2422
      vertex -19.2379 -35.6 19.2422
      vertex -19.2327 -36.6 19.1929
    endloop
  endfacet
  facet normal -0.997295 -0 -0.0735058
    outer loop
      vertex -19.229 -35.6 19.1427
      vertex -19.229 -36.6 19.1427
      vertex -19.2327 -35.6 19.1929
    endloop
  endfacet
  facet normal -0.997295 0 -0.0735058
    outer loop
      vertex -19.2327 -36.6 19.1929
      vertex -19.2327 -35.6 19.1929
      vertex -19.229 -36.6 19.1427
    endloop
  endfacet
  facet normal -0.999082 -0 -0.0428456
    outer loop
      vertex -19.2268 -35.6 19.0914
      vertex -19.2268 -36.6 19.0914
      vertex -19.229 -35.6 19.1427
    endloop
  endfacet
  facet normal -0.999082 0 -0.0428456
    outer loop
      vertex -19.229 -36.6 19.1427
      vertex -19.229 -35.6 19.1427
      vertex -19.2268 -36.6 19.0914
    endloop
  endfacet
  facet normal -0.999883 -0 -0.0152946
    outer loop
      vertex -19.226 -35.6 19.0391
      vertex -19.226 -36.6 19.0391
      vertex -19.2268 -35.6 19.0914
    endloop
  endfacet
  facet normal -0.999883 0 -0.0152946
    outer loop
      vertex -19.2268 -36.6 19.0914
      vertex -19.2268 -35.6 19.0914
      vertex -19.226 -36.6 19.0391
    endloop
  endfacet
  facet normal -0.999883 0 0.0153239
    outer loop
      vertex -19.2268 -35.6 18.9869
      vertex -19.2268 -36.6 18.9869
      vertex -19.226 -35.6 19.0391
    endloop
  endfacet
  facet normal -0.999883 0 0.0153239
    outer loop
      vertex -19.226 -36.6 19.0391
      vertex -19.226 -35.6 19.0391
      vertex -19.2268 -36.6 18.9869
    endloop
  endfacet
  facet normal -0.999082 0 0.0428456
    outer loop
      vertex -19.229 -35.6 18.9356
      vertex -19.229 -36.6 18.9356
      vertex -19.2268 -35.6 18.9869
    endloop
  endfacet
  facet normal -0.999082 0 0.0428456
    outer loop
      vertex -19.2268 -36.6 18.9869
      vertex -19.2268 -35.6 18.9869
      vertex -19.229 -36.6 18.9356
    endloop
  endfacet
  facet normal -0.997295 0 0.0735058
    outer loop
      vertex -19.2327 -35.6 18.8854
      vertex -19.2327 -36.6 18.8854
      vertex -19.229 -35.6 18.9356
    endloop
  endfacet
  facet normal -0.997295 0 0.0735058
    outer loop
      vertex -19.229 -36.6 18.9356
      vertex -19.229 -35.6 18.9356
      vertex -19.2327 -36.6 18.8854
    endloop
  endfacet
  facet normal -0.994483 0 0.104895
    outer loop
      vertex -19.2379 -35.6 18.8361
      vertex -19.2379 -36.6 18.8361
      vertex -19.2327 -35.6 18.8854
    endloop
  endfacet
  facet normal -0.994483 0 0.104895
    outer loop
      vertex -19.2327 -36.6 18.8854
      vertex -19.2327 -35.6 18.8854
      vertex -19.2379 -36.6 18.8361
    endloop
  endfacet
  facet normal -0.990477 0 0.13768
    outer loop
      vertex -19.2446 -35.6 18.7879
      vertex -19.2446 -36.6 18.7879
      vertex -19.2379 -35.6 18.8361
    endloop
  endfacet
  facet normal -0.990477 0 0.13768
    outer loop
      vertex -19.2379 -36.6 18.8361
      vertex -19.2379 -35.6 18.8361
      vertex -19.2446 -36.6 18.7879
    endloop
  endfacet
  facet normal -0.985592 0 0.169138
    outer loop
      vertex -19.2527 -35.6 18.7407
      vertex -19.2527 -36.6 18.7407
      vertex -19.2446 -35.6 18.7879
    endloop
  endfacet
  facet normal -0.985592 0 0.169138
    outer loop
      vertex -19.2446 -36.6 18.7879
      vertex -19.2446 -35.6 18.7879
      vertex -19.2527 -36.6 18.7407
    endloop
  endfacet
  facet normal -0.978662 0 0.205477
    outer loop
      vertex -19.2624 -35.6 18.6945
      vertex -19.2624 -36.6 18.6945
      vertex -19.2527 -35.6 18.7407
    endloop
  endfacet
  facet normal -0.978662 0 0.205477
    outer loop
      vertex -19.2527 -36.6 18.7407
      vertex -19.2527 -35.6 18.7407
      vertex -19.2624 -36.6 18.6945
    endloop
  endfacet
  facet normal -0.971267 0 0.237993
    outer loop
      vertex -19.2735 -35.6 18.6492
      vertex -19.2735 -36.6 18.6492
      vertex -19.2624 -35.6 18.6945
    endloop
  endfacet
  facet normal -0.971267 0 0.237993
    outer loop
      vertex -19.2624 -36.6 18.6945
      vertex -19.2624 -35.6 18.6945
      vertex -19.2735 -36.6 18.6492
    endloop
  endfacet
  facet normal -0.961524 0 0.274721
    outer loop
      vertex -19.2861 -35.6 18.6051
      vertex -19.2861 -36.6 18.6051
      vertex -19.2735 -35.6 18.6492
    endloop
  endfacet
  facet normal -0.961524 0 0.274721
    outer loop
      vertex -19.2735 -36.6 18.6492
      vertex -19.2735 -35.6 18.6492
      vertex -19.2861 -36.6 18.6051
    endloop
  endfacet
  facet normal -0.950645 0 0.31028
    outer loop
      vertex -19.3002 -35.6 18.5619
      vertex -19.3002 -36.6 18.5619
      vertex -19.2861 -35.6 18.6051
    endloop
  endfacet
  facet normal -0.950645 0 0.31028
    outer loop
      vertex -19.2861 -36.6 18.6051
      vertex -19.2861 -35.6 18.6051
      vertex -19.3002 -36.6 18.5619
    endloop
  endfacet
  facet normal -0.937963 0 0.346735
    outer loop
      vertex -19.3158 -35.6 18.5197
      vertex -19.3158 -36.6 18.5197
      vertex -19.3002 -35.6 18.5619
    endloop
  endfacet
  facet normal -0.937963 0 0.346735
    outer loop
      vertex -19.3002 -36.6 18.5619
      vertex -19.3002 -35.6 18.5619
      vertex -19.3158 -36.6 18.5197
    endloop
  endfacet
  facet normal -0.924399 0 0.381427
    outer loop
      vertex -19.3328 -35.6 18.4785
      vertex -19.3328 -36.6 18.4785
      vertex -19.3158 -35.6 18.5197
    endloop
  endfacet
  facet normal -0.924399 0 0.381427
    outer loop
      vertex -19.3158 -36.6 18.5197
      vertex -19.3158 -35.6 18.5197
      vertex -19.3328 -36.6 18.4785
    endloop
  endfacet
  facet normal -0.907163 0 0.420779
    outer loop
      vertex -19.3514 -35.6 18.4384
      vertex -19.3514 -36.6 18.4384
      vertex -19.3328 -35.6 18.4785
    endloop
  endfacet
  facet normal -0.907163 0 0.420779
    outer loop
      vertex -19.3328 -36.6 18.4785
      vertex -19.3328 -35.6 18.4785
      vertex -19.3514 -36.6 18.4384
    endloop
  endfacet
  facet normal -0.890291 0 0.455392
    outer loop
      vertex -19.3714 -35.6 18.3993
      vertex -19.3714 -36.6 18.3993
      vertex -19.3514 -35.6 18.4384
    endloop
  endfacet
  facet normal -0.890291 0 0.455392
    outer loop
      vertex -19.3514 -36.6 18.4384
      vertex -19.3514 -35.6 18.4384
      vertex -19.3714 -36.6 18.3993
    endloop
  endfacet
  facet normal -0.871454 0 0.490478
    outer loop
      vertex -19.3929 -35.6 18.3611
      vertex -19.3929 -36.6 18.3611
      vertex -19.3714 -35.6 18.3993
    endloop
  endfacet
  facet normal -0.871454 0 0.490478
    outer loop
      vertex -19.3714 -36.6 18.3993
      vertex -19.3714 -35.6 18.3993
      vertex -19.3929 -36.6 18.3611
    endloop
  endfacet
  facet normal -0.849923 0 0.526907
    outer loop
      vertex -19.4159 -35.6 18.324
      vertex -19.4159 -36.6 18.324
      vertex -19.3929 -35.6 18.3611
    endloop
  endfacet
  facet normal -0.849923 0 0.526907
    outer loop
      vertex -19.3929 -36.6 18.3611
      vertex -19.3929 -35.6 18.3611
      vertex -19.4159 -36.6 18.324
    endloop
  endfacet
  facet normal -0.827438 0 0.561557
    outer loop
      vertex -19.4404 -35.6 18.2879
      vertex -19.4404 -36.6 18.2879
      vertex -19.4159 -35.6 18.324
    endloop
  endfacet
  facet normal -0.827438 0 0.561557
    outer loop
      vertex -19.4159 -36.6 18.324
      vertex -19.4159 -35.6 18.324
      vertex -19.4404 -36.6 18.2879
    endloop
  endfacet
  facet normal -0.803557 0 0.595228
    outer loop
      vertex -19.4664 -35.6 18.2528
      vertex -19.4664 -36.6 18.2528
      vertex -19.4404 -35.6 18.2879
    endloop
  endfacet
  facet normal -0.803557 0 0.595228
    outer loop
      vertex -19.4404 -36.6 18.2879
      vertex -19.4404 -35.6 18.2879
      vertex -19.4664 -36.6 18.2528
    endloop
  endfacet
  facet normal -0.779529 0 0.626366
    outer loop
      vertex -19.4938 -35.6 18.2187
      vertex -19.4938 -36.6 18.2187
      vertex -19.4664 -35.6 18.2528
    endloop
  endfacet
  facet normal -0.779529 0 0.626366
    outer loop
      vertex -19.4664 -36.6 18.2528
      vertex -19.4664 -35.6 18.2528
      vertex -19.4938 -36.6 18.2187
    endloop
  endfacet
  facet normal -0.753281 0 0.657699
    outer loop
      vertex -19.5227 -35.6 18.1856
      vertex -19.5227 -36.6 18.1856
      vertex -19.4938 -35.6 18.2187
    endloop
  endfacet
  facet normal -0.753281 0 0.657699
    outer loop
      vertex -19.4938 -36.6 18.2187
      vertex -19.4938 -35.6 18.2187
      vertex -19.5227 -36.6 18.1856
    endloop
  endfacet
  facet normal -0.723869 0 0.689938
    outer loop
      vertex -19.5532 -35.6 18.1536
      vertex -19.5532 -36.6 18.1536
      vertex -19.5227 -35.6 18.1856
    endloop
  endfacet
  facet normal -0.723869 0 0.689938
    outer loop
      vertex -19.5227 -36.6 18.1856
      vertex -19.5227 -35.6 18.1856
      vertex -19.5532 -36.6 18.1536
    endloop
  endfacet
  facet normal -0.698071 0 0.716028
    outer loop
      vertex -19.5851 -35.6 18.1225
      vertex -19.5851 -36.6 18.1225
      vertex -19.5532 -35.6 18.1536
    endloop
  endfacet
  facet normal -0.698071 0 0.716028
    outer loop
      vertex -19.5532 -36.6 18.1536
      vertex -19.5532 -35.6 18.1536
      vertex -19.5851 -36.6 18.1225
    endloop
  endfacet
  facet normal -0.665749 0 0.746175
    outer loop
      vertex -19.6185 -35.6 18.0927
      vertex -19.6185 -36.6 18.0927
      vertex -19.5851 -35.6 18.1225
    endloop
  endfacet
  facet normal -0.665749 0 0.746175
    outer loop
      vertex -19.5851 -36.6 18.1225
      vertex -19.5851 -35.6 18.1225
      vertex -19.6185 -36.6 18.0927
    endloop
  endfacet
  facet normal -0.631426 0 0.775436
    outer loop
      vertex -19.6535 -35.6 18.0642
      vertex -19.6535 -36.6 18.0642
      vertex -19.6185 -35.6 18.0927
    endloop
  endfacet
  facet normal -0.631426 0 0.775436
    outer loop
      vertex -19.6185 -36.6 18.0927
      vertex -19.6185 -35.6 18.0927
      vertex -19.6535 -36.6 18.0642
    endloop
  endfacet
  facet normal -0.594021 0 0.804449
    outer loop
      vertex -19.6902 -35.6 18.0371
      vertex -19.6902 -36.6 18.0371
      vertex -19.6535 -35.6 18.0642
    endloop
  endfacet
  facet normal -0.594021 0 0.804449
    outer loop
      vertex -19.6535 -36.6 18.0642
      vertex -19.6535 -35.6 18.0642
      vertex -19.6902 -36.6 18.0371
    endloop
  endfacet
  facet normal -0.557199 0 0.830379
    outer loop
      vertex -19.7285 -35.6 18.0114
      vertex -19.7285 -36.6 18.0114
      vertex -19.6902 -35.6 18.0371
    endloop
  endfacet
  facet normal -0.557199 0 0.830379
    outer loop
      vertex -19.6902 -36.6 18.0371
      vertex -19.6902 -35.6 18.0371
      vertex -19.7285 -36.6 18.0114
    endloop
  endfacet
  facet normal -0.521103 0 0.853494
    outer loop
      vertex -19.7683 -35.6 17.9871
      vertex -19.7683 -36.6 17.9871
      vertex -19.7285 -35.6 18.0114
    endloop
  endfacet
  facet normal -0.521103 0 0.853494
    outer loop
      vertex -19.7285 -36.6 18.0114
      vertex -19.7285 -35.6 18.0114
      vertex -19.7683 -36.6 17.9871
    endloop
  endfacet
  facet normal -0.483133 0 0.875547
    outer loop
      vertex -19.8098 -35.6 17.9642
      vertex -19.8098 -36.6 17.9642
      vertex -19.7683 -35.6 17.9871
    endloop
  endfacet
  facet normal -0.483133 0 0.875547
    outer loop
      vertex -19.7683 -36.6 17.9871
      vertex -19.7683 -35.6 17.9871
      vertex -19.8098 -36.6 17.9642
    endloop
  endfacet
  facet normal -0.446383 0 0.894842
    outer loop
      vertex -19.8529 -35.6 17.9427
      vertex -19.8529 -36.6 17.9427
      vertex -19.8098 -35.6 17.9642
    endloop
  endfacet
  facet normal -0.446383 0 0.894842
    outer loop
      vertex -19.8098 -36.6 17.9642
      vertex -19.8098 -35.6 17.9642
      vertex -19.8529 -36.6 17.9427
    endloop
  endfacet
  facet normal -0.41011 0 0.912036
    outer loop
      vertex -19.8976 -35.6 17.9226
      vertex -19.8976 -36.6 17.9226
      vertex -19.8529 -35.6 17.9427
    endloop
  endfacet
  facet normal -0.41011 0 0.912036
    outer loop
      vertex -19.8529 -36.6 17.9427
      vertex -19.8529 -35.6 17.9427
      vertex -19.8976 -36.6 17.9226
    endloop
  endfacet
  facet normal -0.376216 0 0.926532
    outer loop
      vertex -19.9439 -35.6 17.9038
      vertex -19.9439 -36.6 17.9038
      vertex -19.8976 -35.6 17.9226
    endloop
  endfacet
  facet normal -0.376216 0 0.926532
    outer loop
      vertex -19.8976 -36.6 17.9226
      vertex -19.8976 -35.6 17.9226
      vertex -19.9439 -36.6 17.9038
    endloop
  endfacet
  facet normal -0.339066 0 0.940762
    outer loop
      vertex -19.9919 -35.6 17.8865
      vertex -19.9919 -36.6 17.8865
      vertex -19.9439 -35.6 17.9038
    endloop
  endfacet
  facet normal -0.339066 0 0.940762
    outer loop
      vertex -19.9439 -36.6 17.9038
      vertex -19.9439 -35.6 17.9038
      vertex -19.9919 -36.6 17.8865
    endloop
  endfacet
  facet normal -0.307564 0 0.951527
    outer loop
      vertex -20.0414 -35.6 17.8705
      vertex -20.0414 -36.6 17.8705
      vertex -19.9919 -35.6 17.8865
    endloop
  endfacet
  facet normal -0.307564 0 0.951527
    outer loop
      vertex -19.9919 -36.6 17.8865
      vertex -19.9919 -35.6 17.8865
      vertex -20.0414 -36.6 17.8705
    endloop
  endfacet
  facet normal -0.274721 0 0.961524
    outer loop
      vertex -20.0925 -35.6 17.8559
      vertex -20.0925 -36.6 17.8559
      vertex -20.0414 -35.6 17.8705
    endloop
  endfacet
  facet normal -0.274721 0 0.961524
    outer loop
      vertex -20.0414 -36.6 17.8705
      vertex -20.0414 -35.6 17.8705
      vertex -20.0925 -36.6 17.8559
    endloop
  endfacet
  facet normal -0.242536 0 0.970143
    outer loop
      vertex -20.1453 -35.6 17.8427
      vertex -20.1453 -36.6 17.8427
      vertex -20.0925 -35.6 17.8559
    endloop
  endfacet
  facet normal -0.242536 0 0.970143
    outer loop
      vertex -20.0925 -36.6 17.8559
      vertex -20.0925 -35.6 17.8559
      vertex -20.1453 -36.6 17.8427
    endloop
  endfacet
  facet normal -0.212355 0 0.977193
    outer loop
      vertex -20.1996 -35.6 17.8309
      vertex -20.1996 -36.6 17.8309
      vertex -20.1453 -35.6 17.8427
    endloop
  endfacet
  facet normal -0.212355 0 0.977193
    outer loop
      vertex -20.1453 -36.6 17.8427
      vertex -20.1453 -35.6 17.8427
      vertex -20.1996 -36.6 17.8309
    endloop
  endfacet
  facet normal -0.182592 0 0.983189
    outer loop
      vertex -20.2556 -35.6 17.8205
      vertex -20.2556 -36.6 17.8205
      vertex -20.1996 -35.6 17.8309
    endloop
  endfacet
  facet normal -0.182592 0 0.983189
    outer loop
      vertex -20.1996 -36.6 17.8309
      vertex -20.1996 -35.6 17.8309
      vertex -20.2556 -36.6 17.8205
    endloop
  endfacet
  facet normal -0.154377 0 0.988012
    outer loop
      vertex -20.3132 -35.6 17.8115
      vertex -20.3132 -36.6 17.8115
      vertex -20.2556 -35.6 17.8205
    endloop
  endfacet
  facet normal -0.154377 0 0.988012
    outer loop
      vertex -20.2556 -36.6 17.8205
      vertex -20.2556 -35.6 17.8205
      vertex -20.3132 -36.6 17.8115
    endloop
  endfacet
  facet normal -0.128981 0 0.991647
    outer loop
      vertex -20.3724 -35.6 17.8038
      vertex -20.3724 -36.6 17.8038
      vertex -20.3132 -35.6 17.8115
    endloop
  endfacet
  facet normal -0.128981 0 0.991647
    outer loop
      vertex -20.3132 -36.6 17.8115
      vertex -20.3132 -35.6 17.8115
      vertex -20.3724 -36.6 17.8038
    endloop
  endfacet
  facet normal -0.101448 0 0.994841
    outer loop
      vertex -20.4332 -35.6 17.7976
      vertex -20.4332 -36.6 17.7976
      vertex -20.3724 -35.6 17.8038
    endloop
  endfacet
  facet normal -0.101448 0 0.994841
    outer loop
      vertex -20.3724 -36.6 17.8038
      vertex -20.3724 -35.6 17.8038
      vertex -20.4332 -36.6 17.7976
    endloop
  endfacet
  facet normal -0.0782846 0 0.996931
    outer loop
      vertex -20.4956 -35.6 17.7927
      vertex -20.4956 -36.6 17.7927
      vertex -20.4332 -35.6 17.7976
    endloop
  endfacet
  facet normal -0.0782846 0 0.996931
    outer loop
      vertex -20.4332 -36.6 17.7976
      vertex -20.4332 -35.6 17.7976
      vertex -20.4956 -36.6 17.7927
    endloop
  endfacet
  facet normal -0.0530502 0 0.998592
    outer loop
      vertex -20.5596 -35.6 17.7893
      vertex -20.5596 -36.6 17.7893
      vertex -20.4956 -35.6 17.7927
    endloop
  endfacet
  facet normal -0.0530502 0 0.998592
    outer loop
      vertex -20.4956 -36.6 17.7927
      vertex -20.4956 -35.6 17.7927
      vertex -20.5596 -36.6 17.7893
    endloop
  endfacet
  facet normal -0.0319472 0 0.99949
    outer loop
      vertex -20.6253 -35.6 17.7872
      vertex -20.6253 -36.6 17.7872
      vertex -20.5596 -35.6 17.7893
    endloop
  endfacet
  facet normal -0.0319472 0 0.99949
    outer loop
      vertex -20.5596 -36.6 17.7893
      vertex -20.5596 -35.6 17.7893
      vertex -20.6253 -36.6 17.7872
    endloop
  endfacet
  facet normal -0.0104161 0 0.999946
    outer loop
      vertex -20.6925 -35.6 17.7865
      vertex -20.6925 -36.6 17.7865
      vertex -20.6253 -35.6 17.7872
    endloop
  endfacet
  facet normal -0.0104161 0 0.999946
    outer loop
      vertex -20.6253 -36.6 17.7872
      vertex -20.6253 -35.6 17.7872
      vertex -20.6925 -36.6 17.7865
    endloop
  endfacet
  facet normal -0 0 1
    outer loop
      vertex -22.0064 -35.6 17.7865
      vertex -22.0064 -36.6 17.7865
      vertex -20.6925 -35.6 17.7865
    endloop
  endfacet
  facet normal 0 -0 1
    outer loop
      vertex -20.6925 -36.6 17.7865
      vertex -20.6925 -35.6 17.7865
      vertex -22.0064 -36.6 17.7865
    endloop
  endfacet
  facet normal 1 0 0
    outer loop
      vertex -22.0064 -35.6 20.2918
      vertex -22.0064 -36.6 20.2918
      vertex -22.0064 -35.6 17.7865
    endloop
  endfacet
  facet normal 1 0 0
    outer loop
      vertex -22.0064 -36.6 17.7865
      vertex -22.0064 -35.6 17.7865
      vertex -22.0064 -36.6 20.2918
    endloop
  endfacet
  facet normal -0 0 -1
    outer loop
      vertex -7.90903 -35.6 14.2422
      vertex -11.976 -36.6 14.2422
      vertex -11.976 -35.6 14.2422
    endloop
  endfacet
  facet normal 0 -0 -1
    outer loop
      vertex -7.90903 -35.6 14.2422
      vertex -7.90903 -36.6 14.2422
      vertex -11.976 -36.6 14.2422
    endloop
  endfacet
  facet normal -0.933431 0 -0.358758
    outer loop
      vertex -7.19269 -35.6 12.3784
      vertex -7.90903 -36.6 14.2422
      vertex -7.90903 -35.6 14.2422
    endloop
  endfacet
  facet normal -0.933431 -0 -0.358758
    outer loop
      vertex -7.19269 -35.6 12.3784
      vertex -7.19269 -36.6 12.3784
      vertex -7.90903 -36.6 14.2422
    endloop
  endfacet
  facet normal -0 0 -1
    outer loop
      vertex -3.46512 -35.6 12.3784
      vertex -7.19269 -36.6 12.3784
      vertex -7.19269 -35.6 12.3784
    endloop
  endfacet
  facet normal 0 -0 -1
    outer loop
      vertex -3.46512 -35.6 12.3784
      vertex -3.46512 -36.6 12.3784
      vertex -7.19269 -36.6 12.3784
    endloop
  endfacet
  facet normal 0.916279 0 0.400541
    outer loop
      vertex -8.13979 -35.6 23.0722
      vertex -3.46512 -36.6 12.3784
      vertex -3.46512 -35.6 12.3784
    endloop
  endfacet
  facet normal 0.916279 0 0.400541
    outer loop
      vertex -8.13979 -35.6 23.0722
      vertex -8.13979 -36.6 23.0722
      vertex -3.46512 -36.6 12.3784
    endloop
  endfacet
  facet normal -0 0 1
    outer loop
      vertex -11.684 -35.6 23.0722
      vertex -8.13979 -36.6 23.0722
      vertex -8.13979 -35.6 23.0722
    endloop
  endfacet
  facet normal 0 0 1
    outer loop
      vertex -11.684 -35.6 23.0722
      vertex -11.684 -36.6 23.0722
      vertex -8.13979 -36.6 23.0722
    endloop
  endfacet
  facet normal -0.916275 0 0.40055
    outer loop
      vertex -16.3588 -35.6 12.3784
      vertex -11.684 -36.6 23.0722
      vertex -11.684 -35.6 23.0722
    endloop
  endfacet
  facet normal -0.916275 0 0.40055
    outer loop
      vertex -16.3588 -35.6 12.3784
      vertex -16.3588 -36.6 12.3784
      vertex -11.684 -36.6 23.0722
    endloop
  endfacet
  facet normal -0 0 -1
    outer loop
      vertex -12.6924 -35.6 12.3784
      vertex -16.3588 -36.6 12.3784
      vertex -16.3588 -35.6 12.3784
    endloop
  endfacet
  facet normal 0 -0 -1
    outer loop
      vertex -12.6924 -35.6 12.3784
      vertex -12.6924 -36.6 12.3784
      vertex -16.3588 -36.6 12.3784
    endloop
  endfacet
  facet normal 0.93342 0 -0.358784
    outer loop
      vertex -11.976 -35.6 14.2422
      vertex -12.6924 -36.6 12.3784
      vertex -12.6924 -35.6 12.3784
    endloop
  endfacet
  facet normal 0.93342 0 -0.358784
    outer loop
      vertex -11.976 -35.6 14.2422
      vertex -11.976 -36.6 14.2422
      vertex -12.6924 -36.6 12.3784
    endloop
  endfacet
  facet normal 0.933425 0 -0.358773
    outer loop
      vertex -9.94252 -35.6 19.5328
      vertex -9.94252 -36.6 19.5328
      vertex -10.9778 -35.6 16.8393
    endloop
  endfacet
  facet normal 0.933425 0 -0.358773
    outer loop
      vertex -10.9778 -36.6 16.8393
      vertex -10.9778 -35.6 16.8393
      vertex -9.94252 -36.6 19.5328
    endloop
  endfacet
  facet normal -0.933425 -0 -0.358773
    outer loop
      vertex -8.90724 -35.6 16.8393
      vertex -8.90724 -36.6 16.8393
      vertex -9.94252 -35.6 19.5328
    endloop
  endfacet
  facet normal -0.933425 0 -0.358773
    outer loop
      vertex -9.94252 -36.6 19.5328
      vertex -9.94252 -35.6 19.5328
      vertex -8.90724 -36.6 16.8393
    endloop
  endfacet
  facet normal -0 0 1
    outer loop
      vertex -10.9778 -35.6 16.8393
      vertex -10.9778 -36.6 16.8393
      vertex -8.90724 -35.6 16.8393
    endloop
  endfacet
  facet normal 0 -0 1
    outer loop
      vertex -8.90724 -36.6 16.8393
      vertex -8.90724 -35.6 16.8393
      vertex -10.9778 -36.6 16.8393
    endloop
  endfacet
  facet normal -0 0 -1
    outer loop
      vertex 1.41504 -35.6 15.0672
      vertex 0.432968 -36.6 15.0672
      vertex 0.432968 -35.6 15.0672
    endloop
  endfacet
  facet normal 0 -0 -1
    outer loop
      vertex 1.41504 -35.6 15.0672
      vertex 1.41504 -36.6 15.0672
      vertex 0.432968 -36.6 15.0672
    endloop
  endfacet
  facet normal -0.829043 0 -0.559185
    outer loop
      vertex 3.22862 -35.6 12.3784
      vertex 1.41504 -36.6 15.0672
      vertex 1.41504 -35.6 15.0672
    endloop
  endfacet
  facet normal -0.829043 -0 -0.559185
    outer loop
      vertex 3.22862 -35.6 12.3784
      vertex 3.22862 -36.6 12.3784
      vertex 1.41504 -36.6 15.0672
    endloop
  endfacet
  facet normal -0 0 -1
    outer loop
      vertex 7.0784 -35.6 12.3784
      vertex 3.22862 -36.6 12.3784
      vertex 3.22862 -35.6 12.3784
    endloop
  endfacet
  facet normal 0 -0 -1
    outer loop
      vertex 7.0784 -35.6 12.3784
      vertex 7.0784 -36.6 12.3784
      vertex 3.22862 -36.6 12.3784
    endloop
  endfacet
  facet normal 0.826021 0 0.563639
    outer loop
      vertex 4.834 -35.6 15.6676
      vertex 7.0784 -36.6 12.3784
      vertex 7.0784 -35.6 12.3784
    endloop
  endfacet
  facet normal 0.826021 0 0.563639
    outer loop
      vertex 4.834 -35.6 15.6676
      vertex 4.834 -36.6 15.6676
      vertex 7.0784 -36.6 12.3784
    endloop
  endfacet
  facet normal 0.450781 0 -0.892635
    outer loop
      vertex 4.854 -35.6 15.6777
      vertex 4.834 -36.6 15.6676
      vertex 4.834 -35.6 15.6676
    endloop
  endfacet
  facet normal 0.450781 0 -0.892635
    outer loop
      vertex 4.854 -35.6 15.6777
      vertex 4.854 -36.6 15.6777
      vertex 4.834 -36.6 15.6676
    endloop
  endfacet
  facet normal 0.47036 0 -0.882475
    outer loop
      vertex 4.94612 -35.6 15.7268
      vertex 4.854 -36.6 15.6777
      vertex 4.854 -35.6 15.6777
    endloop
  endfacet
  facet normal 0.47036 0 -0.882475
    outer loop
      vertex 4.94612 -35.6 15.7268
      vertex 4.94612 -36.6 15.7268
      vertex 4.854 -36.6 15.6777
    endloop
  endfacet
  facet normal 0.49199 0 -0.870601
    outer loop
      vertex 5.03619 -35.6 15.7777
      vertex 4.94612 -36.6 15.7268
      vertex 4.94612 -35.6 15.7268
    endloop
  endfacet
  facet normal 0.49199 0 -0.870601
    outer loop
      vertex 5.03619 -35.6 15.7777
      vertex 5.03619 -36.6 15.7777
      vertex 4.94612 -36.6 15.7268
    endloop
  endfacet
  facet normal 0.512975 0 -0.858404
    outer loop
      vertex 5.12421 -35.6 15.8303
      vertex 5.03619 -36.6 15.7777
      vertex 5.03619 -35.6 15.7777
    endloop
  endfacet
  facet normal 0.512975 0 -0.858404
    outer loop
      vertex 5.12421 -35.6 15.8303
      vertex 5.12421 -36.6 15.8303
      vertex 5.03619 -36.6 15.7777
    endloop
  endfacet
  facet normal 0.53406 0 -0.845447
    outer loop
      vertex 5.21017 -35.6 15.8846
      vertex 5.12421 -36.6 15.8303
      vertex 5.12421 -35.6 15.8303
    endloop
  endfacet
  facet normal 0.53406 0 -0.845447
    outer loop
      vertex 5.21017 -35.6 15.8846
      vertex 5.21017 -36.6 15.8846
      vertex 5.12421 -36.6 15.8303
    endloop
  endfacet
  facet normal 0.555797 0 -0.831318
    outer loop
      vertex 5.29408 -35.6 15.9407
      vertex 5.21017 -36.6 15.8846
      vertex 5.21017 -35.6 15.8846
    endloop
  endfacet
  facet normal 0.555797 0 -0.831318
    outer loop
      vertex 5.29408 -35.6 15.9407
      vertex 5.29408 -36.6 15.9407
      vertex 5.21017 -36.6 15.8846
    endloop
  endfacet
  facet normal 0.576746 0 -0.816924
    outer loop
      vertex 5.37595 -35.6 15.9985
      vertex 5.29408 -36.6 15.9407
      vertex 5.29408 -35.6 15.9407
    endloop
  endfacet
  facet normal 0.576746 0 -0.816924
    outer loop
      vertex 5.37595 -35.6 15.9985
      vertex 5.37595 -36.6 15.9985
      vertex 5.29408 -36.6 15.9407
    endloop
  endfacet
  facet normal 0.597747 0 -0.801685
    outer loop
      vertex 5.45575 -35.6 16.058
      vertex 5.37595 -36.6 15.9985
      vertex 5.37595 -35.6 15.9985
    endloop
  endfacet
  facet normal 0.597747 0 -0.801685
    outer loop
      vertex 5.45575 -35.6 16.058
      vertex 5.45575 -36.6 16.058
      vertex 5.37595 -36.6 15.9985
    endloop
  endfacet
  facet normal 0.619087 0 -0.785322
    outer loop
      vertex 5.53351 -35.6 16.1193
      vertex 5.45575 -36.6 16.058
      vertex 5.45575 -35.6 16.058
    endloop
  endfacet
  facet normal 0.619087 0 -0.785322
    outer loop
      vertex 5.53351 -35.6 16.1193
      vertex 5.53351 -36.6 16.1193
      vertex 5.45575 -36.6 16.058
    endloop
  endfacet
  facet normal 0.639685 0 -0.768637
    outer loop
      vertex 5.60921 -35.6 16.1823
      vertex 5.53351 -36.6 16.1193
      vertex 5.53351 -35.6 16.1193
    endloop
  endfacet
  facet normal 0.639685 0 -0.768637
    outer loop
      vertex 5.60921 -35.6 16.1823
      vertex 5.60921 -36.6 16.1823
      vertex 5.53351 -36.6 16.1193
    endloop
  endfacet
  facet normal 0.660559 0 -0.750774
    outer loop
      vertex 5.68286 -35.6 16.2471
      vertex 5.60921 -36.6 16.1823
      vertex 5.60921 -35.6 16.1823
    endloop
  endfacet
  facet normal 0.660559 0 -0.750774
    outer loop
      vertex 5.68286 -35.6 16.2471
      vertex 5.68286 -36.6 16.2471
      vertex 5.60921 -36.6 16.1823
    endloop
  endfacet
  facet normal 0.67998 0 -0.733231
    outer loop
      vertex 5.75446 -35.6 16.3135
      vertex 5.68286 -36.6 16.2471
      vertex 5.68286 -35.6 16.2471
    endloop
  endfacet
  facet normal 0.67998 0 -0.733231
    outer loop
      vertex 5.75446 -35.6 16.3135
      vertex 5.75446 -36.6 16.3135
      vertex 5.68286 -36.6 16.2471
    endloop
  endfacet
  facet normal 0.700666 0 -0.713489
    outer loop
      vertex 5.82401 -35.6 16.3818
      vertex 5.75446 -36.6 16.3135
      vertex 5.75446 -35.6 16.3135
    endloop
  endfacet
  facet normal 0.700666 0 -0.713489
    outer loop
      vertex 5.82401 -35.6 16.3818
      vertex 5.82401 -36.6 16.3818
      vertex 5.75446 -36.6 16.3135
    endloop
  endfacet
  facet normal 0.719348 0 -0.69465
    outer loop
      vertex 5.89151 -35.6 16.4517
      vertex 5.82401 -36.6 16.3818
      vertex 5.82401 -35.6 16.3818
    endloop
  endfacet
  facet normal 0.719348 0 -0.69465
    outer loop
      vertex 5.89151 -35.6 16.4517
      vertex 5.89151 -36.6 16.4517
      vertex 5.82401 -36.6 16.3818
    endloop
  endfacet
  facet normal 0.738615 0 -0.674128
    outer loop
      vertex 5.95695 -35.6 16.5234
      vertex 5.89151 -36.6 16.4517
      vertex 5.89151 -35.6 16.4517
    endloop
  endfacet
  facet normal 0.738615 0 -0.674128
    outer loop
      vertex 5.95695 -35.6 16.5234
      vertex 5.95695 -36.6 16.5234
      vertex 5.89151 -36.6 16.4517
    endloop
  endfacet
  facet normal 0.756828 0 -0.653615
    outer loop
      vertex 6.02034 -35.6 16.5968
      vertex 5.95695 -36.6 16.5234
      vertex 5.95695 -35.6 16.5234
    endloop
  endfacet
  facet normal 0.756828 0 -0.653615
    outer loop
      vertex 6.02034 -35.6 16.5968
      vertex 6.02034 -36.6 16.5968
      vertex 5.95695 -36.6 16.5234
    endloop
  endfacet
  facet normal 0.774902 0 -0.632081
    outer loop
      vertex 6.08168 -35.6 16.672
      vertex 6.02034 -36.6 16.5968
      vertex 6.02034 -35.6 16.5968
    endloop
  endfacet
  facet normal 0.774902 0 -0.632081
    outer loop
      vertex 6.08168 -35.6 16.672
      vertex 6.08168 -36.6 16.672
      vertex 6.02034 -36.6 16.5968
    endloop
  endfacet
  facet normal 0.791896 0 -0.610656
    outer loop
      vertex 6.14098 -35.6 16.7489
      vertex 6.08168 -36.6 16.672
      vertex 6.08168 -35.6 16.672
    endloop
  endfacet
  facet normal 0.791896 0 -0.610656
    outer loop
      vertex 6.14098 -35.6 16.7489
      vertex 6.14098 -36.6 16.7489
      vertex 6.08168 -36.6 16.672
    endloop
  endfacet
  facet normal 0.808411 0 -0.588618
    outer loop
      vertex 6.19821 -35.6 16.8275
      vertex 6.14098 -36.6 16.7489
      vertex 6.14098 -35.6 16.7489
    endloop
  endfacet
  facet normal 0.808411 0 -0.588618
    outer loop
      vertex 6.19821 -35.6 16.8275
      vertex 6.19821 -36.6 16.8275
      vertex 6.14098 -36.6 16.7489
    endloop
  endfacet
  facet normal 0.824449 0 -0.565937
    outer loop
      vertex 6.2534 -35.6 16.9079
      vertex 6.19821 -36.6 16.8275
      vertex 6.19821 -35.6 16.8275
    endloop
  endfacet
  facet normal 0.824449 0 -0.565937
    outer loop
      vertex 6.2534 -35.6 16.9079
      vertex 6.2534 -36.6 16.9079
      vertex 6.19821 -36.6 16.8275
    endloop
  endfacet
  facet normal 0.840218 0 -0.542248
    outer loop
      vertex 6.30632 -35.6 16.9899
      vertex 6.2534 -36.6 16.9079
      vertex 6.2534 -35.6 16.9079
    endloop
  endfacet
  facet normal 0.840218 0 -0.542248
    outer loop
      vertex 6.30632 -35.6 16.9899
      vertex 6.30632 -36.6 16.9899
      vertex 6.2534 -36.6 16.9079
    endloop
  endfacet
  facet normal 0.855495 0 -0.517811
    outer loop
      vertex 6.3568 -35.6 17.0733
      vertex 6.30632 -36.6 16.9899
      vertex 6.30632 -35.6 16.9899
    endloop
  endfacet
  facet normal 0.855495 0 -0.517811
    outer loop
      vertex 6.3568 -35.6 17.0733
      vertex 6.3568 -36.6 17.0733
      vertex 6.30632 -36.6 16.9899
    endloop
  endfacet
  facet normal 0.870257 0 -0.492598
    outer loop
      vertex 6.4048 -35.6 17.1581
      vertex 6.3568 -36.6 17.0733
      vertex 6.3568 -35.6 17.0733
    endloop
  endfacet
  facet normal 0.870257 0 -0.492598
    outer loop
      vertex 6.4048 -35.6 17.1581
      vertex 6.4048 -36.6 17.1581
      vertex 6.3568 -36.6 17.0733
    endloop
  endfacet
  facet normal 0.884149 0 -0.467204
    outer loop
      vertex 6.45035 -35.6 17.2443
      vertex 6.4048 -36.6 17.1581
      vertex 6.4048 -35.6 17.1581
    endloop
  endfacet
  facet normal 0.884149 0 -0.467204
    outer loop
      vertex 6.45035 -35.6 17.2443
      vertex 6.45035 -36.6 17.2443
      vertex 6.4048 -36.6 17.1581
    endloop
  endfacet
  facet normal 0.897399 0 -0.441221
    outer loop
      vertex 6.49342 -35.6 17.3319
      vertex 6.45035 -36.6 17.2443
      vertex 6.45035 -35.6 17.2443
    endloop
  endfacet
  facet normal 0.897399 0 -0.441221
    outer loop
      vertex 6.49342 -35.6 17.3319
      vertex 6.49342 -36.6 17.3319
      vertex 6.45035 -36.6 17.2443
    endloop
  endfacet
  facet normal 0.909904 0 -0.414818
    outer loop
      vertex 6.53404 -35.6 17.421
      vertex 6.49342 -36.6 17.3319
      vertex 6.49342 -35.6 17.3319
    endloop
  endfacet
  facet normal 0.909904 0 -0.414818
    outer loop
      vertex 6.53404 -35.6 17.421
      vertex 6.53404 -36.6 17.421
      vertex 6.49342 -36.6 17.3319
    endloop
  endfacet
  facet normal 0.921436 0 -0.38853
    outer loop
      vertex 6.5722 -35.6 17.5115
      vertex 6.53404 -36.6 17.421
      vertex 6.53404 -35.6 17.421
    endloop
  endfacet
  facet normal 0.921436 0 -0.38853
    outer loop
      vertex 6.5722 -35.6 17.5115
      vertex 6.5722 -36.6 17.5115
      vertex 6.53404 -36.6 17.421
    endloop
  endfacet
  facet normal 0.932172 0 -0.362015
    outer loop
      vertex 6.60789 -35.6 17.6034
      vertex 6.5722 -36.6 17.5115
      vertex 6.5722 -35.6 17.5115
    endloop
  endfacet
  facet normal 0.932172 0 -0.362015
    outer loop
      vertex 6.60789 -35.6 17.6034
      vertex 6.60789 -36.6 17.6034
      vertex 6.5722 -36.6 17.5115
    endloop
  endfacet
  facet normal 0.942002 0 -0.335607
    outer loop
      vertex 6.64113 -35.6 17.6967
      vertex 6.60789 -36.6 17.6034
      vertex 6.60789 -35.6 17.6034
    endloop
  endfacet
  facet normal 0.942002 0 -0.335607
    outer loop
      vertex 6.64113 -35.6 17.6967
      vertex 6.64113 -36.6 17.6967
      vertex 6.60789 -36.6 17.6034
    endloop
  endfacet
  facet normal 0.951027 0 -0.309109
    outer loop
      vertex 6.67191 -35.6 17.7914
      vertex 6.64113 -36.6 17.6967
      vertex 6.64113 -35.6 17.6967
    endloop
  endfacet
  facet normal 0.951027 0 -0.309109
    outer loop
      vertex 6.67191 -35.6 17.7914
      vertex 6.67191 -36.6 17.7914
      vertex 6.64113 -36.6 17.6967
    endloop
  endfacet
  facet normal 0.95935 0 -0.28222
    outer loop
      vertex 6.70021 -35.6 17.8876
      vertex 6.67191 -36.6 17.7914
      vertex 6.67191 -35.6 17.7914
    endloop
  endfacet
  facet normal 0.95935 0 -0.28222
    outer loop
      vertex 6.70021 -35.6 17.8876
      vertex 6.70021 -36.6 17.8876
      vertex 6.67191 -36.6 17.7914
    endloop
  endfacet
  facet normal 0.966645 0 -0.256121
    outer loop
      vertex 6.72607 -35.6 17.9852
      vertex 6.70021 -36.6 17.8876
      vertex 6.70021 -35.6 17.8876
    endloop
  endfacet
  facet normal 0.966645 0 -0.256121
    outer loop
      vertex 6.72607 -35.6 17.9852
      vertex 6.72607 -36.6 17.9852
      vertex 6.70021 -36.6 17.8876
    endloop
  endfacet
  facet normal 0.973229 0 -0.229839
    outer loop
      vertex 6.74945 -35.6 18.0842
      vertex 6.72607 -36.6 17.9852
      vertex 6.72607 -35.6 17.9852
    endloop
  endfacet
  facet normal 0.973229 0 -0.229839
    outer loop
      vertex 6.74945 -35.6 18.0842
      vertex 6.74945 -36.6 18.0842
      vertex 6.72607 -36.6 17.9852
    endloop
  endfacet
  facet normal 0.978935 0 -0.204172
    outer loop
      vertex 6.77039 -35.6 18.1846
      vertex 6.74945 -36.6 18.0842
      vertex 6.74945 -35.6 18.0842
    endloop
  endfacet
  facet normal 0.978935 0 -0.204172
    outer loop
      vertex 6.77039 -35.6 18.1846
      vertex 6.77039 -36.6 18.1846
      vertex 6.74945 -36.6 18.0842
    endloop
  endfacet
  facet normal 0.983953 0 -0.178426
    outer loop
      vertex 6.78885 -35.6 18.2864
      vertex 6.77039 -36.6 18.1846
      vertex 6.77039 -35.6 18.1846
    endloop
  endfacet
  facet normal 0.983953 0 -0.178426
    outer loop
      vertex 6.78885 -35.6 18.2864
      vertex 6.78885 -36.6 18.2864
      vertex 6.77039 -36.6 18.1846
    endloop
  endfacet
  facet normal 0.988231 0 -0.15297
    outer loop
      vertex 6.80484 -35.6 18.3897
      vertex 6.78885 -36.6 18.2864
      vertex 6.78885 -35.6 18.2864
    endloop
  endfacet
  facet normal 0.988231 0 -0.15297
    outer loop
      vertex 6.80484 -35.6 18.3897
      vertex 6.80484 -36.6 18.3897
      vertex 6.78885 -36.6 18.2864
    endloop
  endfacet
  facet normal 0.991729 0 -0.128347
    outer loop
      vertex 6.81839 -35.6 18.4944
      vertex 6.80484 -36.6 18.3897
      vertex 6.80484 -35.6 18.3897
    endloop
  endfacet
  facet normal 0.991729 0 -0.128347
    outer loop
      vertex 6.81839 -35.6 18.4944
      vertex 6.81839 -36.6 18.4944
      vertex 6.80484 -36.6 18.3897
    endloop
  endfacet
  facet normal 0.994591 0 -0.103865
    outer loop
      vertex 6.82947 -35.6 18.6005
      vertex 6.81839 -36.6 18.4944
      vertex 6.81839 -35.6 18.4944
    endloop
  endfacet
  facet normal 0.994591 0 -0.103865
    outer loop
      vertex 6.82947 -35.6 18.6005
      vertex 6.82947 -36.6 18.6005
      vertex 6.81839 -36.6 18.4944
    endloop
  endfacet
  facet normal 0.996815 0 -0.0797452
    outer loop
      vertex 6.83807 -35.6 18.708
      vertex 6.82947 -36.6 18.6005
      vertex 6.82947 -35.6 18.6005
    endloop
  endfacet
  facet normal 0.996815 0 -0.0797452
    outer loop
      vertex 6.83807 -35.6 18.708
      vertex 6.83807 -36.6 18.708
      vertex 6.82947 -36.6 18.6005
    endloop
  endfacet
  facet normal 0.998402 0 -0.056515
    outer loop
      vertex 6.84424 -35.6 18.817
      vertex 6.83807 -36.6 18.708
      vertex 6.83807 -35.6 18.708
    endloop
  endfacet
  facet normal 0.998402 0 -0.056515
    outer loop
      vertex 6.84424 -35.6 18.817
      vertex 6.84424 -36.6 18.817
      vertex 6.83807 -36.6 18.708
    endloop
  endfacet
  facet normal 0.999442 0 -0.0334053
    outer loop
      vertex 6.84793 -35.6 18.9274
      vertex 6.84424 -36.6 18.817
      vertex 6.84424 -35.6 18.817
    endloop
  endfacet
  facet normal 0.999442 0 -0.0334053
    outer loop
      vertex 6.84793 -35.6 18.9274
      vertex 6.84793 -36.6 18.9274
      vertex 6.84424 -36.6 18.817
    endloop
  endfacet
  facet normal 0.99994 0 -0.0109215
    outer loop
      vertex 6.84915 -35.6 19.0391
      vertex 6.84793 -36.6 18.9274
      vertex 6.84793 -35.6 18.9274
    endloop
  endfacet
  facet normal 0.99994 0 -0.0109215
    outer loop
      vertex 6.84915 -35.6 19.0391
      vertex 6.84915 -36.6 19.0391
      vertex 6.84793 -36.6 18.9274
    endloop
  endfacet
  facet normal 0.999876 0 0.0157217
    outer loop
      vertex 6.84651 -35.6 19.207
      vertex 6.84915 -36.6 19.0391
      vertex 6.84915 -35.6 19.0391
    endloop
  endfacet
  facet normal 0.999876 0 0.0157217
    outer loop
      vertex 6.84651 -35.6 19.207
      vertex 6.84651 -36.6 19.207
      vertex 6.84915 -36.6 19.0391
    endloop
  endfacet
  facet normal 0.998833 0 0.0483032
    outer loop
      vertex 6.83855 -35.6 19.3716
      vertex 6.84651 -36.6 19.207
      vertex 6.84651 -35.6 19.207
    endloop
  endfacet
  facet normal 0.998833 0 0.0483032
    outer loop
      vertex 6.83855 -35.6 19.3716
      vertex 6.83855 -36.6 19.3716
      vertex 6.84651 -36.6 19.207
    endloop
  endfacet
  facet normal 0.996647 0 0.0818189
    outer loop
      vertex 6.8253 -35.6 19.533
      vertex 6.83855 -36.6 19.3716
      vertex 6.83855 -35.6 19.3716
    endloop
  endfacet
  facet normal 0.996647 0 0.0818189
    outer loop
      vertex 6.8253 -35.6 19.533
      vertex 6.8253 -36.6 19.533
      vertex 6.83855 -36.6 19.3716
    endloop
  endfacet
  facet normal 0.993172 0 0.116655
    outer loop
      vertex 6.80673 -35.6 19.6911
      vertex 6.8253 -36.6 19.533
      vertex 6.8253 -35.6 19.533
    endloop
  endfacet
  facet normal 0.993172 0 0.116655
    outer loop
      vertex 6.80673 -35.6 19.6911
      vertex 6.80673 -36.6 19.6911
      vertex 6.8253 -36.6 19.533
    endloop
  endfacet
  facet normal 0.988344 0 0.152239
    outer loop
      vertex 6.78287 -35.6 19.846
      vertex 6.80673 -36.6 19.6911
      vertex 6.80673 -35.6 19.6911
    endloop
  endfacet
  facet normal 0.988344 0 0.152239
    outer loop
      vertex 6.78287 -35.6 19.846
      vertex 6.78287 -36.6 19.846
      vertex 6.80673 -36.6 19.6911
    endloop
  endfacet
  facet normal 0.982045 0 0.188646
    outer loop
      vertex 6.75371 -35.6 19.9978
      vertex 6.78287 -36.6 19.846
      vertex 6.78287 -35.6 19.846
    endloop
  endfacet
  facet normal 0.982045 0 0.188646
    outer loop
      vertex 6.75371 -35.6 19.9978
      vertex 6.75371 -36.6 19.9978
      vertex 6.78287 -36.6 19.846
    endloop
  endfacet
  facet normal 0.974102 0 0.22611
    outer loop
      vertex 6.71924 -35.6 20.1463
      vertex 6.75371 -36.6 19.9978
      vertex 6.75371 -35.6 19.9978
    endloop
  endfacet
  facet normal 0.974102 0 0.22611
    outer loop
      vertex 6.71924 -35.6 20.1463
      vertex 6.71924 -36.6 20.1463
      vertex 6.75371 -36.6 19.9978
    endloop
  endfacet
  facet normal 0.964523 0 0.263999
    outer loop
      vertex 6.67947 -35.6 20.2916
      vertex 6.71924 -36.6 20.1463
      vertex 6.71924 -35.6 20.1463
    endloop
  endfacet
  facet normal 0.964523 0 0.263999
    outer loop
      vertex 6.67947 -35.6 20.2916
      vertex 6.67947 -36.6 20.2916
      vertex 6.71924 -36.6 20.1463
    endloop
  endfacet
  facet normal 0.953142 0 0.302522
    outer loop
      vertex 6.6344 -35.6 20.4336
      vertex 6.67947 -36.6 20.2916
      vertex 6.67947 -35.6 20.2916
    endloop
  endfacet
  facet normal 0.953142 0 0.302522
    outer loop
      vertex 6.6344 -35.6 20.4336
      vertex 6.6344 -36.6 20.4336
      vertex 6.67947 -36.6 20.2916
    endloop
  endfacet
  facet normal 0.940052 0 0.341031
    outer loop
      vertex 6.58401 -35.6 20.5725
      vertex 6.6344 -36.6 20.4336
      vertex 6.6344 -35.6 20.4336
    endloop
  endfacet
  facet normal 0.940052 0 0.341031
    outer loop
      vertex 6.58401 -35.6 20.5725
      vertex 6.58401 -36.6 20.5725
      vertex 6.6344 -36.6 20.4336
    endloop
  endfacet
  facet normal 0.925075 0 0.379785
    outer loop
      vertex 6.52834 -35.6 20.7081
      vertex 6.58401 -36.6 20.5725
      vertex 6.58401 -35.6 20.5725
    endloop
  endfacet
  facet normal 0.925075 0 0.379785
    outer loop
      vertex 6.52834 -35.6 20.7081
      vertex 6.52834 -36.6 20.7081
      vertex 6.58401 -36.6 20.5725
    endloop
  endfacet
  facet normal 0.908292 0 0.418336
    outer loop
      vertex 6.46736 -35.6 20.8405
      vertex 6.52834 -36.6 20.7081
      vertex 6.52834 -35.6 20.7081
    endloop
  endfacet
  facet normal 0.908292 0 0.418336
    outer loop
      vertex 6.46736 -35.6 20.8405
      vertex 6.46736 -36.6 20.8405
      vertex 6.52834 -36.6 20.7081
    endloop
  endfacet
  facet normal 0.889751 0 0.456445
    outer loop
      vertex 6.40108 -35.6 20.9697
      vertex 6.46736 -36.6 20.8405
      vertex 6.46736 -35.6 20.8405
    endloop
  endfacet
  facet normal 0.889751 0 0.456445
    outer loop
      vertex 6.40108 -35.6 20.9697
      vertex 6.40108 -36.6 20.9697
      vertex 6.46736 -36.6 20.8405
    endloop
  endfacet
  facet normal 0.86943 0 0.494057
    outer loop
      vertex 6.32948 -35.6 21.0957
      vertex 6.40108 -36.6 20.9697
      vertex 6.40108 -35.6 20.9697
    endloop
  endfacet
  facet normal 0.86943 0 0.494057
    outer loop
      vertex 6.32948 -35.6 21.0957
      vertex 6.32948 -36.6 21.0957
      vertex 6.40108 -36.6 20.9697
    endloop
  endfacet
  facet normal 0.847369 0 0.531004
    outer loop
      vertex 6.25259 -35.6 21.2184
      vertex 6.32948 -36.6 21.0957
      vertex 6.32948 -35.6 21.0957
    endloop
  endfacet
  facet normal 0.847369 0 0.531004
    outer loop
      vertex 6.25259 -35.6 21.2184
      vertex 6.25259 -36.6 21.2184
      vertex 6.32948 -36.6 21.0957
    endloop
  endfacet
  facet normal 0.823965 0 0.56664
    outer loop
      vertex 6.17041 -35.6 21.3379
      vertex 6.25259 -36.6 21.2184
      vertex 6.25259 -35.6 21.2184
    endloop
  endfacet
  facet normal 0.823965 0 0.56664
    outer loop
      vertex 6.17041 -35.6 21.3379
      vertex 6.17041 -36.6 21.3379
      vertex 6.25259 -36.6 21.2184
    endloop
  endfacet
  facet normal 0.799125 0 0.601165
    outer loop
      vertex 6.08292 -35.6 21.4542
      vertex 6.17041 -36.6 21.3379
      vertex 6.17041 -35.6 21.3379
    endloop
  endfacet
  facet normal 0.799125 0 0.601165
    outer loop
      vertex 6.08292 -35.6 21.4542
      vertex 6.08292 -36.6 21.4542
      vertex 6.17041 -36.6 21.3379
    endloop
  endfacet
  facet normal 0.77304 0 0.634357
    outer loop
      vertex 5.99011 -35.6 21.5673
      vertex 6.08292 -36.6 21.4542
      vertex 6.08292 -35.6 21.4542
    endloop
  endfacet
  facet normal 0.77304 0 0.634357
    outer loop
      vertex 5.99011 -35.6 21.5673
      vertex 5.99011 -36.6 21.5673
      vertex 6.08292 -36.6 21.4542
    endloop
  endfacet
  facet normal 0.746022 0 0.665921
    outer loop
      vertex 5.89201 -35.6 21.6772
      vertex 5.99011 -36.6 21.5673
      vertex 5.99011 -35.6 21.5673
    endloop
  endfacet
  facet normal 0.746022 0 0.665921
    outer loop
      vertex 5.89201 -35.6 21.6772
      vertex 5.89201 -36.6 21.6772
      vertex 5.99011 -36.6 21.5673
    endloop
  endfacet
  facet normal 0.717832 0 0.696216
    outer loop
      vertex 5.78862 -35.6 21.7838
      vertex 5.89201 -36.6 21.6772
      vertex 5.89201 -35.6 21.6772
    endloop
  endfacet
  facet normal 0.717832 0 0.696216
    outer loop
      vertex 5.78862 -35.6 21.7838
      vertex 5.78862 -36.6 21.7838
      vertex 5.89201 -36.6 21.6772
    endloop
  endfacet
  facet normal 0.689505 0 0.724281
    outer loop
      vertex 5.6799 -35.6 21.8873
      vertex 5.78862 -36.6 21.7838
      vertex 5.78862 -35.6 21.7838
    endloop
  endfacet
  facet normal 0.689505 0 0.724281
    outer loop
      vertex 5.6799 -35.6 21.8873
      vertex 5.6799 -36.6 21.8873
      vertex 5.78862 -36.6 21.7838
    endloop
  endfacet
  facet normal 0.660182 0 0.751105
    outer loop
      vertex 5.5659 -35.6 21.9875
      vertex 5.6799 -36.6 21.8873
      vertex 5.6799 -35.6 21.8873
    endloop
  endfacet
  facet normal 0.660182 0 0.751105
    outer loop
      vertex 5.5659 -35.6 21.9875
      vertex 5.5659 -36.6 21.9875
      vertex 5.6799 -36.6 21.8873
    endloop
  endfacet
  facet normal 0.629206 0 0.777239
    outer loop
      vertex 5.44682 -35.6 22.0839
      vertex 5.5659 -36.6 21.9875
      vertex 5.5659 -35.6 21.9875
    endloop
  endfacet
  facet normal 0.629206 0 0.777239
    outer loop
      vertex 5.44682 -35.6 22.0839
      vertex 5.44682 -36.6 22.0839
      vertex 5.5659 -36.6 21.9875
    endloop
  endfacet
  facet normal 0.595197 0 0.80358
    outer loop
      vertex 5.32288 -35.6 22.1757
      vertex 5.44682 -36.6 22.0839
      vertex 5.44682 -35.6 22.0839
    endloop
  endfacet
  facet normal 0.595197 0 0.80358
    outer loop
      vertex 5.32288 -35.6 22.1757
      vertex 5.32288 -36.6 22.1757
      vertex 5.44682 -36.6 22.0839
    endloop
  endfacet
  facet normal 0.561501 0 0.827476
    outer loop
      vertex 5.19408 -35.6 22.2631
      vertex 5.32288 -36.6 22.1757
      vertex 5.32288 -35.6 22.1757
    endloop
  endfacet
  facet normal 0.561501 0 0.827476
    outer loop
      vertex 5.19408 -35.6 22.2631
      vertex 5.19408 -36.6 22.2631
      vertex 5.32288 -36.6 22.1757
    endloop
  endfacet
  facet normal 0.527512 0 0.849548
    outer loop
      vertex 5.06041 -35.6 22.3461
      vertex 5.19408 -36.6 22.2631
      vertex 5.19408 -35.6 22.2631
    endloop
  endfacet
  facet normal 0.527512 0 0.849548
    outer loop
      vertex 5.06041 -35.6 22.3461
      vertex 5.06041 -36.6 22.3461
      vertex 5.19408 -36.6 22.2631
    endloop
  endfacet
  facet normal 0.492535 0 0.870292
    outer loop
      vertex 4.92188 -35.6 22.4245
      vertex 5.06041 -36.6 22.3461
      vertex 5.06041 -35.6 22.3461
    endloop
  endfacet
  facet normal 0.492535 0 0.870292
    outer loop
      vertex 4.92188 -35.6 22.4245
      vertex 4.92188 -36.6 22.4245
      vertex 5.06041 -36.6 22.3461
    endloop
  endfacet
  facet normal 0.458605 0 0.88864
    outer loop
      vertex 4.77849 -35.6 22.4985
      vertex 4.92188 -36.6 22.4245
      vertex 4.92188 -35.6 22.4245
    endloop
  endfacet
  facet normal 0.458605 0 0.88864
    outer loop
      vertex 4.77849 -35.6 22.4985
      vertex 4.77849 -36.6 22.4985
      vertex 4.92188 -36.6 22.4245
    endloop
  endfacet
  facet normal 0.423996 0 0.905664
    outer loop
      vertex 4.63025 -35.6 22.5679
      vertex 4.77849 -36.6 22.4985
      vertex 4.77849 -35.6 22.4985
    endloop
  endfacet
  facet normal 0.423996 0 0.905664
    outer loop
      vertex 4.63025 -35.6 22.5679
      vertex 4.63025 -36.6 22.5679
      vertex 4.77849 -36.6 22.4985
    endloop
  endfacet
  facet normal 0.390754 0 0.920495
    outer loop
      vertex 4.47713 -35.6 22.6329
      vertex 4.63025 -36.6 22.5679
      vertex 4.63025 -35.6 22.5679
    endloop
  endfacet
  facet normal 0.390754 0 0.920495
    outer loop
      vertex 4.47713 -35.6 22.6329
      vertex 4.47713 -36.6 22.6329
      vertex 4.63025 -36.6 22.5679
    endloop
  endfacet
  facet normal 0.357671 0 0.933848
    outer loop
      vertex 4.31917 -35.6 22.6934
      vertex 4.47713 -36.6 22.6329
      vertex 4.47713 -35.6 22.6329
    endloop
  endfacet
  facet normal 0.357671 0 0.933848
    outer loop
      vertex 4.31917 -35.6 22.6934
      vertex 4.31917 -36.6 22.6934
      vertex 4.47713 -36.6 22.6329
    endloop
  endfacet
  facet normal 0.325722 0 0.945465
    outer loop
      vertex 4.15633 -35.6 22.7495
      vertex 4.31917 -36.6 22.6934
      vertex 4.31917 -35.6 22.6934
    endloop
  endfacet
  facet normal 0.325722 0 0.945465
    outer loop
      vertex 4.15633 -35.6 22.7495
      vertex 4.15633 -36.6 22.7495
      vertex 4.31917 -36.6 22.6934
    endloop
  endfacet
  facet normal 0.293565 0 0.955939
    outer loop
      vertex 3.98863 -35.6 22.801
      vertex 4.15633 -36.6 22.7495
      vertex 4.15633 -35.6 22.7495
    endloop
  endfacet
  facet normal 0.293565 0 0.955939
    outer loop
      vertex 3.98863 -35.6 22.801
      vertex 3.98863 -36.6 22.801
      vertex 4.15633 -36.6 22.7495
    endloop
  endfacet
  facet normal 0.263344 0 0.964702
    outer loop
      vertex 3.81609 -35.6 22.8481
      vertex 3.98863 -36.6 22.801
      vertex 3.98863 -35.6 22.801
    endloop
  endfacet
  facet normal 0.263344 0 0.964702
    outer loop
      vertex 3.81609 -35.6 22.8481
      vertex 3.81609 -36.6 22.8481
      vertex 3.98863 -36.6 22.801
    endloop
  endfacet
  facet normal 0.23346 0 0.972366
    outer loop
      vertex 3.63866 -35.6 22.8907
      vertex 3.81609 -36.6 22.8481
      vertex 3.81609 -35.6 22.8481
    endloop
  endfacet
  facet normal 0.23346 0 0.972366
    outer loop
      vertex 3.63866 -35.6 22.8907
      vertex 3.63866 -36.6 22.8907
      vertex 3.81609 -36.6 22.8481
    endloop
  endfacet
  facet normal 0.204608 0 0.978844
    outer loop
      vertex 3.45639 -35.6 22.9288
      vertex 3.63866 -36.6 22.8907
      vertex 3.63866 -35.6 22.8907
    endloop
  endfacet
  facet normal 0.204608 0 0.978844
    outer loop
      vertex 3.45639 -35.6 22.9288
      vertex 3.45639 -36.6 22.9288
      vertex 3.63866 -36.6 22.8907
    endloop
  endfacet
  facet normal 0.17671 0 0.984263
    outer loop
      vertex 3.26924 -35.6 22.9624
      vertex 3.45639 -36.6 22.9288
      vertex 3.45639 -35.6 22.9288
    endloop
  endfacet
  facet normal 0.17671 0 0.984263
    outer loop
      vertex 3.26924 -35.6 22.9624
      vertex 3.26924 -36.6 22.9624
      vertex 3.45639 -36.6 22.9288
    endloop
  endfacet
  facet normal 0.149851 0 0.988709
    outer loop
      vertex 3.07724 -35.6 22.9915
      vertex 3.26924 -36.6 22.9624
      vertex 3.26924 -35.6 22.9624
    endloop
  endfacet
  facet normal 0.149851 0 0.988709
    outer loop
      vertex 3.07724 -35.6 22.9915
      vertex 3.07724 -36.6 22.9915
      vertex 3.26924 -36.6 22.9624
    endloop
  endfacet
  facet normal 0.1245 0 0.99222
    outer loop
      vertex 2.88039 -35.6 23.0162
      vertex 3.07724 -36.6 22.9915
      vertex 3.07724 -35.6 22.9915
    endloop
  endfacet
  facet normal 0.1245 0 0.99222
    outer loop
      vertex 2.88039 -35.6 23.0162
      vertex 2.88039 -36.6 23.0162
      vertex 3.07724 -36.6 22.9915
    endloop
  endfacet
  facet normal 0.0991423 0 0.995073
    outer loop
      vertex 2.67865 -35.6 23.0363
      vertex 2.88039 -36.6 23.0162
      vertex 2.88039 -35.6 23.0162
    endloop
  endfacet
  facet normal 0.0991423 0 0.995073
    outer loop
      vertex 2.67865 -35.6 23.0363
      vertex 2.67865 -36.6 23.0363
      vertex 2.88039 -36.6 23.0162
    endloop
  endfacet
  facet normal 0.0757847 0 0.997124
    outer loop
      vertex 2.47208 -35.6 23.052
      vertex 2.67865 -36.6 23.0363
      vertex 2.67865 -35.6 23.0363
    endloop
  endfacet
  facet normal 0.0757847 0 0.997124
    outer loop
      vertex 2.47208 -35.6 23.052
      vertex 2.47208 -36.6 23.052
      vertex 2.67865 -36.6 23.0363
    endloop
  endfacet
  facet normal 0.052891 0 0.9986
    outer loop
      vertex 2.26062 -35.6 23.0632
      vertex 2.47208 -36.6 23.052
      vertex 2.47208 -35.6 23.052
    endloop
  endfacet
  facet normal 0.052891 0 0.9986
    outer loop
      vertex 2.26062 -35.6 23.0632
      vertex 2.26062 -36.6 23.0632
      vertex 2.47208 -36.6 23.052
    endloop
  endfacet
  facet normal 0.0314208 0 0.999506
    outer loop
      vertex 2.04431 -35.6 23.07
      vertex 2.26062 -36.6 23.0632
      vertex 2.26062 -35.6 23.0632
    endloop
  endfacet
  facet normal 0.0314208 0 0.999506
    outer loop
      vertex 2.04431 -35.6 23.07
      vertex 2.04431 -36.6 23.07
      vertex 2.26062 -36.6 23.0632
    endloop
  endfacet
  facet normal 0.00994706 0 0.999951
    outer loop
      vertex 1.82315 -35.6 23.0722
      vertex 2.04431 -36.6 23.07
      vertex 2.04431 -35.6 23.07
    endloop
  endfacet
  facet normal 0.00994706 0 0.999951
    outer loop
      vertex 1.82315 -35.6 23.0722
      vertex 1.82315 -36.6 23.0722
      vertex 2.04431 -36.6 23.07
    endloop
  endfacet
  facet normal -0 0 1
    outer loop
      vertex -3.17238 -35.6 23.0722
      vertex 1.82315 -36.6 23.0722
      vertex 1.82315 -35.6 23.0722
    endloop
  endfacet
  facet normal 0 0 1
    outer loop
      vertex -3.17238 -35.6 23.0722
      vertex -3.17238 -36.6 23.0722
      vertex 1.82315 -36.6 23.0722
    endloop
  endfacet
  facet normal -1 0 0
    outer loop
      vertex -3.17238 -35.6 12.3784
      vertex -3.17238 -36.6 23.0722
      vertex -3.17238 -35.6 23.0722
    endloop
  endfacet
  facet normal -1 0 0
    outer loop
      vertex -3.17238 -35.6 12.3784
      vertex -3.17238 -36.6 12.3784
      vertex -3.17238 -36.6 23.0722
    endloop
  endfacet
  facet normal -0 0 -1
    outer loop
      vertex 0.432968 -35.6 12.3784
      vertex -3.17238 -36.6 12.3784
      vertex -3.17238 -35.6 12.3784
    endloop
  endfacet
  facet normal 0 -0 -1
    outer loop
      vertex 0.432968 -35.6 12.3784
      vertex 0.432968 -36.6 12.3784
      vertex -3.17238 -36.6 12.3784
    endloop
  endfacet
  facet normal 1 0 0
    outer loop
      vertex 0.432968 -35.6 15.0672
      vertex 0.432968 -36.6 12.3784
      vertex 0.432968 -35.6 12.3784
    endloop
  endfacet
  facet normal 1 0 0
    outer loop
      vertex 0.432968 -35.6 15.0672
      vertex 0.432968 -36.6 15.0672
      vertex 0.432968 -36.6 12.3784
    endloop
  endfacet
  facet normal -0 -0 -1
    outer loop
      vertex 1.74681 -35.6 20.2918
      vertex 1.74681 -36.6 20.2918
      vertex 0.432968 -35.6 20.2918
    endloop
  endfacet
  facet normal 0 0 -1
    outer loop
      vertex 0.432968 -36.6 20.2918
      vertex 0.432968 -35.6 20.2918
      vertex 1.74681 -36.6 20.2918
    endloop
  endfacet
  facet normal -0.0104084 -0 -0.999946
    outer loop
      vertex 1.81406 -35.6 20.2911
      vertex 1.81406 -36.6 20.2911
      vertex 1.74681 -35.6 20.2918
    endloop
  endfacet
  facet normal -0.0104084 0 -0.999946
    outer loop
      vertex 1.74681 -36.6 20.2918
      vertex 1.74681 -35.6 20.2918
      vertex 1.81406 -36.6 20.2911
    endloop
  endfacet
  facet normal -0.0304644 -0 -0.999536
    outer loop
      vertex 1.87968 -35.6 20.2891
      vertex 1.87968 -36.6 20.2891
      vertex 1.81406 -35.6 20.2911
    endloop
  endfacet
  facet normal -0.0304644 0 -0.999536
    outer loop
      vertex 1.81406 -36.6 20.2911
      vertex 1.81406 -35.6 20.2911
      vertex 1.87968 -36.6 20.2891
    endloop
  endfacet
  facet normal -0.0545804 -0 -0.998509
    outer loop
      vertex 1.94371 -35.6 20.2856
      vertex 1.94371 -36.6 20.2856
      vertex 1.87968 -35.6 20.2891
    endloop
  endfacet
  facet normal -0.0545804 0 -0.998509
    outer loop
      vertex 1.87968 -36.6 20.2891
      vertex 1.87968 -35.6 20.2891
      vertex 1.94371 -36.6 20.2856
    endloop
  endfacet
  facet normal -0.0782597 -0 -0.996933
    outer loop
      vertex 2.00613 -35.6 20.2807
      vertex 2.00613 -36.6 20.2807
      vertex 1.94371 -35.6 20.2856
    endloop
  endfacet
  facet normal -0.0782597 0 -0.996933
    outer loop
      vertex 1.94371 -36.6 20.2856
      vertex 1.94371 -35.6 20.2856
      vertex 2.00613 -36.6 20.2807
    endloop
  endfacet
  facet normal -0.101431 -0 -0.994843
    outer loop
      vertex 2.06694 -35.6 20.2745
      vertex 2.06694 -36.6 20.2745
      vertex 2.00613 -35.6 20.2807
    endloop
  endfacet
  facet normal -0.101431 0 -0.994843
    outer loop
      vertex 2.00613 -36.6 20.2807
      vertex 2.00613 -35.6 20.2807
      vertex 2.06694 -36.6 20.2745
    endloop
  endfacet
  facet normal -0.129003 -0 -0.991644
    outer loop
      vertex 2.12613 -35.6 20.2668
      vertex 2.12613 -36.6 20.2668
      vertex 2.06694 -35.6 20.2745
    endloop
  endfacet
  facet normal -0.129003 0 -0.991644
    outer loop
      vertex 2.06694 -36.6 20.2745
      vertex 2.06694 -35.6 20.2745
      vertex 2.12613 -36.6 20.2668
    endloop
  endfacet
  facet normal -0.154403 -0 -0.988008
    outer loop
      vertex 2.18372 -35.6 20.2578
      vertex 2.18372 -36.6 20.2578
      vertex 2.12613 -35.6 20.2668
    endloop
  endfacet
  facet normal -0.154403 0 -0.988008
    outer loop
      vertex 2.12613 -36.6 20.2668
      vertex 2.12613 -35.6 20.2668
      vertex 2.18372 -36.6 20.2578
    endloop
  endfacet
  facet normal -0.182687 -0 -0.983171
    outer loop
      vertex 2.23969 -35.6 20.2474
      vertex 2.23969 -36.6 20.2474
      vertex 2.18372 -35.6 20.2578
    endloop
  endfacet
  facet normal -0.182687 0 -0.983171
    outer loop
      vertex 2.18372 -36.6 20.2578
      vertex 2.18372 -35.6 20.2578
      vertex 2.23969 -36.6 20.2474
    endloop
  endfacet
  facet normal -0.212131 -0 -0.977241
    outer loop
      vertex 2.29405 -35.6 20.2356
      vertex 2.29405 -36.6 20.2356
      vertex 2.23969 -35.6 20.2474
    endloop
  endfacet
  facet normal -0.212131 0 -0.977241
    outer loop
      vertex 2.23969 -36.6 20.2474
      vertex 2.23969 -35.6 20.2474
      vertex 2.29405 -36.6 20.2356
    endloop
  endfacet
  facet normal -0.242752 -0 -0.970088
    outer loop
      vertex 2.3468 -35.6 20.2224
      vertex 2.3468 -36.6 20.2224
      vertex 2.29405 -35.6 20.2356
    endloop
  endfacet
  facet normal -0.242752 0 -0.970088
    outer loop
      vertex 2.29405 -36.6 20.2356
      vertex 2.29405 -35.6 20.2356
      vertex 2.3468 -36.6 20.2224
    endloop
  endfacet
  facet normal -0.274473 -0 -0.961595
    outer loop
      vertex 2.39795 -35.6 20.2078
      vertex 2.39795 -36.6 20.2078
      vertex 2.3468 -35.6 20.2224
    endloop
  endfacet
  facet normal -0.274473 0 -0.961595
    outer loop
      vertex 2.3468 -36.6 20.2224
      vertex 2.3468 -35.6 20.2224
      vertex 2.39795 -36.6 20.2078
    endloop
  endfacet
  facet normal -0.30734 -0 -0.9516
    outer loop
      vertex 2.44749 -35.6 20.1918
      vertex 2.44749 -36.6 20.1918
      vertex 2.39795 -35.6 20.2078
    endloop
  endfacet
  facet normal -0.30734 0 -0.9516
    outer loop
      vertex 2.39795 -36.6 20.2078
      vertex 2.39795 -35.6 20.2078
      vertex 2.44749 -36.6 20.1918
    endloop
  endfacet
  facet normal -0.341302 -0 -0.939954
    outer loop
      vertex 2.49541 -35.6 20.1744
      vertex 2.49541 -36.6 20.1744
      vertex 2.44749 -35.6 20.1918
    endloop
  endfacet
  facet normal -0.341302 0 -0.939954
    outer loop
      vertex 2.44749 -36.6 20.1918
      vertex 2.44749 -35.6 20.1918
      vertex 2.49541 -36.6 20.1744
    endloop
  endfacet
  facet normal -0.374357 -0 -0.927285
    outer loop
      vertex 2.54173 -35.6 20.1557
      vertex 2.54173 -36.6 20.1557
      vertex 2.49541 -35.6 20.1744
    endloop
  endfacet
  facet normal -0.374357 0 -0.927285
    outer loop
      vertex 2.49541 -36.6 20.1744
      vertex 2.49541 -35.6 20.1744
      vertex 2.54173 -36.6 20.1557
    endloop
  endfacet
  facet normal -0.41011 -0 -0.912036
    outer loop
      vertex 2.58643 -35.6 20.1356
      vertex 2.58643 -36.6 20.1356
      vertex 2.54173 -35.6 20.1557
    endloop
  endfacet
  facet normal -0.41011 0 -0.912036
    outer loop
      vertex 2.54173 -36.6 20.1557
      vertex 2.54173 -35.6 20.1557
      vertex 2.58643 -36.6 20.1356
    endloop
  endfacet
  facet normal -0.448043 -0 -0.894012
    outer loop
      vertex 2.62953 -35.6 20.114
      vertex 2.62953 -36.6 20.114
      vertex 2.58643 -35.6 20.1356
    endloop
  endfacet
  facet normal -0.448043 0 -0.894012
    outer loop
      vertex 2.58643 -36.6 20.1356
      vertex 2.58643 -35.6 20.1356
      vertex 2.62953 -36.6 20.114
    endloop
  endfacet
  facet normal -0.483312 -0 -0.875448
    outer loop
      vertex 2.67101 -35.6 20.0911
      vertex 2.67101 -36.6 20.0911
      vertex 2.62953 -35.6 20.114
    endloop
  endfacet
  facet normal -0.483312 0 -0.875448
    outer loop
      vertex 2.62953 -36.6 20.114
      vertex 2.62953 -35.6 20.114
      vertex 2.67101 -36.6 20.0911
    endloop
  endfacet
  facet normal -0.520341 -0 -0.853959
    outer loop
      vertex 2.71089 -35.6 20.0668
      vertex 2.71089 -36.6 20.0668
      vertex 2.67101 -35.6 20.0911
    endloop
  endfacet
  facet normal -0.520341 0 -0.853959
    outer loop
      vertex 2.67101 -36.6 20.0911
      vertex 2.67101 -35.6 20.0911
      vertex 2.71089 -36.6 20.0668
    endloop
  endfacet
  facet normal -0.557601 -0 -0.830109
    outer loop
      vertex 2.74915 -35.6 20.0411
      vertex 2.74915 -36.6 20.0411
      vertex 2.71089 -35.6 20.0668
    endloop
  endfacet
  facet normal -0.557601 0 -0.830109
    outer loop
      vertex 2.71089 -36.6 20.0668
      vertex 2.71089 -35.6 20.0668
      vertex 2.74915 -36.6 20.0411
    endloop
  endfacet
  facet normal -0.59444 -0 -0.80414
    outer loop
      vertex 2.78581 -35.6 20.014
      vertex 2.78581 -36.6 20.014
      vertex 2.74915 -35.6 20.0411
    endloop
  endfacet
  facet normal -0.59444 0 -0.80414
    outer loop
      vertex 2.74915 -36.6 20.0411
      vertex 2.74915 -35.6 20.0411
      vertex 2.78581 -36.6 20.014
    endloop
  endfacet
  facet normal -0.630993 -0 -0.775789
    outer loop
      vertex 2.82085 -35.6 19.9855
      vertex 2.82085 -36.6 19.9855
      vertex 2.78581 -35.6 20.014
    endloop
  endfacet
  facet normal -0.630993 0 -0.775789
    outer loop
      vertex 2.78581 -36.6 20.014
      vertex 2.78581 -35.6 20.014
      vertex 2.82085 -36.6 19.9855
    endloop
  endfacet
  facet normal -0.665306 -0 -0.746571
    outer loop
      vertex 2.85429 -35.6 19.9557
      vertex 2.85429 -36.6 19.9557
      vertex 2.82085 -35.6 19.9855
    endloop
  endfacet
  facet normal -0.665306 0 -0.746571
    outer loop
      vertex 2.82085 -36.6 19.9855
      vertex 2.82085 -35.6 19.9855
      vertex 2.85429 -36.6 19.9557
    endloop
  endfacet
  facet normal -0.698184 -0 -0.715919
    outer loop
      vertex 2.88618 -35.6 19.9246
      vertex 2.88618 -36.6 19.9246
      vertex 2.85429 -35.6 19.9557
    endloop
  endfacet
  facet normal -0.698184 0 -0.715919
    outer loop
      vertex 2.85429 -36.6 19.9557
      vertex 2.85429 -35.6 19.9557
      vertex 2.88618 -36.6 19.9246
    endloop
  endfacet
  facet normal -0.724773 -0 -0.688988
    outer loop
      vertex 2.9166 -35.6 19.8926
      vertex 2.9166 -36.6 19.8926
      vertex 2.88618 -35.6 19.9246
    endloop
  endfacet
  facet normal -0.724773 0 -0.688988
    outer loop
      vertex 2.88618 -36.6 19.9246
      vertex 2.88618 -35.6 19.9246
      vertex 2.9166 -36.6 19.8926
    endloop
  endfacet
  facet normal -0.752943 -0 -0.658086
    outer loop
      vertex 2.94553 -35.6 19.8595
      vertex 2.94553 -36.6 19.8595
      vertex 2.9166 -35.6 19.8926
    endloop
  endfacet
  facet normal -0.752943 0 -0.658086
    outer loop
      vertex 2.9166 -36.6 19.8926
      vertex 2.9166 -35.6 19.8926
      vertex 2.94553 -36.6 19.8595
    endloop
  endfacet
  facet normal -0.778971 -0 -0.62706
    outer loop
      vertex 2.97298 -35.6 19.8254
      vertex 2.97298 -36.6 19.8254
      vertex 2.94553 -35.6 19.8595
    endloop
  endfacet
  facet normal -0.778971 0 -0.62706
    outer loop
      vertex 2.94553 -36.6 19.8595
      vertex 2.94553 -35.6 19.8595
      vertex 2.97298 -36.6 19.8254
    endloop
  endfacet
  facet normal -0.803886 -0 -0.594784
    outer loop
      vertex 2.99895 -35.6 19.7903
      vertex 2.99895 -36.6 19.7903
      vertex 2.97298 -35.6 19.8254
    endloop
  endfacet
  facet normal -0.803886 0 -0.594784
    outer loop
      vertex 2.97298 -36.6 19.8254
      vertex 2.97298 -35.6 19.8254
      vertex 2.99895 -36.6 19.7903
    endloop
  endfacet
  facet normal -0.827757 -0 -0.561086
    outer loop
      vertex 3.02342 -35.6 19.7542
      vertex 3.02342 -36.6 19.7542
      vertex 2.99895 -35.6 19.7903
    endloop
  endfacet
  facet normal -0.827757 0 -0.561086
    outer loop
      vertex 2.99895 -36.6 19.7903
      vertex 2.99895 -35.6 19.7903
      vertex 3.02342 -36.6 19.7542
    endloop
  endfacet
  facet normal -0.849923 -0 -0.526907
    outer loop
      vertex 3.04642 -35.6 19.7171
      vertex 3.04642 -36.6 19.7171
      vertex 3.02342 -35.6 19.7542
    endloop
  endfacet
  facet normal -0.849923 0 -0.526907
    outer loop
      vertex 3.02342 -36.6 19.7542
      vertex 3.02342 -35.6 19.7542
      vertex 3.04642 -36.6 19.7171
    endloop
  endfacet
  facet normal -0.871356 -0 -0.490651
    outer loop
      vertex 3.06793 -35.6 19.6789
      vertex 3.06793 -36.6 19.6789
      vertex 3.04642 -35.6 19.7171
    endloop
  endfacet
  facet normal -0.871356 0 -0.490651
    outer loop
      vertex 3.04642 -36.6 19.7171
      vertex 3.04642 -35.6 19.7171
      vertex 3.06793 -36.6 19.6789
    endloop
  endfacet
  facet normal -0.889922 -0 -0.456113
    outer loop
      vertex 3.08797 -35.6 19.6398
      vertex 3.08797 -36.6 19.6398
      vertex 3.06793 -35.6 19.6789
    endloop
  endfacet
  facet normal -0.889922 0 -0.456113
    outer loop
      vertex 3.06793 -36.6 19.6789
      vertex 3.06793 -35.6 19.6789
      vertex 3.08797 -36.6 19.6398
    endloop
  endfacet
  facet normal -0.907681 -0 -0.419661
    outer loop
      vertex 3.10651 -35.6 19.5997
      vertex 3.10651 -36.6 19.5997
      vertex 3.08797 -35.6 19.6398
    endloop
  endfacet
  facet normal -0.907681 0 -0.419661
    outer loop
      vertex 3.08797 -36.6 19.6398
      vertex 3.08797 -35.6 19.6398
      vertex 3.10651 -36.6 19.5997
    endloop
  endfacet
  facet normal -0.923924 -0 -0.382576
    outer loop
      vertex 3.12357 -35.6 19.5585
      vertex 3.12357 -36.6 19.5585
      vertex 3.10651 -35.6 19.5997
    endloop
  endfacet
  facet normal -0.923924 0 -0.382576
    outer loop
      vertex 3.10651 -36.6 19.5997
      vertex 3.10651 -35.6 19.5997
      vertex 3.12357 -36.6 19.5585
    endloop
  endfacet
  facet normal -0.937913 -0 -0.346872
    outer loop
      vertex 3.13914 -35.6 19.5164
      vertex 3.13914 -36.6 19.5164
      vertex 3.12357 -35.6 19.5585
    endloop
  endfacet
  facet normal -0.937913 0 -0.346872
    outer loop
      vertex 3.12357 -36.6 19.5585
      vertex 3.12357 -35.6 19.5585
      vertex 3.13914 -36.6 19.5164
    endloop
  endfacet
  facet normal -0.950645 -0 -0.31028
    outer loop
      vertex 3.15324 -35.6 19.4732
      vertex 3.15324 -36.6 19.4732
      vertex 3.13914 -35.6 19.5164
    endloop
  endfacet
  facet normal -0.950645 0 -0.31028
    outer loop
      vertex 3.13914 -36.6 19.5164
      vertex 3.13914 -35.6 19.5164
      vertex 3.15324 -36.6 19.4732
    endloop
  endfacet
  facet normal -0.961631 -0 -0.274348
    outer loop
      vertex 3.16585 -35.6 19.429
      vertex 3.16585 -36.6 19.429
      vertex 3.15324 -35.6 19.4732
    endloop
  endfacet
  facet normal -0.961631 0 -0.274348
    outer loop
      vertex 3.15324 -36.6 19.4732
      vertex 3.15324 -35.6 19.4732
      vertex 3.16585 -36.6 19.429
    endloop
  endfacet
  facet normal -0.971046 -0 -0.238894
    outer loop
      vertex 3.17697 -35.6 19.3838
      vertex 3.17697 -36.6 19.3838
      vertex 3.16585 -35.6 19.429
    endloop
  endfacet
  facet normal -0.971046 0 -0.238894
    outer loop
      vertex 3.16585 -36.6 19.429
      vertex 3.16585 -35.6 19.429
      vertex 3.17697 -36.6 19.3838
    endloop
  endfacet
  facet normal -0.978917 -0 -0.204259
    outer loop
      vertex 3.18661 -35.6 19.3376
      vertex 3.18661 -36.6 19.3376
      vertex 3.17697 -35.6 19.3838
    endloop
  endfacet
  facet normal -0.978917 0 -0.204259
    outer loop
      vertex 3.17697 -36.6 19.3838
      vertex 3.17697 -35.6 19.3838
      vertex 3.18661 -36.6 19.3376
    endloop
  endfacet
  facet normal -0.985348 -0 -0.170557
    outer loop
      vertex 3.19478 -35.6 19.2904
      vertex 3.19478 -36.6 19.2904
      vertex 3.18661 -35.6 19.3376
    endloop
  endfacet
  facet normal -0.985348 0 -0.170557
    outer loop
      vertex 3.18661 -36.6 19.3376
      vertex 3.18661 -35.6 19.3376
      vertex 3.19478 -36.6 19.2904
    endloop
  endfacet
  facet normal -0.990533 -0 -0.137277
    outer loop
      vertex 3.20146 -35.6 19.2422
      vertex 3.20146 -36.6 19.2422
      vertex 3.19478 -35.6 19.2904
    endloop
  endfacet
  facet normal -0.990533 0 -0.137277
    outer loop
      vertex 3.19478 -36.6 19.2904
      vertex 3.19478 -35.6 19.2904
      vertex 3.20146 -36.6 19.2422
    endloop
  endfacet
  facet normal -0.994504 -0 -0.104695
    outer loop
      vertex 3.20665 -35.6 19.1929
      vertex 3.20665 -36.6 19.1929
      vertex 3.20146 -35.6 19.2422
    endloop
  endfacet
  facet normal -0.994504 0 -0.104695
    outer loop
      vertex 3.20146 -36.6 19.2422
      vertex 3.20146 -35.6 19.2422
      vertex 3.20665 -36.6 19.1929
    endloop
  endfacet
  facet normal -0.99728 -0 -0.0737034
    outer loop
      vertex 3.21036 -35.6 19.1427
      vertex 3.21036 -36.6 19.1427
      vertex 3.20665 -35.6 19.1929
    endloop
  endfacet
  facet normal -0.99728 0 -0.0737034
    outer loop
      vertex 3.20665 -36.6 19.1929
      vertex 3.20665 -35.6 19.1929
      vertex 3.21036 -36.6 19.1427
    endloop
  endfacet
  facet normal -0.999057 -0 -0.0434288
    outer loop
      vertex 3.21259 -35.6 19.0914
      vertex 3.21259 -36.6 19.0914
      vertex 3.21036 -35.6 19.1427
    endloop
  endfacet
  facet normal -0.999057 0 -0.0434288
    outer loop
      vertex 3.21036 -36.6 19.1427
      vertex 3.21036 -35.6 19.1427
      vertex 3.21259 -36.6 19.0914
    endloop
  endfacet
  facet normal -0.9999 -0 -0.0141477
    outer loop
      vertex 3.21333 -35.6 19.0391
      vertex 3.21333 -36.6 19.0391
      vertex 3.21259 -35.6 19.0914
    endloop
  endfacet
  facet normal -0.9999 0 -0.0141477
    outer loop
      vertex 3.21259 -36.6 19.0914
      vertex 3.21259 -35.6 19.0914
      vertex 3.21333 -36.6 19.0391
    endloop
  endfacet
  facet normal -0.9999 0 0.0141748
    outer loop
      vertex 3.21259 -35.6 18.9869
      vertex 3.21259 -36.6 18.9869
      vertex 3.21333 -35.6 19.0391
    endloop
  endfacet
  facet normal -0.9999 0 0.0141748
    outer loop
      vertex 3.21333 -36.6 19.0391
      vertex 3.21333 -35.6 19.0391
      vertex 3.21259 -36.6 18.9869
    endloop
  endfacet
  facet normal -0.999057 0 0.0434288
    outer loop
      vertex 3.21036 -35.6 18.9356
      vertex 3.21036 -36.6 18.9356
      vertex 3.21259 -35.6 18.9869
    endloop
  endfacet
  facet normal -0.999057 0 0.0434288
    outer loop
      vertex 3.21259 -36.6 18.9869
      vertex 3.21259 -35.6 18.9869
      vertex 3.21036 -36.6 18.9356
    endloop
  endfacet
  facet normal -0.99728 0 0.0737034
    outer loop
      vertex 3.20665 -35.6 18.8854
      vertex 3.20665 -36.6 18.8854
      vertex 3.21036 -35.6 18.9356
    endloop
  endfacet
  facet normal -0.99728 0 0.0737034
    outer loop
      vertex 3.21036 -36.6 18.9356
      vertex 3.21036 -35.6 18.9356
      vertex 3.20665 -36.6 18.8854
    endloop
  endfacet
  facet normal -0.994504 0 0.104695
    outer loop
      vertex 3.20146 -35.6 18.8361
      vertex 3.20146 -36.6 18.8361
      vertex 3.20665 -35.6 18.8854
    endloop
  endfacet
  facet normal -0.994504 0 0.104695
    outer loop
      vertex 3.20665 -36.6 18.8854
      vertex 3.20665 -35.6 18.8854
      vertex 3.20146 -36.6 18.8361
    endloop
  endfacet
  facet normal -0.990533 0 0.137277
    outer loop
      vertex 3.19478 -35.6 18.7879
      vertex 3.19478 -36.6 18.7879
      vertex 3.20146 -35.6 18.8361
    endloop
  endfacet
  facet normal -0.990533 0 0.137277
    outer loop
      vertex 3.20146 -36.6 18.8361
      vertex 3.20146 -35.6 18.8361
      vertex 3.19478 -36.6 18.7879
    endloop
  endfacet
  facet normal -0.985348 0 0.170557
    outer loop
      vertex 3.18661 -35.6 18.7407
      vertex 3.18661 -36.6 18.7407
      vertex 3.19478 -35.6 18.7879
    endloop
  endfacet
  facet normal -0.985348 0 0.170557
    outer loop
      vertex 3.19478 -36.6 18.7879
      vertex 3.19478 -35.6 18.7879
      vertex 3.18661 -36.6 18.7407
    endloop
  endfacet
  facet normal -0.978917 0 0.204259
    outer loop
      vertex 3.17697 -35.6 18.6945
      vertex 3.17697 -36.6 18.6945
      vertex 3.18661 -35.6 18.7407
    endloop
  endfacet
  facet normal -0.978917 0 0.204259
    outer loop
      vertex 3.18661 -36.6 18.7407
      vertex 3.18661 -35.6 18.7407
      vertex 3.17697 -36.6 18.6945
    endloop
  endfacet
  facet normal -0.971168 0 0.238397
    outer loop
      vertex 3.16585 -35.6 18.6492
      vertex 3.16585 -36.6 18.6492
      vertex 3.17697 -35.6 18.6945
    endloop
  endfacet
  facet normal -0.971168 0 0.238397
    outer loop
      vertex 3.17697 -36.6 18.6945
      vertex 3.17697 -35.6 18.6945
      vertex 3.16585 -36.6 18.6492
    endloop
  endfacet
  facet normal -0.961466 0 0.274923
    outer loop
      vertex 3.15324 -35.6 18.6051
      vertex 3.15324 -36.6 18.6051
      vertex 3.16585 -35.6 18.6492
    endloop
  endfacet
  facet normal -0.961466 0 0.274923
    outer loop
      vertex 3.16585 -36.6 18.6492
      vertex 3.16585 -35.6 18.6492
      vertex 3.15324 -36.6 18.6051
    endloop
  endfacet
  facet normal -0.950645 0 0.31028
    outer loop
      vertex 3.13914 -35.6 18.5619
      vertex 3.13914 -36.6 18.5619
      vertex 3.15324 -35.6 18.6051
    endloop
  endfacet
  facet normal -0.950645 0 0.31028
    outer loop
      vertex 3.15324 -36.6 18.6051
      vertex 3.15324 -35.6 18.6051
      vertex 3.13914 -36.6 18.5619
    endloop
  endfacet
  facet normal -0.93818 0 0.346148
    outer loop
      vertex 3.12357 -35.6 18.5197
      vertex 3.12357 -36.6 18.5197
      vertex 3.13914 -35.6 18.5619
    endloop
  endfacet
  facet normal -0.93818 0 0.346148
    outer loop
      vertex 3.13914 -36.6 18.5619
      vertex 3.13914 -35.6 18.5619
      vertex 3.12357 -36.6 18.5197
    endloop
  endfacet
  facet normal -0.923924 0 0.382576
    outer loop
      vertex 3.10651 -35.6 18.4785
      vertex 3.10651 -36.6 18.4785
      vertex 3.12357 -35.6 18.5197
    endloop
  endfacet
  facet normal -0.923924 0 0.382576
    outer loop
      vertex 3.12357 -36.6 18.5197
      vertex 3.12357 -35.6 18.5197
      vertex 3.10651 -36.6 18.4785
    endloop
  endfacet
  facet normal -0.907681 0 0.419661
    outer loop
      vertex 3.08797 -35.6 18.4384
      vertex 3.08797 -36.6 18.4384
      vertex 3.10651 -35.6 18.4785
    endloop
  endfacet
  facet normal -0.907681 0 0.419661
    outer loop
      vertex 3.10651 -36.6 18.4785
      vertex 3.10651 -35.6 18.4785
      vertex 3.08797 -36.6 18.4384
    endloop
  endfacet
  facet normal -0.889922 0 0.456113
    outer loop
      vertex 3.06793 -35.6 18.3993
      vertex 3.06793 -36.6 18.3993
      vertex 3.08797 -35.6 18.4384
    endloop
  endfacet
  facet normal -0.889922 0 0.456113
    outer loop
      vertex 3.08797 -36.6 18.4384
      vertex 3.08797 -35.6 18.4384
      vertex 3.06793 -36.6 18.3993
    endloop
  endfacet
  facet normal -0.871356 0 0.490651
    outer loop
      vertex 3.04642 -35.6 18.3611
      vertex 3.04642 -36.6 18.3611
      vertex 3.06793 -35.6 18.3993
    endloop
  endfacet
  facet normal -0.871356 0 0.490651
    outer loop
      vertex 3.06793 -36.6 18.3993
      vertex 3.06793 -35.6 18.3993
      vertex 3.04642 -36.6 18.3611
    endloop
  endfacet
  facet normal -0.849923 0 0.526907
    outer loop
      vertex 3.02342 -35.6 18.324
      vertex 3.02342 -36.6 18.324
      vertex 3.04642 -35.6 18.3611
    endloop
  endfacet
  facet normal -0.849923 0 0.526907
    outer loop
      vertex 3.04642 -36.6 18.3611
      vertex 3.04642 -35.6 18.3611
      vertex 3.02342 -36.6 18.324
    endloop
  endfacet
  facet normal -0.827757 0 0.561086
    outer loop
      vertex 2.99895 -35.6 18.2879
      vertex 2.99895 -36.6 18.2879
      vertex 3.02342 -35.6 18.324
    endloop
  endfacet
  facet normal -0.827757 0 0.561086
    outer loop
      vertex 3.02342 -36.6 18.324
      vertex 3.02342 -35.6 18.324
      vertex 2.99895 -36.6 18.2879
    endloop
  endfacet
  facet normal -0.803886 0 0.594784
    outer loop
      vertex 2.97298 -35.6 18.2528
      vertex 2.97298 -36.6 18.2528
      vertex 2.99895 -35.6 18.2879
    endloop
  endfacet
  facet normal -0.803886 0 0.594784
    outer loop
      vertex 2.99895 -36.6 18.2879
      vertex 2.99895 -35.6 18.2879
      vertex 2.97298 -36.6 18.2528
    endloop
  endfacet
  facet normal -0.778971 0 0.62706
    outer loop
      vertex 2.94553 -35.6 18.2187
      vertex 2.94553 -36.6 18.2187
      vertex 2.97298 -35.6 18.2528
    endloop
  endfacet
  facet normal -0.778971 0 0.62706
    outer loop
      vertex 2.97298 -36.6 18.2528
      vertex 2.97298 -35.6 18.2528
      vertex 2.94553 -36.6 18.2187
    endloop
  endfacet
  facet normal -0.752943 0 0.658086
    outer loop
      vertex 2.9166 -35.6 18.1856
      vertex 2.9166 -36.6 18.1856
      vertex 2.94553 -35.6 18.2187
    endloop
  endfacet
  facet normal -0.752943 0 0.658086
    outer loop
      vertex 2.94553 -36.6 18.2187
      vertex 2.94553 -35.6 18.2187
      vertex 2.9166 -36.6 18.1856
    endloop
  endfacet
  facet normal -0.724773 0 0.688988
    outer loop
      vertex 2.88618 -35.6 18.1536
      vertex 2.88618 -36.6 18.1536
      vertex 2.9166 -35.6 18.1856
    endloop
  endfacet
  facet normal -0.724773 0 0.688988
    outer loop
      vertex 2.9166 -36.6 18.1856
      vertex 2.9166 -35.6 18.1856
      vertex 2.88618 -36.6 18.1536
    endloop
  endfacet
  facet normal -0.698184 0 0.715919
    outer loop
      vertex 2.85429 -35.6 18.1225
      vertex 2.85429 -36.6 18.1225
      vertex 2.88618 -35.6 18.1536
    endloop
  endfacet
  facet normal -0.698184 0 0.715919
    outer loop
      vertex 2.88618 -36.6 18.1536
      vertex 2.88618 -35.6 18.1536
      vertex 2.85429 -36.6 18.1225
    endloop
  endfacet
  facet normal -0.665306 0 0.746571
    outer loop
      vertex 2.82085 -35.6 18.0927
      vertex 2.82085 -36.6 18.0927
      vertex 2.85429 -35.6 18.1225
    endloop
  endfacet
  facet normal -0.665306 0 0.746571
    outer loop
      vertex 2.85429 -36.6 18.1225
      vertex 2.85429 -35.6 18.1225
      vertex 2.82085 -36.6 18.0927
    endloop
  endfacet
  facet normal -0.630993 0 0.775789
    outer loop
      vertex 2.78581 -35.6 18.0642
      vertex 2.78581 -36.6 18.0642
      vertex 2.82085 -35.6 18.0927
    endloop
  endfacet
  facet normal -0.630993 0 0.775789
    outer loop
      vertex 2.82085 -36.6 18.0927
      vertex 2.82085 -35.6 18.0927
      vertex 2.78581 -36.6 18.0642
    endloop
  endfacet
  facet normal -0.59444 0 0.80414
    outer loop
      vertex 2.74915 -35.6 18.0371
      vertex 2.74915 -36.6 18.0371
      vertex 2.78581 -35.6 18.0642
    endloop
  endfacet
  facet normal -0.59444 0 0.80414
    outer loop
      vertex 2.78581 -36.6 18.0642
      vertex 2.78581 -35.6 18.0642
      vertex 2.74915 -36.6 18.0371
    endloop
  endfacet
  facet normal -0.557601 0 0.830109
    outer loop
      vertex 2.71089 -35.6 18.0114
      vertex 2.71089 -36.6 18.0114
      vertex 2.74915 -35.6 18.0371
    endloop
  endfacet
  facet normal -0.557601 0 0.830109
    outer loop
      vertex 2.74915 -36.6 18.0371
      vertex 2.74915 -35.6 18.0371
      vertex 2.71089 -36.6 18.0114
    endloop
  endfacet
  facet normal -0.520341 0 0.853959
    outer loop
      vertex 2.67101 -35.6 17.9871
      vertex 2.67101 -36.6 17.9871
      vertex 2.71089 -35.6 18.0114
    endloop
  endfacet
  facet normal -0.520341 0 0.853959
    outer loop
      vertex 2.71089 -36.6 18.0114
      vertex 2.71089 -35.6 18.0114
      vertex 2.67101 -36.6 17.9871
    endloop
  endfacet
  facet normal -0.483312 0 0.875448
    outer loop
      vertex 2.62953 -35.6 17.9642
      vertex 2.62953 -36.6 17.9642
      vertex 2.67101 -35.6 17.9871
    endloop
  endfacet
  facet normal -0.483312 0 0.875448
    outer loop
      vertex 2.67101 -36.6 17.9871
      vertex 2.67101 -35.6 17.9871
      vertex 2.62953 -36.6 17.9642
    endloop
  endfacet
  facet normal -0.446383 0 0.894842
    outer loop
      vertex 2.58643 -35.6 17.9427
      vertex 2.58643 -36.6 17.9427
      vertex 2.62953 -35.6 17.9642
    endloop
  endfacet
  facet normal -0.446383 0 0.894842
    outer loop
      vertex 2.62953 -36.6 17.9642
      vertex 2.62953 -35.6 17.9642
      vertex 2.58643 -36.6 17.9427
    endloop
  endfacet
  facet normal -0.41011 0 0.912036
    outer loop
      vertex 2.54173 -35.6 17.9226
      vertex 2.54173 -36.6 17.9226
      vertex 2.58643 -35.6 17.9427
    endloop
  endfacet
  facet normal -0.41011 0 0.912036
    outer loop
      vertex 2.58643 -36.6 17.9427
      vertex 2.58643 -35.6 17.9427
      vertex 2.54173 -36.6 17.9226
    endloop
  endfacet
  facet normal -0.376077 0 0.926589
    outer loop
      vertex 2.49541 -35.6 17.9038
      vertex 2.49541 -36.6 17.9038
      vertex 2.54173 -35.6 17.9226
    endloop
  endfacet
  facet normal -0.376077 0 0.926589
    outer loop
      vertex 2.54173 -36.6 17.9226
      vertex 2.54173 -35.6 17.9226
      vertex 2.49541 -36.6 17.9038
    endloop
  endfacet
  facet normal -0.339567 0 0.940582
    outer loop
      vertex 2.44749 -35.6 17.8865
      vertex 2.44749 -36.6 17.8865
      vertex 2.49541 -35.6 17.9038
    endloop
  endfacet
  facet normal -0.339567 0 0.940582
    outer loop
      vertex 2.49541 -36.6 17.9038
      vertex 2.49541 -35.6 17.9038
      vertex 2.44749 -36.6 17.8865
    endloop
  endfacet
  facet normal -0.30734 0 0.9516
    outer loop
      vertex 2.39795 -35.6 17.8705
      vertex 2.39795 -36.6 17.8705
      vertex 2.44749 -35.6 17.8865
    endloop
  endfacet
  facet normal -0.30734 0 0.9516
    outer loop
      vertex 2.44749 -36.6 17.8865
      vertex 2.44749 -35.6 17.8865
      vertex 2.39795 -36.6 17.8705
    endloop
  endfacet
  facet normal -0.274473 0 0.961595
    outer loop
      vertex 2.3468 -35.6 17.8559
      vertex 2.3468 -36.6 17.8559
      vertex 2.39795 -35.6 17.8705
    endloop
  endfacet
  facet normal -0.274473 0 0.961595
    outer loop
      vertex 2.39795 -36.6 17.8705
      vertex 2.39795 -35.6 17.8705
      vertex 2.3468 -36.6 17.8559
    endloop
  endfacet
  facet normal -0.242752 0 0.970088
    outer loop
      vertex 2.29405 -35.6 17.8427
      vertex 2.29405 -36.6 17.8427
      vertex 2.3468 -35.6 17.8559
    endloop
  endfacet
  facet normal -0.242752 0 0.970088
    outer loop
      vertex 2.3468 -36.6 17.8559
      vertex 2.3468 -35.6 17.8559
      vertex 2.29405 -36.6 17.8427
    endloop
  endfacet
  facet normal -0.212131 0 0.977241
    outer loop
      vertex 2.23969 -35.6 17.8309
      vertex 2.23969 -36.6 17.8309
      vertex 2.29405 -35.6 17.8427
    endloop
  endfacet
  facet normal -0.212131 0 0.977241
    outer loop
      vertex 2.29405 -36.6 17.8427
      vertex 2.29405 -35.6 17.8427
      vertex 2.23969 -36.6 17.8309
    endloop
  endfacet
  facet normal -0.182687 0 0.983171
    outer loop
      vertex 2.18372 -35.6 17.8205
      vertex 2.18372 -36.6 17.8205
      vertex 2.23969 -35.6 17.8309
    endloop
  endfacet
  facet normal -0.182687 0 0.983171
    outer loop
      vertex 2.23969 -36.6 17.8309
      vertex 2.23969 -35.6 17.8309
      vertex 2.18372 -36.6 17.8205
    endloop
  endfacet
  facet normal -0.154403 0 0.988008
    outer loop
      vertex 2.12613 -35.6 17.8115
      vertex 2.12613 -36.6 17.8115
      vertex 2.18372 -35.6 17.8205
    endloop
  endfacet
  facet normal -0.154403 0 0.988008
    outer loop
      vertex 2.18372 -36.6 17.8205
      vertex 2.18372 -35.6 17.8205
      vertex 2.12613 -36.6 17.8115
    endloop
  endfacet
  facet normal -0.129003 0 0.991644
    outer loop
      vertex 2.06694 -35.6 17.8038
      vertex 2.06694 -36.6 17.8038
      vertex 2.12613 -35.6 17.8115
    endloop
  endfacet
  facet normal -0.129003 0 0.991644
    outer loop
      vertex 2.12613 -36.6 17.8115
      vertex 2.12613 -35.6 17.8115
      vertex 2.06694 -36.6 17.8038
    endloop
  endfacet
  facet normal -0.101431 0 0.994843
    outer loop
      vertex 2.00613 -35.6 17.7976
      vertex 2.00613 -36.6 17.7976
      vertex 2.06694 -35.6 17.8038
    endloop
  endfacet
  facet normal -0.101431 0 0.994843
    outer loop
      vertex 2.06694 -36.6 17.8038
      vertex 2.06694 -35.6 17.8038
      vertex 2.00613 -36.6 17.7976
    endloop
  endfacet
  facet normal -0.0782597 0 0.996933
    outer loop
      vertex 1.94371 -35.6 17.7927
      vertex 1.94371 -36.6 17.7927
      vertex 2.00613 -35.6 17.7976
    endloop
  endfacet
  facet normal -0.0782597 0 0.996933
    outer loop
      vertex 2.00613 -36.6 17.7976
      vertex 2.00613 -35.6 17.7976
      vertex 1.94371 -36.6 17.7927
    endloop
  endfacet
  facet normal -0.0530254 0 0.998593
    outer loop
      vertex 1.87968 -35.6 17.7893
      vertex 1.87968 -36.6 17.7893
      vertex 1.94371 -35.6 17.7927
    endloop
  endfacet
  facet normal -0.0530254 0 0.998593
    outer loop
      vertex 1.94371 -36.6 17.7927
      vertex 1.94371 -35.6 17.7927
      vertex 1.87968 -36.6 17.7893
    endloop
  endfacet
  facet normal -0.0319861 0 0.999488
    outer loop
      vertex 1.81406 -35.6 17.7872
      vertex 1.81406 -36.6 17.7872
      vertex 1.87968 -35.6 17.7893
    endloop
  endfacet
  facet normal -0.0319861 0 0.999488
    outer loop
      vertex 1.87968 -36.6 17.7893
      vertex 1.87968 -35.6 17.7893
      vertex 1.81406 -36.6 17.7872
    endloop
  endfacet
  facet normal -0.0104084 0 0.999946
    outer loop
      vertex 1.74681 -35.6 17.7865
      vertex 1.74681 -36.6 17.7865
      vertex 1.81406 -35.6 17.7872
    endloop
  endfacet
  facet normal -0.0104084 0 0.999946
    outer loop
      vertex 1.81406 -36.6 17.7872
      vertex 1.81406 -35.6 17.7872
      vertex 1.74681 -36.6 17.7865
    endloop
  endfacet
  facet normal -0 0 1
    outer loop
      vertex 0.432968 -35.6 17.7865
      vertex 0.432968 -36.6 17.7865
      vertex 1.74681 -35.6 17.7865
    endloop
  endfacet
  facet normal 0 -0 1
    outer loop
      vertex 1.74681 -36.6 17.7865
      vertex 1.74681 -35.6 17.7865
      vertex 0.432968 -36.6 17.7865
    endloop
  endfacet
  facet normal 1 0 0
    outer loop
      vertex 0.432968 -35.6 20.2918
      vertex 0.432968 -36.6 20.2918
      vertex 0.432968 -35.6 17.7865
    endloop
  endfacet
  facet normal 1 0 0
    outer loop
      vertex 0.432968 -36.6 17.7865
      vertex 0.432968 -35.6 17.7865
      vertex 0.432968 -36.6 20.2918
    endloop
  endfacet
  facet normal -0 0 -1
    outer loop
      vertex 16.8527 -35.6 20.2765
      vertex 13.721 -36.6 20.2765
      vertex 13.721 -35.6 20.2765
    endloop
  endfacet
  facet normal 0 -0 -1
    outer loop
      vertex 16.8527 -35.6 20.2765
      vertex 16.8527 -36.6 20.2765
      vertex 13.721 -36.6 20.2765
    endloop
  endfacet
  facet normal 1 0 0
    outer loop
      vertex 16.8527 -35.6 23.0722
      vertex 16.8527 -36.6 20.2765
      vertex 16.8527 -35.6 20.2765
    endloop
  endfacet
  facet normal 1 0 0
    outer loop
      vertex 16.8527 -35.6 23.0722
      vertex 16.8527 -36.6 23.0722
      vertex 16.8527 -36.6 20.2765
    endloop
  endfacet
  facet normal -0 0 1
    outer loop
      vertex 6.98395 -35.6 23.0722
      vertex 16.8527 -36.6 23.0722
      vertex 16.8527 -35.6 23.0722
    endloop
  endfacet
  facet normal 0 0 1
    outer loop
      vertex 6.98395 -35.6 23.0722
      vertex 6.98395 -36.6 23.0722
      vertex 16.8527 -36.6 23.0722
    endloop
  endfacet
  facet normal -1 0 0
    outer loop
      vertex 6.98395 -35.6 20.2765
      vertex 6.98395 -36.6 23.0722
      vertex 6.98395 -35.6 23.0722
    endloop
  endfacet
  facet normal -1 0 0
    outer loop
      vertex 6.98395 -35.6 20.2765
      vertex 6.98395 -36.6 20.2765
      vertex 6.98395 -36.6 23.0722
    endloop
  endfacet
  facet normal -0 0 -1
    outer loop
      vertex 10.1157 -35.6 20.2765
      vertex 6.98395 -36.6 20.2765
      vertex 6.98395 -35.6 20.2765
    endloop
  endfacet
  facet normal 0 -0 -1
    outer loop
      vertex 10.1157 -35.6 20.2765
      vertex 10.1157 -36.6 20.2765
      vertex 6.98395 -36.6 20.2765
    endloop
  endfacet
  facet normal -1 0 0
    outer loop
      vertex 10.1157 -35.6 12.3784
      vertex 10.1157 -36.6 20.2765
      vertex 10.1157 -35.6 20.2765
    endloop
  endfacet
  facet normal -1 0 0
    outer loop
      vertex 10.1157 -35.6 12.3784
      vertex 10.1157 -36.6 12.3784
      vertex 10.1157 -36.6 20.2765
    endloop
  endfacet
  facet normal -0 0 -1
    outer loop
      vertex 13.721 -35.6 12.3784
      vertex 10.1157 -36.6 12.3784
      vertex 10.1157 -35.6 12.3784
    endloop
  endfacet
  facet normal 0 -0 -1
    outer loop
      vertex 13.721 -35.6 12.3784
      vertex 13.721 -36.6 12.3784
      vertex 10.1157 -36.6 12.3784
    endloop
  endfacet
  facet normal 1 0 0
    outer loop
      vertex 13.721 -35.6 20.2765
      vertex 13.721 -36.6 12.3784
      vertex 13.721 -35.6 12.3784
    endloop
  endfacet
  facet normal 1 0 0
    outer loop
      vertex 13.721 -35.6 20.2765
      vertex 13.721 -36.6 20.2765
      vertex 13.721 -36.6 12.3784
    endloop
  endfacet
endsolid OpenSCAD_Model
