solid OpenSCAD_Model
  facet normal 0 0 -1
    outer loop
      vertex -1.22066 -7.06422 7.4
      vertex -1.45836 -5.79507 7.4
      vertex -1.17444 -7.05174 7.4
    endloop
  endfacet
  facet normal 0 -0 -1
    outer loop
      vertex -1.38144 -5.7812 7.4
      vertex -1.06963 -7.02046 7.4
      vertex -1.4068 -5.78683 7.4
    endloop
  endfacet
  facet normal 0 0 -1
    outer loop
      vertex -1.12407 -7.03723 7.4
      vertex -1.43246 -5.79146 7.4
      vertex -1.1199 -7.03598 7.4
    endloop
  endfacet
  facet normal 0 0 -1
    outer loop
      vertex -1.1199 -7.03598 7.4
      vertex -1.4068 -5.78683 7.4
      vertex -1.07382 -7.02179 7.4
    endloop
  endfacet
  facet normal 0 0 -1
    outer loop
      vertex -1.1199 -7.03598 7.4
      vertex -1.43246 -5.79146 7.4
      vertex -1.4068 -5.78683 7.4
    endloop
  endfacet
  facet normal 0 0 -1
    outer loop
      vertex -1.02362 -7.0054 7.4
      vertex -1.38144 -5.7812 7.4
      vertex -1.01956 -7.00403 7.4
    endloop
  endfacet
  facet normal 0 0 -1
    outer loop
      vertex -1.35593 -5.77446 7.4
      vertex -1.33049 -5.76666 7.4
      vertex -0.919724 -6.96843 7.4
    endloop
  endfacet
  facet normal 0 0 -1
    outer loop
      vertex -1.35593 -5.77446 7.4
      vertex -0.919724 -6.96843 7.4
      vertex -0.969635 -6.98669 7.4
    endloop
  endfacet
  facet normal 0 0 -1
    outer loop
      vertex -0.973618 -6.98811 7.4
      vertex -1.35593 -5.77446 7.4
      vertex -0.969635 -6.98669 7.4
    endloop
  endfacet
  facet normal 0 0 -1
    outer loop
      vertex -1.01956 -7.00403 7.4
      vertex -1.38144 -5.7812 7.4
      vertex -1.35593 -5.77446 7.4
    endloop
  endfacet
  facet normal 0 0 -1
    outer loop
      vertex -0.770126 -6.90778 7.4
      vertex -1.27957 -5.74773 7.4
      vertex -1.25438 -5.73669 7.4
    endloop
  endfacet
  facet normal 0 0 -1
    outer loop
      vertex -0.870056 -6.94926 7.4
      vertex -1.30498 -5.75774 7.4
      vertex -0.82431 -6.93077 7.4
    endloop
  endfacet
  facet normal 0 0 -1
    outer loop
      vertex -1.30498 -5.75774 7.4
      vertex -0.82045 -6.92917 7.4
      vertex -0.82431 -6.93077 7.4
    endloop
  endfacet
  facet normal 0 0 -1
    outer loop
      vertex -1.27957 -5.74773 7.4
      vertex -0.770126 -6.90778 7.4
      vertex -0.774765 -6.90981 7.4
    endloop
  endfacet
  facet normal 0 0 -1
    outer loop
      vertex -0.873917 -6.95079 7.4
      vertex -1.33049 -5.76666 7.4
      vertex -1.30498 -5.75774 7.4
    endloop
  endfacet
  facet normal -0 0 -1
    outer loop
      vertex -0.673538 -6.86308 7.4
      vertex -0.718994 -6.8848 7.4
      vertex -1.25438 -5.73669 7.4
    endloop
  endfacet
  facet normal 0 0 -1
    outer loop
      vertex -1.25438 -5.73669 7.4
      vertex -0.718994 -6.8848 7.4
      vertex -0.724548 -6.88736 7.4
    endloop
  endfacet
  facet normal -0 0 -1
    outer loop
      vertex -0.622803 -6.83742 7.4
      vertex -0.668137 -6.86043 7.4
      vertex -1.22852 -5.7242 7.4
    endloop
  endfacet
  facet normal 0 -0 -1
    outer loop
      vertex -1.20273 -5.71057 7.4
      vertex -0.622803 -6.83742 7.4
      vertex -1.22852 -5.7242 7.4
    endloop
  endfacet
  facet normal 0 0 -1
    outer loop
      vertex -1.43246 -5.79146 7.4
      vertex -1.17021 -7.05057 7.4
      vertex -1.17444 -7.05174 7.4
    endloop
  endfacet
  facet normal -0 0 -1
    outer loop
      vertex -0.567368 -6.80762 7.4
      vertex -0.572403 -6.81041 7.4
      vertex -1.20273 -5.71057 7.4
    endloop
  endfacet
  facet normal -0 0 -1
    outer loop
      vertex -0.472397 -6.75224 7.4
      vertex -0.517319 -6.77913 7.4
      vertex -1.1514 -5.67982 7.4
    endloop
  endfacet
  facet normal -0 0 -1
    outer loop
      vertex -0.467773 -6.7494 7.4
      vertex -0.472397 -6.75224 7.4
      vertex -1.1514 -5.67982 7.4
    endloop
  endfacet
  facet normal 0 -0 -1
    outer loop
      vertex -1.09892 -5.64345 7.4
      vertex -0.373657 -6.6888 7.4
      vertex -1.12495 -5.66216 7.4
    endloop
  endfacet
  facet normal 0 0 -1
    outer loop
      vertex 0.646255 -5.63628 7.4
      vertex -0.550293 -4.88986 7.4
      vertex 0.68837 -5.57417 7.4
    endloop
  endfacet
  facet normal 0 0 -1
    outer loop
      vertex -1.07245 -5.62315 7.4
      vertex -1.04597 -5.60153 7.4
      vertex -0.276138 -6.6201 7.4
    endloop
  endfacet
  facet normal 0 0 -1
    outer loop
      vertex -0.579559 -4.94949 7.4
      vertex 0.646255 -5.63628 7.4
      vertex 0.600143 -5.70235 7.4
    endloop
  endfacet
  facet normal 0 0 -1
    outer loop
      vertex -1.01964 -5.57872 7.4
      vertex -0.993134 -5.5544 7.4
      vertex -0.175964 -6.54311 7.4
    endloop
  endfacet
  facet normal 0 0 -1
    outer loop
      vertex -0.179688 -6.54608 7.4
      vertex -1.01964 -5.57872 7.4
      vertex -0.175964 -6.54311 7.4
    endloop
  endfacet
  facet normal 0 0 -1
    outer loop
      vertex -0.6082 -5.00571 7.4
      vertex 0.557907 -5.76108 7.4
      vertex 0.555725 -5.76407 7.4
    endloop
  endfacet
  facet normal 0 0 -1
    outer loop
      vertex 0.468719 -5.8795 7.4
      vertex -0.666138 -5.11302 7.4
      vertex 0.513412 -5.82111 7.4
    endloop
  endfacet
  facet normal 0 0 -1
    outer loop
      vertex -0.0338745 -6.42249 7.4
      vertex -0.91362 -5.47289 7.4
      vertex 0.00971985 -6.38271 7.4
    endloop
  endfacet
  facet normal 0 0 -1
    outer loop
      vertex 0.00971985 -6.38271 7.4
      vertex -0.91362 -5.47289 7.4
      vertex 0.0128937 -6.37975 7.4
    endloop
  endfacet
  facet normal 0 0 -1
    outer loop
      vertex 0.423904 -5.93623 7.4
      vertex -0.694519 -5.16245 7.4
      vertex 0.466339 -5.88257 7.4
    endloop
  endfacet
  facet normal 0 0 -1
    outer loop
      vertex 0.42131 -5.93945 7.4
      vertex -0.694519 -5.16245 7.4
      vertex 0.423904 -5.93623 7.4
    endloop
  endfacet
  facet normal 0 0 -1
    outer loop
      vertex 0.378799 -5.99142 7.4
      vertex -0.723343 -5.21051 7.4
      vertex -0.694519 -5.16245 7.4
    endloop
  endfacet
  facet normal 0 0 -1
    outer loop
      vertex 0.333481 -6.045 7.4
      vertex -0.75116 -5.25485 7.4
      vertex -0.723343 -5.21051 7.4
    endloop
  endfacet
  facet normal 0 0 -1
    outer loop
      vertex -0.75116 -5.25485 7.4
      vertex 0.330933 -6.04796 7.4
      vertex 0.285767 -6.09961 7.4
    endloop
  endfacet
  facet normal 0 0 -1
    outer loop
      vertex -0.806961 -5.33769 7.4
      vertex 0.24295 -6.14713 7.4
      vertex 0.194794 -6.19897 7.4
    endloop
  endfacet
  facet normal 0 0 -1
    outer loop
      vertex -0.834152 -5.37508 7.4
      vertex -0.806961 -5.33769 7.4
      vertex 0.194794 -6.19897 7.4
    endloop
  endfacet
  facet normal 0 0 -1
    outer loop
      vertex 0.151733 -6.24391 7.4
      vertex -0.834152 -5.37508 7.4
      vertex 0.194794 -6.19897 7.4
    endloop
  endfacet
  facet normal 0 0 -1
    outer loop
      vertex 0.102753 -6.29338 7.4
      vertex -0.888 -5.44325 7.4
      vertex -0.86113 -5.4102 7.4
    endloop
  endfacet
  facet normal 0 0 -1
    outer loop
      vertex -0.888 -5.44325 7.4
      vertex 0.0594177 -6.33574 7.4
      vertex 0.056366 -6.33867 7.4
    endloop
  endfacet
  facet normal -0 0 -1
    outer loop
      vertex 0.105682 -6.29047 7.4
      vertex 0.102753 -6.29338 7.4
      vertex -0.86113 -5.4102 7.4
    endloop
  endfacet
  facet normal -0 0 -1
    outer loop
      vertex 0.151733 -6.24391 7.4
      vertex 0.105682 -6.29047 7.4
      vertex -0.86113 -5.4102 7.4
    endloop
  endfacet
  facet normal 0 0 -1
    outer loop
      vertex -0.806961 -5.33769 7.4
      vertex -0.779388 -5.29778 7.4
      vertex 0.24295 -6.14713 7.4
    endloop
  endfacet
  facet normal 0 0 -1
    outer loop
      vertex 0.24295 -6.14713 7.4
      vertex -0.779388 -5.29778 7.4
      vertex 0.285767 -6.09961 7.4
    endloop
  endfacet
  facet normal -0 0 -1
    outer loop
      vertex 0.333481 -6.045 7.4
      vertex 0.330933 -6.04796 7.4
      vertex -0.75116 -5.25485 7.4
    endloop
  endfacet
  facet normal 0 0 -1
    outer loop
      vertex -0.723343 -5.21051 7.4
      vertex 0.376068 -5.99471 7.4
      vertex 0.333481 -6.045 7.4
    endloop
  endfacet
  facet normal -0 0 -1
    outer loop
      vertex 0.42131 -5.93945 7.4
      vertex 0.378799 -5.99142 7.4
      vertex -0.694519 -5.16245 7.4
    endloop
  endfacet
  facet normal 0 0 -1
    outer loop
      vertex 0.376068 -5.99471 7.4
      vertex -0.723343 -5.21051 7.4
      vertex 0.378799 -5.99142 7.4
    endloop
  endfacet
  facet normal 0 0 -1
    outer loop
      vertex 0.466339 -5.88257 7.4
      vertex -0.694519 -5.16245 7.4
      vertex -0.666138 -5.11302 7.4
    endloop
  endfacet
  facet normal -0 0 -1
    outer loop
      vertex 0.468719 -5.8795 7.4
      vertex 0.466339 -5.88257 7.4
      vertex -0.666138 -5.11302 7.4
    endloop
  endfacet
  facet normal 0 0 -1
    outer loop
      vertex 0.513412 -5.82111 7.4
      vertex -0.666138 -5.11302 7.4
      vertex -0.637482 -5.061 7.4
    endloop
  endfacet
  facet normal 0 0 -1
    outer loop
      vertex 0.555725 -5.76407 7.4
      vertex -0.637482 -5.061 7.4
      vertex -0.6082 -5.00571 7.4
    endloop
  endfacet
  facet normal -0 0 -1
    outer loop
      vertex 0.555725 -5.76407 7.4
      vertex 0.513412 -5.82111 7.4
      vertex -0.637482 -5.061 7.4
    endloop
  endfacet
  facet normal 0 0 -1
    outer loop
      vertex 0.285767 -6.09961 7.4
      vertex -0.779388 -5.29778 7.4
      vertex -0.75116 -5.25485 7.4
    endloop
  endfacet
  facet normal 0 -0 -1
    outer loop
      vertex -0.579559 -4.94949 7.4
      vertex 0.600143 -5.70235 7.4
      vertex -0.6082 -5.00571 7.4
    endloop
  endfacet
  facet normal 0 0 -1
    outer loop
      vertex -0.6082 -5.00571 7.4
      vertex 0.600143 -5.70235 7.4
      vertex 0.557907 -5.76108 7.4
    endloop
  endfacet
  facet normal 0 0 -1
    outer loop
      vertex -0.86113 -5.4102 7.4
      vertex -0.834152 -5.37508 7.4
      vertex 0.151733 -6.24391 7.4
    endloop
  endfacet
  facet normal 0 0 -1
    outer loop
      vertex 0.646255 -5.63628 7.4
      vertex -0.579559 -4.94949 7.4
      vertex -0.550293 -4.88986 7.4
    endloop
  endfacet
  facet normal 0 0 -1
    outer loop
      vertex 0.68837 -5.57417 7.4
      vertex -0.550293 -4.88986 7.4
      vertex -0.520889 -4.82777 7.4
    endloop
  endfacet
  facet normal -0 0 -1
    outer loop
      vertex 0.102753 -6.29338 7.4
      vertex 0.0594177 -6.33574 7.4
      vertex -0.888 -5.44325 7.4
    endloop
  endfacet
  facet normal 0 -0 -1
    outer loop
      vertex -0.888 -5.44325 7.4
      vertex 0.056366 -6.33867 7.4
      vertex -0.91362 -5.47289 7.4
    endloop
  endfacet
  facet normal 0 0 -1
    outer loop
      vertex -0.520889 -4.82777 7.4
      vertex -0.491516 -4.76355 7.4
      vertex 0.733978 -5.50499 7.4
    endloop
  endfacet
  facet normal 0 0 -1
    outer loop
      vertex 0.733978 -5.50499 7.4
      vertex -0.491516 -4.76355 7.4
      vertex 0.777588 -5.43694 7.4
    endloop
  endfacet
  facet normal 0 0 -1
    outer loop
      vertex -1.04597 -5.60153 7.4
      vertex -0.272034 -6.61707 7.4
      vertex -0.276138 -6.6201 7.4
    endloop
  endfacet
  facet normal 0 0 -1
    outer loop
      vertex -1.09892 -5.64345 7.4
      vertex -0.369263 -6.68584 7.4
      vertex -0.373657 -6.6888 7.4
    endloop
  endfacet
  facet normal 0 -0 -1
    outer loop
      vertex -1.1514 -5.67982 7.4
      vertex -0.517319 -6.77913 7.4
      vertex -1.17699 -5.69576 7.4
    endloop
  endfacet
  facet normal 0 -0 -1
    outer loop
      vertex -0.462311 -4.69753 7.4
      vertex 0.777588 -5.43694 7.4
      vertex -0.491516 -4.76355 7.4
    endloop
  endfacet
  facet normal 0 0 -1
    outer loop
      vertex -0.462311 -4.69753 7.4
      vertex 0.821045 -5.36726 7.4
      vertex 0.777588 -5.43694 7.4
    endloop
  endfacet
  facet normal 0 0 -1
    outer loop
      vertex -0.462311 -4.69753 7.4
      vertex 0.8629 -5.2984 7.4
      vertex 0.821045 -5.36726 7.4
    endloop
  endfacet
  facet normal 0 0 -1
    outer loop
      vertex -0.432724 -4.6284 7.4
      vertex 0.907532 -5.22304 7.4
      vertex 0.8629 -5.2984 7.4
    endloop
  endfacet
  facet normal 0 0 -1
    outer loop
      vertex -0.432724 -4.6284 7.4
      vertex -0.40271 -4.55605 7.4
      vertex 0.907532 -5.22304 7.4
    endloop
  endfacet
  facet normal 0 0 -1
    outer loop
      vertex 0.907532 -5.22304 7.4
      vertex -0.40271 -4.55605 7.4
      vertex 0.950577 -5.14848 7.4
    endloop
  endfacet
  facet normal 0 0 -1
    outer loop
      vertex 0.950577 -5.14848 7.4
      vertex -0.37413 -4.48499 7.4
      vertex 0.992218 -5.07457 7.4
    endloop
  endfacet
  facet normal 0 0 -1
    outer loop
      vertex 0.992218 -5.07457 7.4
      vertex -0.37413 -4.48499 7.4
      vertex -0.343964 -4.40768 7.4
    endloop
  endfacet
  facet normal -0 0 -1
    outer loop
      vertex 1.03624 -4.99455 7.4
      vertex 0.992218 -5.07457 7.4
      vertex -0.343964 -4.40768 7.4
    endloop
  endfacet
  facet normal -0 0 -1
    outer loop
      vertex 1.07889 -4.91512 7.4
      vertex 1.03624 -4.99455 7.4
      vertex -0.314484 -4.33 7.4
    endloop
  endfacet
  facet normal 0 -0 -1
    outer loop
      vertex -0.285141 -4.2504 7.4
      vertex 1.07889 -4.91512 7.4
      vertex -0.314484 -4.33 7.4
    endloop
  endfacet
  facet normal 0 -0 -1
    outer loop
      vertex -0.263397 -4.18768 7.4
      vertex 1.1214 -4.83408 7.4
      vertex -0.285141 -4.2504 7.4
    endloop
  endfacet
  facet normal 0 -0 -1
    outer loop
      vertex -0.240662 -4.12137 7.4
      vertex 1.16379 -4.75142 7.4
      vertex -0.263397 -4.18768 7.4
    endloop
  endfacet
  facet normal 0 0 -1
    outer loop
      vertex -0.240662 -4.12137 7.4
      vertex 1.20607 -4.66711 7.4
      vertex 1.16379 -4.75142 7.4
    endloop
  endfacet
  facet normal 0 0 -1
    outer loop
      vertex -0.217758 -4.05376 7.4
      vertex 1.24828 -4.58115 7.4
      vertex 1.20607 -4.66711 7.4
    endloop
  endfacet
  facet normal 0 0 -1
    outer loop
      vertex -0.217758 -4.05376 7.4
      vertex -0.194733 -3.98511 7.4
      vertex 1.24828 -4.58115 7.4
    endloop
  endfacet
  facet normal 0 0 -1
    outer loop
      vertex 1.24828 -4.58115 7.4
      vertex -0.194733 -3.98511 7.4
      vertex 1.29033 -4.49358 7.4
    endloop
  endfacet
  facet normal 0 0 -1
    outer loop
      vertex 1.29033 -4.49358 7.4
      vertex -0.171555 -3.91519 7.4
      vertex -0.148224 -3.84409 7.4
    endloop
  endfacet
  facet normal -0 0 -1
    outer loop
      vertex 1.33145 -4.40616 7.4
      vertex 1.29033 -4.49358 7.4
      vertex -0.148224 -3.84409 7.4
    endloop
  endfacet
  facet normal -0 0 -1
    outer loop
      vertex 1.33331 -4.40208 7.4
      vertex 1.33145 -4.40616 7.4
      vertex -0.148224 -3.84409 7.4
    endloop
  endfacet
  facet normal -0 0 -1
    outer loop
      vertex 1.37036 -4.31949 7.4
      vertex 1.33331 -4.40208 7.4
      vertex -0.124771 -3.7719 7.4
    endloop
  endfacet
  facet normal 0 -0 -1
    outer loop
      vertex -0.100952 -3.69777 7.4
      vertex 1.37036 -4.31949 7.4
      vertex -0.124771 -3.7719 7.4
    endloop
  endfacet
  facet normal 0 -0 -1
    outer loop
      vertex -0.0774231 -3.62386 7.4
      vertex 1.4072 -4.23595 7.4
      vertex -0.100952 -3.69777 7.4
    endloop
  endfacet
  facet normal 0 0 -1
    outer loop
      vertex -0.0774231 -3.62386 7.4
      vertex 1.44376 -4.15152 7.4
      vertex 1.4072 -4.23595 7.4
    endloop
  endfacet
  facet normal 0 0 -1
    outer loop
      vertex -0.0535278 -3.54802 7.4
      vertex 1.48007 -4.06621 7.4
      vertex 1.44376 -4.15152 7.4
    endloop
  endfacet
  facet normal 0 0 -1
    outer loop
      vertex -0.0535278 -3.54802 7.4
      vertex -0.0295105 -3.47113 7.4
      vertex 1.48007 -4.06621 7.4
    endloop
  endfacet
  facet normal 0 0 -1
    outer loop
      vertex -0.0295105 -3.47113 7.4
      vertex -0.00535583 -3.39294 7.4
      vertex 1.51614 -3.97997 7.4
    endloop
  endfacet
  facet normal 0 0 -1
    outer loop
      vertex -0.00535583 -3.39294 7.4
      vertex 0.0191345 -3.31303 7.4
      vertex 1.55196 -3.89282 7.4
    endloop
  endfacet
  facet normal 0 0 -1
    outer loop
      vertex 0.0191345 -3.31303 7.4
      vertex 0.043396 -3.23315 7.4
      vertex 1.58754 -3.80473 7.4
    endloop
  endfacet
  facet normal 0 0 -1
    outer loop
      vertex 0.043396 -3.23315 7.4
      vertex 0.0679474 -3.15155 7.4
      vertex 1.62285 -3.71579 7.4
    endloop
  endfacet
  facet normal 0 0 -1
    outer loop
      vertex 0.0679474 -3.15155 7.4
      vertex 0.0926666 -3.0687 7.4
      vertex 1.6579 -3.62596 7.4
    endloop
  endfacet
  facet normal 0 0 -1
    outer loop
      vertex 0.0926666 -3.0687 7.4
      vertex 0.117523 -2.9847 7.4
      vertex 1.69276 -3.53513 7.4
    endloop
  endfacet
  facet normal 0 0 -1
    outer loop
      vertex 0.142517 -2.89951 7.4
      vertex 1.76164 -3.35091 7.4
      vertex 1.72731 -3.44348 7.4
    endloop
  endfacet
  facet normal 0 0 -1
    outer loop
      vertex 0.167648 -2.81319 7.4
      vertex 1.79573 -3.25739 7.4
      vertex 1.76164 -3.35091 7.4
    endloop
  endfacet
  facet normal 0 0 -1
    outer loop
      vertex 0.192902 -2.72571 7.4
      vertex 1.82956 -3.16298 7.4
      vertex 1.79573 -3.25739 7.4
    endloop
  endfacet
  facet normal 0 0 -1
    outer loop
      vertex 0.218307 -2.63698 7.4
      vertex 1.86314 -3.0677 7.4
      vertex 1.82956 -3.16298 7.4
    endloop
  endfacet
  facet normal 0 0 -1
    outer loop
      vertex 0.243835 -2.54715 7.4
      vertex 1.89653 -2.97142 7.4
      vertex 1.86314 -3.0677 7.4
    endloop
  endfacet
  facet normal 0 -0 -1
    outer loop
      vertex 0.295288 -2.36409 7.4
      vertex 1.9296 -2.87431 7.4
      vertex 0.269516 -2.45607 7.4
    endloop
  endfacet
  facet normal 0 -0 -1
    outer loop
      vertex 0.321075 -2.27158 7.4
      vertex 1.96246 -2.77629 7.4
      vertex 0.295288 -2.36409 7.4
    endloop
  endfacet
  facet normal 0 -0 -1
    outer loop
      vertex 0.346848 -2.17863 7.4
      vertex 1.9951 -2.67731 7.4
      vertex 0.321075 -2.27158 7.4
    endloop
  endfacet
  facet normal 0 0 -1
    outer loop
      vertex 0.398407 -1.99117 7.4
      vertex 2.05959 -2.47668 7.4
      vertex 2.02747 -2.57745 7.4
    endloop
  endfacet
  facet normal 0 0 -1
    outer loop
      vertex 0.372711 -2.08482 7.4
      vertex 0.398407 -1.99117 7.4
      vertex 2.02747 -2.57745 7.4
    endloop
  endfacet
  facet normal 0 0 -1
    outer loop
      vertex 0.424194 -1.89667 7.4
      vertex 2.09148 -2.37502 7.4
      vertex 2.05959 -2.47668 7.4
    endloop
  endfacet
  facet normal 0 0 -1
    outer loop
      vertex 0.424194 -1.89667 7.4
      vertex 0.449982 -1.80173 7.4
      vertex 2.09148 -2.37502 7.4
    endloop
  endfacet
  facet normal 0 0 -1
    outer loop
      vertex 0.449982 -1.80173 7.4
      vertex 0.47583 -1.70593 7.4
      vertex 2.12305 -2.27269 7.4
    endloop
  endfacet
  facet normal 0 0 -1
    outer loop
      vertex 0.501541 -1.61023 7.4
      vertex 2.18538 -2.06711 7.4
      vertex 2.15433 -2.16998 7.4
    endloop
  endfacet
  facet normal 0 0 -1
    outer loop
      vertex 0.527328 -1.51381 7.4
      vertex 2.21619 -1.96402 7.4
      vertex 2.18538 -2.06711 7.4
    endloop
  endfacet
  facet normal 0 0 -1
    outer loop
      vertex 0.553116 -1.41684 7.4
      vertex 2.24677 -1.86072 7.4
      vertex 2.21619 -1.96402 7.4
    endloop
  endfacet
  facet normal 0 -0 -1
    outer loop
      vertex 0.604691 -1.22142 7.4
      vertex 2.2771 -1.75729 7.4
      vertex 0.578903 -1.31934 7.4
    endloop
  endfacet
  facet normal 0 -0 -1
    outer loop
      vertex 0.630478 -1.12294 7.4
      vertex 2.30722 -1.65359 7.4
      vertex 0.604691 -1.22142 7.4
    endloop
  endfacet
  facet normal 0 -0 -1
    outer loop
      vertex 0.656281 -1.02393 7.4
      vertex 2.33708 -1.54973 7.4
      vertex 0.630478 -1.12294 7.4
    endloop
  endfacet
  facet normal -0 0 -1
    outer loop
      vertex 2.39612 -1.34142 7.4
      vertex 2.36673 -1.44563 7.4
      vertex 0.682068 -0.924515 7.4
    endloop
  endfacet
  facet normal -0 0 -1
    outer loop
      vertex 2.42531 -1.23692 7.4
      vertex 2.39612 -1.34142 7.4
      vertex 0.707932 -0.824265 7.4
    endloop
  endfacet
  facet normal 0 0 -1
    outer loop
      vertex 2.45422 -1.13231 7.4
      vertex 0.733658 -0.724091 7.4
      vertex 0.75946 -0.623093 7.4
    endloop
  endfacet
  facet normal 0 0 -1
    outer loop
      vertex 2.48296 -1.02739 7.4
      vertex 0.75946 -0.623093 7.4
      vertex 0.785263 -0.521683 7.4
    endloop
  endfacet
  facet normal 0 0 -1
    outer loop
      vertex 2.5114 -0.922379 7.4
      vertex 0.785263 -0.521683 7.4
      vertex 0.811111 -0.419449 7.4
    endloop
  endfacet
  facet normal 0 0 -1
    outer loop
      vertex 2.53964 -0.817123 7.4
      vertex 0.836853 -0.31723 7.4
      vertex 2.56766 -0.711655 7.4
    endloop
  endfacet
  facet normal 0 0 -1
    outer loop
      vertex 2.56766 -0.711655 7.4
      vertex 0.862656 -0.21431 7.4
      vertex 2.59541 -0.606018 7.4
    endloop
  endfacet
  facet normal 0 0 -1
    outer loop
      vertex 0.888382 -0.11113 7.4
      vertex 0.913986 -0.00790405 7.4
      vertex 2.62296 -0.500183 7.4
    endloop
  endfacet
  facet normal 0 0 -1
    outer loop
      vertex 2.62296 -0.500183 7.4
      vertex 0.913986 -0.00790405 7.4
      vertex 2.65025 -0.39415 7.4
    endloop
  endfacet
  facet normal -0 0 -1
    outer loop
      vertex 2.73076 -0.0748444 7.4
      vertex 2.70415 -0.181503 7.4
      vertex 0.990051 0.301941 7.4
    endloop
  endfacet
  facet normal 0 0 -1
    outer loop
      vertex 2.83453 0.351715 7.4
      vertex 1.114 0.817551 7.4
      vertex 2.85977 0.457413 7.4
    endloop
  endfacet
  facet normal 0 0 -1
    outer loop
      vertex 2.93362 0.771484 7.4
      vertex 1.21083 1.2303 7.4
      vertex 2.95766 0.875214 7.4
    endloop
  endfacet
  facet normal 0 -0 -1
    outer loop
      vertex 1.35213 1.84937 7.4
      vertex 3.07335 1.3864 7.4
      vertex 1.32898 1.74649 7.4
    endloop
  endfacet
  facet normal 0 -0 -1
    outer loop
      vertex 1.44373 2.26204 7.4
      vertex 3.16052 1.78648 7.4
      vertex 1.42102 2.159 7.4
    endloop
  endfacet
  facet normal 0 0 -1
    outer loop
      vertex 1.55426 2.76772 7.4
      vertex 3.30164 2.46761 7.4
      vertex 3.28239 2.37186 7.4
    endloop
  endfacet
  facet normal 0 0 -1
    outer loop
      vertex 3.39247 2.92892 7.4
      vertex 1.65979 3.25766 7.4
      vertex 1.6803 3.35379 7.4
    endloop
  endfacet
  facet normal -0 0 -1
    outer loop
      vertex 3.50446 3.52246 7.4
      vertex 3.48955 3.44141 7.4
      vertex 1.77986 3.82477 7.4
    endloop
  endfacet
  facet normal 0 0 -1
    outer loop
      vertex 1.87444 4.28001 7.4
      vertex 3.58627 3.98259 7.4
      vertex 3.57355 3.90906 7.4
    endloop
  endfacet
  facet normal 0 0 -1
    outer loop
      vertex 3.64452 4.33191 7.4
      vertex 1.94591 4.63005 7.4
      vertex 3.65504 4.39767 7.4
    endloop
  endfacet
  facet normal -0 0 -1
    outer loop
      vertex 3.68382 4.58298 7.4
      vertex 3.6747 4.52321 7.4
      vertex 1.99608 4.87987 7.4
    endloop
  endfacet
  facet normal 0 0 -1
    outer loop
      vertex 3.71582 4.80255 7.4
      vertex 2.02788 5.04025 7.4
      vertex 2.04327 5.11858 7.4
    endloop
  endfacet
  facet normal 0 0 -1
    outer loop
      vertex -0.186691 5.59584 7.4
      vertex -0.643921 6.96867 7.4
      vertex -0.141052 5.60338 7.4
    endloop
  endfacet
  facet normal 0 -0 -1
    outer loop
      vertex -0.777649 6.88702 7.4
      vertex -0.278748 5.58031 7.4
      vertex -0.786316 6.88118 7.4
    endloop
  endfacet
  facet normal 0 0 -1
    outer loop
      vertex -0.960495 6.74719 7.4
      vertex -0.910553 6.78923 7.4
      vertex -0.370636 5.56435 7.4
    endloop
  endfacet
  facet normal 0 0 -1
    outer loop
      vertex -1.02472 6.68802 7.4
      vertex -0.416962 5.55612 7.4
      vertex -0.463486 5.54774 7.4
    endloop
  endfacet
  facet normal -0 0 -1
    outer loop
      vertex -1.17349 5.40643 7.4
      vertex -1.22169 5.39597 7.4
      vertex -1.52135 5.68159 7.4
    endloop
  endfacet
  facet normal 0 -0 -1
    outer loop
      vertex -1.50777 5.76147 7.4
      vertex -1.17349 5.40643 7.4
      vertex -1.50951 5.75223 7.4
    endloop
  endfacet
  facet normal 0 -0 -1
    outer loop
      vertex -1.49355 5.83031 7.4
      vertex -1.12546 5.41678 7.4
      vertex -1.50777 5.76147 7.4
    endloop
  endfacet
  facet normal -0 0 -1
    outer loop
      vertex -1.07762 5.42697 7.4
      vertex -1.12546 5.41678 7.4
      vertex -1.49355 5.83031 7.4
    endloop
  endfacet
  facet normal 0 -0 -1
    outer loop
      vertex -1.47479 5.90686 7.4
      vertex -1.07762 5.42697 7.4
      vertex -1.49139 5.8398 7.4
    endloop
  endfacet
  facet normal -0 0 -1
    outer loop
      vertex -0.60347 5.5219 7.4
      vertex -0.650421 5.51299 7.4
      vertex -1.22067 6.45891 7.4
    endloop
  endfacet
  facet normal -0 0 -1
    outer loop
      vertex -0.982086 5.44699 7.4
      vertex -1.02927 5.43716 7.4
      vertex -1.47215 5.91664 7.4
    endloop
  endfacet
  facet normal -0 0 -1
    outer loop
      vertex -0.934418 5.4568 7.4
      vertex -0.982086 5.44699 7.4
      vertex -1.45006 5.99181 7.4
    endloop
  endfacet
  facet normal 0 0 -1
    outer loop
      vertex -0.744537 5.49481 7.4
      vertex -1.3378 6.2654 7.4
      vertex -1.33258 6.27545 7.4
    endloop
  endfacet
  facet normal 0 -0 -1
    outer loop
      vertex -1.37102 6.19711 7.4
      vertex -0.839569 5.47603 7.4
      vertex -1.39716 6.13719 7.4
    endloop
  endfacet
  facet normal 0 0 -1
    outer loop
      vertex -0.839569 5.47603 7.4
      vertex -1.37102 6.19711 7.4
      vertex -0.792297 5.48543 7.4
    endloop
  endfacet
  facet normal 0 -0 -1
    outer loop
      vertex -1.36632 6.20728 7.4
      vertex -0.792297 5.48543 7.4
      vertex -1.37102 6.19711 7.4
    endloop
  endfacet
  facet normal 0 0 -1
    outer loop
      vertex -1.42508 6.06534 7.4
      vertex -1.40134 6.12703 7.4
      vertex -0.886368 5.46661 7.4
    endloop
  endfacet
  facet normal 0 -0 -1
    outer loop
      vertex -1.3017 6.33179 7.4
      vertex -0.744537 5.49481 7.4
      vertex -1.33258 6.27545 7.4
    endloop
  endfacet
  facet normal 0 0 -1
    outer loop
      vertex -0.934418 5.4568 7.4
      vertex -1.45006 5.99181 7.4
      vertex -1.4287 6.05528 7.4
    endloop
  endfacet
  facet normal -0 0 -1
    outer loop
      vertex -1.02927 5.43716 7.4
      vertex -1.07762 5.42697 7.4
      vertex -1.47479 5.90686 7.4
    endloop
  endfacet
  facet normal 0 0 -1
    outer loop
      vertex -1.07762 5.42697 7.4
      vertex -1.49355 5.83031 7.4
      vertex -1.49139 5.8398 7.4
    endloop
  endfacet
  facet normal 0 -0 -1
    outer loop
      vertex -1.12819 6.57784 7.4
      vertex -0.55722 5.53053 7.4
      vertex -1.16862 6.52864 7.4
    endloop
  endfacet
  facet normal 0 -0 -1
    outer loop
      vertex -1.12059 6.58664 7.4
      vertex -0.509964 5.53928 7.4
      vertex -1.12819 6.57784 7.4
    endloop
  endfacet
  facet normal 0 0 -1
    outer loop
      vertex -0.463486 5.54774 7.4
      vertex -1.0699 6.6424 7.4
      vertex -1.02472 6.68802 7.4
    endloop
  endfacet
  facet normal 0 -0 -1
    outer loop
      vertex -0.968872 6.73981 7.4
      vertex -0.416962 5.55612 7.4
      vertex -1.01645 6.69598 7.4
    endloop
  endfacet
  facet normal 0 0 -1
    outer loop
      vertex -0.324356 5.57243 7.4
      vertex -0.841019 6.84271 7.4
      vertex -0.278748 5.58031 7.4
    endloop
  endfacet
  facet normal 0 0 -1
    outer loop
      vertex -0.777649 6.88702 7.4
      vertex -0.232712 5.58813 7.4
      vertex -0.278748 5.58031 7.4
    endloop
  endfacet
  facet normal 0 0 -1
    outer loop
      vertex -0.643921 6.96867 7.4
      vertex -0.582062 7.00179 7.4
      vertex -0.141052 5.60338 7.4
    endloop
  endfacet
  facet normal -0 0 -1
    outer loop
      vertex -0.0494385 5.61797 7.4
      vertex -0.0944519 5.61092 7.4
      vertex -0.509369 7.03741 7.4
    endloop
  endfacet
  facet normal 0 -0 -1
    outer loop
      vertex -0.501511 7.04108 7.4
      vertex -0.0494385 5.61797 7.4
      vertex -0.509369 7.03741 7.4
    endloop
  endfacet
  facet normal 0 -0 -1
    outer loop
      vertex -0.434601 7.07086 7.4
      vertex -0.0494385 5.61797 7.4
      vertex -0.501511 7.04108 7.4
    endloop
  endfacet
  facet normal 0 0 -1
    outer loop
      vertex -2.6357 -1.28484 7.4
      vertex -2.61403 -1.28519 7.4
      vertex -1.90898 -2.30284 7.4
    endloop
  endfacet
  facet normal 0 -0 -1
    outer loop
      vertex -0.427261 7.07399 7.4
      vertex -0.00273132 5.62506 7.4
      vertex -0.434601 7.07086 7.4
    endloop
  endfacet
  facet normal 0 -0 -1
    outer loop
      vertex 2.07307 5.27158 7.4
      vertex 3.735 4.94681 7.4
      vertex 2.05833 5.19566 7.4
    endloop
  endfacet
  facet normal 0 0 -1
    outer loop
      vertex -0.357452 7.10243 7.4
      vertex -0.350525 7.10513 7.4
      vertex 0.0437012 5.6319 7.4
    endloop
  endfacet
  facet normal 0 0 -1
    outer loop
      vertex 2.07307 5.27158 7.4
      vertex 3.7455 5.0334 7.4
      vertex 3.74048 4.99104 7.4
    endloop
  endfacet
  facet normal 0 0 -1
    outer loop
      vertex 0.0902405 5.63852 7.4
      vertex -0.277817 7.13226 7.4
      vertex -0.271133 7.13466 7.4
    endloop
  endfacet
  facet normal 0 -0 -1
    outer loop
      vertex -0.195496 7.16046 7.4
      vertex 0.13884 5.64523 7.4
      vertex -0.271133 7.13466 7.4
    endloop
  endfacet
  facet normal 0 0 -1
    outer loop
      vertex -0.189194 7.16251 7.4
      vertex -0.110657 7.187 7.4
      vertex 0.185623 5.65147 7.4
    endloop
  endfacet
  facet normal 0 0 -1
    outer loop
      vertex 0.233871 5.6577 7.4
      vertex -0.110657 7.187 7.4
      vertex -0.10463 7.1888 7.4
    endloop
  endfacet
  facet normal -0 0 -1
    outer loop
      vertex 0.283661 5.66391 7.4
      vertex 0.233871 5.6577 7.4
      vertex -0.0231934 7.21196 7.4
    endloop
  endfacet
  facet normal 0 0 -1
    outer loop
      vertex -0.0174408 7.21352 7.4
      vertex 0.331802 5.66969 7.4
      vertex 0.283661 5.66391 7.4
    endloop
  endfacet
  facet normal 0 0 -1
    outer loop
      vertex -0.0174408 7.21352 7.4
      vertex 0.066925 7.23535 7.4
      vertex 0.331802 5.66969 7.4
    endloop
  endfacet
  facet normal -0 0 -1
    outer loop
      vertex 0.58374 5.69688 7.4
      vertex 0.533478 5.69188 7.4
      vertex 0.352997 7.2964 7.4
    endloop
  endfacet
  facet normal 0 0 -1
    outer loop
      vertex 0.90036 5.72427 7.4
      vertex 0.667053 7.34476 7.4
      vertex 0.77179 7.35733 7.4
    endloop
  endfacet
  facet normal 0 0 -1
    outer loop
      vertex 1.06349 5.73575 7.4
      vertex 0.886871 7.36935 7.4
      vertex 1.0009 7.37958 7.4
    endloop
  endfacet
  facet normal 0 0 -1
    outer loop
      vertex 1.41158 5.75603 7.4
      vertex 1.35649 7.40182 7.4
      vertex 1.47261 5.75906 7.4
    endloop
  endfacet
  facet normal 0 0 -1
    outer loop
      vertex 1.7404 7.41202 7.4
      vertex 1.87392 7.41272 7.4
      vertex 1.85297 5.77521 7.4
    endloop
  endfacet
  facet normal -0 -0 -1
    outer loop
      vertex 3.28114 7.35352 7.4
      vertex 3.69901 5.8004 7.4
      vertex 3.21227 7.35902 7.4
    endloop
  endfacet
  facet normal 0 0 -1
    outer loop
      vertex 3.075 7.36923 7.4
      vertex 3.14352 7.36426 7.4
      vertex 3.69901 5.8004 7.4
    endloop
  endfacet
  facet normal -0 0 -1
    outer loop
      vertex 2.80289 7.3864 7.4
      vertex 2.17004 5.78537 7.4
      vertex 2.73537 7.39003 7.4
    endloop
  endfacet
  facet normal 0 -0 -1
    outer loop
      vertex 2.33411 7.40613 7.4
      vertex 2.4005 7.40411 7.4
      vertex 2.17004 5.78537 7.4
    endloop
  endfacet
  facet normal 0 0 -1
    outer loop
      vertex 1.2372 7.39587 7.4
      vertex 1.35207 5.75291 7.4
      vertex 1.29233 5.74965 7.4
    endloop
  endfacet
  facet normal 0 0 -1
    outer loop
      vertex 2.11526 5.49178 7.4
      vertex 3.76991 5.3318 7.4
      vertex 3.76921 5.30899 7.4
    endloop
  endfacet
  facet normal 0 0 -1
    outer loop
      vertex 3.69901 5.8004 7.4
      vertex 3.70158 5.79219 7.4
      vertex 3.70287 5.78795 7.4
    endloop
  endfacet
  facet normal 0 0 -1
    outer loop
      vertex 2.11526 5.49178 7.4
      vertex 3.77025 5.35754 7.4
      vertex 3.77002 5.33675 7.4
    endloop
  endfacet
  facet normal 0 -0 -1
    outer loop
      vertex 2.15446 5.70088 7.4
      vertex 3.72255 5.71667 7.4
      vertex 2.14172 5.63237 7.4
    endloop
  endfacet
  facet normal 0 0 -1
    outer loop
      vertex 3.77025 5.35754 7.4
      vertex 2.11526 5.49178 7.4
      vertex 3.77026 5.36223 7.4
    endloop
  endfacet
  facet normal 0 0 -1
    outer loop
      vertex 2.14172 5.63237 7.4
      vertex 3.73134 5.68051 7.4
      vertex 3.73544 5.66237 7.4
    endloop
  endfacet
  facet normal 0 0 -1
    outer loop
      vertex 3.7469 5.60571 7.4
      vertex 2.14172 5.63237 7.4
      vertex 3.74294 5.62646 7.4
    endloop
  endfacet
  facet normal 0 0 -1
    outer loop
      vertex 3.74959 5.59068 7.4
      vertex 2.14172 5.63237 7.4
      vertex 3.7469 5.60571 7.4
    endloop
  endfacet
  facet normal 0 0 -1
    outer loop
      vertex 2.12866 5.56265 7.4
      vertex 2.14172 5.63237 7.4
      vertex 3.74959 5.59068 7.4
    endloop
  endfacet
  facet normal 0 0 -1
    outer loop
      vertex 2.12866 5.56265 7.4
      vertex 3.75536 5.55482 7.4
      vertex 3.75786 5.53731 7.4
    endloop
  endfacet
  facet normal 0 0 -1
    outer loop
      vertex 3.76407 5.48434 7.4
      vertex 2.12866 5.56265 7.4
      vertex 3.76225 5.50169 7.4
    endloop
  endfacet
  facet normal 0 0 -1
    outer loop
      vertex 3.76598 5.46321 7.4
      vertex 2.12866 5.56265 7.4
      vertex 3.76407 5.48434 7.4
    endloop
  endfacet
  facet normal 0 0 -1
    outer loop
      vertex 3.76906 5.41402 7.4
      vertex 2.12866 5.56265 7.4
      vertex 3.76817 5.43175 7.4
    endloop
  endfacet
  facet normal 0 0 -1
    outer loop
      vertex 3.7697 5.39691 7.4
      vertex 2.12866 5.56265 7.4
      vertex 3.76906 5.41402 7.4
    endloop
  endfacet
  facet normal 0 0 -1
    outer loop
      vertex 3.76817 5.43175 7.4
      vertex 2.12866 5.56265 7.4
      vertex 3.76706 5.44897 7.4
    endloop
  endfacet
  facet normal 0 0 -1
    outer loop
      vertex 3.77016 5.37596 7.4
      vertex 2.11526 5.49178 7.4
      vertex 3.76981 5.39311 7.4
    endloop
  endfacet
  facet normal -0 -0 -1
    outer loop
      vertex 3.76598 5.46321 7.4
      vertex 3.76706 5.44897 7.4
      vertex 2.12866 5.56265 7.4
    endloop
  endfacet
  facet normal 0 0 -1
    outer loop
      vertex 3.76225 5.50169 7.4
      vertex 2.12866 5.56265 7.4
      vertex 3.76016 5.51962 7.4
    endloop
  endfacet
  facet normal 0 0 -1
    outer loop
      vertex 3.7697 5.39691 7.4
      vertex 2.11526 5.49178 7.4
      vertex 2.12866 5.56265 7.4
    endloop
  endfacet
  facet normal 0 0 -1
    outer loop
      vertex 3.76016 5.51962 7.4
      vertex 2.12866 5.56265 7.4
      vertex 3.75786 5.53731 7.4
    endloop
  endfacet
  facet normal 0 0 -1
    outer loop
      vertex 3.75536 5.55482 7.4
      vertex 2.12866 5.56265 7.4
      vertex 3.75258 5.57283 7.4
    endloop
  endfacet
  facet normal -0 0 -1
    outer loop
      vertex 3.75258 5.57283 7.4
      vertex 2.12866 5.56265 7.4
      vertex 3.74959 5.59068 7.4
    endloop
  endfacet
  facet normal 0 0 -1
    outer loop
      vertex 2.11526 5.49178 7.4
      vertex 3.7697 5.39691 7.4
      vertex 3.76981 5.39311 7.4
    endloop
  endfacet
  facet normal 0 0 -1
    outer loop
      vertex 2.11526 5.49178 7.4
      vertex 3.77016 5.37596 7.4
      vertex 3.77026 5.36223 7.4
    endloop
  endfacet
  facet normal 0 0 -1
    outer loop
      vertex 3.74294 5.62646 7.4
      vertex 2.14172 5.63237 7.4
      vertex 3.73933 5.64421 7.4
    endloop
  endfacet
  facet normal -0 0 -1
    outer loop
      vertex 3.73933 5.64421 7.4
      vertex 2.14172 5.63237 7.4
      vertex 3.73544 5.66237 7.4
    endloop
  endfacet
  facet normal 0 0 -1
    outer loop
      vertex 2.14172 5.63237 7.4
      vertex 3.72705 5.69856 7.4
      vertex 3.73134 5.68051 7.4
    endloop
  endfacet
  facet normal 0 0 -1
    outer loop
      vertex 2.14172 5.63237 7.4
      vertex 3.72255 5.71667 7.4
      vertex 3.72705 5.69856 7.4
    endloop
  endfacet
  facet normal 0 0 -1
    outer loop
      vertex 2.15446 5.70088 7.4
      vertex 3.71782 5.73491 7.4
      vertex 3.72255 5.71667 7.4
    endloop
  endfacet
  facet normal 0 0 -1
    outer loop
      vertex 2.15446 5.70088 7.4
      vertex 3.71289 5.75311 7.4
      vertex 3.71782 5.73491 7.4
    endloop
  endfacet
  facet normal 0 0 -1
    outer loop
      vertex 2.15446 5.70088 7.4
      vertex 3.70842 5.76904 7.4
      vertex 3.71289 5.75311 7.4
    endloop
  endfacet
  facet normal 0 0 -1
    outer loop
      vertex 2.15446 5.70088 7.4
      vertex 3.70287 5.78795 7.4
      vertex 3.70842 5.76904 7.4
    endloop
  endfacet
  facet normal 0 -0 -1
    outer loop
      vertex 2.17004 5.78537 7.4
      vertex 3.69901 5.8004 7.4
      vertex 2.16687 5.76804 7.4
    endloop
  endfacet
  facet normal 0 0 -1
    outer loop
      vertex 3.69901 5.8004 7.4
      vertex 2.15446 5.70088 7.4
      vertex 2.16687 5.76804 7.4
    endloop
  endfacet
  facet normal 0 -0 -1
    outer loop
      vertex 3.69901 5.8004 7.4
      vertex 3.70287 5.78795 7.4
      vertex 2.15446 5.70088 7.4
    endloop
  endfacet
  facet normal 0 0 -1
    outer loop
      vertex 2.11526 5.49178 7.4
      vertex 3.77002 5.33675 7.4
      vertex 3.76991 5.3318 7.4
    endloop
  endfacet
  facet normal 0 0 -1
    outer loop
      vertex 3.76906 5.30502 7.4
      vertex 2.11526 5.49178 7.4
      vertex 3.76921 5.30899 7.4
    endloop
  endfacet
  facet normal -0 0 -1
    outer loop
      vertex 3.76906 5.30502 7.4
      vertex 3.7679 5.28018 7.4
      vertex 2.11526 5.49178 7.4
    endloop
  endfacet
  facet normal 0 0 -1
    outer loop
      vertex 2.11526 5.49178 7.4
      vertex 3.7679 5.28018 7.4
      vertex 3.7661 5.24995 7.4
    endloop
  endfacet
  facet normal 0 0 -1
    outer loop
      vertex 1.72316 5.77023 7.4
      vertex 1.60965 7.40997 7.4
      vertex 1.7404 7.41202 7.4
    endloop
  endfacet
  facet normal 0 0 -1
    outer loop
      vertex 2.05312 5.78194 7.4
      vertex 2.0704 7.41151 7.4
      vertex 2.12198 5.78401 7.4
    endloop
  endfacet
  facet normal 0 -0 -1
    outer loop
      vertex 2.53387 7.39929 7.4
      vertex 2.60089 7.39645 7.4
      vertex 2.17004 5.78537 7.4
    endloop
  endfacet
  facet normal -0 0 -1
    outer loop
      vertex 3.00674 7.3739 7.4
      vertex 2.17004 5.78537 7.4
      vertex 2.93858 7.37834 7.4
    endloop
  endfacet
  facet normal 0 0 -1
    outer loop
      vertex 3.00674 7.3739 7.4
      vertex 3.075 7.36923 7.4
      vertex 3.69901 5.8004 7.4
    endloop
  endfacet
  facet normal 0 0 -1
    outer loop
      vertex 3.69901 5.8004 7.4
      vertex 3.14352 7.36426 7.4
      vertex 3.21227 7.35902 7.4
    endloop
  endfacet
  facet normal -0 0 -1
    outer loop
      vertex 2.20187 7.40936 7.4
      vertex 2.17004 5.78537 7.4
      vertex 2.13608 7.41057 7.4
    endloop
  endfacet
  facet normal -0 0 -1
    outer loop
      vertex 1.9855 5.77979 7.4
      vertex 1.9191 5.77756 7.4
      vertex 1.93976 7.41258 7.4
    endloop
  endfacet
  facet normal 0 0 -1
    outer loop
      vertex 3.69901 5.8004 7.4
      vertex 3.28114 7.35352 7.4
      vertex 3.3502 7.34775 7.4
    endloop
  endfacet
  facet normal -0 -0 -1
    outer loop
      vertex 3.41953 7.34171 7.4
      vertex 3.69901 5.8004 7.4
      vertex 3.3502 7.34775 7.4
    endloop
  endfacet
  facet normal 0 0 -1
    outer loop
      vertex 1.60965 7.40997 7.4
      vertex 1.59581 5.76482 7.4
      vertex 1.48169 7.40657 7.4
    endloop
  endfacet
  facet normal 0 0 -1
    outer loop
      vertex 3.69901 5.8004 7.4
      vertex 3.41953 7.34171 7.4
      vertex 3.48831 7.33556 7.4
    endloop
  endfacet
  facet normal 0 0 -1
    outer loop
      vertex 1.11766 7.38841 7.4
      vertex 1.23457 5.74635 7.4
      vertex 1.17696 5.74292 7.4
    endloop
  endfacet
  facet normal 0 0 -1
    outer loop
      vertex 0.953568 5.7282 7.4
      vertex 0.88327 7.369 7.4
      vertex 1.00871 5.73206 7.4
    endloop
  endfacet
  facet normal 0 0 -1
    outer loop
      vertex 3.69901 5.8004 7.4
      vertex 3.48831 7.33556 7.4
      vertex 3.55656 7.32933 7.4
    endloop
  endfacet
  facet normal 0 0 -1
    outer loop
      vertex 0.792923 5.71577 7.4
      vertex 0.663071 7.34425 7.4
      vertex 0.846771 5.72014 7.4
    endloop
  endfacet
  facet normal 0 -0 -1
    outer loop
      vertex 0.556992 7.32974 7.4
      vertex 0.688309 5.70673 7.4
      vertex 0.458084 7.31451 7.4
    endloop
  endfacet
  facet normal 0 0 -1
    outer loop
      vertex 3.69901 5.8004 7.4
      vertex 3.55656 7.32933 7.4
      vertex 3.62439 7.32304 7.4
    endloop
  endfacet
  facet normal 0 0 -1
    outer loop
      vertex 0.159653 7.25722 7.4
      vertex 0.164841 7.25838 7.4
      vertex 0.43132 5.68105 7.4
    endloop
  endfacet
  facet normal -0 0 -1
    outer loop
      vertex 3.7661 5.24995 7.4
      vertex 3.76381 5.21806 7.4
      vertex 2.10153 5.41959 7.4
    endloop
  endfacet
  facet normal 0 0 -1
    outer loop
      vertex 0.382385 5.67557 7.4
      vertex 0.0723724 7.23671 7.4
      vertex 0.159653 7.25722 7.4
    endloop
  endfacet
  facet normal 0 -0 -1
    outer loop
      vertex 3.95697 7.2906 7.4
      vertex 4.02214 7.28394 7.4
      vertex 3.93974 5.8065 7.4
    endloop
  endfacet
  facet normal 0 0 -1
    outer loop
      vertex 5.60435 7.08218 7.4
      vertex 5.64676 7.07545 7.4
      vertex 5.85754 6.31641 7.4
    endloop
  endfacet
  facet normal 0 0 -1
    outer loop
      vertex 5.47014 7.10281 7.4
      vertex 5.70036 6.18137 7.4
      vertex 5.69299 6.17593 7.4
    endloop
  endfacet
  facet normal 0 0 -1
    outer loop
      vertex 5.47014 7.10281 7.4
      vertex 5.69299 6.17593 7.4
      vertex 5.65831 6.15138 7.4
    endloop
  endfacet
  facet normal 0 0 -1
    outer loop
      vertex 5.99159 6.46797 7.4
      vertex 5.72838 7.06212 7.4
      vertex 5.76743 7.05556 7.4
    endloop
  endfacet
  facet normal 0 0 -1
    outer loop
      vertex 5.57108 6.09621 7.4
      vertex 5.37517 7.11682 7.4
      vertex 5.60742 6.11812 7.4
    endloop
  endfacet
  facet normal 0 0 -1
    outer loop
      vertex 6.08472 6.60048 7.4
      vertex 5.8781 7.03618 7.4
      vertex 5.91284 7.0298 7.4
    endloop
  endfacet
  facet normal 0 0 -1
    outer loop
      vertex 6.11348 6.64723 7.4
      vertex 5.94649 7.02348 7.4
      vertex 6.09032 6.94022 7.4
    endloop
  endfacet
  facet normal 0 0 -1
    outer loop
      vertex 5.22398 7.13837 7.4
      vertex 5.33621 5.98676 7.4
      vertex 5.32802 5.98381 7.4
    endloop
  endfacet
  facet normal 0 0 -1
    outer loop
      vertex 5.1852 5.94095 7.4
      vertex 5.11757 7.15302 7.4
      vertex 5.22815 5.95227 7.4
    endloop
  endfacet
  facet normal -0 0 -1
    outer loop
      vertex 5.18033 5.93971 7.4
      vertex 5.1373 5.92929 7.4
      vertex 5.11757 7.15302 7.4
    endloop
  endfacet
  facet normal -0 0 -1
    outer loop
      vertex 5.1373 5.92929 7.4
      vertex 5.09343 5.91896 7.4
      vertex 5.06268 7.16043 7.4
    endloop
  endfacet
  facet normal -0 -0 -1
    outer loop
      vertex 5.00653 7.16794 7.4
      vertex 5.05005 5.90907 7.4
      vertex 4.94943 7.17548 7.4
    endloop
  endfacet
  facet normal -0 -0 -1
    outer loop
      vertex 5.06268 7.16043 7.4
      vertex 5.09343 5.91896 7.4
      vertex 5.00653 7.16794 7.4
    endloop
  endfacet
  facet normal -0 -0 -1
    outer loop
      vertex 5.11757 7.15302 7.4
      vertex 5.1373 5.92929 7.4
      vertex 5.06268 7.16043 7.4
    endloop
  endfacet
  facet normal -0 0 -1
    outer loop
      vertex 5.1852 5.94095 7.4
      vertex 5.18033 5.93971 7.4
      vertex 5.11757 7.15302 7.4
    endloop
  endfacet
  facet normal 0 0 -1
    outer loop
      vertex 5.22815 5.95227 7.4
      vertex 5.11757 7.15302 7.4
      vertex 5.17139 7.14566 7.4
    endloop
  endfacet
  facet normal 0 0 -1
    outer loop
      vertex 5.47166 6.0435 7.4
      vertex 5.32591 7.12395 7.4
      vertex 5.47986 6.04747 7.4
    endloop
  endfacet
  facet normal 0 0 -1
    outer loop
      vertex 5.47986 6.04747 7.4
      vertex 5.32591 7.12395 7.4
      vertex 5.51785 6.06673 7.4
    endloop
  endfacet
  facet normal 0 0 -1
    outer loop
      vertex 5.84238 7.04257 7.4
      vertex 5.8781 7.03618 7.4
      vertex 6.05913 6.56137 7.4
    endloop
  endfacet
  facet normal 0 0 -1
    outer loop
      vertex 5.76743 7.05556 7.4
      vertex 5.80545 7.04904 7.4
      vertex 5.99655 6.47438 7.4
    endloop
  endfacet
  facet normal -0 0 -1
    outer loop
      vertex 5.92935 6.39264 7.4
      vertex 5.92375 6.38631 7.4
      vertex 5.68814 7.06877 7.4
    endloop
  endfacet
  facet normal -0 -0 -1
    outer loop
      vertex 5.51608 7.09587 7.4
      vertex 5.73422 6.20724 7.4
      vertex 5.47014 7.10281 7.4
    endloop
  endfacet
  facet normal -0 0 -1
    outer loop
      vertex 5.77432 6.24004 7.4
      vertex 5.74129 6.21284 7.4
      vertex 5.51608 7.09587 7.4
    endloop
  endfacet
  facet normal 0 0 -1
    outer loop
      vertex 5.81998 6.28046 7.4
      vertex 5.60435 7.08218 7.4
      vertex 5.85135 6.3103 7.4
    endloop
  endfacet
  facet normal -0 -0 -1
    outer loop
      vertex 5.56075 7.089 7.4
      vertex 5.78117 6.24588 7.4
      vertex 5.51608 7.09587 7.4
    endloop
  endfacet
  facet normal 0 0 -1
    outer loop
      vertex 5.56075 7.089 7.4
      vertex 5.81339 6.2744 7.4
      vertex 5.78117 6.24588 7.4
    endloop
  endfacet
  facet normal -0 0 -1
    outer loop
      vertex 5.89403 6.35382 7.4
      vertex 5.88809 6.34756 7.4
      vertex 5.64676 7.07545 7.4
    endloop
  endfacet
  facet normal 0 0 -1
    outer loop
      vertex 5.51608 7.09587 7.4
      vertex 5.78117 6.24588 7.4
      vertex 5.77432 6.24004 7.4
    endloop
  endfacet
  facet normal 0 0 -1
    outer loop
      vertex 5.65067 6.14619 7.4
      vertex 5.42322 7.10979 7.4
      vertex 5.65831 6.15138 7.4
    endloop
  endfacet
  facet normal 0 0 -1
    outer loop
      vertex 5.61514 6.12297 7.4
      vertex 5.42322 7.10979 7.4
      vertex 5.65067 6.14619 7.4
    endloop
  endfacet
  facet normal -0 0 -1
    outer loop
      vertex 5.88809 6.34756 7.4
      vertex 5.85754 6.31641 7.4
      vertex 5.64676 7.07545 7.4
    endloop
  endfacet
  facet normal -0 -0 -1
    outer loop
      vertex 5.60435 7.08218 7.4
      vertex 5.81998 6.28046 7.4
      vertex 5.56075 7.089 7.4
    endloop
  endfacet
  facet normal 0 0 -1
    outer loop
      vertex 5.56075 7.089 7.4
      vertex 5.81998 6.28046 7.4
      vertex 5.81339 6.2744 7.4
    endloop
  endfacet
  facet normal -0 0 -1
    outer loop
      vertex 5.85754 6.31641 7.4
      vertex 5.85135 6.3103 7.4
      vertex 5.60435 7.08218 7.4
    endloop
  endfacet
  facet normal 0 0 -1
    outer loop
      vertex 5.51608 7.09587 7.4
      vertex 5.74129 6.21284 7.4
      vertex 5.73422 6.20724 7.4
    endloop
  endfacet
  facet normal 0 0 -1
    outer loop
      vertex 5.92375 6.38631 7.4
      vertex 5.64676 7.07545 7.4
      vertex 5.68814 7.06877 7.4
    endloop
  endfacet
  facet normal -0 0 -1
    outer loop
      vertex 5.92375 6.38631 7.4
      vertex 5.89403 6.35382 7.4
      vertex 5.64676 7.07545 7.4
    endloop
  endfacet
  facet normal -0 0 -1
    outer loop
      vertex 5.73422 6.20724 7.4
      vertex 5.70036 6.18137 7.4
      vertex 5.47014 7.10281 7.4
    endloop
  endfacet
  facet normal -0 -0 -1
    outer loop
      vertex 5.72838 7.06212 7.4
      vertex 5.95825 6.42645 7.4
      vertex 5.68814 7.06877 7.4
    endloop
  endfacet
  facet normal 0 0 -1
    outer loop
      vertex 5.68814 7.06877 7.4
      vertex 5.95825 6.42645 7.4
      vertex 5.92935 6.39264 7.4
    endloop
  endfacet
  facet normal 0 0 -1
    outer loop
      vertex 5.95825 6.42645 7.4
      vertex 5.72838 7.06212 7.4
      vertex 5.96352 6.43283 7.4
    endloop
  endfacet
  facet normal 0 0 -1
    outer loop
      vertex 5.96352 6.43283 7.4
      vertex 5.72838 7.06212 7.4
      vertex 5.99159 6.46797 7.4
    endloop
  endfacet
  facet normal 0 0 -1
    outer loop
      vertex 5.65831 6.15138 7.4
      vertex 5.42322 7.10979 7.4
      vertex 5.47014 7.10281 7.4
    endloop
  endfacet
  facet normal 0 0 -1
    outer loop
      vertex 5.60742 6.11812 7.4
      vertex 5.42322 7.10979 7.4
      vertex 5.61514 6.12297 7.4
    endloop
  endfacet
  facet normal 0 0 -1
    outer loop
      vertex 5.76743 7.05556 7.4
      vertex 5.99655 6.47438 7.4
      vertex 5.99159 6.46797 7.4
    endloop
  endfacet
  facet normal 0 0 -1
    outer loop
      vertex 5.37517 7.11682 7.4
      vertex 5.42322 7.10979 7.4
      vertex 5.60742 6.11812 7.4
    endloop
  endfacet
  facet normal 0 0 -1
    outer loop
      vertex 5.99655 6.47438 7.4
      vertex 5.80545 7.04904 7.4
      vertex 6.02379 6.51083 7.4
    endloop
  endfacet
  facet normal 0 0 -1
    outer loop
      vertex 6.02379 6.51083 7.4
      vertex 5.80545 7.04904 7.4
      vertex 6.02841 6.51723 7.4
    endloop
  endfacet
  facet normal 0 0 -1
    outer loop
      vertex 6.02841 6.51723 7.4
      vertex 5.80545 7.04904 7.4
      vertex 5.84238 7.04257 7.4
    endloop
  endfacet
  facet normal -0 0 -1
    outer loop
      vertex 6.05482 6.55501 7.4
      vertex 6.02841 6.51723 7.4
      vertex 5.84238 7.04257 7.4
    endloop
  endfacet
  facet normal -0 0 -1
    outer loop
      vertex 6.05913 6.56137 7.4
      vertex 6.05482 6.55501 7.4
      vertex 5.84238 7.04257 7.4
    endloop
  endfacet
  facet normal 0 0 -1
    outer loop
      vertex 5.37517 7.11682 7.4
      vertex 5.57108 6.09621 7.4
      vertex 5.56311 6.0916 7.4
    endloop
  endfacet
  facet normal 0 0 -1
    outer loop
      vertex 5.8781 7.03618 7.4
      vertex 6.08472 6.60048 7.4
      vertex 6.05913 6.56137 7.4
    endloop
  endfacet
  facet normal 0 0 -1
    outer loop
      vertex 5.37517 7.11682 7.4
      vertex 5.56311 6.0916 7.4
      vertex 5.52594 6.07101 7.4
    endloop
  endfacet
  facet normal 0 0 -1
    outer loop
      vertex 6.08472 6.60048 7.4
      vertex 5.91284 7.0298 7.4
      vertex 6.08873 6.60681 7.4
    endloop
  endfacet
  facet normal 0 0 -1
    outer loop
      vertex 6.08873 6.60681 7.4
      vertex 5.91284 7.0298 7.4
      vertex 6.11348 6.64723 7.4
    endloop
  endfacet
  facet normal 0 0 -1
    outer loop
      vertex 6.11348 6.64723 7.4
      vertex 5.91284 7.0298 7.4
      vertex 5.94649 7.02348 7.4
    endloop
  endfacet
  facet normal -0 -0 -1
    outer loop
      vertex 5.37517 7.11682 7.4
      vertex 5.52594 6.07101 7.4
      vertex 5.32591 7.12395 7.4
    endloop
  endfacet
  facet normal 0 0 -1
    outer loop
      vertex 5.32591 7.12395 7.4
      vertex 5.52594 6.07101 7.4
      vertex 5.51785 6.06673 7.4
    endloop
  endfacet
  facet normal 0 0 -1
    outer loop
      vertex 5.27551 7.13113 7.4
      vertex 5.32591 7.12395 7.4
      vertex 5.47166 6.0435 7.4
    endloop
  endfacet
  facet normal 0 0 -1
    outer loop
      vertex 5.43285 6.02557 7.4
      vertex 5.27551 7.13113 7.4
      vertex 5.47166 6.0435 7.4
    endloop
  endfacet
  facet normal -0 0 -1
    outer loop
      vertex 5.43285 6.02557 7.4
      vertex 5.42464 6.02196 7.4
      vertex 5.27551 7.13113 7.4
    endloop
  endfacet
  facet normal 0 0 -1
    outer loop
      vertex 5.27551 7.13113 7.4
      vertex 5.42464 6.02196 7.4
      vertex 5.38498 6.00534 7.4
    endloop
  endfacet
  facet normal 0 0 -1
    outer loop
      vertex 5.22398 7.13837 7.4
      vertex 5.27551 7.13113 7.4
      vertex 5.38498 6.00534 7.4
    endloop
  endfacet
  facet normal 0 0 -1
    outer loop
      vertex 5.37669 6.00204 7.4
      vertex 5.22398 7.13837 7.4
      vertex 5.38498 6.00534 7.4
    endloop
  endfacet
  facet normal -0 0 -1
    outer loop
      vertex 5.37669 6.00204 7.4
      vertex 5.33621 5.98676 7.4
      vertex 5.22398 7.13837 7.4
    endloop
  endfacet
  facet normal -0 -0 -1
    outer loop
      vertex 5.22398 7.13837 7.4
      vertex 5.32802 5.98381 7.4
      vertex 5.17139 7.14566 7.4
    endloop
  endfacet
  facet normal 0 0 -1
    outer loop
      vertex 5.17139 7.14566 7.4
      vertex 5.32802 5.98381 7.4
      vertex 5.28671 5.96983 7.4
    endloop
  endfacet
  facet normal 0 0 -1
    outer loop
      vertex 5.27837 5.96718 7.4
      vertex 5.17139 7.14566 7.4
      vertex 5.28671 5.96983 7.4
    endloop
  endfacet
  facet normal -0 0 -1
    outer loop
      vertex 5.27837 5.96718 7.4
      vertex 5.23622 5.95454 7.4
      vertex 5.17139 7.14566 7.4
    endloop
  endfacet
  facet normal 0 0 -1
    outer loop
      vertex 5.17139 7.14566 7.4
      vertex 5.23622 5.95454 7.4
      vertex 5.22815 5.95227 7.4
    endloop
  endfacet
  facet normal 0 0 -1
    outer loop
      vertex 5.05005 5.90907 7.4
      vertex 5.00653 7.16794 7.4
      vertex 5.09343 5.91896 7.4
    endloop
  endfacet
  facet normal 0 0 -1
    outer loop
      vertex 5.00737 5.89966 7.4
      vertex 4.94943 7.17548 7.4
      vertex 5.05005 5.90907 7.4
    endloop
  endfacet
  facet normal -0 0 -1
    outer loop
      vertex 5.00737 5.89966 7.4
      vertex 4.96541 5.89072 7.4
      vertex 4.94943 7.17548 7.4
    endloop
  endfacet
  facet normal -0 -0 -1
    outer loop
      vertex 4.94943 7.17548 7.4
      vertex 4.96541 5.89072 7.4
      vertex 4.89093 7.18312 7.4
    endloop
  endfacet
  facet normal 0 0 -1
    outer loop
      vertex 4.89093 7.18312 7.4
      vertex 4.96541 5.89072 7.4
      vertex 4.92397 5.88222 7.4
    endloop
  endfacet
  facet normal 0 0 -1
    outer loop
      vertex 4.83171 7.19073 7.4
      vertex 4.89093 7.18312 7.4
      vertex 4.92397 5.88222 7.4
    endloop
  endfacet
  facet normal 0 0 -1
    outer loop
      vertex 4.88319 5.87418 7.4
      vertex 4.83171 7.19073 7.4
      vertex 4.92397 5.88222 7.4
    endloop
  endfacet
  facet normal -0 0 -1
    outer loop
      vertex 4.88319 5.87418 7.4
      vertex 4.84294 5.86661 7.4
      vertex 4.83171 7.19073 7.4
    endloop
  endfacet
  facet normal -0 -0 -1
    outer loop
      vertex 4.83171 7.19073 7.4
      vertex 4.84294 5.86661 7.4
      vertex 4.77194 7.19833 7.4
    endloop
  endfacet
  facet normal 0 0 -1
    outer loop
      vertex 4.77194 7.19833 7.4
      vertex 4.84294 5.86661 7.4
      vertex 4.80341 5.85951 7.4
    endloop
  endfacet
  facet normal 0 0 -1
    outer loop
      vertex 4.76447 5.85287 7.4
      vertex 4.77194 7.19833 7.4
      vertex 4.80341 5.85951 7.4
    endloop
  endfacet
  facet normal 0 0 -1
    outer loop
      vertex 4.76447 5.85287 7.4
      vertex 4.71182 7.20584 7.4
      vertex 4.77194 7.19833 7.4
    endloop
  endfacet
  facet normal -0 0 -1
    outer loop
      vertex 4.76447 5.85287 7.4
      vertex 4.72604 5.84671 7.4
      vertex 4.71182 7.20584 7.4
    endloop
  endfacet
  facet normal 0 -0 -1
    outer loop
      vertex 4.71182 7.20584 7.4
      vertex 4.72604 5.84671 7.4
      vertex 4.68831 5.84102 7.4
    endloop
  endfacet
  facet normal 0 0 -1
    outer loop
      vertex 4.65121 7.21329 7.4
      vertex 4.71182 7.20584 7.4
      vertex 4.68831 5.84102 7.4
    endloop
  endfacet
  facet normal 0 0 -1
    outer loop
      vertex 4.65115 5.83578 7.4
      vertex 4.65121 7.21329 7.4
      vertex 4.68831 5.84102 7.4
    endloop
  endfacet
  facet normal -0 0 -1
    outer loop
      vertex 4.65115 5.83578 7.4
      vertex 4.61446 5.83102 7.4
      vertex 4.65121 7.21329 7.4
    endloop
  endfacet
  facet normal -0 0 -1
    outer loop
      vertex 4.65121 7.21329 7.4
      vertex 4.61446 5.83102 7.4
      vertex 4.59023 7.22064 7.4
    endloop
  endfacet
  facet normal 0 -0 -1
    outer loop
      vertex 4.59023 7.22064 7.4
      vertex 4.61446 5.83102 7.4
      vertex 4.57848 5.82675 7.4
    endloop
  endfacet
  facet normal 0 0 -1
    outer loop
      vertex 4.54292 5.82297 7.4
      vertex 4.59023 7.22064 7.4
      vertex 4.57848 5.82675 7.4
    endloop
  endfacet
  facet normal 0 0 -1
    outer loop
      vertex 4.54292 5.82297 7.4
      vertex 4.52884 7.22795 7.4
      vertex 4.59023 7.22064 7.4
    endloop
  endfacet
  facet normal -0 0 -1
    outer loop
      vertex 4.54292 5.82297 7.4
      vertex 4.50818 5.81966 7.4
      vertex 4.52884 7.22795 7.4
    endloop
  endfacet
  facet normal 0 0 -1
    outer loop
      vertex 4.52884 7.22795 7.4
      vertex 4.50818 5.81966 7.4
      vertex 4.47049 5.81659 7.4
    endloop
  endfacet
  facet normal 0 0 -1
    outer loop
      vertex 4.46695 7.2352 7.4
      vertex 4.52884 7.22795 7.4
      vertex 4.47049 5.81659 7.4
    endloop
  endfacet
  facet normal 0 0 -1
    outer loop
      vertex 4.43997 5.8145 7.4
      vertex 4.46695 7.2352 7.4
      vertex 4.47049 5.81659 7.4
    endloop
  endfacet
  facet normal -0 0 -1
    outer loop
      vertex 4.43997 5.8145 7.4
      vertex 4.4066 5.81267 7.4
      vertex 4.46695 7.2352 7.4
    endloop
  endfacet
  facet normal 0 0 -1
    outer loop
      vertex 4.46695 7.2352 7.4
      vertex 4.4066 5.81267 7.4
      vertex 4.40302 5.8125 7.4
    endloop
  endfacet
  facet normal 0 0 -1
    outer loop
      vertex 4.37389 5.81134 7.4
      vertex 4.46695 7.2352 7.4
      vertex 4.40302 5.8125 7.4
    endloop
  endfacet
  facet normal 0 0 -1
    outer loop
      vertex 4.37389 5.81134 7.4
      vertex 4.40471 7.24236 7.4
      vertex 4.46695 7.2352 7.4
    endloop
  endfacet
  facet normal -0 0 -1
    outer loop
      vertex 4.37389 5.81134 7.4
      vertex 4.3701 5.81122 7.4
      vertex 4.40471 7.24236 7.4
    endloop
  endfacet
  facet normal 0 0 -1
    outer loop
      vertex 4.40471 7.24236 7.4
      vertex 4.3701 5.81122 7.4
      vertex 4.34166 5.81052 7.4
    endloop
  endfacet
  facet normal 0 0 -1
    outer loop
      vertex 4.33755 5.81046 7.4
      vertex 4.40471 7.24236 7.4
      vertex 4.34166 5.81052 7.4
    endloop
  endfacet
  facet normal -0 0 -1
    outer loop
      vertex 4.33755 5.81046 7.4
      vertex 4.30981 5.81023 7.4
      vertex 4.40471 7.24236 7.4
    endloop
  endfacet
  facet normal -0 0 -1
    outer loop
      vertex 4.40471 7.24236 7.4
      vertex 4.30981 5.81023 7.4
      vertex 4.34198 7.24947 7.4
    endloop
  endfacet
  facet normal 0 0 -1
    outer loop
      vertex 4.34198 7.24947 7.4
      vertex 4.30981 5.81023 7.4
      vertex 4.25995 5.81015 7.4
    endloop
  endfacet
  facet normal 0 0 -1
    outer loop
      vertex 4.21138 5.80995 7.4
      vertex 4.34198 7.24947 7.4
      vertex 4.25995 5.81015 7.4
    endloop
  endfacet
  facet normal 0 0 -1
    outer loop
      vertex 4.21138 5.80995 7.4
      vertex 4.27895 7.25647 7.4
      vertex 4.34198 7.24947 7.4
    endloop
  endfacet
  facet normal -0 0 -1
    outer loop
      vertex 4.21138 5.80995 7.4
      vertex 4.18674 5.8098 7.4
      vertex 4.27895 7.25647 7.4
    endloop
  endfacet
  facet normal -0 0 -1
    outer loop
      vertex 4.27895 7.25647 7.4
      vertex 4.18674 5.8098 7.4
      vertex 4.2153 7.26346 7.4
    endloop
  endfacet
  facet normal 0 0 -1
    outer loop
      vertex 4.2153 7.26346 7.4
      vertex 4.18674 5.8098 7.4
      vertex 4.1384 5.80942 7.4
    endloop
  endfacet
  facet normal 0 0 -1
    outer loop
      vertex 4.08931 5.80888 7.4
      vertex 4.2153 7.26346 7.4
      vertex 4.1384 5.80942 7.4
    endloop
  endfacet
  facet normal 0 0 -1
    outer loop
      vertex 4.08931 5.80888 7.4
      vertex 4.15143 7.27032 7.4
      vertex 4.2153 7.26346 7.4
    endloop
  endfacet
  facet normal -0 0 -1
    outer loop
      vertex 4.08931 5.80888 7.4
      vertex 4.03929 5.80821 7.4
      vertex 4.15143 7.27032 7.4
    endloop
  endfacet
  facet normal -0 0 -1
    outer loop
      vertex 4.15143 7.27032 7.4
      vertex 4.03929 5.80821 7.4
      vertex 4.08699 7.27718 7.4
    endloop
  endfacet
  facet normal 0 0 -1
    outer loop
      vertex 4.08699 7.27718 7.4
      vertex 4.03929 5.80821 7.4
      vertex 3.98958 5.80743 7.4
    endloop
  endfacet
  facet normal 0 -0 -1
    outer loop
      vertex 4.02214 7.28394 7.4
      vertex 4.08699 7.27718 7.4
      vertex 3.98958 5.80743 7.4
    endloop
  endfacet
  facet normal 0 0 -1
    outer loop
      vertex 3.93974 5.8065 7.4
      vertex 4.02214 7.28394 7.4
      vertex 3.98958 5.80743 7.4
    endloop
  endfacet
  facet normal 0 0 -1
    outer loop
      vertex 3.89008 5.80547 7.4
      vertex 3.95697 7.2906 7.4
      vertex 3.93974 5.8065 7.4
    endloop
  endfacet
  facet normal 0 0 -1
    outer loop
      vertex 3.89008 5.80547 7.4
      vertex 3.89128 7.29724 7.4
      vertex 3.95697 7.2906 7.4
    endloop
  endfacet
  facet normal -0 0 -1
    outer loop
      vertex 3.89008 5.80547 7.4
      vertex 3.83899 5.80426 7.4
      vertex 3.89128 7.29724 7.4
    endloop
  endfacet
  facet normal 0 0 -1
    outer loop
      vertex 3.89128 7.29724 7.4
      vertex 3.83899 5.80426 7.4
      vertex 3.78893 5.80296 7.4
    endloop
  endfacet
  facet normal 0 -0 -1
    outer loop
      vertex 3.82515 7.3038 7.4
      vertex 3.89128 7.29724 7.4
      vertex 3.78893 5.80296 7.4
    endloop
  endfacet
  facet normal 0 0 -1
    outer loop
      vertex 3.69901 5.8004 7.4
      vertex 3.82515 7.3038 7.4
      vertex 3.78893 5.80296 7.4
    endloop
  endfacet
  facet normal 0 0 -1
    outer loop
      vertex 3.69901 5.8004 7.4
      vertex 3.75865 7.31027 7.4
      vertex 3.82515 7.3038 7.4
    endloop
  endfacet
  facet normal 0 0 -1
    outer loop
      vertex 3.69901 5.8004 7.4
      vertex 3.69174 7.3167 7.4
      vertex 3.75865 7.31027 7.4
    endloop
  endfacet
  facet normal 0 0 -1
    outer loop
      vertex 3.69901 5.8004 7.4
      vertex 3.62439 7.32304 7.4
      vertex 3.69174 7.3167 7.4
    endloop
  endfacet
  facet normal 0 -0 -1
    outer loop
      vertex -0.0231934 7.21196 7.4
      vertex 0.233871 5.6577 7.4
      vertex -0.10463 7.1888 7.4
    endloop
  endfacet
  facet normal 0 0 -1
    outer loop
      vertex 0.13884 5.64523 7.4
      vertex -0.189194 7.16251 7.4
      vertex 0.185623 5.65147 7.4
    endloop
  endfacet
  facet normal 0 0 -1
    outer loop
      vertex 0.0437012 5.6319 7.4
      vertex -0.350525 7.10513 7.4
      vertex -0.277817 7.13226 7.4
    endloop
  endfacet
  facet normal 0 0 -1
    outer loop
      vertex -0.00273132 5.62506 7.4
      vertex -0.357452 7.10243 7.4
      vertex 0.0437012 5.6319 7.4
    endloop
  endfacet
  facet normal 0 0 -1
    outer loop
      vertex -0.434601 7.07086 7.4
      vertex -0.00273132 5.62506 7.4
      vertex -0.0494385 5.61797 7.4
    endloop
  endfacet
  facet normal 0 0 -1
    outer loop
      vertex 2.04327 5.11858 7.4
      vertex 2.05833 5.19566 7.4
      vertex 3.72905 4.90059 7.4
    endloop
  endfacet
  facet normal 0 -0 -1
    outer loop
      vertex -0.509369 7.03741 7.4
      vertex -0.0944519 5.61092 7.4
      vertex -0.573608 7.0061 7.4
    endloop
  endfacet
  facet normal 0 0 -1
    outer loop
      vertex -0.232712 5.58813 7.4
      vertex -0.720551 6.92371 7.4
      vertex -0.711929 6.92899 7.4
    endloop
  endfacet
  facet normal 0 0 -1
    outer loop
      vertex -0.901962 6.79613 7.4
      vertex -0.324356 5.57243 7.4
      vertex -0.370636 5.56435 7.4
    endloop
  endfacet
  facet normal 0 0 -1
    outer loop
      vertex -0.968872 6.73981 7.4
      vertex -0.960495 6.74719 7.4
      vertex -0.416962 5.55612 7.4
    endloop
  endfacet
  facet normal 0 0 -1
    outer loop
      vertex -1.12059 6.58664 7.4
      vertex -1.07779 6.63403 7.4
      vertex -0.509964 5.53928 7.4
    endloop
  endfacet
  facet normal 0 0 -1
    outer loop
      vertex -1.12819 6.57784 7.4
      vertex -0.509964 5.53928 7.4
      vertex -0.55722 5.53053 7.4
    endloop
  endfacet
  facet normal 0 0 -1
    outer loop
      vertex -0.60347 5.5219 7.4
      vertex -1.21388 6.46846 7.4
      vertex -1.17584 6.51942 7.4
    endloop
  endfacet
  facet normal 0 -0 -1
    outer loop
      vertex -1.47215 5.91664 7.4
      vertex -1.02927 5.43716 7.4
      vertex -1.47479 5.90686 7.4
    endloop
  endfacet
  facet normal 0 0 -1
    outer loop
      vertex -0.982086 5.44699 7.4
      vertex -1.47215 5.91664 7.4
      vertex -1.45316 5.98192 7.4
    endloop
  endfacet
  facet normal 0 0 -1
    outer loop
      vertex -1.45316 5.98192 7.4
      vertex -1.45006 5.99181 7.4
      vertex -0.982086 5.44699 7.4
    endloop
  endfacet
  facet normal 0 0 -1
    outer loop
      vertex -1.40134 6.12703 7.4
      vertex -0.839569 5.47603 7.4
      vertex -0.886368 5.46661 7.4
    endloop
  endfacet
  facet normal 0 -0 -1
    outer loop
      vertex -1.25633 6.40614 7.4
      vertex -0.650421 5.51299 7.4
      vertex -1.26262 6.39636 7.4
    endloop
  endfacet
  facet normal 0 -0 -1
    outer loop
      vertex -1.39716 6.13719 7.4
      vertex -0.839569 5.47603 7.4
      vertex -1.40134 6.12703 7.4
    endloop
  endfacet
  facet normal 0 0 -1
    outer loop
      vertex -1.3017 6.33179 7.4
      vertex -0.697983 5.50386 7.4
      vertex -0.744537 5.49481 7.4
    endloop
  endfacet
  facet normal -0 0 -1
    outer loop
      vertex -0.886368 5.46661 7.4
      vertex -0.934418 5.4568 7.4
      vertex -1.4287 6.05528 7.4
    endloop
  endfacet
  facet normal 0 -0 -1
    outer loop
      vertex -1.3378 6.2654 7.4
      vertex -0.792297 5.48543 7.4
      vertex -1.36632 6.20728 7.4
    endloop
  endfacet
  facet normal 0 0 -1
    outer loop
      vertex -0.886368 5.46661 7.4
      vertex -1.4287 6.05528 7.4
      vertex -1.42508 6.06534 7.4
    endloop
  endfacet
  facet normal 0 0 -1
    outer loop
      vertex -1.3378 6.2654 7.4
      vertex -0.744537 5.49481 7.4
      vertex -0.792297 5.48543 7.4
    endloop
  endfacet
  facet normal 0 0 -1
    outer loop
      vertex -1.3017 6.33179 7.4
      vertex -1.2959 6.34181 7.4
      vertex -0.697983 5.50386 7.4
    endloop
  endfacet
  facet normal 0 -0 -1
    outer loop
      vertex -1.26262 6.39636 7.4
      vertex -0.697983 5.50386 7.4
      vertex -1.2959 6.34181 7.4
    endloop
  endfacet
  facet normal 0 0 -1
    outer loop
      vertex -1.26262 6.39636 7.4
      vertex -0.650421 5.51299 7.4
      vertex -0.697983 5.50386 7.4
    endloop
  endfacet
  facet normal 0 0 -1
    outer loop
      vertex -0.650421 5.51299 7.4
      vertex -1.25633 6.40614 7.4
      vertex -1.22067 6.45891 7.4
    endloop
  endfacet
  facet normal 0 -0 -1
    outer loop
      vertex -1.21388 6.46846 7.4
      vertex -0.60347 5.5219 7.4
      vertex -1.22067 6.45891 7.4
    endloop
  endfacet
  facet normal 0 0 -1
    outer loop
      vertex -0.60347 5.5219 7.4
      vertex -1.17584 6.51942 7.4
      vertex -0.55722 5.53053 7.4
    endloop
  endfacet
  facet normal 0 0 -1
    outer loop
      vertex -1.17584 6.51942 7.4
      vertex -1.16862 6.52864 7.4
      vertex -0.55722 5.53053 7.4
    endloop
  endfacet
  facet normal 0 0 -1
    outer loop
      vertex -1.50777 5.76147 7.4
      vertex -1.12546 5.41678 7.4
      vertex -1.17349 5.40643 7.4
    endloop
  endfacet
  facet normal 0 -0 -1
    outer loop
      vertex -1.50951 5.75223 7.4
      vertex -1.17349 5.40643 7.4
      vertex -1.52135 5.68159 7.4
    endloop
  endfacet
  facet normal 0 0 -1
    outer loop
      vertex -1.07779 6.63403 7.4
      vertex -0.463486 5.54774 7.4
      vertex -0.509964 5.53928 7.4
    endloop
  endfacet
  facet normal 0 0 -1
    outer loop
      vertex -1.39027 5.41853 7.4
      vertex -1.52135 5.68159 7.4
      vertex -1.22169 5.39597 7.4
    endloop
  endfacet
  facet normal 0 0 -1
    outer loop
      vertex -1.07779 6.63403 7.4
      vertex -1.0699 6.6424 7.4
      vertex -0.463486 5.54774 7.4
    endloop
  endfacet
  facet normal 0 0 -1
    outer loop
      vertex -1.02472 6.68802 7.4
      vertex -1.01645 6.69598 7.4
      vertex -0.416962 5.55612 7.4
    endloop
  endfacet
  facet normal 0 0 -1
    outer loop
      vertex -0.416962 5.55612 7.4
      vertex -0.960495 6.74719 7.4
      vertex -0.370636 5.56435 7.4
    endloop
  endfacet
  facet normal 0 0 -1
    outer loop
      vertex -0.370636 5.56435 7.4
      vertex -0.910553 6.78923 7.4
      vertex -0.901962 6.79613 7.4
    endloop
  endfacet
  facet normal 0 0 -1
    outer loop
      vertex -0.324356 5.57243 7.4
      vertex -0.901962 6.79613 7.4
      vertex -0.849625 6.83638 7.4
    endloop
  endfacet
  facet normal 0 -0 -1
    outer loop
      vertex -0.841019 6.84271 7.4
      vertex -0.324356 5.57243 7.4
      vertex -0.849625 6.83638 7.4
    endloop
  endfacet
  facet normal 0 -0 -1
    outer loop
      vertex -0.786316 6.88118 7.4
      vertex -0.278748 5.58031 7.4
      vertex -0.841019 6.84271 7.4
    endloop
  endfacet
  facet normal 0 -0 -1
    outer loop
      vertex -0.720551 6.92371 7.4
      vertex -0.232712 5.58813 7.4
      vertex -0.777649 6.88702 7.4
    endloop
  endfacet
  facet normal 0 0 -1
    outer loop
      vertex -0.711929 6.92899 7.4
      vertex -0.186691 5.59584 7.4
      vertex -0.232712 5.58813 7.4
    endloop
  endfacet
  facet normal 0 0 -1
    outer loop
      vertex -0.711929 6.92899 7.4
      vertex -0.652451 6.96388 7.4
      vertex -0.186691 5.59584 7.4
    endloop
  endfacet
  facet normal 0 0 -1
    outer loop
      vertex -0.186691 5.59584 7.4
      vertex -0.652451 6.96388 7.4
      vertex -0.643921 6.96867 7.4
    endloop
  endfacet
  facet normal 0 0 -1
    outer loop
      vertex -0.141052 5.60338 7.4
      vertex -0.582062 7.00179 7.4
      vertex -0.573608 7.0061 7.4
    endloop
  endfacet
  facet normal -0 0 -1
    outer loop
      vertex -0.0944519 5.61092 7.4
      vertex -0.141052 5.60338 7.4
      vertex -0.573608 7.0061 7.4
    endloop
  endfacet
  facet normal 0 0 -1
    outer loop
      vertex 3.72266 4.85254 7.4
      vertex 2.04327 5.11858 7.4
      vertex 3.72905 4.90059 7.4
    endloop
  endfacet
  facet normal -0 0 -1
    outer loop
      vertex 3.72266 4.85254 7.4
      vertex 3.71582 4.80255 7.4
      vertex 2.04327 5.11858 7.4
    endloop
  endfacet
  facet normal 0 0 -1
    outer loop
      vertex 2.02788 5.04025 7.4
      vertex 3.7085 4.75055 7.4
      vertex 3.70071 4.69661 7.4
    endloop
  endfacet
  facet normal 0 0 -1
    outer loop
      vertex 2.01219 4.96092 7.4
      vertex 2.02788 5.04025 7.4
      vertex 3.70071 4.69661 7.4
    endloop
  endfacet
  facet normal 0 0 -1
    outer loop
      vertex 3.69252 4.64084 7.4
      vertex 2.01219 4.96092 7.4
      vertex 3.70071 4.69661 7.4
    endloop
  endfacet
  facet normal -0 0 -1
    outer loop
      vertex 3.69252 4.64084 7.4
      vertex 3.68382 4.58298 7.4
      vertex 1.99608 4.87987 7.4
    endloop
  endfacet
  facet normal 0 -0 -1
    outer loop
      vertex 1.99608 4.87987 7.4
      vertex 3.6747 4.52321 7.4
      vertex 1.97969 4.79779 7.4
    endloop
  endfacet
  facet normal 0 0 -1
    outer loop
      vertex 1.97969 4.79779 7.4
      vertex 3.6747 4.52321 7.4
      vertex 3.6651 4.46141 7.4
    endloop
  endfacet
  facet normal 0 0 -1
    outer loop
      vertex 1.96297 4.71457 7.4
      vertex 1.97969 4.79779 7.4
      vertex 3.6651 4.46141 7.4
    endloop
  endfacet
  facet normal 0 0 -1
    outer loop
      vertex 3.65504 4.39767 7.4
      vertex 1.94591 4.63005 7.4
      vertex 1.96297 4.71457 7.4
    endloop
  endfacet
  facet normal -0 0 -1
    outer loop
      vertex 3.64452 4.33191 7.4
      vertex 3.63361 4.2646 7.4
      vertex 1.94591 4.63005 7.4
    endloop
  endfacet
  facet normal 0 0 -1
    outer loop
      vertex 1.92853 4.54433 7.4
      vertex 3.63361 4.2646 7.4
      vertex 3.62233 4.19601 7.4
    endloop
  endfacet
  facet normal 0 0 -1
    outer loop
      vertex 1.9108 4.45732 7.4
      vertex 1.92853 4.54433 7.4
      vertex 3.62233 4.19601 7.4
    endloop
  endfacet
  facet normal 0 0 -1
    outer loop
      vertex 3.61067 4.12607 7.4
      vertex 1.89275 4.36916 7.4
      vertex 1.9108 4.45732 7.4
    endloop
  endfacet
  facet normal -0 0 -1
    outer loop
      vertex 3.61067 4.12607 7.4
      vertex 3.59866 4.05501 7.4
      vertex 1.89275 4.36916 7.4
    endloop
  endfacet
  facet normal 0 0 -1
    outer loop
      vertex 1.87444 4.28001 7.4
      vertex 1.89275 4.36916 7.4
      vertex 3.58627 3.98259 7.4
    endloop
  endfacet
  facet normal 0 0 -1
    outer loop
      vertex 3.56046 3.83421 7.4
      vertex 1.85591 4.19022 7.4
      vertex 3.57355 3.90906 7.4
    endloop
  endfacet
  facet normal 0 0 -1
    outer loop
      vertex 3.56046 3.83421 7.4
      vertex 1.83719 4.09979 7.4
      vertex 1.85591 4.19022 7.4
    endloop
  endfacet
  facet normal 0 -0 -1
    outer loop
      vertex 1.83719 4.09979 7.4
      vertex 3.54698 3.75812 7.4
      vertex 1.81828 4.00876 7.4
    endloop
  endfacet
  facet normal 0 0 -1
    outer loop
      vertex 3.51898 3.60223 7.4
      vertex 1.81828 4.00876 7.4
      vertex 3.53319 3.68085 7.4
    endloop
  endfacet
  facet normal 0 0 -1
    outer loop
      vertex 3.51898 3.60223 7.4
      vertex 1.79916 3.91708 7.4
      vertex 1.81828 4.00876 7.4
    endloop
  endfacet
  facet normal 0 -0 -1
    outer loop
      vertex 1.79916 3.91708 7.4
      vertex 3.50446 3.52246 7.4
      vertex 1.77986 3.82477 7.4
    endloop
  endfacet
  facet normal 0 0 -1
    outer loop
      vertex 1.76035 3.73183 7.4
      vertex 3.48955 3.44141 7.4
      vertex 3.47427 3.35912 7.4
    endloop
  endfacet
  facet normal 0 0 -1
    outer loop
      vertex 3.45863 3.27557 7.4
      vertex 1.74063 3.63826 7.4
      vertex 3.47427 3.35912 7.4
    endloop
  endfacet
  facet normal 0 0 -1
    outer loop
      vertex 3.45863 3.27557 7.4
      vertex 1.72075 3.54422 7.4
      vertex 1.74063 3.63826 7.4
    endloop
  endfacet
  facet normal 0 -0 -1
    outer loop
      vertex 1.72075 3.54422 7.4
      vertex 3.44264 3.19077 7.4
      vertex 1.70061 3.44923 7.4
    endloop
  endfacet
  facet normal 0 0 -1
    outer loop
      vertex 3.40958 3.01749 7.4
      vertex 1.70061 3.44923 7.4
      vertex 3.42627 3.10474 7.4
    endloop
  endfacet
  facet normal -0 0 -1
    outer loop
      vertex 3.40958 3.01749 7.4
      vertex 3.39247 2.92892 7.4
      vertex 1.6803 3.35379 7.4
    endloop
  endfacet
  facet normal 0 -0 -1
    outer loop
      vertex 1.65979 3.25766 7.4
      vertex 3.37503 2.83919 7.4
      vertex 1.63908 3.16092 7.4
    endloop
  endfacet
  facet normal 0 0 -1
    outer loop
      vertex 1.59706 2.96558 7.4
      vertex 1.63908 3.16092 7.4
      vertex 3.35722 2.74814 7.4
    endloop
  endfacet
  facet normal 0 0 -1
    outer loop
      vertex 3.33905 2.65587 7.4
      vertex 1.59706 2.96558 7.4
      vertex 3.35722 2.74814 7.4
    endloop
  endfacet
  facet normal 0 0 -1
    outer loop
      vertex 1.59706 2.96558 7.4
      vertex 3.32051 2.56235 7.4
      vertex 3.30164 2.46761 7.4
    endloop
  endfacet
  facet normal 0 0 -1
    outer loop
      vertex 1.53255 2.66786 7.4
      vertex 1.55426 2.76772 7.4
      vertex 3.28239 2.37186 7.4
    endloop
  endfacet
  facet normal -0 0 -1
    outer loop
      vertex 3.26282 2.2755 7.4
      vertex 3.24294 2.17867 7.4
      vertex 1.53255 2.66786 7.4
    endloop
  endfacet
  facet normal 0 0 -1
    outer loop
      vertex 1.48853 2.46613 7.4
      vertex 3.24294 2.17867 7.4
      vertex 3.22281 2.08141 7.4
    endloop
  endfacet
  facet normal 0 0 -1
    outer loop
      vertex 1.46623 2.36444 7.4
      vertex 1.48853 2.46613 7.4
      vertex 3.22281 2.08141 7.4
    endloop
  endfacet
  facet normal 0 0 -1
    outer loop
      vertex 3.20233 1.98354 7.4
      vertex 1.44373 2.26204 7.4
      vertex 1.46623 2.36444 7.4
    endloop
  endfacet
  facet normal 0 0 -1
    outer loop
      vertex 1.44373 2.26204 7.4
      vertex 3.18156 1.88525 7.4
      vertex 3.16052 1.78648 7.4
    endloop
  endfacet
  facet normal 0 0 -1
    outer loop
      vertex 1.39818 2.05573 7.4
      vertex 1.42102 2.159 7.4
      vertex 3.13918 1.68718 7.4
    endloop
  endfacet
  facet normal 0 0 -1
    outer loop
      vertex 3.11754 1.58742 7.4
      vertex 1.37521 1.95256 7.4
      vertex 1.39818 2.05573 7.4
    endloop
  endfacet
  facet normal -0 0 -1
    outer loop
      vertex 3.11754 1.58742 7.4
      vertex 3.09558 1.48714 7.4
      vertex 1.37521 1.95256 7.4
    endloop
  endfacet
  facet normal 0 0 -1
    outer loop
      vertex 1.35213 1.84937 7.4
      vertex 3.09558 1.48714 7.4
      vertex 3.07335 1.3864 7.4
    endloop
  endfacet
  facet normal 0 0 -1
    outer loop
      vertex 1.30556 1.64302 7.4
      vertex 1.32898 1.74649 7.4
      vertex 3.0508 1.28513 7.4
    endloop
  endfacet
  facet normal 0 0 -1
    outer loop
      vertex 3.02795 1.18336 7.4
      vertex 1.28207 1.53981 7.4
      vertex 1.30556 1.64302 7.4
    endloop
  endfacet
  facet normal -0 0 -1
    outer loop
      vertex 3.02795 1.18336 7.4
      vertex 3.00482 1.08115 7.4
      vertex 1.28207 1.53981 7.4
    endloop
  endfacet
  facet normal 0 0 -1
    outer loop
      vertex 1.25847 1.43665 7.4
      vertex 3.00482 1.08115 7.4
      vertex 2.9814 0.978439 7.4
    endloop
  endfacet
  facet normal 0 0 -1
    outer loop
      vertex 1.23479 1.33379 7.4
      vertex 1.25847 1.43665 7.4
      vertex 2.9814 0.978439 7.4
    endloop
  endfacet
  facet normal 0 0 -1
    outer loop
      vertex 2.95766 0.875214 7.4
      vertex 1.21083 1.2303 7.4
      vertex 1.23479 1.33379 7.4
    endloop
  endfacet
  facet normal -0 0 -1
    outer loop
      vertex 2.93362 0.771484 7.4
      vertex 2.9093 0.667297 7.4
      vertex 1.18681 1.12711 7.4
    endloop
  endfacet
  facet normal 0 0 -1
    outer loop
      vertex 1.16267 1.02393 7.4
      vertex 2.9093 0.667297 7.4
      vertex 2.88469 0.562607 7.4
    endloop
  endfacet
  facet normal 0 0 -1
    outer loop
      vertex 1.1384 0.920715 7.4
      vertex 1.16267 1.02393 7.4
      vertex 2.88469 0.562607 7.4
    endloop
  endfacet
  facet normal 0 0 -1
    outer loop
      vertex 2.85977 0.457413 7.4
      vertex 1.114 0.817551 7.4
      vertex 1.1384 0.920715 7.4
    endloop
  endfacet
  facet normal 0 0 -1
    outer loop
      vertex 2.83453 0.351715 7.4
      vertex 1.08952 0.714676 7.4
      vertex 1.114 0.817551 7.4
    endloop
  endfacet
  facet normal 0 0 -1
    outer loop
      vertex 1.06479 0.611191 7.4
      vertex 2.80904 0.24556 7.4
      vertex 2.78323 0.138901 7.4
    endloop
  endfacet
  facet normal 0 0 -1
    outer loop
      vertex 1.04004 0.508301 7.4
      vertex 1.06479 0.611191 7.4
      vertex 2.78323 0.138901 7.4
    endloop
  endfacet
  facet normal 0 0 -1
    outer loop
      vertex 2.75711 0.0319672 7.4
      vertex 1.04004 0.508301 7.4
      vertex 2.78323 0.138901 7.4
    endloop
  endfacet
  facet normal 0 0 -1
    outer loop
      vertex 2.75711 0.0319672 7.4
      vertex 1.01505 0.404816 7.4
      vertex 1.04004 0.508301 7.4
    endloop
  endfacet
  facet normal 0 -0 -1
    outer loop
      vertex 1.01505 0.404816 7.4
      vertex 2.73076 -0.0748444 7.4
      vertex 0.990051 0.301941 7.4
    endloop
  endfacet
  facet normal 0 0 -1
    outer loop
      vertex 0.964767 0.198456 7.4
      vertex 2.70415 -0.181503 7.4
      vertex 2.67732 -0.287888 7.4
    endloop
  endfacet
  facet normal 0 0 -1
    outer loop
      vertex 0.939453 0.0952301 7.4
      vertex 0.964767 0.198456 7.4
      vertex 2.67732 -0.287888 7.4
    endloop
  endfacet
  facet normal 0 0 -1
    outer loop
      vertex 2.65025 -0.39415 7.4
      vertex 0.939453 0.0952301 7.4
      vertex 2.67732 -0.287888 7.4
    endloop
  endfacet
  facet normal 0 0 -1
    outer loop
      vertex 2.65025 -0.39415 7.4
      vertex 0.913986 -0.00790405 7.4
      vertex 0.939453 0.0952301 7.4
    endloop
  endfacet
  facet normal -0 0 -1
    outer loop
      vertex -1.22501 -7.06535 7.4
      vertex -1.27129 -7.07697 7.4
      vertex -1.45836 -5.79507 7.4
    endloop
  endfacet
  facet normal 0 0 -1
    outer loop
      vertex -2.05991 -5.57599 7.4
      vertex -2.97623 -6.97691 7.4
      vertex -3.0193 -6.96181 7.4
    endloop
  endfacet
  facet normal -0 0 -1
    outer loop
      vertex 2.83453 0.351715 7.4
      vertex 2.80904 0.24556 7.4
      vertex 1.08952 0.714676 7.4
    endloop
  endfacet
  facet normal 0 0 -1
    outer loop
      vertex -1.62827 -7.13992 7.4
      vertex -1.63368 -5.79445 7.4
      vertex -1.58153 -7.13434 7.4
    endloop
  endfacet
  facet normal 0 0 -1
    outer loop
      vertex 3.72905 4.90059 7.4
      vertex 2.05833 5.19566 7.4
      vertex 3.735 4.94681 7.4
    endloop
  endfacet
  facet normal 0 -0 -1
    outer loop
      vertex -0.357452 7.10243 7.4
      vertex -0.00273132 5.62506 7.4
      vertex -0.427261 7.07399 7.4
    endloop
  endfacet
  facet normal 0 0 -1
    outer loop
      vertex 3.735 4.94681 7.4
      vertex 2.07307 5.27158 7.4
      vertex 3.74048 4.99104 7.4
    endloop
  endfacet
  facet normal 0 0 -1
    outer loop
      vertex 0.0437012 5.6319 7.4
      vertex -0.277817 7.13226 7.4
      vertex 0.0902405 5.63852 7.4
    endloop
  endfacet
  facet normal 0 0 -1
    outer loop
      vertex 0.0902405 5.63852 7.4
      vertex -0.271133 7.13466 7.4
      vertex 0.13884 5.64523 7.4
    endloop
  endfacet
  facet normal 0 0 -1
    outer loop
      vertex -0.195496 7.16046 7.4
      vertex -0.189194 7.16251 7.4
      vertex 0.13884 5.64523 7.4
    endloop
  endfacet
  facet normal 0 0 -1
    outer loop
      vertex 3.7455 5.0334 7.4
      vertex 2.07307 5.27158 7.4
      vertex 3.75009 5.07397 7.4
    endloop
  endfacet
  facet normal 0 0 -1
    outer loop
      vertex 0.185623 5.65147 7.4
      vertex -0.110657 7.187 7.4
      vertex 0.233871 5.6577 7.4
    endloop
  endfacet
  facet normal 0 0 -1
    outer loop
      vertex 3.75009 5.07397 7.4
      vertex 2.07307 5.27158 7.4
      vertex 2.08746 5.34615 7.4
    endloop
  endfacet
  facet normal -0 0 -1
    outer loop
      vertex 3.7542 5.11263 7.4
      vertex 3.75009 5.07397 7.4
      vertex 2.08746 5.34615 7.4
    endloop
  endfacet
  facet normal 0 -0 -1
    outer loop
      vertex -0.0174408 7.21352 7.4
      vertex 0.283661 5.66391 7.4
      vertex -0.0231934 7.21196 7.4
    endloop
  endfacet
  facet normal -0 0 -1
    outer loop
      vertex 3.75787 5.14958 7.4
      vertex 3.7542 5.11263 7.4
      vertex 2.08746 5.34615 7.4
    endloop
  endfacet
  facet normal 0 -0 -1
    outer loop
      vertex 2.10153 5.41959 7.4
      vertex 3.75787 5.14958 7.4
      vertex 2.08746 5.34615 7.4
    endloop
  endfacet
  facet normal 0 0 -1
    outer loop
      vertex 0.331802 5.66969 7.4
      vertex 0.066925 7.23535 7.4
      vertex 0.0723724 7.23671 7.4
    endloop
  endfacet
  facet normal 0 0 -1
    outer loop
      vertex 3.75787 5.14958 7.4
      vertex 2.10153 5.41959 7.4
      vertex 3.76108 5.18468 7.4
    endloop
  endfacet
  facet normal -0 0 -1
    outer loop
      vertex 0.382385 5.67557 7.4
      vertex 0.331802 5.66969 7.4
      vertex 0.0723724 7.23671 7.4
    endloop
  endfacet
  facet normal 0 0 -1
    outer loop
      vertex 2.10153 5.41959 7.4
      vertex 3.76381 5.21806 7.4
      vertex 3.76108 5.18468 7.4
    endloop
  endfacet
  facet normal 0 0 -1
    outer loop
      vertex 0.382385 5.67557 7.4
      vertex 0.159653 7.25722 7.4
      vertex 0.43132 5.68105 7.4
    endloop
  endfacet
  facet normal 0 0 -1
    outer loop
      vertex 0.164841 7.25838 7.4
      vertex 0.482697 5.68658 7.4
      vertex 0.43132 5.68105 7.4
    endloop
  endfacet
  facet normal 0 0 -1
    outer loop
      vertex 3.7661 5.24995 7.4
      vertex 2.10153 5.41959 7.4
      vertex 2.11526 5.49178 7.4
    endloop
  endfacet
  facet normal 0 0 -1
    outer loop
      vertex 0.164841 7.25838 7.4
      vertex 0.25502 7.27756 7.4
      vertex 0.482697 5.68658 7.4
    endloop
  endfacet
  facet normal 0 0 -1
    outer loop
      vertex 0.482697 5.68658 7.4
      vertex 0.25502 7.27756 7.4
      vertex 0.259903 7.27853 7.4
    endloop
  endfacet
  facet normal -0 0 -1
    outer loop
      vertex 0.533478 5.69188 7.4
      vertex 0.482697 5.68658 7.4
      vertex 0.259903 7.27853 7.4
    endloop
  endfacet
  facet normal 0 -0 -1
    outer loop
      vertex 0.352997 7.2964 7.4
      vertex 0.533478 5.69188 7.4
      vertex 0.259903 7.27853 7.4
    endloop
  endfacet
  facet normal 0 -0 -1
    outer loop
      vertex 0.357666 7.29726 7.4
      vertex 0.58374 5.69688 7.4
      vertex 0.352997 7.2964 7.4
    endloop
  endfacet
  facet normal 0 0 -1
    outer loop
      vertex 0.357666 7.29726 7.4
      vertex 0.635559 5.70186 7.4
      vertex 0.58374 5.69688 7.4
    endloop
  endfacet
  facet normal 0 0 -1
    outer loop
      vertex 0.357666 7.29726 7.4
      vertex 0.453674 7.3138 7.4
      vertex 0.635559 5.70186 7.4
    endloop
  endfacet
  facet normal 0 0 -1
    outer loop
      vertex 0.635559 5.70186 7.4
      vertex 0.453674 7.3138 7.4
      vertex 0.458084 7.31451 7.4
    endloop
  endfacet
  facet normal -0 0 -1
    outer loop
      vertex 0.688309 5.70673 7.4
      vertex 0.635559 5.70186 7.4
      vertex 0.458084 7.31451 7.4
    endloop
  endfacet
  facet normal -0 0 -1
    outer loop
      vertex 0.739777 5.71127 7.4
      vertex 0.688309 5.70673 7.4
      vertex 0.556992 7.32974 7.4
    endloop
  endfacet
  facet normal 0 -0 -1
    outer loop
      vertex 0.561249 7.33037 7.4
      vertex 0.739777 5.71127 7.4
      vertex 0.556992 7.32974 7.4
    endloop
  endfacet
  facet normal 0 0 -1
    outer loop
      vertex 0.561249 7.33037 7.4
      vertex 0.792923 5.71577 7.4
      vertex 0.739777 5.71127 7.4
    endloop
  endfacet
  facet normal 0 0 -1
    outer loop
      vertex 0.561249 7.33037 7.4
      vertex 0.663071 7.34425 7.4
      vertex 0.792923 5.71577 7.4
    endloop
  endfacet
  facet normal 0 0 -1
    outer loop
      vertex 0.663071 7.34425 7.4
      vertex 0.667053 7.34476 7.4
      vertex 0.846771 5.72014 7.4
    endloop
  endfacet
  facet normal 0 0 -1
    outer loop
      vertex 0.846771 5.72014 7.4
      vertex 0.667053 7.34476 7.4
      vertex 0.90036 5.72427 7.4
    endloop
  endfacet
  facet normal 0 0 -1
    outer loop
      vertex 0.90036 5.72427 7.4
      vertex 0.77179 7.35733 7.4
      vertex 0.77562 7.35776 7.4
    endloop
  endfacet
  facet normal -0 0 -1
    outer loop
      vertex 0.953568 5.7282 7.4
      vertex 0.90036 5.72427 7.4
      vertex 0.77562 7.35776 7.4
    endloop
  endfacet
  facet normal 0 -0 -1
    outer loop
      vertex 0.88327 7.369 7.4
      vertex 0.953568 5.7282 7.4
      vertex 0.77562 7.35776 7.4
    endloop
  endfacet
  facet normal 0 -0 -1
    outer loop
      vertex 0.886871 7.36935 7.4
      vertex 1.00871 5.73206 7.4
      vertex 0.88327 7.369 7.4
    endloop
  endfacet
  facet normal 0 0 -1
    outer loop
      vertex 0.886871 7.36935 7.4
      vertex 1.06349 5.73575 7.4
      vertex 1.00871 5.73206 7.4
    endloop
  endfacet
  facet normal 0 0 -1
    outer loop
      vertex 1.0009 7.37958 7.4
      vertex 1.11951 5.73936 7.4
      vertex 1.06349 5.73575 7.4
    endloop
  endfacet
  facet normal 0 0 -1
    outer loop
      vertex 1.0009 7.37958 7.4
      vertex 1.17696 5.74292 7.4
      vertex 1.11951 5.73936 7.4
    endloop
  endfacet
  facet normal 0 0 -1
    outer loop
      vertex 1.0009 7.37958 7.4
      vertex 1.11766 7.38841 7.4
      vertex 1.17696 5.74292 7.4
    endloop
  endfacet
  facet normal 0 0 -1
    outer loop
      vertex 1.11766 7.38841 7.4
      vertex 1.29233 5.74965 7.4
      vertex 1.23457 5.74635 7.4
    endloop
  endfacet
  facet normal 0 0 -1
    outer loop
      vertex 1.11766 7.38841 7.4
      vertex 1.2372 7.39587 7.4
      vertex 1.29233 5.74965 7.4
    endloop
  endfacet
  facet normal 0 0 -1
    outer loop
      vertex 1.2372 7.39587 7.4
      vertex 1.35649 7.40182 7.4
      vertex 1.35207 5.75291 7.4
    endloop
  endfacet
  facet normal 0 0 -1
    outer loop
      vertex 1.35207 5.75291 7.4
      vertex 1.35649 7.40182 7.4
      vertex 1.41158 5.75603 7.4
    endloop
  endfacet
  facet normal 0 0 -1
    outer loop
      vertex 1.35649 7.40182 7.4
      vertex 1.48169 7.40657 7.4
      vertex 1.47261 5.75906 7.4
    endloop
  endfacet
  facet normal 0 0 -1
    outer loop
      vertex 1.47261 5.75906 7.4
      vertex 1.48169 7.40657 7.4
      vertex 1.53354 5.76199 7.4
    endloop
  endfacet
  facet normal 0 0 -1
    outer loop
      vertex 1.53354 5.76199 7.4
      vertex 1.48169 7.40657 7.4
      vertex 1.59581 5.76482 7.4
    endloop
  endfacet
  facet normal 0 0 -1
    outer loop
      vertex 1.59581 5.76482 7.4
      vertex 1.60965 7.40997 7.4
      vertex 1.65935 5.76758 7.4
    endloop
  endfacet
  facet normal 0 0 -1
    outer loop
      vertex 1.65935 5.76758 7.4
      vertex 1.60965 7.40997 7.4
      vertex 1.72316 5.77023 7.4
    endloop
  endfacet
  facet normal 0 0 -1
    outer loop
      vertex 1.72316 5.77023 7.4
      vertex 1.7404 7.41202 7.4
      vertex 1.78716 5.77275 7.4
    endloop
  endfacet
  facet normal 0 0 -1
    outer loop
      vertex 1.78716 5.77275 7.4
      vertex 1.7404 7.41202 7.4
      vertex 1.85297 5.77521 7.4
    endloop
  endfacet
  facet normal 0 0 -1
    outer loop
      vertex 1.85297 5.77521 7.4
      vertex 1.87392 7.41272 7.4
      vertex 1.9191 5.77756 7.4
    endloop
  endfacet
  facet normal 0 0 -1
    outer loop
      vertex 1.9191 5.77756 7.4
      vertex 1.87392 7.41272 7.4
      vertex 1.93976 7.41258 7.4
    endloop
  endfacet
  facet normal 0 0 -1
    outer loop
      vertex 1.9855 5.77979 7.4
      vertex 1.93976 7.41258 7.4
      vertex 2.00499 7.41219 7.4
    endloop
  endfacet
  facet normal -0 0 -1
    outer loop
      vertex 2.05312 5.78194 7.4
      vertex 1.9855 5.77979 7.4
      vertex 2.00499 7.41219 7.4
    endloop
  endfacet
  facet normal -0 0 -1
    outer loop
      vertex 2.0704 7.41151 7.4
      vertex 2.05312 5.78194 7.4
      vertex 2.00499 7.41219 7.4
    endloop
  endfacet
  facet normal -0 0 -1
    outer loop
      vertex 2.13608 7.41057 7.4
      vertex 2.12198 5.78401 7.4
      vertex 2.0704 7.41151 7.4
    endloop
  endfacet
  facet normal 0 -0 -1
    outer loop
      vertex 2.13608 7.41057 7.4
      vertex 2.17004 5.78537 7.4
      vertex 2.12198 5.78401 7.4
    endloop
  endfacet
  facet normal 0 -0 -1
    outer loop
      vertex 2.20187 7.40936 7.4
      vertex 2.26793 7.40788 7.4
      vertex 2.17004 5.78537 7.4
    endloop
  endfacet
  facet normal 0 0 -1
    outer loop
      vertex 2.17004 5.78537 7.4
      vertex 2.26793 7.40788 7.4
      vertex 2.33411 7.40613 7.4
    endloop
  endfacet
  facet normal -0 0 -1
    outer loop
      vertex 2.46706 7.40184 7.4
      vertex 2.17004 5.78537 7.4
      vertex 2.4005 7.40411 7.4
    endloop
  endfacet
  facet normal 0 -0 -1
    outer loop
      vertex 2.46706 7.40184 7.4
      vertex 2.53387 7.39929 7.4
      vertex 2.17004 5.78537 7.4
    endloop
  endfacet
  facet normal 0 0 -1
    outer loop
      vertex 2.17004 5.78537 7.4
      vertex 2.60089 7.39645 7.4
      vertex 2.66798 7.39339 7.4
    endloop
  endfacet
  facet normal -0 0 -1
    outer loop
      vertex 2.73537 7.39003 7.4
      vertex 2.17004 5.78537 7.4
      vertex 2.66798 7.39339 7.4
    endloop
  endfacet
  facet normal 0 -0 -1
    outer loop
      vertex 2.80289 7.3864 7.4
      vertex 2.87068 7.38251 7.4
      vertex 2.17004 5.78537 7.4
    endloop
  endfacet
  facet normal -0 0 -1
    outer loop
      vertex 3.69901 5.8004 7.4
      vertex 2.17004 5.78537 7.4
      vertex 3.00674 7.3739 7.4
    endloop
  endfacet
  facet normal 0 0 -1
    outer loop
      vertex 2.17004 5.78537 7.4
      vertex 2.87068 7.38251 7.4
      vertex 2.93858 7.37834 7.4
    endloop
  endfacet
  facet normal 0 0 -1
    outer loop
      vertex 2.02788 5.04025 7.4
      vertex 3.71582 4.80255 7.4
      vertex 3.7085 4.75055 7.4
    endloop
  endfacet
  facet normal 0 -0 -1
    outer loop
      vertex 2.01219 4.96092 7.4
      vertex 3.69252 4.64084 7.4
      vertex 1.99608 4.87987 7.4
    endloop
  endfacet
  facet normal 0 0 -1
    outer loop
      vertex 3.65504 4.39767 7.4
      vertex 1.96297 4.71457 7.4
      vertex 3.6651 4.46141 7.4
    endloop
  endfacet
  facet normal 0 0 -1
    outer loop
      vertex 1.92853 4.54433 7.4
      vertex 1.94591 4.63005 7.4
      vertex 3.63361 4.2646 7.4
    endloop
  endfacet
  facet normal 0 0 -1
    outer loop
      vertex 1.9108 4.45732 7.4
      vertex 3.62233 4.19601 7.4
      vertex 3.61067 4.12607 7.4
    endloop
  endfacet
  facet normal 0 0 -1
    outer loop
      vertex 1.89275 4.36916 7.4
      vertex 3.59866 4.05501 7.4
      vertex 3.58627 3.98259 7.4
    endloop
  endfacet
  facet normal 0 -0 -1
    outer loop
      vertex 1.87444 4.28001 7.4
      vertex 3.57355 3.90906 7.4
      vertex 1.85591 4.19022 7.4
    endloop
  endfacet
  facet normal -0 0 -1
    outer loop
      vertex 3.56046 3.83421 7.4
      vertex 3.54698 3.75812 7.4
      vertex 1.83719 4.09979 7.4
    endloop
  endfacet
  facet normal -0 0 -1
    outer loop
      vertex 3.54698 3.75812 7.4
      vertex 3.53319 3.68085 7.4
      vertex 1.81828 4.00876 7.4
    endloop
  endfacet
  facet normal -0 0 -1
    outer loop
      vertex 3.51898 3.60223 7.4
      vertex 3.50446 3.52246 7.4
      vertex 1.79916 3.91708 7.4
    endloop
  endfacet
  facet normal 0 0 -1
    outer loop
      vertex 3.48955 3.44141 7.4
      vertex 1.76035 3.73183 7.4
      vertex 1.77986 3.82477 7.4
    endloop
  endfacet
  facet normal 0 0 -1
    outer loop
      vertex 3.47427 3.35912 7.4
      vertex 1.74063 3.63826 7.4
      vertex 1.76035 3.73183 7.4
    endloop
  endfacet
  facet normal 0 0 -1
    outer loop
      vertex 3.44264 3.19077 7.4
      vertex 1.72075 3.54422 7.4
      vertex 3.45863 3.27557 7.4
    endloop
  endfacet
  facet normal 0 0 -1
    outer loop
      vertex 1.70061 3.44923 7.4
      vertex 3.44264 3.19077 7.4
      vertex 3.42627 3.10474 7.4
    endloop
  endfacet
  facet normal 0 0 -1
    outer loop
      vertex 1.6803 3.35379 7.4
      vertex 1.70061 3.44923 7.4
      vertex 3.40958 3.01749 7.4
    endloop
  endfacet
  facet normal 0 0 -1
    outer loop
      vertex 1.65979 3.25766 7.4
      vertex 3.39247 2.92892 7.4
      vertex 3.37503 2.83919 7.4
    endloop
  endfacet
  facet normal 0 0 -1
    outer loop
      vertex 1.63908 3.16092 7.4
      vertex 3.37503 2.83919 7.4
      vertex 3.35722 2.74814 7.4
    endloop
  endfacet
  facet normal 0 0 -1
    outer loop
      vertex 1.59706 2.96558 7.4
      vertex 3.33905 2.65587 7.4
      vertex 3.32051 2.56235 7.4
    endloop
  endfacet
  facet normal 0 0 -1
    outer loop
      vertex 1.55426 2.76772 7.4
      vertex 1.59706 2.96558 7.4
      vertex 3.30164 2.46761 7.4
    endloop
  endfacet
  facet normal 0 0 -1
    outer loop
      vertex 1.53255 2.66786 7.4
      vertex 3.28239 2.37186 7.4
      vertex 3.26282 2.2755 7.4
    endloop
  endfacet
  facet normal 0 0 -1
    outer loop
      vertex 1.48853 2.46613 7.4
      vertex 1.53255 2.66786 7.4
      vertex 3.24294 2.17867 7.4
    endloop
  endfacet
  facet normal 0 0 -1
    outer loop
      vertex 1.46623 2.36444 7.4
      vertex 3.22281 2.08141 7.4
      vertex 3.20233 1.98354 7.4
    endloop
  endfacet
  facet normal 0 0 -1
    outer loop
      vertex 1.44373 2.26204 7.4
      vertex 3.20233 1.98354 7.4
      vertex 3.18156 1.88525 7.4
    endloop
  endfacet
  facet normal 0 0 -1
    outer loop
      vertex 1.42102 2.159 7.4
      vertex 3.16052 1.78648 7.4
      vertex 3.13918 1.68718 7.4
    endloop
  endfacet
  facet normal 0 0 -1
    outer loop
      vertex 1.39818 2.05573 7.4
      vertex 3.13918 1.68718 7.4
      vertex 3.11754 1.58742 7.4
    endloop
  endfacet
  facet normal 0 -0 -1
    outer loop
      vertex 1.37521 1.95256 7.4
      vertex 3.09558 1.48714 7.4
      vertex 1.35213 1.84937 7.4
    endloop
  endfacet
  facet normal -0 0 -1
    outer loop
      vertex 3.07335 1.3864 7.4
      vertex 3.0508 1.28513 7.4
      vertex 1.32898 1.74649 7.4
    endloop
  endfacet
  facet normal 0 0 -1
    outer loop
      vertex 1.30556 1.64302 7.4
      vertex 3.0508 1.28513 7.4
      vertex 3.02795 1.18336 7.4
    endloop
  endfacet
  facet normal 0 -0 -1
    outer loop
      vertex 1.28207 1.53981 7.4
      vertex 3.00482 1.08115 7.4
      vertex 1.25847 1.43665 7.4
    endloop
  endfacet
  facet normal -0 0 -1
    outer loop
      vertex 2.9814 0.978439 7.4
      vertex 2.95766 0.875214 7.4
      vertex 1.23479 1.33379 7.4
    endloop
  endfacet
  facet normal 0 0 -1
    outer loop
      vertex 2.93362 0.771484 7.4
      vertex 1.18681 1.12711 7.4
      vertex 1.21083 1.2303 7.4
    endloop
  endfacet
  facet normal 0 0 -1
    outer loop
      vertex 2.9093 0.667297 7.4
      vertex 1.16267 1.02393 7.4
      vertex 1.18681 1.12711 7.4
    endloop
  endfacet
  facet normal 0 0 -1
    outer loop
      vertex 2.85977 0.457413 7.4
      vertex 1.1384 0.920715 7.4
      vertex 2.88469 0.562607 7.4
    endloop
  endfacet
  facet normal 0 -0 -1
    outer loop
      vertex 1.08952 0.714676 7.4
      vertex 2.80904 0.24556 7.4
      vertex 1.06479 0.611191 7.4
    endloop
  endfacet
  facet normal 0 0 -1
    outer loop
      vertex 2.73076 -0.0748444 7.4
      vertex 1.01505 0.404816 7.4
      vertex 2.75711 0.0319672 7.4
    endloop
  endfacet
  facet normal 0 0 -1
    outer loop
      vertex 0.964767 0.198456 7.4
      vertex 0.990051 0.301941 7.4
      vertex 2.70415 -0.181503 7.4
    endloop
  endfacet
  facet normal 0 0 -1
    outer loop
      vertex 2.59541 -0.606018 7.4
      vertex 0.888382 -0.11113 7.4
      vertex 2.62296 -0.500183 7.4
    endloop
  endfacet
  facet normal 0 0 -1
    outer loop
      vertex 2.59541 -0.606018 7.4
      vertex 0.862656 -0.21431 7.4
      vertex 0.888382 -0.11113 7.4
    endloop
  endfacet
  facet normal 0 0 -1
    outer loop
      vertex 2.56766 -0.711655 7.4
      vertex 0.836853 -0.31723 7.4
      vertex 0.862656 -0.21431 7.4
    endloop
  endfacet
  facet normal 0 0 -1
    outer loop
      vertex 2.53964 -0.817123 7.4
      vertex 0.811111 -0.419449 7.4
      vertex 0.836853 -0.31723 7.4
    endloop
  endfacet
  facet normal -0 0 -1
    outer loop
      vertex 2.53964 -0.817123 7.4
      vertex 2.5114 -0.922379 7.4
      vertex 0.811111 -0.419449 7.4
    endloop
  endfacet
  facet normal -0 0 -1
    outer loop
      vertex 2.5114 -0.922379 7.4
      vertex 2.48296 -1.02739 7.4
      vertex 0.785263 -0.521683 7.4
    endloop
  endfacet
  facet normal -0 0 -1
    outer loop
      vertex 2.48296 -1.02739 7.4
      vertex 2.45422 -1.13231 7.4
      vertex 0.75946 -0.623093 7.4
    endloop
  endfacet
  facet normal -0 0 -1
    outer loop
      vertex 2.45422 -1.13231 7.4
      vertex 2.42531 -1.23692 7.4
      vertex 0.733658 -0.724091 7.4
    endloop
  endfacet
  facet normal 0 -0 -1
    outer loop
      vertex 0.733658 -0.724091 7.4
      vertex 2.42531 -1.23692 7.4
      vertex 0.707932 -0.824265 7.4
    endloop
  endfacet
  facet normal 0 -0 -1
    outer loop
      vertex 0.707932 -0.824265 7.4
      vertex 2.39612 -1.34142 7.4
      vertex 0.682068 -0.924515 7.4
    endloop
  endfacet
  facet normal 0 -0 -1
    outer loop
      vertex 0.682068 -0.924515 7.4
      vertex 2.36673 -1.44563 7.4
      vertex 0.656281 -1.02393 7.4
    endloop
  endfacet
  facet normal 0 0 -1
    outer loop
      vertex 0.656281 -1.02393 7.4
      vertex 2.36673 -1.44563 7.4
      vertex 2.33708 -1.54973 7.4
    endloop
  endfacet
  facet normal 0 0 -1
    outer loop
      vertex 0.630478 -1.12294 7.4
      vertex 2.33708 -1.54973 7.4
      vertex 2.30722 -1.65359 7.4
    endloop
  endfacet
  facet normal 0 0 -1
    outer loop
      vertex 0.604691 -1.22142 7.4
      vertex 2.30722 -1.65359 7.4
      vertex 2.2771 -1.75729 7.4
    endloop
  endfacet
  facet normal 0 0 -1
    outer loop
      vertex 0.578903 -1.31934 7.4
      vertex 2.2771 -1.75729 7.4
      vertex 2.24677 -1.86072 7.4
    endloop
  endfacet
  facet normal 0 0 -1
    outer loop
      vertex 0.553116 -1.41684 7.4
      vertex 0.578903 -1.31934 7.4
      vertex 2.24677 -1.86072 7.4
    endloop
  endfacet
  facet normal 0 0 -1
    outer loop
      vertex 0.527328 -1.51381 7.4
      vertex 0.553116 -1.41684 7.4
      vertex 2.21619 -1.96402 7.4
    endloop
  endfacet
  facet normal 0 0 -1
    outer loop
      vertex -1.93671 -1.464 7.4
      vertex -1.89746 -1.48061 7.4
      vertex -1.75322 -1.89023 7.4
    endloop
  endfacet
  facet normal 0 0 -1
    outer loop
      vertex 0.501541 -1.61023 7.4
      vertex 0.527328 -1.51381 7.4
      vertex 2.18538 -2.06711 7.4
    endloop
  endfacet
  facet normal -0 0 -1
    outer loop
      vertex -1.75322 -1.89023 7.4
      vertex -1.78119 -1.96117 7.4
      vertex -1.9753 -1.44814 7.4
    endloop
  endfacet
  facet normal 0 0 -1
    outer loop
      vertex 0.47583 -1.70593 7.4
      vertex 0.501541 -1.61023 7.4
      vertex 2.15433 -2.16998 7.4
    endloop
  endfacet
  facet normal 0 0 -1
    outer loop
      vertex -2.08485 -1.40573 7.4
      vertex -2.05081 -1.41846 7.4
      vertex -1.80801 -2.03036 7.4
    endloop
  endfacet
  facet normal 0 0 -1
    outer loop
      vertex 2.12305 -2.27269 7.4
      vertex 0.47583 -1.70593 7.4
      vertex 2.15433 -2.16998 7.4
    endloop
  endfacet
  facet normal 0 0 -1
    outer loop
      vertex -1.83372 -2.09782 7.4
      vertex -2.15652 -1.38039 7.4
      vertex -2.12395 -1.39166 7.4
    endloop
  endfacet
  facet normal 0 0 -1
    outer loop
      vertex 2.09148 -2.37502 7.4
      vertex 0.449982 -1.80173 7.4
      vertex 2.12305 -2.27269 7.4
    endloop
  endfacet
  facet normal -0 -0 -1
    outer loop
      vertex -2.19151 -1.36877 7.4
      vertex -1.83372 -2.09782 7.4
      vertex -2.19504 -1.36763 7.4
    endloop
  endfacet
  facet normal 0 0 -1
    outer loop
      vertex 0.398407 -1.99117 7.4
      vertex 0.424194 -1.89667 7.4
      vertex 2.05959 -2.47668 7.4
    endloop
  endfacet
  facet normal 0 0 -1
    outer loop
      vertex -2.26004 -1.34767 7.4
      vertex -2.22618 -1.35782 7.4
      vertex -1.85922 -2.16602 7.4
    endloop
  endfacet
  facet normal 0 -0 -1
    outer loop
      vertex 0.372711 -2.08482 7.4
      vertex 2.02747 -2.57745 7.4
      vertex 0.346848 -2.17863 7.4
    endloop
  endfacet
  facet normal 0 0 -1
    outer loop
      vertex -2.29753 -1.3371 7.4
      vertex -2.29358 -1.33818 7.4
      vertex -1.85922 -2.16602 7.4
    endloop
  endfacet
  facet normal 0 0 -1
    outer loop
      vertex 0.346848 -2.17863 7.4
      vertex 2.02747 -2.57745 7.4
      vertex 1.9951 -2.67731 7.4
    endloop
  endfacet
  facet normal 0 0 -1
    outer loop
      vertex -1.85922 -2.16602 7.4
      vertex -2.33086 -1.32834 7.4
      vertex -2.32648 -1.32945 7.4
    endloop
  endfacet
  facet normal 0 0 -1
    outer loop
      vertex 0.321075 -2.27158 7.4
      vertex 1.9951 -2.67731 7.4
      vertex 1.96246 -2.77629 7.4
    endloop
  endfacet
  facet normal -0 -0 -1
    outer loop
      vertex -2.36369 -1.32034 7.4
      vertex -1.88467 -2.23535 7.4
      vertex -2.39117 -1.31416 7.4
    endloop
  endfacet
  facet normal 0 0 -1
    outer loop
      vertex 0.295288 -2.36409 7.4
      vertex 1.96246 -2.77629 7.4
      vertex 1.9296 -2.87431 7.4
    endloop
  endfacet
  facet normal -0 -0 -1
    outer loop
      vertex -2.4281 -1.30666 7.4
      vertex -1.88467 -2.23535 7.4
      vertex -2.45413 -1.30193 7.4
    endloop
  endfacet
  facet normal 0 0 -1
    outer loop
      vertex 0.269516 -2.45607 7.4
      vertex 1.9296 -2.87431 7.4
      vertex 1.89653 -2.97142 7.4
    endloop
  endfacet
  facet normal 0 0 -1
    outer loop
      vertex -2.4912 -1.29607 7.4
      vertex -2.485 -1.29697 7.4
      vertex -1.90898 -2.30284 7.4
    endloop
  endfacet
  facet normal 0 0 -1
    outer loop
      vertex 0.243835 -2.54715 7.4
      vertex 0.269516 -2.45607 7.4
      vertex 1.89653 -2.97142 7.4
    endloop
  endfacet
  facet normal 0 0 -1
    outer loop
      vertex -2.55299 -1.28883 7.4
      vertex -2.54599 -1.28949 7.4
      vertex -1.90898 -2.30284 7.4
    endloop
  endfacet
  facet normal 0 0 -1
    outer loop
      vertex 0.218307 -2.63698 7.4
      vertex 0.243835 -2.54715 7.4
      vertex 1.86314 -3.0677 7.4
    endloop
  endfacet
  facet normal 0 0 -1
    outer loop
      vertex -1.90898 -2.30284 7.4
      vertex -2.61403 -1.28519 7.4
      vertex -2.60582 -1.28546 7.4
    endloop
  endfacet
  facet normal 0 0 -1
    outer loop
      vertex 0.192902 -2.72571 7.4
      vertex 0.218307 -2.63698 7.4
      vertex 1.82956 -3.16298 7.4
    endloop
  endfacet
  facet normal 0 0 -1
    outer loop
      vertex 0.167648 -2.81319 7.4
      vertex 0.192902 -2.72571 7.4
      vertex 1.79573 -3.25739 7.4
    endloop
  endfacet
  facet normal 0 0 -1
    outer loop
      vertex 0.142517 -2.89951 7.4
      vertex 0.167648 -2.81319 7.4
      vertex 1.76164 -3.35091 7.4
    endloop
  endfacet
  facet normal 0 0 -1
    outer loop
      vertex 0.117523 -2.9847 7.4
      vertex 0.142517 -2.89951 7.4
      vertex 1.72731 -3.44348 7.4
    endloop
  endfacet
  facet normal 0 0 -1
    outer loop
      vertex 1.69276 -3.53513 7.4
      vertex 0.117523 -2.9847 7.4
      vertex 1.72731 -3.44348 7.4
    endloop
  endfacet
  facet normal 0 0 -1
    outer loop
      vertex 1.6579 -3.62596 7.4
      vertex 0.0926666 -3.0687 7.4
      vertex 1.69276 -3.53513 7.4
    endloop
  endfacet
  facet normal 0 0 -1
    outer loop
      vertex 1.62285 -3.71579 7.4
      vertex 0.0679474 -3.15155 7.4
      vertex 1.6579 -3.62596 7.4
    endloop
  endfacet
  facet normal 0 0 -1
    outer loop
      vertex 1.58754 -3.80473 7.4
      vertex 0.043396 -3.23315 7.4
      vertex 1.62285 -3.71579 7.4
    endloop
  endfacet
  facet normal 0 0 -1
    outer loop
      vertex 1.55196 -3.89282 7.4
      vertex 0.0191345 -3.31303 7.4
      vertex 1.58754 -3.80473 7.4
    endloop
  endfacet
  facet normal 0 0 -1
    outer loop
      vertex 1.51614 -3.97997 7.4
      vertex -0.00535583 -3.39294 7.4
      vertex 1.55196 -3.89282 7.4
    endloop
  endfacet
  facet normal 0 0 -1
    outer loop
      vertex 1.48007 -4.06621 7.4
      vertex -0.0295105 -3.47113 7.4
      vertex 1.51614 -3.97997 7.4
    endloop
  endfacet
  facet normal 0 0 -1
    outer loop
      vertex -0.0774231 -3.62386 7.4
      vertex -0.0535278 -3.54802 7.4
      vertex 1.44376 -4.15152 7.4
    endloop
  endfacet
  facet normal 0 0 -1
    outer loop
      vertex -0.100952 -3.69777 7.4
      vertex 1.4072 -4.23595 7.4
      vertex 1.37036 -4.31949 7.4
    endloop
  endfacet
  facet normal 0 -0 -1
    outer loop
      vertex -0.124771 -3.7719 7.4
      vertex 1.33331 -4.40208 7.4
      vertex -0.148224 -3.84409 7.4
    endloop
  endfacet
  facet normal 0 0 -1
    outer loop
      vertex 1.29033 -4.49358 7.4
      vertex -0.194733 -3.98511 7.4
      vertex -0.171555 -3.91519 7.4
    endloop
  endfacet
  facet normal 0 0 -1
    outer loop
      vertex -0.240662 -4.12137 7.4
      vertex -0.217758 -4.05376 7.4
      vertex 1.20607 -4.66711 7.4
    endloop
  endfacet
  facet normal 0 0 -1
    outer loop
      vertex -0.263397 -4.18768 7.4
      vertex 1.16379 -4.75142 7.4
      vertex 1.1214 -4.83408 7.4
    endloop
  endfacet
  facet normal 0 0 -1
    outer loop
      vertex -0.285141 -4.2504 7.4
      vertex 1.1214 -4.83408 7.4
      vertex 1.07889 -4.91512 7.4
    endloop
  endfacet
  facet normal 0 -0 -1
    outer loop
      vertex -0.314484 -4.33 7.4
      vertex 1.03624 -4.99455 7.4
      vertex -0.343964 -4.40768 7.4
    endloop
  endfacet
  facet normal 0 0 -1
    outer loop
      vertex 0.950577 -5.14848 7.4
      vertex -0.40271 -4.55605 7.4
      vertex -0.37413 -4.48499 7.4
    endloop
  endfacet
  facet normal 0 0 -1
    outer loop
      vertex -0.462311 -4.69753 7.4
      vertex -0.432724 -4.6284 7.4
      vertex 0.8629 -5.2984 7.4
    endloop
  endfacet
  facet normal 0 0 -1
    outer loop
      vertex 0.68837 -5.57417 7.4
      vertex -0.520889 -4.82777 7.4
      vertex 0.733978 -5.50499 7.4
    endloop
  endfacet
  facet normal 0 0 -1
    outer loop
      vertex -0.91362 -5.47289 7.4
      vertex 0.056366 -6.33867 7.4
      vertex 0.0128937 -6.37975 7.4
    endloop
  endfacet
  facet normal -0 0 -1
    outer loop
      vertex -0.0372314 -6.42549 7.4
      vertex -0.0809631 -6.46397 7.4
      vertex -0.940018 -5.50151 7.4
    endloop
  endfacet
  facet normal 0 0 -1
    outer loop
      vertex -0.0338745 -6.42249 7.4
      vertex -0.940018 -5.50151 7.4
      vertex -0.91362 -5.47289 7.4
    endloop
  endfacet
  facet normal -0 0 -1
    outer loop
      vertex -0.0338745 -6.42249 7.4
      vertex -0.0372314 -6.42549 7.4
      vertex -0.940018 -5.50151 7.4
    endloop
  endfacet
  facet normal 0 -0 -1
    outer loop
      vertex -0.940018 -5.50151 7.4
      vertex -0.0809631 -6.46397 7.4
      vertex -0.966187 -5.52824 7.4
    endloop
  endfacet
  facet normal 0 0 -1
    outer loop
      vertex -0.966187 -5.52824 7.4
      vertex -0.0809631 -6.46397 7.4
      vertex -0.0844269 -6.46696 7.4
    endloop
  endfacet
  facet normal 0 0 -1
    outer loop
      vertex -0.128296 -6.50417 7.4
      vertex -0.966187 -5.52824 7.4
      vertex -0.0844269 -6.46696 7.4
    endloop
  endfacet
  facet normal -0 0 -1
    outer loop
      vertex -0.128296 -6.50417 7.4
      vertex -0.131958 -6.5072 7.4
      vertex -0.993134 -5.5544 7.4
    endloop
  endfacet
  facet normal 0 0 -1
    outer loop
      vertex -0.128296 -6.50417 7.4
      vertex -0.993134 -5.5544 7.4
      vertex -0.966187 -5.52824 7.4
    endloop
  endfacet
  facet normal 0 0 -1
    outer loop
      vertex -0.993134 -5.5544 7.4
      vertex -0.131958 -6.5072 7.4
      vertex -0.175964 -6.54311 7.4
    endloop
  endfacet
  facet normal -0 0 -1
    outer loop
      vertex -0.179688 -6.54608 7.4
      vertex -0.223816 -6.5807 7.4
      vertex -1.01964 -5.57872 7.4
    endloop
  endfacet
  facet normal 0 -0 -1
    outer loop
      vertex -1.01964 -5.57872 7.4
      vertex -0.223816 -6.5807 7.4
      vertex -1.04597 -5.60153 7.4
    endloop
  endfacet
  facet normal 0 0 -1
    outer loop
      vertex -1.04597 -5.60153 7.4
      vertex -0.223816 -6.5807 7.4
      vertex -0.227768 -6.58374 7.4
    endloop
  endfacet
  facet normal 0 0 -1
    outer loop
      vertex -0.272034 -6.61707 7.4
      vertex -1.04597 -5.60153 7.4
      vertex -0.227768 -6.58374 7.4
    endloop
  endfacet
  facet normal 0 0 -1
    outer loop
      vertex -0.320541 -6.65213 7.4
      vertex -1.07245 -5.62315 7.4
      vertex -0.276138 -6.6201 7.4
    endloop
  endfacet
  facet normal -0 0 -1
    outer loop
      vertex -0.320541 -6.65213 7.4
      vertex -0.324738 -6.65509 7.4
      vertex -1.07245 -5.62315 7.4
    endloop
  endfacet
  facet normal 0 -0 -1
    outer loop
      vertex -1.07245 -5.62315 7.4
      vertex -0.324738 -6.65509 7.4
      vertex -1.09892 -5.64345 7.4
    endloop
  endfacet
  facet normal 0 0 -1
    outer loop
      vertex -1.09892 -5.64345 7.4
      vertex -0.324738 -6.65509 7.4
      vertex -0.369263 -6.68584 7.4
    endloop
  endfacet
  facet normal 0 0 -1
    outer loop
      vertex -1.12495 -5.66216 7.4
      vertex -0.373657 -6.6888 7.4
      vertex -0.41832 -6.71826 7.4
    endloop
  endfacet
  facet normal 0 0 -1
    outer loop
      vertex -0.422974 -6.72125 7.4
      vertex -1.12495 -5.66216 7.4
      vertex -0.41832 -6.71826 7.4
    endloop
  endfacet
  facet normal -0 0 -1
    outer loop
      vertex -0.422974 -6.72125 7.4
      vertex -0.467773 -6.7494 7.4
      vertex -1.12495 -5.66216 7.4
    endloop
  endfacet
  facet normal 0 -0 -1
    outer loop
      vertex -1.12495 -5.66216 7.4
      vertex -0.467773 -6.7494 7.4
      vertex -1.1514 -5.67982 7.4
    endloop
  endfacet
  facet normal -0 0 -1
    outer loop
      vertex -0.517319 -6.77913 7.4
      vertex -0.522308 -6.78204 7.4
      vertex -1.17699 -5.69576 7.4
    endloop
  endfacet
  facet normal 0 0 -1
    outer loop
      vertex -1.20273 -5.71057 7.4
      vertex -1.17699 -5.69576 7.4
      vertex -0.567368 -6.80762 7.4
    endloop
  endfacet
  facet normal 0 0 -1
    outer loop
      vertex -1.17699 -5.69576 7.4
      vertex -0.522308 -6.78204 7.4
      vertex -0.567368 -6.80762 7.4
    endloop
  endfacet
  facet normal 0 0 -1
    outer loop
      vertex -0.622803 -6.83742 7.4
      vertex -1.20273 -5.71057 7.4
      vertex -0.617599 -6.8347 7.4
    endloop
  endfacet
  facet normal 0 0 -1
    outer loop
      vertex -1.20273 -5.71057 7.4
      vertex -0.572403 -6.81041 7.4
      vertex -0.617599 -6.8347 7.4
    endloop
  endfacet
  facet normal 0 0 -1
    outer loop
      vertex -1.22852 -5.7242 7.4
      vertex -0.668137 -6.86043 7.4
      vertex -0.673538 -6.86308 7.4
    endloop
  endfacet
  facet normal 0 0 -1
    outer loop
      vertex -1.25438 -5.73669 7.4
      vertex -1.22852 -5.7242 7.4
      vertex -0.673538 -6.86308 7.4
    endloop
  endfacet
  facet normal 0 0 -1
    outer loop
      vertex -0.770126 -6.90778 7.4
      vertex -1.25438 -5.73669 7.4
      vertex -0.724548 -6.88736 7.4
    endloop
  endfacet
  facet normal 0 0 -1
    outer loop
      vertex -0.82045 -6.92917 7.4
      vertex -1.27957 -5.74773 7.4
      vertex -0.774765 -6.90981 7.4
    endloop
  endfacet
  facet normal 0 0 -1
    outer loop
      vertex -0.82045 -6.92917 7.4
      vertex -1.30498 -5.75774 7.4
      vertex -1.27957 -5.74773 7.4
    endloop
  endfacet
  facet normal -0 0 -1
    outer loop
      vertex -0.870056 -6.94926 7.4
      vertex -0.873917 -6.95079 7.4
      vertex -1.30498 -5.75774 7.4
    endloop
  endfacet
  facet normal 0 0 -1
    outer loop
      vertex -1.33049 -5.76666 7.4
      vertex -0.873917 -6.95079 7.4
      vertex -0.919724 -6.96843 7.4
    endloop
  endfacet
  facet normal -0 0 -1
    outer loop
      vertex -0.973618 -6.98811 7.4
      vertex -1.01956 -7.00403 7.4
      vertex -1.35593 -5.77446 7.4
    endloop
  endfacet
  facet normal -0 0 -1
    outer loop
      vertex -1.02362 -7.0054 7.4
      vertex -1.06963 -7.02046 7.4
      vertex -1.38144 -5.7812 7.4
    endloop
  endfacet
  facet normal 0 0 -1
    outer loop
      vertex -1.4068 -5.78683 7.4
      vertex -1.06963 -7.02046 7.4
      vertex -1.07382 -7.02179 7.4
    endloop
  endfacet
  facet normal -0 0 -1
    outer loop
      vertex -1.12407 -7.03723 7.4
      vertex -1.17021 -7.05057 7.4
      vertex -1.43246 -5.79146 7.4
    endloop
  endfacet
  facet normal 0 0 -1
    outer loop
      vertex -1.45836 -5.79507 7.4
      vertex -1.43246 -5.79146 7.4
      vertex -1.17444 -7.05174 7.4
    endloop
  endfacet
  facet normal 0 0 -1
    outer loop
      vertex -1.22501 -7.06535 7.4
      vertex -1.45836 -5.79507 7.4
      vertex -1.22066 -7.06422 7.4
    endloop
  endfacet
  facet normal 0 0 -1
    outer loop
      vertex -1.27129 -7.07697 7.4
      vertex -1.48399 -5.79761 7.4
      vertex -1.45836 -5.79507 7.4
    endloop
  endfacet
  facet normal -0 0 -1
    outer loop
      vertex -1.27129 -7.07697 7.4
      vertex -1.27559 -7.07802 7.4
      vertex -1.48399 -5.79761 7.4
    endloop
  endfacet
  facet normal 0 0 -1
    outer loop
      vertex -1.48399 -5.79761 7.4
      vertex -1.27559 -7.07802 7.4
      vertex -1.32193 -7.08878 7.4
    endloop
  endfacet
  facet normal 0 0 -1
    outer loop
      vertex -1.5108 -5.79918 7.4
      vertex -1.48399 -5.79761 7.4
      vertex -1.32193 -7.08878 7.4
    endloop
  endfacet
  facet normal 0 0 -1
    outer loop
      vertex -1.32639 -7.08975 7.4
      vertex -1.5108 -5.79918 7.4
      vertex -1.32193 -7.08878 7.4
    endloop
  endfacet
  facet normal -0 0 -1
    outer loop
      vertex -1.32639 -7.08975 7.4
      vertex -1.3728 -7.09964 7.4
      vertex -1.5108 -5.79918 7.4
    endloop
  endfacet
  facet normal 0 0 -1
    outer loop
      vertex -1.5108 -5.79918 7.4
      vertex -1.3728 -7.09964 7.4
      vertex -1.37718 -7.10054 7.4
    endloop
  endfacet
  facet normal 0 0 -1
    outer loop
      vertex -1.53764 -5.79971 7.4
      vertex -1.5108 -5.79918 7.4
      vertex -1.37718 -7.10054 7.4
    endloop
  endfacet
  facet normal 0 0 -1
    outer loop
      vertex -1.42366 -7.10957 7.4
      vertex -1.53764 -5.79971 7.4
      vertex -1.37718 -7.10054 7.4
    endloop
  endfacet
  facet normal -0 0 -1
    outer loop
      vertex -1.42366 -7.10957 7.4
      vertex -1.42809 -7.1104 7.4
      vertex -1.53764 -5.79971 7.4
    endloop
  endfacet
  facet normal -0 -0 -1
    outer loop
      vertex -1.53764 -5.79971 7.4
      vertex -1.42809 -7.1104 7.4
      vertex -1.57027 -5.79913 7.4
    endloop
  endfacet
  facet normal 0 0 -1
    outer loop
      vertex -1.57027 -5.79913 7.4
      vertex -1.42809 -7.1104 7.4
      vertex -1.47462 -7.11858 7.4
    endloop
  endfacet
  facet normal 0 0 -1
    outer loop
      vertex -1.47917 -7.11932 7.4
      vertex -1.57027 -5.79913 7.4
      vertex -1.47462 -7.11858 7.4
    endloop
  endfacet
  facet normal -0 0 -1
    outer loop
      vertex -1.47917 -7.11932 7.4
      vertex -1.52579 -7.12663 7.4
      vertex -1.57027 -5.79913 7.4
    endloop
  endfacet
  facet normal -0 -0 -1
    outer loop
      vertex -1.57027 -5.79913 7.4
      vertex -1.52579 -7.12663 7.4
      vertex -1.6026 -5.79735 7.4
    endloop
  endfacet
  facet normal 0 0 -1
    outer loop
      vertex -1.6026 -5.79735 7.4
      vertex -1.52579 -7.12663 7.4
      vertex -1.53027 -7.1273 7.4
    endloop
  endfacet
  facet normal 0 0 -1
    outer loop
      vertex -1.57695 -7.13376 7.4
      vertex -1.6026 -5.79735 7.4
      vertex -1.53027 -7.1273 7.4
    endloop
  endfacet
  facet normal -0 0 -1
    outer loop
      vertex -1.57695 -7.13376 7.4
      vertex -1.58153 -7.13434 7.4
      vertex -1.6026 -5.79735 7.4
    endloop
  endfacet
  facet normal -0 -0 -1
    outer loop
      vertex -1.6026 -5.79735 7.4
      vertex -1.58153 -7.13434 7.4
      vertex -1.63368 -5.79445 7.4
    endloop
  endfacet
  facet normal -0 0 -1
    outer loop
      vertex -1.62827 -7.13992 7.4
      vertex -1.63272 -7.14041 7.4
      vertex -1.63368 -5.79445 7.4
    endloop
  endfacet
  facet normal 0 -0 -1
    outer loop
      vertex -1.63368 -5.79445 7.4
      vertex -1.63272 -7.14041 7.4
      vertex -1.67953 -7.14516 7.4
    endloop
  endfacet
  facet normal 0 -0 -1
    outer loop
      vertex -1.66379 -5.79045 7.4
      vertex -1.63368 -5.79445 7.4
      vertex -1.67953 -7.14516 7.4
    endloop
  endfacet
  facet normal 0 0 -1
    outer loop
      vertex -1.68423 -7.1456 7.4
      vertex -1.66379 -5.79045 7.4
      vertex -1.67953 -7.14516 7.4
    endloop
  endfacet
  facet normal -0 0 -1
    outer loop
      vertex -1.68423 -7.1456 7.4
      vertex -1.73112 -7.14946 7.4
      vertex -1.66379 -5.79045 7.4
    endloop
  endfacet
  facet normal 0 0 -1
    outer loop
      vertex -1.66379 -5.79045 7.4
      vertex -1.73112 -7.14946 7.4
      vertex -1.73558 -7.14978 7.4
    endloop
  endfacet
  facet normal 0 -0 -1
    outer loop
      vertex -1.69313 -5.78534 7.4
      vertex -1.66379 -5.79045 7.4
      vertex -1.73558 -7.14978 7.4
    endloop
  endfacet
  facet normal 0 0 -1
    outer loop
      vertex -1.78252 -7.1528 7.4
      vertex -1.69313 -5.78534 7.4
      vertex -1.73558 -7.14978 7.4
    endloop
  endfacet
  facet normal -0 0 -1
    outer loop
      vertex -1.78252 -7.1528 7.4
      vertex -1.78714 -7.15306 7.4
      vertex -1.69313 -5.78534 7.4
    endloop
  endfacet
  facet normal 0 0 -1
    outer loop
      vertex -1.69313 -5.78534 7.4
      vertex -1.78714 -7.15306 7.4
      vertex -1.83415 -7.15521 7.4
    endloop
  endfacet
  facet normal 0 -0 -1
    outer loop
      vertex -1.72166 -5.77914 7.4
      vertex -1.69313 -5.78534 7.4
      vertex -1.83415 -7.15521 7.4
    endloop
  endfacet
  facet normal 0 0 -1
    outer loop
      vertex -1.83878 -7.15538 7.4
      vertex -1.72166 -5.77914 7.4
      vertex -1.83415 -7.15521 7.4
    endloop
  endfacet
  facet normal -0 0 -1
    outer loop
      vertex -1.83878 -7.15538 7.4
      vertex -1.88585 -7.15666 7.4
      vertex -1.72166 -5.77914 7.4
    endloop
  endfacet
  facet normal 0 0 -1
    outer loop
      vertex -1.72166 -5.77914 7.4
      vertex -1.88585 -7.15666 7.4
      vertex -1.8904 -7.15674 7.4
    endloop
  endfacet
  facet normal 0 -0 -1
    outer loop
      vertex -1.7494 -5.7719 7.4
      vertex -1.72166 -5.77914 7.4
      vertex -1.8904 -7.15674 7.4
    endloop
  endfacet
  facet normal 0 0 -1
    outer loop
      vertex -1.94173 -7.15718 7.4
      vertex -1.7494 -5.7719 7.4
      vertex -1.8904 -7.15674 7.4
    endloop
  endfacet
  facet normal 0 0 -1
    outer loop
      vertex -1.94173 -7.15718 7.4
      vertex -1.98137 -7.15688 7.4
      vertex -1.7494 -5.7719 7.4
    endloop
  endfacet
  facet normal -0 0 -1
    outer loop
      vertex -1.7494 -5.7719 7.4
      vertex -1.98137 -7.15688 7.4
      vertex -1.7762 -5.76367 7.4
    endloop
  endfacet
  facet normal 0 0 -1
    outer loop
      vertex -2.07292 -7.15398 7.4
      vertex -2.11684 -7.15155 7.4
      vertex -1.80238 -5.75438 7.4
    endloop
  endfacet
  facet normal 0 0 -1
    outer loop
      vertex -2.24583 -7.14053 7.4
      vertex -1.85281 -5.73267 7.4
      vertex -2.20518 -7.14462 7.4
    endloop
  endfacet
  facet normal 0 0 -1
    outer loop
      vertex -2.37968 -7.12317 7.4
      vertex -1.87767 -5.71996 7.4
      vertex -2.33855 -7.12915 7.4
    endloop
  endfacet
  facet normal 0 0 -1
    outer loop
      vertex -1.92516 -5.6916 7.4
      vertex -2.47285 -7.10762 7.4
      vertex -2.51784 -7.09911 7.4
    endloop
  endfacet
  facet normal 0 0 -1
    outer loop
      vertex -2.6049 -7.08081 7.4
      vertex -2.65358 -7.06956 7.4
      vertex -1.97142 -5.65825 7.4
    endloop
  endfacet
  facet normal 0 0 -1
    outer loop
      vertex -2.78708 -7.03499 7.4
      vertex -2.01607 -5.62004 7.4
      vertex -1.99388 -5.63983 7.4
    endloop
  endfacet
  facet normal 0 0 -1
    outer loop
      vertex -3.16656 -6.90004 7.4
      vertex -3.17368 -6.89664 7.4
      vertex -2.10289 -5.52571 7.4
    endloop
  endfacet
  facet normal 0 0 -1
    outer loop
      vertex -3.39786 -6.76703 7.4
      vertex -2.14368 -5.47044 7.4
      vertex -2.12354 -5.49875 7.4
    endloop
  endfacet
  facet normal 0 0 -1
    outer loop
      vertex -3.57443 -6.62971 7.4
      vertex -2.16298 -5.44118 7.4
      vertex -3.569 -6.63448 7.4
    endloop
  endfacet
  facet normal 0 0 -1
    outer loop
      vertex -2.19928 -5.37927 7.4
      vertex -3.72707 -6.47989 7.4
      vertex -3.73149 -6.47504 7.4
    endloop
  endfacet
  facet normal 0 0 -1
    outer loop
      vertex -3.87184 -6.30447 7.4
      vertex -3.87541 -6.29967 7.4
      vertex -2.23224 -5.31316 7.4
    endloop
  endfacet
  facet normal 0 0 -1
    outer loop
      vertex -4.01024 -6.09402 7.4
      vertex -2.26234 -5.24142 7.4
      vertex -4.00562 -6.1022 7.4
    endloop
  endfacet
  facet normal 0 0 -1
    outer loop
      vertex -4.12238 -5.85588 7.4
      vertex -2.27591 -5.20439 7.4
      vertex -4.11943 -5.86336 7.4
    endloop
  endfacet
  facet normal 0 0 -1
    outer loop
      vertex -2.3008 -5.12566 7.4
      vertex -4.16844 -5.72672 7.4
      vertex -4.18715 -5.66628 7.4
    endloop
  endfacet
  facet normal -0 0 -1
    outer loop
      vertex -2.3119 -5.0845 7.4
      vertex -4.22583 -5.52037 7.4
      vertex -2.32217 -5.04179 7.4
    endloop
  endfacet
  facet normal 0 0 -1
    outer loop
      vertex -4.26877 -5.30444 7.4
      vertex -2.33986 -4.95311 7.4
      vertex -2.33151 -4.99796 7.4
    endloop
  endfacet
  facet normal 0 -0 -1
    outer loop
      vertex -2.35391 -4.85849 7.4
      vertex -2.34734 -4.90668 7.4
      vertex -4.29164 -5.14301 7.4
    endloop
  endfacet
  facet normal 0 0 -1
    outer loop
      vertex -2.35947 -4.80939 7.4
      vertex -4.30759 -4.98477 7.4
      vertex -4.30797 -4.98024 7.4
    endloop
  endfacet
  facet normal -0 0 -1
    outer loop
      vertex -2.36398 -4.75952 7.4
      vertex -4.31856 -4.81462 7.4
      vertex -2.36755 -4.70779 7.4
    endloop
  endfacet
  facet normal 0 0 -1
    outer loop
      vertex -4.32211 -4.72305 7.4
      vertex -4.32405 -4.63766 7.4
      vertex -2.37018 -4.65399 7.4
    endloop
  endfacet
  facet normal 0 -0 -1
    outer loop
      vertex -4.32443 -4.48253 7.4
      vertex -2.37221 -4.54495 7.4
      vertex -4.32475 -4.54652 7.4
    endloop
  endfacet
  facet normal 0 0 -1
    outer loop
      vertex -2.37105 -4.45255 7.4
      vertex -4.32184 -4.35577 7.4
      vertex -2.3696 -4.40616 7.4
    endloop
  endfacet
  facet normal -0 0 -1
    outer loop
      vertex -2.3616 -4.26033 7.4
      vertex -2.36482 -4.30898 7.4
      vertex -4.31302 -4.16585 7.4
    endloop
  endfacet
  facet normal 0 0 -1
    outer loop
      vertex -4.2921 -3.91312 7.4
      vertex -2.34805 -4.10771 7.4
      vertex -2.35323 -4.15976 7.4
    endloop
  endfacet
  facet normal -0 0 -1
    outer loop
      vertex -2.31367 -3.84338 7.4
      vertex -2.32155 -3.89619 7.4
      vertex -4.25122 -3.59814 7.4
    endloop
  endfacet
  facet normal 0 0 -1
    outer loop
      vertex -4.16594 -3.15639 7.4
      vertex -4.15179 -3.09627 7.4
      vertex -2.26357 -3.56062 7.4
    endloop
  endfacet
  facet normal 0 -0 -1
    outer loop
      vertex -4.04993 -2.73285 7.4
      vertex -2.19841 -3.26411 7.4
      vertex -4.06747 -2.78822 7.4
    endloop
  endfacet
  facet normal 0 0 -1
    outer loop
      vertex -3.9462 -2.44824 7.4
      vertex -2.13495 -3.01718 7.4
      vertex -2.15143 -3.07832 7.4
    endloop
  endfacet
  facet normal 0 0 -1
    outer loop
      vertex -2.0995 -2.89117 7.4
      vertex -3.82919 -2.19092 7.4
      vertex -3.82726 -2.18709 7.4
    endloop
  endfacet
  facet normal 0 0 -1
    outer loop
      vertex -3.72252 -1.99693 7.4
      vertex -3.72012 -1.99294 7.4
      vertex -2.06154 -2.76341 7.4
    endloop
  endfacet
  facet normal 0 0 -1
    outer loop
      vertex -2.06154 -2.76341 7.4
      vertex -3.72012 -1.99294 7.4
      vertex -2.04111 -2.69725 7.4
    endloop
  endfacet
  facet normal 0 0 -1
    outer loop
      vertex -2.04111 -2.69725 7.4
      vertex -3.6651 -1.90488 7.4
      vertex -3.66246 -1.90083 7.4
    endloop
  endfacet
  facet normal 0 0 -1
    outer loop
      vertex -2.02109 -2.63394 7.4
      vertex -3.6319 -1.85504 7.4
      vertex -3.60422 -1.81558 7.4
    endloop
  endfacet
  facet normal 0 0 -1
    outer loop
      vertex -1.99994 -2.56862 7.4
      vertex -3.56615 -1.76486 7.4
      vertex -3.53726 -1.72891 7.4
    endloop
  endfacet
  facet normal 0 -0 -1
    outer loop
      vertex -3.45966 -1.64214 7.4
      vertex -1.99994 -2.56862 7.4
      vertex -3.46617 -1.6489 7.4
    endloop
  endfacet
  facet normal 0 -0 -1
    outer loop
      vertex -3.38316 -1.56905 7.4
      vertex -1.97762 -2.50127 7.4
      vertex -3.39075 -1.57579 7.4
    endloop
  endfacet
  facet normal 0 0 -1
    outer loop
      vertex -3.30222 -1.50343 7.4
      vertex -3.26917 -1.47975 7.4
      vertex -1.97762 -2.50127 7.4
    endloop
  endfacet
  facet normal 0 0 -1
    outer loop
      vertex -3.2168 -1.44566 7.4
      vertex -3.18256 -1.42549 7.4
      vertex -1.9557 -2.43658 7.4
    endloop
  endfacet
  facet normal 0 0 -1
    outer loop
      vertex -1.9557 -2.43658 7.4
      vertex -3.09171 -1.37955 7.4
      vertex -3.08099 -1.37482 7.4
    endloop
  endfacet
  facet normal 0 -0 -1
    outer loop
      vertex -2.99725 -1.34247 7.4
      vertex -1.9557 -2.43658 7.4
      vertex -3.03387 -1.35562 7.4
    endloop
  endfacet
  facet normal 0 -0 -1
    outer loop
      vertex -2.94875 -1.32732 7.4
      vertex -1.93213 -2.36844 7.4
      vertex -2.98596 -1.33871 7.4
    endloop
  endfacet
  facet normal 0 0 -1
    outer loop
      vertex -2.89951 -1.31447 7.4
      vertex -2.88803 -1.31183 7.4
      vertex -1.93213 -2.36844 7.4
    endloop
  endfacet
  facet normal 0 0 -1
    outer loop
      vertex -1.93213 -2.36844 7.4
      vertex -2.84962 -1.30394 7.4
      vertex -2.83817 -1.30186 7.4
    endloop
  endfacet
  facet normal 0 -0 -1
    outer loop
      vertex -2.74829 -1.28983 7.4
      vertex -1.93213 -2.36844 7.4
      vertex -2.78789 -1.29422 7.4
    endloop
  endfacet
  facet normal 0 0 -1
    outer loop
      vertex -2.69682 -1.28621 7.4
      vertex -2.68585 -1.28574 7.4
      vertex -1.90898 -2.30284 7.4
    endloop
  endfacet
  facet normal 0 0 -1
    outer loop
      vertex -2.73701 -1.28883 7.4
      vertex -2.69682 -1.28621 7.4
      vertex -1.93213 -2.36844 7.4
    endloop
  endfacet
  facet normal 0 0 -1
    outer loop
      vertex -1.90898 -2.30284 7.4
      vertex -2.68585 -1.28574 7.4
      vertex -2.64507 -1.28487 7.4
    endloop
  endfacet
  facet normal 0 -0 -1
    outer loop
      vertex -2.6357 -1.28484 7.4
      vertex -1.90898 -2.30284 7.4
      vertex -2.64507 -1.28487 7.4
    endloop
  endfacet
  facet normal -0 -0 -1
    outer loop
      vertex -2.57613 -1.28702 7.4
      vertex -1.90898 -2.30284 7.4
      vertex -2.58344 -1.28656 7.4
    endloop
  endfacet
  facet normal 0 0 -1
    outer loop
      vertex -1.90898 -2.30284 7.4
      vertex -2.54599 -1.28949 7.4
      vertex -2.52214 -1.29204 7.4
    endloop
  endfacet
  facet normal -0 -0 -1
    outer loop
      vertex -2.51576 -1.2928 7.4
      vertex -1.90898 -2.30284 7.4
      vertex -2.52214 -1.29204 7.4
    endloop
  endfacet
  facet normal 0 0 -1
    outer loop
      vertex -1.90898 -2.30284 7.4
      vertex -2.485 -1.29697 7.4
      vertex -2.45969 -1.30098 7.4
    endloop
  endfacet
  facet normal 0 0 -1
    outer loop
      vertex -1.88467 -2.23535 7.4
      vertex -2.45969 -1.30098 7.4
      vertex -2.45413 -1.30193 7.4
    endloop
  endfacet
  facet normal 0 0 -1
    outer loop
      vertex -2.4281 -1.30666 7.4
      vertex -2.42293 -1.30765 7.4
      vertex -1.88467 -2.23535 7.4
    endloop
  endfacet
  facet normal 0 0 -1
    outer loop
      vertex -1.88467 -2.23535 7.4
      vertex -2.39616 -1.3131 7.4
      vertex -2.39117 -1.31416 7.4
    endloop
  endfacet
  facet normal 0 0 -1
    outer loop
      vertex -2.35909 -1.32143 7.4
      vertex -2.33086 -1.32834 7.4
      vertex -1.88467 -2.23535 7.4
    endloop
  endfacet
  facet normal 0 0 -1
    outer loop
      vertex -1.88467 -2.23535 7.4
      vertex -2.33086 -1.32834 7.4
      vertex -1.85922 -2.16602 7.4
    endloop
  endfacet
  facet normal -0 -0 -1
    outer loop
      vertex -2.29753 -1.3371 7.4
      vertex -1.85922 -2.16602 7.4
      vertex -2.32648 -1.32945 7.4
    endloop
  endfacet
  facet normal 0 0 -1
    outer loop
      vertex -1.85922 -2.16602 7.4
      vertex -2.29358 -1.33818 7.4
      vertex -2.2639 -1.34654 7.4
    endloop
  endfacet
  facet normal -0 -0 -1
    outer loop
      vertex -2.26004 -1.34767 7.4
      vertex -1.85922 -2.16602 7.4
      vertex -2.2639 -1.34654 7.4
    endloop
  endfacet
  facet normal 0 0 -1
    outer loop
      vertex -1.85922 -2.16602 7.4
      vertex -2.22618 -1.35782 7.4
      vertex -1.83372 -2.09782 7.4
    endloop
  endfacet
  facet normal 0 0 -1
    outer loop
      vertex -1.83372 -2.09782 7.4
      vertex -2.22618 -1.35782 7.4
      vertex -2.19504 -1.36763 7.4
    endloop
  endfacet
  facet normal 0 0 -1
    outer loop
      vertex -2.19151 -1.36877 7.4
      vertex -2.15652 -1.38039 7.4
      vertex -1.83372 -2.09782 7.4
    endloop
  endfacet
  facet normal -0 0 -1
    outer loop
      vertex -1.80801 -2.03036 7.4
      vertex -1.83372 -2.09782 7.4
      vertex -2.12395 -1.39166 7.4
    endloop
  endfacet
  facet normal -0 -0 -1
    outer loop
      vertex -2.08485 -1.40573 7.4
      vertex -1.80801 -2.03036 7.4
      vertex -2.12395 -1.39166 7.4
    endloop
  endfacet
  facet normal 0 0 -1
    outer loop
      vertex -1.80801 -2.03036 7.4
      vertex -2.05081 -1.41846 7.4
      vertex -1.78119 -1.96117 7.4
    endloop
  endfacet
  facet normal 0 0 -1
    outer loop
      vertex -1.78119 -1.96117 7.4
      vertex -2.01335 -1.43294 7.4
      vertex -1.9753 -1.44814 7.4
    endloop
  endfacet
  facet normal -0 -0 -1
    outer loop
      vertex -1.93671 -1.464 7.4
      vertex -1.75322 -1.89023 7.4
      vertex -1.9753 -1.44814 7.4
    endloop
  endfacet
  facet normal 0 0 -1
    outer loop
      vertex -1.75322 -1.89023 7.4
      vertex -1.89746 -1.48061 7.4
      vertex -1.72516 -1.82024 7.4
    endloop
  endfacet
  facet normal 0 0 -1
    outer loop
      vertex -1.72516 -1.82024 7.4
      vertex -1.89746 -1.48061 7.4
      vertex -1.85759 -1.49791 7.4
    endloop
  endfacet
  facet normal 0 0 -1
    outer loop
      vertex -1.78119 -1.96117 7.4
      vertex -2.05081 -1.41846 7.4
      vertex -2.01335 -1.43294 7.4
    endloop
  endfacet
  facet normal 0 0 -1
    outer loop
      vertex -2.36369 -1.32034 7.4
      vertex -2.35909 -1.32143 7.4
      vertex -1.88467 -2.23535 7.4
    endloop
  endfacet
  facet normal 0 0 -1
    outer loop
      vertex -1.88467 -2.23535 7.4
      vertex -2.42293 -1.30765 7.4
      vertex -2.39616 -1.3131 7.4
    endloop
  endfacet
  facet normal -0 0 -1
    outer loop
      vertex -1.88467 -2.23535 7.4
      vertex -1.90898 -2.30284 7.4
      vertex -2.45969 -1.30098 7.4
    endloop
  endfacet
  facet normal 0 0 -1
    outer loop
      vertex -2.51576 -1.2928 7.4
      vertex -2.4912 -1.29607 7.4
      vertex -1.90898 -2.30284 7.4
    endloop
  endfacet
  facet normal 0 0 -1
    outer loop
      vertex -2.57613 -1.28702 7.4
      vertex -2.55299 -1.28883 7.4
      vertex -1.90898 -2.30284 7.4
    endloop
  endfacet
  facet normal -0 -0 -1
    outer loop
      vertex -2.58344 -1.28656 7.4
      vertex -1.90898 -2.30284 7.4
      vertex -2.60582 -1.28546 7.4
    endloop
  endfacet
  facet normal 0 0 -1
    outer loop
      vertex -1.93213 -2.36844 7.4
      vertex -2.69682 -1.28621 7.4
      vertex -1.90898 -2.30284 7.4
    endloop
  endfacet
  facet normal 0 0 -1
    outer loop
      vertex -2.74829 -1.28983 7.4
      vertex -2.73701 -1.28883 7.4
      vertex -1.93213 -2.36844 7.4
    endloop
  endfacet
  facet normal 0 -0 -1
    outer loop
      vertex -2.78789 -1.29422 7.4
      vertex -1.93213 -2.36844 7.4
      vertex -2.79916 -1.29573 7.4
    endloop
  endfacet
  facet normal 0 -0 -1
    outer loop
      vertex -2.79916 -1.29573 7.4
      vertex -1.93213 -2.36844 7.4
      vertex -2.83817 -1.30186 7.4
    endloop
  endfacet
  facet normal 0 0 -1
    outer loop
      vertex -1.93213 -2.36844 7.4
      vertex -2.88803 -1.31183 7.4
      vertex -2.84962 -1.30394 7.4
    endloop
  endfacet
  facet normal 0 0 -1
    outer loop
      vertex -2.93732 -1.32411 7.4
      vertex -2.89951 -1.31447 7.4
      vertex -1.93213 -2.36844 7.4
    endloop
  endfacet
  facet normal 0 0 -1
    outer loop
      vertex -2.94875 -1.32732 7.4
      vertex -2.93732 -1.32411 7.4
      vertex -1.93213 -2.36844 7.4
    endloop
  endfacet
  facet normal 0 -0 -1
    outer loop
      vertex -2.98596 -1.33871 7.4
      vertex -1.93213 -2.36844 7.4
      vertex -2.99725 -1.34247 7.4
    endloop
  endfacet
  facet normal 0 0 -1
    outer loop
      vertex -2.99725 -1.34247 7.4
      vertex -1.93213 -2.36844 7.4
      vertex -1.9557 -2.43658 7.4
    endloop
  endfacet
  facet normal 0 -0 -1
    outer loop
      vertex -3.03387 -1.35562 7.4
      vertex -1.9557 -2.43658 7.4
      vertex -3.04497 -1.35991 7.4
    endloop
  endfacet
  facet normal 0 -0 -1
    outer loop
      vertex -3.04497 -1.35991 7.4
      vertex -1.9557 -2.43658 7.4
      vertex -3.08099 -1.37482 7.4
    endloop
  endfacet
  facet normal 0 0 -1
    outer loop
      vertex -1.9557 -2.43658 7.4
      vertex -3.12714 -1.39619 7.4
      vertex -3.09171 -1.37955 7.4
    endloop
  endfacet
  facet normal 0 0 -1
    outer loop
      vertex -1.9557 -2.43658 7.4
      vertex -3.13768 -1.40146 7.4
      vertex -3.12714 -1.39619 7.4
    endloop
  endfacet
  facet normal 0 0 -1
    outer loop
      vertex -1.9557 -2.43658 7.4
      vertex -3.17252 -1.41988 7.4
      vertex -3.13768 -1.40146 7.4
    endloop
  endfacet
  facet normal 0 0 -1
    outer loop
      vertex -1.9557 -2.43658 7.4
      vertex -3.18256 -1.42549 7.4
      vertex -3.17252 -1.41988 7.4
    endloop
  endfacet
  facet normal 0 0 -1
    outer loop
      vertex -3.22633 -1.45157 7.4
      vertex -3.2168 -1.44566 7.4
      vertex -1.9557 -2.43658 7.4
    endloop
  endfacet
  facet normal 0 0 -1
    outer loop
      vertex -3.25998 -1.47348 7.4
      vertex -3.22633 -1.45157 7.4
      vertex -1.9557 -2.43658 7.4
    endloop
  endfacet
  facet normal 0 0 -1
    outer loop
      vertex -3.26917 -1.47975 7.4
      vertex -3.25998 -1.47348 7.4
      vertex -1.9557 -2.43658 7.4
    endloop
  endfacet
  facet normal 0 0 -1
    outer loop
      vertex -1.97762 -2.50127 7.4
      vertex -3.26917 -1.47975 7.4
      vertex -1.9557 -2.43658 7.4
    endloop
  endfacet
  facet normal 0 0 -1
    outer loop
      vertex -3.31076 -1.50984 7.4
      vertex -3.30222 -1.50343 7.4
      vertex -1.97762 -2.50127 7.4
    endloop
  endfacet
  facet normal 0 0 -1
    outer loop
      vertex -3.34322 -1.53526 7.4
      vertex -3.31076 -1.50984 7.4
      vertex -1.97762 -2.50127 7.4
    endloop
  endfacet
  facet normal 0 0 -1
    outer loop
      vertex -3.3513 -1.54187 7.4
      vertex -3.34322 -1.53526 7.4
      vertex -1.97762 -2.50127 7.4
    endloop
  endfacet
  facet normal 0 0 -1
    outer loop
      vertex -3.38316 -1.56905 7.4
      vertex -3.3513 -1.54187 7.4
      vertex -1.97762 -2.50127 7.4
    endloop
  endfacet
  facet normal 0 -0 -1
    outer loop
      vertex -3.39075 -1.57579 7.4
      vertex -1.97762 -2.50127 7.4
      vertex -3.422 -1.60472 7.4
    endloop
  endfacet
  facet normal 0 -0 -1
    outer loop
      vertex -3.422 -1.60472 7.4
      vertex -1.97762 -2.50127 7.4
      vertex -3.42899 -1.61145 7.4
    endloop
  endfacet
  facet normal 0 -0 -1
    outer loop
      vertex -3.42899 -1.61145 7.4
      vertex -1.97762 -2.50127 7.4
      vertex -3.45966 -1.64214 7.4
    endloop
  endfacet
  facet normal 0 0 -1
    outer loop
      vertex -3.45966 -1.64214 7.4
      vertex -1.97762 -2.50127 7.4
      vertex -1.99994 -2.56862 7.4
    endloop
  endfacet
  facet normal 0 -0 -1
    outer loop
      vertex -3.46617 -1.6489 7.4
      vertex -1.99994 -2.56862 7.4
      vertex -3.49625 -1.68134 7.4
    endloop
  endfacet
  facet normal 0 -0 -1
    outer loop
      vertex -3.49625 -1.68134 7.4
      vertex -1.99994 -2.56862 7.4
      vertex -3.5023 -1.68811 7.4
    endloop
  endfacet
  facet normal 0 -0 -1
    outer loop
      vertex -3.5023 -1.68811 7.4
      vertex -1.99994 -2.56862 7.4
      vertex -3.53177 -1.72231 7.4
    endloop
  endfacet
  facet normal 0 -0 -1
    outer loop
      vertex -3.53177 -1.72231 7.4
      vertex -1.99994 -2.56862 7.4
      vertex -3.53726 -1.72891 7.4
    endloop
  endfacet
  facet normal 0 0 -1
    outer loop
      vertex -1.99994 -2.56862 7.4
      vertex -3.57123 -1.77141 7.4
      vertex -3.56615 -1.76486 7.4
    endloop
  endfacet
  facet normal -0 0 -1
    outer loop
      vertex -1.99994 -2.56862 7.4
      vertex -2.02109 -2.63394 7.4
      vertex -3.57123 -1.77141 7.4
    endloop
  endfacet
  facet normal 0 -0 -1
    outer loop
      vertex -3.57123 -1.77141 7.4
      vertex -2.02109 -2.63394 7.4
      vertex -3.59952 -1.80911 7.4
    endloop
  endfacet
  facet normal 0 -0 -1
    outer loop
      vertex -3.59952 -1.80911 7.4
      vertex -2.02109 -2.63394 7.4
      vertex -3.60422 -1.81558 7.4
    endloop
  endfacet
  facet normal 0 0 -1
    outer loop
      vertex -2.02109 -2.63394 7.4
      vertex -3.63535 -1.86009 7.4
      vertex -3.6319 -1.85504 7.4
    endloop
  endfacet
  facet normal 0 0 -1
    outer loop
      vertex -2.02109 -2.63394 7.4
      vertex -3.66246 -1.90083 7.4
      vertex -3.63535 -1.86009 7.4
    endloop
  endfacet
  facet normal -0 0 -1
    outer loop
      vertex -2.02109 -2.63394 7.4
      vertex -2.04111 -2.69725 7.4
      vertex -3.66246 -1.90083 7.4
    endloop
  endfacet
  facet normal 0 0 -1
    outer loop
      vertex -2.04111 -2.69725 7.4
      vertex -3.69165 -1.94649 7.4
      vertex -3.6651 -1.90488 7.4
    endloop
  endfacet
  facet normal 0 0 -1
    outer loop
      vertex -2.04111 -2.69725 7.4
      vertex -3.69414 -1.95047 7.4
      vertex -3.69165 -1.94649 7.4
    endloop
  endfacet
  facet normal 0 0 -1
    outer loop
      vertex -2.04111 -2.69725 7.4
      vertex -3.72012 -1.99294 7.4
      vertex -3.69414 -1.95047 7.4
    endloop
  endfacet
  facet normal 0 0 -1
    outer loop
      vertex -3.74794 -2.04027 7.4
      vertex -3.72252 -1.99693 7.4
      vertex -2.06154 -2.76341 7.4
    endloop
  endfacet
  facet normal 0 0 -1
    outer loop
      vertex -3.7502 -2.0442 7.4
      vertex -3.74794 -2.04027 7.4
      vertex -2.06154 -2.76341 7.4
    endloop
  endfacet
  facet normal 0 0 -1
    outer loop
      vertex -3.77505 -2.08839 7.4
      vertex -3.7502 -2.0442 7.4
      vertex -2.06154 -2.76341 7.4
    endloop
  endfacet
  facet normal 0 0 -1
    outer loop
      vertex -2.08034 -2.82585 7.4
      vertex -3.77505 -2.08839 7.4
      vertex -2.06154 -2.76341 7.4
    endloop
  endfacet
  facet normal 0 0 -1
    outer loop
      vertex -2.08034 -2.82585 7.4
      vertex -3.77722 -2.09232 7.4
      vertex -3.77505 -2.08839 7.4
    endloop
  endfacet
  facet normal 0 0 -1
    outer loop
      vertex -2.08034 -2.82585 7.4
      vertex -3.80151 -2.13737 7.4
      vertex -3.77722 -2.09232 7.4
    endloop
  endfacet
  facet normal 0 0 -1
    outer loop
      vertex -2.08034 -2.82585 7.4
      vertex -3.80351 -2.14117 7.4
      vertex -3.80151 -2.13737 7.4
    endloop
  endfacet
  facet normal 0 0 -1
    outer loop
      vertex -2.08034 -2.82585 7.4
      vertex -3.82726 -2.18709 7.4
      vertex -3.80351 -2.14117 7.4
    endloop
  endfacet
  facet normal -0 0 -1
    outer loop
      vertex -2.08034 -2.82585 7.4
      vertex -2.0995 -2.89117 7.4
      vertex -3.82726 -2.18709 7.4
    endloop
  endfacet
  facet normal 0 0 -1
    outer loop
      vertex -2.0995 -2.89117 7.4
      vertex -3.85237 -2.23769 7.4
      vertex -3.82919 -2.19092 7.4
    endloop
  endfacet
  facet normal 0 0 -1
    outer loop
      vertex -2.0995 -2.89117 7.4
      vertex -3.85425 -2.24155 7.4
      vertex -3.85237 -2.23769 7.4
    endloop
  endfacet
  facet normal -0 0 -1
    outer loop
      vertex -2.0995 -2.89117 7.4
      vertex -2.11708 -2.9528 7.4
      vertex -3.85425 -2.24155 7.4
    endloop
  endfacet
  facet normal 0 -0 -1
    outer loop
      vertex -3.85425 -2.24155 7.4
      vertex -2.11708 -2.9528 7.4
      vertex -3.87685 -2.28918 7.4
    endloop
  endfacet
  facet normal 0 -0 -1
    outer loop
      vertex -3.87685 -2.28918 7.4
      vertex -2.11708 -2.9528 7.4
      vertex -3.87856 -2.29285 7.4
    endloop
  endfacet
  facet normal 0 -0 -1
    outer loop
      vertex -3.87856 -2.29285 7.4
      vertex -2.11708 -2.9528 7.4
      vertex -3.9006 -2.34134 7.4
    endloop
  endfacet
  facet normal 0 0 -1
    outer loop
      vertex -3.9006 -2.34134 7.4
      vertex -2.11708 -2.9528 7.4
      vertex -2.13495 -3.01718 7.4
    endloop
  endfacet
  facet normal 0 0 -1
    outer loop
      vertex -3.92372 -2.39438 7.4
      vertex -3.9006 -2.34134 7.4
      vertex -2.13495 -3.01718 7.4
    endloop
  endfacet
  facet normal 0 0 -1
    outer loop
      vertex -3.92528 -2.39803 7.4
      vertex -3.92372 -2.39438 7.4
      vertex -2.13495 -3.01718 7.4
    endloop
  endfacet
  facet normal 0 0 -1
    outer loop
      vertex -3.9462 -2.44824 7.4
      vertex -3.92528 -2.39803 7.4
      vertex -2.13495 -3.01718 7.4
    endloop
  endfacet
  facet normal 0 0 -1
    outer loop
      vertex -3.94766 -2.45183 7.4
      vertex -3.9462 -2.44824 7.4
      vertex -2.15143 -3.07832 7.4
    endloop
  endfacet
  facet normal 0 0 -1
    outer loop
      vertex -3.96802 -2.5029 7.4
      vertex -3.94766 -2.45183 7.4
      vertex -2.15143 -3.07832 7.4
    endloop
  endfacet
  facet normal 0 0 -1
    outer loop
      vertex -3.96938 -2.50639 7.4
      vertex -3.96802 -2.5029 7.4
      vertex -2.15143 -3.07832 7.4
    endloop
  endfacet
  facet normal 0 0 -1
    outer loop
      vertex -2.16794 -3.14151 7.4
      vertex -3.96938 -2.50639 7.4
      vertex -2.15143 -3.07832 7.4
    endloop
  endfacet
  facet normal 0 0 -1
    outer loop
      vertex -2.16794 -3.14151 7.4
      vertex -3.98918 -2.55833 7.4
      vertex -3.96938 -2.50639 7.4
    endloop
  endfacet
  facet normal 0 0 -1
    outer loop
      vertex -2.16794 -3.14151 7.4
      vertex -3.99049 -2.56186 7.4
      vertex -3.98918 -2.55833 7.4
    endloop
  endfacet
  facet normal 0 0 -1
    outer loop
      vertex -2.16794 -3.14151 7.4
      vertex -4.00972 -2.61465 7.4
      vertex -3.99049 -2.56186 7.4
    endloop
  endfacet
  facet normal -0 0 -1
    outer loop
      vertex -2.16794 -3.14151 7.4
      vertex -2.183 -3.20113 7.4
      vertex -4.00972 -2.61465 7.4
    endloop
  endfacet
  facet normal 0 -0 -1
    outer loop
      vertex -4.00972 -2.61465 7.4
      vertex -2.183 -3.20113 7.4
      vertex -4.01091 -2.618 7.4
    endloop
  endfacet
  facet normal 0 -0 -1
    outer loop
      vertex -4.01091 -2.618 7.4
      vertex -2.183 -3.20113 7.4
      vertex -4.02959 -2.67165 7.4
    endloop
  endfacet
  facet normal 0 0 -1
    outer loop
      vertex -4.02959 -2.67165 7.4
      vertex -2.183 -3.20113 7.4
      vertex -2.19841 -3.26411 7.4
    endloop
  endfacet
  facet normal 0 0 -1
    outer loop
      vertex -4.04993 -2.73285 7.4
      vertex -4.02959 -2.67165 7.4
      vertex -2.19841 -3.26411 7.4
    endloop
  endfacet
  facet normal 0 0 -1
    outer loop
      vertex -4.06747 -2.78822 7.4
      vertex -2.19841 -3.26411 7.4
      vertex -2.21228 -3.32286 7.4
    endloop
  endfacet
  facet normal 0 0 -1
    outer loop
      vertex -4.0864 -2.85088 7.4
      vertex -4.06747 -2.78822 7.4
      vertex -2.21228 -3.32286 7.4
    endloop
  endfacet
  facet normal 0 0 -1
    outer loop
      vertex -2.22618 -3.3839 7.4
      vertex -4.0864 -2.85088 7.4
      vertex -2.21228 -3.32286 7.4
    endloop
  endfacet
  facet normal 0 0 -1
    outer loop
      vertex -2.22618 -3.3839 7.4
      vertex -4.10281 -2.90797 7.4
      vertex -4.0864 -2.85088 7.4
    endloop
  endfacet
  facet normal 0 0 -1
    outer loop
      vertex -2.22618 -3.3839 7.4
      vertex -4.12036 -2.97212 7.4
      vertex -4.10281 -2.90797 7.4
    endloop
  endfacet
  facet normal -0 0 -1
    outer loop
      vertex -2.22618 -3.3839 7.4
      vertex -2.23949 -3.4445 7.4
      vertex -4.12036 -2.97212 7.4
    endloop
  endfacet
  facet normal 0 -0 -1
    outer loop
      vertex -4.12036 -2.97212 7.4
      vertex -2.23949 -3.4445 7.4
      vertex -4.1364 -3.03389 7.4
    endloop
  endfacet
  facet normal 0 0 -1
    outer loop
      vertex -4.1364 -3.03389 7.4
      vertex -2.23949 -3.4445 7.4
      vertex -2.25159 -3.50168 7.4
    endloop
  endfacet
  facet normal 0 0 -1
    outer loop
      vertex -4.15179 -3.09627 7.4
      vertex -4.1364 -3.03389 7.4
      vertex -2.25159 -3.50168 7.4
    endloop
  endfacet
  facet normal 0 0 -1
    outer loop
      vertex -2.26357 -3.56062 7.4
      vertex -4.15179 -3.09627 7.4
      vertex -2.25159 -3.50168 7.4
    endloop
  endfacet
  facet normal 0 0 -1
    outer loop
      vertex -4.18054 -3.22144 7.4
      vertex -4.16594 -3.15639 7.4
      vertex -2.26357 -3.56062 7.4
    endloop
  endfacet
  facet normal 0 0 -1
    outer loop
      vertex -2.27504 -3.61958 7.4
      vertex -4.18054 -3.22144 7.4
      vertex -2.26357 -3.56062 7.4
    endloop
  endfacet
  facet normal 0 0 -1
    outer loop
      vertex -2.27504 -3.61958 7.4
      vertex -4.19395 -3.28409 7.4
      vertex -4.18054 -3.22144 7.4
    endloop
  endfacet
  facet normal -0 0 -1
    outer loop
      vertex -2.27504 -3.61958 7.4
      vertex -2.28534 -3.67491 7.4
      vertex -4.19395 -3.28409 7.4
    endloop
  endfacet
  facet normal 0 -0 -1
    outer loop
      vertex -4.19395 -3.28409 7.4
      vertex -2.28534 -3.67491 7.4
      vertex -4.20673 -3.34685 7.4
    endloop
  endfacet
  facet normal 0 0 -1
    outer loop
      vertex -4.20673 -3.34685 7.4
      vertex -2.28534 -3.67491 7.4
      vertex -2.29562 -3.733 7.4
    endloop
  endfacet
  facet normal 0 0 -1
    outer loop
      vertex -4.21883 -3.40959 7.4
      vertex -4.20673 -3.34685 7.4
      vertex -2.29562 -3.733 7.4
    endloop
  endfacet
  facet normal 0 0 -1
    outer loop
      vertex -2.30482 -3.78781 7.4
      vertex -4.21883 -3.40959 7.4
      vertex -2.29562 -3.733 7.4
    endloop
  endfacet
  facet normal 0 0 -1
    outer loop
      vertex -2.30482 -3.78781 7.4
      vertex -4.23027 -3.47237 7.4
      vertex -4.21883 -3.40959 7.4
    endloop
  endfacet
  facet normal -0 0 -1
    outer loop
      vertex -2.30482 -3.78781 7.4
      vertex -2.31367 -3.84338 7.4
      vertex -4.23027 -3.47237 7.4
    endloop
  endfacet
  facet normal 0 -0 -1
    outer loop
      vertex -4.23027 -3.47237 7.4
      vertex -2.31367 -3.84338 7.4
      vertex -4.24106 -3.5352 7.4
    endloop
  endfacet
  facet normal 0 -0 -1
    outer loop
      vertex -4.24106 -3.5352 7.4
      vertex -2.31367 -3.84338 7.4
      vertex -4.25122 -3.59814 7.4
    endloop
  endfacet
  facet normal 0 -0 -1
    outer loop
      vertex -4.25122 -3.59814 7.4
      vertex -2.32155 -3.89619 7.4
      vertex -4.26068 -3.661 7.4
    endloop
  endfacet
  facet normal 0 0 -1
    outer loop
      vertex -4.26068 -3.661 7.4
      vertex -2.32155 -3.89619 7.4
      vertex -2.32921 -3.9509 7.4
    endloop
  endfacet
  facet normal 0 0 -1
    outer loop
      vertex -4.26953 -3.72401 7.4
      vertex -4.26068 -3.661 7.4
      vertex -2.32921 -3.9509 7.4
    endloop
  endfacet
  facet normal 0 0 -1
    outer loop
      vertex -2.3363 -4.00536 7.4
      vertex -4.26953 -3.72401 7.4
      vertex -2.32921 -3.9509 7.4
    endloop
  endfacet
  facet normal 0 0 -1
    outer loop
      vertex -2.3363 -4.00536 7.4
      vertex -4.27771 -3.78702 7.4
      vertex -4.26953 -3.72401 7.4
    endloop
  endfacet
  facet normal -0 0 -1
    outer loop
      vertex -2.3363 -4.00536 7.4
      vertex -2.34241 -4.05629 7.4
      vertex -4.27771 -3.78702 7.4
    endloop
  endfacet
  facet normal 0 -0 -1
    outer loop
      vertex -4.27771 -3.78702 7.4
      vertex -2.34241 -4.05629 7.4
      vertex -4.28525 -3.85011 7.4
    endloop
  endfacet
  facet normal 0 0 -1
    outer loop
      vertex -4.28525 -3.85011 7.4
      vertex -2.34241 -4.05629 7.4
      vertex -2.34805 -4.10771 7.4
    endloop
  endfacet
  facet normal 0 0 -1
    outer loop
      vertex -4.2921 -3.91312 7.4
      vertex -4.28525 -3.85011 7.4
      vertex -2.34805 -4.10771 7.4
    endloop
  endfacet
  facet normal 0 0 -1
    outer loop
      vertex -4.29832 -3.9763 7.4
      vertex -4.2921 -3.91312 7.4
      vertex -2.35323 -4.15976 7.4
    endloop
  endfacet
  facet normal 0 0 -1
    outer loop
      vertex -4.30388 -4.03944 7.4
      vertex -4.29832 -3.9763 7.4
      vertex -2.35323 -4.15976 7.4
    endloop
  endfacet
  facet normal 0 0 -1
    outer loop
      vertex -2.35765 -4.20963 7.4
      vertex -4.30388 -4.03944 7.4
      vertex -2.35323 -4.15976 7.4
    endloop
  endfacet
  facet normal 0 0 -1
    outer loop
      vertex -2.35765 -4.20963 7.4
      vertex -4.30878 -4.10263 7.4
      vertex -4.30388 -4.03944 7.4
    endloop
  endfacet
  facet normal -0 0 -1
    outer loop
      vertex -2.35765 -4.20963 7.4
      vertex -2.3616 -4.26033 7.4
      vertex -4.30878 -4.10263 7.4
    endloop
  endfacet
  facet normal 0 -0 -1
    outer loop
      vertex -4.30878 -4.10263 7.4
      vertex -2.3616 -4.26033 7.4
      vertex -4.31302 -4.16585 7.4
    endloop
  endfacet
  facet normal 0 -0 -1
    outer loop
      vertex -4.31302 -4.16585 7.4
      vertex -2.36482 -4.30898 7.4
      vertex -4.31662 -4.22917 7.4
    endloop
  endfacet
  facet normal 0 0 -1
    outer loop
      vertex -4.31662 -4.22917 7.4
      vertex -2.36482 -4.30898 7.4
      vertex -2.36748 -4.35701 7.4
    endloop
  endfacet
  facet normal 0 0 -1
    outer loop
      vertex -4.31955 -4.29247 7.4
      vertex -4.31662 -4.22917 7.4
      vertex -2.36748 -4.35701 7.4
    endloop
  endfacet
  facet normal 0 0 -1
    outer loop
      vertex -2.3696 -4.40616 7.4
      vertex -4.31955 -4.29247 7.4
      vertex -2.36748 -4.35701 7.4
    endloop
  endfacet
  facet normal 0 0 -1
    outer loop
      vertex -2.3696 -4.40616 7.4
      vertex -4.32184 -4.35577 7.4
      vertex -4.31955 -4.29247 7.4
    endloop
  endfacet
  facet normal 0 0 -1
    outer loop
      vertex -2.37105 -4.45255 7.4
      vertex -4.32346 -4.41913 7.4
      vertex -4.32184 -4.35577 7.4
    endloop
  endfacet
  facet normal -0 0 -1
    outer loop
      vertex -2.37105 -4.45255 7.4
      vertex -2.3719 -4.49829 7.4
      vertex -4.32346 -4.41913 7.4
    endloop
  endfacet
  facet normal 0 -0 -1
    outer loop
      vertex -4.32346 -4.41913 7.4
      vertex -2.3719 -4.49829 7.4
      vertex -4.32443 -4.48253 7.4
    endloop
  endfacet
  facet normal 0 0 -1
    outer loop
      vertex -4.32443 -4.48253 7.4
      vertex -2.3719 -4.49829 7.4
      vertex -2.37221 -4.54495 7.4
    endloop
  endfacet
  facet normal 0 0 -1
    outer loop
      vertex -4.32475 -4.54652 7.4
      vertex -2.37221 -4.54495 7.4
      vertex -2.37169 -4.6004 7.4
    endloop
  endfacet
  facet normal 0 0 -1
    outer loop
      vertex -4.32411 -4.63382 7.4
      vertex -4.32475 -4.54652 7.4
      vertex -2.37169 -4.6004 7.4
    endloop
  endfacet
  facet normal 0 0 -1
    outer loop
      vertex -4.32405 -4.63766 7.4
      vertex -4.32411 -4.63382 7.4
      vertex -2.37169 -4.6004 7.4
    endloop
  endfacet
  facet normal 0 0 -1
    outer loop
      vertex -2.37018 -4.65399 7.4
      vertex -4.32405 -4.63766 7.4
      vertex -2.37169 -4.6004 7.4
    endloop
  endfacet
  facet normal 0 0 -1
    outer loop
      vertex -4.32199 -4.72707 7.4
      vertex -4.32211 -4.72305 7.4
      vertex -2.37018 -4.65399 7.4
    endloop
  endfacet
  facet normal -0 0 -1
    outer loop
      vertex -2.36755 -4.70779 7.4
      vertex -4.32199 -4.72707 7.4
      vertex -2.37018 -4.65399 7.4
    endloop
  endfacet
  facet normal 0 0 -1
    outer loop
      vertex -2.36755 -4.70779 7.4
      vertex -4.31876 -4.81053 7.4
      vertex -4.32199 -4.72707 7.4
    endloop
  endfacet
  facet normal 0 0 -1
    outer loop
      vertex -2.36755 -4.70779 7.4
      vertex -4.31856 -4.81462 7.4
      vertex -4.31876 -4.81053 7.4
    endloop
  endfacet
  facet normal 0 0 -1
    outer loop
      vertex -2.36398 -4.75952 7.4
      vertex -4.31406 -4.89618 7.4
      vertex -4.31856 -4.81462 7.4
    endloop
  endfacet
  facet normal 0 0 -1
    outer loop
      vertex -2.36398 -4.75952 7.4
      vertex -4.31378 -4.9006 7.4
      vertex -4.31406 -4.89618 7.4
    endloop
  endfacet
  facet normal 0 0 -1
    outer loop
      vertex -2.36398 -4.75952 7.4
      vertex -4.30797 -4.98024 7.4
      vertex -4.31378 -4.9006 7.4
    endloop
  endfacet
  facet normal 0 -0 -1
    outer loop
      vertex -2.36398 -4.75952 7.4
      vertex -2.35947 -4.80939 7.4
      vertex -4.30797 -4.98024 7.4
    endloop
  endfacet
  facet normal 0 0 -1
    outer loop
      vertex -2.35947 -4.80939 7.4
      vertex -4.30049 -5.06248 7.4
      vertex -4.30759 -4.98477 7.4
    endloop
  endfacet
  facet normal 0 -0 -1
    outer loop
      vertex -2.35947 -4.80939 7.4
      vertex -2.35391 -4.85849 7.4
      vertex -4.30049 -5.06248 7.4
    endloop
  endfacet
  facet normal 0 0 -1
    outer loop
      vertex -4.30049 -5.06248 7.4
      vertex -2.35391 -4.85849 7.4
      vertex -4.30002 -5.06721 7.4
    endloop
  endfacet
  facet normal 0 0 -1
    outer loop
      vertex -4.30002 -5.06721 7.4
      vertex -2.35391 -4.85849 7.4
      vertex -4.29164 -5.14301 7.4
    endloop
  endfacet
  facet normal 0 0 -1
    outer loop
      vertex -4.29164 -5.14301 7.4
      vertex -2.34734 -4.90668 7.4
      vertex -4.29103 -5.14801 7.4
    endloop
  endfacet
  facet normal 0 0 -1
    outer loop
      vertex -4.29103 -5.14801 7.4
      vertex -2.34734 -4.90668 7.4
      vertex -4.28136 -5.22188 7.4
    endloop
  endfacet
  facet normal 0 0 -1
    outer loop
      vertex -4.28136 -5.22188 7.4
      vertex -2.34734 -4.90668 7.4
      vertex -2.33986 -4.95311 7.4
    endloop
  endfacet
  facet normal 0 0 -1
    outer loop
      vertex -4.28062 -5.22708 7.4
      vertex -4.28136 -5.22188 7.4
      vertex -2.33986 -4.95311 7.4
    endloop
  endfacet
  facet normal 0 0 -1
    outer loop
      vertex -4.26965 -5.29904 7.4
      vertex -4.28062 -5.22708 7.4
      vertex -2.33986 -4.95311 7.4
    endloop
  endfacet
  facet normal 0 0 -1
    outer loop
      vertex -4.26877 -5.30444 7.4
      vertex -4.26965 -5.29904 7.4
      vertex -2.33986 -4.95311 7.4
    endloop
  endfacet
  facet normal 0 0 -1
    outer loop
      vertex -4.25652 -5.37448 7.4
      vertex -4.26877 -5.30444 7.4
      vertex -2.33151 -4.99796 7.4
    endloop
  endfacet
  facet normal 0 0 -1
    outer loop
      vertex -4.25545 -5.38019 7.4
      vertex -4.25652 -5.37448 7.4
      vertex -2.33151 -4.99796 7.4
    endloop
  endfacet
  facet normal 0 0 -1
    outer loop
      vertex -4.2419 -5.4483 7.4
      vertex -4.25545 -5.38019 7.4
      vertex -2.33151 -4.99796 7.4
    endloop
  endfacet
  facet normal -0 0 -1
    outer loop
      vertex -2.32217 -5.04179 7.4
      vertex -4.2419 -5.4483 7.4
      vertex -2.33151 -4.99796 7.4
    endloop
  endfacet
  facet normal 0 0 -1
    outer loop
      vertex -2.32217 -5.04179 7.4
      vertex -4.24066 -5.45418 7.4
      vertex -4.2419 -5.4483 7.4
    endloop
  endfacet
  facet normal 0 0 -1
    outer loop
      vertex -2.32217 -5.04179 7.4
      vertex -4.22583 -5.52037 7.4
      vertex -4.24066 -5.45418 7.4
    endloop
  endfacet
  facet normal 0 0 -1
    outer loop
      vertex -2.3119 -5.0845 7.4
      vertex -4.22435 -5.52655 7.4
      vertex -4.22583 -5.52037 7.4
    endloop
  endfacet
  facet normal 0 0 -1
    outer loop
      vertex -2.3119 -5.0845 7.4
      vertex -4.20822 -5.59084 7.4
      vertex -4.22435 -5.52655 7.4
    endloop
  endfacet
  facet normal 0 0 -1
    outer loop
      vertex -2.3119 -5.0845 7.4
      vertex -4.20654 -5.59723 7.4
      vertex -4.20822 -5.59084 7.4
    endloop
  endfacet
  facet normal 0 -0 -1
    outer loop
      vertex -2.3119 -5.0845 7.4
      vertex -2.3008 -5.12566 7.4
      vertex -4.20654 -5.59723 7.4
    endloop
  endfacet
  facet normal 0 0 -1
    outer loop
      vertex -4.20654 -5.59723 7.4
      vertex -2.3008 -5.12566 7.4
      vertex -4.18913 -5.65959 7.4
    endloop
  endfacet
  facet normal 0 0 -1
    outer loop
      vertex -4.18913 -5.65959 7.4
      vertex -2.3008 -5.12566 7.4
      vertex -4.18715 -5.66628 7.4
    endloop
  endfacet
  facet normal 0 -0 -1
    outer loop
      vertex -2.3008 -5.12566 7.4
      vertex -2.28882 -5.16551 7.4
      vertex -4.16844 -5.72672 7.4
    endloop
  endfacet
  facet normal 0 0 -1
    outer loop
      vertex -4.16844 -5.72672 7.4
      vertex -2.28882 -5.16551 7.4
      vertex -4.1662 -5.73366 7.4
    endloop
  endfacet
  facet normal 0 0 -1
    outer loop
      vertex -4.1662 -5.73366 7.4
      vertex -2.28882 -5.16551 7.4
      vertex -4.14619 -5.79219 7.4
    endloop
  endfacet
  facet normal 0 0 -1
    outer loop
      vertex -4.14619 -5.79219 7.4
      vertex -2.28882 -5.16551 7.4
      vertex -4.14365 -5.79929 7.4
    endloop
  endfacet
  facet normal 0 0 -1
    outer loop
      vertex -4.14365 -5.79929 7.4
      vertex -2.28882 -5.16551 7.4
      vertex -4.12238 -5.85588 7.4
    endloop
  endfacet
  facet normal 0 0 -1
    outer loop
      vertex -4.12238 -5.85588 7.4
      vertex -2.28882 -5.16551 7.4
      vertex -2.27591 -5.20439 7.4
    endloop
  endfacet
  facet normal 0 0 -1
    outer loop
      vertex -4.11943 -5.86336 7.4
      vertex -2.27591 -5.20439 7.4
      vertex -4.09685 -5.91805 7.4
    endloop
  endfacet
  facet normal 0 0 -1
    outer loop
      vertex -4.09685 -5.91805 7.4
      vertex -2.27591 -5.20439 7.4
      vertex -4.09355 -5.92564 7.4
    endloop
  endfacet
  facet normal 0 0 -1
    outer loop
      vertex -4.09355 -5.92564 7.4
      vertex -2.27591 -5.20439 7.4
      vertex -4.06969 -5.97841 7.4
    endloop
  endfacet
  facet normal 0 0 -1
    outer loop
      vertex -4.06969 -5.97841 7.4
      vertex -2.27591 -5.20439 7.4
      vertex -2.26234 -5.24142 7.4
    endloop
  endfacet
  facet normal 0 0 -1
    outer loop
      vertex -4.06598 -5.98624 7.4
      vertex -4.06969 -5.97841 7.4
      vertex -2.26234 -5.24142 7.4
    endloop
  endfacet
  facet normal 0 0 -1
    outer loop
      vertex -4.04082 -6.03709 7.4
      vertex -4.06598 -5.98624 7.4
      vertex -2.26234 -5.24142 7.4
    endloop
  endfacet
  facet normal 0 0 -1
    outer loop
      vertex -4.03668 -6.04509 7.4
      vertex -4.04082 -6.03709 7.4
      vertex -2.26234 -5.24142 7.4
    endloop
  endfacet
  facet normal 0 0 -1
    outer loop
      vertex -4.01024 -6.09402 7.4
      vertex -4.03668 -6.04509 7.4
      vertex -2.26234 -5.24142 7.4
    endloop
  endfacet
  facet normal 0 0 -1
    outer loop
      vertex -4.00562 -6.1022 7.4
      vertex -2.26234 -5.24142 7.4
      vertex -2.24773 -5.27782 7.4
    endloop
  endfacet
  facet normal 0 0 -1
    outer loop
      vertex -3.97789 -6.1492 7.4
      vertex -4.00562 -6.1022 7.4
      vertex -2.24773 -5.27782 7.4
    endloop
  endfacet
  facet normal 0 0 -1
    outer loop
      vertex -3.97278 -6.1575 7.4
      vertex -3.97789 -6.1492 7.4
      vertex -2.24773 -5.27782 7.4
    endloop
  endfacet
  facet normal 0 0 -1
    outer loop
      vertex -3.94374 -6.20261 7.4
      vertex -3.97278 -6.1575 7.4
      vertex -2.24773 -5.27782 7.4
    endloop
  endfacet
  facet normal 0 0 -1
    outer loop
      vertex -3.93939 -6.20914 7.4
      vertex -3.94374 -6.20261 7.4
      vertex -2.24773 -5.27782 7.4
    endloop
  endfacet
  facet normal 0 0 -1
    outer loop
      vertex -3.90942 -6.25262 7.4
      vertex -3.93939 -6.20914 7.4
      vertex -2.24773 -5.27782 7.4
    endloop
  endfacet
  facet normal -0 0 -1
    outer loop
      vertex -2.23224 -5.31316 7.4
      vertex -3.90942 -6.25262 7.4
      vertex -2.24773 -5.27782 7.4
    endloop
  endfacet
  facet normal 0 0 -1
    outer loop
      vertex -2.23224 -5.31316 7.4
      vertex -3.90599 -6.25748 7.4
      vertex -3.90942 -6.25262 7.4
    endloop
  endfacet
  facet normal 0 0 -1
    outer loop
      vertex -2.23224 -5.31316 7.4
      vertex -3.87541 -6.29967 7.4
      vertex -3.90599 -6.25748 7.4
    endloop
  endfacet
  facet normal 0 0 -1
    outer loop
      vertex -3.84067 -6.34538 7.4
      vertex -3.87184 -6.30447 7.4
      vertex -2.23224 -5.31316 7.4
    endloop
  endfacet
  facet normal -0 0 -1
    outer loop
      vertex -2.21637 -5.34634 7.4
      vertex -3.84067 -6.34538 7.4
      vertex -2.23224 -5.31316 7.4
    endloop
  endfacet
  facet normal 0 0 -1
    outer loop
      vertex -2.21637 -5.34634 7.4
      vertex -3.83688 -6.35023 7.4
      vertex -3.84067 -6.34538 7.4
    endloop
  endfacet
  facet normal 0 0 -1
    outer loop
      vertex -2.21637 -5.34634 7.4
      vertex -3.80513 -6.38985 7.4
      vertex -3.83688 -6.35023 7.4
    endloop
  endfacet
  facet normal 0 0 -1
    outer loop
      vertex -2.21637 -5.34634 7.4
      vertex -3.80107 -6.39476 7.4
      vertex -3.80513 -6.38985 7.4
    endloop
  endfacet
  facet normal 0 0 -1
    outer loop
      vertex -2.21637 -5.34634 7.4
      vertex -3.76871 -6.43309 7.4
      vertex -3.80107 -6.39476 7.4
    endloop
  endfacet
  facet normal 0 -0 -1
    outer loop
      vertex -2.21637 -5.34634 7.4
      vertex -2.19928 -5.37927 7.4
      vertex -3.76871 -6.43309 7.4
    endloop
  endfacet
  facet normal 0 0 -1
    outer loop
      vertex -3.76871 -6.43309 7.4
      vertex -2.19928 -5.37927 7.4
      vertex -3.76445 -6.438 7.4
    endloop
  endfacet
  facet normal 0 0 -1
    outer loop
      vertex -3.76445 -6.438 7.4
      vertex -2.19928 -5.37927 7.4
      vertex -3.73149 -6.47504 7.4
    endloop
  endfacet
  facet normal 0 0 -1
    outer loop
      vertex -2.19928 -5.37927 7.4
      vertex -3.69353 -6.51564 7.4
      vertex -3.72707 -6.47989 7.4
    endloop
  endfacet
  facet normal 0 -0 -1
    outer loop
      vertex -2.19928 -5.37927 7.4
      vertex -2.1817 -5.41048 7.4
      vertex -3.69353 -6.51564 7.4
    endloop
  endfacet
  facet normal 0 0 -1
    outer loop
      vertex -3.69353 -6.51564 7.4
      vertex -2.1817 -5.41048 7.4
      vertex -3.68877 -6.52058 7.4
    endloop
  endfacet
  facet normal 0 0 -1
    outer loop
      vertex -3.68877 -6.52058 7.4
      vertex -2.1817 -5.41048 7.4
      vertex -3.65462 -6.55504 7.4
    endloop
  endfacet
  facet normal 0 0 -1
    outer loop
      vertex -3.65462 -6.55504 7.4
      vertex -2.1817 -5.41048 7.4
      vertex -3.64969 -6.55986 7.4
    endloop
  endfacet
  facet normal 0 0 -1
    outer loop
      vertex -3.64969 -6.55986 7.4
      vertex -2.1817 -5.41048 7.4
      vertex -3.61496 -6.59302 7.4
    endloop
  endfacet
  facet normal 0 0 -1
    outer loop
      vertex -3.61496 -6.59302 7.4
      vertex -2.1817 -5.41048 7.4
      vertex -3.60977 -6.59784 7.4
    endloop
  endfacet
  facet normal 0 0 -1
    outer loop
      vertex -3.60977 -6.59784 7.4
      vertex -2.1817 -5.41048 7.4
      vertex -2.16298 -5.44118 7.4
    endloop
  endfacet
  facet normal 0 0 -1
    outer loop
      vertex -3.57443 -6.62971 7.4
      vertex -3.60977 -6.59784 7.4
      vertex -2.16298 -5.44118 7.4
    endloop
  endfacet
  facet normal 0 0 -1
    outer loop
      vertex -3.569 -6.63448 7.4
      vertex -2.16298 -5.44118 7.4
      vertex -3.53307 -6.66505 7.4
    endloop
  endfacet
  facet normal 0 0 -1
    outer loop
      vertex -3.53307 -6.66505 7.4
      vertex -2.16298 -5.44118 7.4
      vertex -3.5275 -6.66965 7.4
    endloop
  endfacet
  facet normal 0 0 -1
    outer loop
      vertex -3.5275 -6.66965 7.4
      vertex -2.16298 -5.44118 7.4
      vertex -3.49098 -6.69894 7.4
    endloop
  endfacet
  facet normal 0 0 -1
    outer loop
      vertex -3.49098 -6.69894 7.4
      vertex -2.16298 -5.44118 7.4
      vertex -2.14368 -5.47044 7.4
    endloop
  endfacet
  facet normal 0 0 -1
    outer loop
      vertex -3.48508 -6.70355 7.4
      vertex -3.49098 -6.69894 7.4
      vertex -2.14368 -5.47044 7.4
    endloop
  endfacet
  facet normal 0 0 -1
    outer loop
      vertex -3.44795 -6.73155 7.4
      vertex -3.48508 -6.70355 7.4
      vertex -2.14368 -5.47044 7.4
    endloop
  endfacet
  facet normal 0 0 -1
    outer loop
      vertex -3.44196 -6.73593 7.4
      vertex -3.44795 -6.73155 7.4
      vertex -2.14368 -5.47044 7.4
    endloop
  endfacet
  facet normal 0 0 -1
    outer loop
      vertex -3.40425 -6.76265 7.4
      vertex -3.44196 -6.73593 7.4
      vertex -2.14368 -5.47044 7.4
    endloop
  endfacet
  facet normal 0 0 -1
    outer loop
      vertex -3.39786 -6.76703 7.4
      vertex -3.40425 -6.76265 7.4
      vertex -2.14368 -5.47044 7.4
    endloop
  endfacet
  facet normal 0 0 -1
    outer loop
      vertex -3.35954 -6.79243 7.4
      vertex -3.39786 -6.76703 7.4
      vertex -2.12354 -5.49875 7.4
    endloop
  endfacet
  facet normal 0 0 -1
    outer loop
      vertex -3.35318 -6.79651 7.4
      vertex -3.35954 -6.79243 7.4
      vertex -2.12354 -5.49875 7.4
    endloop
  endfacet
  facet normal 0 0 -1
    outer loop
      vertex -3.31427 -6.82065 7.4
      vertex -3.35318 -6.79651 7.4
      vertex -2.12354 -5.49875 7.4
    endloop
  endfacet
  facet normal 0 0 -1
    outer loop
      vertex -3.30766 -6.82462 7.4
      vertex -3.31427 -6.82065 7.4
      vertex -2.12354 -5.49875 7.4
    endloop
  endfacet
  facet normal 0 0 -1
    outer loop
      vertex -3.26817 -6.84746 7.4
      vertex -3.30766 -6.82462 7.4
      vertex -2.12354 -5.49875 7.4
    endloop
  endfacet
  facet normal -0 0 -1
    outer loop
      vertex -2.10289 -5.52571 7.4
      vertex -3.26817 -6.84746 7.4
      vertex -2.12354 -5.49875 7.4
    endloop
  endfacet
  facet normal 0 0 -1
    outer loop
      vertex -2.10289 -5.52571 7.4
      vertex -3.26132 -6.85129 7.4
      vertex -3.26817 -6.84746 7.4
    endloop
  endfacet
  facet normal 0 0 -1
    outer loop
      vertex -2.10289 -5.52571 7.4
      vertex -3.22122 -6.87283 7.4
      vertex -3.26132 -6.85129 7.4
    endloop
  endfacet
  facet normal 0 0 -1
    outer loop
      vertex -2.10289 -5.52571 7.4
      vertex -3.21436 -6.87637 7.4
      vertex -3.22122 -6.87283 7.4
    endloop
  endfacet
  facet normal 0 0 -1
    outer loop
      vertex -2.10289 -5.52571 7.4
      vertex -3.17368 -6.89664 7.4
      vertex -3.21436 -6.87637 7.4
    endloop
  endfacet
  facet normal -0 0 -1
    outer loop
      vertex -2.08162 -5.55153 7.4
      vertex -3.16656 -6.90004 7.4
      vertex -2.10289 -5.52571 7.4
    endloop
  endfacet
  facet normal 0 0 -1
    outer loop
      vertex -2.08162 -5.55153 7.4
      vertex -3.12527 -6.91901 7.4
      vertex -3.16656 -6.90004 7.4
    endloop
  endfacet
  facet normal 0 0 -1
    outer loop
      vertex -2.08162 -5.55153 7.4
      vertex -3.11812 -6.92216 7.4
      vertex -3.12527 -6.91901 7.4
    endloop
  endfacet
  facet normal 0 0 -1
    outer loop
      vertex -2.08162 -5.55153 7.4
      vertex -3.07625 -6.93983 7.4
      vertex -3.11812 -6.92216 7.4
    endloop
  endfacet
  facet normal 0 0 -1
    outer loop
      vertex -2.08162 -5.55153 7.4
      vertex -3.06903 -6.94275 7.4
      vertex -3.07625 -6.93983 7.4
    endloop
  endfacet
  facet normal 0 0 -1
    outer loop
      vertex -2.08162 -5.55153 7.4
      vertex -3.02655 -6.95914 7.4
      vertex -3.06903 -6.94275 7.4
    endloop
  endfacet
  facet normal 0 -0 -1
    outer loop
      vertex -2.08162 -5.55153 7.4
      vertex -2.05991 -5.57599 7.4
      vertex -3.02655 -6.95914 7.4
    endloop
  endfacet
  facet normal 0 0 -1
    outer loop
      vertex -3.02655 -6.95914 7.4
      vertex -2.05991 -5.57599 7.4
      vertex -3.0193 -6.96181 7.4
    endloop
  endfacet
  facet normal 0 0 -1
    outer loop
      vertex -2.05991 -5.57599 7.4
      vertex -2.97108 -6.97865 7.4
      vertex -2.97623 -6.97691 7.4
    endloop
  endfacet
  facet normal 0 0 -1
    outer loop
      vertex -2.05991 -5.57599 7.4
      vertex -2.925 -6.99368 7.4
      vertex -2.97108 -6.97865 7.4
    endloop
  endfacet
  facet normal 0 -0 -1
    outer loop
      vertex -2.05991 -5.57599 7.4
      vertex -2.03822 -5.59863 7.4
      vertex -2.925 -6.99368 7.4
    endloop
  endfacet
  facet normal 0 0 -1
    outer loop
      vertex -2.925 -6.99368 7.4
      vertex -2.03822 -5.59863 7.4
      vertex -2.87889 -7.00812 7.4
    endloop
  endfacet
  facet normal 0 0 -1
    outer loop
      vertex -2.87889 -7.00812 7.4
      vertex -2.03822 -5.59863 7.4
      vertex -2.83298 -7.02187 7.4
    endloop
  endfacet
  facet normal 0 0 -1
    outer loop
      vertex -2.83298 -7.02187 7.4
      vertex -2.03822 -5.59863 7.4
      vertex -2.01607 -5.62004 7.4
    endloop
  endfacet
  facet normal 0 0 -1
    outer loop
      vertex -2.78708 -7.03499 7.4
      vertex -2.83298 -7.02187 7.4
      vertex -2.01607 -5.62004 7.4
    endloop
  endfacet
  facet normal 0 0 -1
    outer loop
      vertex -2.74446 -7.0466 7.4
      vertex -2.78708 -7.03499 7.4
      vertex -1.99388 -5.63983 7.4
    endloop
  endfacet
  facet normal 0 0 -1
    outer loop
      vertex -2.69586 -7.05919 7.4
      vertex -2.74446 -7.0466 7.4
      vertex -1.99388 -5.63983 7.4
    endloop
  endfacet
  facet normal -0 0 -1
    outer loop
      vertex -1.97142 -5.65825 7.4
      vertex -2.69586 -7.05919 7.4
      vertex -1.99388 -5.63983 7.4
    endloop
  endfacet
  facet normal 0 0 -1
    outer loop
      vertex -1.97142 -5.65825 7.4
      vertex -2.65358 -7.06956 7.4
      vertex -2.69586 -7.05919 7.4
    endloop
  endfacet
  facet normal -0 0 -1
    outer loop
      vertex -1.9482 -5.67574 7.4
      vertex -2.6049 -7.08081 7.4
      vertex -1.97142 -5.65825 7.4
    endloop
  endfacet
  facet normal 0 0 -1
    outer loop
      vertex -1.9482 -5.67574 7.4
      vertex -2.55963 -7.09062 7.4
      vertex -2.6049 -7.08081 7.4
    endloop
  endfacet
  facet normal 0 0 -1
    outer loop
      vertex -1.9482 -5.67574 7.4
      vertex -2.51784 -7.09911 7.4
      vertex -2.55963 -7.09062 7.4
    endloop
  endfacet
  facet normal 0 -0 -1
    outer loop
      vertex -1.9482 -5.67574 7.4
      vertex -1.92516 -5.6916 7.4
      vertex -2.51784 -7.09911 7.4
    endloop
  endfacet
  facet normal 0 -0 -1
    outer loop
      vertex -1.92516 -5.6916 7.4
      vertex -1.90149 -5.70644 7.4
      vertex -2.47285 -7.10762 7.4
    endloop
  endfacet
  facet normal 0 0 -1
    outer loop
      vertex -2.47285 -7.10762 7.4
      vertex -1.90149 -5.70644 7.4
      vertex -2.42442 -7.11604 7.4
    endloop
  endfacet
  facet normal 0 0 -1
    outer loop
      vertex -2.42442 -7.11604 7.4
      vertex -1.90149 -5.70644 7.4
      vertex -2.37968 -7.12317 7.4
    endloop
  endfacet
  facet normal 0 0 -1
    outer loop
      vertex -2.37968 -7.12317 7.4
      vertex -1.90149 -5.70644 7.4
      vertex -1.87767 -5.71996 7.4
    endloop
  endfacet
  facet normal 0 0 -1
    outer loop
      vertex -2.33855 -7.12915 7.4
      vertex -1.87767 -5.71996 7.4
      vertex -2.3349 -7.12965 7.4
    endloop
  endfacet
  facet normal 0 0 -1
    outer loop
      vertex -2.3349 -7.12965 7.4
      vertex -1.87767 -5.71996 7.4
      vertex -2.29393 -7.13499 7.4
    endloop
  endfacet
  facet normal 0 0 -1
    outer loop
      vertex -2.29393 -7.13499 7.4
      vertex -1.87767 -5.71996 7.4
      vertex -1.85281 -5.73267 7.4
    endloop
  endfacet
  facet normal 0 0 -1
    outer loop
      vertex -2.24583 -7.14053 7.4
      vertex -2.29393 -7.13499 7.4
      vertex -1.85281 -5.73267 7.4
    endloop
  endfacet
  facet normal 0 0 -1
    outer loop
      vertex -2.20518 -7.14462 7.4
      vertex -1.85281 -5.73267 7.4
      vertex -1.82828 -5.74388 7.4
    endloop
  endfacet
  facet normal 0 0 -1
    outer loop
      vertex -2.16101 -7.14842 7.4
      vertex -2.20518 -7.14462 7.4
      vertex -1.82828 -5.74388 7.4
    endloop
  endfacet
  facet normal 0 0 -1
    outer loop
      vertex -2.15715 -7.14873 7.4
      vertex -2.16101 -7.14842 7.4
      vertex -1.82828 -5.74388 7.4
    endloop
  endfacet
  facet normal -0 0 -1
    outer loop
      vertex -1.80238 -5.75438 7.4
      vertex -2.15715 -7.14873 7.4
      vertex -1.82828 -5.74388 7.4
    endloop
  endfacet
  facet normal 0 0 -1
    outer loop
      vertex -1.80238 -5.75438 7.4
      vertex -2.11684 -7.15155 7.4
      vertex -2.15715 -7.14873 7.4
    endloop
  endfacet
  facet normal 0 0 -1
    outer loop
      vertex -2.06908 -7.15416 7.4
      vertex -2.07292 -7.15398 7.4
      vertex -1.80238 -5.75438 7.4
    endloop
  endfacet
  facet normal -0 0 -1
    outer loop
      vertex -1.7762 -5.76367 7.4
      vertex -2.06908 -7.15416 7.4
      vertex -1.80238 -5.75438 7.4
    endloop
  endfacet
  facet normal 0 0 -1
    outer loop
      vertex -1.7762 -5.76367 7.4
      vertex -2.0291 -7.15573 7.4
      vertex -2.06908 -7.15416 7.4
    endloop
  endfacet
  facet normal 0 0 -1
    outer loop
      vertex -1.7762 -5.76367 7.4
      vertex -2.02521 -7.15585 7.4
      vertex -2.0291 -7.15573 7.4
    endloop
  endfacet
  facet normal 0 0 -1
    outer loop
      vertex -1.7762 -5.76367 7.4
      vertex -1.98137 -7.15688 7.4
      vertex -2.02521 -7.15585 7.4
    endloop
  endfacet
  facet normal 0 0 1
    outer loop
      vertex -1.17444 -7.05174 9
      vertex -1.45836 -5.79507 9
      vertex -1.22066 -7.06422 9
    endloop
  endfacet
  facet normal -0 0 1
    outer loop
      vertex -1.4068 -5.78683 9
      vertex -1.06963 -7.02046 9
      vertex -1.38144 -5.7812 9
    endloop
  endfacet
  facet normal 0 0 1
    outer loop
      vertex -1.1199 -7.03598 9
      vertex -1.43246 -5.79146 9
      vertex -1.12407 -7.03723 9
    endloop
  endfacet
  facet normal 0 0 1
    outer loop
      vertex -1.07382 -7.02179 9
      vertex -1.4068 -5.78683 9
      vertex -1.1199 -7.03598 9
    endloop
  endfacet
  facet normal 0 0 1
    outer loop
      vertex -1.4068 -5.78683 9
      vertex -1.43246 -5.79146 9
      vertex -1.1199 -7.03598 9
    endloop
  endfacet
  facet normal 0 0 1
    outer loop
      vertex -1.01956 -7.00403 9
      vertex -1.38144 -5.7812 9
      vertex -1.02362 -7.0054 9
    endloop
  endfacet
  facet normal 0 0 1
    outer loop
      vertex -0.919724 -6.96843 9
      vertex -1.33049 -5.76666 9
      vertex -1.35593 -5.77446 9
    endloop
  endfacet
  facet normal 0 -0 1
    outer loop
      vertex -0.969635 -6.98669 9
      vertex -0.919724 -6.96843 9
      vertex -1.35593 -5.77446 9
    endloop
  endfacet
  facet normal 0 0 1
    outer loop
      vertex -0.969635 -6.98669 9
      vertex -1.35593 -5.77446 9
      vertex -0.973618 -6.98811 9
    endloop
  endfacet
  facet normal 0 0 1
    outer loop
      vertex -1.35593 -5.77446 9
      vertex -1.38144 -5.7812 9
      vertex -1.01956 -7.00403 9
    endloop
  endfacet
  facet normal 0 0 1
    outer loop
      vertex -1.25438 -5.73669 9
      vertex -1.27957 -5.74773 9
      vertex -0.770126 -6.90778 9
    endloop
  endfacet
  facet normal 0 0 1
    outer loop
      vertex -0.82431 -6.93077 9
      vertex -1.30498 -5.75774 9
      vertex -0.870056 -6.94926 9
    endloop
  endfacet
  facet normal 0 -0 1
    outer loop
      vertex -0.82431 -6.93077 9
      vertex -0.82045 -6.92917 9
      vertex -1.30498 -5.75774 9
    endloop
  endfacet
  facet normal 0 -0 1
    outer loop
      vertex -0.774765 -6.90981 9
      vertex -0.770126 -6.90778 9
      vertex -1.27957 -5.74773 9
    endloop
  endfacet
  facet normal 0 0 1
    outer loop
      vertex -1.30498 -5.75774 9
      vertex -1.33049 -5.76666 9
      vertex -0.873917 -6.95079 9
    endloop
  endfacet
  facet normal 0 0 1
    outer loop
      vertex -1.25438 -5.73669 9
      vertex -0.718994 -6.8848 9
      vertex -0.673538 -6.86308 9
    endloop
  endfacet
  facet normal 0 -0 1
    outer loop
      vertex -0.724548 -6.88736 9
      vertex -0.718994 -6.8848 9
      vertex -1.25438 -5.73669 9
    endloop
  endfacet
  facet normal 0 0 1
    outer loop
      vertex -1.22852 -5.7242 9
      vertex -0.668137 -6.86043 9
      vertex -0.622803 -6.83742 9
    endloop
  endfacet
  facet normal -0 0 1
    outer loop
      vertex -1.22852 -5.7242 9
      vertex -0.622803 -6.83742 9
      vertex -1.20273 -5.71057 9
    endloop
  endfacet
  facet normal 0 -0 1
    outer loop
      vertex -1.17444 -7.05174 9
      vertex -1.17021 -7.05057 9
      vertex -1.43246 -5.79146 9
    endloop
  endfacet
  facet normal 0 0 1
    outer loop
      vertex -1.20273 -5.71057 9
      vertex -0.572403 -6.81041 9
      vertex -0.567368 -6.80762 9
    endloop
  endfacet
  facet normal 0 0 1
    outer loop
      vertex -1.1514 -5.67982 9
      vertex -0.517319 -6.77913 9
      vertex -0.472397 -6.75224 9
    endloop
  endfacet
  facet normal 0 0 1
    outer loop
      vertex -1.1514 -5.67982 9
      vertex -0.472397 -6.75224 9
      vertex -0.467773 -6.7494 9
    endloop
  endfacet
  facet normal -0 0 1
    outer loop
      vertex -1.12495 -5.66216 9
      vertex -0.373657 -6.6888 9
      vertex -1.09892 -5.64345 9
    endloop
  endfacet
  facet normal 0 0 1
    outer loop
      vertex 0.68837 -5.57417 9
      vertex -0.550293 -4.88986 9
      vertex 0.646255 -5.63628 9
    endloop
  endfacet
  facet normal 0 0 1
    outer loop
      vertex -0.276138 -6.6201 9
      vertex -1.04597 -5.60153 9
      vertex -1.07245 -5.62315 9
    endloop
  endfacet
  facet normal 0 -0 1
    outer loop
      vertex 0.600143 -5.70235 9
      vertex 0.646255 -5.63628 9
      vertex -0.579559 -4.94949 9
    endloop
  endfacet
  facet normal 0 0 1
    outer loop
      vertex -0.175964 -6.54311 9
      vertex -0.993134 -5.5544 9
      vertex -1.01964 -5.57872 9
    endloop
  endfacet
  facet normal 0 0 1
    outer loop
      vertex -0.175964 -6.54311 9
      vertex -1.01964 -5.57872 9
      vertex -0.179688 -6.54608 9
    endloop
  endfacet
  facet normal 0 -0 1
    outer loop
      vertex 0.555725 -5.76407 9
      vertex 0.557907 -5.76108 9
      vertex -0.6082 -5.00571 9
    endloop
  endfacet
  facet normal 0 0 1
    outer loop
      vertex 0.513412 -5.82111 9
      vertex -0.666138 -5.11302 9
      vertex 0.468719 -5.8795 9
    endloop
  endfacet
  facet normal 0 0 1
    outer loop
      vertex 0.00971985 -6.38271 9
      vertex -0.91362 -5.47289 9
      vertex -0.0338745 -6.42249 9
    endloop
  endfacet
  facet normal 0 0 1
    outer loop
      vertex 0.0128937 -6.37975 9
      vertex -0.91362 -5.47289 9
      vertex 0.00971985 -6.38271 9
    endloop
  endfacet
  facet normal 0 0 1
    outer loop
      vertex 0.466339 -5.88257 9
      vertex -0.694519 -5.16245 9
      vertex 0.423904 -5.93623 9
    endloop
  endfacet
  facet normal 0 0 1
    outer loop
      vertex 0.423904 -5.93623 9
      vertex -0.694519 -5.16245 9
      vertex 0.42131 -5.93945 9
    endloop
  endfacet
  facet normal 0 0 1
    outer loop
      vertex -0.694519 -5.16245 9
      vertex -0.723343 -5.21051 9
      vertex 0.378799 -5.99142 9
    endloop
  endfacet
  facet normal 0 0 1
    outer loop
      vertex -0.723343 -5.21051 9
      vertex -0.75116 -5.25485 9
      vertex 0.333481 -6.045 9
    endloop
  endfacet
  facet normal 0 -0 1
    outer loop
      vertex 0.285767 -6.09961 9
      vertex 0.330933 -6.04796 9
      vertex -0.75116 -5.25485 9
    endloop
  endfacet
  facet normal 0 -0 1
    outer loop
      vertex 0.194794 -6.19897 9
      vertex 0.24295 -6.14713 9
      vertex -0.806961 -5.33769 9
    endloop
  endfacet
  facet normal 0 0 1
    outer loop
      vertex 0.194794 -6.19897 9
      vertex -0.806961 -5.33769 9
      vertex -0.834152 -5.37508 9
    endloop
  endfacet
  facet normal 0 0 1
    outer loop
      vertex 0.194794 -6.19897 9
      vertex -0.834152 -5.37508 9
      vertex 0.151733 -6.24391 9
    endloop
  endfacet
  facet normal 0 0 1
    outer loop
      vertex -0.86113 -5.4102 9
      vertex -0.888 -5.44325 9
      vertex 0.102753 -6.29338 9
    endloop
  endfacet
  facet normal 0 -0 1
    outer loop
      vertex 0.056366 -6.33867 9
      vertex 0.0594177 -6.33574 9
      vertex -0.888 -5.44325 9
    endloop
  endfacet
  facet normal 0 0 1
    outer loop
      vertex -0.86113 -5.4102 9
      vertex 0.102753 -6.29338 9
      vertex 0.105682 -6.29047 9
    endloop
  endfacet
  facet normal 0 0 1
    outer loop
      vertex -0.86113 -5.4102 9
      vertex 0.105682 -6.29047 9
      vertex 0.151733 -6.24391 9
    endloop
  endfacet
  facet normal 0 0 1
    outer loop
      vertex 0.24295 -6.14713 9
      vertex -0.779388 -5.29778 9
      vertex -0.806961 -5.33769 9
    endloop
  endfacet
  facet normal 0 0 1
    outer loop
      vertex 0.285767 -6.09961 9
      vertex -0.779388 -5.29778 9
      vertex 0.24295 -6.14713 9
    endloop
  endfacet
  facet normal 0 0 1
    outer loop
      vertex -0.75116 -5.25485 9
      vertex 0.330933 -6.04796 9
      vertex 0.333481 -6.045 9
    endloop
  endfacet
  facet normal 0 -0 1
    outer loop
      vertex 0.333481 -6.045 9
      vertex 0.376068 -5.99471 9
      vertex -0.723343 -5.21051 9
    endloop
  endfacet
  facet normal 0 0 1
    outer loop
      vertex -0.694519 -5.16245 9
      vertex 0.378799 -5.99142 9
      vertex 0.42131 -5.93945 9
    endloop
  endfacet
  facet normal 0 0 1
    outer loop
      vertex 0.378799 -5.99142 9
      vertex -0.723343 -5.21051 9
      vertex 0.376068 -5.99471 9
    endloop
  endfacet
  facet normal 0 0 1
    outer loop
      vertex -0.666138 -5.11302 9
      vertex -0.694519 -5.16245 9
      vertex 0.466339 -5.88257 9
    endloop
  endfacet
  facet normal 0 0 1
    outer loop
      vertex -0.666138 -5.11302 9
      vertex 0.466339 -5.88257 9
      vertex 0.468719 -5.8795 9
    endloop
  endfacet
  facet normal 0 0 1
    outer loop
      vertex -0.637482 -5.061 9
      vertex -0.666138 -5.11302 9
      vertex 0.513412 -5.82111 9
    endloop
  endfacet
  facet normal 0 0 1
    outer loop
      vertex -0.6082 -5.00571 9
      vertex -0.637482 -5.061 9
      vertex 0.555725 -5.76407 9
    endloop
  endfacet
  facet normal 0 0 1
    outer loop
      vertex -0.637482 -5.061 9
      vertex 0.513412 -5.82111 9
      vertex 0.555725 -5.76407 9
    endloop
  endfacet
  facet normal 0 0 1
    outer loop
      vertex -0.75116 -5.25485 9
      vertex -0.779388 -5.29778 9
      vertex 0.285767 -6.09961 9
    endloop
  endfacet
  facet normal -0 0 1
    outer loop
      vertex -0.6082 -5.00571 9
      vertex 0.600143 -5.70235 9
      vertex -0.579559 -4.94949 9
    endloop
  endfacet
  facet normal 0 -0 1
    outer loop
      vertex 0.557907 -5.76108 9
      vertex 0.600143 -5.70235 9
      vertex -0.6082 -5.00571 9
    endloop
  endfacet
  facet normal 0 0 1
    outer loop
      vertex 0.151733 -6.24391 9
      vertex -0.834152 -5.37508 9
      vertex -0.86113 -5.4102 9
    endloop
  endfacet
  facet normal 0 0 1
    outer loop
      vertex -0.550293 -4.88986 9
      vertex -0.579559 -4.94949 9
      vertex 0.646255 -5.63628 9
    endloop
  endfacet
  facet normal 0 0 1
    outer loop
      vertex -0.520889 -4.82777 9
      vertex -0.550293 -4.88986 9
      vertex 0.68837 -5.57417 9
    endloop
  endfacet
  facet normal 0 0 1
    outer loop
      vertex -0.888 -5.44325 9
      vertex 0.0594177 -6.33574 9
      vertex 0.102753 -6.29338 9
    endloop
  endfacet
  facet normal -0 0 1
    outer loop
      vertex -0.91362 -5.47289 9
      vertex 0.056366 -6.33867 9
      vertex -0.888 -5.44325 9
    endloop
  endfacet
  facet normal 0 0 1
    outer loop
      vertex 0.733978 -5.50499 9
      vertex -0.491516 -4.76355 9
      vertex -0.520889 -4.82777 9
    endloop
  endfacet
  facet normal 0 0 1
    outer loop
      vertex 0.777588 -5.43694 9
      vertex -0.491516 -4.76355 9
      vertex 0.733978 -5.50499 9
    endloop
  endfacet
  facet normal 0 -0 1
    outer loop
      vertex -0.276138 -6.6201 9
      vertex -0.272034 -6.61707 9
      vertex -1.04597 -5.60153 9
    endloop
  endfacet
  facet normal 0 -0 1
    outer loop
      vertex -0.373657 -6.6888 9
      vertex -0.369263 -6.68584 9
      vertex -1.09892 -5.64345 9
    endloop
  endfacet
  facet normal -0 0 1
    outer loop
      vertex -1.17699 -5.69576 9
      vertex -0.517319 -6.77913 9
      vertex -1.1514 -5.67982 9
    endloop
  endfacet
  facet normal -0 0 1
    outer loop
      vertex -0.491516 -4.76355 9
      vertex 0.777588 -5.43694 9
      vertex -0.462311 -4.69753 9
    endloop
  endfacet
  facet normal 0 -0 1
    outer loop
      vertex 0.777588 -5.43694 9
      vertex 0.821045 -5.36726 9
      vertex -0.462311 -4.69753 9
    endloop
  endfacet
  facet normal 0 -0 1
    outer loop
      vertex 0.821045 -5.36726 9
      vertex 0.8629 -5.2984 9
      vertex -0.462311 -4.69753 9
    endloop
  endfacet
  facet normal 0 -0 1
    outer loop
      vertex 0.8629 -5.2984 9
      vertex 0.907532 -5.22304 9
      vertex -0.432724 -4.6284 9
    endloop
  endfacet
  facet normal 0 0 1
    outer loop
      vertex 0.907532 -5.22304 9
      vertex -0.40271 -4.55605 9
      vertex -0.432724 -4.6284 9
    endloop
  endfacet
  facet normal 0 0 1
    outer loop
      vertex 0.950577 -5.14848 9
      vertex -0.40271 -4.55605 9
      vertex 0.907532 -5.22304 9
    endloop
  endfacet
  facet normal 0 0 1
    outer loop
      vertex 0.992218 -5.07457 9
      vertex -0.37413 -4.48499 9
      vertex 0.950577 -5.14848 9
    endloop
  endfacet
  facet normal 0 0 1
    outer loop
      vertex -0.343964 -4.40768 9
      vertex -0.37413 -4.48499 9
      vertex 0.992218 -5.07457 9
    endloop
  endfacet
  facet normal 0 0 1
    outer loop
      vertex -0.343964 -4.40768 9
      vertex 0.992218 -5.07457 9
      vertex 1.03624 -4.99455 9
    endloop
  endfacet
  facet normal 0 0 1
    outer loop
      vertex -0.314484 -4.33 9
      vertex 1.03624 -4.99455 9
      vertex 1.07889 -4.91512 9
    endloop
  endfacet
  facet normal -0 0 1
    outer loop
      vertex -0.314484 -4.33 9
      vertex 1.07889 -4.91512 9
      vertex -0.285141 -4.2504 9
    endloop
  endfacet
  facet normal -0 0 1
    outer loop
      vertex -0.285141 -4.2504 9
      vertex 1.1214 -4.83408 9
      vertex -0.263397 -4.18768 9
    endloop
  endfacet
  facet normal -0 0 1
    outer loop
      vertex -0.263397 -4.18768 9
      vertex 1.16379 -4.75142 9
      vertex -0.240662 -4.12137 9
    endloop
  endfacet
  facet normal 0 -0 1
    outer loop
      vertex 1.16379 -4.75142 9
      vertex 1.20607 -4.66711 9
      vertex -0.240662 -4.12137 9
    endloop
  endfacet
  facet normal 0 -0 1
    outer loop
      vertex 1.20607 -4.66711 9
      vertex 1.24828 -4.58115 9
      vertex -0.217758 -4.05376 9
    endloop
  endfacet
  facet normal 0 0 1
    outer loop
      vertex 1.24828 -4.58115 9
      vertex -0.194733 -3.98511 9
      vertex -0.217758 -4.05376 9
    endloop
  endfacet
  facet normal 0 0 1
    outer loop
      vertex 1.29033 -4.49358 9
      vertex -0.194733 -3.98511 9
      vertex 1.24828 -4.58115 9
    endloop
  endfacet
  facet normal 0 0 1
    outer loop
      vertex -0.148224 -3.84409 9
      vertex -0.171555 -3.91519 9
      vertex 1.29033 -4.49358 9
    endloop
  endfacet
  facet normal 0 0 1
    outer loop
      vertex -0.148224 -3.84409 9
      vertex 1.29033 -4.49358 9
      vertex 1.33145 -4.40616 9
    endloop
  endfacet
  facet normal 0 0 1
    outer loop
      vertex -0.148224 -3.84409 9
      vertex 1.33145 -4.40616 9
      vertex 1.33331 -4.40208 9
    endloop
  endfacet
  facet normal 0 0 1
    outer loop
      vertex -0.124771 -3.7719 9
      vertex 1.33331 -4.40208 9
      vertex 1.37036 -4.31949 9
    endloop
  endfacet
  facet normal -0 0 1
    outer loop
      vertex -0.124771 -3.7719 9
      vertex 1.37036 -4.31949 9
      vertex -0.100952 -3.69777 9
    endloop
  endfacet
  facet normal -0 0 1
    outer loop
      vertex -0.100952 -3.69777 9
      vertex 1.4072 -4.23595 9
      vertex -0.0774231 -3.62386 9
    endloop
  endfacet
  facet normal 0 -0 1
    outer loop
      vertex 1.4072 -4.23595 9
      vertex 1.44376 -4.15152 9
      vertex -0.0774231 -3.62386 9
    endloop
  endfacet
  facet normal 0 -0 1
    outer loop
      vertex 1.44376 -4.15152 9
      vertex 1.48007 -4.06621 9
      vertex -0.0535278 -3.54802 9
    endloop
  endfacet
  facet normal 0 0 1
    outer loop
      vertex 1.48007 -4.06621 9
      vertex -0.0295105 -3.47113 9
      vertex -0.0535278 -3.54802 9
    endloop
  endfacet
  facet normal 0 0 1
    outer loop
      vertex 1.51614 -3.97997 9
      vertex -0.00535583 -3.39294 9
      vertex -0.0295105 -3.47113 9
    endloop
  endfacet
  facet normal 0 0 1
    outer loop
      vertex 1.55196 -3.89282 9
      vertex 0.0191345 -3.31303 9
      vertex -0.00535583 -3.39294 9
    endloop
  endfacet
  facet normal 0 0 1
    outer loop
      vertex 1.58754 -3.80473 9
      vertex 0.043396 -3.23315 9
      vertex 0.0191345 -3.31303 9
    endloop
  endfacet
  facet normal 0 0 1
    outer loop
      vertex 1.62285 -3.71579 9
      vertex 0.0679474 -3.15155 9
      vertex 0.043396 -3.23315 9
    endloop
  endfacet
  facet normal 0 0 1
    outer loop
      vertex 1.6579 -3.62596 9
      vertex 0.0926666 -3.0687 9
      vertex 0.0679474 -3.15155 9
    endloop
  endfacet
  facet normal 0 0 1
    outer loop
      vertex 1.69276 -3.53513 9
      vertex 0.117523 -2.9847 9
      vertex 0.0926666 -3.0687 9
    endloop
  endfacet
  facet normal 0 -0 1
    outer loop
      vertex 1.72731 -3.44348 9
      vertex 1.76164 -3.35091 9
      vertex 0.142517 -2.89951 9
    endloop
  endfacet
  facet normal 0 -0 1
    outer loop
      vertex 1.76164 -3.35091 9
      vertex 1.79573 -3.25739 9
      vertex 0.167648 -2.81319 9
    endloop
  endfacet
  facet normal 0 -0 1
    outer loop
      vertex 1.79573 -3.25739 9
      vertex 1.82956 -3.16298 9
      vertex 0.192902 -2.72571 9
    endloop
  endfacet
  facet normal 0 -0 1
    outer loop
      vertex 1.82956 -3.16298 9
      vertex 1.86314 -3.0677 9
      vertex 0.218307 -2.63698 9
    endloop
  endfacet
  facet normal 0 -0 1
    outer loop
      vertex 1.86314 -3.0677 9
      vertex 1.89653 -2.97142 9
      vertex 0.243835 -2.54715 9
    endloop
  endfacet
  facet normal -0 0 1
    outer loop
      vertex 0.269516 -2.45607 9
      vertex 1.9296 -2.87431 9
      vertex 0.295288 -2.36409 9
    endloop
  endfacet
  facet normal -0 0 1
    outer loop
      vertex 0.295288 -2.36409 9
      vertex 1.96246 -2.77629 9
      vertex 0.321075 -2.27158 9
    endloop
  endfacet
  facet normal -0 0 1
    outer loop
      vertex 0.321075 -2.27158 9
      vertex 1.9951 -2.67731 9
      vertex 0.346848 -2.17863 9
    endloop
  endfacet
  facet normal 0 -0 1
    outer loop
      vertex 2.02747 -2.57745 9
      vertex 2.05959 -2.47668 9
      vertex 0.398407 -1.99117 9
    endloop
  endfacet
  facet normal 0 0 1
    outer loop
      vertex 2.02747 -2.57745 9
      vertex 0.398407 -1.99117 9
      vertex 0.372711 -2.08482 9
    endloop
  endfacet
  facet normal 0 -0 1
    outer loop
      vertex 2.05959 -2.47668 9
      vertex 2.09148 -2.37502 9
      vertex 0.424194 -1.89667 9
    endloop
  endfacet
  facet normal 0 0 1
    outer loop
      vertex 2.09148 -2.37502 9
      vertex 0.449982 -1.80173 9
      vertex 0.424194 -1.89667 9
    endloop
  endfacet
  facet normal 0 0 1
    outer loop
      vertex 2.12305 -2.27269 9
      vertex 0.47583 -1.70593 9
      vertex 0.449982 -1.80173 9
    endloop
  endfacet
  facet normal 0 -0 1
    outer loop
      vertex 2.15433 -2.16998 9
      vertex 2.18538 -2.06711 9
      vertex 0.501541 -1.61023 9
    endloop
  endfacet
  facet normal 0 -0 1
    outer loop
      vertex 2.18538 -2.06711 9
      vertex 2.21619 -1.96402 9
      vertex 0.527328 -1.51381 9
    endloop
  endfacet
  facet normal 0 -0 1
    outer loop
      vertex 2.21619 -1.96402 9
      vertex 2.24677 -1.86072 9
      vertex 0.553116 -1.41684 9
    endloop
  endfacet
  facet normal -0 0 1
    outer loop
      vertex 0.578903 -1.31934 9
      vertex 2.2771 -1.75729 9
      vertex 0.604691 -1.22142 9
    endloop
  endfacet
  facet normal -0 0 1
    outer loop
      vertex 0.604691 -1.22142 9
      vertex 2.30722 -1.65359 9
      vertex 0.630478 -1.12294 9
    endloop
  endfacet
  facet normal -0 0 1
    outer loop
      vertex 0.630478 -1.12294 9
      vertex 2.33708 -1.54973 9
      vertex 0.656281 -1.02393 9
    endloop
  endfacet
  facet normal 0 0 1
    outer loop
      vertex 0.682068 -0.924515 9
      vertex 2.36673 -1.44563 9
      vertex 2.39612 -1.34142 9
    endloop
  endfacet
  facet normal 0 0 1
    outer loop
      vertex 0.707932 -0.824265 9
      vertex 2.39612 -1.34142 9
      vertex 2.42531 -1.23692 9
    endloop
  endfacet
  facet normal 0 0 1
    outer loop
      vertex 0.75946 -0.623093 9
      vertex 0.733658 -0.724091 9
      vertex 2.45422 -1.13231 9
    endloop
  endfacet
  facet normal 0 0 1
    outer loop
      vertex 0.785263 -0.521683 9
      vertex 0.75946 -0.623093 9
      vertex 2.48296 -1.02739 9
    endloop
  endfacet
  facet normal 0 0 1
    outer loop
      vertex 0.811111 -0.419449 9
      vertex 0.785263 -0.521683 9
      vertex 2.5114 -0.922379 9
    endloop
  endfacet
  facet normal 0 0 1
    outer loop
      vertex 2.56766 -0.711655 9
      vertex 0.836853 -0.31723 9
      vertex 2.53964 -0.817123 9
    endloop
  endfacet
  facet normal 0 0 1
    outer loop
      vertex 2.59541 -0.606018 9
      vertex 0.862656 -0.21431 9
      vertex 2.56766 -0.711655 9
    endloop
  endfacet
  facet normal 0 0 1
    outer loop
      vertex 2.62296 -0.500183 9
      vertex 0.913986 -0.00790405 9
      vertex 0.888382 -0.11113 9
    endloop
  endfacet
  facet normal 0 0 1
    outer loop
      vertex 2.65025 -0.39415 9
      vertex 0.913986 -0.00790405 9
      vertex 2.62296 -0.500183 9
    endloop
  endfacet
  facet normal 0 0 1
    outer loop
      vertex 0.990051 0.301941 9
      vertex 2.70415 -0.181503 9
      vertex 2.73076 -0.0748444 9
    endloop
  endfacet
  facet normal 0 0 1
    outer loop
      vertex 2.85977 0.457413 9
      vertex 1.114 0.817551 9
      vertex 2.83453 0.351715 9
    endloop
  endfacet
  facet normal 0 0 1
    outer loop
      vertex 2.95766 0.875214 9
      vertex 1.21083 1.2303 9
      vertex 2.93362 0.771484 9
    endloop
  endfacet
  facet normal -0 0 1
    outer loop
      vertex 1.32898 1.74649 9
      vertex 3.07335 1.3864 9
      vertex 1.35213 1.84937 9
    endloop
  endfacet
  facet normal -0 0 1
    outer loop
      vertex 1.42102 2.159 9
      vertex 3.16052 1.78648 9
      vertex 1.44373 2.26204 9
    endloop
  endfacet
  facet normal 0 -0 1
    outer loop
      vertex 3.28239 2.37186 9
      vertex 3.30164 2.46761 9
      vertex 1.55426 2.76772 9
    endloop
  endfacet
  facet normal 0 0 1
    outer loop
      vertex 1.6803 3.35379 9
      vertex 1.65979 3.25766 9
      vertex 3.39247 2.92892 9
    endloop
  endfacet
  facet normal 0 0 1
    outer loop
      vertex 1.77986 3.82477 9
      vertex 3.48955 3.44141 9
      vertex 3.50446 3.52246 9
    endloop
  endfacet
  facet normal 0 -0 1
    outer loop
      vertex 3.57355 3.90906 9
      vertex 3.58627 3.98259 9
      vertex 1.87444 4.28001 9
    endloop
  endfacet
  facet normal 0 0 1
    outer loop
      vertex 3.65504 4.39767 9
      vertex 1.94591 4.63005 9
      vertex 3.64452 4.33191 9
    endloop
  endfacet
  facet normal 0 0 1
    outer loop
      vertex 1.99608 4.87987 9
      vertex 3.6747 4.52321 9
      vertex 3.68382 4.58298 9
    endloop
  endfacet
  facet normal 0 0 1
    outer loop
      vertex 2.04327 5.11858 9
      vertex 2.02788 5.04025 9
      vertex 3.71582 4.80255 9
    endloop
  endfacet
  facet normal 0 0 1
    outer loop
      vertex -0.141052 5.60338 9
      vertex -0.643921 6.96867 9
      vertex -0.186691 5.59584 9
    endloop
  endfacet
  facet normal -0 0 1
    outer loop
      vertex -0.786316 6.88118 9
      vertex -0.278748 5.58031 9
      vertex -0.777649 6.88702 9
    endloop
  endfacet
  facet normal 0 0 1
    outer loop
      vertex -0.370636 5.56435 9
      vertex -0.910553 6.78923 9
      vertex -0.960495 6.74719 9
    endloop
  endfacet
  facet normal 0 -0 1
    outer loop
      vertex -0.463486 5.54774 9
      vertex -0.416962 5.55612 9
      vertex -1.02472 6.68802 9
    endloop
  endfacet
  facet normal 0 0 1
    outer loop
      vertex -1.52135 5.68159 9
      vertex -1.22169 5.39597 9
      vertex -1.17349 5.40643 9
    endloop
  endfacet
  facet normal -0 0 1
    outer loop
      vertex -1.50951 5.75223 9
      vertex -1.17349 5.40643 9
      vertex -1.50777 5.76147 9
    endloop
  endfacet
  facet normal -0 0 1
    outer loop
      vertex -1.50777 5.76147 9
      vertex -1.12546 5.41678 9
      vertex -1.49355 5.83031 9
    endloop
  endfacet
  facet normal 0 0 1
    outer loop
      vertex -1.49355 5.83031 9
      vertex -1.12546 5.41678 9
      vertex -1.07762 5.42697 9
    endloop
  endfacet
  facet normal -0 0 1
    outer loop
      vertex -1.49139 5.8398 9
      vertex -1.07762 5.42697 9
      vertex -1.47479 5.90686 9
    endloop
  endfacet
  facet normal 0 0 1
    outer loop
      vertex -1.22067 6.45891 9
      vertex -0.650421 5.51299 9
      vertex -0.60347 5.5219 9
    endloop
  endfacet
  facet normal 0 0 1
    outer loop
      vertex -1.47215 5.91664 9
      vertex -1.02927 5.43716 9
      vertex -0.982086 5.44699 9
    endloop
  endfacet
  facet normal 0 0 1
    outer loop
      vertex -1.45006 5.99181 9
      vertex -0.982086 5.44699 9
      vertex -0.934418 5.4568 9
    endloop
  endfacet
  facet normal 0 0 1
    outer loop
      vertex -1.33258 6.27545 9
      vertex -1.3378 6.2654 9
      vertex -0.744537 5.49481 9
    endloop
  endfacet
  facet normal -0 0 1
    outer loop
      vertex -1.39716 6.13719 9
      vertex -0.839569 5.47603 9
      vertex -1.37102 6.19711 9
    endloop
  endfacet
  facet normal 0 0 1
    outer loop
      vertex -0.792297 5.48543 9
      vertex -1.37102 6.19711 9
      vertex -0.839569 5.47603 9
    endloop
  endfacet
  facet normal -0 0 1
    outer loop
      vertex -1.37102 6.19711 9
      vertex -0.792297 5.48543 9
      vertex -1.36632 6.20728 9
    endloop
  endfacet
  facet normal 0 0 1
    outer loop
      vertex -0.886368 5.46661 9
      vertex -1.40134 6.12703 9
      vertex -1.42508 6.06534 9
    endloop
  endfacet
  facet normal -0 0 1
    outer loop
      vertex -1.33258 6.27545 9
      vertex -0.744537 5.49481 9
      vertex -1.3017 6.33179 9
    endloop
  endfacet
  facet normal 0 0 1
    outer loop
      vertex -1.4287 6.05528 9
      vertex -1.45006 5.99181 9
      vertex -0.934418 5.4568 9
    endloop
  endfacet
  facet normal 0 0 1
    outer loop
      vertex -1.47479 5.90686 9
      vertex -1.07762 5.42697 9
      vertex -1.02927 5.43716 9
    endloop
  endfacet
  facet normal 0 0 1
    outer loop
      vertex -1.49139 5.8398 9
      vertex -1.49355 5.83031 9
      vertex -1.07762 5.42697 9
    endloop
  endfacet
  facet normal -0 0 1
    outer loop
      vertex -1.16862 6.52864 9
      vertex -0.55722 5.53053 9
      vertex -1.12819 6.57784 9
    endloop
  endfacet
  facet normal -0 0 1
    outer loop
      vertex -1.12819 6.57784 9
      vertex -0.509964 5.53928 9
      vertex -1.12059 6.58664 9
    endloop
  endfacet
  facet normal 0 0 1
    outer loop
      vertex -1.02472 6.68802 9
      vertex -1.0699 6.6424 9
      vertex -0.463486 5.54774 9
    endloop
  endfacet
  facet normal -0 0 1
    outer loop
      vertex -1.01645 6.69598 9
      vertex -0.416962 5.55612 9
      vertex -0.968872 6.73981 9
    endloop
  endfacet
  facet normal 0 0 1
    outer loop
      vertex -0.278748 5.58031 9
      vertex -0.841019 6.84271 9
      vertex -0.324356 5.57243 9
    endloop
  endfacet
  facet normal 0 -0 1
    outer loop
      vertex -0.278748 5.58031 9
      vertex -0.232712 5.58813 9
      vertex -0.777649 6.88702 9
    endloop
  endfacet
  facet normal 0 0 1
    outer loop
      vertex -0.141052 5.60338 9
      vertex -0.582062 7.00179 9
      vertex -0.643921 6.96867 9
    endloop
  endfacet
  facet normal 0 0 1
    outer loop
      vertex -0.509369 7.03741 9
      vertex -0.0944519 5.61092 9
      vertex -0.0494385 5.61797 9
    endloop
  endfacet
  facet normal -0 0 1
    outer loop
      vertex -0.509369 7.03741 9
      vertex -0.0494385 5.61797 9
      vertex -0.501511 7.04108 9
    endloop
  endfacet
  facet normal -0 0 1
    outer loop
      vertex -0.501511 7.04108 9
      vertex -0.0494385 5.61797 9
      vertex -0.434601 7.07086 9
    endloop
  endfacet
  facet normal 0 0 1
    outer loop
      vertex -1.90898 -2.30284 9
      vertex -2.61403 -1.28519 9
      vertex -2.6357 -1.28484 9
    endloop
  endfacet
  facet normal -0 0 1
    outer loop
      vertex -0.434601 7.07086 9
      vertex -0.00273132 5.62506 9
      vertex -0.427261 7.07399 9
    endloop
  endfacet
  facet normal -0 0 1
    outer loop
      vertex 2.05833 5.19566 9
      vertex 3.735 4.94681 9
      vertex 2.07307 5.27158 9
    endloop
  endfacet
  facet normal 0 0 1
    outer loop
      vertex 0.0437012 5.6319 9
      vertex -0.350525 7.10513 9
      vertex -0.357452 7.10243 9
    endloop
  endfacet
  facet normal 0 -0 1
    outer loop
      vertex 3.74048 4.99104 9
      vertex 3.7455 5.0334 9
      vertex 2.07307 5.27158 9
    endloop
  endfacet
  facet normal 0 0 1
    outer loop
      vertex -0.271133 7.13466 9
      vertex -0.277817 7.13226 9
      vertex 0.0902405 5.63852 9
    endloop
  endfacet
  facet normal -0 0 1
    outer loop
      vertex -0.271133 7.13466 9
      vertex 0.13884 5.64523 9
      vertex -0.195496 7.16046 9
    endloop
  endfacet
  facet normal 0 0 1
    outer loop
      vertex 0.185623 5.65147 9
      vertex -0.110657 7.187 9
      vertex -0.189194 7.16251 9
    endloop
  endfacet
  facet normal 0 0 1
    outer loop
      vertex -0.10463 7.1888 9
      vertex -0.110657 7.187 9
      vertex 0.233871 5.6577 9
    endloop
  endfacet
  facet normal 0 0 1
    outer loop
      vertex -0.0231934 7.21196 9
      vertex 0.233871 5.6577 9
      vertex 0.283661 5.66391 9
    endloop
  endfacet
  facet normal 0 -0 1
    outer loop
      vertex 0.283661 5.66391 9
      vertex 0.331802 5.66969 9
      vertex -0.0174408 7.21352 9
    endloop
  endfacet
  facet normal 0 0 1
    outer loop
      vertex 0.331802 5.66969 9
      vertex 0.066925 7.23535 9
      vertex -0.0174408 7.21352 9
    endloop
  endfacet
  facet normal 0 0 1
    outer loop
      vertex 0.352997 7.2964 9
      vertex 0.533478 5.69188 9
      vertex 0.58374 5.69688 9
    endloop
  endfacet
  facet normal 0 0 1
    outer loop
      vertex 0.77179 7.35733 9
      vertex 0.667053 7.34476 9
      vertex 0.90036 5.72427 9
    endloop
  endfacet
  facet normal 0 0 1
    outer loop
      vertex 1.0009 7.37958 9
      vertex 0.886871 7.36935 9
      vertex 1.06349 5.73575 9
    endloop
  endfacet
  facet normal 0 0 1
    outer loop
      vertex 1.47261 5.75906 9
      vertex 1.35649 7.40182 9
      vertex 1.41158 5.75603 9
    endloop
  endfacet
  facet normal 0 -0 1
    outer loop
      vertex 1.85297 5.77521 9
      vertex 1.87392 7.41272 9
      vertex 1.7404 7.41202 9
    endloop
  endfacet
  facet normal 0 0 1
    outer loop
      vertex 3.21227 7.35902 9
      vertex 3.69901 5.8004 9
      vertex 3.28114 7.35352 9
    endloop
  endfacet
  facet normal 0 0 1
    outer loop
      vertex 3.69901 5.8004 9
      vertex 3.14352 7.36426 9
      vertex 3.075 7.36923 9
    endloop
  endfacet
  facet normal 0 0 1
    outer loop
      vertex 2.73537 7.39003 9
      vertex 2.17004 5.78537 9
      vertex 2.80289 7.3864 9
    endloop
  endfacet
  facet normal 0 0 1
    outer loop
      vertex 2.17004 5.78537 9
      vertex 2.4005 7.40411 9
      vertex 2.33411 7.40613 9
    endloop
  endfacet
  facet normal 0 -0 1
    outer loop
      vertex 1.29233 5.74965 9
      vertex 1.35207 5.75291 9
      vertex 1.2372 7.39587 9
    endloop
  endfacet
  facet normal 0 -0 1
    outer loop
      vertex 3.76921 5.30899 9
      vertex 3.76991 5.3318 9
      vertex 2.11526 5.49178 9
    endloop
  endfacet
  facet normal 0 0 1
    outer loop
      vertex 3.70287 5.78795 9
      vertex 3.70158 5.79219 9
      vertex 3.69901 5.8004 9
    endloop
  endfacet
  facet normal 0 -0 1
    outer loop
      vertex 3.77002 5.33675 9
      vertex 3.77025 5.35754 9
      vertex 2.11526 5.49178 9
    endloop
  endfacet
  facet normal 0 0 1
    outer loop
      vertex 2.14172 5.63237 9
      vertex 3.72255 5.71667 9
      vertex 2.15446 5.70088 9
    endloop
  endfacet
  facet normal 0 0 1
    outer loop
      vertex 3.77026 5.36223 9
      vertex 2.11526 5.49178 9
      vertex 3.77025 5.35754 9
    endloop
  endfacet
  facet normal 0 0 1
    outer loop
      vertex 3.73544 5.66237 9
      vertex 3.73134 5.68051 9
      vertex 2.14172 5.63237 9
    endloop
  endfacet
  facet normal 0 0 1
    outer loop
      vertex 3.74294 5.62646 9
      vertex 2.14172 5.63237 9
      vertex 3.7469 5.60571 9
    endloop
  endfacet
  facet normal 0 0 1
    outer loop
      vertex 3.7469 5.60571 9
      vertex 2.14172 5.63237 9
      vertex 3.74959 5.59068 9
    endloop
  endfacet
  facet normal 0 0 1
    outer loop
      vertex 3.74959 5.59068 9
      vertex 2.14172 5.63237 9
      vertex 2.12866 5.56265 9
    endloop
  endfacet
  facet normal 0 0 1
    outer loop
      vertex 3.75786 5.53731 9
      vertex 3.75536 5.55482 9
      vertex 2.12866 5.56265 9
    endloop
  endfacet
  facet normal 0 0 1
    outer loop
      vertex 3.76225 5.50169 9
      vertex 2.12866 5.56265 9
      vertex 3.76407 5.48434 9
    endloop
  endfacet
  facet normal 0 0 1
    outer loop
      vertex 3.76407 5.48434 9
      vertex 2.12866 5.56265 9
      vertex 3.76598 5.46321 9
    endloop
  endfacet
  facet normal 0 0 1
    outer loop
      vertex 3.76817 5.43175 9
      vertex 2.12866 5.56265 9
      vertex 3.76906 5.41402 9
    endloop
  endfacet
  facet normal 0 0 1
    outer loop
      vertex 3.76906 5.41402 9
      vertex 2.12866 5.56265 9
      vertex 3.7697 5.39691 9
    endloop
  endfacet
  facet normal 0 0 1
    outer loop
      vertex 3.76706 5.44897 9
      vertex 2.12866 5.56265 9
      vertex 3.76817 5.43175 9
    endloop
  endfacet
  facet normal 0 0 1
    outer loop
      vertex 3.76981 5.39311 9
      vertex 2.11526 5.49178 9
      vertex 3.77016 5.37596 9
    endloop
  endfacet
  facet normal 0 0 1
    outer loop
      vertex 2.12866 5.56265 9
      vertex 3.76706 5.44897 9
      vertex 3.76598 5.46321 9
    endloop
  endfacet
  facet normal 0 0 1
    outer loop
      vertex 3.76016 5.51962 9
      vertex 2.12866 5.56265 9
      vertex 3.76225 5.50169 9
    endloop
  endfacet
  facet normal 0 0 1
    outer loop
      vertex 2.12866 5.56265 9
      vertex 2.11526 5.49178 9
      vertex 3.7697 5.39691 9
    endloop
  endfacet
  facet normal 0 0 1
    outer loop
      vertex 3.75786 5.53731 9
      vertex 2.12866 5.56265 9
      vertex 3.76016 5.51962 9
    endloop
  endfacet
  facet normal 0 0 1
    outer loop
      vertex 3.75258 5.57283 9
      vertex 2.12866 5.56265 9
      vertex 3.75536 5.55482 9
    endloop
  endfacet
  facet normal 0 0 1
    outer loop
      vertex 3.74959 5.59068 9
      vertex 2.12866 5.56265 9
      vertex 3.75258 5.57283 9
    endloop
  endfacet
  facet normal 0 0 1
    outer loop
      vertex 3.76981 5.39311 9
      vertex 3.7697 5.39691 9
      vertex 2.11526 5.49178 9
    endloop
  endfacet
  facet normal 0 0 1
    outer loop
      vertex 3.77026 5.36223 9
      vertex 3.77016 5.37596 9
      vertex 2.11526 5.49178 9
    endloop
  endfacet
  facet normal 0 0 1
    outer loop
      vertex 3.73933 5.64421 9
      vertex 2.14172 5.63237 9
      vertex 3.74294 5.62646 9
    endloop
  endfacet
  facet normal 0 0 1
    outer loop
      vertex 3.73544 5.66237 9
      vertex 2.14172 5.63237 9
      vertex 3.73933 5.64421 9
    endloop
  endfacet
  facet normal 0 0 1
    outer loop
      vertex 3.73134 5.68051 9
      vertex 3.72705 5.69856 9
      vertex 2.14172 5.63237 9
    endloop
  endfacet
  facet normal 0 0 1
    outer loop
      vertex 3.72705 5.69856 9
      vertex 3.72255 5.71667 9
      vertex 2.14172 5.63237 9
    endloop
  endfacet
  facet normal 0 0 1
    outer loop
      vertex 3.72255 5.71667 9
      vertex 3.71782 5.73491 9
      vertex 2.15446 5.70088 9
    endloop
  endfacet
  facet normal 0 0 1
    outer loop
      vertex 3.71782 5.73491 9
      vertex 3.71289 5.75311 9
      vertex 2.15446 5.70088 9
    endloop
  endfacet
  facet normal 0 0 1
    outer loop
      vertex 3.71289 5.75311 9
      vertex 3.70842 5.76904 9
      vertex 2.15446 5.70088 9
    endloop
  endfacet
  facet normal 0 0 1
    outer loop
      vertex 3.70842 5.76904 9
      vertex 3.70287 5.78795 9
      vertex 2.15446 5.70088 9
    endloop
  endfacet
  facet normal 0 0 1
    outer loop
      vertex 2.16687 5.76804 9
      vertex 3.69901 5.8004 9
      vertex 2.17004 5.78537 9
    endloop
  endfacet
  facet normal -0 0 1
    outer loop
      vertex 2.16687 5.76804 9
      vertex 2.15446 5.70088 9
      vertex 3.69901 5.8004 9
    endloop
  endfacet
  facet normal 0 0 1
    outer loop
      vertex 2.15446 5.70088 9
      vertex 3.70287 5.78795 9
      vertex 3.69901 5.8004 9
    endloop
  endfacet
  facet normal 0 -0 1
    outer loop
      vertex 3.76991 5.3318 9
      vertex 3.77002 5.33675 9
      vertex 2.11526 5.49178 9
    endloop
  endfacet
  facet normal 0 0 1
    outer loop
      vertex 3.76921 5.30899 9
      vertex 2.11526 5.49178 9
      vertex 3.76906 5.30502 9
    endloop
  endfacet
  facet normal 0 0 1
    outer loop
      vertex 2.11526 5.49178 9
      vertex 3.7679 5.28018 9
      vertex 3.76906 5.30502 9
    endloop
  endfacet
  facet normal 0 -0 1
    outer loop
      vertex 3.7661 5.24995 9
      vertex 3.7679 5.28018 9
      vertex 2.11526 5.49178 9
    endloop
  endfacet
  facet normal 0 0 1
    outer loop
      vertex 1.7404 7.41202 9
      vertex 1.60965 7.40997 9
      vertex 1.72316 5.77023 9
    endloop
  endfacet
  facet normal 0 0 1
    outer loop
      vertex 2.12198 5.78401 9
      vertex 2.0704 7.41151 9
      vertex 2.05312 5.78194 9
    endloop
  endfacet
  facet normal 0 0 1
    outer loop
      vertex 2.17004 5.78537 9
      vertex 2.60089 7.39645 9
      vertex 2.53387 7.39929 9
    endloop
  endfacet
  facet normal 0 0 1
    outer loop
      vertex 2.93858 7.37834 9
      vertex 2.17004 5.78537 9
      vertex 3.00674 7.3739 9
    endloop
  endfacet
  facet normal 0 0 1
    outer loop
      vertex 3.69901 5.8004 9
      vertex 3.075 7.36923 9
      vertex 3.00674 7.3739 9
    endloop
  endfacet
  facet normal 0 0 1
    outer loop
      vertex 3.21227 7.35902 9
      vertex 3.14352 7.36426 9
      vertex 3.69901 5.8004 9
    endloop
  endfacet
  facet normal 0 0 1
    outer loop
      vertex 2.13608 7.41057 9
      vertex 2.17004 5.78537 9
      vertex 2.20187 7.40936 9
    endloop
  endfacet
  facet normal 0 0 1
    outer loop
      vertex 1.93976 7.41258 9
      vertex 1.9191 5.77756 9
      vertex 1.9855 5.77979 9
    endloop
  endfacet
  facet normal 0 0 1
    outer loop
      vertex 3.3502 7.34775 9
      vertex 3.28114 7.35352 9
      vertex 3.69901 5.8004 9
    endloop
  endfacet
  facet normal 0 0 1
    outer loop
      vertex 3.3502 7.34775 9
      vertex 3.69901 5.8004 9
      vertex 3.41953 7.34171 9
    endloop
  endfacet
  facet normal -0 0 1
    outer loop
      vertex 1.48169 7.40657 9
      vertex 1.59581 5.76482 9
      vertex 1.60965 7.40997 9
    endloop
  endfacet
  facet normal 0 0 1
    outer loop
      vertex 3.48831 7.33556 9
      vertex 3.41953 7.34171 9
      vertex 3.69901 5.8004 9
    endloop
  endfacet
  facet normal 0 -0 1
    outer loop
      vertex 1.17696 5.74292 9
      vertex 1.23457 5.74635 9
      vertex 1.11766 7.38841 9
    endloop
  endfacet
  facet normal 0 0 1
    outer loop
      vertex 1.00871 5.73206 9
      vertex 0.88327 7.369 9
      vertex 0.953568 5.7282 9
    endloop
  endfacet
  facet normal 0 0 1
    outer loop
      vertex 3.55656 7.32933 9
      vertex 3.48831 7.33556 9
      vertex 3.69901 5.8004 9
    endloop
  endfacet
  facet normal 0 0 1
    outer loop
      vertex 0.846771 5.72014 9
      vertex 0.663071 7.34425 9
      vertex 0.792923 5.71577 9
    endloop
  endfacet
  facet normal -0 0 1
    outer loop
      vertex 0.458084 7.31451 9
      vertex 0.688309 5.70673 9
      vertex 0.556992 7.32974 9
    endloop
  endfacet
  facet normal 0 0 1
    outer loop
      vertex 3.62439 7.32304 9
      vertex 3.55656 7.32933 9
      vertex 3.69901 5.8004 9
    endloop
  endfacet
  facet normal 0 0 1
    outer loop
      vertex 0.43132 5.68105 9
      vertex 0.164841 7.25838 9
      vertex 0.159653 7.25722 9
    endloop
  endfacet
  facet normal 0 0 1
    outer loop
      vertex 2.10153 5.41959 9
      vertex 3.76381 5.21806 9
      vertex 3.7661 5.24995 9
    endloop
  endfacet
  facet normal 0 0 1
    outer loop
      vertex 0.159653 7.25722 9
      vertex 0.0723724 7.23671 9
      vertex 0.382385 5.67557 9
    endloop
  endfacet
  facet normal 0 0 1
    outer loop
      vertex 3.93974 5.8065 9
      vertex 4.02214 7.28394 9
      vertex 3.95697 7.2906 9
    endloop
  endfacet
  facet normal 0 0 1
    outer loop
      vertex 5.85754 6.31641 9
      vertex 5.64676 7.07545 9
      vertex 5.60435 7.08218 9
    endloop
  endfacet
  facet normal 0 -0 1
    outer loop
      vertex 5.69299 6.17593 9
      vertex 5.70036 6.18137 9
      vertex 5.47014 7.10281 9
    endloop
  endfacet
  facet normal 0 -0 1
    outer loop
      vertex 5.65831 6.15138 9
      vertex 5.69299 6.17593 9
      vertex 5.47014 7.10281 9
    endloop
  endfacet
  facet normal 0 0 1
    outer loop
      vertex 5.76743 7.05556 9
      vertex 5.72838 7.06212 9
      vertex 5.99159 6.46797 9
    endloop
  endfacet
  facet normal 0 0 1
    outer loop
      vertex 5.60742 6.11812 9
      vertex 5.37517 7.11682 9
      vertex 5.57108 6.09621 9
    endloop
  endfacet
  facet normal 0 0 1
    outer loop
      vertex 5.91284 7.0298 9
      vertex 5.8781 7.03618 9
      vertex 6.08472 6.60048 9
    endloop
  endfacet
  facet normal 0 0 1
    outer loop
      vertex 6.09032 6.94022 9
      vertex 5.94649 7.02348 9
      vertex 6.11348 6.64723 9
    endloop
  endfacet
  facet normal 0 -0 1
    outer loop
      vertex 5.32802 5.98381 9
      vertex 5.33621 5.98676 9
      vertex 5.22398 7.13837 9
    endloop
  endfacet
  facet normal 0 0 1
    outer loop
      vertex 5.22815 5.95227 9
      vertex 5.11757 7.15302 9
      vertex 5.1852 5.94095 9
    endloop
  endfacet
  facet normal 0 0 1
    outer loop
      vertex 5.11757 7.15302 9
      vertex 5.1373 5.92929 9
      vertex 5.18033 5.93971 9
    endloop
  endfacet
  facet normal 0 0 1
    outer loop
      vertex 5.06268 7.16043 9
      vertex 5.09343 5.91896 9
      vertex 5.1373 5.92929 9
    endloop
  endfacet
  facet normal 0 0 1
    outer loop
      vertex 4.94943 7.17548 9
      vertex 5.05005 5.90907 9
      vertex 5.00653 7.16794 9
    endloop
  endfacet
  facet normal 0 0 1
    outer loop
      vertex 5.00653 7.16794 9
      vertex 5.09343 5.91896 9
      vertex 5.06268 7.16043 9
    endloop
  endfacet
  facet normal 0 0 1
    outer loop
      vertex 5.06268 7.16043 9
      vertex 5.1373 5.92929 9
      vertex 5.11757 7.15302 9
    endloop
  endfacet
  facet normal 0 0 1
    outer loop
      vertex 5.11757 7.15302 9
      vertex 5.18033 5.93971 9
      vertex 5.1852 5.94095 9
    endloop
  endfacet
  facet normal 0 0 1
    outer loop
      vertex 5.17139 7.14566 9
      vertex 5.11757 7.15302 9
      vertex 5.22815 5.95227 9
    endloop
  endfacet
  facet normal 0 0 1
    outer loop
      vertex 5.47986 6.04747 9
      vertex 5.32591 7.12395 9
      vertex 5.47166 6.0435 9
    endloop
  endfacet
  facet normal 0 0 1
    outer loop
      vertex 5.51785 6.06673 9
      vertex 5.32591 7.12395 9
      vertex 5.47986 6.04747 9
    endloop
  endfacet
  facet normal 0 0 1
    outer loop
      vertex 6.05913 6.56137 9
      vertex 5.8781 7.03618 9
      vertex 5.84238 7.04257 9
    endloop
  endfacet
  facet normal 0 0 1
    outer loop
      vertex 5.99655 6.47438 9
      vertex 5.80545 7.04904 9
      vertex 5.76743 7.05556 9
    endloop
  endfacet
  facet normal 0 0 1
    outer loop
      vertex 5.68814 7.06877 9
      vertex 5.92375 6.38631 9
      vertex 5.92935 6.39264 9
    endloop
  endfacet
  facet normal 0 0 1
    outer loop
      vertex 5.47014 7.10281 9
      vertex 5.73422 6.20724 9
      vertex 5.51608 7.09587 9
    endloop
  endfacet
  facet normal 0 0 1
    outer loop
      vertex 5.51608 7.09587 9
      vertex 5.74129 6.21284 9
      vertex 5.77432 6.24004 9
    endloop
  endfacet
  facet normal 0 0 1
    outer loop
      vertex 5.85135 6.3103 9
      vertex 5.60435 7.08218 9
      vertex 5.81998 6.28046 9
    endloop
  endfacet
  facet normal 0 0 1
    outer loop
      vertex 5.51608 7.09587 9
      vertex 5.78117 6.24588 9
      vertex 5.56075 7.089 9
    endloop
  endfacet
  facet normal 0 -0 1
    outer loop
      vertex 5.78117 6.24588 9
      vertex 5.81339 6.2744 9
      vertex 5.56075 7.089 9
    endloop
  endfacet
  facet normal 0 0 1
    outer loop
      vertex 5.64676 7.07545 9
      vertex 5.88809 6.34756 9
      vertex 5.89403 6.35382 9
    endloop
  endfacet
  facet normal 0 -0 1
    outer loop
      vertex 5.77432 6.24004 9
      vertex 5.78117 6.24588 9
      vertex 5.51608 7.09587 9
    endloop
  endfacet
  facet normal 0 0 1
    outer loop
      vertex 5.65831 6.15138 9
      vertex 5.42322 7.10979 9
      vertex 5.65067 6.14619 9
    endloop
  endfacet
  facet normal 0 0 1
    outer loop
      vertex 5.65067 6.14619 9
      vertex 5.42322 7.10979 9
      vertex 5.61514 6.12297 9
    endloop
  endfacet
  facet normal 0 0 1
    outer loop
      vertex 5.64676 7.07545 9
      vertex 5.85754 6.31641 9
      vertex 5.88809 6.34756 9
    endloop
  endfacet
  facet normal 0 0 1
    outer loop
      vertex 5.56075 7.089 9
      vertex 5.81998 6.28046 9
      vertex 5.60435 7.08218 9
    endloop
  endfacet
  facet normal 0 -0 1
    outer loop
      vertex 5.81339 6.2744 9
      vertex 5.81998 6.28046 9
      vertex 5.56075 7.089 9
    endloop
  endfacet
  facet normal 0 0 1
    outer loop
      vertex 5.60435 7.08218 9
      vertex 5.85135 6.3103 9
      vertex 5.85754 6.31641 9
    endloop
  endfacet
  facet normal 0 -0 1
    outer loop
      vertex 5.73422 6.20724 9
      vertex 5.74129 6.21284 9
      vertex 5.51608 7.09587 9
    endloop
  endfacet
  facet normal 0 0 1
    outer loop
      vertex 5.68814 7.06877 9
      vertex 5.64676 7.07545 9
      vertex 5.92375 6.38631 9
    endloop
  endfacet
  facet normal 0 0 1
    outer loop
      vertex 5.64676 7.07545 9
      vertex 5.89403 6.35382 9
      vertex 5.92375 6.38631 9
    endloop
  endfacet
  facet normal 0 0 1
    outer loop
      vertex 5.47014 7.10281 9
      vertex 5.70036 6.18137 9
      vertex 5.73422 6.20724 9
    endloop
  endfacet
  facet normal 0 0 1
    outer loop
      vertex 5.68814 7.06877 9
      vertex 5.95825 6.42645 9
      vertex 5.72838 7.06212 9
    endloop
  endfacet
  facet normal 0 -0 1
    outer loop
      vertex 5.92935 6.39264 9
      vertex 5.95825 6.42645 9
      vertex 5.68814 7.06877 9
    endloop
  endfacet
  facet normal 0 0 1
    outer loop
      vertex 5.96352 6.43283 9
      vertex 5.72838 7.06212 9
      vertex 5.95825 6.42645 9
    endloop
  endfacet
  facet normal 0 0 1
    outer loop
      vertex 5.99159 6.46797 9
      vertex 5.72838 7.06212 9
      vertex 5.96352 6.43283 9
    endloop
  endfacet
  facet normal 0 0 1
    outer loop
      vertex 5.47014 7.10281 9
      vertex 5.42322 7.10979 9
      vertex 5.65831 6.15138 9
    endloop
  endfacet
  facet normal 0 0 1
    outer loop
      vertex 5.61514 6.12297 9
      vertex 5.42322 7.10979 9
      vertex 5.60742 6.11812 9
    endloop
  endfacet
  facet normal 0 -0 1
    outer loop
      vertex 5.99159 6.46797 9
      vertex 5.99655 6.47438 9
      vertex 5.76743 7.05556 9
    endloop
  endfacet
  facet normal 0 0 1
    outer loop
      vertex 5.60742 6.11812 9
      vertex 5.42322 7.10979 9
      vertex 5.37517 7.11682 9
    endloop
  endfacet
  facet normal 0 0 1
    outer loop
      vertex 6.02379 6.51083 9
      vertex 5.80545 7.04904 9
      vertex 5.99655 6.47438 9
    endloop
  endfacet
  facet normal 0 0 1
    outer loop
      vertex 6.02841 6.51723 9
      vertex 5.80545 7.04904 9
      vertex 6.02379 6.51083 9
    endloop
  endfacet
  facet normal 0 0 1
    outer loop
      vertex 5.84238 7.04257 9
      vertex 5.80545 7.04904 9
      vertex 6.02841 6.51723 9
    endloop
  endfacet
  facet normal 0 0 1
    outer loop
      vertex 5.84238 7.04257 9
      vertex 6.02841 6.51723 9
      vertex 6.05482 6.55501 9
    endloop
  endfacet
  facet normal 0 0 1
    outer loop
      vertex 5.84238 7.04257 9
      vertex 6.05482 6.55501 9
      vertex 6.05913 6.56137 9
    endloop
  endfacet
  facet normal 0 -0 1
    outer loop
      vertex 5.56311 6.0916 9
      vertex 5.57108 6.09621 9
      vertex 5.37517 7.11682 9
    endloop
  endfacet
  facet normal 0 -0 1
    outer loop
      vertex 6.05913 6.56137 9
      vertex 6.08472 6.60048 9
      vertex 5.8781 7.03618 9
    endloop
  endfacet
  facet normal 0 -0 1
    outer loop
      vertex 5.52594 6.07101 9
      vertex 5.56311 6.0916 9
      vertex 5.37517 7.11682 9
    endloop
  endfacet
  facet normal 0 0 1
    outer loop
      vertex 6.08873 6.60681 9
      vertex 5.91284 7.0298 9
      vertex 6.08472 6.60048 9
    endloop
  endfacet
  facet normal 0 0 1
    outer loop
      vertex 6.11348 6.64723 9
      vertex 5.91284 7.0298 9
      vertex 6.08873 6.60681 9
    endloop
  endfacet
  facet normal 0 0 1
    outer loop
      vertex 5.94649 7.02348 9
      vertex 5.91284 7.0298 9
      vertex 6.11348 6.64723 9
    endloop
  endfacet
  facet normal 0 0 1
    outer loop
      vertex 5.32591 7.12395 9
      vertex 5.52594 6.07101 9
      vertex 5.37517 7.11682 9
    endloop
  endfacet
  facet normal 0 -0 1
    outer loop
      vertex 5.51785 6.06673 9
      vertex 5.52594 6.07101 9
      vertex 5.32591 7.12395 9
    endloop
  endfacet
  facet normal 0 0 1
    outer loop
      vertex 5.47166 6.0435 9
      vertex 5.32591 7.12395 9
      vertex 5.27551 7.13113 9
    endloop
  endfacet
  facet normal 0 0 1
    outer loop
      vertex 5.47166 6.0435 9
      vertex 5.27551 7.13113 9
      vertex 5.43285 6.02557 9
    endloop
  endfacet
  facet normal 0 0 1
    outer loop
      vertex 5.27551 7.13113 9
      vertex 5.42464 6.02196 9
      vertex 5.43285 6.02557 9
    endloop
  endfacet
  facet normal 0 -0 1
    outer loop
      vertex 5.38498 6.00534 9
      vertex 5.42464 6.02196 9
      vertex 5.27551 7.13113 9
    endloop
  endfacet
  facet normal 0 0 1
    outer loop
      vertex 5.38498 6.00534 9
      vertex 5.27551 7.13113 9
      vertex 5.22398 7.13837 9
    endloop
  endfacet
  facet normal 0 0 1
    outer loop
      vertex 5.38498 6.00534 9
      vertex 5.22398 7.13837 9
      vertex 5.37669 6.00204 9
    endloop
  endfacet
  facet normal 0 0 1
    outer loop
      vertex 5.22398 7.13837 9
      vertex 5.33621 5.98676 9
      vertex 5.37669 6.00204 9
    endloop
  endfacet
  facet normal 0 0 1
    outer loop
      vertex 5.17139 7.14566 9
      vertex 5.32802 5.98381 9
      vertex 5.22398 7.13837 9
    endloop
  endfacet
  facet normal 0 -0 1
    outer loop
      vertex 5.28671 5.96983 9
      vertex 5.32802 5.98381 9
      vertex 5.17139 7.14566 9
    endloop
  endfacet
  facet normal 0 0 1
    outer loop
      vertex 5.28671 5.96983 9
      vertex 5.17139 7.14566 9
      vertex 5.27837 5.96718 9
    endloop
  endfacet
  facet normal 0 0 1
    outer loop
      vertex 5.17139 7.14566 9
      vertex 5.23622 5.95454 9
      vertex 5.27837 5.96718 9
    endloop
  endfacet
  facet normal 0 -0 1
    outer loop
      vertex 5.22815 5.95227 9
      vertex 5.23622 5.95454 9
      vertex 5.17139 7.14566 9
    endloop
  endfacet
  facet normal 0 0 1
    outer loop
      vertex 5.09343 5.91896 9
      vertex 5.00653 7.16794 9
      vertex 5.05005 5.90907 9
    endloop
  endfacet
  facet normal 0 0 1
    outer loop
      vertex 5.05005 5.90907 9
      vertex 4.94943 7.17548 9
      vertex 5.00737 5.89966 9
    endloop
  endfacet
  facet normal 0 0 1
    outer loop
      vertex 4.94943 7.17548 9
      vertex 4.96541 5.89072 9
      vertex 5.00737 5.89966 9
    endloop
  endfacet
  facet normal 0 0 1
    outer loop
      vertex 4.89093 7.18312 9
      vertex 4.96541 5.89072 9
      vertex 4.94943 7.17548 9
    endloop
  endfacet
  facet normal 0 -0 1
    outer loop
      vertex 4.92397 5.88222 9
      vertex 4.96541 5.89072 9
      vertex 4.89093 7.18312 9
    endloop
  endfacet
  facet normal 0 0 1
    outer loop
      vertex 4.92397 5.88222 9
      vertex 4.89093 7.18312 9
      vertex 4.83171 7.19073 9
    endloop
  endfacet
  facet normal 0 0 1
    outer loop
      vertex 4.92397 5.88222 9
      vertex 4.83171 7.19073 9
      vertex 4.88319 5.87418 9
    endloop
  endfacet
  facet normal 0 0 1
    outer loop
      vertex 4.83171 7.19073 9
      vertex 4.84294 5.86661 9
      vertex 4.88319 5.87418 9
    endloop
  endfacet
  facet normal 0 0 1
    outer loop
      vertex 4.77194 7.19833 9
      vertex 4.84294 5.86661 9
      vertex 4.83171 7.19073 9
    endloop
  endfacet
  facet normal 0 -0 1
    outer loop
      vertex 4.80341 5.85951 9
      vertex 4.84294 5.86661 9
      vertex 4.77194 7.19833 9
    endloop
  endfacet
  facet normal 0 0 1
    outer loop
      vertex 4.80341 5.85951 9
      vertex 4.77194 7.19833 9
      vertex 4.76447 5.85287 9
    endloop
  endfacet
  facet normal 0 0 1
    outer loop
      vertex 4.77194 7.19833 9
      vertex 4.71182 7.20584 9
      vertex 4.76447 5.85287 9
    endloop
  endfacet
  facet normal 0 0 1
    outer loop
      vertex 4.71182 7.20584 9
      vertex 4.72604 5.84671 9
      vertex 4.76447 5.85287 9
    endloop
  endfacet
  facet normal 0 0 1
    outer loop
      vertex 4.68831 5.84102 9
      vertex 4.72604 5.84671 9
      vertex 4.71182 7.20584 9
    endloop
  endfacet
  facet normal 0 -0 1
    outer loop
      vertex 4.68831 5.84102 9
      vertex 4.71182 7.20584 9
      vertex 4.65121 7.21329 9
    endloop
  endfacet
  facet normal 0 0 1
    outer loop
      vertex 4.68831 5.84102 9
      vertex 4.65121 7.21329 9
      vertex 4.65115 5.83578 9
    endloop
  endfacet
  facet normal 0 0 1
    outer loop
      vertex 4.65121 7.21329 9
      vertex 4.61446 5.83102 9
      vertex 4.65115 5.83578 9
    endloop
  endfacet
  facet normal 0 0 1
    outer loop
      vertex 4.59023 7.22064 9
      vertex 4.61446 5.83102 9
      vertex 4.65121 7.21329 9
    endloop
  endfacet
  facet normal 0 0 1
    outer loop
      vertex 4.57848 5.82675 9
      vertex 4.61446 5.83102 9
      vertex 4.59023 7.22064 9
    endloop
  endfacet
  facet normal 0 -0 1
    outer loop
      vertex 4.57848 5.82675 9
      vertex 4.59023 7.22064 9
      vertex 4.54292 5.82297 9
    endloop
  endfacet
  facet normal 0 0 1
    outer loop
      vertex 4.59023 7.22064 9
      vertex 4.52884 7.22795 9
      vertex 4.54292 5.82297 9
    endloop
  endfacet
  facet normal 0 0 1
    outer loop
      vertex 4.52884 7.22795 9
      vertex 4.50818 5.81966 9
      vertex 4.54292 5.82297 9
    endloop
  endfacet
  facet normal 0 0 1
    outer loop
      vertex 4.47049 5.81659 9
      vertex 4.50818 5.81966 9
      vertex 4.52884 7.22795 9
    endloop
  endfacet
  facet normal 0 -0 1
    outer loop
      vertex 4.47049 5.81659 9
      vertex 4.52884 7.22795 9
      vertex 4.46695 7.2352 9
    endloop
  endfacet
  facet normal 0 0 1
    outer loop
      vertex 4.47049 5.81659 9
      vertex 4.46695 7.2352 9
      vertex 4.43997 5.8145 9
    endloop
  endfacet
  facet normal 0 0 1
    outer loop
      vertex 4.46695 7.2352 9
      vertex 4.4066 5.81267 9
      vertex 4.43997 5.8145 9
    endloop
  endfacet
  facet normal 0 0 1
    outer loop
      vertex 4.40302 5.8125 9
      vertex 4.4066 5.81267 9
      vertex 4.46695 7.2352 9
    endloop
  endfacet
  facet normal 0 -0 1
    outer loop
      vertex 4.40302 5.8125 9
      vertex 4.46695 7.2352 9
      vertex 4.37389 5.81134 9
    endloop
  endfacet
  facet normal 0 0 1
    outer loop
      vertex 4.46695 7.2352 9
      vertex 4.40471 7.24236 9
      vertex 4.37389 5.81134 9
    endloop
  endfacet
  facet normal 0 0 1
    outer loop
      vertex 4.40471 7.24236 9
      vertex 4.3701 5.81122 9
      vertex 4.37389 5.81134 9
    endloop
  endfacet
  facet normal 0 0 1
    outer loop
      vertex 4.34166 5.81052 9
      vertex 4.3701 5.81122 9
      vertex 4.40471 7.24236 9
    endloop
  endfacet
  facet normal 0 -0 1
    outer loop
      vertex 4.34166 5.81052 9
      vertex 4.40471 7.24236 9
      vertex 4.33755 5.81046 9
    endloop
  endfacet
  facet normal 0 0 1
    outer loop
      vertex 4.40471 7.24236 9
      vertex 4.30981 5.81023 9
      vertex 4.33755 5.81046 9
    endloop
  endfacet
  facet normal 0 0 1
    outer loop
      vertex 4.34198 7.24947 9
      vertex 4.30981 5.81023 9
      vertex 4.40471 7.24236 9
    endloop
  endfacet
  facet normal 0 0 1
    outer loop
      vertex 4.25995 5.81015 9
      vertex 4.30981 5.81023 9
      vertex 4.34198 7.24947 9
    endloop
  endfacet
  facet normal 0 -0 1
    outer loop
      vertex 4.25995 5.81015 9
      vertex 4.34198 7.24947 9
      vertex 4.21138 5.80995 9
    endloop
  endfacet
  facet normal 0 0 1
    outer loop
      vertex 4.34198 7.24947 9
      vertex 4.27895 7.25647 9
      vertex 4.21138 5.80995 9
    endloop
  endfacet
  facet normal 0 0 1
    outer loop
      vertex 4.27895 7.25647 9
      vertex 4.18674 5.8098 9
      vertex 4.21138 5.80995 9
    endloop
  endfacet
  facet normal 0 0 1
    outer loop
      vertex 4.2153 7.26346 9
      vertex 4.18674 5.8098 9
      vertex 4.27895 7.25647 9
    endloop
  endfacet
  facet normal 0 0 1
    outer loop
      vertex 4.1384 5.80942 9
      vertex 4.18674 5.8098 9
      vertex 4.2153 7.26346 9
    endloop
  endfacet
  facet normal 0 -0 1
    outer loop
      vertex 4.1384 5.80942 9
      vertex 4.2153 7.26346 9
      vertex 4.08931 5.80888 9
    endloop
  endfacet
  facet normal 0 0 1
    outer loop
      vertex 4.2153 7.26346 9
      vertex 4.15143 7.27032 9
      vertex 4.08931 5.80888 9
    endloop
  endfacet
  facet normal 0 0 1
    outer loop
      vertex 4.15143 7.27032 9
      vertex 4.03929 5.80821 9
      vertex 4.08931 5.80888 9
    endloop
  endfacet
  facet normal 0 0 1
    outer loop
      vertex 4.08699 7.27718 9
      vertex 4.03929 5.80821 9
      vertex 4.15143 7.27032 9
    endloop
  endfacet
  facet normal 0 0 1
    outer loop
      vertex 3.98958 5.80743 9
      vertex 4.03929 5.80821 9
      vertex 4.08699 7.27718 9
    endloop
  endfacet
  facet normal 0 0 1
    outer loop
      vertex 3.98958 5.80743 9
      vertex 4.08699 7.27718 9
      vertex 4.02214 7.28394 9
    endloop
  endfacet
  facet normal 0 -0 1
    outer loop
      vertex 3.98958 5.80743 9
      vertex 4.02214 7.28394 9
      vertex 3.93974 5.8065 9
    endloop
  endfacet
  facet normal 0 -0 1
    outer loop
      vertex 3.93974 5.8065 9
      vertex 3.95697 7.2906 9
      vertex 3.89008 5.80547 9
    endloop
  endfacet
  facet normal 0 0 1
    outer loop
      vertex 3.95697 7.2906 9
      vertex 3.89128 7.29724 9
      vertex 3.89008 5.80547 9
    endloop
  endfacet
  facet normal 0 0 1
    outer loop
      vertex 3.89128 7.29724 9
      vertex 3.83899 5.80426 9
      vertex 3.89008 5.80547 9
    endloop
  endfacet
  facet normal 0 0 1
    outer loop
      vertex 3.78893 5.80296 9
      vertex 3.83899 5.80426 9
      vertex 3.89128 7.29724 9
    endloop
  endfacet
  facet normal 0 0 1
    outer loop
      vertex 3.78893 5.80296 9
      vertex 3.89128 7.29724 9
      vertex 3.82515 7.3038 9
    endloop
  endfacet
  facet normal 0 -0 1
    outer loop
      vertex 3.78893 5.80296 9
      vertex 3.82515 7.3038 9
      vertex 3.69901 5.8004 9
    endloop
  endfacet
  facet normal 0 0 1
    outer loop
      vertex 3.82515 7.3038 9
      vertex 3.75865 7.31027 9
      vertex 3.69901 5.8004 9
    endloop
  endfacet
  facet normal 0 0 1
    outer loop
      vertex 3.75865 7.31027 9
      vertex 3.69174 7.3167 9
      vertex 3.69901 5.8004 9
    endloop
  endfacet
  facet normal 0 0 1
    outer loop
      vertex 3.69174 7.3167 9
      vertex 3.62439 7.32304 9
      vertex 3.69901 5.8004 9
    endloop
  endfacet
  facet normal -0 0 1
    outer loop
      vertex -0.10463 7.1888 9
      vertex 0.233871 5.6577 9
      vertex -0.0231934 7.21196 9
    endloop
  endfacet
  facet normal 0 0 1
    outer loop
      vertex 0.185623 5.65147 9
      vertex -0.189194 7.16251 9
      vertex 0.13884 5.64523 9
    endloop
  endfacet
  facet normal 0 0 1
    outer loop
      vertex -0.277817 7.13226 9
      vertex -0.350525 7.10513 9
      vertex 0.0437012 5.6319 9
    endloop
  endfacet
  facet normal 0 0 1
    outer loop
      vertex 0.0437012 5.6319 9
      vertex -0.357452 7.10243 9
      vertex -0.00273132 5.62506 9
    endloop
  endfacet
  facet normal 0 -0 1
    outer loop
      vertex -0.0494385 5.61797 9
      vertex -0.00273132 5.62506 9
      vertex -0.434601 7.07086 9
    endloop
  endfacet
  facet normal 0 0 1
    outer loop
      vertex 3.72905 4.90059 9
      vertex 2.05833 5.19566 9
      vertex 2.04327 5.11858 9
    endloop
  endfacet
  facet normal -0 0 1
    outer loop
      vertex -0.573608 7.0061 9
      vertex -0.0944519 5.61092 9
      vertex -0.509369 7.03741 9
    endloop
  endfacet
  facet normal 0 0 1
    outer loop
      vertex -0.711929 6.92899 9
      vertex -0.720551 6.92371 9
      vertex -0.232712 5.58813 9
    endloop
  endfacet
  facet normal 0 -0 1
    outer loop
      vertex -0.370636 5.56435 9
      vertex -0.324356 5.57243 9
      vertex -0.901962 6.79613 9
    endloop
  endfacet
  facet normal 0 0 1
    outer loop
      vertex -0.416962 5.55612 9
      vertex -0.960495 6.74719 9
      vertex -0.968872 6.73981 9
    endloop
  endfacet
  facet normal 0 0 1
    outer loop
      vertex -0.509964 5.53928 9
      vertex -1.07779 6.63403 9
      vertex -1.12059 6.58664 9
    endloop
  endfacet
  facet normal 0 -0 1
    outer loop
      vertex -0.55722 5.53053 9
      vertex -0.509964 5.53928 9
      vertex -1.12819 6.57784 9
    endloop
  endfacet
  facet normal 0 0 1
    outer loop
      vertex -1.17584 6.51942 9
      vertex -1.21388 6.46846 9
      vertex -0.60347 5.5219 9
    endloop
  endfacet
  facet normal -0 0 1
    outer loop
      vertex -1.47479 5.90686 9
      vertex -1.02927 5.43716 9
      vertex -1.47215 5.91664 9
    endloop
  endfacet
  facet normal 0 0 1
    outer loop
      vertex -1.45316 5.98192 9
      vertex -1.47215 5.91664 9
      vertex -0.982086 5.44699 9
    endloop
  endfacet
  facet normal 0 0 1
    outer loop
      vertex -0.982086 5.44699 9
      vertex -1.45006 5.99181 9
      vertex -1.45316 5.98192 9
    endloop
  endfacet
  facet normal 0 -0 1
    outer loop
      vertex -0.886368 5.46661 9
      vertex -0.839569 5.47603 9
      vertex -1.40134 6.12703 9
    endloop
  endfacet
  facet normal -0 0 1
    outer loop
      vertex -1.26262 6.39636 9
      vertex -0.650421 5.51299 9
      vertex -1.25633 6.40614 9
    endloop
  endfacet
  facet normal -0 0 1
    outer loop
      vertex -1.40134 6.12703 9
      vertex -0.839569 5.47603 9
      vertex -1.39716 6.13719 9
    endloop
  endfacet
  facet normal 0 -0 1
    outer loop
      vertex -0.744537 5.49481 9
      vertex -0.697983 5.50386 9
      vertex -1.3017 6.33179 9
    endloop
  endfacet
  facet normal 0 0 1
    outer loop
      vertex -1.4287 6.05528 9
      vertex -0.934418 5.4568 9
      vertex -0.886368 5.46661 9
    endloop
  endfacet
  facet normal -0 0 1
    outer loop
      vertex -1.36632 6.20728 9
      vertex -0.792297 5.48543 9
      vertex -1.3378 6.2654 9
    endloop
  endfacet
  facet normal 0 0 1
    outer loop
      vertex -1.42508 6.06534 9
      vertex -1.4287 6.05528 9
      vertex -0.886368 5.46661 9
    endloop
  endfacet
  facet normal 0 -0 1
    outer loop
      vertex -0.792297 5.48543 9
      vertex -0.744537 5.49481 9
      vertex -1.3378 6.2654 9
    endloop
  endfacet
  facet normal 0 0 1
    outer loop
      vertex -0.697983 5.50386 9
      vertex -1.2959 6.34181 9
      vertex -1.3017 6.33179 9
    endloop
  endfacet
  facet normal -0 0 1
    outer loop
      vertex -1.2959 6.34181 9
      vertex -0.697983 5.50386 9
      vertex -1.26262 6.39636 9
    endloop
  endfacet
  facet normal 0 -0 1
    outer loop
      vertex -0.697983 5.50386 9
      vertex -0.650421 5.51299 9
      vertex -1.26262 6.39636 9
    endloop
  endfacet
  facet normal 0 0 1
    outer loop
      vertex -1.22067 6.45891 9
      vertex -1.25633 6.40614 9
      vertex -0.650421 5.51299 9
    endloop
  endfacet
  facet normal -0 0 1
    outer loop
      vertex -1.22067 6.45891 9
      vertex -0.60347 5.5219 9
      vertex -1.21388 6.46846 9
    endloop
  endfacet
  facet normal 0 0 1
    outer loop
      vertex -0.55722 5.53053 9
      vertex -1.17584 6.51942 9
      vertex -0.60347 5.5219 9
    endloop
  endfacet
  facet normal 0 0 1
    outer loop
      vertex -0.55722 5.53053 9
      vertex -1.16862 6.52864 9
      vertex -1.17584 6.51942 9
    endloop
  endfacet
  facet normal 0 -0 1
    outer loop
      vertex -1.17349 5.40643 9
      vertex -1.12546 5.41678 9
      vertex -1.50777 5.76147 9
    endloop
  endfacet
  facet normal -0 0 1
    outer loop
      vertex -1.52135 5.68159 9
      vertex -1.17349 5.40643 9
      vertex -1.50951 5.75223 9
    endloop
  endfacet
  facet normal 0 -0 1
    outer loop
      vertex -0.509964 5.53928 9
      vertex -0.463486 5.54774 9
      vertex -1.07779 6.63403 9
    endloop
  endfacet
  facet normal 0 0 1
    outer loop
      vertex -1.22169 5.39597 9
      vertex -1.52135 5.68159 9
      vertex -1.39027 5.41853 9
    endloop
  endfacet
  facet normal 0 0 1
    outer loop
      vertex -0.463486 5.54774 9
      vertex -1.0699 6.6424 9
      vertex -1.07779 6.63403 9
    endloop
  endfacet
  facet normal 0 0 1
    outer loop
      vertex -0.416962 5.55612 9
      vertex -1.01645 6.69598 9
      vertex -1.02472 6.68802 9
    endloop
  endfacet
  facet normal 0 0 1
    outer loop
      vertex -0.370636 5.56435 9
      vertex -0.960495 6.74719 9
      vertex -0.416962 5.55612 9
    endloop
  endfacet
  facet normal 0 0 1
    outer loop
      vertex -0.901962 6.79613 9
      vertex -0.910553 6.78923 9
      vertex -0.370636 5.56435 9
    endloop
  endfacet
  facet normal 0 0 1
    outer loop
      vertex -0.849625 6.83638 9
      vertex -0.901962 6.79613 9
      vertex -0.324356 5.57243 9
    endloop
  endfacet
  facet normal -0 0 1
    outer loop
      vertex -0.849625 6.83638 9
      vertex -0.324356 5.57243 9
      vertex -0.841019 6.84271 9
    endloop
  endfacet
  facet normal -0 0 1
    outer loop
      vertex -0.841019 6.84271 9
      vertex -0.278748 5.58031 9
      vertex -0.786316 6.88118 9
    endloop
  endfacet
  facet normal -0 0 1
    outer loop
      vertex -0.777649 6.88702 9
      vertex -0.232712 5.58813 9
      vertex -0.720551 6.92371 9
    endloop
  endfacet
  facet normal 0 -0 1
    outer loop
      vertex -0.232712 5.58813 9
      vertex -0.186691 5.59584 9
      vertex -0.711929 6.92899 9
    endloop
  endfacet
  facet normal 0 0 1
    outer loop
      vertex -0.186691 5.59584 9
      vertex -0.652451 6.96388 9
      vertex -0.711929 6.92899 9
    endloop
  endfacet
  facet normal 0 0 1
    outer loop
      vertex -0.643921 6.96867 9
      vertex -0.652451 6.96388 9
      vertex -0.186691 5.59584 9
    endloop
  endfacet
  facet normal 0 0 1
    outer loop
      vertex -0.573608 7.0061 9
      vertex -0.582062 7.00179 9
      vertex -0.141052 5.60338 9
    endloop
  endfacet
  facet normal 0 0 1
    outer loop
      vertex -0.573608 7.0061 9
      vertex -0.141052 5.60338 9
      vertex -0.0944519 5.61092 9
    endloop
  endfacet
  facet normal 0 0 1
    outer loop
      vertex 3.72905 4.90059 9
      vertex 2.04327 5.11858 9
      vertex 3.72266 4.85254 9
    endloop
  endfacet
  facet normal 0 0 1
    outer loop
      vertex 2.04327 5.11858 9
      vertex 3.71582 4.80255 9
      vertex 3.72266 4.85254 9
    endloop
  endfacet
  facet normal 0 -0 1
    outer loop
      vertex 3.70071 4.69661 9
      vertex 3.7085 4.75055 9
      vertex 2.02788 5.04025 9
    endloop
  endfacet
  facet normal 0 0 1
    outer loop
      vertex 3.70071 4.69661 9
      vertex 2.02788 5.04025 9
      vertex 2.01219 4.96092 9
    endloop
  endfacet
  facet normal 0 0 1
    outer loop
      vertex 3.70071 4.69661 9
      vertex 2.01219 4.96092 9
      vertex 3.69252 4.64084 9
    endloop
  endfacet
  facet normal 0 0 1
    outer loop
      vertex 1.99608 4.87987 9
      vertex 3.68382 4.58298 9
      vertex 3.69252 4.64084 9
    endloop
  endfacet
  facet normal -0 0 1
    outer loop
      vertex 1.97969 4.79779 9
      vertex 3.6747 4.52321 9
      vertex 1.99608 4.87987 9
    endloop
  endfacet
  facet normal 0 -0 1
    outer loop
      vertex 3.6651 4.46141 9
      vertex 3.6747 4.52321 9
      vertex 1.97969 4.79779 9
    endloop
  endfacet
  facet normal 0 0 1
    outer loop
      vertex 3.6651 4.46141 9
      vertex 1.97969 4.79779 9
      vertex 1.96297 4.71457 9
    endloop
  endfacet
  facet normal 0 0 1
    outer loop
      vertex 1.96297 4.71457 9
      vertex 1.94591 4.63005 9
      vertex 3.65504 4.39767 9
    endloop
  endfacet
  facet normal 0 0 1
    outer loop
      vertex 1.94591 4.63005 9
      vertex 3.63361 4.2646 9
      vertex 3.64452 4.33191 9
    endloop
  endfacet
  facet normal 0 -0 1
    outer loop
      vertex 3.62233 4.19601 9
      vertex 3.63361 4.2646 9
      vertex 1.92853 4.54433 9
    endloop
  endfacet
  facet normal 0 0 1
    outer loop
      vertex 3.62233 4.19601 9
      vertex 1.92853 4.54433 9
      vertex 1.9108 4.45732 9
    endloop
  endfacet
  facet normal 0 0 1
    outer loop
      vertex 1.9108 4.45732 9
      vertex 1.89275 4.36916 9
      vertex 3.61067 4.12607 9
    endloop
  endfacet
  facet normal 0 0 1
    outer loop
      vertex 1.89275 4.36916 9
      vertex 3.59866 4.05501 9
      vertex 3.61067 4.12607 9
    endloop
  endfacet
  facet normal 0 0 1
    outer loop
      vertex 3.58627 3.98259 9
      vertex 1.89275 4.36916 9
      vertex 1.87444 4.28001 9
    endloop
  endfacet
  facet normal 0 0 1
    outer loop
      vertex 3.57355 3.90906 9
      vertex 1.85591 4.19022 9
      vertex 3.56046 3.83421 9
    endloop
  endfacet
  facet normal 0 0 1
    outer loop
      vertex 1.85591 4.19022 9
      vertex 1.83719 4.09979 9
      vertex 3.56046 3.83421 9
    endloop
  endfacet
  facet normal -0 0 1
    outer loop
      vertex 1.81828 4.00876 9
      vertex 3.54698 3.75812 9
      vertex 1.83719 4.09979 9
    endloop
  endfacet
  facet normal 0 0 1
    outer loop
      vertex 3.53319 3.68085 9
      vertex 1.81828 4.00876 9
      vertex 3.51898 3.60223 9
    endloop
  endfacet
  facet normal 0 0 1
    outer loop
      vertex 1.81828 4.00876 9
      vertex 1.79916 3.91708 9
      vertex 3.51898 3.60223 9
    endloop
  endfacet
  facet normal -0 0 1
    outer loop
      vertex 1.77986 3.82477 9
      vertex 3.50446 3.52246 9
      vertex 1.79916 3.91708 9
    endloop
  endfacet
  facet normal 0 -0 1
    outer loop
      vertex 3.47427 3.35912 9
      vertex 3.48955 3.44141 9
      vertex 1.76035 3.73183 9
    endloop
  endfacet
  facet normal 0 0 1
    outer loop
      vertex 3.47427 3.35912 9
      vertex 1.74063 3.63826 9
      vertex 3.45863 3.27557 9
    endloop
  endfacet
  facet normal 0 0 1
    outer loop
      vertex 1.74063 3.63826 9
      vertex 1.72075 3.54422 9
      vertex 3.45863 3.27557 9
    endloop
  endfacet
  facet normal -0 0 1
    outer loop
      vertex 1.70061 3.44923 9
      vertex 3.44264 3.19077 9
      vertex 1.72075 3.54422 9
    endloop
  endfacet
  facet normal 0 0 1
    outer loop
      vertex 3.42627 3.10474 9
      vertex 1.70061 3.44923 9
      vertex 3.40958 3.01749 9
    endloop
  endfacet
  facet normal 0 0 1
    outer loop
      vertex 1.6803 3.35379 9
      vertex 3.39247 2.92892 9
      vertex 3.40958 3.01749 9
    endloop
  endfacet
  facet normal -0 0 1
    outer loop
      vertex 1.63908 3.16092 9
      vertex 3.37503 2.83919 9
      vertex 1.65979 3.25766 9
    endloop
  endfacet
  facet normal 0 0 1
    outer loop
      vertex 3.35722 2.74814 9
      vertex 1.63908 3.16092 9
      vertex 1.59706 2.96558 9
    endloop
  endfacet
  facet normal 0 0 1
    outer loop
      vertex 3.35722 2.74814 9
      vertex 1.59706 2.96558 9
      vertex 3.33905 2.65587 9
    endloop
  endfacet
  facet normal 0 -0 1
    outer loop
      vertex 3.30164 2.46761 9
      vertex 3.32051 2.56235 9
      vertex 1.59706 2.96558 9
    endloop
  endfacet
  facet normal 0 0 1
    outer loop
      vertex 3.28239 2.37186 9
      vertex 1.55426 2.76772 9
      vertex 1.53255 2.66786 9
    endloop
  endfacet
  facet normal 0 0 1
    outer loop
      vertex 1.53255 2.66786 9
      vertex 3.24294 2.17867 9
      vertex 3.26282 2.2755 9
    endloop
  endfacet
  facet normal 0 -0 1
    outer loop
      vertex 3.22281 2.08141 9
      vertex 3.24294 2.17867 9
      vertex 1.48853 2.46613 9
    endloop
  endfacet
  facet normal 0 0 1
    outer loop
      vertex 3.22281 2.08141 9
      vertex 1.48853 2.46613 9
      vertex 1.46623 2.36444 9
    endloop
  endfacet
  facet normal 0 0 1
    outer loop
      vertex 1.46623 2.36444 9
      vertex 1.44373 2.26204 9
      vertex 3.20233 1.98354 9
    endloop
  endfacet
  facet normal 0 -0 1
    outer loop
      vertex 3.16052 1.78648 9
      vertex 3.18156 1.88525 9
      vertex 1.44373 2.26204 9
    endloop
  endfacet
  facet normal 0 0 1
    outer loop
      vertex 3.13918 1.68718 9
      vertex 1.42102 2.159 9
      vertex 1.39818 2.05573 9
    endloop
  endfacet
  facet normal 0 0 1
    outer loop
      vertex 1.39818 2.05573 9
      vertex 1.37521 1.95256 9
      vertex 3.11754 1.58742 9
    endloop
  endfacet
  facet normal 0 0 1
    outer loop
      vertex 1.37521 1.95256 9
      vertex 3.09558 1.48714 9
      vertex 3.11754 1.58742 9
    endloop
  endfacet
  facet normal 0 -0 1
    outer loop
      vertex 3.07335 1.3864 9
      vertex 3.09558 1.48714 9
      vertex 1.35213 1.84937 9
    endloop
  endfacet
  facet normal 0 0 1
    outer loop
      vertex 3.0508 1.28513 9
      vertex 1.32898 1.74649 9
      vertex 1.30556 1.64302 9
    endloop
  endfacet
  facet normal 0 0 1
    outer loop
      vertex 1.30556 1.64302 9
      vertex 1.28207 1.53981 9
      vertex 3.02795 1.18336 9
    endloop
  endfacet
  facet normal 0 0 1
    outer loop
      vertex 1.28207 1.53981 9
      vertex 3.00482 1.08115 9
      vertex 3.02795 1.18336 9
    endloop
  endfacet
  facet normal 0 -0 1
    outer loop
      vertex 2.9814 0.978439 9
      vertex 3.00482 1.08115 9
      vertex 1.25847 1.43665 9
    endloop
  endfacet
  facet normal 0 0 1
    outer loop
      vertex 2.9814 0.978439 9
      vertex 1.25847 1.43665 9
      vertex 1.23479 1.33379 9
    endloop
  endfacet
  facet normal 0 0 1
    outer loop
      vertex 1.23479 1.33379 9
      vertex 1.21083 1.2303 9
      vertex 2.95766 0.875214 9
    endloop
  endfacet
  facet normal 0 0 1
    outer loop
      vertex 1.18681 1.12711 9
      vertex 2.9093 0.667297 9
      vertex 2.93362 0.771484 9
    endloop
  endfacet
  facet normal 0 -0 1
    outer loop
      vertex 2.88469 0.562607 9
      vertex 2.9093 0.667297 9
      vertex 1.16267 1.02393 9
    endloop
  endfacet
  facet normal 0 0 1
    outer loop
      vertex 2.88469 0.562607 9
      vertex 1.16267 1.02393 9
      vertex 1.1384 0.920715 9
    endloop
  endfacet
  facet normal 0 0 1
    outer loop
      vertex 1.1384 0.920715 9
      vertex 1.114 0.817551 9
      vertex 2.85977 0.457413 9
    endloop
  endfacet
  facet normal 0 0 1
    outer loop
      vertex 1.114 0.817551 9
      vertex 1.08952 0.714676 9
      vertex 2.83453 0.351715 9
    endloop
  endfacet
  facet normal 0 -0 1
    outer loop
      vertex 2.78323 0.138901 9
      vertex 2.80904 0.24556 9
      vertex 1.06479 0.611191 9
    endloop
  endfacet
  facet normal 0 0 1
    outer loop
      vertex 2.78323 0.138901 9
      vertex 1.06479 0.611191 9
      vertex 1.04004 0.508301 9
    endloop
  endfacet
  facet normal 0 0 1
    outer loop
      vertex 2.78323 0.138901 9
      vertex 1.04004 0.508301 9
      vertex 2.75711 0.0319672 9
    endloop
  endfacet
  facet normal 0 0 1
    outer loop
      vertex 1.04004 0.508301 9
      vertex 1.01505 0.404816 9
      vertex 2.75711 0.0319672 9
    endloop
  endfacet
  facet normal -0 0 1
    outer loop
      vertex 0.990051 0.301941 9
      vertex 2.73076 -0.0748444 9
      vertex 1.01505 0.404816 9
    endloop
  endfacet
  facet normal 0 -0 1
    outer loop
      vertex 2.67732 -0.287888 9
      vertex 2.70415 -0.181503 9
      vertex 0.964767 0.198456 9
    endloop
  endfacet
  facet normal 0 0 1
    outer loop
      vertex 2.67732 -0.287888 9
      vertex 0.964767 0.198456 9
      vertex 0.939453 0.0952301 9
    endloop
  endfacet
  facet normal 0 0 1
    outer loop
      vertex 2.67732 -0.287888 9
      vertex 0.939453 0.0952301 9
      vertex 2.65025 -0.39415 9
    endloop
  endfacet
  facet normal 0 0 1
    outer loop
      vertex 0.939453 0.0952301 9
      vertex 0.913986 -0.00790405 9
      vertex 2.65025 -0.39415 9
    endloop
  endfacet
  facet normal 0 0 1
    outer loop
      vertex -1.45836 -5.79507 9
      vertex -1.27129 -7.07697 9
      vertex -1.22501 -7.06535 9
    endloop
  endfacet
  facet normal -0 0 1
    outer loop
      vertex -3.0193 -6.96181 9
      vertex -2.97623 -6.97691 9
      vertex -2.05991 -5.57599 9
    endloop
  endfacet
  facet normal 0 0 1
    outer loop
      vertex 1.08952 0.714676 9
      vertex 2.80904 0.24556 9
      vertex 2.83453 0.351715 9
    endloop
  endfacet
  facet normal 0 0 1
    outer loop
      vertex -1.58153 -7.13434 9
      vertex -1.63368 -5.79445 9
      vertex -1.62827 -7.13992 9
    endloop
  endfacet
  facet normal 0 0 1
    outer loop
      vertex 3.735 4.94681 9
      vertex 2.05833 5.19566 9
      vertex 3.72905 4.90059 9
    endloop
  endfacet
  facet normal -0 0 1
    outer loop
      vertex -0.427261 7.07399 9
      vertex -0.00273132 5.62506 9
      vertex -0.357452 7.10243 9
    endloop
  endfacet
  facet normal 0 0 1
    outer loop
      vertex 3.74048 4.99104 9
      vertex 2.07307 5.27158 9
      vertex 3.735 4.94681 9
    endloop
  endfacet
  facet normal 0 0 1
    outer loop
      vertex 0.0902405 5.63852 9
      vertex -0.277817 7.13226 9
      vertex 0.0437012 5.6319 9
    endloop
  endfacet
  facet normal 0 0 1
    outer loop
      vertex 0.13884 5.64523 9
      vertex -0.271133 7.13466 9
      vertex 0.0902405 5.63852 9
    endloop
  endfacet
  facet normal 0 0 1
    outer loop
      vertex 0.13884 5.64523 9
      vertex -0.189194 7.16251 9
      vertex -0.195496 7.16046 9
    endloop
  endfacet
  facet normal 0 0 1
    outer loop
      vertex 3.75009 5.07397 9
      vertex 2.07307 5.27158 9
      vertex 3.7455 5.0334 9
    endloop
  endfacet
  facet normal 0 0 1
    outer loop
      vertex 0.233871 5.6577 9
      vertex -0.110657 7.187 9
      vertex 0.185623 5.65147 9
    endloop
  endfacet
  facet normal 0 0 1
    outer loop
      vertex 2.08746 5.34615 9
      vertex 2.07307 5.27158 9
      vertex 3.75009 5.07397 9
    endloop
  endfacet
  facet normal 0 0 1
    outer loop
      vertex 2.08746 5.34615 9
      vertex 3.75009 5.07397 9
      vertex 3.7542 5.11263 9
    endloop
  endfacet
  facet normal -0 0 1
    outer loop
      vertex -0.0231934 7.21196 9
      vertex 0.283661 5.66391 9
      vertex -0.0174408 7.21352 9
    endloop
  endfacet
  facet normal 0 0 1
    outer loop
      vertex 2.08746 5.34615 9
      vertex 3.7542 5.11263 9
      vertex 3.75787 5.14958 9
    endloop
  endfacet
  facet normal -0 0 1
    outer loop
      vertex 2.08746 5.34615 9
      vertex 3.75787 5.14958 9
      vertex 2.10153 5.41959 9
    endloop
  endfacet
  facet normal 0 0 1
    outer loop
      vertex 0.0723724 7.23671 9
      vertex 0.066925 7.23535 9
      vertex 0.331802 5.66969 9
    endloop
  endfacet
  facet normal 0 0 1
    outer loop
      vertex 3.76108 5.18468 9
      vertex 2.10153 5.41959 9
      vertex 3.75787 5.14958 9
    endloop
  endfacet
  facet normal 0 0 1
    outer loop
      vertex 0.0723724 7.23671 9
      vertex 0.331802 5.66969 9
      vertex 0.382385 5.67557 9
    endloop
  endfacet
  facet normal 0 -0 1
    outer loop
      vertex 3.76108 5.18468 9
      vertex 3.76381 5.21806 9
      vertex 2.10153 5.41959 9
    endloop
  endfacet
  facet normal 0 0 1
    outer loop
      vertex 0.43132 5.68105 9
      vertex 0.159653 7.25722 9
      vertex 0.382385 5.67557 9
    endloop
  endfacet
  facet normal 0 -0 1
    outer loop
      vertex 0.43132 5.68105 9
      vertex 0.482697 5.68658 9
      vertex 0.164841 7.25838 9
    endloop
  endfacet
  facet normal 0 0 1
    outer loop
      vertex 2.11526 5.49178 9
      vertex 2.10153 5.41959 9
      vertex 3.7661 5.24995 9
    endloop
  endfacet
  facet normal 0 0 1
    outer loop
      vertex 0.482697 5.68658 9
      vertex 0.25502 7.27756 9
      vertex 0.164841 7.25838 9
    endloop
  endfacet
  facet normal 0 0 1
    outer loop
      vertex 0.259903 7.27853 9
      vertex 0.25502 7.27756 9
      vertex 0.482697 5.68658 9
    endloop
  endfacet
  facet normal 0 0 1
    outer loop
      vertex 0.259903 7.27853 9
      vertex 0.482697 5.68658 9
      vertex 0.533478 5.69188 9
    endloop
  endfacet
  facet normal -0 0 1
    outer loop
      vertex 0.259903 7.27853 9
      vertex 0.533478 5.69188 9
      vertex 0.352997 7.2964 9
    endloop
  endfacet
  facet normal -0 0 1
    outer loop
      vertex 0.352997 7.2964 9
      vertex 0.58374 5.69688 9
      vertex 0.357666 7.29726 9
    endloop
  endfacet
  facet normal 0 -0 1
    outer loop
      vertex 0.58374 5.69688 9
      vertex 0.635559 5.70186 9
      vertex 0.357666 7.29726 9
    endloop
  endfacet
  facet normal 0 0 1
    outer loop
      vertex 0.635559 5.70186 9
      vertex 0.453674 7.3138 9
      vertex 0.357666 7.29726 9
    endloop
  endfacet
  facet normal 0 0 1
    outer loop
      vertex 0.458084 7.31451 9
      vertex 0.453674 7.3138 9
      vertex 0.635559 5.70186 9
    endloop
  endfacet
  facet normal 0 0 1
    outer loop
      vertex 0.458084 7.31451 9
      vertex 0.635559 5.70186 9
      vertex 0.688309 5.70673 9
    endloop
  endfacet
  facet normal 0 0 1
    outer loop
      vertex 0.556992 7.32974 9
      vertex 0.688309 5.70673 9
      vertex 0.739777 5.71127 9
    endloop
  endfacet
  facet normal -0 0 1
    outer loop
      vertex 0.556992 7.32974 9
      vertex 0.739777 5.71127 9
      vertex 0.561249 7.33037 9
    endloop
  endfacet
  facet normal 0 -0 1
    outer loop
      vertex 0.739777 5.71127 9
      vertex 0.792923 5.71577 9
      vertex 0.561249 7.33037 9
    endloop
  endfacet
  facet normal 0 0 1
    outer loop
      vertex 0.792923 5.71577 9
      vertex 0.663071 7.34425 9
      vertex 0.561249 7.33037 9
    endloop
  endfacet
  facet normal 0 0 1
    outer loop
      vertex 0.846771 5.72014 9
      vertex 0.667053 7.34476 9
      vertex 0.663071 7.34425 9
    endloop
  endfacet
  facet normal 0 0 1
    outer loop
      vertex 0.90036 5.72427 9
      vertex 0.667053 7.34476 9
      vertex 0.846771 5.72014 9
    endloop
  endfacet
  facet normal 0 0 1
    outer loop
      vertex 0.77562 7.35776 9
      vertex 0.77179 7.35733 9
      vertex 0.90036 5.72427 9
    endloop
  endfacet
  facet normal 0 0 1
    outer loop
      vertex 0.77562 7.35776 9
      vertex 0.90036 5.72427 9
      vertex 0.953568 5.7282 9
    endloop
  endfacet
  facet normal -0 0 1
    outer loop
      vertex 0.77562 7.35776 9
      vertex 0.953568 5.7282 9
      vertex 0.88327 7.369 9
    endloop
  endfacet
  facet normal -0 0 1
    outer loop
      vertex 0.88327 7.369 9
      vertex 1.00871 5.73206 9
      vertex 0.886871 7.36935 9
    endloop
  endfacet
  facet normal 0 -0 1
    outer loop
      vertex 1.00871 5.73206 9
      vertex 1.06349 5.73575 9
      vertex 0.886871 7.36935 9
    endloop
  endfacet
  facet normal 0 -0 1
    outer loop
      vertex 1.06349 5.73575 9
      vertex 1.11951 5.73936 9
      vertex 1.0009 7.37958 9
    endloop
  endfacet
  facet normal 0 -0 1
    outer loop
      vertex 1.11951 5.73936 9
      vertex 1.17696 5.74292 9
      vertex 1.0009 7.37958 9
    endloop
  endfacet
  facet normal 0 0 1
    outer loop
      vertex 1.17696 5.74292 9
      vertex 1.11766 7.38841 9
      vertex 1.0009 7.37958 9
    endloop
  endfacet
  facet normal 0 -0 1
    outer loop
      vertex 1.23457 5.74635 9
      vertex 1.29233 5.74965 9
      vertex 1.11766 7.38841 9
    endloop
  endfacet
  facet normal 0 0 1
    outer loop
      vertex 1.29233 5.74965 9
      vertex 1.2372 7.39587 9
      vertex 1.11766 7.38841 9
    endloop
  endfacet
  facet normal 0 -0 1
    outer loop
      vertex 1.35207 5.75291 9
      vertex 1.35649 7.40182 9
      vertex 1.2372 7.39587 9
    endloop
  endfacet
  facet normal 0 0 1
    outer loop
      vertex 1.41158 5.75603 9
      vertex 1.35649 7.40182 9
      vertex 1.35207 5.75291 9
    endloop
  endfacet
  facet normal 0 -0 1
    outer loop
      vertex 1.47261 5.75906 9
      vertex 1.48169 7.40657 9
      vertex 1.35649 7.40182 9
    endloop
  endfacet
  facet normal 0 0 1
    outer loop
      vertex 1.53354 5.76199 9
      vertex 1.48169 7.40657 9
      vertex 1.47261 5.75906 9
    endloop
  endfacet
  facet normal 0 0 1
    outer loop
      vertex 1.59581 5.76482 9
      vertex 1.48169 7.40657 9
      vertex 1.53354 5.76199 9
    endloop
  endfacet
  facet normal 0 0 1
    outer loop
      vertex 1.65935 5.76758 9
      vertex 1.60965 7.40997 9
      vertex 1.59581 5.76482 9
    endloop
  endfacet
  facet normal 0 0 1
    outer loop
      vertex 1.72316 5.77023 9
      vertex 1.60965 7.40997 9
      vertex 1.65935 5.76758 9
    endloop
  endfacet
  facet normal 0 0 1
    outer loop
      vertex 1.78716 5.77275 9
      vertex 1.7404 7.41202 9
      vertex 1.72316 5.77023 9
    endloop
  endfacet
  facet normal 0 0 1
    outer loop
      vertex 1.85297 5.77521 9
      vertex 1.7404 7.41202 9
      vertex 1.78716 5.77275 9
    endloop
  endfacet
  facet normal 0 0 1
    outer loop
      vertex 1.9191 5.77756 9
      vertex 1.87392 7.41272 9
      vertex 1.85297 5.77521 9
    endloop
  endfacet
  facet normal 0 0 1
    outer loop
      vertex 1.93976 7.41258 9
      vertex 1.87392 7.41272 9
      vertex 1.9191 5.77756 9
    endloop
  endfacet
  facet normal 0 0 1
    outer loop
      vertex 2.00499 7.41219 9
      vertex 1.93976 7.41258 9
      vertex 1.9855 5.77979 9
    endloop
  endfacet
  facet normal 0 0 1
    outer loop
      vertex 2.00499 7.41219 9
      vertex 1.9855 5.77979 9
      vertex 2.05312 5.78194 9
    endloop
  endfacet
  facet normal 0 0 1
    outer loop
      vertex 2.00499 7.41219 9
      vertex 2.05312 5.78194 9
      vertex 2.0704 7.41151 9
    endloop
  endfacet
  facet normal 0 0 1
    outer loop
      vertex 2.0704 7.41151 9
      vertex 2.12198 5.78401 9
      vertex 2.13608 7.41057 9
    endloop
  endfacet
  facet normal 0 0 1
    outer loop
      vertex 2.12198 5.78401 9
      vertex 2.17004 5.78537 9
      vertex 2.13608 7.41057 9
    endloop
  endfacet
  facet normal 0 0 1
    outer loop
      vertex 2.17004 5.78537 9
      vertex 2.26793 7.40788 9
      vertex 2.20187 7.40936 9
    endloop
  endfacet
  facet normal 0 0 1
    outer loop
      vertex 2.33411 7.40613 9
      vertex 2.26793 7.40788 9
      vertex 2.17004 5.78537 9
    endloop
  endfacet
  facet normal 0 0 1
    outer loop
      vertex 2.4005 7.40411 9
      vertex 2.17004 5.78537 9
      vertex 2.46706 7.40184 9
    endloop
  endfacet
  facet normal 0 0 1
    outer loop
      vertex 2.17004 5.78537 9
      vertex 2.53387 7.39929 9
      vertex 2.46706 7.40184 9
    endloop
  endfacet
  facet normal 0 0 1
    outer loop
      vertex 2.66798 7.39339 9
      vertex 2.60089 7.39645 9
      vertex 2.17004 5.78537 9
    endloop
  endfacet
  facet normal 0 0 1
    outer loop
      vertex 2.66798 7.39339 9
      vertex 2.17004 5.78537 9
      vertex 2.73537 7.39003 9
    endloop
  endfacet
  facet normal 0 0 1
    outer loop
      vertex 2.17004 5.78537 9
      vertex 2.87068 7.38251 9
      vertex 2.80289 7.3864 9
    endloop
  endfacet
  facet normal 0 0 1
    outer loop
      vertex 3.00674 7.3739 9
      vertex 2.17004 5.78537 9
      vertex 3.69901 5.8004 9
    endloop
  endfacet
  facet normal 0 0 1
    outer loop
      vertex 2.93858 7.37834 9
      vertex 2.87068 7.38251 9
      vertex 2.17004 5.78537 9
    endloop
  endfacet
  facet normal 0 -0 1
    outer loop
      vertex 3.7085 4.75055 9
      vertex 3.71582 4.80255 9
      vertex 2.02788 5.04025 9
    endloop
  endfacet
  facet normal -0 0 1
    outer loop
      vertex 1.99608 4.87987 9
      vertex 3.69252 4.64084 9
      vertex 2.01219 4.96092 9
    endloop
  endfacet
  facet normal 0 0 1
    outer loop
      vertex 3.6651 4.46141 9
      vertex 1.96297 4.71457 9
      vertex 3.65504 4.39767 9
    endloop
  endfacet
  facet normal 0 0 1
    outer loop
      vertex 3.63361 4.2646 9
      vertex 1.94591 4.63005 9
      vertex 1.92853 4.54433 9
    endloop
  endfacet
  facet normal 0 -0 1
    outer loop
      vertex 3.61067 4.12607 9
      vertex 3.62233 4.19601 9
      vertex 1.9108 4.45732 9
    endloop
  endfacet
  facet normal 0 -0 1
    outer loop
      vertex 3.58627 3.98259 9
      vertex 3.59866 4.05501 9
      vertex 1.89275 4.36916 9
    endloop
  endfacet
  facet normal -0 0 1
    outer loop
      vertex 1.85591 4.19022 9
      vertex 3.57355 3.90906 9
      vertex 1.87444 4.28001 9
    endloop
  endfacet
  facet normal 0 0 1
    outer loop
      vertex 1.83719 4.09979 9
      vertex 3.54698 3.75812 9
      vertex 3.56046 3.83421 9
    endloop
  endfacet
  facet normal 0 0 1
    outer loop
      vertex 1.81828 4.00876 9
      vertex 3.53319 3.68085 9
      vertex 3.54698 3.75812 9
    endloop
  endfacet
  facet normal 0 0 1
    outer loop
      vertex 1.79916 3.91708 9
      vertex 3.50446 3.52246 9
      vertex 3.51898 3.60223 9
    endloop
  endfacet
  facet normal 0 0 1
    outer loop
      vertex 1.77986 3.82477 9
      vertex 1.76035 3.73183 9
      vertex 3.48955 3.44141 9
    endloop
  endfacet
  facet normal 0 0 1
    outer loop
      vertex 1.76035 3.73183 9
      vertex 1.74063 3.63826 9
      vertex 3.47427 3.35912 9
    endloop
  endfacet
  facet normal 0 0 1
    outer loop
      vertex 3.45863 3.27557 9
      vertex 1.72075 3.54422 9
      vertex 3.44264 3.19077 9
    endloop
  endfacet
  facet normal 0 -0 1
    outer loop
      vertex 3.42627 3.10474 9
      vertex 3.44264 3.19077 9
      vertex 1.70061 3.44923 9
    endloop
  endfacet
  facet normal 0 0 1
    outer loop
      vertex 3.40958 3.01749 9
      vertex 1.70061 3.44923 9
      vertex 1.6803 3.35379 9
    endloop
  endfacet
  facet normal 0 -0 1
    outer loop
      vertex 3.37503 2.83919 9
      vertex 3.39247 2.92892 9
      vertex 1.65979 3.25766 9
    endloop
  endfacet
  facet normal 0 -0 1
    outer loop
      vertex 3.35722 2.74814 9
      vertex 3.37503 2.83919 9
      vertex 1.63908 3.16092 9
    endloop
  endfacet
  facet normal 0 -0 1
    outer loop
      vertex 3.32051 2.56235 9
      vertex 3.33905 2.65587 9
      vertex 1.59706 2.96558 9
    endloop
  endfacet
  facet normal 0 0 1
    outer loop
      vertex 3.30164 2.46761 9
      vertex 1.59706 2.96558 9
      vertex 1.55426 2.76772 9
    endloop
  endfacet
  facet normal 0 -0 1
    outer loop
      vertex 3.26282 2.2755 9
      vertex 3.28239 2.37186 9
      vertex 1.53255 2.66786 9
    endloop
  endfacet
  facet normal 0 0 1
    outer loop
      vertex 3.24294 2.17867 9
      vertex 1.53255 2.66786 9
      vertex 1.48853 2.46613 9
    endloop
  endfacet
  facet normal 0 -0 1
    outer loop
      vertex 3.20233 1.98354 9
      vertex 3.22281 2.08141 9
      vertex 1.46623 2.36444 9
    endloop
  endfacet
  facet normal 0 -0 1
    outer loop
      vertex 3.18156 1.88525 9
      vertex 3.20233 1.98354 9
      vertex 1.44373 2.26204 9
    endloop
  endfacet
  facet normal 0 -0 1
    outer loop
      vertex 3.13918 1.68718 9
      vertex 3.16052 1.78648 9
      vertex 1.42102 2.159 9
    endloop
  endfacet
  facet normal 0 -0 1
    outer loop
      vertex 3.11754 1.58742 9
      vertex 3.13918 1.68718 9
      vertex 1.39818 2.05573 9
    endloop
  endfacet
  facet normal -0 0 1
    outer loop
      vertex 1.35213 1.84937 9
      vertex 3.09558 1.48714 9
      vertex 1.37521 1.95256 9
    endloop
  endfacet
  facet normal 0 0 1
    outer loop
      vertex 1.32898 1.74649 9
      vertex 3.0508 1.28513 9
      vertex 3.07335 1.3864 9
    endloop
  endfacet
  facet normal 0 -0 1
    outer loop
      vertex 3.02795 1.18336 9
      vertex 3.0508 1.28513 9
      vertex 1.30556 1.64302 9
    endloop
  endfacet
  facet normal -0 0 1
    outer loop
      vertex 1.25847 1.43665 9
      vertex 3.00482 1.08115 9
      vertex 1.28207 1.53981 9
    endloop
  endfacet
  facet normal 0 0 1
    outer loop
      vertex 1.23479 1.33379 9
      vertex 2.95766 0.875214 9
      vertex 2.9814 0.978439 9
    endloop
  endfacet
  facet normal 0 0 1
    outer loop
      vertex 1.21083 1.2303 9
      vertex 1.18681 1.12711 9
      vertex 2.93362 0.771484 9
    endloop
  endfacet
  facet normal 0 0 1
    outer loop
      vertex 1.18681 1.12711 9
      vertex 1.16267 1.02393 9
      vertex 2.9093 0.667297 9
    endloop
  endfacet
  facet normal 0 0 1
    outer loop
      vertex 2.88469 0.562607 9
      vertex 1.1384 0.920715 9
      vertex 2.85977 0.457413 9
    endloop
  endfacet
  facet normal -0 0 1
    outer loop
      vertex 1.06479 0.611191 9
      vertex 2.80904 0.24556 9
      vertex 1.08952 0.714676 9
    endloop
  endfacet
  facet normal 0 0 1
    outer loop
      vertex 2.75711 0.0319672 9
      vertex 1.01505 0.404816 9
      vertex 2.73076 -0.0748444 9
    endloop
  endfacet
  facet normal 0 0 1
    outer loop
      vertex 2.70415 -0.181503 9
      vertex 0.990051 0.301941 9
      vertex 0.964767 0.198456 9
    endloop
  endfacet
  facet normal 0 0 1
    outer loop
      vertex 2.62296 -0.500183 9
      vertex 0.888382 -0.11113 9
      vertex 2.59541 -0.606018 9
    endloop
  endfacet
  facet normal 0 0 1
    outer loop
      vertex 0.888382 -0.11113 9
      vertex 0.862656 -0.21431 9
      vertex 2.59541 -0.606018 9
    endloop
  endfacet
  facet normal 0 0 1
    outer loop
      vertex 0.862656 -0.21431 9
      vertex 0.836853 -0.31723 9
      vertex 2.56766 -0.711655 9
    endloop
  endfacet
  facet normal 0 0 1
    outer loop
      vertex 0.836853 -0.31723 9
      vertex 0.811111 -0.419449 9
      vertex 2.53964 -0.817123 9
    endloop
  endfacet
  facet normal 0 0 1
    outer loop
      vertex 0.811111 -0.419449 9
      vertex 2.5114 -0.922379 9
      vertex 2.53964 -0.817123 9
    endloop
  endfacet
  facet normal 0 0 1
    outer loop
      vertex 0.785263 -0.521683 9
      vertex 2.48296 -1.02739 9
      vertex 2.5114 -0.922379 9
    endloop
  endfacet
  facet normal 0 0 1
    outer loop
      vertex 0.75946 -0.623093 9
      vertex 2.45422 -1.13231 9
      vertex 2.48296 -1.02739 9
    endloop
  endfacet
  facet normal 0 0 1
    outer loop
      vertex 0.733658 -0.724091 9
      vertex 2.42531 -1.23692 9
      vertex 2.45422 -1.13231 9
    endloop
  endfacet
  facet normal -0 0 1
    outer loop
      vertex 0.707932 -0.824265 9
      vertex 2.42531 -1.23692 9
      vertex 0.733658 -0.724091 9
    endloop
  endfacet
  facet normal -0 0 1
    outer loop
      vertex 0.682068 -0.924515 9
      vertex 2.39612 -1.34142 9
      vertex 0.707932 -0.824265 9
    endloop
  endfacet
  facet normal -0 0 1
    outer loop
      vertex 0.656281 -1.02393 9
      vertex 2.36673 -1.44563 9
      vertex 0.682068 -0.924515 9
    endloop
  endfacet
  facet normal 0 -0 1
    outer loop
      vertex 2.33708 -1.54973 9
      vertex 2.36673 -1.44563 9
      vertex 0.656281 -1.02393 9
    endloop
  endfacet
  facet normal 0 -0 1
    outer loop
      vertex 2.30722 -1.65359 9
      vertex 2.33708 -1.54973 9
      vertex 0.630478 -1.12294 9
    endloop
  endfacet
  facet normal 0 -0 1
    outer loop
      vertex 2.2771 -1.75729 9
      vertex 2.30722 -1.65359 9
      vertex 0.604691 -1.22142 9
    endloop
  endfacet
  facet normal 0 -0 1
    outer loop
      vertex 2.24677 -1.86072 9
      vertex 2.2771 -1.75729 9
      vertex 0.578903 -1.31934 9
    endloop
  endfacet
  facet normal 0 0 1
    outer loop
      vertex 2.24677 -1.86072 9
      vertex 0.578903 -1.31934 9
      vertex 0.553116 -1.41684 9
    endloop
  endfacet
  facet normal 0 0 1
    outer loop
      vertex 2.21619 -1.96402 9
      vertex 0.553116 -1.41684 9
      vertex 0.527328 -1.51381 9
    endloop
  endfacet
  facet normal 0 0 1
    outer loop
      vertex -1.75322 -1.89023 9
      vertex -1.89746 -1.48061 9
      vertex -1.93671 -1.464 9
    endloop
  endfacet
  facet normal 0 0 1
    outer loop
      vertex 2.18538 -2.06711 9
      vertex 0.527328 -1.51381 9
      vertex 0.501541 -1.61023 9
    endloop
  endfacet
  facet normal 0 0 1
    outer loop
      vertex -1.9753 -1.44814 9
      vertex -1.78119 -1.96117 9
      vertex -1.75322 -1.89023 9
    endloop
  endfacet
  facet normal 0 0 1
    outer loop
      vertex 2.15433 -2.16998 9
      vertex 0.501541 -1.61023 9
      vertex 0.47583 -1.70593 9
    endloop
  endfacet
  facet normal 0 0 1
    outer loop
      vertex -1.80801 -2.03036 9
      vertex -2.05081 -1.41846 9
      vertex -2.08485 -1.40573 9
    endloop
  endfacet
  facet normal 0 0 1
    outer loop
      vertex 2.15433 -2.16998 9
      vertex 0.47583 -1.70593 9
      vertex 2.12305 -2.27269 9
    endloop
  endfacet
  facet normal 0 0 1
    outer loop
      vertex -2.12395 -1.39166 9
      vertex -2.15652 -1.38039 9
      vertex -1.83372 -2.09782 9
    endloop
  endfacet
  facet normal 0 0 1
    outer loop
      vertex 2.12305 -2.27269 9
      vertex 0.449982 -1.80173 9
      vertex 2.09148 -2.37502 9
    endloop
  endfacet
  facet normal 0 0 1
    outer loop
      vertex -2.19504 -1.36763 9
      vertex -1.83372 -2.09782 9
      vertex -2.19151 -1.36877 9
    endloop
  endfacet
  facet normal 0 0 1
    outer loop
      vertex 2.05959 -2.47668 9
      vertex 0.424194 -1.89667 9
      vertex 0.398407 -1.99117 9
    endloop
  endfacet
  facet normal 0 0 1
    outer loop
      vertex -1.85922 -2.16602 9
      vertex -2.22618 -1.35782 9
      vertex -2.26004 -1.34767 9
    endloop
  endfacet
  facet normal -0 0 1
    outer loop
      vertex 0.346848 -2.17863 9
      vertex 2.02747 -2.57745 9
      vertex 0.372711 -2.08482 9
    endloop
  endfacet
  facet normal 0 0 1
    outer loop
      vertex -1.85922 -2.16602 9
      vertex -2.29358 -1.33818 9
      vertex -2.29753 -1.3371 9
    endloop
  endfacet
  facet normal 0 -0 1
    outer loop
      vertex 1.9951 -2.67731 9
      vertex 2.02747 -2.57745 9
      vertex 0.346848 -2.17863 9
    endloop
  endfacet
  facet normal 0 0 1
    outer loop
      vertex -2.32648 -1.32945 9
      vertex -2.33086 -1.32834 9
      vertex -1.85922 -2.16602 9
    endloop
  endfacet
  facet normal 0 -0 1
    outer loop
      vertex 1.96246 -2.77629 9
      vertex 1.9951 -2.67731 9
      vertex 0.321075 -2.27158 9
    endloop
  endfacet
  facet normal 0 0 1
    outer loop
      vertex -2.39117 -1.31416 9
      vertex -1.88467 -2.23535 9
      vertex -2.36369 -1.32034 9
    endloop
  endfacet
  facet normal 0 -0 1
    outer loop
      vertex 1.9296 -2.87431 9
      vertex 1.96246 -2.77629 9
      vertex 0.295288 -2.36409 9
    endloop
  endfacet
  facet normal 0 0 1
    outer loop
      vertex -2.45413 -1.30193 9
      vertex -1.88467 -2.23535 9
      vertex -2.4281 -1.30666 9
    endloop
  endfacet
  facet normal 0 -0 1
    outer loop
      vertex 1.89653 -2.97142 9
      vertex 1.9296 -2.87431 9
      vertex 0.269516 -2.45607 9
    endloop
  endfacet
  facet normal 0 0 1
    outer loop
      vertex -1.90898 -2.30284 9
      vertex -2.485 -1.29697 9
      vertex -2.4912 -1.29607 9
    endloop
  endfacet
  facet normal 0 0 1
    outer loop
      vertex 1.89653 -2.97142 9
      vertex 0.269516 -2.45607 9
      vertex 0.243835 -2.54715 9
    endloop
  endfacet
  facet normal 0 0 1
    outer loop
      vertex -1.90898 -2.30284 9
      vertex -2.54599 -1.28949 9
      vertex -2.55299 -1.28883 9
    endloop
  endfacet
  facet normal 0 0 1
    outer loop
      vertex 1.86314 -3.0677 9
      vertex 0.243835 -2.54715 9
      vertex 0.218307 -2.63698 9
    endloop
  endfacet
  facet normal 0 0 1
    outer loop
      vertex -2.60582 -1.28546 9
      vertex -2.61403 -1.28519 9
      vertex -1.90898 -2.30284 9
    endloop
  endfacet
  facet normal 0 0 1
    outer loop
      vertex 1.82956 -3.16298 9
      vertex 0.218307 -2.63698 9
      vertex 0.192902 -2.72571 9
    endloop
  endfacet
  facet normal 0 0 1
    outer loop
      vertex 1.79573 -3.25739 9
      vertex 0.192902 -2.72571 9
      vertex 0.167648 -2.81319 9
    endloop
  endfacet
  facet normal 0 0 1
    outer loop
      vertex 1.76164 -3.35091 9
      vertex 0.167648 -2.81319 9
      vertex 0.142517 -2.89951 9
    endloop
  endfacet
  facet normal 0 0 1
    outer loop
      vertex 1.72731 -3.44348 9
      vertex 0.142517 -2.89951 9
      vertex 0.117523 -2.9847 9
    endloop
  endfacet
  facet normal 0 0 1
    outer loop
      vertex 1.72731 -3.44348 9
      vertex 0.117523 -2.9847 9
      vertex 1.69276 -3.53513 9
    endloop
  endfacet
  facet normal 0 0 1
    outer loop
      vertex 1.69276 -3.53513 9
      vertex 0.0926666 -3.0687 9
      vertex 1.6579 -3.62596 9
    endloop
  endfacet
  facet normal 0 0 1
    outer loop
      vertex 1.6579 -3.62596 9
      vertex 0.0679474 -3.15155 9
      vertex 1.62285 -3.71579 9
    endloop
  endfacet
  facet normal 0 0 1
    outer loop
      vertex 1.62285 -3.71579 9
      vertex 0.043396 -3.23315 9
      vertex 1.58754 -3.80473 9
    endloop
  endfacet
  facet normal 0 0 1
    outer loop
      vertex 1.58754 -3.80473 9
      vertex 0.0191345 -3.31303 9
      vertex 1.55196 -3.89282 9
    endloop
  endfacet
  facet normal 0 0 1
    outer loop
      vertex 1.55196 -3.89282 9
      vertex -0.00535583 -3.39294 9
      vertex 1.51614 -3.97997 9
    endloop
  endfacet
  facet normal 0 0 1
    outer loop
      vertex 1.51614 -3.97997 9
      vertex -0.0295105 -3.47113 9
      vertex 1.48007 -4.06621 9
    endloop
  endfacet
  facet normal 0 0 1
    outer loop
      vertex 1.44376 -4.15152 9
      vertex -0.0535278 -3.54802 9
      vertex -0.0774231 -3.62386 9
    endloop
  endfacet
  facet normal 0 -0 1
    outer loop
      vertex 1.37036 -4.31949 9
      vertex 1.4072 -4.23595 9
      vertex -0.100952 -3.69777 9
    endloop
  endfacet
  facet normal -0 0 1
    outer loop
      vertex -0.148224 -3.84409 9
      vertex 1.33331 -4.40208 9
      vertex -0.124771 -3.7719 9
    endloop
  endfacet
  facet normal 0 0 1
    outer loop
      vertex -0.171555 -3.91519 9
      vertex -0.194733 -3.98511 9
      vertex 1.29033 -4.49358 9
    endloop
  endfacet
  facet normal 0 0 1
    outer loop
      vertex 1.20607 -4.66711 9
      vertex -0.217758 -4.05376 9
      vertex -0.240662 -4.12137 9
    endloop
  endfacet
  facet normal 0 -0 1
    outer loop
      vertex 1.1214 -4.83408 9
      vertex 1.16379 -4.75142 9
      vertex -0.263397 -4.18768 9
    endloop
  endfacet
  facet normal 0 -0 1
    outer loop
      vertex 1.07889 -4.91512 9
      vertex 1.1214 -4.83408 9
      vertex -0.285141 -4.2504 9
    endloop
  endfacet
  facet normal -0 0 1
    outer loop
      vertex -0.343964 -4.40768 9
      vertex 1.03624 -4.99455 9
      vertex -0.314484 -4.33 9
    endloop
  endfacet
  facet normal 0 0 1
    outer loop
      vertex -0.37413 -4.48499 9
      vertex -0.40271 -4.55605 9
      vertex 0.950577 -5.14848 9
    endloop
  endfacet
  facet normal 0 0 1
    outer loop
      vertex 0.8629 -5.2984 9
      vertex -0.432724 -4.6284 9
      vertex -0.462311 -4.69753 9
    endloop
  endfacet
  facet normal 0 0 1
    outer loop
      vertex 0.733978 -5.50499 9
      vertex -0.520889 -4.82777 9
      vertex 0.68837 -5.57417 9
    endloop
  endfacet
  facet normal 0 -0 1
    outer loop
      vertex 0.0128937 -6.37975 9
      vertex 0.056366 -6.33867 9
      vertex -0.91362 -5.47289 9
    endloop
  endfacet
  facet normal 0 0 1
    outer loop
      vertex -0.940018 -5.50151 9
      vertex -0.0809631 -6.46397 9
      vertex -0.0372314 -6.42549 9
    endloop
  endfacet
  facet normal 0 0 1
    outer loop
      vertex -0.91362 -5.47289 9
      vertex -0.940018 -5.50151 9
      vertex -0.0338745 -6.42249 9
    endloop
  endfacet
  facet normal 0 0 1
    outer loop
      vertex -0.940018 -5.50151 9
      vertex -0.0372314 -6.42549 9
      vertex -0.0338745 -6.42249 9
    endloop
  endfacet
  facet normal -0 0 1
    outer loop
      vertex -0.966187 -5.52824 9
      vertex -0.0809631 -6.46397 9
      vertex -0.940018 -5.50151 9
    endloop
  endfacet
  facet normal 0 -0 1
    outer loop
      vertex -0.0844269 -6.46696 9
      vertex -0.0809631 -6.46397 9
      vertex -0.966187 -5.52824 9
    endloop
  endfacet
  facet normal 0 0 1
    outer loop
      vertex -0.0844269 -6.46696 9
      vertex -0.966187 -5.52824 9
      vertex -0.128296 -6.50417 9
    endloop
  endfacet
  facet normal 0 0 1
    outer loop
      vertex -0.993134 -5.5544 9
      vertex -0.131958 -6.5072 9
      vertex -0.128296 -6.50417 9
    endloop
  endfacet
  facet normal 0 0 1
    outer loop
      vertex -0.966187 -5.52824 9
      vertex -0.993134 -5.5544 9
      vertex -0.128296 -6.50417 9
    endloop
  endfacet
  facet normal 0 -0 1
    outer loop
      vertex -0.175964 -6.54311 9
      vertex -0.131958 -6.5072 9
      vertex -0.993134 -5.5544 9
    endloop
  endfacet
  facet normal 0 0 1
    outer loop
      vertex -1.01964 -5.57872 9
      vertex -0.223816 -6.5807 9
      vertex -0.179688 -6.54608 9
    endloop
  endfacet
  facet normal -0 0 1
    outer loop
      vertex -1.04597 -5.60153 9
      vertex -0.223816 -6.5807 9
      vertex -1.01964 -5.57872 9
    endloop
  endfacet
  facet normal 0 -0 1
    outer loop
      vertex -0.227768 -6.58374 9
      vertex -0.223816 -6.5807 9
      vertex -1.04597 -5.60153 9
    endloop
  endfacet
  facet normal 0 0 1
    outer loop
      vertex -0.227768 -6.58374 9
      vertex -1.04597 -5.60153 9
      vertex -0.272034 -6.61707 9
    endloop
  endfacet
  facet normal 0 0 1
    outer loop
      vertex -0.276138 -6.6201 9
      vertex -1.07245 -5.62315 9
      vertex -0.320541 -6.65213 9
    endloop
  endfacet
  facet normal 0 0 1
    outer loop
      vertex -1.07245 -5.62315 9
      vertex -0.324738 -6.65509 9
      vertex -0.320541 -6.65213 9
    endloop
  endfacet
  facet normal -0 0 1
    outer loop
      vertex -1.09892 -5.64345 9
      vertex -0.324738 -6.65509 9
      vertex -1.07245 -5.62315 9
    endloop
  endfacet
  facet normal 0 -0 1
    outer loop
      vertex -0.369263 -6.68584 9
      vertex -0.324738 -6.65509 9
      vertex -1.09892 -5.64345 9
    endloop
  endfacet
  facet normal 0 -0 1
    outer loop
      vertex -0.41832 -6.71826 9
      vertex -0.373657 -6.6888 9
      vertex -1.12495 -5.66216 9
    endloop
  endfacet
  facet normal 0 0 1
    outer loop
      vertex -0.41832 -6.71826 9
      vertex -1.12495 -5.66216 9
      vertex -0.422974 -6.72125 9
    endloop
  endfacet
  facet normal 0 0 1
    outer loop
      vertex -1.12495 -5.66216 9
      vertex -0.467773 -6.7494 9
      vertex -0.422974 -6.72125 9
    endloop
  endfacet
  facet normal -0 0 1
    outer loop
      vertex -1.1514 -5.67982 9
      vertex -0.467773 -6.7494 9
      vertex -1.12495 -5.66216 9
    endloop
  endfacet
  facet normal 0 0 1
    outer loop
      vertex -1.17699 -5.69576 9
      vertex -0.522308 -6.78204 9
      vertex -0.517319 -6.77913 9
    endloop
  endfacet
  facet normal 0 0 1
    outer loop
      vertex -0.567368 -6.80762 9
      vertex -1.17699 -5.69576 9
      vertex -1.20273 -5.71057 9
    endloop
  endfacet
  facet normal 0 -0 1
    outer loop
      vertex -0.567368 -6.80762 9
      vertex -0.522308 -6.78204 9
      vertex -1.17699 -5.69576 9
    endloop
  endfacet
  facet normal 0 0 1
    outer loop
      vertex -0.617599 -6.8347 9
      vertex -1.20273 -5.71057 9
      vertex -0.622803 -6.83742 9
    endloop
  endfacet
  facet normal 0 -0 1
    outer loop
      vertex -0.617599 -6.8347 9
      vertex -0.572403 -6.81041 9
      vertex -1.20273 -5.71057 9
    endloop
  endfacet
  facet normal 0 -0 1
    outer loop
      vertex -0.673538 -6.86308 9
      vertex -0.668137 -6.86043 9
      vertex -1.22852 -5.7242 9
    endloop
  endfacet
  facet normal 0 0 1
    outer loop
      vertex -0.673538 -6.86308 9
      vertex -1.22852 -5.7242 9
      vertex -1.25438 -5.73669 9
    endloop
  endfacet
  facet normal 0 0 1
    outer loop
      vertex -0.724548 -6.88736 9
      vertex -1.25438 -5.73669 9
      vertex -0.770126 -6.90778 9
    endloop
  endfacet
  facet normal 0 0 1
    outer loop
      vertex -0.774765 -6.90981 9
      vertex -1.27957 -5.74773 9
      vertex -0.82045 -6.92917 9
    endloop
  endfacet
  facet normal 0 0 1
    outer loop
      vertex -1.27957 -5.74773 9
      vertex -1.30498 -5.75774 9
      vertex -0.82045 -6.92917 9
    endloop
  endfacet
  facet normal 0 0 1
    outer loop
      vertex -1.30498 -5.75774 9
      vertex -0.873917 -6.95079 9
      vertex -0.870056 -6.94926 9
    endloop
  endfacet
  facet normal 0 -0 1
    outer loop
      vertex -0.919724 -6.96843 9
      vertex -0.873917 -6.95079 9
      vertex -1.33049 -5.76666 9
    endloop
  endfacet
  facet normal 0 0 1
    outer loop
      vertex -1.35593 -5.77446 9
      vertex -1.01956 -7.00403 9
      vertex -0.973618 -6.98811 9
    endloop
  endfacet
  facet normal 0 0 1
    outer loop
      vertex -1.38144 -5.7812 9
      vertex -1.06963 -7.02046 9
      vertex -1.02362 -7.0054 9
    endloop
  endfacet
  facet normal 0 -0 1
    outer loop
      vertex -1.07382 -7.02179 9
      vertex -1.06963 -7.02046 9
      vertex -1.4068 -5.78683 9
    endloop
  endfacet
  facet normal 0 0 1
    outer loop
      vertex -1.43246 -5.79146 9
      vertex -1.17021 -7.05057 9
      vertex -1.12407 -7.03723 9
    endloop
  endfacet
  facet normal 0 0 1
    outer loop
      vertex -1.17444 -7.05174 9
      vertex -1.43246 -5.79146 9
      vertex -1.45836 -5.79507 9
    endloop
  endfacet
  facet normal 0 0 1
    outer loop
      vertex -1.22066 -7.06422 9
      vertex -1.45836 -5.79507 9
      vertex -1.22501 -7.06535 9
    endloop
  endfacet
  facet normal 0 0 1
    outer loop
      vertex -1.45836 -5.79507 9
      vertex -1.48399 -5.79761 9
      vertex -1.27129 -7.07697 9
    endloop
  endfacet
  facet normal 0 0 1
    outer loop
      vertex -1.48399 -5.79761 9
      vertex -1.27559 -7.07802 9
      vertex -1.27129 -7.07697 9
    endloop
  endfacet
  facet normal 0 -0 1
    outer loop
      vertex -1.32193 -7.08878 9
      vertex -1.27559 -7.07802 9
      vertex -1.48399 -5.79761 9
    endloop
  endfacet
  facet normal 0 0 1
    outer loop
      vertex -1.32193 -7.08878 9
      vertex -1.48399 -5.79761 9
      vertex -1.5108 -5.79918 9
    endloop
  endfacet
  facet normal 0 0 1
    outer loop
      vertex -1.32193 -7.08878 9
      vertex -1.5108 -5.79918 9
      vertex -1.32639 -7.08975 9
    endloop
  endfacet
  facet normal 0 0 1
    outer loop
      vertex -1.5108 -5.79918 9
      vertex -1.3728 -7.09964 9
      vertex -1.32639 -7.08975 9
    endloop
  endfacet
  facet normal 0 -0 1
    outer loop
      vertex -1.37718 -7.10054 9
      vertex -1.3728 -7.09964 9
      vertex -1.5108 -5.79918 9
    endloop
  endfacet
  facet normal 0 0 1
    outer loop
      vertex -1.37718 -7.10054 9
      vertex -1.5108 -5.79918 9
      vertex -1.53764 -5.79971 9
    endloop
  endfacet
  facet normal 0 0 1
    outer loop
      vertex -1.37718 -7.10054 9
      vertex -1.53764 -5.79971 9
      vertex -1.42366 -7.10957 9
    endloop
  endfacet
  facet normal 0 0 1
    outer loop
      vertex -1.53764 -5.79971 9
      vertex -1.42809 -7.1104 9
      vertex -1.42366 -7.10957 9
    endloop
  endfacet
  facet normal 0 0 1
    outer loop
      vertex -1.57027 -5.79913 9
      vertex -1.42809 -7.1104 9
      vertex -1.53764 -5.79971 9
    endloop
  endfacet
  facet normal 0 -0 1
    outer loop
      vertex -1.47462 -7.11858 9
      vertex -1.42809 -7.1104 9
      vertex -1.57027 -5.79913 9
    endloop
  endfacet
  facet normal 0 0 1
    outer loop
      vertex -1.47462 -7.11858 9
      vertex -1.57027 -5.79913 9
      vertex -1.47917 -7.11932 9
    endloop
  endfacet
  facet normal 0 0 1
    outer loop
      vertex -1.57027 -5.79913 9
      vertex -1.52579 -7.12663 9
      vertex -1.47917 -7.11932 9
    endloop
  endfacet
  facet normal 0 0 1
    outer loop
      vertex -1.6026 -5.79735 9
      vertex -1.52579 -7.12663 9
      vertex -1.57027 -5.79913 9
    endloop
  endfacet
  facet normal 0 -0 1
    outer loop
      vertex -1.53027 -7.1273 9
      vertex -1.52579 -7.12663 9
      vertex -1.6026 -5.79735 9
    endloop
  endfacet
  facet normal 0 0 1
    outer loop
      vertex -1.53027 -7.1273 9
      vertex -1.6026 -5.79735 9
      vertex -1.57695 -7.13376 9
    endloop
  endfacet
  facet normal 0 0 1
    outer loop
      vertex -1.6026 -5.79735 9
      vertex -1.58153 -7.13434 9
      vertex -1.57695 -7.13376 9
    endloop
  endfacet
  facet normal 0 0 1
    outer loop
      vertex -1.63368 -5.79445 9
      vertex -1.58153 -7.13434 9
      vertex -1.6026 -5.79735 9
    endloop
  endfacet
  facet normal 0 0 1
    outer loop
      vertex -1.63368 -5.79445 9
      vertex -1.63272 -7.14041 9
      vertex -1.62827 -7.13992 9
    endloop
  endfacet
  facet normal 0 0 1
    outer loop
      vertex -1.67953 -7.14516 9
      vertex -1.63272 -7.14041 9
      vertex -1.63368 -5.79445 9
    endloop
  endfacet
  facet normal 0 0 1
    outer loop
      vertex -1.67953 -7.14516 9
      vertex -1.63368 -5.79445 9
      vertex -1.66379 -5.79045 9
    endloop
  endfacet
  facet normal 0 -0 1
    outer loop
      vertex -1.67953 -7.14516 9
      vertex -1.66379 -5.79045 9
      vertex -1.68423 -7.1456 9
    endloop
  endfacet
  facet normal 0 0 1
    outer loop
      vertex -1.66379 -5.79045 9
      vertex -1.73112 -7.14946 9
      vertex -1.68423 -7.1456 9
    endloop
  endfacet
  facet normal 0 0 1
    outer loop
      vertex -1.73558 -7.14978 9
      vertex -1.73112 -7.14946 9
      vertex -1.66379 -5.79045 9
    endloop
  endfacet
  facet normal 0 0 1
    outer loop
      vertex -1.73558 -7.14978 9
      vertex -1.66379 -5.79045 9
      vertex -1.69313 -5.78534 9
    endloop
  endfacet
  facet normal 0 -0 1
    outer loop
      vertex -1.73558 -7.14978 9
      vertex -1.69313 -5.78534 9
      vertex -1.78252 -7.1528 9
    endloop
  endfacet
  facet normal 0 0 1
    outer loop
      vertex -1.69313 -5.78534 9
      vertex -1.78714 -7.15306 9
      vertex -1.78252 -7.1528 9
    endloop
  endfacet
  facet normal 0 0 1
    outer loop
      vertex -1.83415 -7.15521 9
      vertex -1.78714 -7.15306 9
      vertex -1.69313 -5.78534 9
    endloop
  endfacet
  facet normal 0 0 1
    outer loop
      vertex -1.83415 -7.15521 9
      vertex -1.69313 -5.78534 9
      vertex -1.72166 -5.77914 9
    endloop
  endfacet
  facet normal 0 -0 1
    outer loop
      vertex -1.83415 -7.15521 9
      vertex -1.72166 -5.77914 9
      vertex -1.83878 -7.15538 9
    endloop
  endfacet
  facet normal 0 0 1
    outer loop
      vertex -1.72166 -5.77914 9
      vertex -1.88585 -7.15666 9
      vertex -1.83878 -7.15538 9
    endloop
  endfacet
  facet normal 0 0 1
    outer loop
      vertex -1.8904 -7.15674 9
      vertex -1.88585 -7.15666 9
      vertex -1.72166 -5.77914 9
    endloop
  endfacet
  facet normal 0 0 1
    outer loop
      vertex -1.8904 -7.15674 9
      vertex -1.72166 -5.77914 9
      vertex -1.7494 -5.7719 9
    endloop
  endfacet
  facet normal 0 -0 1
    outer loop
      vertex -1.8904 -7.15674 9
      vertex -1.7494 -5.7719 9
      vertex -1.94173 -7.15718 9
    endloop
  endfacet
  facet normal 0 0 1
    outer loop
      vertex -1.7494 -5.7719 9
      vertex -1.98137 -7.15688 9
      vertex -1.94173 -7.15718 9
    endloop
  endfacet
  facet normal 0 0 1
    outer loop
      vertex -1.7762 -5.76367 9
      vertex -1.98137 -7.15688 9
      vertex -1.7494 -5.7719 9
    endloop
  endfacet
  facet normal 0 0 1
    outer loop
      vertex -1.80238 -5.75438 9
      vertex -2.11684 -7.15155 9
      vertex -2.07292 -7.15398 9
    endloop
  endfacet
  facet normal 0 -0 1
    outer loop
      vertex -2.20518 -7.14462 9
      vertex -1.85281 -5.73267 9
      vertex -2.24583 -7.14053 9
    endloop
  endfacet
  facet normal 0 -0 1
    outer loop
      vertex -2.33855 -7.12915 9
      vertex -1.87767 -5.71996 9
      vertex -2.37968 -7.12317 9
    endloop
  endfacet
  facet normal -0 0 1
    outer loop
      vertex -2.51784 -7.09911 9
      vertex -2.47285 -7.10762 9
      vertex -1.92516 -5.6916 9
    endloop
  endfacet
  facet normal 0 0 1
    outer loop
      vertex -1.97142 -5.65825 9
      vertex -2.65358 -7.06956 9
      vertex -2.6049 -7.08081 9
    endloop
  endfacet
  facet normal 0 0 1
    outer loop
      vertex -1.99388 -5.63983 9
      vertex -2.01607 -5.62004 9
      vertex -2.78708 -7.03499 9
    endloop
  endfacet
  facet normal 0 0 1
    outer loop
      vertex -2.10289 -5.52571 9
      vertex -3.17368 -6.89664 9
      vertex -3.16656 -6.90004 9
    endloop
  endfacet
  facet normal 0 0 1
    outer loop
      vertex -2.12354 -5.49875 9
      vertex -2.14368 -5.47044 9
      vertex -3.39786 -6.76703 9
    endloop
  endfacet
  facet normal 0 -0 1
    outer loop
      vertex -3.569 -6.63448 9
      vertex -2.16298 -5.44118 9
      vertex -3.57443 -6.62971 9
    endloop
  endfacet
  facet normal -0 0 1
    outer loop
      vertex -3.73149 -6.47504 9
      vertex -3.72707 -6.47989 9
      vertex -2.19928 -5.37927 9
    endloop
  endfacet
  facet normal 0 0 1
    outer loop
      vertex -2.23224 -5.31316 9
      vertex -3.87541 -6.29967 9
      vertex -3.87184 -6.30447 9
    endloop
  endfacet
  facet normal 0 -0 1
    outer loop
      vertex -4.00562 -6.1022 9
      vertex -2.26234 -5.24142 9
      vertex -4.01024 -6.09402 9
    endloop
  endfacet
  facet normal 0 -0 1
    outer loop
      vertex -4.11943 -5.86336 9
      vertex -2.27591 -5.20439 9
      vertex -4.12238 -5.85588 9
    endloop
  endfacet
  facet normal -0 0 1
    outer loop
      vertex -4.18715 -5.66628 9
      vertex -4.16844 -5.72672 9
      vertex -2.3008 -5.12566 9
    endloop
  endfacet
  facet normal 0 0 1
    outer loop
      vertex -2.32217 -5.04179 9
      vertex -4.22583 -5.52037 9
      vertex -2.3119 -5.0845 9
    endloop
  endfacet
  facet normal 0 0 1
    outer loop
      vertex -2.33151 -4.99796 9
      vertex -2.33986 -4.95311 9
      vertex -4.26877 -5.30444 9
    endloop
  endfacet
  facet normal 0 0 1
    outer loop
      vertex -4.29164 -5.14301 9
      vertex -2.34734 -4.90668 9
      vertex -2.35391 -4.85849 9
    endloop
  endfacet
  facet normal -0 0 1
    outer loop
      vertex -4.30797 -4.98024 9
      vertex -4.30759 -4.98477 9
      vertex -2.35947 -4.80939 9
    endloop
  endfacet
  facet normal 0 0 1
    outer loop
      vertex -2.36755 -4.70779 9
      vertex -4.31856 -4.81462 9
      vertex -2.36398 -4.75952 9
    endloop
  endfacet
  facet normal 0 0 1
    outer loop
      vertex -2.37018 -4.65399 9
      vertex -4.32405 -4.63766 9
      vertex -4.32211 -4.72305 9
    endloop
  endfacet
  facet normal 0 0 1
    outer loop
      vertex -4.32475 -4.54652 9
      vertex -2.37221 -4.54495 9
      vertex -4.32443 -4.48253 9
    endloop
  endfacet
  facet normal 0 0 1
    outer loop
      vertex -2.3696 -4.40616 9
      vertex -4.32184 -4.35577 9
      vertex -2.37105 -4.45255 9
    endloop
  endfacet
  facet normal 0 0 1
    outer loop
      vertex -4.31302 -4.16585 9
      vertex -2.36482 -4.30898 9
      vertex -2.3616 -4.26033 9
    endloop
  endfacet
  facet normal 0 -0 1
    outer loop
      vertex -2.35323 -4.15976 9
      vertex -2.34805 -4.10771 9
      vertex -4.2921 -3.91312 9
    endloop
  endfacet
  facet normal 0 0 1
    outer loop
      vertex -4.25122 -3.59814 9
      vertex -2.32155 -3.89619 9
      vertex -2.31367 -3.84338 9
    endloop
  endfacet
  facet normal 0 0 1
    outer loop
      vertex -2.26357 -3.56062 9
      vertex -4.15179 -3.09627 9
      vertex -4.16594 -3.15639 9
    endloop
  endfacet
  facet normal -0 0 1
    outer loop
      vertex -4.06747 -2.78822 9
      vertex -2.19841 -3.26411 9
      vertex -4.04993 -2.73285 9
    endloop
  endfacet
  facet normal 0 -0 1
    outer loop
      vertex -2.15143 -3.07832 9
      vertex -2.13495 -3.01718 9
      vertex -3.9462 -2.44824 9
    endloop
  endfacet
  facet normal 0 0 1
    outer loop
      vertex -3.82726 -2.18709 9
      vertex -3.82919 -2.19092 9
      vertex -2.0995 -2.89117 9
    endloop
  endfacet
  facet normal 0 0 1
    outer loop
      vertex -2.06154 -2.76341 9
      vertex -3.72012 -1.99294 9
      vertex -3.72252 -1.99693 9
    endloop
  endfacet
  facet normal 0 0 1
    outer loop
      vertex -2.04111 -2.69725 9
      vertex -3.72012 -1.99294 9
      vertex -2.06154 -2.76341 9
    endloop
  endfacet
  facet normal 0 0 1
    outer loop
      vertex -3.66246 -1.90083 9
      vertex -3.6651 -1.90488 9
      vertex -2.04111 -2.69725 9
    endloop
  endfacet
  facet normal 0 0 1
    outer loop
      vertex -3.60422 -1.81558 9
      vertex -3.6319 -1.85504 9
      vertex -2.02109 -2.63394 9
    endloop
  endfacet
  facet normal 0 0 1
    outer loop
      vertex -3.53726 -1.72891 9
      vertex -3.56615 -1.76486 9
      vertex -1.99994 -2.56862 9
    endloop
  endfacet
  facet normal -0 0 1
    outer loop
      vertex -3.46617 -1.6489 9
      vertex -1.99994 -2.56862 9
      vertex -3.45966 -1.64214 9
    endloop
  endfacet
  facet normal -0 0 1
    outer loop
      vertex -3.39075 -1.57579 9
      vertex -1.97762 -2.50127 9
      vertex -3.38316 -1.56905 9
    endloop
  endfacet
  facet normal 0 0 1
    outer loop
      vertex -1.97762 -2.50127 9
      vertex -3.26917 -1.47975 9
      vertex -3.30222 -1.50343 9
    endloop
  endfacet
  facet normal 0 0 1
    outer loop
      vertex -1.9557 -2.43658 9
      vertex -3.18256 -1.42549 9
      vertex -3.2168 -1.44566 9
    endloop
  endfacet
  facet normal 0 0 1
    outer loop
      vertex -3.08099 -1.37482 9
      vertex -3.09171 -1.37955 9
      vertex -1.9557 -2.43658 9
    endloop
  endfacet
  facet normal -0 0 1
    outer loop
      vertex -3.03387 -1.35562 9
      vertex -1.9557 -2.43658 9
      vertex -2.99725 -1.34247 9
    endloop
  endfacet
  facet normal -0 0 1
    outer loop
      vertex -2.98596 -1.33871 9
      vertex -1.93213 -2.36844 9
      vertex -2.94875 -1.32732 9
    endloop
  endfacet
  facet normal 0 0 1
    outer loop
      vertex -1.93213 -2.36844 9
      vertex -2.88803 -1.31183 9
      vertex -2.89951 -1.31447 9
    endloop
  endfacet
  facet normal 0 0 1
    outer loop
      vertex -2.83817 -1.30186 9
      vertex -2.84962 -1.30394 9
      vertex -1.93213 -2.36844 9
    endloop
  endfacet
  facet normal -0 0 1
    outer loop
      vertex -2.78789 -1.29422 9
      vertex -1.93213 -2.36844 9
      vertex -2.74829 -1.28983 9
    endloop
  endfacet
  facet normal 0 0 1
    outer loop
      vertex -1.90898 -2.30284 9
      vertex -2.68585 -1.28574 9
      vertex -2.69682 -1.28621 9
    endloop
  endfacet
  facet normal 0 0 1
    outer loop
      vertex -1.93213 -2.36844 9
      vertex -2.69682 -1.28621 9
      vertex -2.73701 -1.28883 9
    endloop
  endfacet
  facet normal 0 0 1
    outer loop
      vertex -2.64507 -1.28487 9
      vertex -2.68585 -1.28574 9
      vertex -1.90898 -2.30284 9
    endloop
  endfacet
  facet normal -0 0 1
    outer loop
      vertex -2.64507 -1.28487 9
      vertex -1.90898 -2.30284 9
      vertex -2.6357 -1.28484 9
    endloop
  endfacet
  facet normal 0 0 1
    outer loop
      vertex -2.58344 -1.28656 9
      vertex -1.90898 -2.30284 9
      vertex -2.57613 -1.28702 9
    endloop
  endfacet
  facet normal 0 0 1
    outer loop
      vertex -2.52214 -1.29204 9
      vertex -2.54599 -1.28949 9
      vertex -1.90898 -2.30284 9
    endloop
  endfacet
  facet normal 0 0 1
    outer loop
      vertex -2.52214 -1.29204 9
      vertex -1.90898 -2.30284 9
      vertex -2.51576 -1.2928 9
    endloop
  endfacet
  facet normal 0 0 1
    outer loop
      vertex -2.45969 -1.30098 9
      vertex -2.485 -1.29697 9
      vertex -1.90898 -2.30284 9
    endloop
  endfacet
  facet normal 0 0 1
    outer loop
      vertex -2.45413 -1.30193 9
      vertex -2.45969 -1.30098 9
      vertex -1.88467 -2.23535 9
    endloop
  endfacet
  facet normal 0 0 1
    outer loop
      vertex -1.88467 -2.23535 9
      vertex -2.42293 -1.30765 9
      vertex -2.4281 -1.30666 9
    endloop
  endfacet
  facet normal 0 0 1
    outer loop
      vertex -2.39117 -1.31416 9
      vertex -2.39616 -1.3131 9
      vertex -1.88467 -2.23535 9
    endloop
  endfacet
  facet normal 0 0 1
    outer loop
      vertex -1.88467 -2.23535 9
      vertex -2.33086 -1.32834 9
      vertex -2.35909 -1.32143 9
    endloop
  endfacet
  facet normal 0 0 1
    outer loop
      vertex -1.85922 -2.16602 9
      vertex -2.33086 -1.32834 9
      vertex -1.88467 -2.23535 9
    endloop
  endfacet
  facet normal 0 0 1
    outer loop
      vertex -2.32648 -1.32945 9
      vertex -1.85922 -2.16602 9
      vertex -2.29753 -1.3371 9
    endloop
  endfacet
  facet normal 0 0 1
    outer loop
      vertex -2.2639 -1.34654 9
      vertex -2.29358 -1.33818 9
      vertex -1.85922 -2.16602 9
    endloop
  endfacet
  facet normal 0 0 1
    outer loop
      vertex -2.2639 -1.34654 9
      vertex -1.85922 -2.16602 9
      vertex -2.26004 -1.34767 9
    endloop
  endfacet
  facet normal 0 0 1
    outer loop
      vertex -1.83372 -2.09782 9
      vertex -2.22618 -1.35782 9
      vertex -1.85922 -2.16602 9
    endloop
  endfacet
  facet normal 0 0 1
    outer loop
      vertex -2.19504 -1.36763 9
      vertex -2.22618 -1.35782 9
      vertex -1.83372 -2.09782 9
    endloop
  endfacet
  facet normal 0 0 1
    outer loop
      vertex -1.83372 -2.09782 9
      vertex -2.15652 -1.38039 9
      vertex -2.19151 -1.36877 9
    endloop
  endfacet
  facet normal 0 0 1
    outer loop
      vertex -2.12395 -1.39166 9
      vertex -1.83372 -2.09782 9
      vertex -1.80801 -2.03036 9
    endloop
  endfacet
  facet normal 0 0 1
    outer loop
      vertex -2.12395 -1.39166 9
      vertex -1.80801 -2.03036 9
      vertex -2.08485 -1.40573 9
    endloop
  endfacet
  facet normal 0 0 1
    outer loop
      vertex -1.78119 -1.96117 9
      vertex -2.05081 -1.41846 9
      vertex -1.80801 -2.03036 9
    endloop
  endfacet
  facet normal 0 0 1
    outer loop
      vertex -1.9753 -1.44814 9
      vertex -2.01335 -1.43294 9
      vertex -1.78119 -1.96117 9
    endloop
  endfacet
  facet normal 0 0 1
    outer loop
      vertex -1.9753 -1.44814 9
      vertex -1.75322 -1.89023 9
      vertex -1.93671 -1.464 9
    endloop
  endfacet
  facet normal 0 0 1
    outer loop
      vertex -1.72516 -1.82024 9
      vertex -1.89746 -1.48061 9
      vertex -1.75322 -1.89023 9
    endloop
  endfacet
  facet normal 0 0 1
    outer loop
      vertex -1.85759 -1.49791 9
      vertex -1.89746 -1.48061 9
      vertex -1.72516 -1.82024 9
    endloop
  endfacet
  facet normal 0 0 1
    outer loop
      vertex -2.01335 -1.43294 9
      vertex -2.05081 -1.41846 9
      vertex -1.78119 -1.96117 9
    endloop
  endfacet
  facet normal 0 0 1
    outer loop
      vertex -1.88467 -2.23535 9
      vertex -2.35909 -1.32143 9
      vertex -2.36369 -1.32034 9
    endloop
  endfacet
  facet normal 0 0 1
    outer loop
      vertex -2.39616 -1.3131 9
      vertex -2.42293 -1.30765 9
      vertex -1.88467 -2.23535 9
    endloop
  endfacet
  facet normal 0 0 1
    outer loop
      vertex -2.45969 -1.30098 9
      vertex -1.90898 -2.30284 9
      vertex -1.88467 -2.23535 9
    endloop
  endfacet
  facet normal 0 0 1
    outer loop
      vertex -1.90898 -2.30284 9
      vertex -2.4912 -1.29607 9
      vertex -2.51576 -1.2928 9
    endloop
  endfacet
  facet normal 0 0 1
    outer loop
      vertex -1.90898 -2.30284 9
      vertex -2.55299 -1.28883 9
      vertex -2.57613 -1.28702 9
    endloop
  endfacet
  facet normal 0 0 1
    outer loop
      vertex -2.60582 -1.28546 9
      vertex -1.90898 -2.30284 9
      vertex -2.58344 -1.28656 9
    endloop
  endfacet
  facet normal 0 0 1
    outer loop
      vertex -1.90898 -2.30284 9
      vertex -2.69682 -1.28621 9
      vertex -1.93213 -2.36844 9
    endloop
  endfacet
  facet normal 0 0 1
    outer loop
      vertex -1.93213 -2.36844 9
      vertex -2.73701 -1.28883 9
      vertex -2.74829 -1.28983 9
    endloop
  endfacet
  facet normal -0 0 1
    outer loop
      vertex -2.79916 -1.29573 9
      vertex -1.93213 -2.36844 9
      vertex -2.78789 -1.29422 9
    endloop
  endfacet
  facet normal -0 0 1
    outer loop
      vertex -2.83817 -1.30186 9
      vertex -1.93213 -2.36844 9
      vertex -2.79916 -1.29573 9
    endloop
  endfacet
  facet normal 0 0 1
    outer loop
      vertex -2.84962 -1.30394 9
      vertex -2.88803 -1.31183 9
      vertex -1.93213 -2.36844 9
    endloop
  endfacet
  facet normal 0 0 1
    outer loop
      vertex -1.93213 -2.36844 9
      vertex -2.89951 -1.31447 9
      vertex -2.93732 -1.32411 9
    endloop
  endfacet
  facet normal 0 0 1
    outer loop
      vertex -1.93213 -2.36844 9
      vertex -2.93732 -1.32411 9
      vertex -2.94875 -1.32732 9
    endloop
  endfacet
  facet normal -0 0 1
    outer loop
      vertex -2.99725 -1.34247 9
      vertex -1.93213 -2.36844 9
      vertex -2.98596 -1.33871 9
    endloop
  endfacet
  facet normal 0 -0 1
    outer loop
      vertex -1.9557 -2.43658 9
      vertex -1.93213 -2.36844 9
      vertex -2.99725 -1.34247 9
    endloop
  endfacet
  facet normal -0 0 1
    outer loop
      vertex -3.04497 -1.35991 9
      vertex -1.9557 -2.43658 9
      vertex -3.03387 -1.35562 9
    endloop
  endfacet
  facet normal -0 0 1
    outer loop
      vertex -3.08099 -1.37482 9
      vertex -1.9557 -2.43658 9
      vertex -3.04497 -1.35991 9
    endloop
  endfacet
  facet normal 0 0 1
    outer loop
      vertex -3.09171 -1.37955 9
      vertex -3.12714 -1.39619 9
      vertex -1.9557 -2.43658 9
    endloop
  endfacet
  facet normal 0 0 1
    outer loop
      vertex -3.12714 -1.39619 9
      vertex -3.13768 -1.40146 9
      vertex -1.9557 -2.43658 9
    endloop
  endfacet
  facet normal 0 0 1
    outer loop
      vertex -3.13768 -1.40146 9
      vertex -3.17252 -1.41988 9
      vertex -1.9557 -2.43658 9
    endloop
  endfacet
  facet normal 0 0 1
    outer loop
      vertex -3.17252 -1.41988 9
      vertex -3.18256 -1.42549 9
      vertex -1.9557 -2.43658 9
    endloop
  endfacet
  facet normal 0 0 1
    outer loop
      vertex -1.9557 -2.43658 9
      vertex -3.2168 -1.44566 9
      vertex -3.22633 -1.45157 9
    endloop
  endfacet
  facet normal 0 0 1
    outer loop
      vertex -1.9557 -2.43658 9
      vertex -3.22633 -1.45157 9
      vertex -3.25998 -1.47348 9
    endloop
  endfacet
  facet normal 0 0 1
    outer loop
      vertex -1.9557 -2.43658 9
      vertex -3.25998 -1.47348 9
      vertex -3.26917 -1.47975 9
    endloop
  endfacet
  facet normal 0 0 1
    outer loop
      vertex -1.9557 -2.43658 9
      vertex -3.26917 -1.47975 9
      vertex -1.97762 -2.50127 9
    endloop
  endfacet
  facet normal 0 0 1
    outer loop
      vertex -1.97762 -2.50127 9
      vertex -3.30222 -1.50343 9
      vertex -3.31076 -1.50984 9
    endloop
  endfacet
  facet normal 0 0 1
    outer loop
      vertex -1.97762 -2.50127 9
      vertex -3.31076 -1.50984 9
      vertex -3.34322 -1.53526 9
    endloop
  endfacet
  facet normal 0 0 1
    outer loop
      vertex -1.97762 -2.50127 9
      vertex -3.34322 -1.53526 9
      vertex -3.3513 -1.54187 9
    endloop
  endfacet
  facet normal 0 0 1
    outer loop
      vertex -1.97762 -2.50127 9
      vertex -3.3513 -1.54187 9
      vertex -3.38316 -1.56905 9
    endloop
  endfacet
  facet normal -0 0 1
    outer loop
      vertex -3.422 -1.60472 9
      vertex -1.97762 -2.50127 9
      vertex -3.39075 -1.57579 9
    endloop
  endfacet
  facet normal -0 0 1
    outer loop
      vertex -3.42899 -1.61145 9
      vertex -1.97762 -2.50127 9
      vertex -3.422 -1.60472 9
    endloop
  endfacet
  facet normal -0 0 1
    outer loop
      vertex -3.45966 -1.64214 9
      vertex -1.97762 -2.50127 9
      vertex -3.42899 -1.61145 9
    endloop
  endfacet
  facet normal 0 -0 1
    outer loop
      vertex -1.99994 -2.56862 9
      vertex -1.97762 -2.50127 9
      vertex -3.45966 -1.64214 9
    endloop
  endfacet
  facet normal -0 0 1
    outer loop
      vertex -3.49625 -1.68134 9
      vertex -1.99994 -2.56862 9
      vertex -3.46617 -1.6489 9
    endloop
  endfacet
  facet normal -0 0 1
    outer loop
      vertex -3.5023 -1.68811 9
      vertex -1.99994 -2.56862 9
      vertex -3.49625 -1.68134 9
    endloop
  endfacet
  facet normal -0 0 1
    outer loop
      vertex -3.53177 -1.72231 9
      vertex -1.99994 -2.56862 9
      vertex -3.5023 -1.68811 9
    endloop
  endfacet
  facet normal -0 0 1
    outer loop
      vertex -3.53726 -1.72891 9
      vertex -1.99994 -2.56862 9
      vertex -3.53177 -1.72231 9
    endloop
  endfacet
  facet normal 0 0 1
    outer loop
      vertex -3.56615 -1.76486 9
      vertex -3.57123 -1.77141 9
      vertex -1.99994 -2.56862 9
    endloop
  endfacet
  facet normal 0 0 1
    outer loop
      vertex -3.57123 -1.77141 9
      vertex -2.02109 -2.63394 9
      vertex -1.99994 -2.56862 9
    endloop
  endfacet
  facet normal -0 0 1
    outer loop
      vertex -3.59952 -1.80911 9
      vertex -2.02109 -2.63394 9
      vertex -3.57123 -1.77141 9
    endloop
  endfacet
  facet normal -0 0 1
    outer loop
      vertex -3.60422 -1.81558 9
      vertex -2.02109 -2.63394 9
      vertex -3.59952 -1.80911 9
    endloop
  endfacet
  facet normal 0 0 1
    outer loop
      vertex -3.6319 -1.85504 9
      vertex -3.63535 -1.86009 9
      vertex -2.02109 -2.63394 9
    endloop
  endfacet
  facet normal 0 0 1
    outer loop
      vertex -3.63535 -1.86009 9
      vertex -3.66246 -1.90083 9
      vertex -2.02109 -2.63394 9
    endloop
  endfacet
  facet normal 0 0 1
    outer loop
      vertex -3.66246 -1.90083 9
      vertex -2.04111 -2.69725 9
      vertex -2.02109 -2.63394 9
    endloop
  endfacet
  facet normal 0 0 1
    outer loop
      vertex -3.6651 -1.90488 9
      vertex -3.69165 -1.94649 9
      vertex -2.04111 -2.69725 9
    endloop
  endfacet
  facet normal 0 0 1
    outer loop
      vertex -3.69165 -1.94649 9
      vertex -3.69414 -1.95047 9
      vertex -2.04111 -2.69725 9
    endloop
  endfacet
  facet normal 0 0 1
    outer loop
      vertex -3.69414 -1.95047 9
      vertex -3.72012 -1.99294 9
      vertex -2.04111 -2.69725 9
    endloop
  endfacet
  facet normal 0 0 1
    outer loop
      vertex -2.06154 -2.76341 9
      vertex -3.72252 -1.99693 9
      vertex -3.74794 -2.04027 9
    endloop
  endfacet
  facet normal 0 0 1
    outer loop
      vertex -2.06154 -2.76341 9
      vertex -3.74794 -2.04027 9
      vertex -3.7502 -2.0442 9
    endloop
  endfacet
  facet normal 0 0 1
    outer loop
      vertex -2.06154 -2.76341 9
      vertex -3.7502 -2.0442 9
      vertex -3.77505 -2.08839 9
    endloop
  endfacet
  facet normal 0 0 1
    outer loop
      vertex -2.06154 -2.76341 9
      vertex -3.77505 -2.08839 9
      vertex -2.08034 -2.82585 9
    endloop
  endfacet
  facet normal 0 0 1
    outer loop
      vertex -3.77505 -2.08839 9
      vertex -3.77722 -2.09232 9
      vertex -2.08034 -2.82585 9
    endloop
  endfacet
  facet normal 0 0 1
    outer loop
      vertex -3.77722 -2.09232 9
      vertex -3.80151 -2.13737 9
      vertex -2.08034 -2.82585 9
    endloop
  endfacet
  facet normal 0 0 1
    outer loop
      vertex -3.80151 -2.13737 9
      vertex -3.80351 -2.14117 9
      vertex -2.08034 -2.82585 9
    endloop
  endfacet
  facet normal 0 0 1
    outer loop
      vertex -3.80351 -2.14117 9
      vertex -3.82726 -2.18709 9
      vertex -2.08034 -2.82585 9
    endloop
  endfacet
  facet normal 0 0 1
    outer loop
      vertex -3.82726 -2.18709 9
      vertex -2.0995 -2.89117 9
      vertex -2.08034 -2.82585 9
    endloop
  endfacet
  facet normal 0 0 1
    outer loop
      vertex -3.82919 -2.19092 9
      vertex -3.85237 -2.23769 9
      vertex -2.0995 -2.89117 9
    endloop
  endfacet
  facet normal 0 0 1
    outer loop
      vertex -3.85237 -2.23769 9
      vertex -3.85425 -2.24155 9
      vertex -2.0995 -2.89117 9
    endloop
  endfacet
  facet normal 0 0 1
    outer loop
      vertex -3.85425 -2.24155 9
      vertex -2.11708 -2.9528 9
      vertex -2.0995 -2.89117 9
    endloop
  endfacet
  facet normal -0 0 1
    outer loop
      vertex -3.87685 -2.28918 9
      vertex -2.11708 -2.9528 9
      vertex -3.85425 -2.24155 9
    endloop
  endfacet
  facet normal -0 0 1
    outer loop
      vertex -3.87856 -2.29285 9
      vertex -2.11708 -2.9528 9
      vertex -3.87685 -2.28918 9
    endloop
  endfacet
  facet normal -0 0 1
    outer loop
      vertex -3.9006 -2.34134 9
      vertex -2.11708 -2.9528 9
      vertex -3.87856 -2.29285 9
    endloop
  endfacet
  facet normal 0 -0 1
    outer loop
      vertex -2.13495 -3.01718 9
      vertex -2.11708 -2.9528 9
      vertex -3.9006 -2.34134 9
    endloop
  endfacet
  facet normal 0 0 1
    outer loop
      vertex -2.13495 -3.01718 9
      vertex -3.9006 -2.34134 9
      vertex -3.92372 -2.39438 9
    endloop
  endfacet
  facet normal 0 0 1
    outer loop
      vertex -2.13495 -3.01718 9
      vertex -3.92372 -2.39438 9
      vertex -3.92528 -2.39803 9
    endloop
  endfacet
  facet normal 0 0 1
    outer loop
      vertex -2.13495 -3.01718 9
      vertex -3.92528 -2.39803 9
      vertex -3.9462 -2.44824 9
    endloop
  endfacet
  facet normal 0 0 1
    outer loop
      vertex -2.15143 -3.07832 9
      vertex -3.9462 -2.44824 9
      vertex -3.94766 -2.45183 9
    endloop
  endfacet
  facet normal 0 0 1
    outer loop
      vertex -2.15143 -3.07832 9
      vertex -3.94766 -2.45183 9
      vertex -3.96802 -2.5029 9
    endloop
  endfacet
  facet normal 0 0 1
    outer loop
      vertex -2.15143 -3.07832 9
      vertex -3.96802 -2.5029 9
      vertex -3.96938 -2.50639 9
    endloop
  endfacet
  facet normal 0 0 1
    outer loop
      vertex -2.15143 -3.07832 9
      vertex -3.96938 -2.50639 9
      vertex -2.16794 -3.14151 9
    endloop
  endfacet
  facet normal 0 0 1
    outer loop
      vertex -3.96938 -2.50639 9
      vertex -3.98918 -2.55833 9
      vertex -2.16794 -3.14151 9
    endloop
  endfacet
  facet normal 0 0 1
    outer loop
      vertex -3.98918 -2.55833 9
      vertex -3.99049 -2.56186 9
      vertex -2.16794 -3.14151 9
    endloop
  endfacet
  facet normal 0 0 1
    outer loop
      vertex -3.99049 -2.56186 9
      vertex -4.00972 -2.61465 9
      vertex -2.16794 -3.14151 9
    endloop
  endfacet
  facet normal 0 0 1
    outer loop
      vertex -4.00972 -2.61465 9
      vertex -2.183 -3.20113 9
      vertex -2.16794 -3.14151 9
    endloop
  endfacet
  facet normal -0 0 1
    outer loop
      vertex -4.01091 -2.618 9
      vertex -2.183 -3.20113 9
      vertex -4.00972 -2.61465 9
    endloop
  endfacet
  facet normal -0 0 1
    outer loop
      vertex -4.02959 -2.67165 9
      vertex -2.183 -3.20113 9
      vertex -4.01091 -2.618 9
    endloop
  endfacet
  facet normal 0 -0 1
    outer loop
      vertex -2.19841 -3.26411 9
      vertex -2.183 -3.20113 9
      vertex -4.02959 -2.67165 9
    endloop
  endfacet
  facet normal 0 0 1
    outer loop
      vertex -2.19841 -3.26411 9
      vertex -4.02959 -2.67165 9
      vertex -4.04993 -2.73285 9
    endloop
  endfacet
  facet normal 0 -0 1
    outer loop
      vertex -2.21228 -3.32286 9
      vertex -2.19841 -3.26411 9
      vertex -4.06747 -2.78822 9
    endloop
  endfacet
  facet normal 0 0 1
    outer loop
      vertex -2.21228 -3.32286 9
      vertex -4.06747 -2.78822 9
      vertex -4.0864 -2.85088 9
    endloop
  endfacet
  facet normal 0 0 1
    outer loop
      vertex -2.21228 -3.32286 9
      vertex -4.0864 -2.85088 9
      vertex -2.22618 -3.3839 9
    endloop
  endfacet
  facet normal 0 0 1
    outer loop
      vertex -4.0864 -2.85088 9
      vertex -4.10281 -2.90797 9
      vertex -2.22618 -3.3839 9
    endloop
  endfacet
  facet normal 0 0 1
    outer loop
      vertex -4.10281 -2.90797 9
      vertex -4.12036 -2.97212 9
      vertex -2.22618 -3.3839 9
    endloop
  endfacet
  facet normal 0 0 1
    outer loop
      vertex -4.12036 -2.97212 9
      vertex -2.23949 -3.4445 9
      vertex -2.22618 -3.3839 9
    endloop
  endfacet
  facet normal -0 0 1
    outer loop
      vertex -4.1364 -3.03389 9
      vertex -2.23949 -3.4445 9
      vertex -4.12036 -2.97212 9
    endloop
  endfacet
  facet normal 0 -0 1
    outer loop
      vertex -2.25159 -3.50168 9
      vertex -2.23949 -3.4445 9
      vertex -4.1364 -3.03389 9
    endloop
  endfacet
  facet normal 0 0 1
    outer loop
      vertex -2.25159 -3.50168 9
      vertex -4.1364 -3.03389 9
      vertex -4.15179 -3.09627 9
    endloop
  endfacet
  facet normal 0 0 1
    outer loop
      vertex -2.25159 -3.50168 9
      vertex -4.15179 -3.09627 9
      vertex -2.26357 -3.56062 9
    endloop
  endfacet
  facet normal 0 0 1
    outer loop
      vertex -2.26357 -3.56062 9
      vertex -4.16594 -3.15639 9
      vertex -4.18054 -3.22144 9
    endloop
  endfacet
  facet normal 0 0 1
    outer loop
      vertex -2.26357 -3.56062 9
      vertex -4.18054 -3.22144 9
      vertex -2.27504 -3.61958 9
    endloop
  endfacet
  facet normal 0 0 1
    outer loop
      vertex -4.18054 -3.22144 9
      vertex -4.19395 -3.28409 9
      vertex -2.27504 -3.61958 9
    endloop
  endfacet
  facet normal 0 0 1
    outer loop
      vertex -4.19395 -3.28409 9
      vertex -2.28534 -3.67491 9
      vertex -2.27504 -3.61958 9
    endloop
  endfacet
  facet normal -0 0 1
    outer loop
      vertex -4.20673 -3.34685 9
      vertex -2.28534 -3.67491 9
      vertex -4.19395 -3.28409 9
    endloop
  endfacet
  facet normal 0 -0 1
    outer loop
      vertex -2.29562 -3.733 9
      vertex -2.28534 -3.67491 9
      vertex -4.20673 -3.34685 9
    endloop
  endfacet
  facet normal 0 0 1
    outer loop
      vertex -2.29562 -3.733 9
      vertex -4.20673 -3.34685 9
      vertex -4.21883 -3.40959 9
    endloop
  endfacet
  facet normal 0 0 1
    outer loop
      vertex -2.29562 -3.733 9
      vertex -4.21883 -3.40959 9
      vertex -2.30482 -3.78781 9
    endloop
  endfacet
  facet normal 0 0 1
    outer loop
      vertex -4.21883 -3.40959 9
      vertex -4.23027 -3.47237 9
      vertex -2.30482 -3.78781 9
    endloop
  endfacet
  facet normal 0 0 1
    outer loop
      vertex -4.23027 -3.47237 9
      vertex -2.31367 -3.84338 9
      vertex -2.30482 -3.78781 9
    endloop
  endfacet
  facet normal -0 0 1
    outer loop
      vertex -4.24106 -3.5352 9
      vertex -2.31367 -3.84338 9
      vertex -4.23027 -3.47237 9
    endloop
  endfacet
  facet normal -0 0 1
    outer loop
      vertex -4.25122 -3.59814 9
      vertex -2.31367 -3.84338 9
      vertex -4.24106 -3.5352 9
    endloop
  endfacet
  facet normal -0 0 1
    outer loop
      vertex -4.26068 -3.661 9
      vertex -2.32155 -3.89619 9
      vertex -4.25122 -3.59814 9
    endloop
  endfacet
  facet normal 0 -0 1
    outer loop
      vertex -2.32921 -3.9509 9
      vertex -2.32155 -3.89619 9
      vertex -4.26068 -3.661 9
    endloop
  endfacet
  facet normal 0 0 1
    outer loop
      vertex -2.32921 -3.9509 9
      vertex -4.26068 -3.661 9
      vertex -4.26953 -3.72401 9
    endloop
  endfacet
  facet normal 0 0 1
    outer loop
      vertex -2.32921 -3.9509 9
      vertex -4.26953 -3.72401 9
      vertex -2.3363 -4.00536 9
    endloop
  endfacet
  facet normal 0 0 1
    outer loop
      vertex -4.26953 -3.72401 9
      vertex -4.27771 -3.78702 9
      vertex -2.3363 -4.00536 9
    endloop
  endfacet
  facet normal 0 0 1
    outer loop
      vertex -4.27771 -3.78702 9
      vertex -2.34241 -4.05629 9
      vertex -2.3363 -4.00536 9
    endloop
  endfacet
  facet normal -0 0 1
    outer loop
      vertex -4.28525 -3.85011 9
      vertex -2.34241 -4.05629 9
      vertex -4.27771 -3.78702 9
    endloop
  endfacet
  facet normal 0 -0 1
    outer loop
      vertex -2.34805 -4.10771 9
      vertex -2.34241 -4.05629 9
      vertex -4.28525 -3.85011 9
    endloop
  endfacet
  facet normal 0 0 1
    outer loop
      vertex -2.34805 -4.10771 9
      vertex -4.28525 -3.85011 9
      vertex -4.2921 -3.91312 9
    endloop
  endfacet
  facet normal 0 0 1
    outer loop
      vertex -2.35323 -4.15976 9
      vertex -4.2921 -3.91312 9
      vertex -4.29832 -3.9763 9
    endloop
  endfacet
  facet normal 0 0 1
    outer loop
      vertex -2.35323 -4.15976 9
      vertex -4.29832 -3.9763 9
      vertex -4.30388 -4.03944 9
    endloop
  endfacet
  facet normal 0 0 1
    outer loop
      vertex -2.35323 -4.15976 9
      vertex -4.30388 -4.03944 9
      vertex -2.35765 -4.20963 9
    endloop
  endfacet
  facet normal 0 0 1
    outer loop
      vertex -4.30388 -4.03944 9
      vertex -4.30878 -4.10263 9
      vertex -2.35765 -4.20963 9
    endloop
  endfacet
  facet normal 0 0 1
    outer loop
      vertex -4.30878 -4.10263 9
      vertex -2.3616 -4.26033 9
      vertex -2.35765 -4.20963 9
    endloop
  endfacet
  facet normal -0 0 1
    outer loop
      vertex -4.31302 -4.16585 9
      vertex -2.3616 -4.26033 9
      vertex -4.30878 -4.10263 9
    endloop
  endfacet
  facet normal -0 0 1
    outer loop
      vertex -4.31662 -4.22917 9
      vertex -2.36482 -4.30898 9
      vertex -4.31302 -4.16585 9
    endloop
  endfacet
  facet normal 0 -0 1
    outer loop
      vertex -2.36748 -4.35701 9
      vertex -2.36482 -4.30898 9
      vertex -4.31662 -4.22917 9
    endloop
  endfacet
  facet normal 0 0 1
    outer loop
      vertex -2.36748 -4.35701 9
      vertex -4.31662 -4.22917 9
      vertex -4.31955 -4.29247 9
    endloop
  endfacet
  facet normal 0 0 1
    outer loop
      vertex -2.36748 -4.35701 9
      vertex -4.31955 -4.29247 9
      vertex -2.3696 -4.40616 9
    endloop
  endfacet
  facet normal 0 0 1
    outer loop
      vertex -4.31955 -4.29247 9
      vertex -4.32184 -4.35577 9
      vertex -2.3696 -4.40616 9
    endloop
  endfacet
  facet normal 0 0 1
    outer loop
      vertex -4.32184 -4.35577 9
      vertex -4.32346 -4.41913 9
      vertex -2.37105 -4.45255 9
    endloop
  endfacet
  facet normal 0 0 1
    outer loop
      vertex -4.32346 -4.41913 9
      vertex -2.3719 -4.49829 9
      vertex -2.37105 -4.45255 9
    endloop
  endfacet
  facet normal -0 0 1
    outer loop
      vertex -4.32443 -4.48253 9
      vertex -2.3719 -4.49829 9
      vertex -4.32346 -4.41913 9
    endloop
  endfacet
  facet normal 0 -0 1
    outer loop
      vertex -2.37221 -4.54495 9
      vertex -2.3719 -4.49829 9
      vertex -4.32443 -4.48253 9
    endloop
  endfacet
  facet normal 0 0 1
    outer loop
      vertex -2.37169 -4.6004 9
      vertex -2.37221 -4.54495 9
      vertex -4.32475 -4.54652 9
    endloop
  endfacet
  facet normal 0 0 1
    outer loop
      vertex -2.37169 -4.6004 9
      vertex -4.32475 -4.54652 9
      vertex -4.32411 -4.63382 9
    endloop
  endfacet
  facet normal 0 0 1
    outer loop
      vertex -2.37169 -4.6004 9
      vertex -4.32411 -4.63382 9
      vertex -4.32405 -4.63766 9
    endloop
  endfacet
  facet normal 0 0 1
    outer loop
      vertex -2.37169 -4.6004 9
      vertex -4.32405 -4.63766 9
      vertex -2.37018 -4.65399 9
    endloop
  endfacet
  facet normal 0 0 1
    outer loop
      vertex -2.37018 -4.65399 9
      vertex -4.32211 -4.72305 9
      vertex -4.32199 -4.72707 9
    endloop
  endfacet
  facet normal 0 0 1
    outer loop
      vertex -2.37018 -4.65399 9
      vertex -4.32199 -4.72707 9
      vertex -2.36755 -4.70779 9
    endloop
  endfacet
  facet normal -0 0 1
    outer loop
      vertex -4.32199 -4.72707 9
      vertex -4.31876 -4.81053 9
      vertex -2.36755 -4.70779 9
    endloop
  endfacet
  facet normal -0 0 1
    outer loop
      vertex -4.31876 -4.81053 9
      vertex -4.31856 -4.81462 9
      vertex -2.36755 -4.70779 9
    endloop
  endfacet
  facet normal -0 0 1
    outer loop
      vertex -4.31856 -4.81462 9
      vertex -4.31406 -4.89618 9
      vertex -2.36398 -4.75952 9
    endloop
  endfacet
  facet normal -0 0 1
    outer loop
      vertex -4.31406 -4.89618 9
      vertex -4.31378 -4.9006 9
      vertex -2.36398 -4.75952 9
    endloop
  endfacet
  facet normal -0 0 1
    outer loop
      vertex -4.31378 -4.9006 9
      vertex -4.30797 -4.98024 9
      vertex -2.36398 -4.75952 9
    endloop
  endfacet
  facet normal 0 0 1
    outer loop
      vertex -4.30797 -4.98024 9
      vertex -2.35947 -4.80939 9
      vertex -2.36398 -4.75952 9
    endloop
  endfacet
  facet normal -0 0 1
    outer loop
      vertex -4.30759 -4.98477 9
      vertex -4.30049 -5.06248 9
      vertex -2.35947 -4.80939 9
    endloop
  endfacet
  facet normal 0 0 1
    outer loop
      vertex -4.30049 -5.06248 9
      vertex -2.35391 -4.85849 9
      vertex -2.35947 -4.80939 9
    endloop
  endfacet
  facet normal 0 -0 1
    outer loop
      vertex -4.30002 -5.06721 9
      vertex -2.35391 -4.85849 9
      vertex -4.30049 -5.06248 9
    endloop
  endfacet
  facet normal 0 -0 1
    outer loop
      vertex -4.29164 -5.14301 9
      vertex -2.35391 -4.85849 9
      vertex -4.30002 -5.06721 9
    endloop
  endfacet
  facet normal 0 -0 1
    outer loop
      vertex -4.29103 -5.14801 9
      vertex -2.34734 -4.90668 9
      vertex -4.29164 -5.14301 9
    endloop
  endfacet
  facet normal 0 -0 1
    outer loop
      vertex -4.28136 -5.22188 9
      vertex -2.34734 -4.90668 9
      vertex -4.29103 -5.14801 9
    endloop
  endfacet
  facet normal 0 0 1
    outer loop
      vertex -2.33986 -4.95311 9
      vertex -2.34734 -4.90668 9
      vertex -4.28136 -5.22188 9
    endloop
  endfacet
  facet normal 0 0 1
    outer loop
      vertex -2.33986 -4.95311 9
      vertex -4.28136 -5.22188 9
      vertex -4.28062 -5.22708 9
    endloop
  endfacet
  facet normal 0 0 1
    outer loop
      vertex -2.33986 -4.95311 9
      vertex -4.28062 -5.22708 9
      vertex -4.26965 -5.29904 9
    endloop
  endfacet
  facet normal 0 0 1
    outer loop
      vertex -2.33986 -4.95311 9
      vertex -4.26965 -5.29904 9
      vertex -4.26877 -5.30444 9
    endloop
  endfacet
  facet normal 0 0 1
    outer loop
      vertex -2.33151 -4.99796 9
      vertex -4.26877 -5.30444 9
      vertex -4.25652 -5.37448 9
    endloop
  endfacet
  facet normal 0 0 1
    outer loop
      vertex -2.33151 -4.99796 9
      vertex -4.25652 -5.37448 9
      vertex -4.25545 -5.38019 9
    endloop
  endfacet
  facet normal 0 0 1
    outer loop
      vertex -2.33151 -4.99796 9
      vertex -4.25545 -5.38019 9
      vertex -4.2419 -5.4483 9
    endloop
  endfacet
  facet normal 0 0 1
    outer loop
      vertex -2.33151 -4.99796 9
      vertex -4.2419 -5.4483 9
      vertex -2.32217 -5.04179 9
    endloop
  endfacet
  facet normal -0 0 1
    outer loop
      vertex -4.2419 -5.4483 9
      vertex -4.24066 -5.45418 9
      vertex -2.32217 -5.04179 9
    endloop
  endfacet
  facet normal -0 0 1
    outer loop
      vertex -4.24066 -5.45418 9
      vertex -4.22583 -5.52037 9
      vertex -2.32217 -5.04179 9
    endloop
  endfacet
  facet normal -0 0 1
    outer loop
      vertex -4.22583 -5.52037 9
      vertex -4.22435 -5.52655 9
      vertex -2.3119 -5.0845 9
    endloop
  endfacet
  facet normal -0 0 1
    outer loop
      vertex -4.22435 -5.52655 9
      vertex -4.20822 -5.59084 9
      vertex -2.3119 -5.0845 9
    endloop
  endfacet
  facet normal -0 0 1
    outer loop
      vertex -4.20822 -5.59084 9
      vertex -4.20654 -5.59723 9
      vertex -2.3119 -5.0845 9
    endloop
  endfacet
  facet normal 0 0 1
    outer loop
      vertex -4.20654 -5.59723 9
      vertex -2.3008 -5.12566 9
      vertex -2.3119 -5.0845 9
    endloop
  endfacet
  facet normal 0 -0 1
    outer loop
      vertex -4.18913 -5.65959 9
      vertex -2.3008 -5.12566 9
      vertex -4.20654 -5.59723 9
    endloop
  endfacet
  facet normal 0 -0 1
    outer loop
      vertex -4.18715 -5.66628 9
      vertex -2.3008 -5.12566 9
      vertex -4.18913 -5.65959 9
    endloop
  endfacet
  facet normal 0 0 1
    outer loop
      vertex -4.16844 -5.72672 9
      vertex -2.28882 -5.16551 9
      vertex -2.3008 -5.12566 9
    endloop
  endfacet
  facet normal 0 -0 1
    outer loop
      vertex -4.1662 -5.73366 9
      vertex -2.28882 -5.16551 9
      vertex -4.16844 -5.72672 9
    endloop
  endfacet
  facet normal 0 -0 1
    outer loop
      vertex -4.14619 -5.79219 9
      vertex -2.28882 -5.16551 9
      vertex -4.1662 -5.73366 9
    endloop
  endfacet
  facet normal 0 -0 1
    outer loop
      vertex -4.14365 -5.79929 9
      vertex -2.28882 -5.16551 9
      vertex -4.14619 -5.79219 9
    endloop
  endfacet
  facet normal 0 -0 1
    outer loop
      vertex -4.12238 -5.85588 9
      vertex -2.28882 -5.16551 9
      vertex -4.14365 -5.79929 9
    endloop
  endfacet
  facet normal 0 0 1
    outer loop
      vertex -2.27591 -5.20439 9
      vertex -2.28882 -5.16551 9
      vertex -4.12238 -5.85588 9
    endloop
  endfacet
  facet normal 0 -0 1
    outer loop
      vertex -4.09685 -5.91805 9
      vertex -2.27591 -5.20439 9
      vertex -4.11943 -5.86336 9
    endloop
  endfacet
  facet normal 0 -0 1
    outer loop
      vertex -4.09355 -5.92564 9
      vertex -2.27591 -5.20439 9
      vertex -4.09685 -5.91805 9
    endloop
  endfacet
  facet normal 0 -0 1
    outer loop
      vertex -4.06969 -5.97841 9
      vertex -2.27591 -5.20439 9
      vertex -4.09355 -5.92564 9
    endloop
  endfacet
  facet normal 0 0 1
    outer loop
      vertex -2.26234 -5.24142 9
      vertex -2.27591 -5.20439 9
      vertex -4.06969 -5.97841 9
    endloop
  endfacet
  facet normal 0 0 1
    outer loop
      vertex -2.26234 -5.24142 9
      vertex -4.06969 -5.97841 9
      vertex -4.06598 -5.98624 9
    endloop
  endfacet
  facet normal 0 0 1
    outer loop
      vertex -2.26234 -5.24142 9
      vertex -4.06598 -5.98624 9
      vertex -4.04082 -6.03709 9
    endloop
  endfacet
  facet normal 0 0 1
    outer loop
      vertex -2.26234 -5.24142 9
      vertex -4.04082 -6.03709 9
      vertex -4.03668 -6.04509 9
    endloop
  endfacet
  facet normal 0 0 1
    outer loop
      vertex -2.26234 -5.24142 9
      vertex -4.03668 -6.04509 9
      vertex -4.01024 -6.09402 9
    endloop
  endfacet
  facet normal 0 0 1
    outer loop
      vertex -2.24773 -5.27782 9
      vertex -2.26234 -5.24142 9
      vertex -4.00562 -6.1022 9
    endloop
  endfacet
  facet normal 0 0 1
    outer loop
      vertex -2.24773 -5.27782 9
      vertex -4.00562 -6.1022 9
      vertex -3.97789 -6.1492 9
    endloop
  endfacet
  facet normal 0 0 1
    outer loop
      vertex -2.24773 -5.27782 9
      vertex -3.97789 -6.1492 9
      vertex -3.97278 -6.1575 9
    endloop
  endfacet
  facet normal 0 0 1
    outer loop
      vertex -2.24773 -5.27782 9
      vertex -3.97278 -6.1575 9
      vertex -3.94374 -6.20261 9
    endloop
  endfacet
  facet normal 0 0 1
    outer loop
      vertex -2.24773 -5.27782 9
      vertex -3.94374 -6.20261 9
      vertex -3.93939 -6.20914 9
    endloop
  endfacet
  facet normal 0 0 1
    outer loop
      vertex -2.24773 -5.27782 9
      vertex -3.93939 -6.20914 9
      vertex -3.90942 -6.25262 9
    endloop
  endfacet
  facet normal 0 0 1
    outer loop
      vertex -2.24773 -5.27782 9
      vertex -3.90942 -6.25262 9
      vertex -2.23224 -5.31316 9
    endloop
  endfacet
  facet normal -0 0 1
    outer loop
      vertex -3.90942 -6.25262 9
      vertex -3.90599 -6.25748 9
      vertex -2.23224 -5.31316 9
    endloop
  endfacet
  facet normal -0 0 1
    outer loop
      vertex -3.90599 -6.25748 9
      vertex -3.87541 -6.29967 9
      vertex -2.23224 -5.31316 9
    endloop
  endfacet
  facet normal 0 0 1
    outer loop
      vertex -2.23224 -5.31316 9
      vertex -3.87184 -6.30447 9
      vertex -3.84067 -6.34538 9
    endloop
  endfacet
  facet normal 0 0 1
    outer loop
      vertex -2.23224 -5.31316 9
      vertex -3.84067 -6.34538 9
      vertex -2.21637 -5.34634 9
    endloop
  endfacet
  facet normal -0 0 1
    outer loop
      vertex -3.84067 -6.34538 9
      vertex -3.83688 -6.35023 9
      vertex -2.21637 -5.34634 9
    endloop
  endfacet
  facet normal -0 0 1
    outer loop
      vertex -3.83688 -6.35023 9
      vertex -3.80513 -6.38985 9
      vertex -2.21637 -5.34634 9
    endloop
  endfacet
  facet normal -0 0 1
    outer loop
      vertex -3.80513 -6.38985 9
      vertex -3.80107 -6.39476 9
      vertex -2.21637 -5.34634 9
    endloop
  endfacet
  facet normal -0 0 1
    outer loop
      vertex -3.80107 -6.39476 9
      vertex -3.76871 -6.43309 9
      vertex -2.21637 -5.34634 9
    endloop
  endfacet
  facet normal 0 0 1
    outer loop
      vertex -3.76871 -6.43309 9
      vertex -2.19928 -5.37927 9
      vertex -2.21637 -5.34634 9
    endloop
  endfacet
  facet normal 0 -0 1
    outer loop
      vertex -3.76445 -6.438 9
      vertex -2.19928 -5.37927 9
      vertex -3.76871 -6.43309 9
    endloop
  endfacet
  facet normal 0 -0 1
    outer loop
      vertex -3.73149 -6.47504 9
      vertex -2.19928 -5.37927 9
      vertex -3.76445 -6.438 9
    endloop
  endfacet
  facet normal -0 0 1
    outer loop
      vertex -3.72707 -6.47989 9
      vertex -3.69353 -6.51564 9
      vertex -2.19928 -5.37927 9
    endloop
  endfacet
  facet normal 0 0 1
    outer loop
      vertex -3.69353 -6.51564 9
      vertex -2.1817 -5.41048 9
      vertex -2.19928 -5.37927 9
    endloop
  endfacet
  facet normal 0 -0 1
    outer loop
      vertex -3.68877 -6.52058 9
      vertex -2.1817 -5.41048 9
      vertex -3.69353 -6.51564 9
    endloop
  endfacet
  facet normal 0 -0 1
    outer loop
      vertex -3.65462 -6.55504 9
      vertex -2.1817 -5.41048 9
      vertex -3.68877 -6.52058 9
    endloop
  endfacet
  facet normal 0 -0 1
    outer loop
      vertex -3.64969 -6.55986 9
      vertex -2.1817 -5.41048 9
      vertex -3.65462 -6.55504 9
    endloop
  endfacet
  facet normal 0 -0 1
    outer loop
      vertex -3.61496 -6.59302 9
      vertex -2.1817 -5.41048 9
      vertex -3.64969 -6.55986 9
    endloop
  endfacet
  facet normal 0 -0 1
    outer loop
      vertex -3.60977 -6.59784 9
      vertex -2.1817 -5.41048 9
      vertex -3.61496 -6.59302 9
    endloop
  endfacet
  facet normal 0 0 1
    outer loop
      vertex -2.16298 -5.44118 9
      vertex -2.1817 -5.41048 9
      vertex -3.60977 -6.59784 9
    endloop
  endfacet
  facet normal 0 0 1
    outer loop
      vertex -2.16298 -5.44118 9
      vertex -3.60977 -6.59784 9
      vertex -3.57443 -6.62971 9
    endloop
  endfacet
  facet normal 0 -0 1
    outer loop
      vertex -3.53307 -6.66505 9
      vertex -2.16298 -5.44118 9
      vertex -3.569 -6.63448 9
    endloop
  endfacet
  facet normal 0 -0 1
    outer loop
      vertex -3.5275 -6.66965 9
      vertex -2.16298 -5.44118 9
      vertex -3.53307 -6.66505 9
    endloop
  endfacet
  facet normal 0 -0 1
    outer loop
      vertex -3.49098 -6.69894 9
      vertex -2.16298 -5.44118 9
      vertex -3.5275 -6.66965 9
    endloop
  endfacet
  facet normal 0 0 1
    outer loop
      vertex -2.14368 -5.47044 9
      vertex -2.16298 -5.44118 9
      vertex -3.49098 -6.69894 9
    endloop
  endfacet
  facet normal 0 0 1
    outer loop
      vertex -2.14368 -5.47044 9
      vertex -3.49098 -6.69894 9
      vertex -3.48508 -6.70355 9
    endloop
  endfacet
  facet normal 0 0 1
    outer loop
      vertex -2.14368 -5.47044 9
      vertex -3.48508 -6.70355 9
      vertex -3.44795 -6.73155 9
    endloop
  endfacet
  facet normal 0 0 1
    outer loop
      vertex -2.14368 -5.47044 9
      vertex -3.44795 -6.73155 9
      vertex -3.44196 -6.73593 9
    endloop
  endfacet
  facet normal 0 0 1
    outer loop
      vertex -2.14368 -5.47044 9
      vertex -3.44196 -6.73593 9
      vertex -3.40425 -6.76265 9
    endloop
  endfacet
  facet normal 0 0 1
    outer loop
      vertex -2.14368 -5.47044 9
      vertex -3.40425 -6.76265 9
      vertex -3.39786 -6.76703 9
    endloop
  endfacet
  facet normal 0 0 1
    outer loop
      vertex -2.12354 -5.49875 9
      vertex -3.39786 -6.76703 9
      vertex -3.35954 -6.79243 9
    endloop
  endfacet
  facet normal 0 0 1
    outer loop
      vertex -2.12354 -5.49875 9
      vertex -3.35954 -6.79243 9
      vertex -3.35318 -6.79651 9
    endloop
  endfacet
  facet normal 0 0 1
    outer loop
      vertex -2.12354 -5.49875 9
      vertex -3.35318 -6.79651 9
      vertex -3.31427 -6.82065 9
    endloop
  endfacet
  facet normal 0 0 1
    outer loop
      vertex -2.12354 -5.49875 9
      vertex -3.31427 -6.82065 9
      vertex -3.30766 -6.82462 9
    endloop
  endfacet
  facet normal 0 0 1
    outer loop
      vertex -2.12354 -5.49875 9
      vertex -3.30766 -6.82462 9
      vertex -3.26817 -6.84746 9
    endloop
  endfacet
  facet normal 0 0 1
    outer loop
      vertex -2.12354 -5.49875 9
      vertex -3.26817 -6.84746 9
      vertex -2.10289 -5.52571 9
    endloop
  endfacet
  facet normal -0 0 1
    outer loop
      vertex -3.26817 -6.84746 9
      vertex -3.26132 -6.85129 9
      vertex -2.10289 -5.52571 9
    endloop
  endfacet
  facet normal -0 0 1
    outer loop
      vertex -3.26132 -6.85129 9
      vertex -3.22122 -6.87283 9
      vertex -2.10289 -5.52571 9
    endloop
  endfacet
  facet normal -0 0 1
    outer loop
      vertex -3.22122 -6.87283 9
      vertex -3.21436 -6.87637 9
      vertex -2.10289 -5.52571 9
    endloop
  endfacet
  facet normal -0 0 1
    outer loop
      vertex -3.21436 -6.87637 9
      vertex -3.17368 -6.89664 9
      vertex -2.10289 -5.52571 9
    endloop
  endfacet
  facet normal 0 0 1
    outer loop
      vertex -2.10289 -5.52571 9
      vertex -3.16656 -6.90004 9
      vertex -2.08162 -5.55153 9
    endloop
  endfacet
  facet normal -0 0 1
    outer loop
      vertex -3.16656 -6.90004 9
      vertex -3.12527 -6.91901 9
      vertex -2.08162 -5.55153 9
    endloop
  endfacet
  facet normal -0 0 1
    outer loop
      vertex -3.12527 -6.91901 9
      vertex -3.11812 -6.92216 9
      vertex -2.08162 -5.55153 9
    endloop
  endfacet
  facet normal -0 0 1
    outer loop
      vertex -3.11812 -6.92216 9
      vertex -3.07625 -6.93983 9
      vertex -2.08162 -5.55153 9
    endloop
  endfacet
  facet normal -0 0 1
    outer loop
      vertex -3.07625 -6.93983 9
      vertex -3.06903 -6.94275 9
      vertex -2.08162 -5.55153 9
    endloop
  endfacet
  facet normal -0 0 1
    outer loop
      vertex -3.06903 -6.94275 9
      vertex -3.02655 -6.95914 9
      vertex -2.08162 -5.55153 9
    endloop
  endfacet
  facet normal 0 0 1
    outer loop
      vertex -3.02655 -6.95914 9
      vertex -2.05991 -5.57599 9
      vertex -2.08162 -5.55153 9
    endloop
  endfacet
  facet normal 0 -0 1
    outer loop
      vertex -3.0193 -6.96181 9
      vertex -2.05991 -5.57599 9
      vertex -3.02655 -6.95914 9
    endloop
  endfacet
  facet normal -0 0 1
    outer loop
      vertex -2.97623 -6.97691 9
      vertex -2.97108 -6.97865 9
      vertex -2.05991 -5.57599 9
    endloop
  endfacet
  facet normal -0 0 1
    outer loop
      vertex -2.97108 -6.97865 9
      vertex -2.925 -6.99368 9
      vertex -2.05991 -5.57599 9
    endloop
  endfacet
  facet normal 0 0 1
    outer loop
      vertex -2.925 -6.99368 9
      vertex -2.03822 -5.59863 9
      vertex -2.05991 -5.57599 9
    endloop
  endfacet
  facet normal 0 -0 1
    outer loop
      vertex -2.87889 -7.00812 9
      vertex -2.03822 -5.59863 9
      vertex -2.925 -6.99368 9
    endloop
  endfacet
  facet normal 0 -0 1
    outer loop
      vertex -2.83298 -7.02187 9
      vertex -2.03822 -5.59863 9
      vertex -2.87889 -7.00812 9
    endloop
  endfacet
  facet normal 0 0 1
    outer loop
      vertex -2.01607 -5.62004 9
      vertex -2.03822 -5.59863 9
      vertex -2.83298 -7.02187 9
    endloop
  endfacet
  facet normal 0 0 1
    outer loop
      vertex -2.01607 -5.62004 9
      vertex -2.83298 -7.02187 9
      vertex -2.78708 -7.03499 9
    endloop
  endfacet
  facet normal 0 0 1
    outer loop
      vertex -1.99388 -5.63983 9
      vertex -2.78708 -7.03499 9
      vertex -2.74446 -7.0466 9
    endloop
  endfacet
  facet normal 0 0 1
    outer loop
      vertex -1.99388 -5.63983 9
      vertex -2.74446 -7.0466 9
      vertex -2.69586 -7.05919 9
    endloop
  endfacet
  facet normal 0 0 1
    outer loop
      vertex -1.99388 -5.63983 9
      vertex -2.69586 -7.05919 9
      vertex -1.97142 -5.65825 9
    endloop
  endfacet
  facet normal -0 0 1
    outer loop
      vertex -2.69586 -7.05919 9
      vertex -2.65358 -7.06956 9
      vertex -1.97142 -5.65825 9
    endloop
  endfacet
  facet normal 0 0 1
    outer loop
      vertex -1.97142 -5.65825 9
      vertex -2.6049 -7.08081 9
      vertex -1.9482 -5.67574 9
    endloop
  endfacet
  facet normal -0 0 1
    outer loop
      vertex -2.6049 -7.08081 9
      vertex -2.55963 -7.09062 9
      vertex -1.9482 -5.67574 9
    endloop
  endfacet
  facet normal -0 0 1
    outer loop
      vertex -2.55963 -7.09062 9
      vertex -2.51784 -7.09911 9
      vertex -1.9482 -5.67574 9
    endloop
  endfacet
  facet normal 0 0 1
    outer loop
      vertex -2.51784 -7.09911 9
      vertex -1.92516 -5.6916 9
      vertex -1.9482 -5.67574 9
    endloop
  endfacet
  facet normal 0 0 1
    outer loop
      vertex -2.47285 -7.10762 9
      vertex -1.90149 -5.70644 9
      vertex -1.92516 -5.6916 9
    endloop
  endfacet
  facet normal 0 -0 1
    outer loop
      vertex -2.42442 -7.11604 9
      vertex -1.90149 -5.70644 9
      vertex -2.47285 -7.10762 9
    endloop
  endfacet
  facet normal 0 -0 1
    outer loop
      vertex -2.37968 -7.12317 9
      vertex -1.90149 -5.70644 9
      vertex -2.42442 -7.11604 9
    endloop
  endfacet
  facet normal 0 0 1
    outer loop
      vertex -1.87767 -5.71996 9
      vertex -1.90149 -5.70644 9
      vertex -2.37968 -7.12317 9
    endloop
  endfacet
  facet normal 0 -0 1
    outer loop
      vertex -2.3349 -7.12965 9
      vertex -1.87767 -5.71996 9
      vertex -2.33855 -7.12915 9
    endloop
  endfacet
  facet normal 0 -0 1
    outer loop
      vertex -2.29393 -7.13499 9
      vertex -1.87767 -5.71996 9
      vertex -2.3349 -7.12965 9
    endloop
  endfacet
  facet normal 0 0 1
    outer loop
      vertex -1.85281 -5.73267 9
      vertex -1.87767 -5.71996 9
      vertex -2.29393 -7.13499 9
    endloop
  endfacet
  facet normal 0 0 1
    outer loop
      vertex -1.85281 -5.73267 9
      vertex -2.29393 -7.13499 9
      vertex -2.24583 -7.14053 9
    endloop
  endfacet
  facet normal 0 0 1
    outer loop
      vertex -1.82828 -5.74388 9
      vertex -1.85281 -5.73267 9
      vertex -2.20518 -7.14462 9
    endloop
  endfacet
  facet normal 0 0 1
    outer loop
      vertex -1.82828 -5.74388 9
      vertex -2.20518 -7.14462 9
      vertex -2.16101 -7.14842 9
    endloop
  endfacet
  facet normal 0 0 1
    outer loop
      vertex -1.82828 -5.74388 9
      vertex -2.16101 -7.14842 9
      vertex -2.15715 -7.14873 9
    endloop
  endfacet
  facet normal 0 0 1
    outer loop
      vertex -1.82828 -5.74388 9
      vertex -2.15715 -7.14873 9
      vertex -1.80238 -5.75438 9
    endloop
  endfacet
  facet normal -0 0 1
    outer loop
      vertex -2.15715 -7.14873 9
      vertex -2.11684 -7.15155 9
      vertex -1.80238 -5.75438 9
    endloop
  endfacet
  facet normal 0 0 1
    outer loop
      vertex -1.80238 -5.75438 9
      vertex -2.07292 -7.15398 9
      vertex -2.06908 -7.15416 9
    endloop
  endfacet
  facet normal 0 0 1
    outer loop
      vertex -1.80238 -5.75438 9
      vertex -2.06908 -7.15416 9
      vertex -1.7762 -5.76367 9
    endloop
  endfacet
  facet normal -0 0 1
    outer loop
      vertex -2.06908 -7.15416 9
      vertex -2.0291 -7.15573 9
      vertex -1.7762 -5.76367 9
    endloop
  endfacet
  facet normal -0 0 1
    outer loop
      vertex -2.0291 -7.15573 9
      vertex -2.02521 -7.15585 9
      vertex -1.7762 -5.76367 9
    endloop
  endfacet
  facet normal -0 0 1
    outer loop
      vertex -2.02521 -7.15585 9
      vertex -1.98137 -7.15688 9
      vertex -1.7762 -5.76367 9
    endloop
  endfacet
  facet normal 0.00857167 -0.999963 0
    outer loop
      vertex -1.8904 -7.15674 7.4
      vertex -1.94173 -7.15718 9
      vertex -1.94173 -7.15718 7.4
    endloop
  endfacet
  facet normal 0.00857167 -0.999963 0
    outer loop
      vertex -1.8904 -7.15674 7.4
      vertex -1.8904 -7.15674 9
      vertex -1.94173 -7.15718 9
    endloop
  endfacet
  facet normal 0.0175797 -0.999845 0
    outer loop
      vertex -1.88585 -7.15666 7.4
      vertex -1.8904 -7.15674 9
      vertex -1.8904 -7.15674 7.4
    endloop
  endfacet
  facet normal 0.0175797 -0.999845 0
    outer loop
      vertex -1.88585 -7.15666 7.4
      vertex -1.88585 -7.15666 9
      vertex -1.8904 -7.15674 9
    endloop
  endfacet
  facet normal 0.0271835 -0.99963 0
    outer loop
      vertex -1.83878 -7.15538 7.4
      vertex -1.88585 -7.15666 9
      vertex -1.88585 -7.15666 7.4
    endloop
  endfacet
  facet normal 0.0271835 -0.99963 0
    outer loop
      vertex -1.83878 -7.15538 7.4
      vertex -1.83878 -7.15538 9
      vertex -1.88585 -7.15666 9
    endloop
  endfacet
  facet normal 0.0366923 -0.999327 0
    outer loop
      vertex -1.83415 -7.15521 7.4
      vertex -1.83878 -7.15538 9
      vertex -1.83878 -7.15538 7.4
    endloop
  endfacet
  facet normal 0.0366923 -0.999327 0
    outer loop
      vertex -1.83415 -7.15521 7.4
      vertex -1.83415 -7.15521 9
      vertex -1.83878 -7.15538 9
    endloop
  endfacet
  facet normal 0.0456872 -0.998956 0
    outer loop
      vertex -1.78714 -7.15306 7.4
      vertex -1.83415 -7.15521 9
      vertex -1.83415 -7.15521 7.4
    endloop
  endfacet
  facet normal 0.0456872 -0.998956 0
    outer loop
      vertex -1.78714 -7.15306 7.4
      vertex -1.78714 -7.15306 9
      vertex -1.83415 -7.15521 9
    endloop
  endfacet
  facet normal 0.0561881 -0.99842 0
    outer loop
      vertex -1.78252 -7.1528 7.4
      vertex -1.78714 -7.15306 9
      vertex -1.78714 -7.15306 7.4
    endloop
  endfacet
  facet normal 0.0561881 -0.99842 0
    outer loop
      vertex -1.78252 -7.1528 7.4
      vertex -1.78252 -7.1528 9
      vertex -1.78714 -7.15306 9
    endloop
  endfacet
  facet normal 0.0642047 -0.997937 0
    outer loop
      vertex -1.73558 -7.14978 7.4
      vertex -1.78252 -7.1528 9
      vertex -1.78252 -7.1528 7.4
    endloop
  endfacet
  facet normal 0.0642047 -0.997937 0
    outer loop
      vertex -1.73558 -7.14978 7.4
      vertex -1.73558 -7.14978 9
      vertex -1.78252 -7.1528 9
    endloop
  endfacet
  facet normal 0.0715649 -0.997436 0
    outer loop
      vertex -1.73112 -7.14946 7.4
      vertex -1.73558 -7.14978 9
      vertex -1.73558 -7.14978 7.4
    endloop
  endfacet
  facet normal 0.0715649 -0.997436 0
    outer loop
      vertex -1.73112 -7.14946 7.4
      vertex -1.73112 -7.14946 9
      vertex -1.73558 -7.14978 9
    endloop
  endfacet
  facet normal 0.0820428 -0.996629 0
    outer loop
      vertex -1.68423 -7.1456 7.4
      vertex -1.73112 -7.14946 9
      vertex -1.73112 -7.14946 7.4
    endloop
  endfacet
  facet normal 0.0820428 -0.996629 0
    outer loop
      vertex -1.68423 -7.1456 7.4
      vertex -1.68423 -7.1456 9
      vertex -1.73112 -7.14946 9
    endloop
  endfacet
  facet normal 0.0932095 -0.995647 0
    outer loop
      vertex -1.67953 -7.14516 7.4
      vertex -1.68423 -7.1456 9
      vertex -1.68423 -7.1456 7.4
    endloop
  endfacet
  facet normal 0.0932095 -0.995647 0
    outer loop
      vertex -1.67953 -7.14516 7.4
      vertex -1.67953 -7.14516 9
      vertex -1.68423 -7.1456 9
    endloop
  endfacet
  facet normal 0.100956 -0.994891 0
    outer loop
      vertex -1.63272 -7.14041 7.4
      vertex -1.67953 -7.14516 9
      vertex -1.67953 -7.14516 7.4
    endloop
  endfacet
  facet normal 0.100956 -0.994891 0
    outer loop
      vertex -1.63272 -7.14041 7.4
      vertex -1.63272 -7.14041 9
      vertex -1.67953 -7.14516 9
    endloop
  endfacet
  facet normal 0.109451 -0.993992 0
    outer loop
      vertex -1.62827 -7.13992 7.4
      vertex -1.63272 -7.14041 9
      vertex -1.63272 -7.14041 7.4
    endloop
  endfacet
  facet normal 0.109451 -0.993992 0
    outer loop
      vertex -1.62827 -7.13992 7.4
      vertex -1.62827 -7.13992 9
      vertex -1.63272 -7.14041 9
    endloop
  endfacet
  facet normal 0.118542 -0.992949 0
    outer loop
      vertex -1.58153 -7.13434 7.4
      vertex -1.62827 -7.13992 9
      vertex -1.62827 -7.13992 7.4
    endloop
  endfacet
  facet normal 0.118542 -0.992949 0
    outer loop
      vertex -1.58153 -7.13434 7.4
      vertex -1.58153 -7.13434 9
      vertex -1.62827 -7.13992 9
    endloop
  endfacet
  facet normal 0.125634 -0.992077 0
    outer loop
      vertex -1.57695 -7.13376 7.4
      vertex -1.58153 -7.13434 9
      vertex -1.58153 -7.13434 7.4
    endloop
  endfacet
  facet normal 0.125634 -0.992077 0
    outer loop
      vertex -1.57695 -7.13376 7.4
      vertex -1.57695 -7.13376 9
      vertex -1.58153 -7.13434 9
    endloop
  endfacet
  facet normal 0.137083 -0.99056 0
    outer loop
      vertex -1.53027 -7.1273 7.4
      vertex -1.57695 -7.13376 9
      vertex -1.57695 -7.13376 7.4
    endloop
  endfacet
  facet normal 0.137083 -0.99056 0
    outer loop
      vertex -1.53027 -7.1273 7.4
      vertex -1.53027 -7.1273 9
      vertex -1.57695 -7.13376 9
    endloop
  endfacet
  facet normal 0.147909 -0.989001 0
    outer loop
      vertex -1.52579 -7.12663 7.4
      vertex -1.53027 -7.1273 9
      vertex -1.53027 -7.1273 7.4
    endloop
  endfacet
  facet normal 0.147909 -0.989001 0
    outer loop
      vertex -1.52579 -7.12663 7.4
      vertex -1.52579 -7.12663 9
      vertex -1.53027 -7.1273 9
    endloop
  endfacet
  facet normal 0.154907 -0.987929 0
    outer loop
      vertex -1.47917 -7.11932 7.4
      vertex -1.52579 -7.12663 9
      vertex -1.52579 -7.12663 7.4
    endloop
  endfacet
  facet normal 0.154907 -0.987929 0
    outer loop
      vertex -1.47917 -7.11932 7.4
      vertex -1.47917 -7.11932 9
      vertex -1.52579 -7.12663 9
    endloop
  endfacet
  facet normal 0.160528 -0.987031 0
    outer loop
      vertex -1.47462 -7.11858 7.4
      vertex -1.47917 -7.11932 9
      vertex -1.47917 -7.11932 7.4
    endloop
  endfacet
  facet normal 0.160528 -0.987031 0
    outer loop
      vertex -1.47462 -7.11858 7.4
      vertex -1.47462 -7.11858 9
      vertex -1.47917 -7.11932 9
    endloop
  endfacet
  facet normal 0.173145 -0.984896 0
    outer loop
      vertex -1.42809 -7.1104 7.4
      vertex -1.47462 -7.11858 9
      vertex -1.47462 -7.11858 7.4
    endloop
  endfacet
  facet normal 0.173145 -0.984896 0
    outer loop
      vertex -1.42809 -7.1104 7.4
      vertex -1.42809 -7.1104 9
      vertex -1.47462 -7.11858 9
    endloop
  endfacet
  facet normal 0.184155 -0.982897 0
    outer loop
      vertex -1.42366 -7.10957 7.4
      vertex -1.42809 -7.1104 9
      vertex -1.42809 -7.1104 7.4
    endloop
  endfacet
  facet normal 0.184155 -0.982897 0
    outer loop
      vertex -1.42366 -7.10957 7.4
      vertex -1.42366 -7.10957 9
      vertex -1.42809 -7.1104 9
    endloop
  endfacet
  facet normal 0.190711 -0.981646 0
    outer loop
      vertex -1.37718 -7.10054 7.4
      vertex -1.42366 -7.10957 9
      vertex -1.42366 -7.10957 7.4
    endloop
  endfacet
  facet normal 0.190711 -0.981646 0
    outer loop
      vertex -1.37718 -7.10054 7.4
      vertex -1.37718 -7.10054 9
      vertex -1.42366 -7.10957 9
    endloop
  endfacet
  facet normal 0.201274 -0.979535 0
    outer loop
      vertex -1.3728 -7.09964 7.4
      vertex -1.37718 -7.10054 9
      vertex -1.37718 -7.10054 7.4
    endloop
  endfacet
  facet normal 0.201274 -0.979535 0
    outer loop
      vertex -1.3728 -7.09964 7.4
      vertex -1.3728 -7.09964 9
      vertex -1.37718 -7.10054 9
    endloop
  endfacet
  facet normal 0.208421 -0.978039 0
    outer loop
      vertex -1.32639 -7.08975 7.4
      vertex -1.3728 -7.09964 9
      vertex -1.3728 -7.09964 7.4
    endloop
  endfacet
  facet normal 0.208421 -0.978039 0
    outer loop
      vertex -1.32639 -7.08975 7.4
      vertex -1.32639 -7.08975 9
      vertex -1.3728 -7.09964 9
    endloop
  endfacet
  facet normal 0.212521 -0.977157 0
    outer loop
      vertex -1.32193 -7.08878 7.4
      vertex -1.32639 -7.08975 9
      vertex -1.32639 -7.08975 7.4
    endloop
  endfacet
  facet normal 0.212521 -0.977157 0
    outer loop
      vertex -1.32193 -7.08878 7.4
      vertex -1.32193 -7.08878 9
      vertex -1.32639 -7.08975 9
    endloop
  endfacet
  facet normal 0.22618 -0.974086 0
    outer loop
      vertex -1.27559 -7.07802 7.4
      vertex -1.32193 -7.08878 9
      vertex -1.32193 -7.08878 7.4
    endloop
  endfacet
  facet normal 0.22618 -0.974086 0
    outer loop
      vertex -1.27559 -7.07802 7.4
      vertex -1.27559 -7.07802 9
      vertex -1.32193 -7.08878 9
    endloop
  endfacet
  facet normal 0.237216 -0.971457 0
    outer loop
      vertex -1.27129 -7.07697 7.4
      vertex -1.27559 -7.07802 9
      vertex -1.27559 -7.07802 7.4
    endloop
  endfacet
  facet normal 0.237216 -0.971457 0
    outer loop
      vertex -1.27129 -7.07697 7.4
      vertex -1.27129 -7.07697 9
      vertex -1.27559 -7.07802 9
    endloop
  endfacet
  facet normal 0.243522 -0.969895 0
    outer loop
      vertex -1.22501 -7.06535 7.4
      vertex -1.27129 -7.07697 9
      vertex -1.27129 -7.07697 7.4
    endloop
  endfacet
  facet normal 0.243522 -0.969895 0
    outer loop
      vertex -1.22501 -7.06535 7.4
      vertex -1.22501 -7.06535 9
      vertex -1.27129 -7.07697 9
    endloop
  endfacet
  facet normal 0.251425 -0.967877 0
    outer loop
      vertex -1.22066 -7.06422 7.4
      vertex -1.22501 -7.06535 9
      vertex -1.22501 -7.06535 7.4
    endloop
  endfacet
  facet normal 0.251425 -0.967877 0
    outer loop
      vertex -1.22066 -7.06422 7.4
      vertex -1.22066 -7.06422 9
      vertex -1.22501 -7.06535 9
    endloop
  endfacet
  facet normal 0.260678 -0.965426 0
    outer loop
      vertex -1.17444 -7.05174 7.4
      vertex -1.22066 -7.06422 9
      vertex -1.22066 -7.06422 7.4
    endloop
  endfacet
  facet normal 0.260678 -0.965426 0
    outer loop
      vertex -1.17444 -7.05174 7.4
      vertex -1.17444 -7.05174 9
      vertex -1.22066 -7.06422 9
    endloop
  endfacet
  facet normal 0.266586 -0.963811 0
    outer loop
      vertex -1.17021 -7.05057 7.4
      vertex -1.17444 -7.05174 9
      vertex -1.17444 -7.05174 7.4
    endloop
  endfacet
  facet normal 0.266586 -0.963811 0
    outer loop
      vertex -1.17021 -7.05057 7.4
      vertex -1.17021 -7.05057 9
      vertex -1.17444 -7.05174 9
    endloop
  endfacet
  facet normal 0.277745 -0.960655 0
    outer loop
      vertex -1.12407 -7.03723 7.4
      vertex -1.17021 -7.05057 9
      vertex -1.17021 -7.05057 7.4
    endloop
  endfacet
  facet normal 0.277745 -0.960655 0
    outer loop
      vertex -1.12407 -7.03723 7.4
      vertex -1.12407 -7.03723 9
      vertex -1.17021 -7.05057 9
    endloop
  endfacet
  facet normal 0.287137 -0.957889 0
    outer loop
      vertex -1.1199 -7.03598 7.4
      vertex -1.12407 -7.03723 9
      vertex -1.12407 -7.03723 7.4
    endloop
  endfacet
  facet normal 0.287137 -0.957889 0
    outer loop
      vertex -1.1199 -7.03598 7.4
      vertex -1.1199 -7.03598 9
      vertex -1.12407 -7.03723 9
    endloop
  endfacet
  facet normal 0.294304 -0.955712 0
    outer loop
      vertex -1.07382 -7.02179 7.4
      vertex -1.1199 -7.03598 9
      vertex -1.1199 -7.03598 7.4
    endloop
  endfacet
  facet normal 0.294304 -0.955712 0
    outer loop
      vertex -1.07382 -7.02179 7.4
      vertex -1.07382 -7.02179 9
      vertex -1.1199 -7.03598 9
    endloop
  endfacet
  facet normal 0.302546 -0.953135 0
    outer loop
      vertex -1.06963 -7.02046 7.4
      vertex -1.07382 -7.02179 9
      vertex -1.07382 -7.02179 7.4
    endloop
  endfacet
  facet normal 0.302546 -0.953135 0
    outer loop
      vertex -1.06963 -7.02046 7.4
      vertex -1.06963 -7.02046 9
      vertex -1.07382 -7.02179 9
    endloop
  endfacet
  facet normal 0.31108 -0.950384 0
    outer loop
      vertex -1.02362 -7.0054 7.4
      vertex -1.06963 -7.02046 9
      vertex -1.06963 -7.02046 7.4
    endloop
  endfacet
  facet normal 0.31108 -0.950384 0
    outer loop
      vertex -1.02362 -7.0054 7.4
      vertex -1.02362 -7.0054 9
      vertex -1.06963 -7.02046 9
    endloop
  endfacet
  facet normal 0.319726 -0.94751 0
    outer loop
      vertex -1.01956 -7.00403 7.4
      vertex -1.02362 -7.0054 9
      vertex -1.02362 -7.0054 7.4
    endloop
  endfacet
  facet normal 0.319726 -0.94751 0
    outer loop
      vertex -1.01956 -7.00403 7.4
      vertex -1.01956 -7.00403 9
      vertex -1.02362 -7.0054 9
    endloop
  endfacet
  facet normal 0.327423 -0.944878 0
    outer loop
      vertex -0.973618 -6.98811 7.4
      vertex -1.01956 -7.00403 9
      vertex -1.01956 -7.00403 7.4
    endloop
  endfacet
  facet normal 0.327423 -0.944878 0
    outer loop
      vertex -0.973618 -6.98811 7.4
      vertex -0.973618 -6.98811 9
      vertex -1.01956 -7.00403 9
    endloop
  endfacet
  facet normal 0.335812 -0.941929 0
    outer loop
      vertex -0.969635 -6.98669 7.4
      vertex -0.973618 -6.98811 9
      vertex -0.973618 -6.98811 7.4
    endloop
  endfacet
  facet normal 0.335812 -0.941929 0
    outer loop
      vertex -0.969635 -6.98669 7.4
      vertex -0.969635 -6.98669 9
      vertex -0.973618 -6.98811 9
    endloop
  endfacet
  facet normal 0.34358 -0.939124 0
    outer loop
      vertex -0.919724 -6.96843 7.4
      vertex -0.969635 -6.98669 9
      vertex -0.969635 -6.98669 7.4
    endloop
  endfacet
  facet normal 0.34358 -0.939124 0
    outer loop
      vertex -0.919724 -6.96843 7.4
      vertex -0.919724 -6.96843 9
      vertex -0.969635 -6.98669 9
    endloop
  endfacet
  facet normal 0.359368 -0.933196 0
    outer loop
      vertex -0.873917 -6.95079 7.4
      vertex -0.919724 -6.96843 9
      vertex -0.919724 -6.96843 7.4
    endloop
  endfacet
  facet normal 0.359368 -0.933196 0
    outer loop
      vertex -0.873917 -6.95079 7.4
      vertex -0.873917 -6.95079 9
      vertex -0.919724 -6.96843 9
    endloop
  endfacet
  facet normal 0.3684 -0.929667 0
    outer loop
      vertex -0.870056 -6.94926 7.4
      vertex -0.873917 -6.95079 9
      vertex -0.873917 -6.95079 7.4
    endloop
  endfacet
  facet normal 0.3684 -0.929667 0
    outer loop
      vertex -0.870056 -6.94926 7.4
      vertex -0.870056 -6.94926 9
      vertex -0.873917 -6.95079 9
    endloop
  endfacet
  facet normal 0.374736 -0.927132 0
    outer loop
      vertex -0.82431 -6.93077 7.4
      vertex -0.870056 -6.94926 9
      vertex -0.870056 -6.94926 7.4
    endloop
  endfacet
  facet normal 0.374736 -0.927132 0
    outer loop
      vertex -0.82431 -6.93077 7.4
      vertex -0.82431 -6.93077 9
      vertex -0.870056 -6.94926 9
    endloop
  endfacet
  facet normal 0.382915 -0.923783 0
    outer loop
      vertex -0.82045 -6.92917 7.4
      vertex -0.82431 -6.93077 9
      vertex -0.82431 -6.93077 7.4
    endloop
  endfacet
  facet normal 0.382915 -0.923783 0
    outer loop
      vertex -0.82045 -6.92917 7.4
      vertex -0.82045 -6.92917 9
      vertex -0.82431 -6.93077 9
    endloop
  endfacet
  facet normal 0.390182 -0.920738 0
    outer loop
      vertex -0.774765 -6.90981 7.4
      vertex -0.82045 -6.92917 9
      vertex -0.82045 -6.92917 7.4
    endloop
  endfacet
  facet normal 0.390182 -0.920738 0
    outer loop
      vertex -0.774765 -6.90981 7.4
      vertex -0.774765 -6.90981 9
      vertex -0.82045 -6.92917 9
    endloop
  endfacet
  facet normal 0.400891 -0.916126 0
    outer loop
      vertex -0.770126 -6.90778 7.4
      vertex -0.774765 -6.90981 9
      vertex -0.774765 -6.90981 7.4
    endloop
  endfacet
  facet normal 0.400891 -0.916126 0
    outer loop
      vertex -0.770126 -6.90778 7.4
      vertex -0.770126 -6.90778 9
      vertex -0.774765 -6.90981 9
    endloop
  endfacet
  facet normal 0.408864 -0.912595 0
    outer loop
      vertex -0.724548 -6.88736 7.4
      vertex -0.770126 -6.90778 9
      vertex -0.770126 -6.90778 7.4
    endloop
  endfacet
  facet normal 0.408864 -0.912595 0
    outer loop
      vertex -0.724548 -6.88736 7.4
      vertex -0.724548 -6.88736 9
      vertex -0.770126 -6.90778 9
    endloop
  endfacet
  facet normal 0.418602 -0.90817 0
    outer loop
      vertex -0.718994 -6.8848 7.4
      vertex -0.724548 -6.88736 9
      vertex -0.724548 -6.88736 7.4
    endloop
  endfacet
  facet normal 0.418602 -0.90817 0
    outer loop
      vertex -0.718994 -6.8848 7.4
      vertex -0.718994 -6.8848 9
      vertex -0.724548 -6.88736 9
    endloop
  endfacet
  facet normal 0.431135 -0.902287 0
    outer loop
      vertex -0.673538 -6.86308 7.4
      vertex -0.718994 -6.8848 9
      vertex -0.718994 -6.8848 7.4
    endloop
  endfacet
  facet normal 0.431135 -0.902287 0
    outer loop
      vertex -0.673538 -6.86308 7.4
      vertex -0.673538 -6.86308 9
      vertex -0.718994 -6.8848 9
    endloop
  endfacet
  facet normal 0.440486 -0.89776 0
    outer loop
      vertex -0.668137 -6.86043 7.4
      vertex -0.673538 -6.86308 9
      vertex -0.673538 -6.86308 7.4
    endloop
  endfacet
  facet normal 0.440486 -0.89776 0
    outer loop
      vertex -0.668137 -6.86043 7.4
      vertex -0.668137 -6.86043 9
      vertex -0.673538 -6.86308 9
    endloop
  endfacet
  facet normal 0.452603 -0.891712 0
    outer loop
      vertex -0.622803 -6.83742 7.4
      vertex -0.668137 -6.86043 9
      vertex -0.668137 -6.86043 7.4
    endloop
  endfacet
  facet normal 0.452603 -0.891712 0
    outer loop
      vertex -0.622803 -6.83742 7.4
      vertex -0.622803 -6.83742 9
      vertex -0.668137 -6.86043 9
    endloop
  endfacet
  facet normal 0.463218 -0.886245 0
    outer loop
      vertex -0.617599 -6.8347 7.4
      vertex -0.622803 -6.83742 9
      vertex -0.622803 -6.83742 7.4
    endloop
  endfacet
  facet normal 0.463218 -0.886245 0
    outer loop
      vertex -0.617599 -6.8347 7.4
      vertex -0.617599 -6.8347 9
      vertex -0.622803 -6.83742 9
    endloop
  endfacet
  facet normal 0.4734 -0.880848 0
    outer loop
      vertex -0.572403 -6.81041 7.4
      vertex -0.617599 -6.8347 9
      vertex -0.617599 -6.8347 7.4
    endloop
  endfacet
  facet normal 0.4734 -0.880848 0
    outer loop
      vertex -0.572403 -6.81041 7.4
      vertex -0.572403 -6.81041 9
      vertex -0.617599 -6.8347 9
    endloop
  endfacet
  facet normal 0.484684 -0.874689 0
    outer loop
      vertex -0.567368 -6.80762 7.4
      vertex -0.572403 -6.81041 9
      vertex -0.572403 -6.81041 7.4
    endloop
  endfacet
  facet normal 0.484684 -0.874689 0
    outer loop
      vertex -0.567368 -6.80762 7.4
      vertex -0.567368 -6.80762 9
      vertex -0.572403 -6.81041 9
    endloop
  endfacet
  facet normal 0.493684 -0.869641 0
    outer loop
      vertex -0.522308 -6.78204 7.4
      vertex -0.567368 -6.80762 9
      vertex -0.567368 -6.80762 7.4
    endloop
  endfacet
  facet normal 0.493684 -0.869641 0
    outer loop
      vertex -0.522308 -6.78204 7.4
      vertex -0.522308 -6.78204 9
      vertex -0.567368 -6.80762 9
    endloop
  endfacet
  facet normal 0.503839 -0.863798 0
    outer loop
      vertex -0.517319 -6.77913 7.4
      vertex -0.522308 -6.78204 9
      vertex -0.522308 -6.78204 7.4
    endloop
  endfacet
  facet normal 0.503839 -0.863798 0
    outer loop
      vertex -0.517319 -6.77913 7.4
      vertex -0.517319 -6.77913 9
      vertex -0.522308 -6.78204 9
    endloop
  endfacet
  facet normal 0.513608 -0.858025 0
    outer loop
      vertex -0.472397 -6.75224 7.4
      vertex -0.517319 -6.77913 9
      vertex -0.517319 -6.77913 7.4
    endloop
  endfacet
  facet normal 0.513608 -0.858025 0
    outer loop
      vertex -0.472397 -6.75224 7.4
      vertex -0.472397 -6.75224 9
      vertex -0.517319 -6.77913 9
    endloop
  endfacet
  facet normal 0.523357 -0.852114 0
    outer loop
      vertex -0.467773 -6.7494 7.4
      vertex -0.472397 -6.75224 9
      vertex -0.472397 -6.75224 7.4
    endloop
  endfacet
  facet normal 0.523357 -0.852114 0
    outer loop
      vertex -0.467773 -6.7494 7.4
      vertex -0.467773 -6.7494 9
      vertex -0.472397 -6.75224 9
    endloop
  endfacet
  facet normal 0.532045 -0.846716 0
    outer loop
      vertex -0.422974 -6.72125 7.4
      vertex -0.467773 -6.7494 9
      vertex -0.467773 -6.7494 7.4
    endloop
  endfacet
  facet normal 0.532045 -0.846716 0
    outer loop
      vertex -0.422974 -6.72125 7.4
      vertex -0.422974 -6.72125 9
      vertex -0.467773 -6.7494 9
    endloop
  endfacet
  facet normal 0.54052 -0.841331 0
    outer loop
      vertex -0.41832 -6.71826 7.4
      vertex -0.422974 -6.72125 9
      vertex -0.422974 -6.72125 7.4
    endloop
  endfacet
  facet normal 0.54052 -0.841331 0
    outer loop
      vertex -0.41832 -6.71826 7.4
      vertex -0.41832 -6.71826 9
      vertex -0.422974 -6.72125 9
    endloop
  endfacet
  facet normal 0.550613 -0.83476 0
    outer loop
      vertex -0.373657 -6.6888 7.4
      vertex -0.41832 -6.71826 9
      vertex -0.41832 -6.71826 7.4
    endloop
  endfacet
  facet normal 0.550613 -0.83476 0
    outer loop
      vertex -0.373657 -6.6888 7.4
      vertex -0.373657 -6.6888 9
      vertex -0.41832 -6.71826 9
    endloop
  endfacet
  facet normal 0.558701 -0.829369 0
    outer loop
      vertex -0.369263 -6.68584 7.4
      vertex -0.373657 -6.6888 9
      vertex -0.373657 -6.6888 7.4
    endloop
  endfacet
  facet normal 0.558701 -0.829369 0
    outer loop
      vertex -0.369263 -6.68584 7.4
      vertex -0.369263 -6.68584 9
      vertex -0.373657 -6.6888 9
    endloop
  endfacet
  facet normal 0.568273 -0.82284 0
    outer loop
      vertex -0.324738 -6.65509 7.4
      vertex -0.369263 -6.68584 9
      vertex -0.369263 -6.68584 7.4
    endloop
  endfacet
  facet normal 0.568273 -0.82284 0
    outer loop
      vertex -0.324738 -6.65509 7.4
      vertex -0.324738 -6.65509 9
      vertex -0.369263 -6.68584 9
    endloop
  endfacet
  facet normal 0.576347 -0.817205 0
    outer loop
      vertex -0.320541 -6.65213 7.4
      vertex -0.324738 -6.65509 9
      vertex -0.324738 -6.65509 7.4
    endloop
  endfacet
  facet normal 0.576347 -0.817205 0
    outer loop
      vertex -0.320541 -6.65213 7.4
      vertex -0.320541 -6.65213 9
      vertex -0.324738 -6.65509 9
    endloop
  endfacet
  facet normal 0.585024 -0.811016 0
    outer loop
      vertex -0.276138 -6.6201 7.4
      vertex -0.320541 -6.65213 9
      vertex -0.320541 -6.65213 7.4
    endloop
  endfacet
  facet normal 0.585024 -0.811016 0
    outer loop
      vertex -0.276138 -6.6201 7.4
      vertex -0.276138 -6.6201 9
      vertex -0.320541 -6.65213 9
    endloop
  endfacet
  facet normal 0.593961 -0.804494 0
    outer loop
      vertex -0.272034 -6.61707 7.4
      vertex -0.276138 -6.6201 9
      vertex -0.276138 -6.6201 7.4
    endloop
  endfacet
  facet normal 0.593961 -0.804494 0
    outer loop
      vertex -0.272034 -6.61707 7.4
      vertex -0.272034 -6.61707 9
      vertex -0.276138 -6.6201 9
    endloop
  endfacet
  facet normal 0.601506 -0.798868 0
    outer loop
      vertex -0.227768 -6.58374 7.4
      vertex -0.272034 -6.61707 9
      vertex -0.272034 -6.61707 7.4
    endloop
  endfacet
  facet normal 0.601506 -0.798868 0
    outer loop
      vertex -0.227768 -6.58374 7.4
      vertex -0.227768 -6.58374 9
      vertex -0.272034 -6.61707 9
    endloop
  endfacet
  facet normal 0.609711 -0.792624 0
    outer loop
      vertex -0.223816 -6.5807 7.4
      vertex -0.227768 -6.58374 9
      vertex -0.227768 -6.58374 7.4
    endloop
  endfacet
  facet normal 0.609711 -0.792624 0
    outer loop
      vertex -0.223816 -6.5807 7.4
      vertex -0.223816 -6.5807 9
      vertex -0.227768 -6.58374 9
    endloop
  endfacet
  facet normal 0.617248 -0.786769 0
    outer loop
      vertex -0.179688 -6.54608 7.4
      vertex -0.223816 -6.5807 9
      vertex -0.223816 -6.5807 7.4
    endloop
  endfacet
  facet normal 0.617248 -0.786769 0
    outer loop
      vertex -0.179688 -6.54608 7.4
      vertex -0.179688 -6.54608 9
      vertex -0.223816 -6.5807 9
    endloop
  endfacet
  facet normal 0.623517 -0.78181 0
    outer loop
      vertex -0.175964 -6.54311 7.4
      vertex -0.179688 -6.54608 9
      vertex -0.179688 -6.54608 7.4
    endloop
  endfacet
  facet normal 0.623517 -0.78181 0
    outer loop
      vertex -0.175964 -6.54311 7.4
      vertex -0.175964 -6.54311 9
      vertex -0.179688 -6.54608 9
    endloop
  endfacet
  facet normal 0.632236 -0.774776 0
    outer loop
      vertex -0.131958 -6.5072 7.4
      vertex -0.175964 -6.54311 9
      vertex -0.175964 -6.54311 7.4
    endloop
  endfacet
  facet normal 0.632236 -0.774776 0
    outer loop
      vertex -0.131958 -6.5072 7.4
      vertex -0.131958 -6.5072 9
      vertex -0.175964 -6.54311 9
    endloop
  endfacet
  facet normal 0.63749 -0.770458 0
    outer loop
      vertex -0.128296 -6.50417 7.4
      vertex -0.131958 -6.5072 9
      vertex -0.131958 -6.5072 7.4
    endloop
  endfacet
  facet normal 0.63749 -0.770458 0
    outer loop
      vertex -0.128296 -6.50417 7.4
      vertex -0.128296 -6.50417 9
      vertex -0.131958 -6.5072 9
    endloop
  endfacet
  facet normal 0.646853 -0.762614 0
    outer loop
      vertex -0.0844269 -6.46696 7.4
      vertex -0.128296 -6.50417 9
      vertex -0.128296 -6.50417 7.4
    endloop
  endfacet
  facet normal 0.646853 -0.762614 0
    outer loop
      vertex -0.0844269 -6.46696 7.4
      vertex -0.0844269 -6.46696 9
      vertex -0.128296 -6.50417 9
    endloop
  endfacet
  facet normal 0.653437 -0.756981 0
    outer loop
      vertex -0.0809631 -6.46397 7.4
      vertex -0.0844269 -6.46696 9
      vertex -0.0844269 -6.46696 7.4
    endloop
  endfacet
  facet normal 0.653437 -0.756981 0
    outer loop
      vertex -0.0809631 -6.46397 7.4
      vertex -0.0809631 -6.46397 9
      vertex -0.0844269 -6.46696 9
    endloop
  endfacet
  facet normal 0.66059 -0.750747 0
    outer loop
      vertex -0.0372314 -6.42549 7.4
      vertex -0.0809631 -6.46397 9
      vertex -0.0809631 -6.46397 7.4
    endloop
  endfacet
  facet normal 0.66059 -0.750747 0
    outer loop
      vertex -0.0372314 -6.42549 7.4
      vertex -0.0372314 -6.42549 9
      vertex -0.0809631 -6.46397 9
    endloop
  endfacet
  facet normal 0.666358 -0.745632 0
    outer loop
      vertex -0.0338745 -6.42249 7.4
      vertex -0.0372314 -6.42549 9
      vertex -0.0372314 -6.42549 7.4
    endloop
  endfacet
  facet normal 0.666358 -0.745632 0
    outer loop
      vertex -0.0338745 -6.42249 7.4
      vertex -0.0338745 -6.42249 9
      vertex -0.0372314 -6.42549 9
    endloop
  endfacet
  facet normal 0.674052 -0.738684 0
    outer loop
      vertex 0.00971985 -6.38271 7.4
      vertex -0.0338745 -6.42249 9
      vertex -0.0338745 -6.42249 7.4
    endloop
  endfacet
  facet normal 0.674052 -0.738684 0
    outer loop
      vertex 0.00971985 -6.38271 7.4
      vertex 0.00971985 -6.38271 9
      vertex -0.0338745 -6.42249 9
    endloop
  endfacet
  facet normal 0.68204 -0.731315 0
    outer loop
      vertex 0.0128937 -6.37975 7.4
      vertex 0.00971985 -6.38271 9
      vertex 0.00971985 -6.38271 7.4
    endloop
  endfacet
  facet normal 0.68204 -0.731315 0
    outer loop
      vertex 0.0128937 -6.37975 7.4
      vertex 0.0128937 -6.37975 9
      vertex 0.00971985 -6.38271 9
    endloop
  endfacet
  facet normal 0.686825 -0.726823 0
    outer loop
      vertex 0.056366 -6.33867 7.4
      vertex 0.0128937 -6.37975 9
      vertex 0.0128937 -6.37975 7.4
    endloop
  endfacet
  facet normal 0.686825 -0.726823 0
    outer loop
      vertex 0.056366 -6.33867 7.4
      vertex 0.056366 -6.33867 9
      vertex 0.0128937 -6.37975 9
    endloop
  endfacet
  facet normal 0.692577 -0.721344 0
    outer loop
      vertex 0.0594177 -6.33574 7.4
      vertex 0.056366 -6.33867 9
      vertex 0.056366 -6.33867 7.4
    endloop
  endfacet
  facet normal 0.692577 -0.721344 0
    outer loop
      vertex 0.0594177 -6.33574 7.4
      vertex 0.0594177 -6.33574 9
      vertex 0.056366 -6.33867 9
    endloop
  endfacet
  facet normal 0.699014 -0.715108 0
    outer loop
      vertex 0.102753 -6.29338 7.4
      vertex 0.0594177 -6.33574 9
      vertex 0.0594177 -6.33574 7.4
    endloop
  endfacet
  facet normal 0.699014 -0.715108 0
    outer loop
      vertex 0.102753 -6.29338 7.4
      vertex 0.102753 -6.29338 9
      vertex 0.0594177 -6.33574 9
    endloop
  endfacet
  facet normal 0.704802 -0.709404 0
    outer loop
      vertex 0.105682 -6.29047 7.4
      vertex 0.102753 -6.29338 9
      vertex 0.102753 -6.29338 7.4
    endloop
  endfacet
  facet normal 0.704802 -0.709404 0
    outer loop
      vertex 0.105682 -6.29047 7.4
      vertex 0.105682 -6.29047 9
      vertex 0.102753 -6.29338 9
    endloop
  endfacet
  facet normal 0.710982 -0.70321 0
    outer loop
      vertex 0.151733 -6.24391 7.4
      vertex 0.105682 -6.29047 9
      vertex 0.105682 -6.29047 7.4
    endloop
  endfacet
  facet normal 0.710982 -0.70321 0
    outer loop
      vertex 0.151733 -6.24391 7.4
      vertex 0.151733 -6.24391 9
      vertex 0.105682 -6.29047 9
    endloop
  endfacet
  facet normal 0.72204 -0.691851 0
    outer loop
      vertex 0.194794 -6.19897 7.4
      vertex 0.151733 -6.24391 9
      vertex 0.151733 -6.24391 7.4
    endloop
  endfacet
  facet normal 0.72204 -0.691851 0
    outer loop
      vertex 0.194794 -6.19897 7.4
      vertex 0.194794 -6.19897 9
      vertex 0.151733 -6.24391 9
    endloop
  endfacet
  facet normal 0.732661 -0.680594 0
    outer loop
      vertex 0.24295 -6.14713 7.4
      vertex 0.194794 -6.19897 9
      vertex 0.194794 -6.19897 7.4
    endloop
  endfacet
  facet normal 0.732661 -0.680594 0
    outer loop
      vertex 0.24295 -6.14713 7.4
      vertex 0.24295 -6.14713 9
      vertex 0.194794 -6.19897 9
    endloop
  endfacet
  facet normal 0.742913 -0.669388 0
    outer loop
      vertex 0.285767 -6.09961 7.4
      vertex 0.24295 -6.14713 9
      vertex 0.24295 -6.14713 7.4
    endloop
  endfacet
  facet normal 0.742913 -0.669388 0
    outer loop
      vertex 0.285767 -6.09961 7.4
      vertex 0.285767 -6.09961 9
      vertex 0.24295 -6.14713 9
    endloop
  endfacet
  facet normal 0.752777 -0.658276 0
    outer loop
      vertex 0.330933 -6.04796 7.4
      vertex 0.285767 -6.09961 9
      vertex 0.285767 -6.09961 7.4
    endloop
  endfacet
  facet normal 0.752777 -0.658276 0
    outer loop
      vertex 0.330933 -6.04796 7.4
      vertex 0.330933 -6.04796 9
      vertex 0.285767 -6.09961 9
    endloop
  endfacet
  facet normal 0.757881 -0.652392 0
    outer loop
      vertex 0.333481 -6.045 7.4
      vertex 0.330933 -6.04796 9
      vertex 0.330933 -6.04796 7.4
    endloop
  endfacet
  facet normal 0.757881 -0.652392 0
    outer loop
      vertex 0.333481 -6.045 7.4
      vertex 0.333481 -6.045 9
      vertex 0.330933 -6.04796 9
    endloop
  endfacet
  facet normal 0.763132 -0.646242 0
    outer loop
      vertex 0.376068 -5.99471 7.4
      vertex 0.333481 -6.045 9
      vertex 0.333481 -6.045 7.4
    endloop
  endfacet
  facet normal 0.763132 -0.646242 0
    outer loop
      vertex 0.376068 -5.99471 7.4
      vertex 0.376068 -5.99471 9
      vertex 0.333481 -6.045 9
    endloop
  endfacet
  facet normal 0.769447 -0.638711 0
    outer loop
      vertex 0.378799 -5.99142 7.4
      vertex 0.376068 -5.99471 9
      vertex 0.376068 -5.99471 7.4
    endloop
  endfacet
  facet normal 0.769447 -0.638711 0
    outer loop
      vertex 0.378799 -5.99142 7.4
      vertex 0.378799 -5.99142 9
      vertex 0.376068 -5.99471 9
    endloop
  endfacet
  facet normal 0.77403 -0.633149 0
    outer loop
      vertex 0.42131 -5.93945 7.4
      vertex 0.378799 -5.99142 9
      vertex 0.378799 -5.99142 7.4
    endloop
  endfacet
  facet normal 0.77403 -0.633149 0
    outer loop
      vertex 0.42131 -5.93945 7.4
      vertex 0.42131 -5.93945 9
      vertex 0.378799 -5.99142 9
    endloop
  endfacet
  facet normal 0.778741 -0.627346 0
    outer loop
      vertex 0.423904 -5.93623 7.4
      vertex 0.42131 -5.93945 9
      vertex 0.42131 -5.93945 7.4
    endloop
  endfacet
  facet normal 0.778741 -0.627346 0
    outer loop
      vertex 0.423904 -5.93623 7.4
      vertex 0.423904 -5.93623 9
      vertex 0.42131 -5.93945 9
    endloop
  endfacet
  facet normal 0.784372 -0.620291 0
    outer loop
      vertex 0.466339 -5.88257 7.4
      vertex 0.423904 -5.93623 9
      vertex 0.423904 -5.93623 7.4
    endloop
  endfacet
  facet normal 0.784372 -0.620291 0
    outer loop
      vertex 0.466339 -5.88257 7.4
      vertex 0.466339 -5.88257 9
      vertex 0.423904 -5.93623 9
    endloop
  endfacet
  facet normal 0.790322 -0.612692 0
    outer loop
      vertex 0.468719 -5.8795 7.4
      vertex 0.466339 -5.88257 9
      vertex 0.466339 -5.88257 7.4
    endloop
  endfacet
  facet normal 0.790322 -0.612692 0
    outer loop
      vertex 0.468719 -5.8795 7.4
      vertex 0.468719 -5.8795 9
      vertex 0.466339 -5.88257 9
    endloop
  endfacet
  facet normal 0.794083 -0.607809 0
    outer loop
      vertex 0.513412 -5.82111 7.4
      vertex 0.468719 -5.8795 9
      vertex 0.468719 -5.8795 7.4
    endloop
  endfacet
  facet normal 0.794083 -0.607809 0
    outer loop
      vertex 0.513412 -5.82111 7.4
      vertex 0.513412 -5.82111 9
      vertex 0.468719 -5.8795 9
    endloop
  endfacet
  facet normal 0.803145 -0.595783 0
    outer loop
      vertex 0.555725 -5.76407 7.4
      vertex 0.513412 -5.82111 9
      vertex 0.513412 -5.82111 7.4
    endloop
  endfacet
  facet normal 0.803145 -0.595783 0
    outer loop
      vertex 0.555725 -5.76407 7.4
      vertex 0.555725 -5.76407 9
      vertex 0.513412 -5.82111 9
    endloop
  endfacet
  facet normal 0.807777 -0.589488 0
    outer loop
      vertex 0.557907 -5.76108 7.4
      vertex 0.555725 -5.76407 9
      vertex 0.555725 -5.76407 7.4
    endloop
  endfacet
  facet normal 0.807777 -0.589488 0
    outer loop
      vertex 0.557907 -5.76108 7.4
      vertex 0.557907 -5.76108 9
      vertex 0.555725 -5.76407 9
    endloop
  endfacet
  facet normal 0.811859 -0.583853 0
    outer loop
      vertex 0.600143 -5.70235 7.4
      vertex 0.557907 -5.76108 9
      vertex 0.557907 -5.76108 7.4
    endloop
  endfacet
  facet normal 0.811859 -0.583853 0
    outer loop
      vertex 0.600143 -5.70235 7.4
      vertex 0.600143 -5.70235 9
      vertex 0.557907 -5.76108 9
    endloop
  endfacet
  facet normal 0.82003 -0.572321 0
    outer loop
      vertex 0.646255 -5.63628 7.4
      vertex 0.600143 -5.70235 9
      vertex 0.600143 -5.70235 7.4
    endloop
  endfacet
  facet normal 0.82003 -0.572321 0
    outer loop
      vertex 0.646255 -5.63628 7.4
      vertex 0.646255 -5.63628 9
      vertex 0.600143 -5.70235 9
    endloop
  endfacet
  facet normal 0.827668 -0.561218 0
    outer loop
      vertex 0.68837 -5.57417 7.4
      vertex 0.646255 -5.63628 9
      vertex 0.646255 -5.63628 7.4
    endloop
  endfacet
  facet normal 0.827668 -0.561218 0
    outer loop
      vertex 0.68837 -5.57417 7.4
      vertex 0.68837 -5.57417 9
      vertex 0.646255 -5.63628 9
    endloop
  endfacet
  facet normal 0.834891 -0.550415 0
    outer loop
      vertex 0.733978 -5.50499 7.4
      vertex 0.68837 -5.57417 9
      vertex 0.68837 -5.57417 7.4
    endloop
  endfacet
  facet normal 0.834891 -0.550415 0
    outer loop
      vertex 0.733978 -5.50499 7.4
      vertex 0.733978 -5.50499 9
      vertex 0.68837 -5.57417 9
    endloop
  endfacet
  facet normal 0.841945 -0.539563 0
    outer loop
      vertex 0.777588 -5.43694 7.4
      vertex 0.733978 -5.50499 9
      vertex 0.733978 -5.50499 7.4
    endloop
  endfacet
  facet normal 0.841945 -0.539563 0
    outer loop
      vertex 0.777588 -5.43694 7.4
      vertex 0.777588 -5.43694 9
      vertex 0.733978 -5.50499 9
    endloop
  endfacet
  facet normal 0.848507 -0.529184 0
    outer loop
      vertex 0.821045 -5.36726 7.4
      vertex 0.777588 -5.43694 9
      vertex 0.777588 -5.43694 7.4
    endloop
  endfacet
  facet normal 0.848507 -0.529184 0
    outer loop
      vertex 0.821045 -5.36726 7.4
      vertex 0.821045 -5.36726 9
      vertex 0.777588 -5.43694 9
    endloop
  endfacet
  facet normal 0.854528 -0.519406 0
    outer loop
      vertex 0.8629 -5.2984 7.4
      vertex 0.821045 -5.36726 9
      vertex 0.821045 -5.36726 7.4
    endloop
  endfacet
  facet normal 0.854528 -0.519406 0
    outer loop
      vertex 0.8629 -5.2984 7.4
      vertex 0.8629 -5.2984 9
      vertex 0.821045 -5.36726 9
    endloop
  endfacet
  facet normal 0.860421 -0.509585 0
    outer loop
      vertex 0.907532 -5.22304 7.4
      vertex 0.8629 -5.2984 9
      vertex 0.8629 -5.2984 7.4
    endloop
  endfacet
  facet normal 0.860421 -0.509585 0
    outer loop
      vertex 0.907532 -5.22304 7.4
      vertex 0.907532 -5.22304 9
      vertex 0.8629 -5.2984 9
    endloop
  endfacet
  facet normal 0.866037 -0.499981 0
    outer loop
      vertex 0.950577 -5.14848 7.4
      vertex 0.907532 -5.22304 9
      vertex 0.907532 -5.22304 7.4
    endloop
  endfacet
  facet normal 0.866037 -0.499981 0
    outer loop
      vertex 0.950577 -5.14848 7.4
      vertex 0.950577 -5.14848 9
      vertex 0.907532 -5.22304 9
    endloop
  endfacet
  facet normal 0.87124 -0.490858 0
    outer loop
      vertex 0.992218 -5.07457 7.4
      vertex 0.950577 -5.14848 9
      vertex 0.950577 -5.14848 7.4
    endloop
  endfacet
  facet normal 0.87124 -0.490858 0
    outer loop
      vertex 0.992218 -5.07457 7.4
      vertex 0.992218 -5.07457 9
      vertex 0.950577 -5.14848 9
    endloop
  endfacet
  facet normal 0.876165 -0.482011 0
    outer loop
      vertex 1.03624 -4.99455 7.4
      vertex 0.992218 -5.07457 9
      vertex 0.992218 -5.07457 7.4
    endloop
  endfacet
  facet normal 0.876165 -0.482011 0
    outer loop
      vertex 1.03624 -4.99455 7.4
      vertex 1.03624 -4.99455 9
      vertex 0.992218 -5.07457 9
    endloop
  endfacet
  facet normal 0.881026 -0.473068 0
    outer loop
      vertex 1.07889 -4.91512 7.4
      vertex 1.03624 -4.99455 9
      vertex 1.03624 -4.99455 7.4
    endloop
  endfacet
  facet normal 0.881026 -0.473068 0
    outer loop
      vertex 1.07889 -4.91512 7.4
      vertex 1.07889 -4.91512 9
      vertex 1.03624 -4.99455 9
    endloop
  endfacet
  facet normal 0.88556 -0.464525 0
    outer loop
      vertex 1.1214 -4.83408 7.4
      vertex 1.07889 -4.91512 9
      vertex 1.07889 -4.91512 7.4
    endloop
  endfacet
  facet normal 0.88556 -0.464525 0
    outer loop
      vertex 1.1214 -4.83408 7.4
      vertex 1.1214 -4.83408 9
      vertex 1.07889 -4.91512 9
    endloop
  endfacet
  facet normal 0.889816 -0.456319 0
    outer loop
      vertex 1.16379 -4.75142 7.4
      vertex 1.1214 -4.83408 9
      vertex 1.1214 -4.83408 7.4
    endloop
  endfacet
  facet normal 0.889816 -0.456319 0
    outer loop
      vertex 1.16379 -4.75142 7.4
      vertex 1.16379 -4.75142 9
      vertex 1.1214 -4.83408 9
    endloop
  endfacet
  facet normal 0.893896 -0.448274 0
    outer loop
      vertex 1.20607 -4.66711 7.4
      vertex 1.16379 -4.75142 9
      vertex 1.16379 -4.75142 7.4
    endloop
  endfacet
  facet normal 0.893896 -0.448274 0
    outer loop
      vertex 1.20607 -4.66711 7.4
      vertex 1.20607 -4.66711 9
      vertex 1.16379 -4.75142 9
    endloop
  endfacet
  facet normal 0.89762 -0.44077 0
    outer loop
      vertex 1.24828 -4.58115 7.4
      vertex 1.20607 -4.66711 9
      vertex 1.20607 -4.66711 7.4
    endloop
  endfacet
  facet normal 0.89762 -0.44077 0
    outer loop
      vertex 1.24828 -4.58115 7.4
      vertex 1.24828 -4.58115 9
      vertex 1.20607 -4.66711 9
    endloop
  endfacet
  facet normal 0.901457 -0.432868 0
    outer loop
      vertex 1.29033 -4.49358 7.4
      vertex 1.24828 -4.58115 9
      vertex 1.24828 -4.58115 7.4
    endloop
  endfacet
  facet normal 0.901457 -0.432868 0
    outer loop
      vertex 1.29033 -4.49358 7.4
      vertex 1.29033 -4.49358 9
      vertex 1.24828 -4.58115 9
    endloop
  endfacet
  facet normal 0.904894 -0.425638 0
    outer loop
      vertex 1.33145 -4.40616 7.4
      vertex 1.29033 -4.49358 9
      vertex 1.29033 -4.49358 7.4
    endloop
  endfacet
  facet normal 0.904894 -0.425638 0
    outer loop
      vertex 1.33145 -4.40616 7.4
      vertex 1.33145 -4.40616 9
      vertex 1.29033 -4.49358 9
    endloop
  endfacet
  facet normal 0.909908 -0.414811 0
    outer loop
      vertex 1.33331 -4.40208 7.4
      vertex 1.33145 -4.40616 9
      vertex 1.33145 -4.40616 7.4
    endloop
  endfacet
  facet normal 0.909908 -0.414811 0
    outer loop
      vertex 1.33331 -4.40208 7.4
      vertex 1.33331 -4.40208 9
      vertex 1.33145 -4.40616 9
    endloop
  endfacet
  facet normal 0.912398 -0.409303 0
    outer loop
      vertex 1.37036 -4.31949 7.4
      vertex 1.33331 -4.40208 9
      vertex 1.33331 -4.40208 7.4
    endloop
  endfacet
  facet normal 0.912398 -0.409303 0
    outer loop
      vertex 1.37036 -4.31949 7.4
      vertex 1.37036 -4.31949 9
      vertex 1.33331 -4.40208 9
    endloop
  endfacet
  facet normal 0.914982 -0.403495 0
    outer loop
      vertex 1.4072 -4.23595 7.4
      vertex 1.37036 -4.31949 9
      vertex 1.37036 -4.31949 7.4
    endloop
  endfacet
  facet normal 0.914982 -0.403495 0
    outer loop
      vertex 1.4072 -4.23595 7.4
      vertex 1.4072 -4.23595 9
      vertex 1.37036 -4.31949 9
    endloop
  endfacet
  facet normal 0.91766 -0.397366 0
    outer loop
      vertex 1.44376 -4.15152 7.4
      vertex 1.4072 -4.23595 9
      vertex 1.4072 -4.23595 7.4
    endloop
  endfacet
  facet normal 0.91766 -0.397366 0
    outer loop
      vertex 1.44376 -4.15152 7.4
      vertex 1.44376 -4.15152 9
      vertex 1.4072 -4.23595 9
    endloop
  endfacet
  facet normal 0.920124 -0.391627 0
    outer loop
      vertex 1.48007 -4.06621 7.4
      vertex 1.44376 -4.15152 9
      vertex 1.44376 -4.15152 7.4
    endloop
  endfacet
  facet normal 0.920124 -0.391627 0
    outer loop
      vertex 1.48007 -4.06621 7.4
      vertex 1.48007 -4.06621 9
      vertex 1.44376 -4.15152 9
    endloop
  endfacet
  facet normal 0.922557 -0.385861 0
    outer loop
      vertex 1.51614 -3.97997 7.4
      vertex 1.48007 -4.06621 9
      vertex 1.48007 -4.06621 7.4
    endloop
  endfacet
  facet normal 0.922557 -0.385861 0
    outer loop
      vertex 1.51614 -3.97997 7.4
      vertex 1.51614 -3.97997 9
      vertex 1.48007 -4.06621 9
    endloop
  endfacet
  facet normal 0.924922 -0.380157 0
    outer loop
      vertex 1.55196 -3.89282 7.4
      vertex 1.51614 -3.97997 9
      vertex 1.51614 -3.97997 7.4
    endloop
  endfacet
  facet normal 0.924922 -0.380157 0
    outer loop
      vertex 1.55196 -3.89282 7.4
      vertex 1.55196 -3.89282 9
      vertex 1.51614 -3.97997 9
    endloop
  endfacet
  facet normal 0.927223 -0.37451 0
    outer loop
      vertex 1.58754 -3.80473 7.4
      vertex 1.55196 -3.89282 9
      vertex 1.55196 -3.89282 7.4
    endloop
  endfacet
  facet normal 0.927223 -0.37451 0
    outer loop
      vertex 1.58754 -3.80473 7.4
      vertex 1.58754 -3.80473 9
      vertex 1.55196 -3.89282 9
    endloop
  endfacet
  facet normal 0.929432 -0.368993 0
    outer loop
      vertex 1.62285 -3.71579 7.4
      vertex 1.58754 -3.80473 9
      vertex 1.58754 -3.80473 7.4
    endloop
  endfacet
  facet normal 0.929432 -0.368993 0
    outer loop
      vertex 1.62285 -3.71579 7.4
      vertex 1.62285 -3.71579 9
      vertex 1.58754 -3.80473 9
    endloop
  endfacet
  facet normal 0.931597 -0.363492 0
    outer loop
      vertex 1.6579 -3.62596 7.4
      vertex 1.62285 -3.71579 9
      vertex 1.62285 -3.71579 7.4
    endloop
  endfacet
  facet normal 0.931597 -0.363492 0
    outer loop
      vertex 1.6579 -3.62596 7.4
      vertex 1.6579 -3.62596 9
      vertex 1.62285 -3.71579 9
    endloop
  endfacet
  facet normal 0.933602 -0.358311 0
    outer loop
      vertex 1.69276 -3.53513 7.4
      vertex 1.6579 -3.62596 9
      vertex 1.6579 -3.62596 7.4
    endloop
  endfacet
  facet normal 0.933602 -0.358311 0
    outer loop
      vertex 1.69276 -3.53513 7.4
      vertex 1.69276 -3.53513 9
      vertex 1.6579 -3.62596 9
    endloop
  endfacet
  facet normal 0.935719 -0.352745 0
    outer loop
      vertex 1.72731 -3.44348 7.4
      vertex 1.69276 -3.53513 9
      vertex 1.69276 -3.53513 7.4
    endloop
  endfacet
  facet normal 0.935719 -0.352745 0
    outer loop
      vertex 1.72731 -3.44348 7.4
      vertex 1.72731 -3.44348 9
      vertex 1.69276 -3.53513 9
    endloop
  endfacet
  facet normal 0.937601 -0.347713 0
    outer loop
      vertex 1.76164 -3.35091 7.4
      vertex 1.72731 -3.44348 9
      vertex 1.72731 -3.44348 7.4
    endloop
  endfacet
  facet normal 0.937601 -0.347713 0
    outer loop
      vertex 1.76164 -3.35091 7.4
      vertex 1.76164 -3.35091 9
      vertex 1.72731 -3.44348 9
    endloop
  endfacet
  facet normal 0.939526 -0.342477 0
    outer loop
      vertex 1.79573 -3.25739 7.4
      vertex 1.76164 -3.35091 9
      vertex 1.76164 -3.35091 7.4
    endloop
  endfacet
  facet normal 0.939526 -0.342477 0
    outer loop
      vertex 1.79573 -3.25739 7.4
      vertex 1.79573 -3.25739 9
      vertex 1.76164 -3.35091 9
    endloop
  endfacet
  facet normal 0.941387 -0.337328 0
    outer loop
      vertex 1.82956 -3.16298 7.4
      vertex 1.79573 -3.25739 9
      vertex 1.79573 -3.25739 7.4
    endloop
  endfacet
  facet normal 0.941387 -0.337328 0
    outer loop
      vertex 1.82956 -3.16298 7.4
      vertex 1.82956 -3.16298 9
      vertex 1.79573 -3.25739 9
    endloop
  endfacet
  facet normal 0.94314 -0.332396 0
    outer loop
      vertex 1.86314 -3.0677 7.4
      vertex 1.82956 -3.16298 9
      vertex 1.82956 -3.16298 7.4
    endloop
  endfacet
  facet normal 0.94314 -0.332396 0
    outer loop
      vertex 1.86314 -3.0677 7.4
      vertex 1.86314 -3.0677 9
      vertex 1.82956 -3.16298 9
    endloop
  endfacet
  facet normal 0.944797 -0.327657 0
    outer loop
      vertex 1.89653 -2.97142 7.4
      vertex 1.86314 -3.0677 9
      vertex 1.86314 -3.0677 7.4
    endloop
  endfacet
  facet normal 0.944797 -0.327657 0
    outer loop
      vertex 1.89653 -2.97142 7.4
      vertex 1.89653 -2.97142 9
      vertex 1.86314 -3.0677 9
    endloop
  endfacet
  facet normal 0.946616 -0.322362 0
    outer loop
      vertex 1.9296 -2.87431 7.4
      vertex 1.89653 -2.97142 9
      vertex 1.89653 -2.97142 7.4
    endloop
  endfacet
  facet normal 0.946616 -0.322362 0
    outer loop
      vertex 1.9296 -2.87431 7.4
      vertex 1.9296 -2.87431 9
      vertex 1.89653 -2.97142 9
    endloop
  endfacet
  facet normal 0.94814 -0.317852 0
    outer loop
      vertex 1.96246 -2.77629 7.4
      vertex 1.9296 -2.87431 9
      vertex 1.9296 -2.87431 7.4
    endloop
  endfacet
  facet normal 0.94814 -0.317852 0
    outer loop
      vertex 1.96246 -2.77629 7.4
      vertex 1.96246 -2.77629 9
      vertex 1.9296 -2.87431 9
    endloop
  endfacet
  facet normal 0.949695 -0.313175 0
    outer loop
      vertex 1.9951 -2.67731 7.4
      vertex 1.96246 -2.77629 9
      vertex 1.96246 -2.77629 7.4
    endloop
  endfacet
  facet normal 0.949695 -0.313175 0
    outer loop
      vertex 1.9951 -2.67731 7.4
      vertex 1.9951 -2.67731 9
      vertex 1.96246 -2.77629 9
    endloop
  endfacet
  facet normal 0.95127 -0.308358 0
    outer loop
      vertex 2.02747 -2.57745 7.4
      vertex 1.9951 -2.67731 9
      vertex 1.9951 -2.67731 7.4
    endloop
  endfacet
  facet normal 0.95127 -0.308358 0
    outer loop
      vertex 2.02747 -2.57745 7.4
      vertex 2.02747 -2.57745 9
      vertex 1.9951 -2.67731 9
    endloop
  endfacet
  facet normal 0.95277 -0.303691 0
    outer loop
      vertex 2.05959 -2.47668 7.4
      vertex 2.02747 -2.57745 9
      vertex 2.02747 -2.57745 7.4
    endloop
  endfacet
  facet normal 0.95277 -0.303691 0
    outer loop
      vertex 2.05959 -2.47668 7.4
      vertex 2.05959 -2.47668 9
      vertex 2.02747 -2.57745 9
    endloop
  endfacet
  facet normal 0.954155 -0.299312 0
    outer loop
      vertex 2.09148 -2.37502 7.4
      vertex 2.05959 -2.47668 9
      vertex 2.05959 -2.47668 7.4
    endloop
  endfacet
  facet normal 0.954155 -0.299312 0
    outer loop
      vertex 2.09148 -2.37502 7.4
      vertex 2.09148 -2.37502 9
      vertex 2.05959 -2.47668 9
    endloop
  endfacet
  facet normal 0.955559 -0.294801 0
    outer loop
      vertex 2.12305 -2.27269 7.4
      vertex 2.09148 -2.37502 9
      vertex 2.09148 -2.37502 7.4
    endloop
  endfacet
  facet normal 0.955559 -0.294801 0
    outer loop
      vertex 2.12305 -2.27269 7.4
      vertex 2.12305 -2.27269 9
      vertex 2.09148 -2.37502 9
    endloop
  endfacet
  facet normal 0.956621 -0.291336 0
    outer loop
      vertex 2.15433 -2.16998 7.4
      vertex 2.12305 -2.27269 9
      vertex 2.12305 -2.27269 7.4
    endloop
  endfacet
  facet normal 0.956621 -0.291336 0
    outer loop
      vertex 2.15433 -2.16998 7.4
      vertex 2.15433 -2.16998 9
      vertex 2.12305 -2.27269 9
    endloop
  endfacet
  facet normal 0.957341 -0.288961 0
    outer loop
      vertex 2.18538 -2.06711 7.4
      vertex 2.15433 -2.16998 9
      vertex 2.15433 -2.16998 7.4
    endloop
  endfacet
  facet normal 0.957341 -0.288961 0
    outer loop
      vertex 2.18538 -2.06711 7.4
      vertex 2.18538 -2.06711 9
      vertex 2.15433 -2.16998 9
    endloop
  endfacet
  facet normal 0.958125 -0.28635 0
    outer loop
      vertex 2.21619 -1.96402 7.4
      vertex 2.18538 -2.06711 9
      vertex 2.18538 -2.06711 7.4
    endloop
  endfacet
  facet normal 0.958125 -0.28635 0
    outer loop
      vertex 2.21619 -1.96402 7.4
      vertex 2.21619 -1.96402 9
      vertex 2.18538 -2.06711 9
    endloop
  endfacet
  facet normal 0.958867 -0.283854 0
    outer loop
      vertex 2.24677 -1.86072 7.4
      vertex 2.21619 -1.96402 9
      vertex 2.21619 -1.96402 7.4
    endloop
  endfacet
  facet normal 0.958867 -0.283854 0
    outer loop
      vertex 2.24677 -1.86072 7.4
      vertex 2.24677 -1.86072 9
      vertex 2.21619 -1.96402 9
    endloop
  endfacet
  facet normal 0.959593 -0.281393 0
    outer loop
      vertex 2.2771 -1.75729 7.4
      vertex 2.24677 -1.86072 9
      vertex 2.24677 -1.86072 7.4
    endloop
  endfacet
  facet normal 0.959593 -0.281393 0
    outer loop
      vertex 2.2771 -1.75729 7.4
      vertex 2.2771 -1.75729 9
      vertex 2.24677 -1.86072 9
    endloop
  endfacet
  facet normal 0.960313 -0.278926 0
    outer loop
      vertex 2.30722 -1.65359 7.4
      vertex 2.2771 -1.75729 9
      vertex 2.2771 -1.75729 7.4
    endloop
  endfacet
  facet normal 0.960313 -0.278926 0
    outer loop
      vertex 2.30722 -1.65359 7.4
      vertex 2.30722 -1.65359 9
      vertex 2.2771 -1.75729 9
    endloop
  endfacet
  facet normal 0.961069 -0.27631 0
    outer loop
      vertex 2.33708 -1.54973 7.4
      vertex 2.30722 -1.65359 9
      vertex 2.30722 -1.65359 7.4
    endloop
  endfacet
  facet normal 0.961069 -0.27631 0
    outer loop
      vertex 2.33708 -1.54973 7.4
      vertex 2.33708 -1.54973 9
      vertex 2.30722 -1.65359 9
    endloop
  endfacet
  facet normal 0.96175 -0.273928 0
    outer loop
      vertex 2.36673 -1.44563 7.4
      vertex 2.33708 -1.54973 9
      vertex 2.33708 -1.54973 7.4
    endloop
  endfacet
  facet normal 0.96175 -0.273928 0
    outer loop
      vertex 2.36673 -1.44563 7.4
      vertex 2.36673 -1.44563 9
      vertex 2.33708 -1.54973 9
    endloop
  endfacet
  facet normal 0.962456 -0.271438 0
    outer loop
      vertex 2.39612 -1.34142 7.4
      vertex 2.36673 -1.44563 9
      vertex 2.36673 -1.44563 7.4
    endloop
  endfacet
  facet normal 0.962456 -0.271438 0
    outer loop
      vertex 2.39612 -1.34142 7.4
      vertex 2.39612 -1.34142 9
      vertex 2.36673 -1.44563 9
    endloop
  endfacet
  facet normal 0.963131 -0.269032 0
    outer loop
      vertex 2.42531 -1.23692 7.4
      vertex 2.39612 -1.34142 9
      vertex 2.39612 -1.34142 7.4
    endloop
  endfacet
  facet normal 0.963131 -0.269032 0
    outer loop
      vertex 2.42531 -1.23692 7.4
      vertex 2.42531 -1.23692 9
      vertex 2.39612 -1.34142 9
    endloop
  endfacet
  facet normal 0.96387 -0.266375 0
    outer loop
      vertex 2.45422 -1.13231 7.4
      vertex 2.42531 -1.23692 9
      vertex 2.42531 -1.23692 7.4
    endloop
  endfacet
  facet normal 0.96387 -0.266375 0
    outer loop
      vertex 2.45422 -1.13231 7.4
      vertex 2.45422 -1.13231 9
      vertex 2.42531 -1.23692 9
    endloop
  endfacet
  facet normal 0.96447 -0.264191 0
    outer loop
      vertex 2.48296 -1.02739 7.4
      vertex 2.45422 -1.13231 9
      vertex 2.45422 -1.13231 7.4
    endloop
  endfacet
  facet normal 0.96447 -0.264191 0
    outer loop
      vertex 2.48296 -1.02739 7.4
      vertex 2.48296 -1.02739 9
      vertex 2.45422 -1.13231 9
    endloop
  endfacet
  facet normal 0.965227 -0.261411 0
    outer loop
      vertex 2.5114 -0.922379 7.4
      vertex 2.48296 -1.02739 9
      vertex 2.48296 -1.02739 7.4
    endloop
  endfacet
  facet normal 0.965227 -0.261411 0
    outer loop
      vertex 2.5114 -0.922379 7.4
      vertex 2.5114 -0.922379 9
      vertex 2.48296 -1.02739 9
    endloop
  endfacet
  facet normal 0.965841 -0.259134 0
    outer loop
      vertex 2.53964 -0.817123 7.4
      vertex 2.5114 -0.922379 9
      vertex 2.5114 -0.922379 7.4
    endloop
  endfacet
  facet normal 0.965841 -0.259134 0
    outer loop
      vertex 2.53964 -0.817123 7.4
      vertex 2.53964 -0.817123 9
      vertex 2.5114 -0.922379 9
    endloop
  endfacet
  facet normal 0.966474 -0.256766 0
    outer loop
      vertex 2.56766 -0.711655 7.4
      vertex 2.53964 -0.817123 9
      vertex 2.53964 -0.817123 7.4
    endloop
  endfacet
  facet normal 0.966474 -0.256766 0
    outer loop
      vertex 2.56766 -0.711655 7.4
      vertex 2.56766 -0.711655 9
      vertex 2.53964 -0.817123 9
    endloop
  endfacet
  facet normal 0.967185 -0.254072 0
    outer loop
      vertex 2.59541 -0.606018 7.4
      vertex 2.56766 -0.711655 9
      vertex 2.56766 -0.711655 7.4
    endloop
  endfacet
  facet normal 0.967185 -0.254072 0
    outer loop
      vertex 2.59541 -0.606018 7.4
      vertex 2.59541 -0.606018 9
      vertex 2.56766 -0.711655 9
    endloop
  endfacet
  facet normal 0.967749 -0.251916 0
    outer loop
      vertex 2.62296 -0.500183 7.4
      vertex 2.59541 -0.606018 9
      vertex 2.59541 -0.606018 7.4
    endloop
  endfacet
  facet normal 0.967749 -0.251916 0
    outer loop
      vertex 2.62296 -0.500183 7.4
      vertex 2.62296 -0.500183 9
      vertex 2.59541 -0.606018 9
    endloop
  endfacet
  facet normal 0.968439 -0.24925 0
    outer loop
      vertex 2.65025 -0.39415 7.4
      vertex 2.62296 -0.500183 9
      vertex 2.62296 -0.500183 7.4
    endloop
  endfacet
  facet normal 0.968439 -0.24925 0
    outer loop
      vertex 2.65025 -0.39415 7.4
      vertex 2.65025 -0.39415 9
      vertex 2.62296 -0.500183 9
    endloop
  endfacet
  facet normal 0.96905 -0.246863 0
    outer loop
      vertex 2.67732 -0.287888 7.4
      vertex 2.65025 -0.39415 9
      vertex 2.65025 -0.39415 7.4
    endloop
  endfacet
  facet normal 0.96905 -0.246863 0
    outer loop
      vertex 2.67732 -0.287888 7.4
      vertex 2.67732 -0.287888 9
      vertex 2.65025 -0.39415 9
    endloop
  endfacet
  facet normal 0.969639 -0.24454 0
    outer loop
      vertex 2.70415 -0.181503 7.4
      vertex 2.67732 -0.287888 9
      vertex 2.67732 -0.287888 7.4
    endloop
  endfacet
  facet normal 0.969639 -0.24454 0
    outer loop
      vertex 2.70415 -0.181503 7.4
      vertex 2.70415 -0.181503 9
      vertex 2.67732 -0.287888 9
    endloop
  endfacet
  facet normal 0.970259 -0.242068 0
    outer loop
      vertex 2.73076 -0.0748444 7.4
      vertex 2.70415 -0.181503 9
      vertex 2.70415 -0.181503 7.4
    endloop
  endfacet
  facet normal 0.970259 -0.242068 0
    outer loop
      vertex 2.73076 -0.0748444 7.4
      vertex 2.73076 -0.0748444 9
      vertex 2.70415 -0.181503 9
    endloop
  endfacet
  facet normal 0.970893 -0.239515 0
    outer loop
      vertex 2.75711 0.0319672 7.4
      vertex 2.73076 -0.0748444 9
      vertex 2.73076 -0.0748444 7.4
    endloop
  endfacet
  facet normal 0.970893 -0.239515 0
    outer loop
      vertex 2.75711 0.0319672 7.4
      vertex 2.75711 0.0319672 9
      vertex 2.73076 -0.0748444 9
    endloop
  endfacet
  facet normal 0.97144 -0.237287 0
    outer loop
      vertex 2.78323 0.138901 7.4
      vertex 2.75711 0.0319672 9
      vertex 2.75711 0.0319672 7.4
    endloop
  endfacet
  facet normal 0.97144 -0.237287 0
    outer loop
      vertex 2.78323 0.138901 7.4
      vertex 2.78323 0.138901 9
      vertex 2.75711 0.0319672 9
    endloop
  endfacet
  facet normal 0.971948 -0.235198 0
    outer loop
      vertex 2.80904 0.24556 7.4
      vertex 2.78323 0.138901 9
      vertex 2.78323 0.138901 7.4
    endloop
  endfacet
  facet normal 0.971948 -0.235198 0
    outer loop
      vertex 2.80904 0.24556 7.4
      vertex 2.80904 0.24556 9
      vertex 2.78323 0.138901 9
    endloop
  endfacet
  facet normal 0.972361 -0.233484 0
    outer loop
      vertex 2.83453 0.351715 7.4
      vertex 2.80904 0.24556 9
      vertex 2.80904 0.24556 7.4
    endloop
  endfacet
  facet normal 0.972361 -0.233484 0
    outer loop
      vertex 2.83453 0.351715 7.4
      vertex 2.83453 0.351715 9
      vertex 2.80904 0.24556 9
    endloop
  endfacet
  facet normal 0.972653 -0.232263 0
    outer loop
      vertex 2.85977 0.457413 7.4
      vertex 2.83453 0.351715 9
      vertex 2.83453 0.351715 7.4
    endloop
  endfacet
  facet normal 0.972653 -0.232263 0
    outer loop
      vertex 2.85977 0.457413 7.4
      vertex 2.85977 0.457413 9
      vertex 2.83453 0.351715 9
    endloop
  endfacet
  facet normal 0.973069 -0.230516 0
    outer loop
      vertex 2.88469 0.562607 7.4
      vertex 2.85977 0.457413 9
      vertex 2.85977 0.457413 7.4
    endloop
  endfacet
  facet normal 0.973069 -0.230516 0
    outer loop
      vertex 2.88469 0.562607 7.4
      vertex 2.88469 0.562607 9
      vertex 2.85977 0.457413 9
    endloop
  endfacet
  facet normal 0.973465 -0.228837 0
    outer loop
      vertex 2.9093 0.667297 7.4
      vertex 2.88469 0.562607 9
      vertex 2.88469 0.562607 7.4
    endloop
  endfacet
  facet normal 0.973465 -0.228837 0
    outer loop
      vertex 2.9093 0.667297 7.4
      vertex 2.9093 0.667297 9
      vertex 2.88469 0.562607 9
    endloop
  endfacet
  facet normal 0.973821 -0.227316 0
    outer loop
      vertex 2.93362 0.771484 7.4
      vertex 2.9093 0.667297 9
      vertex 2.9093 0.667297 7.4
    endloop
  endfacet
  facet normal 0.973821 -0.227316 0
    outer loop
      vertex 2.93362 0.771484 7.4
      vertex 2.93362 0.771484 9
      vertex 2.9093 0.667297 9
    endloop
  endfacet
  facet normal 0.97418 -0.225772 0
    outer loop
      vertex 2.95766 0.875214 7.4
      vertex 2.93362 0.771484 9
      vertex 2.93362 0.771484 7.4
    endloop
  endfacet
  facet normal 0.97418 -0.225772 0
    outer loop
      vertex 2.95766 0.875214 7.4
      vertex 2.95766 0.875214 9
      vertex 2.93362 0.771484 9
    endloop
  endfacet
  facet normal 0.974559 -0.224132 0
    outer loop
      vertex 2.9814 0.978439 7.4
      vertex 2.95766 0.875214 9
      vertex 2.95766 0.875214 7.4
    endloop
  endfacet
  facet normal 0.974559 -0.224132 0
    outer loop
      vertex 2.9814 0.978439 7.4
      vertex 2.9814 0.978439 9
      vertex 2.95766 0.875214 9
    endloop
  endfacet
  facet normal 0.974975 -0.222312 0
    outer loop
      vertex 3.00482 1.08115 7.4
      vertex 2.9814 0.978439 9
      vertex 2.9814 0.978439 7.4
    endloop
  endfacet
  facet normal 0.974975 -0.222312 0
    outer loop
      vertex 3.00482 1.08115 7.4
      vertex 3.00482 1.08115 9
      vertex 2.9814 0.978439 9
    endloop
  endfacet
  facet normal 0.975338 -0.220718 0
    outer loop
      vertex 3.02795 1.18336 7.4
      vertex 3.00482 1.08115 9
      vertex 3.00482 1.08115 7.4
    endloop
  endfacet
  facet normal 0.975338 -0.220718 0
    outer loop
      vertex 3.02795 1.18336 7.4
      vertex 3.02795 1.18336 9
      vertex 3.00482 1.08115 9
    endloop
  endfacet
  facet normal 0.975709 -0.219072 0
    outer loop
      vertex 3.0508 1.28513 7.4
      vertex 3.02795 1.18336 9
      vertex 3.02795 1.18336 7.4
    endloop
  endfacet
  facet normal 0.975709 -0.219072 0
    outer loop
      vertex 3.0508 1.28513 7.4
      vertex 3.0508 1.28513 9
      vertex 3.02795 1.18336 9
    endloop
  endfacet
  facet normal 0.976094 -0.217349 0
    outer loop
      vertex 3.07335 1.3864 7.4
      vertex 3.0508 1.28513 9
      vertex 3.0508 1.28513 7.4
    endloop
  endfacet
  facet normal 0.976094 -0.217349 0
    outer loop
      vertex 3.07335 1.3864 7.4
      vertex 3.07335 1.3864 9
      vertex 3.0508 1.28513 9
    endloop
  endfacet
  facet normal 0.976508 -0.215483 0
    outer loop
      vertex 3.09558 1.48714 7.4
      vertex 3.07335 1.3864 9
      vertex 3.07335 1.3864 7.4
    endloop
  endfacet
  facet normal 0.976508 -0.215483 0
    outer loop
      vertex 3.09558 1.48714 7.4
      vertex 3.09558 1.48714 9
      vertex 3.07335 1.3864 9
    endloop
  endfacet
  facet normal 0.976852 -0.213918 0
    outer loop
      vertex 3.11754 1.58742 7.4
      vertex 3.09558 1.48714 9
      vertex 3.09558 1.48714 7.4
    endloop
  endfacet
  facet normal 0.976852 -0.213918 0
    outer loop
      vertex 3.11754 1.58742 7.4
      vertex 3.11754 1.58742 9
      vertex 3.09558 1.48714 9
    endloop
  endfacet
  facet normal 0.977272 -0.21199 0
    outer loop
      vertex 3.13918 1.68718 7.4
      vertex 3.11754 1.58742 9
      vertex 3.11754 1.58742 7.4
    endloop
  endfacet
  facet normal 0.977272 -0.21199 0
    outer loop
      vertex 3.13918 1.68718 7.4
      vertex 3.13918 1.68718 9
      vertex 3.11754 1.58742 9
    endloop
  endfacet
  facet normal 0.977678 -0.210107 0
    outer loop
      vertex 3.16052 1.78648 7.4
      vertex 3.13918 1.68718 9
      vertex 3.13918 1.68718 7.4
    endloop
  endfacet
  facet normal 0.977678 -0.210107 0
    outer loop
      vertex 3.16052 1.78648 7.4
      vertex 3.16052 1.78648 9
      vertex 3.13918 1.68718 9
    endloop
  endfacet
  facet normal 0.978055 -0.208345 0
    outer loop
      vertex 3.18156 1.88525 7.4
      vertex 3.16052 1.78648 9
      vertex 3.16052 1.78648 7.4
    endloop
  endfacet
  facet normal 0.978055 -0.208345 0
    outer loop
      vertex 3.18156 1.88525 7.4
      vertex 3.18156 1.88525 9
      vertex 3.16052 1.78648 9
    endloop
  endfacet
  facet normal 0.978394 -0.206748 0
    outer loop
      vertex 3.20233 1.98354 7.4
      vertex 3.18156 1.88525 9
      vertex 3.18156 1.88525 7.4
    endloop
  endfacet
  facet normal 0.978394 -0.206748 0
    outer loop
      vertex 3.20233 1.98354 7.4
      vertex 3.20233 1.98354 9
      vertex 3.18156 1.88525 9
    endloop
  endfacet
  facet normal 0.978799 -0.204821 0
    outer loop
      vertex 3.22281 2.08141 7.4
      vertex 3.20233 1.98354 9
      vertex 3.20233 1.98354 7.4
    endloop
  endfacet
  facet normal 0.978799 -0.204821 0
    outer loop
      vertex 3.22281 2.08141 7.4
      vertex 3.22281 2.08141 9
      vertex 3.20233 1.98354 9
    endloop
  endfacet
  facet normal 0.979246 -0.202676 0
    outer loop
      vertex 3.24294 2.17867 7.4
      vertex 3.22281 2.08141 9
      vertex 3.22281 2.08141 7.4
    endloop
  endfacet
  facet normal 0.979246 -0.202676 0
    outer loop
      vertex 3.24294 2.17867 7.4
      vertex 3.24294 2.17867 9
      vertex 3.22281 2.08141 9
    endloop
  endfacet
  facet normal 0.979568 -0.201113 0
    outer loop
      vertex 3.26282 2.2755 7.4
      vertex 3.24294 2.17867 9
      vertex 3.24294 2.17867 7.4
    endloop
  endfacet
  facet normal 0.979568 -0.201113 0
    outer loop
      vertex 3.26282 2.2755 7.4
      vertex 3.26282 2.2755 9
      vertex 3.24294 2.17867 9
    endloop
  endfacet
  facet normal 0.979994 -0.199029 0
    outer loop
      vertex 3.28239 2.37186 7.4
      vertex 3.26282 2.2755 9
      vertex 3.26282 2.2755 7.4
    endloop
  endfacet
  facet normal 0.979994 -0.199029 0
    outer loop
      vertex 3.28239 2.37186 7.4
      vertex 3.28239 2.37186 9
      vertex 3.26282 2.2755 9
    endloop
  endfacet
  facet normal 0.980383 -0.197101 0
    outer loop
      vertex 3.30164 2.46761 7.4
      vertex 3.28239 2.37186 9
      vertex 3.28239 2.37186 7.4
    endloop
  endfacet
  facet normal 0.980383 -0.197101 0
    outer loop
      vertex 3.30164 2.46761 7.4
      vertex 3.30164 2.46761 9
      vertex 3.28239 2.37186 9
    endloop
  endfacet
  facet normal 0.980736 -0.19534 0
    outer loop
      vertex 3.32051 2.56235 7.4
      vertex 3.30164 2.46761 9
      vertex 3.30164 2.46761 7.4
    endloop
  endfacet
  facet normal 0.980736 -0.19534 0
    outer loop
      vertex 3.32051 2.56235 7.4
      vertex 3.32051 2.56235 9
      vertex 3.30164 2.46761 9
    endloop
  endfacet
  facet normal 0.98091 -0.194462 0
    outer loop
      vertex 3.33905 2.65587 7.4
      vertex 3.32051 2.56235 9
      vertex 3.32051 2.56235 7.4
    endloop
  endfacet
  facet normal 0.98091 -0.194462 0
    outer loop
      vertex 3.33905 2.65587 7.4
      vertex 3.33905 2.65587 9
      vertex 3.32051 2.56235 9
    endloop
  endfacet
  facet normal 0.981157 -0.193211 0
    outer loop
      vertex 3.35722 2.74814 7.4
      vertex 3.33905 2.65587 9
      vertex 3.33905 2.65587 7.4
    endloop
  endfacet
  facet normal 0.981157 -0.193211 0
    outer loop
      vertex 3.35722 2.74814 7.4
      vertex 3.35722 2.74814 9
      vertex 3.33905 2.65587 9
    endloop
  endfacet
  facet normal 0.981401 -0.191969 0
    outer loop
      vertex 3.37503 2.83919 7.4
      vertex 3.35722 2.74814 9
      vertex 3.35722 2.74814 7.4
    endloop
  endfacet
  facet normal 0.981401 -0.191969 0
    outer loop
      vertex 3.37503 2.83919 7.4
      vertex 3.37503 2.83919 9
      vertex 3.35722 2.74814 9
    endloop
  endfacet
  facet normal 0.981631 -0.190791 0
    outer loop
      vertex 3.39247 2.92892 7.4
      vertex 3.37503 2.83919 9
      vertex 3.37503 2.83919 7.4
    endloop
  endfacet
  facet normal 0.981631 -0.190791 0
    outer loop
      vertex 3.39247 2.92892 7.4
      vertex 3.39247 2.92892 9
      vertex 3.37503 2.83919 9
    endloop
  endfacet
  facet normal 0.981847 -0.189674 0
    outer loop
      vertex 3.40958 3.01749 7.4
      vertex 3.39247 2.92892 9
      vertex 3.39247 2.92892 7.4
    endloop
  endfacet
  facet normal 0.981847 -0.189674 0
    outer loop
      vertex 3.40958 3.01749 7.4
      vertex 3.40958 3.01749 9
      vertex 3.39247 2.92892 9
    endloop
  endfacet
  facet normal 0.982191 -0.187883 0
    outer loop
      vertex 3.42627 3.10474 7.4
      vertex 3.40958 3.01749 9
      vertex 3.40958 3.01749 7.4
    endloop
  endfacet
  facet normal 0.982191 -0.187883 0
    outer loop
      vertex 3.42627 3.10474 7.4
      vertex 3.42627 3.10474 9
      vertex 3.40958 3.01749 9
    endloop
  endfacet
  facet normal 0.982374 -0.186928 0
    outer loop
      vertex 3.44264 3.19077 7.4
      vertex 3.42627 3.10474 9
      vertex 3.42627 3.10474 7.4
    endloop
  endfacet
  facet normal 0.982374 -0.186928 0
    outer loop
      vertex 3.44264 3.19077 7.4
      vertex 3.44264 3.19077 9
      vertex 3.42627 3.10474 9
    endloop
  endfacet
  facet normal 0.982683 -0.185296 0
    outer loop
      vertex 3.45863 3.27557 7.4
      vertex 3.44264 3.19077 9
      vertex 3.44264 3.19077 7.4
    endloop
  endfacet
  facet normal 0.982683 -0.185296 0
    outer loop
      vertex 3.45863 3.27557 7.4
      vertex 3.45863 3.27557 9
      vertex 3.44264 3.19077 9
    endloop
  endfacet
  facet normal 0.982927 -0.183997 0
    outer loop
      vertex 3.47427 3.35912 7.4
      vertex 3.45863 3.27557 9
      vertex 3.45863 3.27557 7.4
    endloop
  endfacet
  facet normal 0.982927 -0.183997 0
    outer loop
      vertex 3.47427 3.35912 7.4
      vertex 3.47427 3.35912 9
      vertex 3.45863 3.27557 9
    endloop
  endfacet
  facet normal 0.983194 -0.182564 0
    outer loop
      vertex 3.48955 3.44141 7.4
      vertex 3.47427 3.35912 9
      vertex 3.47427 3.35912 7.4
    endloop
  endfacet
  facet normal 0.983194 -0.182564 0
    outer loop
      vertex 3.48955 3.44141 7.4
      vertex 3.48955 3.44141 9
      vertex 3.47427 3.35912 9
    endloop
  endfacet
  facet normal 0.983497 -0.180925 0
    outer loop
      vertex 3.50446 3.52246 7.4
      vertex 3.48955 3.44141 9
      vertex 3.48955 3.44141 7.4
    endloop
  endfacet
  facet normal 0.983497 -0.180925 0
    outer loop
      vertex 3.50446 3.52246 7.4
      vertex 3.50446 3.52246 9
      vertex 3.48955 3.44141 9
    endloop
  endfacet
  facet normal 0.983834 -0.179081 0
    outer loop
      vertex 3.51898 3.60223 7.4
      vertex 3.50446 3.52246 9
      vertex 3.50446 3.52246 7.4
    endloop
  endfacet
  facet normal 0.983834 -0.179081 0
    outer loop
      vertex 3.51898 3.60223 7.4
      vertex 3.51898 3.60223 9
      vertex 3.50446 3.52246 9
    endloop
  endfacet
  facet normal 0.984056 -0.177861 0
    outer loop
      vertex 3.53319 3.68085 7.4
      vertex 3.51898 3.60223 9
      vertex 3.51898 3.60223 7.4
    endloop
  endfacet
  facet normal 0.984056 -0.177861 0
    outer loop
      vertex 3.53319 3.68085 7.4
      vertex 3.53319 3.68085 9
      vertex 3.51898 3.60223 9
    endloop
  endfacet
  facet normal 0.984446 -0.175689 0
    outer loop
      vertex 3.54698 3.75812 7.4
      vertex 3.53319 3.68085 9
      vertex 3.53319 3.68085 7.4
    endloop
  endfacet
  facet normal 0.984446 -0.175689 0
    outer loop
      vertex 3.54698 3.75812 7.4
      vertex 3.54698 3.75812 9
      vertex 3.53319 3.68085 9
    endloop
  endfacet
  facet normal 0.984667 -0.174442 0
    outer loop
      vertex 3.56046 3.83421 7.4
      vertex 3.54698 3.75812 9
      vertex 3.54698 3.75812 7.4
    endloop
  endfacet
  facet normal 0.984667 -0.174442 0
    outer loop
      vertex 3.56046 3.83421 7.4
      vertex 3.56046 3.83421 9
      vertex 3.54698 3.75812 9
    endloop
  endfacet
  facet normal 0.98505 -0.172269 0
    outer loop
      vertex 3.57355 3.90906 7.4
      vertex 3.56046 3.83421 9
      vertex 3.56046 3.83421 7.4
    endloop
  endfacet
  facet normal 0.98505 -0.172269 0
    outer loop
      vertex 3.57355 3.90906 7.4
      vertex 3.57355 3.90906 9
      vertex 3.56046 3.83421 9
    endloop
  endfacet
  facet normal 0.985365 -0.170459 0
    outer loop
      vertex 3.58627 3.98259 7.4
      vertex 3.57355 3.90906 9
      vertex 3.57355 3.90906 7.4
    endloop
  endfacet
  facet normal 0.985365 -0.170459 0
    outer loop
      vertex 3.58627 3.98259 7.4
      vertex 3.58627 3.98259 9
      vertex 3.57355 3.90906 9
    endloop
  endfacet
  facet normal 0.985679 -0.168635 0
    outer loop
      vertex 3.59866 4.05501 7.4
      vertex 3.58627 3.98259 9
      vertex 3.58627 3.98259 7.4
    endloop
  endfacet
  facet normal 0.985679 -0.168635 0
    outer loop
      vertex 3.59866 4.05501 7.4
      vertex 3.59866 4.05501 9
      vertex 3.58627 3.98259 9
    endloop
  endfacet
  facet normal 0.986016 -0.166649 0
    outer loop
      vertex 3.61067 4.12607 7.4
      vertex 3.59866 4.05501 9
      vertex 3.59866 4.05501 7.4
    endloop
  endfacet
  facet normal 0.986016 -0.166649 0
    outer loop
      vertex 3.61067 4.12607 7.4
      vertex 3.61067 4.12607 9
      vertex 3.59866 4.05501 9
    endloop
  endfacet
  facet normal 0.986386 -0.164445 0
    outer loop
      vertex 3.62233 4.19601 7.4
      vertex 3.61067 4.12607 9
      vertex 3.61067 4.12607 7.4
    endloop
  endfacet
  facet normal 0.986386 -0.164445 0
    outer loop
      vertex 3.62233 4.19601 7.4
      vertex 3.62233 4.19601 9
      vertex 3.61067 4.12607 9
    endloop
  endfacet
  facet normal 0.986745 -0.162276 0
    outer loop
      vertex 3.63361 4.2646 7.4
      vertex 3.62233 4.19601 9
      vertex 3.62233 4.19601 7.4
    endloop
  endfacet
  facet normal 0.986745 -0.162276 0
    outer loop
      vertex 3.63361 4.2646 7.4
      vertex 3.63361 4.2646 9
      vertex 3.62233 4.19601 9
    endloop
  endfacet
  facet normal 0.987117 -0.159998 0
    outer loop
      vertex 3.64452 4.33191 7.4
      vertex 3.63361 4.2646 9
      vertex 3.63361 4.2646 7.4
    endloop
  endfacet
  facet normal 0.987117 -0.159998 0
    outer loop
      vertex 3.64452 4.33191 7.4
      vertex 3.64452 4.33191 9
      vertex 3.63361 4.2646 9
    endloop
  endfacet
  facet normal 0.987444 -0.157967 0
    outer loop
      vertex 3.65504 4.39767 7.4
      vertex 3.64452 4.33191 9
      vertex 3.64452 4.33191 7.4
    endloop
  endfacet
  facet normal 0.987444 -0.157967 0
    outer loop
      vertex 3.65504 4.39767 7.4
      vertex 3.65504 4.39767 9
      vertex 3.64452 4.33191 9
    endloop
  endfacet
  facet normal 0.987773 -0.155899 0
    outer loop
      vertex 3.6651 4.46141 7.4
      vertex 3.65504 4.39767 9
      vertex 3.65504 4.39767 7.4
    endloop
  endfacet
  facet normal 0.987773 -0.155899 0
    outer loop
      vertex 3.6651 4.46141 7.4
      vertex 3.6651 4.46141 9
      vertex 3.65504 4.39767 9
    endloop
  endfacet
  facet normal 0.988149 -0.153499 0
    outer loop
      vertex 3.6747 4.52321 7.4
      vertex 3.6651 4.46141 9
      vertex 3.6651 4.46141 7.4
    endloop
  endfacet
  facet normal 0.988149 -0.153499 0
    outer loop
      vertex 3.6747 4.52321 7.4
      vertex 3.6747 4.52321 9
      vertex 3.6651 4.46141 9
    endloop
  endfacet
  facet normal 0.988558 -0.150839 0
    outer loop
      vertex 3.68382 4.58298 7.4
      vertex 3.6747 4.52321 9
      vertex 3.6747 4.52321 7.4
    endloop
  endfacet
  facet normal 0.988558 -0.150839 0
    outer loop
      vertex 3.68382 4.58298 7.4
      vertex 3.68382 4.58298 9
      vertex 3.6747 4.52321 9
    endloop
  endfacet
  facet normal 0.988884 -0.148691 0
    outer loop
      vertex 3.69252 4.64084 7.4
      vertex 3.68382 4.58298 9
      vertex 3.68382 4.58298 7.4
    endloop
  endfacet
  facet normal 0.988884 -0.148691 0
    outer loop
      vertex 3.69252 4.64084 7.4
      vertex 3.69252 4.64084 9
      vertex 3.68382 4.58298 9
    endloop
  endfacet
  facet normal 0.989388 -0.145295 0
    outer loop
      vertex 3.70071 4.69661 7.4
      vertex 3.69252 4.64084 9
      vertex 3.69252 4.64084 7.4
    endloop
  endfacet
  facet normal 0.989388 -0.145295 0
    outer loop
      vertex 3.70071 4.69661 7.4
      vertex 3.70071 4.69661 9
      vertex 3.69252 4.64084 9
    endloop
  endfacet
  facet normal 0.989732 -0.142937 0
    outer loop
      vertex 3.7085 4.75055 7.4
      vertex 3.70071 4.69661 9
      vertex 3.70071 4.69661 7.4
    endloop
  endfacet
  facet normal 0.989732 -0.142937 0
    outer loop
      vertex 3.7085 4.75055 7.4
      vertex 3.7085 4.75055 9
      vertex 3.70071 4.69661 9
    endloop
  endfacet
  facet normal 0.990237 -0.139395 0
    outer loop
      vertex 3.71582 4.80255 7.4
      vertex 3.7085 4.75055 9
      vertex 3.7085 4.75055 7.4
    endloop
  endfacet
  facet normal 0.990237 -0.139395 0
    outer loop
      vertex 3.71582 4.80255 7.4
      vertex 3.71582 4.80255 9
      vertex 3.7085 4.75055 9
    endloop
  endfacet
  facet normal 0.990769 -0.135564 0
    outer loop
      vertex 3.72266 4.85254 7.4
      vertex 3.71582 4.80255 9
      vertex 3.71582 4.80255 7.4
    endloop
  endfacet
  facet normal 0.990769 -0.135564 0
    outer loop
      vertex 3.72266 4.85254 7.4
      vertex 3.72266 4.85254 9
      vertex 3.71582 4.80255 9
    endloop
  endfacet
  facet normal 0.991273 -0.131826 0
    outer loop
      vertex 3.72905 4.90059 7.4
      vertex 3.72266 4.85254 9
      vertex 3.72266 4.85254 7.4
    endloop
  endfacet
  facet normal 0.991273 -0.131826 0
    outer loop
      vertex 3.72905 4.90059 7.4
      vertex 3.72905 4.90059 9
      vertex 3.72266 4.85254 9
    endloop
  endfacet
  facet normal 0.991816 -0.127679 0
    outer loop
      vertex 3.735 4.94681 7.4
      vertex 3.72905 4.90059 9
      vertex 3.72905 4.90059 7.4
    endloop
  endfacet
  facet normal 0.991816 -0.127679 0
    outer loop
      vertex 3.735 4.94681 7.4
      vertex 3.735 4.94681 9
      vertex 3.72905 4.90059 9
    endloop
  endfacet
  facet normal 0.992412 -0.122958 0
    outer loop
      vertex 3.74048 4.99104 7.4
      vertex 3.735 4.94681 9
      vertex 3.735 4.94681 7.4
    endloop
  endfacet
  facet normal 0.992412 -0.122958 0
    outer loop
      vertex 3.74048 4.99104 7.4
      vertex 3.74048 4.99104 9
      vertex 3.735 4.94681 9
    endloop
  endfacet
  facet normal 0.993051 -0.117685 0
    outer loop
      vertex 3.7455 5.0334 7.4
      vertex 3.74048 4.99104 9
      vertex 3.74048 4.99104 7.4
    endloop
  endfacet
  facet normal 0.993051 -0.117685 0
    outer loop
      vertex 3.7455 5.0334 7.4
      vertex 3.7455 5.0334 9
      vertex 3.74048 4.99104 9
    endloop
  endfacet
  facet normal 0.993661 -0.112421 0
    outer loop
      vertex 3.75009 5.07397 7.4
      vertex 3.7455 5.0334 9
      vertex 3.7455 5.0334 7.4
    endloop
  endfacet
  facet normal 0.993661 -0.112421 0
    outer loop
      vertex 3.75009 5.07397 7.4
      vertex 3.75009 5.07397 9
      vertex 3.7455 5.0334 9
    endloop
  endfacet
  facet normal 0.994396 -0.105716 0
    outer loop
      vertex 3.7542 5.11263 7.4
      vertex 3.75009 5.07397 9
      vertex 3.75009 5.07397 7.4
    endloop
  endfacet
  facet normal 0.994396 -0.105716 0
    outer loop
      vertex 3.7542 5.11263 7.4
      vertex 3.7542 5.11263 9
      vertex 3.75009 5.07397 9
    endloop
  endfacet
  facet normal 0.995104 -0.0988371 0
    outer loop
      vertex 3.75787 5.14958 7.4
      vertex 3.7542 5.11263 9
      vertex 3.7542 5.11263 7.4
    endloop
  endfacet
  facet normal 0.995104 -0.0988371 0
    outer loop
      vertex 3.75787 5.14958 7.4
      vertex 3.75787 5.14958 9
      vertex 3.7542 5.11263 9
    endloop
  endfacet
  facet normal 0.995844 -0.0910729 0
    outer loop
      vertex 3.76108 5.18468 7.4
      vertex 3.75787 5.14958 9
      vertex 3.75787 5.14958 7.4
    endloop
  endfacet
  facet normal 0.995844 -0.0910729 0
    outer loop
      vertex 3.76108 5.18468 7.4
      vertex 3.76108 5.18468 9
      vertex 3.75787 5.14958 9
    endloop
  endfacet
  facet normal 0.996672 -0.0815133 0
    outer loop
      vertex 3.76381 5.21806 7.4
      vertex 3.76108 5.18468 9
      vertex 3.76108 5.18468 7.4
    endloop
  endfacet
  facet normal 0.996672 -0.0815133 0
    outer loop
      vertex 3.76381 5.21806 7.4
      vertex 3.76381 5.21806 9
      vertex 3.76108 5.18468 9
    endloop
  endfacet
  facet normal 0.997432 -0.0716249 0
    outer loop
      vertex 3.7661 5.24995 7.4
      vertex 3.76381 5.21806 9
      vertex 3.76381 5.21806 7.4
    endloop
  endfacet
  facet normal 0.997432 -0.0716249 0
    outer loop
      vertex 3.7661 5.24995 7.4
      vertex 3.7661 5.24995 9
      vertex 3.76381 5.21806 9
    endloop
  endfacet
  facet normal 0.998232 -0.0594382 0
    outer loop
      vertex 3.7679 5.28018 7.4
      vertex 3.7661 5.24995 9
      vertex 3.7661 5.24995 7.4
    endloop
  endfacet
  facet normal 0.998232 -0.0594382 0
    outer loop
      vertex 3.7679 5.28018 7.4
      vertex 3.7679 5.28018 9
      vertex 3.7661 5.24995 9
    endloop
  endfacet
  facet normal 0.998911 -0.046648 0
    outer loop
      vertex 3.76906 5.30502 7.4
      vertex 3.7679 5.28018 9
      vertex 3.7679 5.28018 7.4
    endloop
  endfacet
  facet normal 0.998911 -0.046648 0
    outer loop
      vertex 3.76906 5.30502 7.4
      vertex 3.76906 5.30502 9
      vertex 3.7679 5.28018 9
    endloop
  endfacet
  facet normal 0.999287 -0.0377564 0
    outer loop
      vertex 3.76921 5.30899 7.4
      vertex 3.76906 5.30502 9
      vertex 3.76906 5.30502 7.4
    endloop
  endfacet
  facet normal 0.999287 -0.0377564 0
    outer loop
      vertex 3.76921 5.30899 7.4
      vertex 3.76921 5.30899 9
      vertex 3.76906 5.30502 9
    endloop
  endfacet
  facet normal 0.999529 -0.0306739 0
    outer loop
      vertex 3.76991 5.3318 7.4
      vertex 3.76921 5.30899 9
      vertex 3.76921 5.30899 7.4
    endloop
  endfacet
  facet normal 0.999529 -0.0306739 0
    outer loop
      vertex 3.76991 5.3318 7.4
      vertex 3.76991 5.3318 9
      vertex 3.76921 5.30899 9
    endloop
  endfacet
  facet normal 0.999753 -0.0222167 0
    outer loop
      vertex 3.77002 5.33675 7.4
      vertex 3.76991 5.3318 9
      vertex 3.76991 5.3318 7.4
    endloop
  endfacet
  facet normal 0.999753 -0.0222167 0
    outer loop
      vertex 3.77002 5.33675 7.4
      vertex 3.77002 5.33675 9
      vertex 3.76991 5.3318 9
    endloop
  endfacet
  facet normal 0.999939 -0.0110623 0
    outer loop
      vertex 3.77025 5.35754 7.4
      vertex 3.77002 5.33675 9
      vertex 3.77002 5.33675 7.4
    endloop
  endfacet
  facet normal 0.999939 -0.0110623 0
    outer loop
      vertex 3.77025 5.35754 7.4
      vertex 3.77025 5.35754 9
      vertex 3.77002 5.33675 9
    endloop
  endfacet
  facet normal 0.999998 -0.00213219 0
    outer loop
      vertex 3.77026 5.36223 7.4
      vertex 3.77025 5.35754 9
      vertex 3.77025 5.35754 7.4
    endloop
  endfacet
  facet normal 0.999998 -0.00213219 0
    outer loop
      vertex 3.77026 5.36223 7.4
      vertex 3.77026 5.36223 9
      vertex 3.77025 5.35754 9
    endloop
  endfacet
  facet normal 0.999973 0.00728313 0
    outer loop
      vertex 3.77016 5.37596 7.4
      vertex 3.77026 5.36223 9
      vertex 3.77026 5.36223 7.4
    endloop
  endfacet
  facet normal 0.999973 0.00728313 -0
    outer loop
      vertex 3.77016 5.37596 7.4
      vertex 3.77016 5.37596 9
      vertex 3.77026 5.36223 9
    endloop
  endfacet
  facet normal 0.999792 0.0204039 0
    outer loop
      vertex 3.76981 5.39311 7.4
      vertex 3.77016 5.37596 9
      vertex 3.77016 5.37596 7.4
    endloop
  endfacet
  facet normal 0.999792 0.0204039 -0
    outer loop
      vertex 3.76981 5.39311 7.4
      vertex 3.76981 5.39311 9
      vertex 3.77016 5.37596 9
    endloop
  endfacet
  facet normal 0.999581 0.0289352 0
    outer loop
      vertex 3.7697 5.39691 7.4
      vertex 3.76981 5.39311 9
      vertex 3.76981 5.39311 7.4
    endloop
  endfacet
  facet normal 0.999581 0.0289352 -0
    outer loop
      vertex 3.7697 5.39691 7.4
      vertex 3.7697 5.39691 9
      vertex 3.76981 5.39311 9
    endloop
  endfacet
  facet normal 0.999301 0.0373789 0
    outer loop
      vertex 3.76906 5.41402 7.4
      vertex 3.7697 5.39691 9
      vertex 3.7697 5.39691 7.4
    endloop
  endfacet
  facet normal 0.999301 0.0373789 -0
    outer loop
      vertex 3.76906 5.41402 7.4
      vertex 3.76906 5.41402 9
      vertex 3.7697 5.39691 9
    endloop
  endfacet
  facet normal 0.998742 0.0501343 0
    outer loop
      vertex 3.76817 5.43175 7.4
      vertex 3.76906 5.41402 9
      vertex 3.76906 5.41402 7.4
    endloop
  endfacet
  facet normal 0.998742 0.0501343 -0
    outer loop
      vertex 3.76817 5.43175 7.4
      vertex 3.76817 5.43175 9
      vertex 3.76906 5.41402 9
    endloop
  endfacet
  facet normal 0.997929 0.0643264 0
    outer loop
      vertex 3.76706 5.44897 7.4
      vertex 3.76817 5.43175 9
      vertex 3.76817 5.43175 7.4
    endloop
  endfacet
  facet normal 0.997929 0.0643264 -0
    outer loop
      vertex 3.76706 5.44897 7.4
      vertex 3.76706 5.44897 9
      vertex 3.76817 5.43175 9
    endloop
  endfacet
  facet normal 0.997136 0.0756255 0
    outer loop
      vertex 3.76598 5.46321 7.4
      vertex 3.76706 5.44897 9
      vertex 3.76706 5.44897 7.4
    endloop
  endfacet
  facet normal 0.997136 0.0756255 -0
    outer loop
      vertex 3.76598 5.46321 7.4
      vertex 3.76598 5.46321 9
      vertex 3.76706 5.44897 9
    endloop
  endfacet
  facet normal 0.995939 0.0900258 0
    outer loop
      vertex 3.76407 5.48434 7.4
      vertex 3.76598 5.46321 9
      vertex 3.76598 5.46321 7.4
    endloop
  endfacet
  facet normal 0.995939 0.0900258 -0
    outer loop
      vertex 3.76407 5.48434 7.4
      vertex 3.76407 5.48434 9
      vertex 3.76598 5.46321 9
    endloop
  endfacet
  facet normal 0.994543 0.104327 0
    outer loop
      vertex 3.76225 5.50169 7.4
      vertex 3.76407 5.48434 9
      vertex 3.76407 5.48434 7.4
    endloop
  endfacet
  facet normal 0.994543 0.104327 -0
    outer loop
      vertex 3.76225 5.50169 7.4
      vertex 3.76225 5.50169 9
      vertex 3.76407 5.48434 9
    endloop
  endfacet
  facet normal 0.993275 0.115781 0
    outer loop
      vertex 3.76016 5.51962 7.4
      vertex 3.76225 5.50169 9
      vertex 3.76225 5.50169 7.4
    endloop
  endfacet
  facet normal 0.993275 0.115781 -0
    outer loop
      vertex 3.76016 5.51962 7.4
      vertex 3.76016 5.51962 9
      vertex 3.76225 5.50169 9
    endloop
  endfacet
  facet normal 0.991653 0.128932 0
    outer loop
      vertex 3.75786 5.53731 7.4
      vertex 3.76016 5.51962 9
      vertex 3.76016 5.51962 7.4
    endloop
  endfacet
  facet normal 0.991653 0.128932 -0
    outer loop
      vertex 3.75786 5.53731 7.4
      vertex 3.75786 5.53731 9
      vertex 3.76016 5.51962 9
    endloop
  endfacet
  facet normal 0.989961 0.141342 0
    outer loop
      vertex 3.75536 5.55482 7.4
      vertex 3.75786 5.53731 9
      vertex 3.75786 5.53731 7.4
    endloop
  endfacet
  facet normal 0.989961 0.141342 -0
    outer loop
      vertex 3.75536 5.55482 7.4
      vertex 3.75536 5.55482 9
      vertex 3.75786 5.53731 9
    endloop
  endfacet
  facet normal 0.988295 0.152552 0
    outer loop
      vertex 3.75258 5.57283 7.4
      vertex 3.75536 5.55482 9
      vertex 3.75536 5.55482 7.4
    endloop
  endfacet
  facet normal 0.988295 0.152552 -0
    outer loop
      vertex 3.75258 5.57283 7.4
      vertex 3.75258 5.57283 9
      vertex 3.75536 5.55482 9
    endloop
  endfacet
  facet normal 0.986259 0.165205 0
    outer loop
      vertex 3.74959 5.59068 7.4
      vertex 3.75258 5.57283 9
      vertex 3.75258 5.57283 7.4
    endloop
  endfacet
  facet normal 0.986259 0.165205 -0
    outer loop
      vertex 3.74959 5.59068 7.4
      vertex 3.74959 5.59068 9
      vertex 3.75258 5.57283 9
    endloop
  endfacet
  facet normal 0.984359 0.176176 0
    outer loop
      vertex 3.7469 5.60571 7.4
      vertex 3.74959 5.59068 9
      vertex 3.74959 5.59068 7.4
    endloop
  endfacet
  facet normal 0.984359 0.176176 -0
    outer loop
      vertex 3.7469 5.60571 7.4
      vertex 3.7469 5.60571 9
      vertex 3.74959 5.59068 9
    endloop
  endfacet
  facet normal 0.982272 0.18746 0
    outer loop
      vertex 3.74294 5.62646 7.4
      vertex 3.7469 5.60571 9
      vertex 3.7469 5.60571 7.4
    endloop
  endfacet
  facet normal 0.982272 0.18746 -0
    outer loop
      vertex 3.74294 5.62646 7.4
      vertex 3.74294 5.62646 9
      vertex 3.7469 5.60571 9
    endloop
  endfacet
  facet normal 0.979938 0.1993 0
    outer loop
      vertex 3.73933 5.64421 7.4
      vertex 3.74294 5.62646 9
      vertex 3.74294 5.62646 7.4
    endloop
  endfacet
  facet normal 0.979938 0.1993 -0
    outer loop
      vertex 3.73933 5.64421 7.4
      vertex 3.73933 5.64421 9
      vertex 3.74294 5.62646 9
    endloop
  endfacet
  facet normal 0.977818 0.209456 0
    outer loop
      vertex 3.73544 5.66237 7.4
      vertex 3.73933 5.64421 9
      vertex 3.73933 5.64421 7.4
    endloop
  endfacet
  facet normal 0.977818 0.209456 -0
    outer loop
      vertex 3.73544 5.66237 7.4
      vertex 3.73544 5.66237 9
      vertex 3.73933 5.64421 9
    endloop
  endfacet
  facet normal 0.975396 0.220459 0
    outer loop
      vertex 3.73134 5.68051 7.4
      vertex 3.73544 5.66237 9
      vertex 3.73544 5.66237 7.4
    endloop
  endfacet
  facet normal 0.975396 0.220459 -0
    outer loop
      vertex 3.73134 5.68051 7.4
      vertex 3.73134 5.68051 9
      vertex 3.73544 5.66237 9
    endloop
  endfacet
  facet normal 0.972899 0.231232 0
    outer loop
      vertex 3.72705 5.69856 7.4
      vertex 3.73134 5.68051 9
      vertex 3.73134 5.68051 7.4
    endloop
  endfacet
  facet normal 0.972899 0.231232 -0
    outer loop
      vertex 3.72705 5.69856 7.4
      vertex 3.72705 5.69856 9
      vertex 3.73134 5.68051 9
    endloop
  endfacet
  facet normal 0.970488 0.241148 0
    outer loop
      vertex 3.72255 5.71667 7.4
      vertex 3.72705 5.69856 9
      vertex 3.72705 5.69856 7.4
    endloop
  endfacet
  facet normal 0.970488 0.241148 -0
    outer loop
      vertex 3.72255 5.71667 7.4
      vertex 3.72255 5.71667 9
      vertex 3.72705 5.69856 9
    endloop
  endfacet
  facet normal 0.967983 0.251017 0
    outer loop
      vertex 3.71782 5.73491 7.4
      vertex 3.72255 5.71667 9
      vertex 3.72255 5.71667 7.4
    endloop
  endfacet
  facet normal 0.967983 0.251017 -0
    outer loop
      vertex 3.71782 5.73491 7.4
      vertex 3.71782 5.73491 9
      vertex 3.72255 5.71667 9
    endloop
  endfacet
  facet normal 0.965215 0.261457 0
    outer loop
      vertex 3.71289 5.75311 7.4
      vertex 3.71782 5.73491 9
      vertex 3.71782 5.73491 7.4
    endloop
  endfacet
  facet normal 0.965215 0.261457 -0
    outer loop
      vertex 3.71289 5.75311 7.4
      vertex 3.71289 5.75311 9
      vertex 3.71782 5.73491 9
    endloop
  endfacet
  facet normal 0.962813 0.270168 0
    outer loop
      vertex 3.70842 5.76904 7.4
      vertex 3.71289 5.75311 9
      vertex 3.71289 5.75311 7.4
    endloop
  endfacet
  facet normal 0.962813 0.270168 -0
    outer loop
      vertex 3.70842 5.76904 7.4
      vertex 3.70842 5.76904 9
      vertex 3.71289 5.75311 9
    endloop
  endfacet
  facet normal 0.959527 0.281617 0
    outer loop
      vertex 3.70287 5.78795 7.4
      vertex 3.70842 5.76904 9
      vertex 3.70842 5.76904 7.4
    endloop
  endfacet
  facet normal 0.959527 0.281617 -0
    outer loop
      vertex 3.70287 5.78795 7.4
      vertex 3.70287 5.78795 9
      vertex 3.70842 5.76904 9
    endloop
  endfacet
  facet normal 0.956701 0.291072 0
    outer loop
      vertex 3.70158 5.79219 7.4
      vertex 3.70287 5.78795 9
      vertex 3.70287 5.78795 7.4
    endloop
  endfacet
  facet normal 0.956701 0.291072 -0
    outer loop
      vertex 3.70158 5.79219 7.4
      vertex 3.70158 5.79219 9
      vertex 3.70287 5.78795 9
    endloop
  endfacet
  facet normal 0.954335 0.298738 0
    outer loop
      vertex 3.69901 5.8004 7.4
      vertex 3.70158 5.79219 9
      vertex 3.70158 5.79219 7.4
    endloop
  endfacet
  facet normal 0.954335 0.298738 -0
    outer loop
      vertex 3.69901 5.8004 7.4
      vertex 3.69901 5.8004 9
      vertex 3.70158 5.79219 9
    endloop
  endfacet
  facet normal 0.0284582 -0.999595 0
    outer loop
      vertex 3.78893 5.80296 7.4
      vertex 3.69901 5.8004 9
      vertex 3.69901 5.8004 7.4
    endloop
  endfacet
  facet normal 0.0284582 -0.999595 0
    outer loop
      vertex 3.78893 5.80296 7.4
      vertex 3.78893 5.80296 9
      vertex 3.69901 5.8004 9
    endloop
  endfacet
  facet normal 0.0259601 -0.999663 0
    outer loop
      vertex 3.83899 5.80426 7.4
      vertex 3.78893 5.80296 9
      vertex 3.78893 5.80296 7.4
    endloop
  endfacet
  facet normal 0.0259601 -0.999663 0
    outer loop
      vertex 3.83899 5.80426 7.4
      vertex 3.83899 5.80426 9
      vertex 3.78893 5.80296 9
    endloop
  endfacet
  facet normal 0.0236771 -0.99972 0
    outer loop
      vertex 3.89008 5.80547 7.4
      vertex 3.83899 5.80426 9
      vertex 3.83899 5.80426 7.4
    endloop
  endfacet
  facet normal 0.0236771 -0.99972 0
    outer loop
      vertex 3.89008 5.80547 7.4
      vertex 3.89008 5.80547 9
      vertex 3.83899 5.80426 9
    endloop
  endfacet
  facet normal 0.0207366 -0.999785 0
    outer loop
      vertex 3.93974 5.8065 7.4
      vertex 3.89008 5.80547 9
      vertex 3.89008 5.80547 7.4
    endloop
  endfacet
  facet normal 0.0207366 -0.999785 0
    outer loop
      vertex 3.93974 5.8065 7.4
      vertex 3.93974 5.8065 9
      vertex 3.89008 5.80547 9
    endloop
  endfacet
  facet normal 0.0186565 -0.999826 0
    outer loop
      vertex 3.98958 5.80743 7.4
      vertex 3.93974 5.8065 9
      vertex 3.93974 5.8065 7.4
    endloop
  endfacet
  facet normal 0.0186565 -0.999826 0
    outer loop
      vertex 3.98958 5.80743 7.4
      vertex 3.98958 5.80743 9
      vertex 3.93974 5.8065 9
    endloop
  endfacet
  facet normal 0.0156891 -0.999877 0
    outer loop
      vertex 4.03929 5.80821 7.4
      vertex 3.98958 5.80743 9
      vertex 3.98958 5.80743 7.4
    endloop
  endfacet
  facet normal 0.0156891 -0.999877 0
    outer loop
      vertex 4.03929 5.80821 7.4
      vertex 4.03929 5.80821 9
      vertex 3.98958 5.80743 9
    endloop
  endfacet
  facet normal 0.0133934 -0.99991 0
    outer loop
      vertex 4.08931 5.80888 7.4
      vertex 4.03929 5.80821 9
      vertex 4.03929 5.80821 7.4
    endloop
  endfacet
  facet normal 0.0133934 -0.99991 0
    outer loop
      vertex 4.08931 5.80888 7.4
      vertex 4.08931 5.80888 9
      vertex 4.03929 5.80821 9
    endloop
  endfacet
  facet normal 0.0109995 -0.99994 0
    outer loop
      vertex 4.1384 5.80942 7.4
      vertex 4.08931 5.80888 9
      vertex 4.08931 5.80888 7.4
    endloop
  endfacet
  facet normal 0.0109995 -0.99994 0
    outer loop
      vertex 4.1384 5.80942 7.4
      vertex 4.1384 5.80942 9
      vertex 4.08931 5.80888 9
    endloop
  endfacet
  facet normal 0.00786074 -0.999969 0
    outer loop
      vertex 4.18674 5.8098 7.4
      vertex 4.1384 5.80942 9
      vertex 4.1384 5.80942 7.4
    endloop
  endfacet
  facet normal 0.00786074 -0.999969 0
    outer loop
      vertex 4.18674 5.8098 7.4
      vertex 4.18674 5.8098 9
      vertex 4.1384 5.80942 9
    endloop
  endfacet
  facet normal 0.00608755 -0.999981 0
    outer loop
      vertex 4.21138 5.80995 7.4
      vertex 4.18674 5.8098 9
      vertex 4.18674 5.8098 7.4
    endloop
  endfacet
  facet normal 0.00608755 -0.999981 0
    outer loop
      vertex 4.21138 5.80995 7.4
      vertex 4.21138 5.80995 9
      vertex 4.18674 5.8098 9
    endloop
  endfacet
  facet normal 0.00411773 -0.999992 0
    outer loop
      vertex 4.25995 5.81015 7.4
      vertex 4.21138 5.80995 9
      vertex 4.21138 5.80995 7.4
    endloop
  endfacet
  facet normal 0.00411773 -0.999992 0
    outer loop
      vertex 4.25995 5.81015 7.4
      vertex 4.25995 5.81015 9
      vertex 4.21138 5.80995 9
    endloop
  endfacet
  facet normal 0.00160449 -0.999999 0
    outer loop
      vertex 4.30981 5.81023 7.4
      vertex 4.25995 5.81015 9
      vertex 4.25995 5.81015 7.4
    endloop
  endfacet
  facet normal 0.00160449 -0.999999 0
    outer loop
      vertex 4.30981 5.81023 7.4
      vertex 4.30981 5.81023 9
      vertex 4.25995 5.81015 9
    endloop
  endfacet
  facet normal 0.00829099 -0.999966 0
    outer loop
      vertex 4.33755 5.81046 7.4
      vertex 4.30981 5.81023 9
      vertex 4.30981 5.81023 7.4
    endloop
  endfacet
  facet normal 0.00829099 -0.999966 0
    outer loop
      vertex 4.33755 5.81046 7.4
      vertex 4.33755 5.81046 9
      vertex 4.30981 5.81023 9
    endloop
  endfacet
  facet normal 0.014597 -0.999893 0
    outer loop
      vertex 4.34166 5.81052 7.4
      vertex 4.33755 5.81046 9
      vertex 4.33755 5.81046 7.4
    endloop
  endfacet
  facet normal 0.014597 -0.999893 0
    outer loop
      vertex 4.34166 5.81052 7.4
      vertex 4.34166 5.81052 9
      vertex 4.33755 5.81046 9
    endloop
  endfacet
  facet normal 0.0246058 -0.999697 0
    outer loop
      vertex 4.3701 5.81122 7.4
      vertex 4.34166 5.81052 9
      vertex 4.34166 5.81052 7.4
    endloop
  endfacet
  facet normal 0.0246058 -0.999697 0
    outer loop
      vertex 4.3701 5.81122 7.4
      vertex 4.3701 5.81122 9
      vertex 4.34166 5.81052 9
    endloop
  endfacet
  facet normal 0.0316464 -0.999499 0
    outer loop
      vertex 4.37389 5.81134 7.4
      vertex 4.3701 5.81122 9
      vertex 4.3701 5.81122 7.4
    endloop
  endfacet
  facet normal 0.0316464 -0.999499 0
    outer loop
      vertex 4.37389 5.81134 7.4
      vertex 4.37389 5.81134 9
      vertex 4.3701 5.81122 9
    endloop
  endfacet
  facet normal 0.03979 -0.999208 0
    outer loop
      vertex 4.40302 5.8125 7.4
      vertex 4.37389 5.81134 9
      vertex 4.37389 5.81134 7.4
    endloop
  endfacet
  facet normal 0.03979 -0.999208 0
    outer loop
      vertex 4.40302 5.8125 7.4
      vertex 4.40302 5.8125 9
      vertex 4.37389 5.81134 9
    endloop
  endfacet
  facet normal 0.0474326 -0.998874 0
    outer loop
      vertex 4.4066 5.81267 7.4
      vertex 4.40302 5.8125 9
      vertex 4.40302 5.8125 7.4
    endloop
  endfacet
  facet normal 0.0474326 -0.998874 0
    outer loop
      vertex 4.4066 5.81267 7.4
      vertex 4.4066 5.81267 9
      vertex 4.40302 5.8125 9
    endloop
  endfacet
  facet normal 0.0547574 -0.9985 0
    outer loop
      vertex 4.43997 5.8145 7.4
      vertex 4.4066 5.81267 9
      vertex 4.4066 5.81267 7.4
    endloop
  endfacet
  facet normal 0.0547574 -0.9985 0
    outer loop
      vertex 4.43997 5.8145 7.4
      vertex 4.43997 5.8145 9
      vertex 4.4066 5.81267 9
    endloop
  endfacet
  facet normal 0.0683197 -0.997663 0
    outer loop
      vertex 4.47049 5.81659 7.4
      vertex 4.43997 5.8145 9
      vertex 4.43997 5.8145 7.4
    endloop
  endfacet
  facet normal 0.0683197 -0.997663 0
    outer loop
      vertex 4.47049 5.81659 7.4
      vertex 4.47049 5.81659 9
      vertex 4.43997 5.8145 9
    endloop
  endfacet
  facet normal 0.0811851 -0.996699 0
    outer loop
      vertex 4.50818 5.81966 7.4
      vertex 4.47049 5.81659 9
      vertex 4.47049 5.81659 7.4
    endloop
  endfacet
  facet normal 0.0811851 -0.996699 0
    outer loop
      vertex 4.50818 5.81966 7.4
      vertex 4.50818 5.81966 9
      vertex 4.47049 5.81659 9
    endloop
  endfacet
  facet normal 0.0948497 -0.995492 0
    outer loop
      vertex 4.54292 5.82297 7.4
      vertex 4.50818 5.81966 9
      vertex 4.50818 5.81966 7.4
    endloop
  endfacet
  facet normal 0.0948497 -0.995492 0
    outer loop
      vertex 4.54292 5.82297 7.4
      vertex 4.54292 5.82297 9
      vertex 4.50818 5.81966 9
    endloop
  endfacet
  facet normal 0.105704 -0.994398 0
    outer loop
      vertex 4.57848 5.82675 7.4
      vertex 4.54292 5.82297 9
      vertex 4.54292 5.82297 7.4
    endloop
  endfacet
  facet normal 0.105704 -0.994398 0
    outer loop
      vertex 4.57848 5.82675 7.4
      vertex 4.57848 5.82675 9
      vertex 4.54292 5.82297 9
    endloop
  endfacet
  facet normal 0.11785 -0.993031 0
    outer loop
      vertex 4.61446 5.83102 7.4
      vertex 4.57848 5.82675 9
      vertex 4.57848 5.82675 7.4
    endloop
  endfacet
  facet normal 0.11785 -0.993031 0
    outer loop
      vertex 4.61446 5.83102 7.4
      vertex 4.61446 5.83102 9
      vertex 4.57848 5.82675 9
    endloop
  endfacet
  facet normal 0.128657 -0.991689 0
    outer loop
      vertex 4.65115 5.83578 7.4
      vertex 4.61446 5.83102 9
      vertex 4.61446 5.83102 7.4
    endloop
  endfacet
  facet normal 0.128657 -0.991689 0
    outer loop
      vertex 4.65115 5.83578 7.4
      vertex 4.65115 5.83578 9
      vertex 4.61446 5.83102 9
    endloop
  endfacet
  facet normal 0.13963 -0.990204 0
    outer loop
      vertex 4.68831 5.84102 7.4
      vertex 4.65115 5.83578 9
      vertex 4.65115 5.83578 7.4
    endloop
  endfacet
  facet normal 0.13963 -0.990204 0
    outer loop
      vertex 4.68831 5.84102 7.4
      vertex 4.68831 5.84102 9
      vertex 4.65115 5.83578 9
    endloop
  endfacet
  facet normal 0.149122 -0.988819 0
    outer loop
      vertex 4.72604 5.84671 7.4
      vertex 4.68831 5.84102 9
      vertex 4.68831 5.84102 7.4
    endloop
  endfacet
  facet normal 0.149122 -0.988819 0
    outer loop
      vertex 4.72604 5.84671 7.4
      vertex 4.72604 5.84671 9
      vertex 4.68831 5.84102 9
    endloop
  endfacet
  facet normal 0.158271 -0.987396 0
    outer loop
      vertex 4.76447 5.85287 7.4
      vertex 4.72604 5.84671 9
      vertex 4.72604 5.84671 7.4
    endloop
  endfacet
  facet normal 0.158271 -0.987396 0
    outer loop
      vertex 4.76447 5.85287 7.4
      vertex 4.76447 5.85287 9
      vertex 4.72604 5.84671 9
    endloop
  endfacet
  facet normal 0.168092 -0.985771 0
    outer loop
      vertex 4.80341 5.85951 7.4
      vertex 4.76447 5.85287 9
      vertex 4.76447 5.85287 7.4
    endloop
  endfacet
  facet normal 0.168092 -0.985771 0
    outer loop
      vertex 4.80341 5.85951 7.4
      vertex 4.80341 5.85951 9
      vertex 4.76447 5.85287 9
    endloop
  endfacet
  facet normal 0.176782 -0.98425 0
    outer loop
      vertex 4.84294 5.86661 7.4
      vertex 4.80341 5.85951 9
      vertex 4.80341 5.85951 7.4
    endloop
  endfacet
  facet normal 0.176782 -0.98425 0
    outer loop
      vertex 4.84294 5.86661 7.4
      vertex 4.84294 5.86661 9
      vertex 4.80341 5.85951 9
    endloop
  endfacet
  facet normal 0.184834 -0.98277 0
    outer loop
      vertex 4.88319 5.87418 7.4
      vertex 4.84294 5.86661 9
      vertex 4.84294 5.86661 7.4
    endloop
  endfacet
  facet normal 0.184834 -0.98277 0
    outer loop
      vertex 4.88319 5.87418 7.4
      vertex 4.88319 5.87418 9
      vertex 4.84294 5.86661 9
    endloop
  endfacet
  facet normal 0.193432 -0.981114 0
    outer loop
      vertex 4.92397 5.88222 7.4
      vertex 4.88319 5.87418 9
      vertex 4.88319 5.87418 7.4
    endloop
  endfacet
  facet normal 0.193432 -0.981114 0
    outer loop
      vertex 4.92397 5.88222 7.4
      vertex 4.92397 5.88222 9
      vertex 4.88319 5.87418 9
    endloop
  endfacet
  facet normal 0.200933 -0.979605 0
    outer loop
      vertex 4.96541 5.89072 7.4
      vertex 4.92397 5.88222 9
      vertex 4.92397 5.88222 7.4
    endloop
  endfacet
  facet normal 0.200933 -0.979605 0
    outer loop
      vertex 4.96541 5.89072 7.4
      vertex 4.96541 5.89072 9
      vertex 4.92397 5.88222 9
    endloop
  endfacet
  facet normal 0.208383 -0.978047 0
    outer loop
      vertex 5.00737 5.89966 7.4
      vertex 4.96541 5.89072 9
      vertex 4.96541 5.89072 7.4
    endloop
  endfacet
  facet normal 0.208383 -0.978047 0
    outer loop
      vertex 5.00737 5.89966 7.4
      vertex 5.00737 5.89966 9
      vertex 4.96541 5.89072 9
    endloop
  endfacet
  facet normal 0.215307 -0.976546 0
    outer loop
      vertex 5.05005 5.90907 7.4
      vertex 5.00737 5.89966 9
      vertex 5.00737 5.89966 7.4
    endloop
  endfacet
  facet normal 0.215307 -0.976546 0
    outer loop
      vertex 5.05005 5.90907 7.4
      vertex 5.05005 5.90907 9
      vertex 5.00737 5.89966 9
    endloop
  endfacet
  facet normal 0.222282 -0.974983 0
    outer loop
      vertex 5.09343 5.91896 7.4
      vertex 5.05005 5.90907 9
      vertex 5.05005 5.90907 7.4
    endloop
  endfacet
  facet normal 0.222282 -0.974983 0
    outer loop
      vertex 5.09343 5.91896 7.4
      vertex 5.09343 5.91896 9
      vertex 5.05005 5.90907 9
    endloop
  endfacet
  facet normal 0.2292 -0.973379 0
    outer loop
      vertex 5.1373 5.92929 7.4
      vertex 5.09343 5.91896 9
      vertex 5.09343 5.91896 7.4
    endloop
  endfacet
  facet normal 0.2292 -0.973379 0
    outer loop
      vertex 5.1373 5.92929 7.4
      vertex 5.1373 5.92929 9
      vertex 5.09343 5.91896 9
    endloop
  endfacet
  facet normal 0.235354 -0.97191 0
    outer loop
      vertex 5.18033 5.93971 7.4
      vertex 5.1373 5.92929 9
      vertex 5.1373 5.92929 7.4
    endloop
  endfacet
  facet normal 0.235354 -0.97191 0
    outer loop
      vertex 5.18033 5.93971 7.4
      vertex 5.18033 5.93971 9
      vertex 5.1373 5.92929 9
    endloop
  endfacet
  facet normal 0.246747 -0.96908 0
    outer loop
      vertex 5.1852 5.94095 7.4
      vertex 5.18033 5.93971 9
      vertex 5.18033 5.93971 7.4
    endloop
  endfacet
  facet normal 0.246747 -0.96908 0
    outer loop
      vertex 5.1852 5.94095 7.4
      vertex 5.1852 5.94095 9
      vertex 5.18033 5.93971 9
    endloop
  endfacet
  facet normal 0.254859 -0.966978 0
    outer loop
      vertex 5.22815 5.95227 7.4
      vertex 5.1852 5.94095 9
      vertex 5.1852 5.94095 7.4
    endloop
  endfacet
  facet normal 0.254859 -0.966978 0
    outer loop
      vertex 5.22815 5.95227 7.4
      vertex 5.22815 5.95227 9
      vertex 5.1852 5.94095 9
    endloop
  endfacet
  facet normal 0.27078 -0.962641 0
    outer loop
      vertex 5.23622 5.95454 7.4
      vertex 5.22815 5.95227 9
      vertex 5.22815 5.95227 7.4
    endloop
  endfacet
  facet normal 0.27078 -0.962641 0
    outer loop
      vertex 5.23622 5.95454 7.4
      vertex 5.23622 5.95454 9
      vertex 5.22815 5.95227 9
    endloop
  endfacet
  facet normal 0.287244 -0.957858 0
    outer loop
      vertex 5.27837 5.96718 7.4
      vertex 5.23622 5.95454 9
      vertex 5.23622 5.95454 7.4
    endloop
  endfacet
  facet normal 0.287244 -0.957858 0
    outer loop
      vertex 5.27837 5.96718 7.4
      vertex 5.27837 5.96718 9
      vertex 5.23622 5.95454 9
    endloop
  endfacet
  facet normal 0.302826 -0.953046 0
    outer loop
      vertex 5.28671 5.96983 7.4
      vertex 5.27837 5.96718 9
      vertex 5.27837 5.96718 7.4
    endloop
  endfacet
  facet normal 0.302826 -0.953046 0
    outer loop
      vertex 5.28671 5.96983 7.4
      vertex 5.28671 5.96983 9
      vertex 5.27837 5.96718 9
    endloop
  endfacet
  facet normal 0.320558 -0.947229 0
    outer loop
      vertex 5.32802 5.98381 7.4
      vertex 5.28671 5.96983 9
      vertex 5.28671 5.96983 7.4
    endloop
  endfacet
  facet normal 0.320558 -0.947229 0
    outer loop
      vertex 5.32802 5.98381 7.4
      vertex 5.32802 5.98381 9
      vertex 5.28671 5.96983 9
    endloop
  endfacet
  facet normal 0.338882 -0.940829 0
    outer loop
      vertex 5.33621 5.98676 7.4
      vertex 5.32802 5.98381 9
      vertex 5.32802 5.98381 7.4
    endloop
  endfacet
  facet normal 0.338882 -0.940829 0
    outer loop
      vertex 5.33621 5.98676 7.4
      vertex 5.33621 5.98676 9
      vertex 5.32802 5.98381 9
    endloop
  endfacet
  facet normal 0.353149 -0.935567 0
    outer loop
      vertex 5.37669 6.00204 7.4
      vertex 5.33621 5.98676 9
      vertex 5.33621 5.98676 7.4
    endloop
  endfacet
  facet normal 0.353149 -0.935567 0
    outer loop
      vertex 5.37669 6.00204 7.4
      vertex 5.37669 6.00204 9
      vertex 5.33621 5.98676 9
    endloop
  endfacet
  facet normal 0.369844 -0.929094 0
    outer loop
      vertex 5.38498 6.00534 7.4
      vertex 5.37669 6.00204 9
      vertex 5.37669 6.00204 7.4
    endloop
  endfacet
  facet normal 0.369844 -0.929094 0
    outer loop
      vertex 5.38498 6.00534 7.4
      vertex 5.38498 6.00534 9
      vertex 5.37669 6.00204 9
    endloop
  endfacet
  facet normal 0.386497 -0.922291 0
    outer loop
      vertex 5.42464 6.02196 7.4
      vertex 5.38498 6.00534 9
      vertex 5.38498 6.00534 7.4
    endloop
  endfacet
  facet normal 0.386497 -0.922291 0
    outer loop
      vertex 5.42464 6.02196 7.4
      vertex 5.42464 6.02196 9
      vertex 5.38498 6.00534 9
    endloop
  endfacet
  facet normal 0.402514 -0.915414 0
    outer loop
      vertex 5.43285 6.02557 7.4
      vertex 5.42464 6.02196 9
      vertex 5.42464 6.02196 7.4
    endloop
  endfacet
  facet normal 0.402514 -0.915414 0
    outer loop
      vertex 5.43285 6.02557 7.4
      vertex 5.43285 6.02557 9
      vertex 5.42464 6.02196 9
    endloop
  endfacet
  facet normal 0.419399 -0.907802 0
    outer loop
      vertex 5.47166 6.0435 7.4
      vertex 5.43285 6.02557 9
      vertex 5.43285 6.02557 7.4
    endloop
  endfacet
  facet normal 0.419399 -0.907802 0
    outer loop
      vertex 5.47166 6.0435 7.4
      vertex 5.47166 6.0435 9
      vertex 5.43285 6.02557 9
    endloop
  endfacet
  facet normal 0.435762 -0.900062 0
    outer loop
      vertex 5.47986 6.04747 7.4
      vertex 5.47166 6.0435 9
      vertex 5.47166 6.0435 7.4
    endloop
  endfacet
  facet normal 0.435762 -0.900062 0
    outer loop
      vertex 5.47986 6.04747 7.4
      vertex 5.47986 6.04747 9
      vertex 5.47166 6.0435 9
    endloop
  endfacet
  facet normal 0.452184 -0.891925 0
    outer loop
      vertex 5.51785 6.06673 7.4
      vertex 5.47986 6.04747 9
      vertex 5.47986 6.04747 7.4
    endloop
  endfacet
  facet normal 0.452184 -0.891925 0
    outer loop
      vertex 5.51785 6.06673 7.4
      vertex 5.51785 6.06673 9
      vertex 5.47986 6.04747 9
    endloop
  endfacet
  facet normal 0.467637 -0.883921 0
    outer loop
      vertex 5.52594 6.07101 7.4
      vertex 5.51785 6.06673 9
      vertex 5.51785 6.06673 7.4
    endloop
  endfacet
  facet normal 0.467637 -0.883921 0
    outer loop
      vertex 5.52594 6.07101 7.4
      vertex 5.52594 6.07101 9
      vertex 5.51785 6.06673 9
    endloop
  endfacet
  facet normal 0.484564 -0.874756 0
    outer loop
      vertex 5.56311 6.0916 7.4
      vertex 5.52594 6.07101 9
      vertex 5.52594 6.07101 7.4
    endloop
  endfacet
  facet normal 0.484564 -0.874756 0
    outer loop
      vertex 5.56311 6.0916 7.4
      vertex 5.56311 6.0916 9
      vertex 5.52594 6.07101 9
    endloop
  endfacet
  facet normal 0.500694 -0.865625 0
    outer loop
      vertex 5.57108 6.09621 7.4
      vertex 5.56311 6.0916 9
      vertex 5.56311 6.0916 7.4
    endloop
  endfacet
  facet normal 0.500694 -0.865625 0
    outer loop
      vertex 5.57108 6.09621 7.4
      vertex 5.57108 6.09621 9
      vertex 5.56311 6.0916 9
    endloop
  endfacet
  facet normal 0.516331 -0.856389 0
    outer loop
      vertex 5.60742 6.11812 7.4
      vertex 5.57108 6.09621 9
      vertex 5.57108 6.09621 7.4
    endloop
  endfacet
  facet normal 0.516331 -0.856389 0
    outer loop
      vertex 5.60742 6.11812 7.4
      vertex 5.60742 6.11812 9
      vertex 5.57108 6.09621 9
    endloop
  endfacet
  facet normal 0.531969 -0.846764 0
    outer loop
      vertex 5.61514 6.12297 7.4
      vertex 5.60742 6.11812 9
      vertex 5.60742 6.11812 7.4
    endloop
  endfacet
  facet normal 0.531969 -0.846764 0
    outer loop
      vertex 5.61514 6.12297 7.4
      vertex 5.61514 6.12297 9
      vertex 5.60742 6.11812 9
    endloop
  endfacet
  facet normal 0.547065 -0.83709 0
    outer loop
      vertex 5.65067 6.14619 7.4
      vertex 5.61514 6.12297 9
      vertex 5.61514 6.12297 7.4
    endloop
  endfacet
  facet normal 0.547065 -0.83709 0
    outer loop
      vertex 5.65067 6.14619 7.4
      vertex 5.65067 6.14619 9
      vertex 5.61514 6.12297 9
    endloop
  endfacet
  facet normal 0.561925 -0.827188 0
    outer loop
      vertex 5.65831 6.15138 7.4
      vertex 5.65067 6.14619 9
      vertex 5.65067 6.14619 7.4
    endloop
  endfacet
  facet normal 0.561925 -0.827188 0
    outer loop
      vertex 5.65831 6.15138 7.4
      vertex 5.65831 6.15138 9
      vertex 5.65067 6.14619 9
    endloop
  endfacet
  facet normal 0.577782 -0.816191 0
    outer loop
      vertex 5.69299 6.17593 7.4
      vertex 5.65831 6.15138 9
      vertex 5.65831 6.15138 7.4
    endloop
  endfacet
  facet normal 0.577782 -0.816191 0
    outer loop
      vertex 5.69299 6.17593 7.4
      vertex 5.69299 6.17593 9
      vertex 5.65831 6.15138 9
    endloop
  endfacet
  facet normal 0.593869 -0.804562 0
    outer loop
      vertex 5.70036 6.18137 7.4
      vertex 5.69299 6.17593 9
      vertex 5.69299 6.17593 7.4
    endloop
  endfacet
  facet normal 0.593869 -0.804562 0
    outer loop
      vertex 5.70036 6.18137 7.4
      vertex 5.70036 6.18137 9
      vertex 5.69299 6.17593 9
    endloop
  endfacet
  facet normal 0.60711 -0.794618 0
    outer loop
      vertex 5.73422 6.20724 7.4
      vertex 5.70036 6.18137 9
      vertex 5.70036 6.18137 7.4
    endloop
  endfacet
  facet normal 0.60711 -0.794618 0
    outer loop
      vertex 5.73422 6.20724 7.4
      vertex 5.73422 6.20724 9
      vertex 5.70036 6.18137 9
    endloop
  endfacet
  facet normal 0.620902 -0.783888 0
    outer loop
      vertex 5.74129 6.21284 7.4
      vertex 5.73422 6.20724 9
      vertex 5.73422 6.20724 7.4
    endloop
  endfacet
  facet normal 0.620902 -0.783888 0
    outer loop
      vertex 5.74129 6.21284 7.4
      vertex 5.74129 6.21284 9
      vertex 5.73422 6.20724 9
    endloop
  endfacet
  facet normal 0.635691 -0.771944 0
    outer loop
      vertex 5.77432 6.24004 7.4
      vertex 5.74129 6.21284 9
      vertex 5.74129 6.21284 7.4
    endloop
  endfacet
  facet normal 0.635691 -0.771944 0
    outer loop
      vertex 5.77432 6.24004 7.4
      vertex 5.77432 6.24004 9
      vertex 5.74129 6.21284 9
    endloop
  endfacet
  facet normal 0.648776 -0.760979 0
    outer loop
      vertex 5.78117 6.24588 7.4
      vertex 5.77432 6.24004 9
      vertex 5.77432 6.24004 7.4
    endloop
  endfacet
  facet normal 0.648776 -0.760979 0
    outer loop
      vertex 5.78117 6.24588 7.4
      vertex 5.78117 6.24588 9
      vertex 5.77432 6.24004 9
    endloop
  endfacet
  facet normal 0.662805 -0.748792 0
    outer loop
      vertex 5.81339 6.2744 7.4
      vertex 5.78117 6.24588 9
      vertex 5.78117 6.24588 7.4
    endloop
  endfacet
  facet normal 0.662805 -0.748792 0
    outer loop
      vertex 5.81339 6.2744 7.4
      vertex 5.81339 6.2744 9
      vertex 5.78117 6.24588 9
    endloop
  endfacet
  facet normal 0.676887 -0.736087 0
    outer loop
      vertex 5.81998 6.28046 7.4
      vertex 5.81339 6.2744 9
      vertex 5.81339 6.2744 7.4
    endloop
  endfacet
  facet normal 0.676887 -0.736087 0
    outer loop
      vertex 5.81998 6.28046 7.4
      vertex 5.81998 6.28046 9
      vertex 5.81339 6.2744 9
    endloop
  endfacet
  facet normal 0.689217 -0.724555 0
    outer loop
      vertex 5.85135 6.3103 7.4
      vertex 5.81998 6.28046 9
      vertex 5.81998 6.28046 7.4
    endloop
  endfacet
  facet normal 0.689217 -0.724555 0
    outer loop
      vertex 5.85135 6.3103 7.4
      vertex 5.85135 6.3103 9
      vertex 5.81998 6.28046 9
    endloop
  endfacet
  facet normal 0.702493 -0.711691 0
    outer loop
      vertex 5.85754 6.31641 7.4
      vertex 5.85135 6.3103 9
      vertex 5.85135 6.3103 7.4
    endloop
  endfacet
  facet normal 0.702493 -0.711691 0
    outer loop
      vertex 5.85754 6.31641 7.4
      vertex 5.85754 6.31641 9
      vertex 5.85135 6.3103 9
    endloop
  endfacet
  facet normal 0.713949 -0.700197 0
    outer loop
      vertex 5.88809 6.34756 7.4
      vertex 5.85754 6.31641 9
      vertex 5.85754 6.31641 7.4
    endloop
  endfacet
  facet normal 0.713949 -0.700197 0
    outer loop
      vertex 5.88809 6.34756 7.4
      vertex 5.88809 6.34756 9
      vertex 5.85754 6.31641 9
    endloop
  endfacet
  facet normal 0.725404 -0.688323 0
    outer loop
      vertex 5.89403 6.35382 7.4
      vertex 5.88809 6.34756 9
      vertex 5.88809 6.34756 7.4
    endloop
  endfacet
  facet normal 0.725404 -0.688323 0
    outer loop
      vertex 5.89403 6.35382 7.4
      vertex 5.89403 6.35382 9
      vertex 5.88809 6.34756 9
    endloop
  endfacet
  facet normal 0.737861 -0.674953 0
    outer loop
      vertex 5.92375 6.38631 7.4
      vertex 5.89403 6.35382 9
      vertex 5.89403 6.35382 7.4
    endloop
  endfacet
  facet normal 0.737861 -0.674953 0
    outer loop
      vertex 5.92375 6.38631 7.4
      vertex 5.92375 6.38631 9
      vertex 5.89403 6.35382 9
    endloop
  endfacet
  facet normal 0.748974 -0.662599 0
    outer loop
      vertex 5.92935 6.39264 7.4
      vertex 5.92375 6.38631 9
      vertex 5.92375 6.38631 7.4
    endloop
  endfacet
  facet normal 0.748974 -0.662599 0
    outer loop
      vertex 5.92935 6.39264 7.4
      vertex 5.92935 6.39264 9
      vertex 5.92375 6.38631 9
    endloop
  endfacet
  facet normal 0.760145 -0.649754 0
    outer loop
      vertex 5.95825 6.42645 7.4
      vertex 5.92935 6.39264 9
      vertex 5.92935 6.39264 7.4
    endloop
  endfacet
  facet normal 0.760145 -0.649754 0
    outer loop
      vertex 5.95825 6.42645 7.4
      vertex 5.95825 6.42645 9
      vertex 5.92935 6.39264 9
    endloop
  endfacet
  facet normal 0.770988 -0.63685 0
    outer loop
      vertex 5.96352 6.43283 7.4
      vertex 5.95825 6.42645 9
      vertex 5.95825 6.42645 7.4
    endloop
  endfacet
  facet normal 0.770988 -0.63685 0
    outer loop
      vertex 5.96352 6.43283 7.4
      vertex 5.96352 6.43283 9
      vertex 5.95825 6.42645 9
    endloop
  endfacet
  facet normal 0.781324 -0.624125 0
    outer loop
      vertex 5.99159 6.46797 7.4
      vertex 5.96352 6.43283 9
      vertex 5.96352 6.43283 7.4
    endloop
  endfacet
  facet normal 0.781324 -0.624125 0
    outer loop
      vertex 5.99159 6.46797 7.4
      vertex 5.99159 6.46797 9
      vertex 5.96352 6.43283 9
    endloop
  endfacet
  facet normal 0.790878 -0.611974 0
    outer loop
      vertex 5.99655 6.47438 7.4
      vertex 5.99159 6.46797 9
      vertex 5.99159 6.46797 7.4
    endloop
  endfacet
  facet normal 0.790878 -0.611974 0
    outer loop
      vertex 5.99655 6.47438 7.4
      vertex 5.99655 6.47438 9
      vertex 5.99159 6.46797 9
    endloop
  endfacet
  facet normal 0.801027 -0.598628 0
    outer loop
      vertex 6.02379 6.51083 7.4
      vertex 5.99655 6.47438 9
      vertex 5.99655 6.47438 7.4
    endloop
  endfacet
  facet normal 0.801027 -0.598628 0
    outer loop
      vertex 6.02379 6.51083 7.4
      vertex 6.02379 6.51083 9
      vertex 5.99655 6.47438 9
    endloop
  endfacet
  facet normal 0.810813 -0.585306 0
    outer loop
      vertex 6.02841 6.51723 7.4
      vertex 6.02379 6.51083 9
      vertex 6.02379 6.51083 7.4
    endloop
  endfacet
  facet normal 0.810813 -0.585306 0
    outer loop
      vertex 6.02841 6.51723 7.4
      vertex 6.02841 6.51723 9
      vertex 6.02379 6.51083 9
    endloop
  endfacet
  facet normal 0.819599 -0.572938 0
    outer loop
      vertex 6.05482 6.55501 7.4
      vertex 6.02841 6.51723 9
      vertex 6.02841 6.51723 7.4
    endloop
  endfacet
  facet normal 0.819599 -0.572938 0
    outer loop
      vertex 6.05482 6.55501 7.4
      vertex 6.05482 6.55501 9
      vertex 6.02841 6.51723 9
    endloop
  endfacet
  facet normal 0.827821 -0.560992 0
    outer loop
      vertex 6.05913 6.56137 7.4
      vertex 6.05482 6.55501 9
      vertex 6.05482 6.55501 7.4
    endloop
  endfacet
  facet normal 0.827821 -0.560992 0
    outer loop
      vertex 6.05913 6.56137 7.4
      vertex 6.05913 6.56137 9
      vertex 6.05482 6.55501 9
    endloop
  endfacet
  facet normal 0.836792 -0.54752 0
    outer loop
      vertex 6.08472 6.60048 7.4
      vertex 6.05913 6.56137 9
      vertex 6.05913 6.56137 7.4
    endloop
  endfacet
  facet normal 0.836792 -0.54752 0
    outer loop
      vertex 6.08472 6.60048 7.4
      vertex 6.08472 6.60048 9
      vertex 6.05913 6.56137 9
    endloop
  endfacet
  facet normal 0.844759 -0.535147 0
    outer loop
      vertex 6.08873 6.60681 7.4
      vertex 6.08472 6.60048 9
      vertex 6.08472 6.60048 7.4
    endloop
  endfacet
  facet normal 0.844759 -0.535147 0
    outer loop
      vertex 6.08873 6.60681 7.4
      vertex 6.08873 6.60681 9
      vertex 6.08472 6.60048 9
    endloop
  endfacet
  facet normal 0.852823 -0.522201 0
    outer loop
      vertex 6.11348 6.64723 7.4
      vertex 6.08873 6.60681 9
      vertex 6.08873 6.60681 7.4
    endloop
  endfacet
  facet normal 0.852823 -0.522201 0
    outer loop
      vertex 6.11348 6.64723 7.4
      vertex 6.11348 6.64723 9
      vertex 6.08873 6.60681 9
    endloop
  endfacet
  facet normal 0.99689 0.0788013 0
    outer loop
      vertex 6.09032 6.94022 7.4
      vertex 6.11348 6.64723 9
      vertex 6.11348 6.64723 7.4
    endloop
  endfacet
  facet normal 0.99689 0.0788013 -0
    outer loop
      vertex 6.09032 6.94022 7.4
      vertex 6.09032 6.94022 9
      vertex 6.11348 6.64723 9
    endloop
  endfacet
  facet normal 0.500991 0.865452 0
    outer loop
      vertex 5.94649 7.02348 7.4
      vertex 6.09032 6.94022 9
      vertex 6.09032 6.94022 7.4
    endloop
  endfacet
  facet normal 0.500991 0.865452 -0
    outer loop
      vertex 5.94649 7.02348 7.4
      vertex 5.94649 7.02348 9
      vertex 6.09032 6.94022 9
    endloop
  endfacet
  facet normal 0.184588 0.982816 0
    outer loop
      vertex 5.91284 7.0298 7.4
      vertex 5.94649 7.02348 9
      vertex 5.94649 7.02348 7.4
    endloop
  endfacet
  facet normal 0.184588 0.982816 -0
    outer loop
      vertex 5.91284 7.0298 7.4
      vertex 5.91284 7.0298 9
      vertex 5.94649 7.02348 9
    endloop
  endfacet
  facet normal 0.180629 0.983551 0
    outer loop
      vertex 5.8781 7.03618 7.4
      vertex 5.91284 7.0298 9
      vertex 5.91284 7.0298 7.4
    endloop
  endfacet
  facet normal 0.180629 0.983551 -0
    outer loop
      vertex 5.8781 7.03618 7.4
      vertex 5.8781 7.03618 9
      vertex 5.91284 7.0298 9
    endloop
  endfacet
  facet normal 0.176096 0.984373 0
    outer loop
      vertex 5.84238 7.04257 7.4
      vertex 5.8781 7.03618 9
      vertex 5.8781 7.03618 7.4
    endloop
  endfacet
  facet normal 0.176096 0.984373 -0
    outer loop
      vertex 5.84238 7.04257 7.4
      vertex 5.84238 7.04257 9
      vertex 5.8781 7.03618 9
    endloop
  endfacet
  facet normal 0.172568 0.984998 0
    outer loop
      vertex 5.80545 7.04904 7.4
      vertex 5.84238 7.04257 9
      vertex 5.84238 7.04257 7.4
    endloop
  endfacet
  facet normal 0.172568 0.984998 -0
    outer loop
      vertex 5.80545 7.04904 7.4
      vertex 5.80545 7.04904 9
      vertex 5.84238 7.04257 9
    endloop
  endfacet
  facet normal 0.169021 0.985612 0
    outer loop
      vertex 5.76743 7.05556 7.4
      vertex 5.80545 7.04904 9
      vertex 5.80545 7.04904 7.4
    endloop
  endfacet
  facet normal 0.169021 0.985612 -0
    outer loop
      vertex 5.76743 7.05556 7.4
      vertex 5.76743 7.05556 9
      vertex 5.80545 7.04904 9
    endloop
  endfacet
  facet normal 0.165668 0.986182 0
    outer loop
      vertex 5.72838 7.06212 7.4
      vertex 5.76743 7.05556 9
      vertex 5.76743 7.05556 7.4
    endloop
  endfacet
  facet normal 0.165668 0.986182 -0
    outer loop
      vertex 5.72838 7.06212 7.4
      vertex 5.72838 7.06212 9
      vertex 5.76743 7.05556 9
    endloop
  endfacet
  facet normal 0.163047 0.986618 0
    outer loop
      vertex 5.68814 7.06877 7.4
      vertex 5.72838 7.06212 9
      vertex 5.72838 7.06212 7.4
    endloop
  endfacet
  facet normal 0.163047 0.986618 -0
    outer loop
      vertex 5.68814 7.06877 7.4
      vertex 5.68814 7.06877 9
      vertex 5.72838 7.06212 9
    endloop
  endfacet
  facet normal 0.159367 0.987219 0
    outer loop
      vertex 5.64676 7.07545 7.4
      vertex 5.68814 7.06877 9
      vertex 5.68814 7.06877 7.4
    endloop
  endfacet
  facet normal 0.159367 0.987219 -0
    outer loop
      vertex 5.64676 7.07545 7.4
      vertex 5.64676 7.07545 9
      vertex 5.68814 7.06877 9
    endloop
  endfacet
  facet normal 0.156728 0.987642 0
    outer loop
      vertex 5.60435 7.08218 7.4
      vertex 5.64676 7.07545 9
      vertex 5.64676 7.07545 7.4
    endloop
  endfacet
  facet normal 0.156728 0.987642 -0
    outer loop
      vertex 5.60435 7.08218 7.4
      vertex 5.60435 7.08218 9
      vertex 5.64676 7.07545 9
    endloop
  endfacet
  facet normal 0.154543 0.987986 0
    outer loop
      vertex 5.56075 7.089 7.4
      vertex 5.60435 7.08218 9
      vertex 5.60435 7.08218 7.4
    endloop
  endfacet
  facet normal 0.154543 0.987986 -0
    outer loop
      vertex 5.56075 7.089 7.4
      vertex 5.56075 7.089 9
      vertex 5.60435 7.08218 9
    endloop
  endfacet
  facet normal 0.152007 0.988379 0
    outer loop
      vertex 5.51608 7.09587 7.4
      vertex 5.56075 7.089 9
      vertex 5.56075 7.089 7.4
    endloop
  endfacet
  facet normal 0.152007 0.988379 -0
    outer loop
      vertex 5.51608 7.09587 7.4
      vertex 5.51608 7.09587 9
      vertex 5.56075 7.089 9
    endloop
  endfacet
  facet normal 0.149372 0.988781 0
    outer loop
      vertex 5.47014 7.10281 7.4
      vertex 5.51608 7.09587 9
      vertex 5.51608 7.09587 7.4
    endloop
  endfacet
  facet normal 0.149372 0.988781 -0
    outer loop
      vertex 5.47014 7.10281 7.4
      vertex 5.47014 7.10281 9
      vertex 5.51608 7.09587 9
    endloop
  endfacet
  facet normal 0.147145 0.989115 0
    outer loop
      vertex 5.42322 7.10979 7.4
      vertex 5.47014 7.10281 9
      vertex 5.47014 7.10281 7.4
    endloop
  endfacet
  facet normal 0.147145 0.989115 -0
    outer loop
      vertex 5.42322 7.10979 7.4
      vertex 5.42322 7.10979 9
      vertex 5.47014 7.10281 9
    endloop
  endfacet
  facet normal 0.144765 0.989466 0
    outer loop
      vertex 5.37517 7.11682 7.4
      vertex 5.42322 7.10979 9
      vertex 5.42322 7.10979 7.4
    endloop
  endfacet
  facet normal 0.144765 0.989466 -0
    outer loop
      vertex 5.37517 7.11682 7.4
      vertex 5.37517 7.11682 9
      vertex 5.42322 7.10979 9
    endloop
  endfacet
  facet normal 0.143249 0.989687 0
    outer loop
      vertex 5.32591 7.12395 7.4
      vertex 5.37517 7.11682 9
      vertex 5.37517 7.11682 7.4
    endloop
  endfacet
  facet normal 0.143249 0.989687 -0
    outer loop
      vertex 5.32591 7.12395 7.4
      vertex 5.32591 7.12395 9
      vertex 5.37517 7.11682 9
    endloop
  endfacet
  facet normal 0.141036 0.990004 0
    outer loop
      vertex 5.27551 7.13113 7.4
      vertex 5.32591 7.12395 9
      vertex 5.32591 7.12395 7.4
    endloop
  endfacet
  facet normal 0.141036 0.990004 -0
    outer loop
      vertex 5.27551 7.13113 7.4
      vertex 5.27551 7.13113 9
      vertex 5.32591 7.12395 9
    endloop
  endfacet
  facet normal 0.139134 0.990274 0
    outer loop
      vertex 5.22398 7.13837 7.4
      vertex 5.27551 7.13113 9
      vertex 5.27551 7.13113 7.4
    endloop
  endfacet
  facet normal 0.139134 0.990274 -0
    outer loop
      vertex 5.22398 7.13837 7.4
      vertex 5.22398 7.13837 9
      vertex 5.27551 7.13113 9
    endloop
  endfacet
  facet normal 0.137307 0.990529 0
    outer loop
      vertex 5.17139 7.14566 7.4
      vertex 5.22398 7.13837 9
      vertex 5.22398 7.13837 7.4
    endloop
  endfacet
  facet normal 0.137307 0.990529 -0
    outer loop
      vertex 5.17139 7.14566 7.4
      vertex 5.17139 7.14566 9
      vertex 5.22398 7.13837 9
    endloop
  endfacet
  facet normal 0.135491 0.990779 0
    outer loop
      vertex 5.11757 7.15302 7.4
      vertex 5.17139 7.14566 9
      vertex 5.17139 7.14566 7.4
    endloop
  endfacet
  facet normal 0.135491 0.990779 -0
    outer loop
      vertex 5.11757 7.15302 7.4
      vertex 5.11757 7.15302 9
      vertex 5.17139 7.14566 9
    endloop
  endfacet
  facet normal 0.133784 0.991011 0
    outer loop
      vertex 5.06268 7.16043 7.4
      vertex 5.11757 7.15302 9
      vertex 5.11757 7.15302 7.4
    endloop
  endfacet
  facet normal 0.133784 0.991011 -0
    outer loop
      vertex 5.06268 7.16043 7.4
      vertex 5.06268 7.16043 9
      vertex 5.11757 7.15302 9
    endloop
  endfacet
  facet normal 0.132568 0.991174 0
    outer loop
      vertex 5.00653 7.16794 7.4
      vertex 5.06268 7.16043 9
      vertex 5.06268 7.16043 7.4
    endloop
  endfacet
  facet normal 0.132568 0.991174 -0
    outer loop
      vertex 5.00653 7.16794 7.4
      vertex 5.00653 7.16794 9
      vertex 5.06268 7.16043 9
    endloop
  endfacet
  facet normal 0.130913 0.991394 0
    outer loop
      vertex 4.94943 7.17548 7.4
      vertex 5.00653 7.16794 9
      vertex 5.00653 7.16794 7.4
    endloop
  endfacet
  facet normal 0.130913 0.991394 -0
    outer loop
      vertex 4.94943 7.17548 7.4
      vertex 4.94943 7.17548 9
      vertex 5.00653 7.16794 9
    endloop
  endfacet
  facet normal 0.129499 0.99158 0
    outer loop
      vertex 4.89093 7.18312 7.4
      vertex 4.94943 7.17548 9
      vertex 4.94943 7.17548 7.4
    endloop
  endfacet
  facet normal 0.129499 0.99158 -0
    outer loop
      vertex 4.89093 7.18312 7.4
      vertex 4.89093 7.18312 9
      vertex 4.94943 7.17548 9
    endloop
  endfacet
  facet normal 0.127456 0.991844 0
    outer loop
      vertex 4.83171 7.19073 7.4
      vertex 4.89093 7.18312 9
      vertex 4.89093 7.18312 7.4
    endloop
  endfacet
  facet normal 0.127456 0.991844 -0
    outer loop
      vertex 4.83171 7.19073 7.4
      vertex 4.83171 7.19073 9
      vertex 4.89093 7.18312 9
    endloop
  endfacet
  facet normal 0.126138 0.992013 0
    outer loop
      vertex 4.77194 7.19833 7.4
      vertex 4.83171 7.19073 9
      vertex 4.83171 7.19073 7.4
    endloop
  endfacet
  facet normal 0.126138 0.992013 -0
    outer loop
      vertex 4.77194 7.19833 7.4
      vertex 4.77194 7.19833 9
      vertex 4.83171 7.19073 9
    endloop
  endfacet
  facet normal 0.123953 0.992288 0
    outer loop
      vertex 4.71182 7.20584 7.4
      vertex 4.77194 7.19833 9
      vertex 4.77194 7.19833 7.4
    endloop
  endfacet
  facet normal 0.123953 0.992288 -0
    outer loop
      vertex 4.71182 7.20584 7.4
      vertex 4.71182 7.20584 9
      vertex 4.77194 7.19833 9
    endloop
  endfacet
  facet normal 0.121999 0.99253 0
    outer loop
      vertex 4.65121 7.21329 7.4
      vertex 4.71182 7.20584 9
      vertex 4.71182 7.20584 7.4
    endloop
  endfacet
  facet normal 0.121999 0.99253 -0
    outer loop
      vertex 4.65121 7.21329 7.4
      vertex 4.65121 7.21329 9
      vertex 4.71182 7.20584 9
    endloop
  endfacet
  facet normal 0.119665 0.992814 0
    outer loop
      vertex 4.59023 7.22064 7.4
      vertex 4.65121 7.21329 9
      vertex 4.65121 7.21329 7.4
    endloop
  endfacet
  facet normal 0.119665 0.992814 -0
    outer loop
      vertex 4.59023 7.22064 7.4
      vertex 4.59023 7.22064 9
      vertex 4.65121 7.21329 9
    endloop
  endfacet
  facet normal 0.118239 0.992985 0
    outer loop
      vertex 4.52884 7.22795 7.4
      vertex 4.59023 7.22064 9
      vertex 4.59023 7.22064 7.4
    endloop
  endfacet
  facet normal 0.118239 0.992985 -0
    outer loop
      vertex 4.52884 7.22795 7.4
      vertex 4.52884 7.22795 9
      vertex 4.59023 7.22064 9
    endloop
  endfacet
  facet normal 0.116348 0.993209 0
    outer loop
      vertex 4.46695 7.2352 7.4
      vertex 4.52884 7.22795 9
      vertex 4.52884 7.22795 7.4
    endloop
  endfacet
  facet normal 0.116348 0.993209 -0
    outer loop
      vertex 4.46695 7.2352 7.4
      vertex 4.46695 7.2352 9
      vertex 4.52884 7.22795 9
    endloop
  endfacet
  facet normal 0.114285 0.993448 0
    outer loop
      vertex 4.40471 7.24236 7.4
      vertex 4.46695 7.2352 9
      vertex 4.46695 7.2352 7.4
    endloop
  endfacet
  facet normal 0.114285 0.993448 -0
    outer loop
      vertex 4.40471 7.24236 7.4
      vertex 4.40471 7.24236 9
      vertex 4.46695 7.2352 9
    endloop
  endfacet
  facet normal 0.112622 0.993638 0
    outer loop
      vertex 4.34198 7.24947 7.4
      vertex 4.40471 7.24236 9
      vertex 4.40471 7.24236 7.4
    endloop
  endfacet
  facet normal 0.112622 0.993638 -0
    outer loop
      vertex 4.34198 7.24947 7.4
      vertex 4.34198 7.24947 9
      vertex 4.40471 7.24236 9
    endloop
  endfacet
  facet normal 0.11038 0.99389 0
    outer loop
      vertex 4.27895 7.25647 7.4
      vertex 4.34198 7.24947 9
      vertex 4.34198 7.24947 7.4
    endloop
  endfacet
  facet normal 0.11038 0.99389 -0
    outer loop
      vertex 4.27895 7.25647 7.4
      vertex 4.27895 7.25647 9
      vertex 4.34198 7.24947 9
    endloop
  endfacet
  facet normal 0.109163 0.994024 0
    outer loop
      vertex 4.2153 7.26346 7.4
      vertex 4.27895 7.25647 9
      vertex 4.27895 7.25647 7.4
    endloop
  endfacet
  facet normal 0.109163 0.994024 -0
    outer loop
      vertex 4.2153 7.26346 7.4
      vertex 4.2153 7.26346 9
      vertex 4.27895 7.25647 9
    endloop
  endfacet
  facet normal 0.106791 0.994281 0
    outer loop
      vertex 4.15143 7.27032 7.4
      vertex 4.2153 7.26346 9
      vertex 4.2153 7.26346 7.4
    endloop
  endfacet
  facet normal 0.106791 0.994281 -0
    outer loop
      vertex 4.15143 7.27032 7.4
      vertex 4.15143 7.27032 9
      vertex 4.2153 7.26346 9
    endloop
  endfacet
  facet normal 0.105857 0.994381 0
    outer loop
      vertex 4.08699 7.27718 7.4
      vertex 4.15143 7.27032 9
      vertex 4.15143 7.27032 7.4
    endloop
  endfacet
  facet normal 0.105857 0.994381 -0
    outer loop
      vertex 4.08699 7.27718 7.4
      vertex 4.08699 7.27718 9
      vertex 4.15143 7.27032 9
    endloop
  endfacet
  facet normal 0.103679 0.994611 0
    outer loop
      vertex 4.02214 7.28394 7.4
      vertex 4.08699 7.27718 9
      vertex 4.08699 7.27718 7.4
    endloop
  endfacet
  facet normal 0.103679 0.994611 -0
    outer loop
      vertex 4.02214 7.28394 7.4
      vertex 4.02214 7.28394 9
      vertex 4.08699 7.27718 9
    endloop
  endfacet
  facet normal 0.101665 0.994819 0
    outer loop
      vertex 3.95697 7.2906 7.4
      vertex 4.02214 7.28394 9
      vertex 4.02214 7.28394 7.4
    endloop
  endfacet
  facet normal 0.101665 0.994819 -0
    outer loop
      vertex 3.95697 7.2906 7.4
      vertex 3.95697 7.2906 9
      vertex 4.02214 7.28394 9
    endloop
  endfacet
  facet normal 0.100568 0.99493 0
    outer loop
      vertex 3.89128 7.29724 7.4
      vertex 3.95697 7.2906 9
      vertex 3.95697 7.2906 7.4
    endloop
  endfacet
  facet normal 0.100568 0.99493 -0
    outer loop
      vertex 3.89128 7.29724 7.4
      vertex 3.89128 7.29724 9
      vertex 3.95697 7.2906 9
    endloop
  endfacet
  facet normal 0.098714 0.995116 0
    outer loop
      vertex 3.82515 7.3038 7.4
      vertex 3.89128 7.29724 9
      vertex 3.89128 7.29724 7.4
    endloop
  endfacet
  facet normal 0.098714 0.995116 -0
    outer loop
      vertex 3.82515 7.3038 7.4
      vertex 3.82515 7.3038 9
      vertex 3.89128 7.29724 9
    endloop
  endfacet
  facet normal 0.096836 0.9953 0
    outer loop
      vertex 3.75865 7.31027 7.4
      vertex 3.82515 7.3038 9
      vertex 3.82515 7.3038 7.4
    endloop
  endfacet
  facet normal 0.096836 0.9953 -0
    outer loop
      vertex 3.75865 7.31027 7.4
      vertex 3.75865 7.31027 9
      vertex 3.82515 7.3038 9
    endloop
  endfacet
  facet normal 0.0956585 0.995414 0
    outer loop
      vertex 3.69174 7.3167 7.4
      vertex 3.75865 7.31027 9
      vertex 3.75865 7.31027 7.4
    endloop
  endfacet
  facet normal 0.0956585 0.995414 -0
    outer loop
      vertex 3.69174 7.3167 7.4
      vertex 3.69174 7.3167 9
      vertex 3.75865 7.31027 9
    endloop
  endfacet
  facet normal 0.0937208 0.995599 0
    outer loop
      vertex 3.62439 7.32304 7.4
      vertex 3.69174 7.3167 9
      vertex 3.69174 7.3167 7.4
    endloop
  endfacet
  facet normal 0.0937208 0.995599 -0
    outer loop
      vertex 3.62439 7.32304 7.4
      vertex 3.62439 7.32304 9
      vertex 3.69174 7.3167 9
    endloop
  endfacet
  facet normal 0.0923357 0.995728 0
    outer loop
      vertex 3.55656 7.32933 7.4
      vertex 3.62439 7.32304 9
      vertex 3.62439 7.32304 7.4
    endloop
  endfacet
  facet normal 0.0923357 0.995728 -0
    outer loop
      vertex 3.55656 7.32933 7.4
      vertex 3.55656 7.32933 9
      vertex 3.62439 7.32304 9
    endloop
  endfacet
  facet normal 0.0909041 0.99586 0
    outer loop
      vertex 3.48831 7.33556 7.4
      vertex 3.55656 7.32933 9
      vertex 3.55656 7.32933 7.4
    endloop
  endfacet
  facet normal 0.0909041 0.99586 -0
    outer loop
      vertex 3.48831 7.33556 7.4
      vertex 3.48831 7.33556 9
      vertex 3.55656 7.32933 9
    endloop
  endfacet
  facet normal 0.0890602 0.996026 0
    outer loop
      vertex 3.41953 7.34171 7.4
      vertex 3.48831 7.33556 9
      vertex 3.48831 7.33556 7.4
    endloop
  endfacet
  facet normal 0.0890602 0.996026 -0
    outer loop
      vertex 3.41953 7.34171 7.4
      vertex 3.41953 7.34171 9
      vertex 3.48831 7.33556 9
    endloop
  endfacet
  facet normal 0.0867908 0.996227 0
    outer loop
      vertex 3.3502 7.34775 7.4
      vertex 3.41953 7.34171 9
      vertex 3.41953 7.34171 7.4
    endloop
  endfacet
  facet normal 0.0867908 0.996227 -0
    outer loop
      vertex 3.3502 7.34775 7.4
      vertex 3.3502 7.34775 9
      vertex 3.41953 7.34171 9
    endloop
  endfacet
  facet normal 0.0832604 0.996528 0
    outer loop
      vertex 3.28114 7.35352 7.4
      vertex 3.3502 7.34775 9
      vertex 3.3502 7.34775 7.4
    endloop
  endfacet
  facet normal 0.0832604 0.996528 -0
    outer loop
      vertex 3.28114 7.35352 7.4
      vertex 3.28114 7.35352 9
      vertex 3.3502 7.34775 9
    endloop
  endfacet
  facet normal 0.0796072 0.996826 0
    outer loop
      vertex 3.21227 7.35902 7.4
      vertex 3.28114 7.35352 9
      vertex 3.28114 7.35352 7.4
    endloop
  endfacet
  facet normal 0.0796072 0.996826 -0
    outer loop
      vertex 3.21227 7.35902 7.4
      vertex 3.21227 7.35902 9
      vertex 3.28114 7.35352 9
    endloop
  endfacet
  facet normal 0.0759978 0.997108 0
    outer loop
      vertex 3.14352 7.36426 7.4
      vertex 3.21227 7.35902 9
      vertex 3.21227 7.35902 7.4
    endloop
  endfacet
  facet normal 0.0759978 0.997108 -0
    outer loop
      vertex 3.14352 7.36426 7.4
      vertex 3.14352 7.36426 9
      vertex 3.21227 7.35902 9
    endloop
  endfacet
  facet normal 0.0723435 0.99738 0
    outer loop
      vertex 3.075 7.36923 7.4
      vertex 3.14352 7.36426 9
      vertex 3.14352 7.36426 7.4
    endloop
  endfacet
  facet normal 0.0723435 0.99738 -0
    outer loop
      vertex 3.075 7.36923 7.4
      vertex 3.075 7.36923 9
      vertex 3.14352 7.36426 9
    endloop
  endfacet
  facet normal 0.0682553 0.997668 0
    outer loop
      vertex 3.00674 7.3739 7.4
      vertex 3.075 7.36923 9
      vertex 3.075 7.36923 7.4
    endloop
  endfacet
  facet normal 0.0682553 0.997668 -0
    outer loop
      vertex 3.00674 7.3739 7.4
      vertex 3.00674 7.3739 9
      vertex 3.075 7.36923 9
    endloop
  endfacet
  facet normal 0.0650031 0.997885 0
    outer loop
      vertex 2.93858 7.37834 7.4
      vertex 3.00674 7.3739 9
      vertex 3.00674 7.3739 7.4
    endloop
  endfacet
  facet normal 0.0650031 0.997885 -0
    outer loop
      vertex 2.93858 7.37834 7.4
      vertex 2.93858 7.37834 9
      vertex 3.00674 7.3739 9
    endloop
  endfacet
  facet normal 0.0612984 0.998119 0
    outer loop
      vertex 2.87068 7.38251 7.4
      vertex 2.93858 7.37834 9
      vertex 2.93858 7.37834 7.4
    endloop
  endfacet
  facet normal 0.0612984 0.998119 -0
    outer loop
      vertex 2.87068 7.38251 7.4
      vertex 2.87068 7.38251 9
      vertex 2.93858 7.37834 9
    endloop
  endfacet
  facet normal 0.0572889 0.998358 0
    outer loop
      vertex 2.80289 7.3864 7.4
      vertex 2.87068 7.38251 9
      vertex 2.87068 7.38251 7.4
    endloop
  endfacet
  facet normal 0.0572889 0.998358 -0
    outer loop
      vertex 2.80289 7.3864 7.4
      vertex 2.80289 7.3864 9
      vertex 2.87068 7.38251 9
    endloop
  endfacet
  facet normal 0.0536843 0.998558 0
    outer loop
      vertex 2.73537 7.39003 7.4
      vertex 2.80289 7.3864 9
      vertex 2.80289 7.3864 7.4
    endloop
  endfacet
  facet normal 0.0536843 0.998558 -0
    outer loop
      vertex 2.73537 7.39003 7.4
      vertex 2.73537 7.39003 9
      vertex 2.80289 7.3864 9
    endloop
  endfacet
  facet normal 0.0497972 0.998759 0
    outer loop
      vertex 2.66798 7.39339 7.4
      vertex 2.73537 7.39003 9
      vertex 2.73537 7.39003 7.4
    endloop
  endfacet
  facet normal 0.0497972 0.998759 -0
    outer loop
      vertex 2.66798 7.39339 7.4
      vertex 2.66798 7.39339 9
      vertex 2.73537 7.39003 9
    endloop
  endfacet
  facet normal 0.045563 0.998961 0
    outer loop
      vertex 2.60089 7.39645 7.4
      vertex 2.66798 7.39339 9
      vertex 2.66798 7.39339 7.4
    endloop
  endfacet
  facet normal 0.045563 0.998961 -0
    outer loop
      vertex 2.60089 7.39645 7.4
      vertex 2.60089 7.39645 9
      vertex 2.66798 7.39339 9
    endloop
  endfacet
  facet normal 0.0423374 0.999103 0
    outer loop
      vertex 2.53387 7.39929 7.4
      vertex 2.60089 7.39645 9
      vertex 2.60089 7.39645 7.4
    endloop
  endfacet
  facet normal 0.0423374 0.999103 -0
    outer loop
      vertex 2.53387 7.39929 7.4
      vertex 2.53387 7.39929 9
      vertex 2.60089 7.39645 9
    endloop
  endfacet
  facet normal 0.0381402 0.999272 0
    outer loop
      vertex 2.46706 7.40184 7.4
      vertex 2.53387 7.39929 9
      vertex 2.53387 7.39929 7.4
    endloop
  endfacet
  facet normal 0.0381402 0.999272 -0
    outer loop
      vertex 2.46706 7.40184 7.4
      vertex 2.46706 7.40184 9
      vertex 2.53387 7.39929 9
    endloop
  endfacet
  facet normal 0.0340848 0.999419 0
    outer loop
      vertex 2.4005 7.40411 7.4
      vertex 2.46706 7.40184 9
      vertex 2.46706 7.40184 7.4
    endloop
  endfacet
  facet normal 0.0340848 0.999419 -0
    outer loop
      vertex 2.4005 7.40411 7.4
      vertex 2.4005 7.40411 9
      vertex 2.46706 7.40184 9
    endloop
  endfacet
  facet normal 0.0304122 0.999537 0
    outer loop
      vertex 2.33411 7.40613 7.4
      vertex 2.4005 7.40411 9
      vertex 2.4005 7.40411 7.4
    endloop
  endfacet
  facet normal 0.0304122 0.999537 -0
    outer loop
      vertex 2.33411 7.40613 7.4
      vertex 2.33411 7.40613 9
      vertex 2.4005 7.40411 9
    endloop
  endfacet
  facet normal 0.0264338 0.999651 0
    outer loop
      vertex 2.26793 7.40788 7.4
      vertex 2.33411 7.40613 9
      vertex 2.33411 7.40613 7.4
    endloop
  endfacet
  facet normal 0.0264338 0.999651 -0
    outer loop
      vertex 2.26793 7.40788 7.4
      vertex 2.26793 7.40788 9
      vertex 2.33411 7.40613 9
    endloop
  endfacet
  facet normal 0.0223983 0.999749 0
    outer loop
      vertex 2.20187 7.40936 7.4
      vertex 2.26793 7.40788 9
      vertex 2.26793 7.40788 7.4
    endloop
  endfacet
  facet normal 0.0223983 0.999749 -0
    outer loop
      vertex 2.20187 7.40936 7.4
      vertex 2.20187 7.40936 9
      vertex 2.26793 7.40788 9
    endloop
  endfacet
  facet normal 0.0183887 0.999831 0
    outer loop
      vertex 2.13608 7.41057 7.4
      vertex 2.20187 7.40936 9
      vertex 2.20187 7.40936 7.4
    endloop
  endfacet
  facet normal 0.0183887 0.999831 -0
    outer loop
      vertex 2.13608 7.41057 7.4
      vertex 2.13608 7.41057 9
      vertex 2.20187 7.40936 9
    endloop
  endfacet
  facet normal 0.0143103 0.999898 0
    outer loop
      vertex 2.0704 7.41151 7.4
      vertex 2.13608 7.41057 9
      vertex 2.13608 7.41057 7.4
    endloop
  endfacet
  facet normal 0.0143103 0.999898 -0
    outer loop
      vertex 2.0704 7.41151 7.4
      vertex 2.0704 7.41151 9
      vertex 2.13608 7.41057 9
    endloop
  endfacet
  facet normal 0.0103954 0.999946 0
    outer loop
      vertex 2.00499 7.41219 7.4
      vertex 2.0704 7.41151 9
      vertex 2.0704 7.41151 7.4
    endloop
  endfacet
  facet normal 0.0103954 0.999946 -0
    outer loop
      vertex 2.00499 7.41219 7.4
      vertex 2.00499 7.41219 9
      vertex 2.0704 7.41151 9
    endloop
  endfacet
  facet normal 0.00597874 0.999982 0
    outer loop
      vertex 1.93976 7.41258 7.4
      vertex 2.00499 7.41219 9
      vertex 2.00499 7.41219 7.4
    endloop
  endfacet
  facet normal 0.00597874 0.999982 -0
    outer loop
      vertex 1.93976 7.41258 7.4
      vertex 1.93976 7.41258 9
      vertex 2.00499 7.41219 9
    endloop
  endfacet
  facet normal 0.00212636 0.999998 0
    outer loop
      vertex 1.87392 7.41272 7.4
      vertex 1.93976 7.41258 9
      vertex 1.93976 7.41258 7.4
    endloop
  endfacet
  facet normal 0.00212636 0.999998 -0
    outer loop
      vertex 1.87392 7.41272 7.4
      vertex 1.87392 7.41272 9
      vertex 1.93976 7.41258 9
    endloop
  endfacet
  facet normal -0.00524259 0.999986 0
    outer loop
      vertex 1.7404 7.41202 7.4
      vertex 1.87392 7.41272 9
      vertex 1.87392 7.41272 7.4
    endloop
  endfacet
  facet normal -0.00524259 0.999986 0
    outer loop
      vertex 1.7404 7.41202 7.4
      vertex 1.7404 7.41202 9
      vertex 1.87392 7.41272 9
    endloop
  endfacet
  facet normal -0.0156768 0.999877 0
    outer loop
      vertex 1.60965 7.40997 7.4
      vertex 1.7404 7.41202 9
      vertex 1.7404 7.41202 7.4
    endloop
  endfacet
  facet normal -0.0156768 0.999877 0
    outer loop
      vertex 1.60965 7.40997 7.4
      vertex 1.60965 7.40997 9
      vertex 1.7404 7.41202 9
    endloop
  endfacet
  facet normal -0.0265614 0.999647 0
    outer loop
      vertex 1.48169 7.40657 7.4
      vertex 1.60965 7.40997 9
      vertex 1.60965 7.40997 7.4
    endloop
  endfacet
  facet normal -0.0265614 0.999647 0
    outer loop
      vertex 1.48169 7.40657 7.4
      vertex 1.48169 7.40657 9
      vertex 1.60965 7.40997 9
    endloop
  endfacet
  facet normal -0.037912 0.999281 0
    outer loop
      vertex 1.35649 7.40182 7.4
      vertex 1.48169 7.40657 9
      vertex 1.48169 7.40657 7.4
    endloop
  endfacet
  facet normal -0.037912 0.999281 0
    outer loop
      vertex 1.35649 7.40182 7.4
      vertex 1.35649 7.40182 9
      vertex 1.48169 7.40657 9
    endloop
  endfacet
  facet normal -0.0498165 0.998758 0
    outer loop
      vertex 1.2372 7.39587 7.4
      vertex 1.35649 7.40182 9
      vertex 1.35649 7.40182 7.4
    endloop
  endfacet
  facet normal -0.0498165 0.998758 0
    outer loop
      vertex 1.2372 7.39587 7.4
      vertex 1.2372 7.39587 9
      vertex 1.35649 7.40182 9
    endloop
  endfacet
  facet normal -0.0622847 0.998058 0
    outer loop
      vertex 1.11766 7.38841 7.4
      vertex 1.2372 7.39587 9
      vertex 1.2372 7.39587 7.4
    endloop
  endfacet
  facet normal -0.0622847 0.998058 0
    outer loop
      vertex 1.11766 7.38841 7.4
      vertex 1.11766 7.38841 9
      vertex 1.2372 7.39587 9
    endloop
  endfacet
  facet normal -0.0754099 0.997153 0
    outer loop
      vertex 1.0009 7.37958 7.4
      vertex 1.11766 7.38841 9
      vertex 1.11766 7.38841 7.4
    endloop
  endfacet
  facet normal -0.0754099 0.997153 0
    outer loop
      vertex 1.0009 7.37958 7.4
      vertex 1.0009 7.37958 9
      vertex 1.11766 7.38841 9
    endloop
  endfacet
  facet normal -0.0893551 0.996 0
    outer loop
      vertex 0.886871 7.36935 7.4
      vertex 1.0009 7.37958 9
      vertex 1.0009 7.37958 7.4
    endloop
  endfacet
  facet normal -0.0893551 0.996 0
    outer loop
      vertex 0.886871 7.36935 7.4
      vertex 0.886871 7.36935 9
      vertex 1.0009 7.37958 9
    endloop
  endfacet
  facet normal -0.0967394 0.99531 0
    outer loop
      vertex 0.88327 7.369 7.4
      vertex 0.886871 7.36935 9
      vertex 0.886871 7.36935 7.4
    endloop
  endfacet
  facet normal -0.0967394 0.99531 0
    outer loop
      vertex 0.88327 7.369 7.4
      vertex 0.88327 7.369 9
      vertex 0.886871 7.36935 9
    endloop
  endfacet
  facet normal -0.103848 0.994593 0
    outer loop
      vertex 0.77562 7.35776 7.4
      vertex 0.88327 7.369 9
      vertex 0.88327 7.369 7.4
    endloop
  endfacet
  facet normal -0.103848 0.994593 0
    outer loop
      vertex 0.77562 7.35776 7.4
      vertex 0.77562 7.35776 9
      vertex 0.88327 7.369 9
    endloop
  endfacet
  facet normal -0.111571 0.993757 0
    outer loop
      vertex 0.77179 7.35733 7.4
      vertex 0.77562 7.35776 9
      vertex 0.77562 7.35776 7.4
    endloop
  endfacet
  facet normal -0.111571 0.993757 0
    outer loop
      vertex 0.77179 7.35733 7.4
      vertex 0.77179 7.35733 9
      vertex 0.77562 7.35776 9
    endloop
  endfacet
  facet normal -0.11916 0.992875 0
    outer loop
      vertex 0.667053 7.34476 7.4
      vertex 0.77179 7.35733 9
      vertex 0.77179 7.35733 7.4
    endloop
  endfacet
  facet normal -0.11916 0.992875 0
    outer loop
      vertex 0.667053 7.34476 7.4
      vertex 0.667053 7.34476 9
      vertex 0.77179 7.35733 9
    endloop
  endfacet
  facet normal -0.127039 0.991898 0
    outer loop
      vertex 0.663071 7.34425 7.4
      vertex 0.667053 7.34476 9
      vertex 0.667053 7.34476 7.4
    endloop
  endfacet
  facet normal -0.127039 0.991898 0
    outer loop
      vertex 0.663071 7.34425 7.4
      vertex 0.663071 7.34425 9
      vertex 0.667053 7.34476 9
    endloop
  endfacet
  facet normal -0.135067 0.990836 0
    outer loop
      vertex 0.561249 7.33037 7.4
      vertex 0.663071 7.34425 9
      vertex 0.663071 7.34425 7.4
    endloop
  endfacet
  facet normal -0.135067 0.990836 0
    outer loop
      vertex 0.561249 7.33037 7.4
      vertex 0.561249 7.33037 9
      vertex 0.663071 7.34425 9
    endloop
  endfacet
  facet normal -0.146397 0.989226 0
    outer loop
      vertex 0.556992 7.32974 7.4
      vertex 0.561249 7.33037 9
      vertex 0.561249 7.33037 7.4
    endloop
  endfacet
  facet normal -0.146397 0.989226 0
    outer loop
      vertex 0.556992 7.32974 7.4
      vertex 0.556992 7.32974 9
      vertex 0.561249 7.33037 9
    endloop
  endfacet
  facet normal -0.152188 0.988352 0
    outer loop
      vertex 0.458084 7.31451 7.4
      vertex 0.556992 7.32974 9
      vertex 0.556992 7.32974 7.4
    endloop
  endfacet
  facet normal -0.152188 0.988352 0
    outer loop
      vertex 0.458084 7.31451 7.4
      vertex 0.458084 7.31451 9
      vertex 0.556992 7.32974 9
    endloop
  endfacet
  facet normal -0.158951 0.987286 0
    outer loop
      vertex 0.453674 7.3138 7.4
      vertex 0.458084 7.31451 9
      vertex 0.458084 7.31451 7.4
    endloop
  endfacet
  facet normal -0.158951 0.987286 0
    outer loop
      vertex 0.453674 7.3138 7.4
      vertex 0.453674 7.3138 9
      vertex 0.458084 7.31451 9
    endloop
  endfacet
  facet normal -0.169776 0.985483 0
    outer loop
      vertex 0.357666 7.29726 7.4
      vertex 0.453674 7.3138 9
      vertex 0.453674 7.3138 7.4
    endloop
  endfacet
  facet normal -0.169776 0.985483 0
    outer loop
      vertex 0.357666 7.29726 7.4
      vertex 0.357666 7.29726 9
      vertex 0.453674 7.3138 9
    endloop
  endfacet
  facet normal -0.181146 0.983456 0
    outer loop
      vertex 0.352997 7.2964 7.4
      vertex 0.357666 7.29726 9
      vertex 0.357666 7.29726 7.4
    endloop
  endfacet
  facet normal -0.181146 0.983456 0
    outer loop
      vertex 0.352997 7.2964 7.4
      vertex 0.352997 7.2964 9
      vertex 0.357666 7.29726 9
    endloop
  endfacet
  facet normal -0.188515 0.98207 0
    outer loop
      vertex 0.259903 7.27853 7.4
      vertex 0.352997 7.2964 9
      vertex 0.352997 7.2964 7.4
    endloop
  endfacet
  facet normal -0.188515 0.98207 0
    outer loop
      vertex 0.259903 7.27853 7.4
      vertex 0.259903 7.27853 9
      vertex 0.352997 7.2964 9
    endloop
  endfacet
  facet normal -0.194841 0.980835 0
    outer loop
      vertex 0.25502 7.27756 7.4
      vertex 0.259903 7.27853 9
      vertex 0.259903 7.27853 7.4
    endloop
  endfacet
  facet normal -0.194841 0.980835 0
    outer loop
      vertex 0.25502 7.27756 7.4
      vertex 0.25502 7.27756 9
      vertex 0.259903 7.27853 9
    endloop
  endfacet
  facet normal -0.208035 0.978121 0
    outer loop
      vertex 0.164841 7.25838 7.4
      vertex 0.25502 7.27756 9
      vertex 0.25502 7.27756 7.4
    endloop
  endfacet
  facet normal -0.208035 0.978121 0
    outer loop
      vertex 0.164841 7.25838 7.4
      vertex 0.164841 7.25838 9
      vertex 0.25502 7.27756 9
    endloop
  endfacet
  facet normal -0.218205 0.975903 0
    outer loop
      vertex 0.159653 7.25722 7.4
      vertex 0.164841 7.25838 9
      vertex 0.164841 7.25838 7.4
    endloop
  endfacet
  facet normal -0.218205 0.975903 0
    outer loop
      vertex 0.159653 7.25722 7.4
      vertex 0.159653 7.25722 9
      vertex 0.164841 7.25838 9
    endloop
  endfacet
  facet normal -0.228758 0.973483 0
    outer loop
      vertex 0.0723724 7.23671 7.4
      vertex 0.159653 7.25722 9
      vertex 0.159653 7.25722 7.4
    endloop
  endfacet
  facet normal -0.228758 0.973483 0
    outer loop
      vertex 0.0723724 7.23671 7.4
      vertex 0.0723724 7.23671 9
      vertex 0.159653 7.25722 9
    endloop
  endfacet
  facet normal -0.242225 0.97022 0
    outer loop
      vertex 0.066925 7.23535 7.4
      vertex 0.0723724 7.23671 9
      vertex 0.0723724 7.23671 7.4
    endloop
  endfacet
  facet normal -0.242225 0.97022 0
    outer loop
      vertex 0.066925 7.23535 7.4
      vertex 0.066925 7.23535 9
      vertex 0.0723724 7.23671 9
    endloop
  endfacet
  facet normal -0.250504 0.968116 0
    outer loop
      vertex -0.0174408 7.21352 7.4
      vertex 0.066925 7.23535 9
      vertex 0.066925 7.23535 7.4
    endloop
  endfacet
  facet normal -0.250504 0.968116 0
    outer loop
      vertex -0.0174408 7.21352 7.4
      vertex -0.0174408 7.21352 9
      vertex 0.066925 7.23535 9
    endloop
  endfacet
  facet normal -0.261729 0.965141 0
    outer loop
      vertex -0.0231934 7.21196 7.4
      vertex -0.0174408 7.21352 9
      vertex -0.0174408 7.21352 7.4
    endloop
  endfacet
  facet normal -0.261729 0.965141 0
    outer loop
      vertex -0.0231934 7.21196 7.4
      vertex -0.0231934 7.21196 9
      vertex -0.0174408 7.21352 9
    endloop
  endfacet
  facet normal -0.273546 0.961859 0
    outer loop
      vertex -0.10463 7.1888 7.4
      vertex -0.0231934 7.21196 9
      vertex -0.0231934 7.21196 7.4
    endloop
  endfacet
  facet normal -0.273546 0.961859 0
    outer loop
      vertex -0.10463 7.1888 7.4
      vertex -0.10463 7.1888 9
      vertex -0.0231934 7.21196 9
    endloop
  endfacet
  facet normal -0.286166 0.95818 0
    outer loop
      vertex -0.110657 7.187 7.4
      vertex -0.10463 7.1888 9
      vertex -0.10463 7.1888 7.4
    endloop
  endfacet
  facet normal -0.286166 0.95818 0
    outer loop
      vertex -0.110657 7.187 7.4
      vertex -0.110657 7.187 9
      vertex -0.10463 7.1888 9
    endloop
  endfacet
  facet normal -0.29769 0.954663 0
    outer loop
      vertex -0.189194 7.16251 7.4
      vertex -0.110657 7.187 9
      vertex -0.110657 7.187 7.4
    endloop
  endfacet
  facet normal -0.29769 0.954663 0
    outer loop
      vertex -0.189194 7.16251 7.4
      vertex -0.189194 7.16251 9
      vertex -0.110657 7.187 9
    endloop
  endfacet
  facet normal -0.309339 0.950952 0
    outer loop
      vertex -0.195496 7.16046 7.4
      vertex -0.189194 7.16251 9
      vertex -0.189194 7.16251 7.4
    endloop
  endfacet
  facet normal -0.309339 0.950952 0
    outer loop
      vertex -0.195496 7.16046 7.4
      vertex -0.195496 7.16046 9
      vertex -0.189194 7.16251 9
    endloop
  endfacet
  facet normal -0.322838 0.946454 0
    outer loop
      vertex -0.271133 7.13466 7.4
      vertex -0.195496 7.16046 9
      vertex -0.195496 7.16046 7.4
    endloop
  endfacet
  facet normal -0.322838 0.946454 0
    outer loop
      vertex -0.271133 7.13466 7.4
      vertex -0.271133 7.13466 9
      vertex -0.195496 7.16046 9
    endloop
  endfacet
  facet normal -0.337942 0.941167 0
    outer loop
      vertex -0.277817 7.13226 7.4
      vertex -0.271133 7.13466 9
      vertex -0.271133 7.13466 7.4
    endloop
  endfacet
  facet normal -0.337942 0.941167 0
    outer loop
      vertex -0.277817 7.13226 7.4
      vertex -0.277817 7.13226 9
      vertex -0.271133 7.13466 9
    endloop
  endfacet
  facet normal -0.349592 0.936902 0
    outer loop
      vertex -0.350525 7.10513 7.4
      vertex -0.277817 7.13226 9
      vertex -0.277817 7.13226 7.4
    endloop
  endfacet
  facet normal -0.349592 0.936902 0
    outer loop
      vertex -0.350525 7.10513 7.4
      vertex -0.350525 7.10513 9
      vertex -0.277817 7.13226 9
    endloop
  endfacet
  facet normal -0.363167 0.931724 0
    outer loop
      vertex -0.357452 7.10243 7.4
      vertex -0.350525 7.10513 9
      vertex -0.350525 7.10513 7.4
    endloop
  endfacet
  facet normal -0.363167 0.931724 0
    outer loop
      vertex -0.357452 7.10243 7.4
      vertex -0.357452 7.10243 9
      vertex -0.350525 7.10513 9
    endloop
  endfacet
  facet normal -0.377289 0.926096 0
    outer loop
      vertex -0.427261 7.07399 7.4
      vertex -0.357452 7.10243 9
      vertex -0.357452 7.10243 7.4
    endloop
  endfacet
  facet normal -0.377289 0.926096 0
    outer loop
      vertex -0.427261 7.07399 7.4
      vertex -0.427261 7.07399 9
      vertex -0.357452 7.10243 9
    endloop
  endfacet
  facet normal -0.392255 0.919857 0
    outer loop
      vertex -0.434601 7.07086 7.4
      vertex -0.427261 7.07399 9
      vertex -0.427261 7.07399 7.4
    endloop
  endfacet
  facet normal -0.392255 0.919857 0
    outer loop
      vertex -0.434601 7.07086 7.4
      vertex -0.434601 7.07086 9
      vertex -0.427261 7.07399 9
    endloop
  endfacet
  facet normal -0.40662 0.913597 0
    outer loop
      vertex -0.501511 7.04108 7.4
      vertex -0.434601 7.07086 9
      vertex -0.434601 7.07086 7.4
    endloop
  endfacet
  facet normal -0.40662 0.913597 0
    outer loop
      vertex -0.501511 7.04108 7.4
      vertex -0.501511 7.04108 9
      vertex -0.434601 7.07086 9
    endloop
  endfacet
  facet normal -0.423163 0.906053 0
    outer loop
      vertex -0.509369 7.03741 7.4
      vertex -0.501511 7.04108 9
      vertex -0.501511 7.04108 7.4
    endloop
  endfacet
  facet normal -0.423163 0.906053 0
    outer loop
      vertex -0.509369 7.03741 7.4
      vertex -0.509369 7.03741 9
      vertex -0.501511 7.04108 9
    endloop
  endfacet
  facet normal -0.438129 0.898912 0
    outer loop
      vertex -0.573608 7.0061 7.4
      vertex -0.509369 7.03741 9
      vertex -0.509369 7.03741 7.4
    endloop
  endfacet
  facet normal -0.438129 0.898912 0
    outer loop
      vertex -0.573608 7.0061 7.4
      vertex -0.573608 7.0061 9
      vertex -0.509369 7.03741 9
    endloop
  endfacet
  facet normal -0.454197 0.890901 0
    outer loop
      vertex -0.582062 7.00179 7.4
      vertex -0.573608 7.0061 9
      vertex -0.573608 7.0061 7.4
    endloop
  endfacet
  facet normal -0.454197 0.890901 0
    outer loop
      vertex -0.582062 7.00179 7.4
      vertex -0.582062 7.00179 9
      vertex -0.573608 7.0061 9
    endloop
  endfacet
  facet normal -0.472014 0.881591 0
    outer loop
      vertex -0.643921 6.96867 7.4
      vertex -0.582062 7.00179 9
      vertex -0.582062 7.00179 7.4
    endloop
  endfacet
  facet normal -0.472014 0.881591 0
    outer loop
      vertex -0.643921 6.96867 7.4
      vertex -0.643921 6.96867 9
      vertex -0.582062 7.00179 9
    endloop
  endfacet
  facet normal -0.48963 0.87193 0
    outer loop
      vertex -0.652451 6.96388 7.4
      vertex -0.643921 6.96867 9
      vertex -0.643921 6.96867 7.4
    endloop
  endfacet
  facet normal -0.48963 0.87193 0
    outer loop
      vertex -0.652451 6.96388 7.4
      vertex -0.652451 6.96388 9
      vertex -0.643921 6.96867 9
    endloop
  endfacet
  facet normal -0.505974 0.862549 0
    outer loop
      vertex -0.711929 6.92899 7.4
      vertex -0.652451 6.96388 9
      vertex -0.652451 6.96388 7.4
    endloop
  endfacet
  facet normal -0.505974 0.862549 0
    outer loop
      vertex -0.711929 6.92899 7.4
      vertex -0.711929 6.92899 9
      vertex -0.652451 6.96388 9
    endloop
  endfacet
  facet normal -0.522242 0.852797 0
    outer loop
      vertex -0.720551 6.92371 7.4
      vertex -0.711929 6.92899 9
      vertex -0.711929 6.92899 7.4
    endloop
  endfacet
  facet normal -0.522242 0.852797 0
    outer loop
      vertex -0.720551 6.92371 7.4
      vertex -0.720551 6.92371 9
      vertex -0.711929 6.92899 9
    endloop
  endfacet
  facet normal -0.540592 0.841285 0
    outer loop
      vertex -0.777649 6.88702 7.4
      vertex -0.720551 6.92371 9
      vertex -0.720551 6.92371 7.4
    endloop
  endfacet
  facet normal -0.540592 0.841285 0
    outer loop
      vertex -0.777649 6.88702 7.4
      vertex -0.777649 6.88702 9
      vertex -0.720551 6.92371 9
    endloop
  endfacet
  facet normal -0.558801 0.829302 0
    outer loop
      vertex -0.786316 6.88118 7.4
      vertex -0.777649 6.88702 9
      vertex -0.777649 6.88702 7.4
    endloop
  endfacet
  facet normal -0.558801 0.829302 0
    outer loop
      vertex -0.786316 6.88118 7.4
      vertex -0.786316 6.88118 9
      vertex -0.777649 6.88702 9
    endloop
  endfacet
  facet normal -0.575246 0.81798 0
    outer loop
      vertex -0.841019 6.84271 7.4
      vertex -0.786316 6.88118 9
      vertex -0.786316 6.88118 7.4
    endloop
  endfacet
  facet normal -0.575246 0.81798 0
    outer loop
      vertex -0.841019 6.84271 7.4
      vertex -0.841019 6.84271 9
      vertex -0.786316 6.88118 9
    endloop
  endfacet
  facet normal -0.592516 0.805559 0
    outer loop
      vertex -0.849625 6.83638 7.4
      vertex -0.841019 6.84271 9
      vertex -0.841019 6.84271 7.4
    endloop
  endfacet
  facet normal -0.592516 0.805559 0
    outer loop
      vertex -0.849625 6.83638 7.4
      vertex -0.849625 6.83638 9
      vertex -0.841019 6.84271 9
    endloop
  endfacet
  facet normal -0.609623 0.792692 0
    outer loop
      vertex -0.901962 6.79613 7.4
      vertex -0.849625 6.83638 9
      vertex -0.849625 6.83638 7.4
    endloop
  endfacet
  facet normal -0.609623 0.792692 0
    outer loop
      vertex -0.901962 6.79613 7.4
      vertex -0.901962 6.79613 9
      vertex -0.849625 6.83638 9
    endloop
  endfacet
  facet normal -0.626199 0.779663 0
    outer loop
      vertex -0.910553 6.78923 7.4
      vertex -0.901962 6.79613 9
      vertex -0.901962 6.79613 7.4
    endloop
  endfacet
  facet normal -0.626199 0.779663 0
    outer loop
      vertex -0.910553 6.78923 7.4
      vertex -0.910553 6.78923 9
      vertex -0.901962 6.79613 9
    endloop
  endfacet
  facet normal -0.643989 0.765035 0
    outer loop
      vertex -0.960495 6.74719 7.4
      vertex -0.910553 6.78923 9
      vertex -0.910553 6.78923 7.4
    endloop
  endfacet
  facet normal -0.643989 0.765035 0
    outer loop
      vertex -0.960495 6.74719 7.4
      vertex -0.960495 6.74719 9
      vertex -0.910553 6.78923 9
    endloop
  endfacet
  facet normal -0.661044 0.750347 0
    outer loop
      vertex -0.968872 6.73981 7.4
      vertex -0.960495 6.74719 9
      vertex -0.960495 6.74719 7.4
    endloop
  endfacet
  facet normal -0.661044 0.750347 0
    outer loop
      vertex -0.968872 6.73981 7.4
      vertex -0.968872 6.73981 9
      vertex -0.960495 6.74719 9
    endloop
  endfacet
  facet normal -0.677544 0.735482 0
    outer loop
      vertex -1.01645 6.69598 7.4
      vertex -0.968872 6.73981 9
      vertex -0.968872 6.73981 7.4
    endloop
  endfacet
  facet normal -0.677544 0.735482 0
    outer loop
      vertex -1.01645 6.69598 7.4
      vertex -1.01645 6.69598 9
      vertex -0.968872 6.73981 9
    endloop
  endfacet
  facet normal -0.693474 0.720481 0
    outer loop
      vertex -1.02472 6.68802 7.4
      vertex -1.01645 6.69598 9
      vertex -1.01645 6.69598 7.4
    endloop
  endfacet
  facet normal -0.693474 0.720481 0
    outer loop
      vertex -1.02472 6.68802 7.4
      vertex -1.02472 6.68802 9
      vertex -1.01645 6.69598 9
    endloop
  endfacet
  facet normal -0.710525 0.703672 0
    outer loop
      vertex -1.0699 6.6424 7.4
      vertex -1.02472 6.68802 9
      vertex -1.02472 6.68802 7.4
    endloop
  endfacet
  facet normal -0.710525 0.703672 0
    outer loop
      vertex -1.0699 6.6424 7.4
      vertex -1.0699 6.6424 9
      vertex -1.02472 6.68802 9
    endloop
  endfacet
  facet normal -0.727664 0.685934 0
    outer loop
      vertex -1.07779 6.63403 7.4
      vertex -1.0699 6.6424 9
      vertex -1.0699 6.6424 7.4
    endloop
  endfacet
  facet normal -0.727664 0.685934 0
    outer loop
      vertex -1.07779 6.63403 7.4
      vertex -1.07779 6.63403 9
      vertex -1.0699 6.6424 9
    endloop
  endfacet
  facet normal -0.742133 0.670253 0
    outer loop
      vertex -1.12059 6.58664 7.4
      vertex -1.07779 6.63403 9
      vertex -1.07779 6.63403 7.4
    endloop
  endfacet
  facet normal -0.742133 0.670253 0
    outer loop
      vertex -1.12059 6.58664 7.4
      vertex -1.12059 6.58664 9
      vertex -1.07779 6.63403 9
    endloop
  endfacet
  facet normal -0.756823 0.65362 0
    outer loop
      vertex -1.12819 6.57784 7.4
      vertex -1.12059 6.58664 9
      vertex -1.12059 6.58664 7.4
    endloop
  endfacet
  facet normal -0.756823 0.65362 0
    outer loop
      vertex -1.12819 6.57784 7.4
      vertex -1.12819 6.57784 9
      vertex -1.12059 6.58664 9
    endloop
  endfacet
  facet normal -0.772605 0.634887 0
    outer loop
      vertex -1.16862 6.52864 7.4
      vertex -1.12819 6.57784 9
      vertex -1.12819 6.57784 7.4
    endloop
  endfacet
  facet normal -0.772605 0.634887 0
    outer loop
      vertex -1.16862 6.52864 7.4
      vertex -1.16862 6.52864 9
      vertex -1.12819 6.57784 9
    endloop
  endfacet
  facet normal -0.787325 0.616538 0
    outer loop
      vertex -1.17584 6.51942 7.4
      vertex -1.16862 6.52864 9
      vertex -1.16862 6.52864 7.4
    endloop
  endfacet
  facet normal -0.787325 0.616538 0
    outer loop
      vertex -1.17584 6.51942 7.4
      vertex -1.17584 6.51942 9
      vertex -1.16862 6.52864 9
    endloop
  endfacet
  facet normal -0.801357 0.598187 0
    outer loop
      vertex -1.21388 6.46846 7.4
      vertex -1.17584 6.51942 9
      vertex -1.17584 6.51942 7.4
    endloop
  endfacet
  facet normal -0.801357 0.598187 0
    outer loop
      vertex -1.21388 6.46846 7.4
      vertex -1.21388 6.46846 9
      vertex -1.17584 6.51942 9
    endloop
  endfacet
  facet normal -0.815 0.579461 0
    outer loop
      vertex -1.22067 6.45891 7.4
      vertex -1.21388 6.46846 9
      vertex -1.21388 6.46846 7.4
    endloop
  endfacet
  facet normal -0.815 0.579461 0
    outer loop
      vertex -1.22067 6.45891 7.4
      vertex -1.22067 6.45891 9
      vertex -1.21388 6.46846 9
    endloop
  endfacet
  facet normal -0.828556 0.559907 0
    outer loop
      vertex -1.25633 6.40614 7.4
      vertex -1.22067 6.45891 9
      vertex -1.22067 6.45891 7.4
    endloop
  endfacet
  facet normal -0.828556 0.559907 0
    outer loop
      vertex -1.25633 6.40614 7.4
      vertex -1.25633 6.40614 9
      vertex -1.22067 6.45891 9
    endloop
  endfacet
  facet normal -0.841067 0.540931 0
    outer loop
      vertex -1.26262 6.39636 7.4
      vertex -1.25633 6.40614 9
      vertex -1.25633 6.40614 7.4
    endloop
  endfacet
  facet normal -0.841067 0.540931 0
    outer loop
      vertex -1.26262 6.39636 7.4
      vertex -1.26262 6.39636 9
      vertex -1.25633 6.40614 9
    endloop
  endfacet
  facet normal -0.853672 0.520811 0
    outer loop
      vertex -1.2959 6.34181 7.4
      vertex -1.26262 6.39636 9
      vertex -1.26262 6.39636 7.4
    endloop
  endfacet
  facet normal -0.853672 0.520811 0
    outer loop
      vertex -1.2959 6.34181 7.4
      vertex -1.2959 6.34181 9
      vertex -1.26262 6.39636 9
    endloop
  endfacet
  facet normal -0.865466 0.500968 0
    outer loop
      vertex -1.3017 6.33179 7.4
      vertex -1.2959 6.34181 9
      vertex -1.2959 6.34181 7.4
    endloop
  endfacet
  facet normal -0.865466 0.500968 0
    outer loop
      vertex -1.3017 6.33179 7.4
      vertex -1.3017 6.33179 9
      vertex -1.2959 6.34181 9
    endloop
  endfacet
  facet normal -0.876918 0.48064 0
    outer loop
      vertex -1.33258 6.27545 7.4
      vertex -1.3017 6.33179 9
      vertex -1.3017 6.33179 7.4
    endloop
  endfacet
  facet normal -0.876918 0.48064 0
    outer loop
      vertex -1.33258 6.27545 7.4
      vertex -1.33258 6.27545 9
      vertex -1.3017 6.33179 9
    endloop
  endfacet
  facet normal -0.887434 0.460936 0
    outer loop
      vertex -1.3378 6.2654 7.4
      vertex -1.33258 6.27545 9
      vertex -1.33258 6.27545 7.4
    endloop
  endfacet
  facet normal -0.887434 0.460936 0
    outer loop
      vertex -1.3378 6.2654 7.4
      vertex -1.3378 6.2654 9
      vertex -1.33258 6.27545 9
    endloop
  endfacet
  facet normal -0.897739 0.440528 0
    outer loop
      vertex -1.36632 6.20728 7.4
      vertex -1.3378 6.2654 9
      vertex -1.3378 6.2654 7.4
    endloop
  endfacet
  facet normal -0.897739 0.440528 0
    outer loop
      vertex -1.36632 6.20728 7.4
      vertex -1.36632 6.20728 9
      vertex -1.3378 6.2654 9
    endloop
  endfacet
  facet normal -0.90775 0.419511 0
    outer loop
      vertex -1.37102 6.19711 7.4
      vertex -1.36632 6.20728 9
      vertex -1.36632 6.20728 7.4
    endloop
  endfacet
  facet normal -0.90775 0.419511 0
    outer loop
      vertex -1.37102 6.19711 7.4
      vertex -1.37102 6.19711 9
      vertex -1.36632 6.20728 9
    endloop
  endfacet
  facet normal -0.916578 0.399856 0
    outer loop
      vertex -1.39716 6.13719 7.4
      vertex -1.37102 6.19711 9
      vertex -1.37102 6.19711 7.4
    endloop
  endfacet
  facet normal -0.916578 0.399856 0
    outer loop
      vertex -1.39716 6.13719 7.4
      vertex -1.39716 6.13719 9
      vertex -1.37102 6.19711 9
    endloop
  endfacet
  facet normal -0.924791 0.380475 0
    outer loop
      vertex -1.40134 6.12703 7.4
      vertex -1.39716 6.13719 9
      vertex -1.39716 6.13719 7.4
    endloop
  endfacet
  facet normal -0.924791 0.380475 0
    outer loop
      vertex -1.40134 6.12703 7.4
      vertex -1.40134 6.12703 9
      vertex -1.39716 6.13719 9
    endloop
  endfacet
  facet normal -0.933279 0.359151 0
    outer loop
      vertex -1.42508 6.06534 7.4
      vertex -1.40134 6.12703 9
      vertex -1.40134 6.12703 7.4
    endloop
  endfacet
  facet normal -0.933279 0.359151 0
    outer loop
      vertex -1.42508 6.06534 7.4
      vertex -1.42508 6.06534 9
      vertex -1.40134 6.12703 9
    endloop
  endfacet
  facet normal -0.940935 0.338587 0
    outer loop
      vertex -1.4287 6.05528 7.4
      vertex -1.42508 6.06534 9
      vertex -1.42508 6.06534 7.4
    endloop
  endfacet
  facet normal -0.940935 0.338587 0
    outer loop
      vertex -1.4287 6.05528 7.4
      vertex -1.4287 6.05528 9
      vertex -1.42508 6.06534 9
    endloop
  endfacet
  facet normal -0.947768 0.318959 0
    outer loop
      vertex -1.45006 5.99181 7.4
      vertex -1.4287 6.05528 9
      vertex -1.4287 6.05528 7.4
    endloop
  endfacet
  facet normal -0.947768 0.318959 0
    outer loop
      vertex -1.45006 5.99181 7.4
      vertex -1.45006 5.99181 9
      vertex -1.4287 6.05528 9
    endloop
  endfacet
  facet normal -0.954222 0.299099 0
    outer loop
      vertex -1.45316 5.98192 7.4
      vertex -1.45006 5.99181 9
      vertex -1.45006 5.99181 7.4
    endloop
  endfacet
  facet normal -0.954222 0.299099 0
    outer loop
      vertex -1.45316 5.98192 7.4
      vertex -1.45316 5.98192 9
      vertex -1.45006 5.99181 9
    endloop
  endfacet
  facet normal -0.960197 0.279322 0
    outer loop
      vertex -1.47215 5.91664 7.4
      vertex -1.45316 5.98192 9
      vertex -1.45316 5.98192 7.4
    endloop
  endfacet
  facet normal -0.960197 0.279322 0
    outer loop
      vertex -1.47215 5.91664 7.4
      vertex -1.47215 5.91664 9
      vertex -1.45316 5.98192 9
    endloop
  endfacet
  facet normal -0.965444 0.260611 0
    outer loop
      vertex -1.47479 5.90686 7.4
      vertex -1.47215 5.91664 9
      vertex -1.47215 5.91664 7.4
    endloop
  endfacet
  facet normal -0.965444 0.260611 0
    outer loop
      vertex -1.47479 5.90686 7.4
      vertex -1.47479 5.90686 9
      vertex -1.47215 5.91664 9
    endloop
  endfacet
  facet normal -0.970702 0.240287 0
    outer loop
      vertex -1.49139 5.8398 7.4
      vertex -1.47479 5.90686 9
      vertex -1.47479 5.90686 7.4
    endloop
  endfacet
  facet normal -0.970702 0.240287 0
    outer loop
      vertex -1.49139 5.8398 7.4
      vertex -1.49139 5.8398 9
      vertex -1.47479 5.90686 9
    endloop
  endfacet
  facet normal -0.975062 0.221932 0
    outer loop
      vertex -1.49355 5.83031 7.4
      vertex -1.49139 5.8398 9
      vertex -1.49139 5.8398 7.4
    endloop
  endfacet
  facet normal -0.975062 0.221932 0
    outer loop
      vertex -1.49355 5.83031 7.4
      vertex -1.49355 5.83031 9
      vertex -1.49139 5.8398 9
    endloop
  endfacet
  facet normal -0.979325 0.202295 0
    outer loop
      vertex -1.50777 5.76147 7.4
      vertex -1.49355 5.83031 9
      vertex -1.49355 5.83031 7.4
    endloop
  endfacet
  facet normal -0.979325 0.202295 0
    outer loop
      vertex -1.50777 5.76147 7.4
      vertex -1.50777 5.76147 9
      vertex -1.49355 5.83031 9
    endloop
  endfacet
  facet normal -0.982727 0.185059 0
    outer loop
      vertex -1.50951 5.75223 7.4
      vertex -1.50777 5.76147 9
      vertex -1.50777 5.76147 7.4
    endloop
  endfacet
  facet normal -0.982727 0.185059 0
    outer loop
      vertex -1.50951 5.75223 7.4
      vertex -1.50951 5.75223 9
      vertex -1.50777 5.76147 9
    endloop
  endfacet
  facet normal -0.986243 0.165305 0
    outer loop
      vertex -1.52135 5.68159 7.4
      vertex -1.50951 5.75223 9
      vertex -1.50951 5.75223 7.4
    endloop
  endfacet
  facet normal -0.986243 0.165305 0
    outer loop
      vertex -1.52135 5.68159 7.4
      vertex -1.52135 5.68159 9
      vertex -1.50951 5.75223 9
    endloop
  endfacet
  facet normal -0.895039 -0.445988 0
    outer loop
      vertex -1.39027 5.41853 7.4
      vertex -1.52135 5.68159 9
      vertex -1.52135 5.68159 7.4
    endloop
  endfacet
  facet normal -0.895039 -0.445988 0
    outer loop
      vertex -1.39027 5.41853 7.4
      vertex -1.39027 5.41853 9
      vertex -1.52135 5.68159 9
    endloop
  endfacet
  facet normal -0.132641 -0.991164 0
    outer loop
      vertex -1.22169 5.39597 7.4
      vertex -1.39027 5.41853 9
      vertex -1.39027 5.41853 7.4
    endloop
  endfacet
  facet normal -0.132641 -0.991164 0
    outer loop
      vertex -1.22169 5.39597 7.4
      vertex -1.22169 5.39597 9
      vertex -1.39027 5.41853 9
    endloop
  endfacet
  facet normal 0.212076 -0.977253 0
    outer loop
      vertex -1.17349 5.40643 7.4
      vertex -1.22169 5.39597 9
      vertex -1.22169 5.39597 7.4
    endloop
  endfacet
  facet normal 0.212076 -0.977253 0
    outer loop
      vertex -1.17349 5.40643 7.4
      vertex -1.17349 5.40643 9
      vertex -1.22169 5.39597 9
    endloop
  endfacet
  facet normal 0.210655 -0.977561 0
    outer loop
      vertex -1.12546 5.41678 7.4
      vertex -1.17349 5.40643 9
      vertex -1.17349 5.40643 7.4
    endloop
  endfacet
  facet normal 0.210655 -0.977561 0
    outer loop
      vertex -1.12546 5.41678 7.4
      vertex -1.12546 5.41678 9
      vertex -1.17349 5.40643 9
    endloop
  endfacet
  facet normal 0.208328 -0.978059 0
    outer loop
      vertex -1.07762 5.42697 7.4
      vertex -1.12546 5.41678 9
      vertex -1.12546 5.41678 7.4
    endloop
  endfacet
  facet normal 0.208328 -0.978059 0
    outer loop
      vertex -1.07762 5.42697 7.4
      vertex -1.07762 5.42697 9
      vertex -1.12546 5.41678 9
    endloop
  endfacet
  facet normal 0.206225 -0.978505 0
    outer loop
      vertex -1.02927 5.43716 7.4
      vertex -1.07762 5.42697 9
      vertex -1.07762 5.42697 7.4
    endloop
  endfacet
  facet normal 0.206225 -0.978505 0
    outer loop
      vertex -1.02927 5.43716 7.4
      vertex -1.02927 5.43716 9
      vertex -1.07762 5.42697 9
    endloop
  endfacet
  facet normal 0.203954 -0.97898 0
    outer loop
      vertex -0.982086 5.44699 7.4
      vertex -1.02927 5.43716 9
      vertex -1.02927 5.43716 7.4
    endloop
  endfacet
  facet normal 0.203954 -0.97898 0
    outer loop
      vertex -0.982086 5.44699 7.4
      vertex -0.982086 5.44699 9
      vertex -1.02927 5.43716 9
    endloop
  endfacet
  facet normal 0.201574 -0.979473 0
    outer loop
      vertex -0.934418 5.4568 7.4
      vertex -0.982086 5.44699 9
      vertex -0.982086 5.44699 7.4
    endloop
  endfacet
  facet normal 0.201574 -0.979473 0
    outer loop
      vertex -0.934418 5.4568 7.4
      vertex -0.934418 5.4568 9
      vertex -0.982086 5.44699 9
    endloop
  endfacet
  facet normal 0.200036 -0.979789 0
    outer loop
      vertex -0.886368 5.46661 7.4
      vertex -0.934418 5.4568 9
      vertex -0.934418 5.4568 7.4
    endloop
  endfacet
  facet normal 0.200036 -0.979789 0
    outer loop
      vertex -0.886368 5.46661 7.4
      vertex -0.886368 5.46661 9
      vertex -0.934418 5.4568 9
    endloop
  endfacet
  facet normal 0.197329 -0.980337 0
    outer loop
      vertex -0.839569 5.47603 7.4
      vertex -0.886368 5.46661 9
      vertex -0.886368 5.46661 7.4
    endloop
  endfacet
  facet normal 0.197329 -0.980337 0
    outer loop
      vertex -0.839569 5.47603 7.4
      vertex -0.839569 5.47603 9
      vertex -0.886368 5.46661 9
    endloop
  endfacet
  facet normal 0.195031 -0.980797 0
    outer loop
      vertex -0.792297 5.48543 7.4
      vertex -0.839569 5.47603 9
      vertex -0.839569 5.47603 7.4
    endloop
  endfacet
  facet normal 0.195031 -0.980797 0
    outer loop
      vertex -0.792297 5.48543 7.4
      vertex -0.792297 5.48543 9
      vertex -0.839569 5.47603 9
    endloop
  endfacet
  facet normal 0.192717 -0.981254 0
    outer loop
      vertex -0.744537 5.49481 7.4
      vertex -0.792297 5.48543 9
      vertex -0.792297 5.48543 7.4
    endloop
  endfacet
  facet normal 0.192717 -0.981254 0
    outer loop
      vertex -0.744537 5.49481 7.4
      vertex -0.744537 5.49481 9
      vertex -0.792297 5.48543 9
    endloop
  endfacet
  facet normal 0.190826 -0.981624 0
    outer loop
      vertex -0.697983 5.50386 7.4
      vertex -0.744537 5.49481 9
      vertex -0.744537 5.49481 7.4
    endloop
  endfacet
  facet normal 0.190826 -0.981624 0
    outer loop
      vertex -0.697983 5.50386 7.4
      vertex -0.697983 5.50386 9
      vertex -0.744537 5.49481 9
    endloop
  endfacet
  facet normal 0.188518 -0.98207 0
    outer loop
      vertex -0.650421 5.51299 7.4
      vertex -0.697983 5.50386 9
      vertex -0.697983 5.50386 7.4
    endloop
  endfacet
  facet normal 0.188518 -0.98207 0
    outer loop
      vertex -0.650421 5.51299 7.4
      vertex -0.650421 5.51299 9
      vertex -0.697983 5.50386 9
    endloop
  endfacet
  facet normal 0.186445 -0.982465 0
    outer loop
      vertex -0.60347 5.5219 7.4
      vertex -0.650421 5.51299 9
      vertex -0.650421 5.51299 7.4
    endloop
  endfacet
  facet normal 0.186445 -0.982465 0
    outer loop
      vertex -0.60347 5.5219 7.4
      vertex -0.60347 5.5219 9
      vertex -0.650421 5.51299 9
    endloop
  endfacet
  facet normal 0.183429 -0.983033 0
    outer loop
      vertex -0.55722 5.53053 7.4
      vertex -0.60347 5.5219 9
      vertex -0.60347 5.5219 7.4
    endloop
  endfacet
  facet normal 0.183429 -0.983033 0
    outer loop
      vertex -0.55722 5.53053 7.4
      vertex -0.55722 5.53053 9
      vertex -0.60347 5.5219 9
    endloop
  endfacet
  facet normal 0.182067 -0.983286 0
    outer loop
      vertex -0.509964 5.53928 7.4
      vertex -0.55722 5.53053 9
      vertex -0.55722 5.53053 7.4
    endloop
  endfacet
  facet normal 0.182067 -0.983286 0
    outer loop
      vertex -0.509964 5.53928 7.4
      vertex -0.509964 5.53928 9
      vertex -0.55722 5.53053 9
    endloop
  endfacet
  facet normal 0.179079 -0.983835 0
    outer loop
      vertex -0.463486 5.54774 7.4
      vertex -0.509964 5.53928 9
      vertex -0.509964 5.53928 7.4
    endloop
  endfacet
  facet normal 0.179079 -0.983835 0
    outer loop
      vertex -0.463486 5.54774 7.4
      vertex -0.463486 5.54774 9
      vertex -0.509964 5.53928 9
    endloop
  endfacet
  facet normal 0.177269 -0.984162 0
    outer loop
      vertex -0.416962 5.55612 7.4
      vertex -0.463486 5.54774 9
      vertex -0.463486 5.54774 7.4
    endloop
  endfacet
  facet normal 0.177269 -0.984162 0
    outer loop
      vertex -0.416962 5.55612 7.4
      vertex -0.416962 5.55612 9
      vertex -0.463486 5.54774 9
    endloop
  endfacet
  facet normal 0.174915 -0.984583 0
    outer loop
      vertex -0.370636 5.56435 7.4
      vertex -0.416962 5.55612 9
      vertex -0.416962 5.55612 7.4
    endloop
  endfacet
  facet normal 0.174915 -0.984583 0
    outer loop
      vertex -0.370636 5.56435 7.4
      vertex -0.370636 5.56435 9
      vertex -0.416962 5.55612 9
    endloop
  endfacet
  facet normal 0.171988 -0.985099 0
    outer loop
      vertex -0.324356 5.57243 7.4
      vertex -0.370636 5.56435 9
      vertex -0.370636 5.56435 7.4
    endloop
  endfacet
  facet normal 0.171988 -0.985099 0
    outer loop
      vertex -0.324356 5.57243 7.4
      vertex -0.324356 5.57243 9
      vertex -0.370636 5.56435 9
    endloop
  endfacet
  facet normal 0.170254 -0.9854 0
    outer loop
      vertex -0.278748 5.58031 7.4
      vertex -0.324356 5.57243 9
      vertex -0.324356 5.57243 7.4
    endloop
  endfacet
  facet normal 0.170254 -0.9854 0
    outer loop
      vertex -0.278748 5.58031 7.4
      vertex -0.278748 5.58031 9
      vertex -0.324356 5.57243 9
    endloop
  endfacet
  facet normal 0.167468 -0.985877 0
    outer loop
      vertex -0.232712 5.58813 7.4
      vertex -0.278748 5.58031 9
      vertex -0.278748 5.58031 7.4
    endloop
  endfacet
  facet normal 0.167468 -0.985877 0
    outer loop
      vertex -0.232712 5.58813 7.4
      vertex -0.232712 5.58813 9
      vertex -0.278748 5.58031 9
    endloop
  endfacet
  facet normal 0.16523 -0.986255 0
    outer loop
      vertex -0.186691 5.59584 7.4
      vertex -0.232712 5.58813 9
      vertex -0.232712 5.58813 7.4
    endloop
  endfacet
  facet normal 0.16523 -0.986255 0
    outer loop
      vertex -0.186691 5.59584 7.4
      vertex -0.186691 5.59584 9
      vertex -0.232712 5.58813 9
    endloop
  endfacet
  facet normal 0.163 -0.986626 0
    outer loop
      vertex -0.141052 5.60338 7.4
      vertex -0.186691 5.59584 9
      vertex -0.186691 5.59584 7.4
    endloop
  endfacet
  facet normal 0.163 -0.986626 0
    outer loop
      vertex -0.141052 5.60338 7.4
      vertex -0.141052 5.60338 9
      vertex -0.186691 5.59584 9
    endloop
  endfacet
  facet normal 0.159725 -0.987162 0
    outer loop
      vertex -0.0944519 5.61092 7.4
      vertex -0.141052 5.60338 9
      vertex -0.141052 5.60338 7.4
    endloop
  endfacet
  facet normal 0.159725 -0.987162 0
    outer loop
      vertex -0.0944519 5.61092 7.4
      vertex -0.0944519 5.61092 9
      vertex -0.141052 5.60338 9
    endloop
  endfacet
  facet normal 0.154734 -0.987956 0
    outer loop
      vertex -0.0494385 5.61797 7.4
      vertex -0.0944519 5.61092 9
      vertex -0.0944519 5.61092 7.4
    endloop
  endfacet
  facet normal 0.154734 -0.987956 0
    outer loop
      vertex -0.0494385 5.61797 7.4
      vertex -0.0494385 5.61797 9
      vertex -0.0944519 5.61092 9
    endloop
  endfacet
  facet normal 0.150078 -0.988674 0
    outer loop
      vertex -0.00273132 5.62506 7.4
      vertex -0.0494385 5.61797 9
      vertex -0.0494385 5.61797 7.4
    endloop
  endfacet
  facet normal 0.150078 -0.988674 0
    outer loop
      vertex -0.00273132 5.62506 7.4
      vertex -0.00273132 5.62506 9
      vertex -0.0494385 5.61797 9
    endloop
  endfacet
  facet normal 0.145738 -0.989323 0
    outer loop
      vertex 0.0437012 5.6319 7.4
      vertex -0.00273132 5.62506 9
      vertex -0.00273132 5.62506 7.4
    endloop
  endfacet
  facet normal 0.145738 -0.989323 0
    outer loop
      vertex 0.0437012 5.6319 7.4
      vertex 0.0437012 5.6319 9
      vertex -0.00273132 5.62506 9
    endloop
  endfacet
  facet normal 0.140828 -0.990034 0
    outer loop
      vertex 0.0902405 5.63852 7.4
      vertex 0.0437012 5.6319 9
      vertex 0.0437012 5.6319 7.4
    endloop
  endfacet
  facet normal 0.140828 -0.990034 0
    outer loop
      vertex 0.0902405 5.63852 7.4
      vertex 0.0902405 5.63852 9
      vertex 0.0437012 5.6319 9
    endloop
  endfacet
  facet normal 0.13677 -0.990603 0
    outer loop
      vertex 0.13884 5.64523 7.4
      vertex 0.0902405 5.63852 9
      vertex 0.0902405 5.63852 7.4
    endloop
  endfacet
  facet normal 0.13677 -0.990603 0
    outer loop
      vertex 0.13884 5.64523 7.4
      vertex 0.13884 5.64523 9
      vertex 0.0902405 5.63852 9
    endloop
  endfacet
  facet normal 0.132211 -0.991222 0
    outer loop
      vertex 0.185623 5.65147 7.4
      vertex 0.13884 5.64523 9
      vertex 0.13884 5.64523 7.4
    endloop
  endfacet
  facet normal 0.132211 -0.991222 0
    outer loop
      vertex 0.185623 5.65147 7.4
      vertex 0.185623 5.65147 9
      vertex 0.13884 5.64523 9
    endloop
  endfacet
  facet normal 0.128061 -0.991766 0
    outer loop
      vertex 0.233871 5.6577 7.4
      vertex 0.185623 5.65147 9
      vertex 0.185623 5.65147 7.4
    endloop
  endfacet
  facet normal 0.128061 -0.991766 0
    outer loop
      vertex 0.233871 5.6577 7.4
      vertex 0.233871 5.6577 9
      vertex 0.185623 5.65147 9
    endloop
  endfacet
  facet normal 0.123765 -0.992312 0
    outer loop
      vertex 0.283661 5.66391 7.4
      vertex 0.233871 5.6577 9
      vertex 0.233871 5.6577 7.4
    endloop
  endfacet
  facet normal 0.123765 -0.992312 0
    outer loop
      vertex 0.283661 5.66391 7.4
      vertex 0.283661 5.66391 9
      vertex 0.233871 5.6577 9
    endloop
  endfacet
  facet normal 0.119208 -0.992869 0
    outer loop
      vertex 0.331802 5.66969 7.4
      vertex 0.283661 5.66391 9
      vertex 0.283661 5.66391 7.4
    endloop
  endfacet
  facet normal 0.119208 -0.992869 0
    outer loop
      vertex 0.331802 5.66969 7.4
      vertex 0.331802 5.66969 9
      vertex 0.283661 5.66391 9
    endloop
  endfacet
  facet normal 0.115467 -0.993311 0
    outer loop
      vertex 0.382385 5.67557 7.4
      vertex 0.331802 5.66969 9
      vertex 0.331802 5.66969 7.4
    endloop
  endfacet
  facet normal 0.115467 -0.993311 0
    outer loop
      vertex 0.382385 5.67557 7.4
      vertex 0.382385 5.67557 9
      vertex 0.331802 5.66969 9
    endloop
  endfacet
  facet normal 0.11129 -0.993788 0
    outer loop
      vertex 0.43132 5.68105 7.4
      vertex 0.382385 5.67557 9
      vertex 0.382385 5.67557 7.4
    endloop
  endfacet
  facet normal 0.11129 -0.993788 0
    outer loop
      vertex 0.43132 5.68105 7.4
      vertex 0.43132 5.68105 9
      vertex 0.382385 5.67557 9
    endloop
  endfacet
  facet normal 0.107018 -0.994257 0
    outer loop
      vertex 0.482697 5.68658 7.4
      vertex 0.43132 5.68105 9
      vertex 0.43132 5.68105 7.4
    endloop
  endfacet
  facet normal 0.107018 -0.994257 0
    outer loop
      vertex 0.482697 5.68658 7.4
      vertex 0.482697 5.68658 9
      vertex 0.43132 5.68105 9
    endloop
  endfacet
  facet normal 0.103806 -0.994598 0
    outer loop
      vertex 0.533478 5.69188 7.4
      vertex 0.482697 5.68658 9
      vertex 0.482697 5.68658 7.4
    endloop
  endfacet
  facet normal 0.103806 -0.994598 0
    outer loop
      vertex 0.533478 5.69188 7.4
      vertex 0.533478 5.69188 9
      vertex 0.482697 5.68658 9
    endloop
  endfacet
  facet normal 0.0989901 -0.995088 0
    outer loop
      vertex 0.58374 5.69688 7.4
      vertex 0.533478 5.69188 9
      vertex 0.533478 5.69188 7.4
    endloop
  endfacet
  facet normal 0.0989901 -0.995088 0
    outer loop
      vertex 0.58374 5.69688 7.4
      vertex 0.58374 5.69688 9
      vertex 0.533478 5.69188 9
    endloop
  endfacet
  facet normal 0.095663 -0.995414 0
    outer loop
      vertex 0.635559 5.70186 7.4
      vertex 0.58374 5.69688 9
      vertex 0.58374 5.69688 7.4
    endloop
  endfacet
  facet normal 0.095663 -0.995414 0
    outer loop
      vertex 0.635559 5.70186 7.4
      vertex 0.635559 5.70186 9
      vertex 0.58374 5.69688 9
    endloop
  endfacet
  facet normal 0.0919313 -0.995765 0
    outer loop
      vertex 0.688309 5.70673 7.4
      vertex 0.635559 5.70186 9
      vertex 0.635559 5.70186 7.4
    endloop
  endfacet
  facet normal 0.0919313 -0.995765 0
    outer loop
      vertex 0.688309 5.70673 7.4
      vertex 0.688309 5.70673 9
      vertex 0.635559 5.70186 9
    endloop
  endfacet
  facet normal 0.087869 -0.996132 0
    outer loop
      vertex 0.739777 5.71127 7.4
      vertex 0.688309 5.70673 9
      vertex 0.688309 5.70673 7.4
    endloop
  endfacet
  facet normal 0.087869 -0.996132 0
    outer loop
      vertex 0.739777 5.71127 7.4
      vertex 0.739777 5.71127 9
      vertex 0.688309 5.70673 9
    endloop
  endfacet
  facet normal 0.0843705 -0.996434 0
    outer loop
      vertex 0.792923 5.71577 7.4
      vertex 0.739777 5.71127 9
      vertex 0.739777 5.71127 7.4
    endloop
  endfacet
  facet normal 0.0843705 -0.996434 0
    outer loop
      vertex 0.792923 5.71577 7.4
      vertex 0.792923 5.71577 9
      vertex 0.739777 5.71127 9
    endloop
  endfacet
  facet normal 0.0808884 -0.996723 0
    outer loop
      vertex 0.846771 5.72014 7.4
      vertex 0.792923 5.71577 9
      vertex 0.792923 5.71577 7.4
    endloop
  endfacet
  facet normal 0.0808884 -0.996723 0
    outer loop
      vertex 0.846771 5.72014 7.4
      vertex 0.846771 5.72014 9
      vertex 0.792923 5.71577 9
    endloop
  endfacet
  facet normal 0.0768402 -0.997043 0
    outer loop
      vertex 0.90036 5.72427 7.4
      vertex 0.846771 5.72014 9
      vertex 0.846771 5.72014 7.4
    endloop
  endfacet
  facet normal 0.0768402 -0.997043 0
    outer loop
      vertex 0.90036 5.72427 7.4
      vertex 0.90036 5.72427 9
      vertex 0.846771 5.72014 9
    endloop
  endfacet
  facet normal 0.0736604 -0.997283 0
    outer loop
      vertex 0.953568 5.7282 7.4
      vertex 0.90036 5.72427 9
      vertex 0.90036 5.72427 7.4
    endloop
  endfacet
  facet normal 0.0736604 -0.997283 0
    outer loop
      vertex 0.953568 5.7282 7.4
      vertex 0.953568 5.7282 9
      vertex 0.90036 5.72427 9
    endloop
  endfacet
  facet normal 0.0698302 -0.997559 0
    outer loop
      vertex 1.00871 5.73206 7.4
      vertex 0.953568 5.7282 9
      vertex 0.953568 5.7282 7.4
    endloop
  endfacet
  facet normal 0.0698302 -0.997559 0
    outer loop
      vertex 1.00871 5.73206 7.4
      vertex 1.00871 5.73206 9
      vertex 0.953568 5.7282 9
    endloop
  endfacet
  facet normal 0.067208 -0.997739 0
    outer loop
      vertex 1.06349 5.73575 7.4
      vertex 1.00871 5.73206 9
      vertex 1.00871 5.73206 7.4
    endloop
  endfacet
  facet normal 0.067208 -0.997739 0
    outer loop
      vertex 1.06349 5.73575 7.4
      vertex 1.06349 5.73575 9
      vertex 1.00871 5.73206 9
    endloop
  endfacet
  facet normal 0.0643079 -0.99793 0
    outer loop
      vertex 1.11951 5.73936 7.4
      vertex 1.06349 5.73575 9
      vertex 1.06349 5.73575 7.4
    endloop
  endfacet
  facet normal 0.0643079 -0.99793 0
    outer loop
      vertex 1.11951 5.73936 7.4
      vertex 1.11951 5.73936 9
      vertex 1.06349 5.73575 9
    endloop
  endfacet
  facet normal 0.0618483 -0.998086 0
    outer loop
      vertex 1.17696 5.74292 7.4
      vertex 1.11951 5.73936 9
      vertex 1.11951 5.73936 7.4
    endloop
  endfacet
  facet normal 0.0618483 -0.998086 0
    outer loop
      vertex 1.17696 5.74292 7.4
      vertex 1.17696 5.74292 9
      vertex 1.11951 5.73936 9
    endloop
  endfacet
  facet normal 0.059433 -0.998232 0
    outer loop
      vertex 1.23457 5.74635 7.4
      vertex 1.17696 5.74292 9
      vertex 1.17696 5.74292 7.4
    endloop
  endfacet
  facet normal 0.059433 -0.998232 0
    outer loop
      vertex 1.23457 5.74635 7.4
      vertex 1.23457 5.74635 9
      vertex 1.17696 5.74292 9
    endloop
  endfacet
  facet normal 0.0570399 -0.998372 0
    outer loop
      vertex 1.29233 5.74965 7.4
      vertex 1.23457 5.74635 9
      vertex 1.23457 5.74635 7.4
    endloop
  endfacet
  facet normal 0.0570399 -0.998372 0
    outer loop
      vertex 1.29233 5.74965 7.4
      vertex 1.29233 5.74965 9
      vertex 1.23457 5.74635 9
    endloop
  endfacet
  facet normal 0.0544887 -0.998514 0
    outer loop
      vertex 1.35207 5.75291 7.4
      vertex 1.29233 5.74965 9
      vertex 1.29233 5.74965 7.4
    endloop
  endfacet
  facet normal 0.0544887 -0.998514 0
    outer loop
      vertex 1.35207 5.75291 7.4
      vertex 1.35207 5.75291 9
      vertex 1.29233 5.74965 9
    endloop
  endfacet
  facet normal 0.0523563 -0.998628 0
    outer loop
      vertex 1.41158 5.75603 7.4
      vertex 1.35207 5.75291 9
      vertex 1.35207 5.75291 7.4
    endloop
  endfacet
  facet normal 0.0523563 -0.998628 0
    outer loop
      vertex 1.41158 5.75603 7.4
      vertex 1.41158 5.75603 9
      vertex 1.35207 5.75291 9
    endloop
  endfacet
  facet normal 0.0495866 -0.99877 0
    outer loop
      vertex 1.47261 5.75906 7.4
      vertex 1.41158 5.75603 9
      vertex 1.41158 5.75603 7.4
    endloop
  endfacet
  facet normal 0.0495866 -0.99877 0
    outer loop
      vertex 1.47261 5.75906 7.4
      vertex 1.47261 5.75906 9
      vertex 1.41158 5.75603 9
    endloop
  endfacet
  facet normal 0.0480325 -0.998846 0
    outer loop
      vertex 1.53354 5.76199 7.4
      vertex 1.47261 5.75906 9
      vertex 1.47261 5.75906 7.4
    endloop
  endfacet
  facet normal 0.0480325 -0.998846 0
    outer loop
      vertex 1.53354 5.76199 7.4
      vertex 1.53354 5.76199 9
      vertex 1.47261 5.75906 9
    endloop
  endfacet
  facet normal 0.0454004 -0.998969 0
    outer loop
      vertex 1.59581 5.76482 7.4
      vertex 1.53354 5.76199 9
      vertex 1.53354 5.76199 7.4
    endloop
  endfacet
  facet normal 0.0454004 -0.998969 0
    outer loop
      vertex 1.59581 5.76482 7.4
      vertex 1.59581 5.76482 9
      vertex 1.53354 5.76199 9
    endloop
  endfacet
  facet normal 0.0433963 -0.999058 0
    outer loop
      vertex 1.65935 5.76758 7.4
      vertex 1.59581 5.76482 9
      vertex 1.59581 5.76482 7.4
    endloop
  endfacet
  facet normal 0.0433963 -0.999058 0
    outer loop
      vertex 1.65935 5.76758 7.4
      vertex 1.65935 5.76758 9
      vertex 1.59581 5.76482 9
    endloop
  endfacet
  facet normal 0.0414938 -0.999139 0
    outer loop
      vertex 1.72316 5.77023 7.4
      vertex 1.65935 5.76758 9
      vertex 1.65935 5.76758 7.4
    endloop
  endfacet
  facet normal 0.0414938 -0.999139 0
    outer loop
      vertex 1.72316 5.77023 7.4
      vertex 1.72316 5.77023 9
      vertex 1.65935 5.76758 9
    endloop
  endfacet
  facet normal 0.0393445 -0.999226 0
    outer loop
      vertex 1.78716 5.77275 7.4
      vertex 1.72316 5.77023 9
      vertex 1.72316 5.77023 7.4
    endloop
  endfacet
  facet normal 0.0393445 -0.999226 0
    outer loop
      vertex 1.78716 5.77275 7.4
      vertex 1.78716 5.77275 9
      vertex 1.72316 5.77023 9
    endloop
  endfacet
  facet normal 0.0373542 -0.999302 0
    outer loop
      vertex 1.85297 5.77521 7.4
      vertex 1.78716 5.77275 9
      vertex 1.78716 5.77275 7.4
    endloop
  endfacet
  facet normal 0.0373542 -0.999302 0
    outer loop
      vertex 1.85297 5.77521 7.4
      vertex 1.85297 5.77521 9
      vertex 1.78716 5.77275 9
    endloop
  endfacet
  facet normal 0.0355136 -0.999369 0
    outer loop
      vertex 1.9191 5.77756 7.4
      vertex 1.85297 5.77521 9
      vertex 1.85297 5.77521 7.4
    endloop
  endfacet
  facet normal 0.0355136 -0.999369 0
    outer loop
      vertex 1.9191 5.77756 7.4
      vertex 1.9191 5.77756 9
      vertex 1.85297 5.77521 9
    endloop
  endfacet
  facet normal 0.0335654 -0.999437 0
    outer loop
      vertex 1.9855 5.77979 7.4
      vertex 1.9191 5.77756 9
      vertex 1.9191 5.77756 7.4
    endloop
  endfacet
  facet normal 0.0335654 -0.999437 0
    outer loop
      vertex 1.9855 5.77979 7.4
      vertex 1.9855 5.77979 9
      vertex 1.9191 5.77756 9
    endloop
  endfacet
  facet normal 0.0317793 -0.999495 0
    outer loop
      vertex 2.05312 5.78194 7.4
      vertex 1.9855 5.77979 9
      vertex 1.9855 5.77979 7.4
    endloop
  endfacet
  facet normal 0.0317793 -0.999495 0
    outer loop
      vertex 2.05312 5.78194 7.4
      vertex 2.05312 5.78194 9
      vertex 1.9855 5.77979 9
    endloop
  endfacet
  facet normal 0.0300474 -0.999548 0
    outer loop
      vertex 2.12198 5.78401 7.4
      vertex 2.05312 5.78194 9
      vertex 2.05312 5.78194 7.4
    endloop
  endfacet
  facet normal 0.0300474 -0.999548 0
    outer loop
      vertex 2.12198 5.78401 7.4
      vertex 2.12198 5.78401 9
      vertex 2.05312 5.78194 9
    endloop
  endfacet
  facet normal 0.0282866 -0.9996 0
    outer loop
      vertex 2.17004 5.78537 7.4
      vertex 2.12198 5.78401 9
      vertex 2.12198 5.78401 7.4
    endloop
  endfacet
  facet normal 0.0282866 -0.9996 0
    outer loop
      vertex 2.17004 5.78537 7.4
      vertex 2.17004 5.78537 9
      vertex 2.12198 5.78401 9
    endloop
  endfacet
  facet normal -0.983679 0.179934 0
    outer loop
      vertex 2.16687 5.76804 7.4
      vertex 2.17004 5.78537 9
      vertex 2.17004 5.78537 7.4
    endloop
  endfacet
  facet normal -0.983679 0.179934 0
    outer loop
      vertex 2.16687 5.76804 7.4
      vertex 2.16687 5.76804 9
      vertex 2.17004 5.78537 9
    endloop
  endfacet
  facet normal -0.983353 0.181706 0
    outer loop
      vertex 2.15446 5.70088 7.4
      vertex 2.16687 5.76804 9
      vertex 2.16687 5.76804 7.4
    endloop
  endfacet
  facet normal -0.983353 0.181706 0
    outer loop
      vertex 2.15446 5.70088 7.4
      vertex 2.15446 5.70088 9
      vertex 2.16687 5.76804 9
    endloop
  endfacet
  facet normal -0.983146 0.182824 0
    outer loop
      vertex 2.14172 5.63237 7.4
      vertex 2.15446 5.70088 9
      vertex 2.15446 5.70088 7.4
    endloop
  endfacet
  facet normal -0.983146 0.182824 0
    outer loop
      vertex 2.14172 5.63237 7.4
      vertex 2.14172 5.63237 9
      vertex 2.15446 5.70088 9
    endloop
  endfacet
  facet normal -0.982904 0.184118 0
    outer loop
      vertex 2.12866 5.56265 7.4
      vertex 2.14172 5.63237 9
      vertex 2.14172 5.63237 7.4
    endloop
  endfacet
  facet normal -0.982904 0.184118 0
    outer loop
      vertex 2.12866 5.56265 7.4
      vertex 2.12866 5.56265 9
      vertex 2.14172 5.63237 9
    endloop
  endfacet
  facet normal -0.98259 0.185787 0
    outer loop
      vertex 2.11526 5.49178 7.4
      vertex 2.12866 5.56265 9
      vertex 2.12866 5.56265 7.4
    endloop
  endfacet
  facet normal -0.98259 0.185787 0
    outer loop
      vertex 2.11526 5.49178 7.4
      vertex 2.11526 5.49178 9
      vertex 2.12866 5.56265 9
    endloop
  endfacet
  facet normal -0.98239 0.186843 0
    outer loop
      vertex 2.10153 5.41959 7.4
      vertex 2.11526 5.49178 9
      vertex 2.11526 5.49178 7.4
    endloop
  endfacet
  facet normal -0.98239 0.186843 0
    outer loop
      vertex 2.10153 5.41959 7.4
      vertex 2.10153 5.41959 9
      vertex 2.11526 5.49178 9
    endloop
  endfacet
  facet normal -0.982138 0.188163 0
    outer loop
      vertex 2.08746 5.34615 7.4
      vertex 2.10153 5.41959 9
      vertex 2.10153 5.41959 7.4
    endloop
  endfacet
  facet normal -0.982138 0.188163 0
    outer loop
      vertex 2.08746 5.34615 7.4
      vertex 2.08746 5.34615 9
      vertex 2.10153 5.41959 9
    endloop
  endfacet
  facet normal -0.981885 0.189477 0
    outer loop
      vertex 2.07307 5.27158 7.4
      vertex 2.08746 5.34615 9
      vertex 2.08746 5.34615 7.4
    endloop
  endfacet
  facet normal -0.981885 0.189477 0
    outer loop
      vertex 2.07307 5.27158 7.4
      vertex 2.07307 5.27158 9
      vertex 2.08746 5.34615 9
    endloop
  endfacet
  facet normal -0.981669 0.190593 0
    outer loop
      vertex 2.05833 5.19566 7.4
      vertex 2.07307 5.27158 9
      vertex 2.07307 5.27158 7.4
    endloop
  endfacet
  facet normal -0.981669 0.190593 0
    outer loop
      vertex 2.05833 5.19566 7.4
      vertex 2.05833 5.19566 9
      vertex 2.07307 5.27158 9
    endloop
  endfacet
  facet normal -0.981443 0.191756 0
    outer loop
      vertex 2.04327 5.11858 7.4
      vertex 2.05833 5.19566 9
      vertex 2.05833 5.19566 7.4
    endloop
  endfacet
  facet normal -0.981443 0.191756 0
    outer loop
      vertex 2.04327 5.11858 7.4
      vertex 2.04327 5.11858 9
      vertex 2.05833 5.19566 9
    endloop
  endfacet
  facet normal -0.98124 0.192791 0
    outer loop
      vertex 2.02788 5.04025 7.4
      vertex 2.04327 5.11858 9
      vertex 2.04327 5.11858 7.4
    endloop
  endfacet
  facet normal -0.98124 0.192791 0
    outer loop
      vertex 2.02788 5.04025 7.4
      vertex 2.02788 5.04025 9
      vertex 2.04327 5.11858 9
    endloop
  endfacet
  facet normal -0.980997 0.194023 0
    outer loop
      vertex 2.01219 4.96092 7.4
      vertex 2.02788 5.04025 9
      vertex 2.02788 5.04025 7.4
    endloop
  endfacet
  facet normal -0.980997 0.194023 0
    outer loop
      vertex 2.01219 4.96092 7.4
      vertex 2.01219 4.96092 9
      vertex 2.02788 5.04025 9
    endloop
  endfacet
  facet normal -0.980813 0.194952 0
    outer loop
      vertex 1.99608 4.87987 7.4
      vertex 2.01219 4.96092 9
      vertex 2.01219 4.96092 7.4
    endloop
  endfacet
  facet normal -0.980813 0.194952 0
    outer loop
      vertex 1.99608 4.87987 7.4
      vertex 1.99608 4.87987 9
      vertex 2.01219 4.96092 9
    endloop
  endfacet
  facet normal -0.98064 0.195817 0
    outer loop
      vertex 1.97969 4.79779 7.4
      vertex 1.99608 4.87987 9
      vertex 1.99608 4.87987 7.4
    endloop
  endfacet
  facet normal -0.98064 0.195817 0
    outer loop
      vertex 1.97969 4.79779 7.4
      vertex 1.97969 4.79779 9
      vertex 1.99608 4.87987 9
    endloop
  endfacet
  facet normal -0.980408 0.196977 0
    outer loop
      vertex 1.96297 4.71457 7.4
      vertex 1.97969 4.79779 9
      vertex 1.97969 4.79779 7.4
    endloop
  endfacet
  facet normal -0.980408 0.196977 0
    outer loop
      vertex 1.96297 4.71457 7.4
      vertex 1.96297 4.71457 9
      vertex 1.97969 4.79779 9
    endloop
  endfacet
  facet normal -0.980231 0.197855 0
    outer loop
      vertex 1.94591 4.63005 7.4
      vertex 1.96297 4.71457 9
      vertex 1.96297 4.71457 7.4
    endloop
  endfacet
  facet normal -0.980231 0.197855 0
    outer loop
      vertex 1.94591 4.63005 7.4
      vertex 1.94591 4.63005 9
      vertex 1.96297 4.71457 9
    endloop
  endfacet
  facet normal -0.980058 0.19871 0
    outer loop
      vertex 1.92853 4.54433 7.4
      vertex 1.94591 4.63005 9
      vertex 1.94591 4.63005 7.4
    endloop
  endfacet
  facet normal -0.980058 0.19871 0
    outer loop
      vertex 1.92853 4.54433 7.4
      vertex 1.92853 4.54433 9
      vertex 1.94591 4.63005 9
    endloop
  endfacet
  facet normal -0.979864 0.199667 0
    outer loop
      vertex 1.9108 4.45732 7.4
      vertex 1.92853 4.54433 9
      vertex 1.92853 4.54433 7.4
    endloop
  endfacet
  facet normal -0.979864 0.199667 0
    outer loop
      vertex 1.9108 4.45732 7.4
      vertex 1.9108 4.45732 9
      vertex 1.92853 4.54433 9
    endloop
  endfacet
  facet normal -0.979677 0.20058 0
    outer loop
      vertex 1.89275 4.36916 7.4
      vertex 1.9108 4.45732 9
      vertex 1.9108 4.45732 7.4
    endloop
  endfacet
  facet normal -0.979677 0.20058 0
    outer loop
      vertex 1.89275 4.36916 7.4
      vertex 1.89275 4.36916 9
      vertex 1.9108 4.45732 9
    endloop
  endfacet
  facet normal -0.979553 0.201185 0
    outer loop
      vertex 1.87444 4.28001 7.4
      vertex 1.89275 4.36916 9
      vertex 1.89275 4.36916 7.4
    endloop
  endfacet
  facet normal -0.979553 0.201185 0
    outer loop
      vertex 1.87444 4.28001 7.4
      vertex 1.87444 4.28001 9
      vertex 1.89275 4.36916 9
    endloop
  endfacet
  facet normal -0.979363 0.202111 0
    outer loop
      vertex 1.85591 4.19022 7.4
      vertex 1.87444 4.28001 9
      vertex 1.87444 4.28001 7.4
    endloop
  endfacet
  facet normal -0.979363 0.202111 0
    outer loop
      vertex 1.85591 4.19022 7.4
      vertex 1.85591 4.19022 9
      vertex 1.87444 4.28001 9
    endloop
  endfacet
  facet normal -0.979238 0.202713 0
    outer loop
      vertex 1.83719 4.09979 7.4
      vertex 1.85591 4.19022 9
      vertex 1.85591 4.19022 7.4
    endloop
  endfacet
  facet normal -0.979238 0.202713 0
    outer loop
      vertex 1.83719 4.09979 7.4
      vertex 1.83719 4.09979 9
      vertex 1.85591 4.19022 9
    endloop
  endfacet
  facet normal -0.979097 0.203392 0
    outer loop
      vertex 1.81828 4.00876 7.4
      vertex 1.83719 4.09979 9
      vertex 1.83719 4.09979 7.4
    endloop
  endfacet
  facet normal -0.979097 0.203392 0
    outer loop
      vertex 1.81828 4.00876 7.4
      vertex 1.81828 4.00876 9
      vertex 1.83719 4.09979 9
    endloop
  endfacet
  facet normal -0.978938 0.204159 0
    outer loop
      vertex 1.79916 3.91708 7.4
      vertex 1.81828 4.00876 9
      vertex 1.81828 4.00876 7.4
    endloop
  endfacet
  facet normal -0.978938 0.204159 0
    outer loop
      vertex 1.79916 3.91708 7.4
      vertex 1.79916 3.91708 9
      vertex 1.81828 4.00876 9
    endloop
  endfacet
  facet normal -0.978835 0.204653 0
    outer loop
      vertex 1.77986 3.82477 7.4
      vertex 1.79916 3.91708 9
      vertex 1.79916 3.91708 7.4
    endloop
  endfacet
  facet normal -0.978835 0.204653 0
    outer loop
      vertex 1.77986 3.82477 7.4
      vertex 1.77986 3.82477 9
      vertex 1.79916 3.91708 9
    endloop
  endfacet
  facet normal -0.978669 0.205443 0
    outer loop
      vertex 1.76035 3.73183 7.4
      vertex 1.77986 3.82477 9
      vertex 1.77986 3.82477 7.4
    endloop
  endfacet
  facet normal -0.978669 0.205443 0
    outer loop
      vertex 1.76035 3.73183 7.4
      vertex 1.76035 3.73183 9
      vertex 1.77986 3.82477 9
    endloop
  endfacet
  facet normal -0.978505 0.206221 0
    outer loop
      vertex 1.74063 3.63826 7.4
      vertex 1.76035 3.73183 9
      vertex 1.76035 3.73183 7.4
    endloop
  endfacet
  facet normal -0.978505 0.206221 0
    outer loop
      vertex 1.74063 3.63826 7.4
      vertex 1.74063 3.63826 9
      vertex 1.76035 3.73183 9
    endloop
  endfacet
  facet normal -0.978377 0.206828 0
    outer loop
      vertex 1.72075 3.54422 7.4
      vertex 1.74063 3.63826 9
      vertex 1.74063 3.63826 7.4
    endloop
  endfacet
  facet normal -0.978377 0.206828 0
    outer loop
      vertex 1.72075 3.54422 7.4
      vertex 1.72075 3.54422 9
      vertex 1.74063 3.63826 9
    endloop
  endfacet
  facet normal -0.978254 0.207412 0
    outer loop
      vertex 1.70061 3.44923 7.4
      vertex 1.72075 3.54422 9
      vertex 1.72075 3.54422 7.4
    endloop
  endfacet
  facet normal -0.978254 0.207412 0
    outer loop
      vertex 1.70061 3.44923 7.4
      vertex 1.70061 3.44923 9
      vertex 1.72075 3.54422 9
    endloop
  endfacet
  facet normal -0.978098 0.208143 0
    outer loop
      vertex 1.6803 3.35379 7.4
      vertex 1.70061 3.44923 9
      vertex 1.70061 3.44923 7.4
    endloop
  endfacet
  facet normal -0.978098 0.208143 0
    outer loop
      vertex 1.6803 3.35379 7.4
      vertex 1.6803 3.35379 9
      vertex 1.70061 3.44923 9
    endloop
  endfacet
  facet normal -0.977988 0.208661 0
    outer loop
      vertex 1.65979 3.25766 7.4
      vertex 1.6803 3.35379 9
      vertex 1.6803 3.35379 7.4
    endloop
  endfacet
  facet normal -0.977988 0.208661 0
    outer loop
      vertex 1.65979 3.25766 7.4
      vertex 1.65979 3.25766 9
      vertex 1.6803 3.35379 9
    endloop
  endfacet
  facet normal -0.977844 0.209336 0
    outer loop
      vertex 1.63908 3.16092 7.4
      vertex 1.65979 3.25766 9
      vertex 1.65979 3.25766 7.4
    endloop
  endfacet
  facet normal -0.977844 0.209336 0
    outer loop
      vertex 1.63908 3.16092 7.4
      vertex 1.63908 3.16092 9
      vertex 1.65979 3.25766 9
    endloop
  endfacet
  facet normal -0.977637 0.210301 0
    outer loop
      vertex 1.59706 2.96558 7.4
      vertex 1.63908 3.16092 9
      vertex 1.63908 3.16092 7.4
    endloop
  endfacet
  facet normal -0.977637 0.210301 0
    outer loop
      vertex 1.59706 2.96558 7.4
      vertex 1.59706 2.96558 9
      vertex 1.63908 3.16092 9
    endloop
  endfacet
  facet normal -0.977394 0.211425 0
    outer loop
      vertex 1.55426 2.76772 7.4
      vertex 1.59706 2.96558 9
      vertex 1.59706 2.96558 7.4
    endloop
  endfacet
  facet normal -0.977394 0.211425 0
    outer loop
      vertex 1.55426 2.76772 7.4
      vertex 1.55426 2.76772 9
      vertex 1.59706 2.96558 9
    endloop
  endfacet
  facet normal -0.977174 0.212442 0
    outer loop
      vertex 1.53255 2.66786 7.4
      vertex 1.55426 2.76772 9
      vertex 1.55426 2.76772 7.4
    endloop
  endfacet
  facet normal -0.977174 0.212442 0
    outer loop
      vertex 1.53255 2.66786 7.4
      vertex 1.53255 2.66786 9
      vertex 1.55426 2.76772 9
    endloop
  endfacet
  facet normal -0.97701 0.213196 0
    outer loop
      vertex 1.48853 2.46613 7.4
      vertex 1.53255 2.66786 9
      vertex 1.53255 2.66786 7.4
    endloop
  endfacet
  facet normal -0.97701 0.213196 0
    outer loop
      vertex 1.48853 2.46613 7.4
      vertex 1.48853 2.46613 9
      vertex 1.53255 2.66786 9
    endloop
  endfacet
  facet normal -0.976789 0.214204 0
    outer loop
      vertex 1.46623 2.36444 7.4
      vertex 1.48853 2.46613 9
      vertex 1.48853 2.46613 7.4
    endloop
  endfacet
  facet normal -0.976789 0.214204 0
    outer loop
      vertex 1.46623 2.36444 7.4
      vertex 1.46623 2.36444 9
      vertex 1.48853 2.46613 9
    endloop
  endfacet
  facet normal -0.9767 0.214607 0
    outer loop
      vertex 1.44373 2.26204 7.4
      vertex 1.46623 2.36444 9
      vertex 1.46623 2.36444 7.4
    endloop
  endfacet
  facet normal -0.9767 0.214607 0
    outer loop
      vertex 1.44373 2.26204 7.4
      vertex 1.44373 2.26204 9
      vertex 1.46623 2.36444 9
    endloop
  endfacet
  facet normal -0.976562 0.215234 0
    outer loop
      vertex 1.42102 2.159 7.4
      vertex 1.44373 2.26204 9
      vertex 1.44373 2.26204 7.4
    endloop
  endfacet
  facet normal -0.976562 0.215234 0
    outer loop
      vertex 1.42102 2.159 7.4
      vertex 1.42102 2.159 9
      vertex 1.44373 2.26204 9
    endloop
  endfacet
  facet normal -0.976405 0.215949 0
    outer loop
      vertex 1.39818 2.05573 7.4
      vertex 1.42102 2.159 9
      vertex 1.42102 2.159 7.4
    endloop
  endfacet
  facet normal -0.976405 0.215949 0
    outer loop
      vertex 1.39818 2.05573 7.4
      vertex 1.39818 2.05573 9
      vertex 1.42102 2.159 9
    endloop
  endfacet
  facet normal -0.9761 0.217321 0
    outer loop
      vertex 1.37521 1.95256 7.4
      vertex 1.39818 2.05573 9
      vertex 1.39818 2.05573 7.4
    endloop
  endfacet
  facet normal -0.9761 0.217321 0
    outer loop
      vertex 1.37521 1.95256 7.4
      vertex 1.37521 1.95256 9
      vertex 1.39818 2.05573 9
    endloop
  endfacet
  facet normal -0.975888 0.218272 0
    outer loop
      vertex 1.35213 1.84937 7.4
      vertex 1.37521 1.95256 9
      vertex 1.37521 1.95256 7.4
    endloop
  endfacet
  facet normal -0.975888 0.218272 0
    outer loop
      vertex 1.35213 1.84937 7.4
      vertex 1.35213 1.84937 9
      vertex 1.37521 1.95256 9
    endloop
  endfacet
  facet normal -0.975606 0.21953 0
    outer loop
      vertex 1.32898 1.74649 7.4
      vertex 1.35213 1.84937 9
      vertex 1.35213 1.84937 7.4
    endloop
  endfacet
  facet normal -0.975606 0.21953 0
    outer loop
      vertex 1.32898 1.74649 7.4
      vertex 1.32898 1.74649 9
      vertex 1.35213 1.84937 9
    endloop
  endfacet
  facet normal -0.975328 0.220761 0
    outer loop
      vertex 1.30556 1.64302 7.4
      vertex 1.32898 1.74649 9
      vertex 1.32898 1.74649 7.4
    endloop
  endfacet
  facet normal -0.975328 0.220761 0
    outer loop
      vertex 1.30556 1.64302 7.4
      vertex 1.30556 1.64302 9
      vertex 1.32898 1.74649 9
    endloop
  endfacet
  facet normal -0.975065 0.221919 0
    outer loop
      vertex 1.28207 1.53981 7.4
      vertex 1.30556 1.64302 9
      vertex 1.30556 1.64302 7.4
    endloop
  endfacet
  facet normal -0.975065 0.221919 0
    outer loop
      vertex 1.28207 1.53981 7.4
      vertex 1.28207 1.53981 9
      vertex 1.30556 1.64302 9
    endloop
  endfacet
  facet normal -0.974816 0.22301 0
    outer loop
      vertex 1.25847 1.43665 7.4
      vertex 1.28207 1.53981 9
      vertex 1.28207 1.53981 7.4
    endloop
  endfacet
  facet normal -0.974816 0.22301 0
    outer loop
      vertex 1.25847 1.43665 7.4
      vertex 1.25847 1.43665 9
      vertex 1.28207 1.53981 9
    endloop
  endfacet
  facet normal -0.974509 0.224347 0
    outer loop
      vertex 1.23479 1.33379 7.4
      vertex 1.25847 1.43665 9
      vertex 1.25847 1.43665 7.4
    endloop
  endfacet
  facet normal -0.974509 0.224347 0
    outer loop
      vertex 1.23479 1.33379 7.4
      vertex 1.23479 1.33379 9
      vertex 1.25847 1.43665 9
    endloop
  endfacet
  facet normal -0.974231 0.225554 0
    outer loop
      vertex 1.21083 1.2303 7.4
      vertex 1.23479 1.33379 9
      vertex 1.23479 1.33379 7.4
    endloop
  endfacet
  facet normal -0.974231 0.225554 0
    outer loop
      vertex 1.21083 1.2303 7.4
      vertex 1.21083 1.2303 9
      vertex 1.23479 1.33379 9
    endloop
  endfacet
  facet normal -0.973962 0.226713 0
    outer loop
      vertex 1.18681 1.12711 7.4
      vertex 1.21083 1.2303 9
      vertex 1.21083 1.2303 7.4
    endloop
  endfacet
  facet normal -0.973962 0.226713 0
    outer loop
      vertex 1.18681 1.12711 7.4
      vertex 1.18681 1.12711 9
      vertex 1.21083 1.2303 9
    endloop
  endfacet
  facet normal -0.973706 0.227808 0
    outer loop
      vertex 1.16267 1.02393 7.4
      vertex 1.18681 1.12711 9
      vertex 1.18681 1.12711 7.4
    endloop
  endfacet
  facet normal -0.973706 0.227808 0
    outer loop
      vertex 1.16267 1.02393 7.4
      vertex 1.16267 1.02393 9
      vertex 1.18681 1.12711 9
    endloop
  endfacet
  facet normal -0.973451 0.228897 0
    outer loop
      vertex 1.1384 0.920715 7.4
      vertex 1.16267 1.02393 9
      vertex 1.16267 1.02393 7.4
    endloop
  endfacet
  facet normal -0.973451 0.228897 0
    outer loop
      vertex 1.1384 0.920715 7.4
      vertex 1.1384 0.920715 9
      vertex 1.16267 1.02393 9
    endloop
  endfacet
  facet normal -0.973151 0.230166 0
    outer loop
      vertex 1.114 0.817551 7.4
      vertex 1.1384 0.920715 9
      vertex 1.1384 0.920715 7.4
    endloop
  endfacet
  facet normal -0.973151 0.230166 0
    outer loop
      vertex 1.114 0.817551 7.4
      vertex 1.114 0.817551 9
      vertex 1.1384 0.920715 9
    endloop
  endfacet
  facet normal -0.972836 0.231495 0
    outer loop
      vertex 1.08952 0.714676 7.4
      vertex 1.114 0.817551 9
      vertex 1.114 0.817551 7.4
    endloop
  endfacet
  facet normal -0.972836 0.231495 0
    outer loop
      vertex 1.08952 0.714676 7.4
      vertex 1.08952 0.714676 9
      vertex 1.114 0.817551 9
    endloop
  endfacet
  facet normal -0.972614 0.232427 0
    outer loop
      vertex 1.06479 0.611191 7.4
      vertex 1.08952 0.714676 9
      vertex 1.08952 0.714676 7.4
    endloop
  endfacet
  facet normal -0.972614 0.232427 0
    outer loop
      vertex 1.06479 0.611191 7.4
      vertex 1.06479 0.611191 9
      vertex 1.08952 0.714676 9
    endloop
  endfacet
  facet normal -0.972266 0.233877 0
    outer loop
      vertex 1.04004 0.508301 7.4
      vertex 1.06479 0.611191 9
      vertex 1.06479 0.611191 7.4
    endloop
  endfacet
  facet normal -0.972266 0.233877 0
    outer loop
      vertex 1.04004 0.508301 7.4
      vertex 1.04004 0.508301 9
      vertex 1.06479 0.611191 9
    endloop
  endfacet
  facet normal -0.972059 0.234737 0
    outer loop
      vertex 1.01505 0.404816 7.4
      vertex 1.04004 0.508301 9
      vertex 1.04004 0.508301 7.4
    endloop
  endfacet
  facet normal -0.972059 0.234737 0
    outer loop
      vertex 1.01505 0.404816 7.4
      vertex 1.01505 0.404816 9
      vertex 1.04004 0.508301 9
    endloop
  endfacet
  facet normal -0.971721 0.236132 0
    outer loop
      vertex 0.990051 0.301941 7.4
      vertex 1.01505 0.404816 9
      vertex 1.01505 0.404816 7.4
    endloop
  endfacet
  facet normal -0.971721 0.236132 0
    outer loop
      vertex 0.990051 0.301941 7.4
      vertex 0.990051 0.301941 9
      vertex 1.01505 0.404816 9
    endloop
  endfacet
  facet normal -0.971426 0.237344 0
    outer loop
      vertex 0.964767 0.198456 7.4
      vertex 0.990051 0.301941 9
      vertex 0.990051 0.301941 7.4
    endloop
  endfacet
  facet normal -0.971426 0.237344 0
    outer loop
      vertex 0.964767 0.198456 7.4
      vertex 0.964767 0.198456 9
      vertex 0.990051 0.301941 9
    endloop
  endfacet
  facet normal -0.971223 0.238172 0
    outer loop
      vertex 0.939453 0.0952301 7.4
      vertex 0.964767 0.198456 9
      vertex 0.964767 0.198456 7.4
    endloop
  endfacet
  facet normal -0.971223 0.238172 0
    outer loop
      vertex 0.939453 0.0952301 7.4
      vertex 0.939453 0.0952301 9
      vertex 0.964767 0.198456 9
    endloop
  endfacet
  facet normal -0.97084 0.23973 0
    outer loop
      vertex 0.913986 -0.00790405 7.4
      vertex 0.939453 0.0952301 9
      vertex 0.939453 0.0952301 7.4
    endloop
  endfacet
  facet normal -0.97084 0.23973 0
    outer loop
      vertex 0.913986 -0.00790405 7.4
      vertex 0.913986 -0.00790405 9
      vertex 0.939453 0.0952301 9
    endloop
  endfacet
  facet normal -0.970589 0.240743 0
    outer loop
      vertex 0.888382 -0.11113 7.4
      vertex 0.913986 -0.00790405 9
      vertex 0.913986 -0.00790405 7.4
    endloop
  endfacet
  facet normal -0.970589 0.240743 0
    outer loop
      vertex 0.888382 -0.11113 7.4
      vertex 0.888382 -0.11113 9
      vertex 0.913986 -0.00790405 9
    endloop
  endfacet
  facet normal -0.970295 0.241925 0
    outer loop
      vertex 0.862656 -0.21431 7.4
      vertex 0.888382 -0.11113 9
      vertex 0.888382 -0.11113 7.4
    endloop
  endfacet
  facet normal -0.970295 0.241925 0
    outer loop
      vertex 0.862656 -0.21431 7.4
      vertex 0.862656 -0.21431 9
      vertex 0.888382 -0.11113 9
    endloop
  endfacet
  facet normal -0.96998 0.243183 0
    outer loop
      vertex 0.836853 -0.31723 7.4
      vertex 0.862656 -0.21431 9
      vertex 0.862656 -0.21431 7.4
    endloop
  endfacet
  facet normal -0.96998 0.243183 0
    outer loop
      vertex 0.836853 -0.31723 7.4
      vertex 0.836853 -0.31723 9
      vertex 0.862656 -0.21431 9
    endloop
  endfacet
  facet normal -0.969723 0.244207 0
    outer loop
      vertex 0.811111 -0.419449 7.4
      vertex 0.836853 -0.31723 9
      vertex 0.836853 -0.31723 7.4
    endloop
  endfacet
  facet normal -0.969723 0.244207 0
    outer loop
      vertex 0.811111 -0.419449 7.4
      vertex 0.811111 -0.419449 9
      vertex 0.836853 -0.31723 9
    endloop
  endfacet
  facet normal -0.969493 0.245119 0
    outer loop
      vertex 0.785263 -0.521683 7.4
      vertex 0.811111 -0.419449 9
      vertex 0.811111 -0.419449 7.4
    endloop
  endfacet
  facet normal -0.969493 0.245119 0
    outer loop
      vertex 0.785263 -0.521683 7.4
      vertex 0.785263 -0.521683 9
      vertex 0.811111 -0.419449 9
    endloop
  endfacet
  facet normal -0.969121 0.246585 0
    outer loop
      vertex 0.75946 -0.623093 7.4
      vertex 0.785263 -0.521683 9
      vertex 0.785263 -0.521683 7.4
    endloop
  endfacet
  facet normal -0.969121 0.246585 0
    outer loop
      vertex 0.75946 -0.623093 7.4
      vertex 0.75946 -0.623093 9
      vertex 0.785263 -0.521683 9
    endloop
  endfacet
  facet normal -0.968883 0.247521 0
    outer loop
      vertex 0.733658 -0.724091 7.4
      vertex 0.75946 -0.623093 9
      vertex 0.75946 -0.623093 7.4
    endloop
  endfacet
  facet normal -0.968883 0.247521 0
    outer loop
      vertex 0.733658 -0.724091 7.4
      vertex 0.733658 -0.724091 9
      vertex 0.75946 -0.623093 9
    endloop
  endfacet
  facet normal -0.96857 0.248741 0
    outer loop
      vertex 0.707932 -0.824265 7.4
      vertex 0.733658 -0.724091 9
      vertex 0.733658 -0.724091 7.4
    endloop
  endfacet
  facet normal -0.96857 0.248741 0
    outer loop
      vertex 0.707932 -0.824265 7.4
      vertex 0.707932 -0.824265 9
      vertex 0.733658 -0.724091 9
    endloop
  endfacet
  facet normal -0.968294 0.249815 0
    outer loop
      vertex 0.682068 -0.924515 7.4
      vertex 0.707932 -0.824265 9
      vertex 0.707932 -0.824265 7.4
    endloop
  endfacet
  facet normal -0.968294 0.249815 0
    outer loop
      vertex 0.682068 -0.924515 7.4
      vertex 0.682068 -0.924515 9
      vertex 0.707932 -0.824265 9
    endloop
  endfacet
  facet normal -0.967967 0.251078 0
    outer loop
      vertex 0.656281 -1.02393 7.4
      vertex 0.682068 -0.924515 9
      vertex 0.682068 -0.924515 7.4
    endloop
  endfacet
  facet normal -0.967967 0.251078 0
    outer loop
      vertex 0.656281 -1.02393 7.4
      vertex 0.656281 -1.02393 9
      vertex 0.682068 -0.924515 9
    endloop
  endfacet
  facet normal -0.967679 0.252187 0
    outer loop
      vertex 0.630478 -1.12294 7.4
      vertex 0.656281 -1.02393 9
      vertex 0.656281 -1.02393 7.4
    endloop
  endfacet
  facet normal -0.967679 0.252187 0
    outer loop
      vertex 0.630478 -1.12294 7.4
      vertex 0.630478 -1.12294 9
      vertex 0.656281 -1.02393 9
    endloop
  endfacet
  facet normal -0.967385 0.25331 0
    outer loop
      vertex 0.604691 -1.22142 7.4
      vertex 0.630478 -1.12294 9
      vertex 0.630478 -1.12294 7.4
    endloop
  endfacet
  facet normal -0.967385 0.25331 0
    outer loop
      vertex 0.604691 -1.22142 7.4
      vertex 0.604691 -1.22142 9
      vertex 0.630478 -1.12294 9
    endloop
  endfacet
  facet normal -0.967027 0.254674 0
    outer loop
      vertex 0.578903 -1.31934 7.4
      vertex 0.604691 -1.22142 9
      vertex 0.604691 -1.22142 7.4
    endloop
  endfacet
  facet normal -0.967027 0.254674 0
    outer loop
      vertex 0.578903 -1.31934 7.4
      vertex 0.578903 -1.31934 9
      vertex 0.604691 -1.22142 9
    endloop
  endfacet
  facet normal -0.966759 0.25569 0
    outer loop
      vertex 0.553116 -1.41684 7.4
      vertex 0.578903 -1.31934 9
      vertex 0.578903 -1.31934 7.4
    endloop
  endfacet
  facet normal -0.966759 0.25569 0
    outer loop
      vertex 0.553116 -1.41684 7.4
      vertex 0.553116 -1.41684 9
      vertex 0.578903 -1.31934 9
    endloop
  endfacet
  facet normal -0.96641 0.257005 0
    outer loop
      vertex 0.527328 -1.51381 7.4
      vertex 0.553116 -1.41684 9
      vertex 0.553116 -1.41684 7.4
    endloop
  endfacet
  facet normal -0.96641 0.257005 0
    outer loop
      vertex 0.527328 -1.51381 7.4
      vertex 0.527328 -1.51381 9
      vertex 0.553116 -1.41684 9
    endloop
  endfacet
  facet normal -0.966048 0.258364 0
    outer loop
      vertex 0.501541 -1.61023 7.4
      vertex 0.527328 -1.51381 9
      vertex 0.527328 -1.51381 7.4
    endloop
  endfacet
  facet normal -0.966048 0.258364 0
    outer loop
      vertex 0.501541 -1.61023 7.4
      vertex 0.501541 -1.61023 9
      vertex 0.527328 -1.51381 9
    endloop
  endfacet
  facet normal -0.965753 0.259462 0
    outer loop
      vertex 0.47583 -1.70593 7.4
      vertex 0.501541 -1.61023 9
      vertex 0.501541 -1.61023 7.4
    endloop
  endfacet
  facet normal -0.965753 0.259462 0
    outer loop
      vertex 0.47583 -1.70593 7.4
      vertex 0.47583 -1.70593 9
      vertex 0.501541 -1.61023 9
    endloop
  endfacet
  facet normal -0.965475 0.260497 0
    outer loop
      vertex 0.449982 -1.80173 7.4
      vertex 0.47583 -1.70593 9
      vertex 0.47583 -1.70593 7.4
    endloop
  endfacet
  facet normal -0.965475 0.260497 0
    outer loop
      vertex 0.449982 -1.80173 7.4
      vertex 0.449982 -1.80173 9
      vertex 0.47583 -1.70593 9
    endloop
  endfacet
  facet normal -0.965034 0.262126 0
    outer loop
      vertex 0.424194 -1.89667 7.4
      vertex 0.449982 -1.80173 9
      vertex 0.449982 -1.80173 7.4
    endloop
  endfacet
  facet normal -0.965034 0.262126 0
    outer loop
      vertex 0.424194 -1.89667 7.4
      vertex 0.424194 -1.89667 9
      vertex 0.449982 -1.80173 9
    endloop
  endfacet
  facet normal -0.964727 0.263253 0
    outer loop
      vertex 0.398407 -1.99117 7.4
      vertex 0.424194 -1.89667 9
      vertex 0.424194 -1.89667 7.4
    endloop
  endfacet
  facet normal -0.964727 0.263253 0
    outer loop
      vertex 0.398407 -1.99117 7.4
      vertex 0.398407 -1.99117 9
      vertex 0.424194 -1.89667 9
    endloop
  endfacet
  facet normal -0.964357 0.264604 0
    outer loop
      vertex 0.372711 -2.08482 7.4
      vertex 0.398407 -1.99117 9
      vertex 0.398407 -1.99117 7.4
    endloop
  endfacet
  facet normal -0.964357 0.264604 0
    outer loop
      vertex 0.372711 -2.08482 7.4
      vertex 0.372711 -2.08482 9
      vertex 0.398407 -1.99117 9
    endloop
  endfacet
  facet normal -0.964034 0.26578 0
    outer loop
      vertex 0.346848 -2.17863 7.4
      vertex 0.372711 -2.08482 9
      vertex 0.372711 -2.08482 7.4
    endloop
  endfacet
  facet normal -0.964034 0.26578 0
    outer loop
      vertex 0.346848 -2.17863 7.4
      vertex 0.346848 -2.17863 9
      vertex 0.372711 -2.08482 9
    endloop
  endfacet
  facet normal -0.963642 0.267197 0
    outer loop
      vertex 0.321075 -2.27158 7.4
      vertex 0.346848 -2.17863 9
      vertex 0.346848 -2.17863 7.4
    endloop
  endfacet
  facet normal -0.963642 0.267197 0
    outer loop
      vertex 0.321075 -2.27158 7.4
      vertex 0.321075 -2.27158 9
      vertex 0.346848 -2.17863 9
    endloop
  endfacet
  facet normal -0.963276 0.268512 0
    outer loop
      vertex 0.295288 -2.36409 7.4
      vertex 0.321075 -2.27158 9
      vertex 0.321075 -2.27158 7.4
    endloop
  endfacet
  facet normal -0.963276 0.268512 0
    outer loop
      vertex 0.295288 -2.36409 7.4
      vertex 0.295288 -2.36409 9
      vertex 0.321075 -2.27158 9
    endloop
  endfacet
  facet normal -0.962916 0.269801 0
    outer loop
      vertex 0.269516 -2.45607 7.4
      vertex 0.295288 -2.36409 9
      vertex 0.295288 -2.36409 7.4
    endloop
  endfacet
  facet normal -0.962916 0.269801 0
    outer loop
      vertex 0.269516 -2.45607 7.4
      vertex 0.269516 -2.45607 9
      vertex 0.295288 -2.36409 9
    endloop
  endfacet
  facet normal -0.962472 0.27138 0
    outer loop
      vertex 0.243835 -2.54715 7.4
      vertex 0.269516 -2.45607 9
      vertex 0.269516 -2.45607 7.4
    endloop
  endfacet
  facet normal -0.962472 0.27138 0
    outer loop
      vertex 0.243835 -2.54715 7.4
      vertex 0.243835 -2.54715 9
      vertex 0.269516 -2.45607 9
    endloop
  endfacet
  facet normal -0.961913 0.273357 0
    outer loop
      vertex 0.218307 -2.63698 7.4
      vertex 0.243835 -2.54715 9
      vertex 0.243835 -2.54715 7.4
    endloop
  endfacet
  facet normal -0.961913 0.273357 0
    outer loop
      vertex 0.218307 -2.63698 7.4
      vertex 0.218307 -2.63698 9
      vertex 0.243835 -2.54715 9
    endloop
  endfacet
  facet normal -0.96137 0.275258 0
    outer loop
      vertex 0.192902 -2.72571 7.4
      vertex 0.218307 -2.63698 9
      vertex 0.218307 -2.63698 7.4
    endloop
  endfacet
  facet normal -0.96137 0.275258 0
    outer loop
      vertex 0.192902 -2.72571 7.4
      vertex 0.192902 -2.72571 9
      vertex 0.218307 -2.63698 9
    endloop
  endfacet
  facet normal -0.960767 0.277357 0
    outer loop
      vertex 0.167648 -2.81319 7.4
      vertex 0.192902 -2.72571 9
      vertex 0.192902 -2.72571 7.4
    endloop
  endfacet
  facet normal -0.960767 0.277357 0
    outer loop
      vertex 0.167648 -2.81319 7.4
      vertex 0.167648 -2.81319 9
      vertex 0.192902 -2.72571 9
    endloop
  endfacet
  facet normal -0.960136 0.279532 0
    outer loop
      vertex 0.142517 -2.89951 7.4
      vertex 0.167648 -2.81319 9
      vertex 0.167648 -2.81319 7.4
    endloop
  endfacet
  facet normal -0.960136 0.279532 0
    outer loop
      vertex 0.142517 -2.89951 7.4
      vertex 0.142517 -2.89951 9
      vertex 0.167648 -2.81319 9
    endloop
  endfacet
  facet normal -0.959554 0.281525 0
    outer loop
      vertex 0.117523 -2.9847 7.4
      vertex 0.142517 -2.89951 9
      vertex 0.142517 -2.89951 7.4
    endloop
  endfacet
  facet normal -0.959554 0.281525 0
    outer loop
      vertex 0.117523 -2.9847 7.4
      vertex 0.117523 -2.9847 9
      vertex 0.142517 -2.89951 9
    endloop
  endfacet
  facet normal -0.958899 0.283747 0
    outer loop
      vertex 0.0926666 -3.0687 7.4
      vertex 0.117523 -2.9847 9
      vertex 0.117523 -2.9847 7.4
    endloop
  endfacet
  facet normal -0.958899 0.283747 0
    outer loop
      vertex 0.0926666 -3.0687 7.4
      vertex 0.0926666 -3.0687 9
      vertex 0.117523 -2.9847 9
    endloop
  endfacet
  facet normal -0.958258 0.285907 0
    outer loop
      vertex 0.0679474 -3.15155 7.4
      vertex 0.0926666 -3.0687 9
      vertex 0.0926666 -3.0687 7.4
    endloop
  endfacet
  facet normal -0.958258 0.285907 0
    outer loop
      vertex 0.0679474 -3.15155 7.4
      vertex 0.0679474 -3.15155 9
      vertex 0.0926666 -3.0687 9
    endloop
  endfacet
  facet normal -0.957595 0.288117 0
    outer loop
      vertex 0.043396 -3.23315 7.4
      vertex 0.0679474 -3.15155 9
      vertex 0.0679474 -3.15155 7.4
    endloop
  endfacet
  facet normal -0.957595 0.288117 0
    outer loop
      vertex 0.043396 -3.23315 7.4
      vertex 0.043396 -3.23315 9
      vertex 0.0679474 -3.15155 9
    endloop
  endfacet
  facet normal -0.95684 0.290616 0
    outer loop
      vertex 0.0191345 -3.31303 7.4
      vertex 0.043396 -3.23315 9
      vertex 0.043396 -3.23315 7.4
    endloop
  endfacet
  facet normal -0.95684 0.290616 0
    outer loop
      vertex 0.0191345 -3.31303 7.4
      vertex 0.0191345 -3.31303 9
      vertex 0.043396 -3.23315 9
    endloop
  endfacet
  facet normal -0.956106 0.293021 0
    outer loop
      vertex -0.00535583 -3.39294 7.4
      vertex 0.0191345 -3.31303 9
      vertex 0.0191345 -3.31303 7.4
    endloop
  endfacet
  facet normal -0.956106 0.293021 0
    outer loop
      vertex -0.00535583 -3.39294 7.4
      vertex -0.00535583 -3.39294 9
      vertex 0.0191345 -3.31303 9
    endloop
  endfacet
  facet normal -0.955448 0.29516 0
    outer loop
      vertex -0.0295105 -3.47113 7.4
      vertex -0.00535583 -3.39294 9
      vertex -0.00535583 -3.39294 7.4
    endloop
  endfacet
  facet normal -0.955448 0.29516 0
    outer loop
      vertex -0.0295105 -3.47113 7.4
      vertex -0.0295105 -3.47113 9
      vertex -0.00535583 -3.39294 9
    endloop
  endfacet
  facet normal -0.954518 0.298153 0
    outer loop
      vertex -0.0535278 -3.54802 7.4
      vertex -0.0295105 -3.47113 9
      vertex -0.0295105 -3.47113 7.4
    endloop
  endfacet
  facet normal -0.954518 0.298153 0
    outer loop
      vertex -0.0535278 -3.54802 7.4
      vertex -0.0535278 -3.54802 9
      vertex -0.0295105 -3.47113 9
    endloop
  endfacet
  facet normal -0.953778 0.300512 0
    outer loop
      vertex -0.0774231 -3.62386 7.4
      vertex -0.0535278 -3.54802 9
      vertex -0.0535278 -3.54802 7.4
    endloop
  endfacet
  facet normal -0.953778 0.300512 0
    outer loop
      vertex -0.0774231 -3.62386 7.4
      vertex -0.0774231 -3.62386 9
      vertex -0.0535278 -3.54802 9
    endloop
  endfacet
  facet normal -0.952881 0.303345 0
    outer loop
      vertex -0.100952 -3.69777 7.4
      vertex -0.0774231 -3.62386 9
      vertex -0.0774231 -3.62386 7.4
    endloop
  endfacet
  facet normal -0.952881 0.303345 0
    outer loop
      vertex -0.100952 -3.69777 7.4
      vertex -0.100952 -3.69777 9
      vertex -0.0774231 -3.62386 9
    endloop
  endfacet
  facet normal -0.95206 0.30591 0
    outer loop
      vertex -0.124771 -3.7719 7.4
      vertex -0.100952 -3.69777 9
      vertex -0.100952 -3.69777 7.4
    endloop
  endfacet
  facet normal -0.95206 0.30591 0
    outer loop
      vertex -0.124771 -3.7719 7.4
      vertex -0.124771 -3.7719 9
      vertex -0.100952 -3.69777 9
    endloop
  endfacet
  facet normal -0.951068 0.308982 0
    outer loop
      vertex -0.148224 -3.84409 7.4
      vertex -0.124771 -3.7719 9
      vertex -0.124771 -3.7719 7.4
    endloop
  endfacet
  facet normal -0.951068 0.308982 0
    outer loop
      vertex -0.148224 -3.84409 7.4
      vertex -0.148224 -3.84409 9
      vertex -0.124771 -3.7719 9
    endloop
  endfacet
  facet normal -0.950152 0.311786 0
    outer loop
      vertex -0.171555 -3.91519 7.4
      vertex -0.148224 -3.84409 9
      vertex -0.148224 -3.84409 7.4
    endloop
  endfacet
  facet normal -0.950152 0.311786 0
    outer loop
      vertex -0.171555 -3.91519 7.4
      vertex -0.171555 -3.91519 9
      vertex -0.148224 -3.84409 9
    endloop
  endfacet
  facet normal -0.949206 0.314655 0
    outer loop
      vertex -0.194733 -3.98511 7.4
      vertex -0.171555 -3.91519 9
      vertex -0.171555 -3.91519 7.4
    endloop
  endfacet
  facet normal -0.949206 0.314655 0
    outer loop
      vertex -0.194733 -3.98511 7.4
      vertex -0.194733 -3.98511 9
      vertex -0.171555 -3.91519 9
    endloop
  endfacet
  facet normal -0.948095 0.317988 0
    outer loop
      vertex -0.217758 -4.05376 7.4
      vertex -0.194733 -3.98511 9
      vertex -0.194733 -3.98511 7.4
    endloop
  endfacet
  facet normal -0.948095 0.317988 0
    outer loop
      vertex -0.217758 -4.05376 7.4
      vertex -0.217758 -4.05376 9
      vertex -0.194733 -3.98511 9
    endloop
  endfacet
  facet normal -0.947128 0.320855 0
    outer loop
      vertex -0.240662 -4.12137 7.4
      vertex -0.217758 -4.05376 9
      vertex -0.217758 -4.05376 7.4
    endloop
  endfacet
  facet normal -0.947128 0.320855 0
    outer loop
      vertex -0.240662 -4.12137 7.4
      vertex -0.240662 -4.12137 9
      vertex -0.217758 -4.05376 9
    endloop
  endfacet
  facet normal -0.945945 0.324326 0
    outer loop
      vertex -0.263397 -4.18768 7.4
      vertex -0.240662 -4.12137 9
      vertex -0.240662 -4.12137 7.4
    endloop
  endfacet
  facet normal -0.945945 0.324326 0
    outer loop
      vertex -0.263397 -4.18768 7.4
      vertex -0.263397 -4.18768 9
      vertex -0.240662 -4.12137 9
    endloop
  endfacet
  facet normal -0.944831 0.327558 0
    outer loop
      vertex -0.285141 -4.2504 7.4
      vertex -0.263397 -4.18768 9
      vertex -0.263397 -4.18768 7.4
    endloop
  endfacet
  facet normal -0.944831 0.327558 0
    outer loop
      vertex -0.285141 -4.2504 7.4
      vertex -0.285141 -4.2504 9
      vertex -0.263397 -4.18768 9
    endloop
  endfacet
  facet normal -0.938279 0.345879 0
    outer loop
      vertex -0.314484 -4.33 7.4
      vertex -0.285141 -4.2504 9
      vertex -0.285141 -4.2504 7.4
    endloop
  endfacet
  facet normal -0.938279 0.345879 0
    outer loop
      vertex -0.314484 -4.33 7.4
      vertex -0.314484 -4.33 9
      vertex -0.285141 -4.2504 9
    endloop
  endfacet
  facet normal -0.934937 0.354814 0
    outer loop
      vertex -0.343964 -4.40768 7.4
      vertex -0.314484 -4.33 9
      vertex -0.314484 -4.33 7.4
    endloop
  endfacet
  facet normal -0.934937 0.354814 0
    outer loop
      vertex -0.343964 -4.40768 7.4
      vertex -0.343964 -4.40768 9
      vertex -0.314484 -4.33 9
    endloop
  endfacet
  facet normal -0.931593 0.363503 0
    outer loop
      vertex -0.37413 -4.48499 7.4
      vertex -0.343964 -4.40768 9
      vertex -0.343964 -4.40768 7.4
    endloop
  endfacet
  facet normal -0.931593 0.363503 0
    outer loop
      vertex -0.37413 -4.48499 7.4
      vertex -0.37413 -4.48499 9
      vertex -0.343964 -4.40768 9
    endloop
  endfacet
  facet normal -0.927773 0.373146 0
    outer loop
      vertex -0.40271 -4.55605 7.4
      vertex -0.37413 -4.48499 9
      vertex -0.37413 -4.48499 7.4
    endloop
  endfacet
  facet normal -0.927773 0.373146 0
    outer loop
      vertex -0.40271 -4.55605 7.4
      vertex -0.40271 -4.55605 9
      vertex -0.37413 -4.48499 9
    endloop
  endfacet
  facet normal -0.923673 0.383181 0
    outer loop
      vertex -0.432724 -4.6284 7.4
      vertex -0.40271 -4.55605 9
      vertex -0.40271 -4.55605 7.4
    endloop
  endfacet
  facet normal -0.923673 0.383181 0
    outer loop
      vertex -0.432724 -4.6284 7.4
      vertex -0.432724 -4.6284 9
      vertex -0.40271 -4.55605 9
    endloop
  endfacet
  facet normal -0.919338 0.393468 0
    outer loop
      vertex -0.462311 -4.69753 7.4
      vertex -0.432724 -4.6284 9
      vertex -0.432724 -4.6284 7.4
    endloop
  endfacet
  facet normal -0.919338 0.393468 0
    outer loop
      vertex -0.462311 -4.69753 7.4
      vertex -0.462311 -4.69753 9
      vertex -0.432724 -4.6284 9
    endloop
  endfacet
  facet normal -0.914516 0.404551 0
    outer loop
      vertex -0.491516 -4.76355 7.4
      vertex -0.462311 -4.69753 9
      vertex -0.462311 -4.69753 7.4
    endloop
  endfacet
  facet normal -0.914516 0.404551 0
    outer loop
      vertex -0.491516 -4.76355 7.4
      vertex -0.491516 -4.76355 9
      vertex -0.462311 -4.69753 9
    endloop
  endfacet
  facet normal -0.909393 0.415939 0
    outer loop
      vertex -0.520889 -4.82777 7.4
      vertex -0.491516 -4.76355 9
      vertex -0.491516 -4.76355 7.4
    endloop
  endfacet
  facet normal -0.909393 0.415939 0
    outer loop
      vertex -0.520889 -4.82777 7.4
      vertex -0.520889 -4.82777 9
      vertex -0.491516 -4.76355 9
    endloop
  endfacet
  facet normal -0.903778 0.428002 0
    outer loop
      vertex -0.550293 -4.88986 7.4
      vertex -0.520889 -4.82777 9
      vertex -0.520889 -4.82777 7.4
    endloop
  endfacet
  facet normal -0.903778 0.428002 0
    outer loop
      vertex -0.550293 -4.88986 7.4
      vertex -0.550293 -4.88986 9
      vertex -0.520889 -4.82777 9
    endloop
  endfacet
  facet normal -0.897709 0.440589 0
    outer loop
      vertex -0.579559 -4.94949 7.4
      vertex -0.550293 -4.88986 9
      vertex -0.550293 -4.88986 7.4
    endloop
  endfacet
  facet normal -0.897709 0.440589 0
    outer loop
      vertex -0.579559 -4.94949 7.4
      vertex -0.579559 -4.94949 9
      vertex -0.550293 -4.88986 9
    endloop
  endfacet
  facet normal -0.891036 0.453934 0
    outer loop
      vertex -0.6082 -5.00571 7.4
      vertex -0.579559 -4.94949 9
      vertex -0.579559 -4.94949 7.4
    endloop
  endfacet
  facet normal -0.891036 0.453934 0
    outer loop
      vertex -0.6082 -5.00571 7.4
      vertex -0.6082 -5.00571 9
      vertex -0.579559 -4.94949 9
    endloop
  endfacet
  facet normal -0.883716 0.468023 0
    outer loop
      vertex -0.637482 -5.061 7.4
      vertex -0.6082 -5.00571 9
      vertex -0.6082 -5.00571 7.4
    endloop
  endfacet
  facet normal -0.883716 0.468023 0
    outer loop
      vertex -0.637482 -5.061 7.4
      vertex -0.637482 -5.061 9
      vertex -0.6082 -5.00571 9
    endloop
  endfacet
  facet normal -0.875896 0.4825 0
    outer loop
      vertex -0.666138 -5.11302 7.4
      vertex -0.637482 -5.061 9
      vertex -0.637482 -5.061 7.4
    endloop
  endfacet
  facet normal -0.875896 0.4825 0
    outer loop
      vertex -0.666138 -5.11302 7.4
      vertex -0.666138 -5.11302 9
      vertex -0.637482 -5.061 9
    endloop
  endfacet
  facet normal -0.867219 0.497927 0
    outer loop
      vertex -0.694519 -5.16245 7.4
      vertex -0.666138 -5.11302 9
      vertex -0.666138 -5.11302 7.4
    endloop
  endfacet
  facet normal -0.867219 0.497927 0
    outer loop
      vertex -0.694519 -5.16245 7.4
      vertex -0.694519 -5.16245 9
      vertex -0.666138 -5.11302 9
    endloop
  endfacet
  facet normal -0.857587 0.514338 0
    outer loop
      vertex -0.723343 -5.21051 7.4
      vertex -0.694519 -5.16245 9
      vertex -0.694519 -5.16245 7.4
    endloop
  endfacet
  facet normal -0.857587 0.514338 0
    outer loop
      vertex -0.723343 -5.21051 7.4
      vertex -0.723343 -5.21051 9
      vertex -0.694519 -5.16245 9
    endloop
  endfacet
  facet normal -0.8471 0.531434 0
    outer loop
      vertex -0.75116 -5.25485 7.4
      vertex -0.723343 -5.21051 9
      vertex -0.723343 -5.21051 7.4
    endloop
  endfacet
  facet normal -0.8471 0.531434 0
    outer loop
      vertex -0.75116 -5.25485 7.4
      vertex -0.75116 -5.25485 9
      vertex -0.723343 -5.21051 9
    endloop
  endfacet
  facet normal -0.835555 0.549407 0
    outer loop
      vertex -0.779388 -5.29778 7.4
      vertex -0.75116 -5.25485 9
      vertex -0.75116 -5.25485 7.4
    endloop
  endfacet
  facet normal -0.835555 0.549407 0
    outer loop
      vertex -0.779388 -5.29778 7.4
      vertex -0.779388 -5.29778 9
      vertex -0.75116 -5.25485 9
    endloop
  endfacet
  facet normal -0.822742 0.568415 0
    outer loop
      vertex -0.806961 -5.33769 7.4
      vertex -0.779388 -5.29778 9
      vertex -0.779388 -5.29778 7.4
    endloop
  endfacet
  facet normal -0.822742 0.568415 0
    outer loop
      vertex -0.806961 -5.33769 7.4
      vertex -0.806961 -5.33769 9
      vertex -0.779388 -5.29778 9
    endloop
  endfacet
  facet normal -0.808754 0.588147 0
    outer loop
      vertex -0.834152 -5.37508 7.4
      vertex -0.806961 -5.33769 9
      vertex -0.806961 -5.33769 7.4
    endloop
  endfacet
  facet normal -0.808754 0.588147 0
    outer loop
      vertex -0.834152 -5.37508 7.4
      vertex -0.834152 -5.37508 9
      vertex -0.806961 -5.33769 9
    endloop
  endfacet
  facet normal -0.793032 0.60918 0
    outer loop
      vertex -0.86113 -5.4102 7.4
      vertex -0.834152 -5.37508 9
      vertex -0.834152 -5.37508 7.4
    endloop
  endfacet
  facet normal -0.793032 0.60918 0
    outer loop
      vertex -0.86113 -5.4102 7.4
      vertex -0.86113 -5.4102 9
      vertex -0.834152 -5.37508 9
    endloop
  endfacet
  facet normal -0.77592 0.630831 0
    outer loop
      vertex -0.888 -5.44325 7.4
      vertex -0.86113 -5.4102 9
      vertex -0.86113 -5.4102 7.4
    endloop
  endfacet
  facet normal -0.77592 0.630831 0
    outer loop
      vertex -0.888 -5.44325 7.4
      vertex -0.888 -5.44325 9
      vertex -0.86113 -5.4102 9
    endloop
  endfacet
  facet normal -0.756547 0.653939 0
    outer loop
      vertex -0.91362 -5.47289 7.4
      vertex -0.888 -5.44325 9
      vertex -0.888 -5.44325 7.4
    endloop
  endfacet
  facet normal -0.756547 0.653939 0
    outer loop
      vertex -0.91362 -5.47289 7.4
      vertex -0.91362 -5.47289 9
      vertex -0.888 -5.44325 9
    endloop
  endfacet
  facet normal -0.735065 0.677996 0
    outer loop
      vertex -0.940018 -5.50151 7.4
      vertex -0.91362 -5.47289 9
      vertex -0.91362 -5.47289 7.4
    endloop
  endfacet
  facet normal -0.735065 0.677996 0
    outer loop
      vertex -0.940018 -5.50151 7.4
      vertex -0.940018 -5.50151 9
      vertex -0.91362 -5.47289 9
    endloop
  endfacet
  facet normal -0.714566 0.699568 0
    outer loop
      vertex -0.966187 -5.52824 7.4
      vertex -0.940018 -5.50151 9
      vertex -0.940018 -5.50151 7.4
    endloop
  endfacet
  facet normal -0.714566 0.699568 0
    outer loop
      vertex -0.966187 -5.52824 7.4
      vertex -0.966187 -5.52824 9
      vertex -0.940018 -5.50151 9
    endloop
  endfacet
  facet normal -0.696552 0.717507 0
    outer loop
      vertex -0.993134 -5.5544 7.4
      vertex -0.966187 -5.52824 9
      vertex -0.966187 -5.52824 7.4
    endloop
  endfacet
  facet normal -0.696552 0.717507 0
    outer loop
      vertex -0.993134 -5.5544 7.4
      vertex -0.993134 -5.5544 9
      vertex -0.966187 -5.52824 9
    endloop
  endfacet
  facet normal -0.676069 0.736838 0
    outer loop
      vertex -1.01964 -5.57872 7.4
      vertex -0.993134 -5.5544 9
      vertex -0.993134 -5.5544 7.4
    endloop
  endfacet
  facet normal -0.676069 0.736838 0
    outer loop
      vertex -1.01964 -5.57872 7.4
      vertex -1.01964 -5.57872 9
      vertex -0.993134 -5.5544 9
    endloop
  endfacet
  facet normal -0.654778 0.755822 0
    outer loop
      vertex -1.04597 -5.60153 7.4
      vertex -1.01964 -5.57872 9
      vertex -1.01964 -5.57872 7.4
    endloop
  endfacet
  facet normal -0.654778 0.755822 0
    outer loop
      vertex -1.04597 -5.60153 7.4
      vertex -1.04597 -5.60153 9
      vertex -1.01964 -5.57872 9
    endloop
  endfacet
  facet normal -0.632441 0.774609 0
    outer loop
      vertex -1.07245 -5.62315 7.4
      vertex -1.04597 -5.60153 9
      vertex -1.04597 -5.60153 7.4
    endloop
  endfacet
  facet normal -0.632441 0.774609 0
    outer loop
      vertex -1.07245 -5.62315 7.4
      vertex -1.07245 -5.62315 9
      vertex -1.04597 -5.60153 9
    endloop
  endfacet
  facet normal -0.608551 0.793515 0
    outer loop
      vertex -1.09892 -5.64345 7.4
      vertex -1.07245 -5.62315 9
      vertex -1.07245 -5.62315 7.4
    endloop
  endfacet
  facet normal -0.608551 0.793515 0
    outer loop
      vertex -1.09892 -5.64345 7.4
      vertex -1.09892 -5.64345 9
      vertex -1.07245 -5.62315 9
    endloop
  endfacet
  facet normal -0.583655 0.812002 0
    outer loop
      vertex -1.12495 -5.66216 7.4
      vertex -1.09892 -5.64345 9
      vertex -1.09892 -5.64345 7.4
    endloop
  endfacet
  facet normal -0.583655 0.812002 0
    outer loop
      vertex -1.12495 -5.66216 7.4
      vertex -1.12495 -5.66216 9
      vertex -1.09892 -5.64345 9
    endloop
  endfacet
  facet normal -0.555281 0.831663 0
    outer loop
      vertex -1.1514 -5.67982 7.4
      vertex -1.12495 -5.66216 9
      vertex -1.12495 -5.66216 7.4
    endloop
  endfacet
  facet normal -0.555281 0.831663 0
    outer loop
      vertex -1.1514 -5.67982 7.4
      vertex -1.1514 -5.67982 9
      vertex -1.12495 -5.66216 9
    endloop
  endfacet
  facet normal -0.528716 0.848799 0
    outer loop
      vertex -1.17699 -5.69576 7.4
      vertex -1.1514 -5.67982 9
      vertex -1.1514 -5.67982 7.4
    endloop
  endfacet
  facet normal -0.528716 0.848799 0
    outer loop
      vertex -1.17699 -5.69576 7.4
      vertex -1.17699 -5.69576 9
      vertex -1.1514 -5.67982 9
    endloop
  endfacet
  facet normal -0.498712 0.866768 0
    outer loop
      vertex -1.20273 -5.71057 7.4
      vertex -1.17699 -5.69576 9
      vertex -1.17699 -5.69576 7.4
    endloop
  endfacet
  facet normal -0.498712 0.866768 0
    outer loop
      vertex -1.20273 -5.71057 7.4
      vertex -1.20273 -5.71057 9
      vertex -1.17699 -5.69576 9
    endloop
  endfacet
  facet normal -0.467258 0.884121 0
    outer loop
      vertex -1.22852 -5.7242 7.4
      vertex -1.20273 -5.71057 9
      vertex -1.20273 -5.71057 7.4
    endloop
  endfacet
  facet normal -0.467258 0.884121 0
    outer loop
      vertex -1.22852 -5.7242 7.4
      vertex -1.22852 -5.7242 9
      vertex -1.20273 -5.71057 9
    endloop
  endfacet
  facet normal -0.434915 0.900472 0
    outer loop
      vertex -1.25438 -5.73669 7.4
      vertex -1.22852 -5.7242 9
      vertex -1.22852 -5.7242 7.4
    endloop
  endfacet
  facet normal -0.434915 0.900472 0
    outer loop
      vertex -1.25438 -5.73669 7.4
      vertex -1.25438 -5.73669 9
      vertex -1.22852 -5.7242 9
    endloop
  endfacet
  facet normal -0.40141 0.915898 0
    outer loop
      vertex -1.27957 -5.74773 7.4
      vertex -1.25438 -5.73669 9
      vertex -1.25438 -5.73669 7.4
    endloop
  endfacet
  facet normal -0.40141 0.915898 0
    outer loop
      vertex -1.27957 -5.74773 7.4
      vertex -1.27957 -5.74773 9
      vertex -1.25438 -5.73669 9
    endloop
  endfacet
  facet normal -0.366525 0.930408 0
    outer loop
      vertex -1.30498 -5.75774 7.4
      vertex -1.27957 -5.74773 9
      vertex -1.27957 -5.74773 7.4
    endloop
  endfacet
  facet normal -0.366525 0.930408 0
    outer loop
      vertex -1.30498 -5.75774 7.4
      vertex -1.30498 -5.75774 9
      vertex -1.27957 -5.74773 9
    endloop
  endfacet
  facet normal -0.33007 0.943956 0
    outer loop
      vertex -1.33049 -5.76666 7.4
      vertex -1.30498 -5.75774 9
      vertex -1.30498 -5.75774 7.4
    endloop
  endfacet
  facet normal -0.33007 0.943956 0
    outer loop
      vertex -1.33049 -5.76666 7.4
      vertex -1.33049 -5.76666 9
      vertex -1.30498 -5.75774 9
    endloop
  endfacet
  facet normal -0.293135 0.956071 0
    outer loop
      vertex -1.35593 -5.77446 7.4
      vertex -1.33049 -5.76666 9
      vertex -1.33049 -5.76666 7.4
    endloop
  endfacet
  facet normal -0.293135 0.956071 0
    outer loop
      vertex -1.35593 -5.77446 7.4
      vertex -1.35593 -5.77446 9
      vertex -1.33049 -5.76666 9
    endloop
  endfacet
  facet normal -0.255445 0.966824 0
    outer loop
      vertex -1.38144 -5.7812 7.4
      vertex -1.35593 -5.77446 9
      vertex -1.35593 -5.77446 7.4
    endloop
  endfacet
  facet normal -0.255445 0.966824 0
    outer loop
      vertex -1.38144 -5.7812 7.4
      vertex -1.38144 -5.7812 9
      vertex -1.35593 -5.77446 9
    endloop
  endfacet
  facet normal -0.216727 0.976232 0
    outer loop
      vertex -1.4068 -5.78683 7.4
      vertex -1.38144 -5.7812 9
      vertex -1.38144 -5.7812 7.4
    endloop
  endfacet
  facet normal -0.216727 0.976232 0
    outer loop
      vertex -1.4068 -5.78683 7.4
      vertex -1.4068 -5.78683 9
      vertex -1.38144 -5.7812 9
    endloop
  endfacet
  facet normal -0.177569 0.984108 0
    outer loop
      vertex -1.43246 -5.79146 7.4
      vertex -1.4068 -5.78683 9
      vertex -1.4068 -5.78683 7.4
    endloop
  endfacet
  facet normal -0.177569 0.984108 0
    outer loop
      vertex -1.43246 -5.79146 7.4
      vertex -1.43246 -5.79146 9
      vertex -1.4068 -5.78683 9
    endloop
  endfacet
  facet normal -0.138048 0.990426 0
    outer loop
      vertex -1.45836 -5.79507 7.4
      vertex -1.43246 -5.79146 9
      vertex -1.43246 -5.79146 7.4
    endloop
  endfacet
  facet normal -0.138048 0.990426 0
    outer loop
      vertex -1.45836 -5.79507 7.4
      vertex -1.45836 -5.79507 9
      vertex -1.43246 -5.79146 9
    endloop
  endfacet
  facet normal -0.0986195 0.995125 0
    outer loop
      vertex -1.48399 -5.79761 7.4
      vertex -1.45836 -5.79507 9
      vertex -1.45836 -5.79507 7.4
    endloop
  endfacet
  facet normal -0.0986195 0.995125 0
    outer loop
      vertex -1.48399 -5.79761 7.4
      vertex -1.48399 -5.79761 9
      vertex -1.45836 -5.79507 9
    endloop
  endfacet
  facet normal -0.0584601 0.99829 0
    outer loop
      vertex -1.5108 -5.79918 7.4
      vertex -1.48399 -5.79761 9
      vertex -1.48399 -5.79761 7.4
    endloop
  endfacet
  facet normal -0.0584601 0.99829 0
    outer loop
      vertex -1.5108 -5.79918 7.4
      vertex -1.5108 -5.79918 9
      vertex -1.48399 -5.79761 9
    endloop
  endfacet
  facet normal -0.0197428 0.999805 0
    outer loop
      vertex -1.53764 -5.79971 7.4
      vertex -1.5108 -5.79918 9
      vertex -1.5108 -5.79918 7.4
    endloop
  endfacet
  facet normal -0.0197428 0.999805 0
    outer loop
      vertex -1.53764 -5.79971 7.4
      vertex -1.53764 -5.79971 9
      vertex -1.5108 -5.79918 9
    endloop
  endfacet
  facet normal 0.0177722 0.999842 0
    outer loop
      vertex -1.57027 -5.79913 7.4
      vertex -1.53764 -5.79971 9
      vertex -1.53764 -5.79971 7.4
    endloop
  endfacet
  facet normal 0.0177722 0.999842 -0
    outer loop
      vertex -1.57027 -5.79913 7.4
      vertex -1.57027 -5.79913 9
      vertex -1.53764 -5.79971 9
    endloop
  endfacet
  facet normal 0.054974 0.998488 0
    outer loop
      vertex -1.6026 -5.79735 7.4
      vertex -1.57027 -5.79913 9
      vertex -1.57027 -5.79913 7.4
    endloop
  endfacet
  facet normal 0.054974 0.998488 -0
    outer loop
      vertex -1.6026 -5.79735 7.4
      vertex -1.6026 -5.79735 9
      vertex -1.57027 -5.79913 9
    endloop
  endfacet
  facet normal 0.092904 0.995675 0
    outer loop
      vertex -1.63368 -5.79445 7.4
      vertex -1.6026 -5.79735 9
      vertex -1.6026 -5.79735 7.4
    endloop
  endfacet
  facet normal 0.092904 0.995675 -0
    outer loop
      vertex -1.63368 -5.79445 7.4
      vertex -1.63368 -5.79445 9
      vertex -1.6026 -5.79735 9
    endloop
  endfacet
  facet normal 0.131689 0.991291 0
    outer loop
      vertex -1.66379 -5.79045 7.4
      vertex -1.63368 -5.79445 9
      vertex -1.63368 -5.79445 7.4
    endloop
  endfacet
  facet normal 0.131689 0.991291 -0
    outer loop
      vertex -1.66379 -5.79045 7.4
      vertex -1.66379 -5.79045 9
      vertex -1.63368 -5.79445 9
    endloop
  endfacet
  facet normal 0.171582 0.98517 0
    outer loop
      vertex -1.69313 -5.78534 7.4
      vertex -1.66379 -5.79045 9
      vertex -1.66379 -5.79045 7.4
    endloop
  endfacet
  facet normal 0.171582 0.98517 -0
    outer loop
      vertex -1.69313 -5.78534 7.4
      vertex -1.69313 -5.78534 9
      vertex -1.66379 -5.79045 9
    endloop
  endfacet
  facet normal 0.212359 0.977192 0
    outer loop
      vertex -1.72166 -5.77914 7.4
      vertex -1.69313 -5.78534 9
      vertex -1.69313 -5.78534 7.4
    endloop
  endfacet
  facet normal 0.212359 0.977192 -0
    outer loop
      vertex -1.72166 -5.77914 7.4
      vertex -1.72166 -5.77914 9
      vertex -1.69313 -5.78534 9
    endloop
  endfacet
  facet normal 0.252535 0.967588 0
    outer loop
      vertex -1.7494 -5.7719 7.4
      vertex -1.72166 -5.77914 9
      vertex -1.72166 -5.77914 7.4
    endloop
  endfacet
  facet normal 0.252535 0.967588 -0
    outer loop
      vertex -1.7494 -5.7719 7.4
      vertex -1.7494 -5.7719 9
      vertex -1.72166 -5.77914 9
    endloop
  endfacet
  facet normal 0.293559 0.955941 0
    outer loop
      vertex -1.7762 -5.76367 7.4
      vertex -1.7494 -5.7719 9
      vertex -1.7494 -5.7719 7.4
    endloop
  endfacet
  facet normal 0.293559 0.955941 -0
    outer loop
      vertex -1.7762 -5.76367 7.4
      vertex -1.7762 -5.76367 9
      vertex -1.7494 -5.7719 9
    endloop
  endfacet
  facet normal 0.33442 0.942424 0
    outer loop
      vertex -1.80238 -5.75438 7.4
      vertex -1.7762 -5.76367 9
      vertex -1.7762 -5.76367 7.4
    endloop
  endfacet
  facet normal 0.33442 0.942424 -0
    outer loop
      vertex -1.80238 -5.75438 7.4
      vertex -1.80238 -5.75438 9
      vertex -1.7762 -5.76367 9
    endloop
  endfacet
  facet normal 0.375705 0.926739 0
    outer loop
      vertex -1.82828 -5.74388 7.4
      vertex -1.80238 -5.75438 9
      vertex -1.80238 -5.75438 7.4
    endloop
  endfacet
  facet normal 0.375705 0.926739 -0
    outer loop
      vertex -1.82828 -5.74388 7.4
      vertex -1.82828 -5.74388 9
      vertex -1.80238 -5.75438 9
    endloop
  endfacet
  facet normal 0.415646 0.909527 0
    outer loop
      vertex -1.85281 -5.73267 7.4
      vertex -1.82828 -5.74388 9
      vertex -1.82828 -5.74388 7.4
    endloop
  endfacet
  facet normal 0.415646 0.909527 -0
    outer loop
      vertex -1.85281 -5.73267 7.4
      vertex -1.85281 -5.73267 9
      vertex -1.82828 -5.74388 9
    endloop
  endfacet
  facet normal 0.455218 0.89038 0
    outer loop
      vertex -1.87767 -5.71996 7.4
      vertex -1.85281 -5.73267 9
      vertex -1.85281 -5.73267 7.4
    endloop
  endfacet
  facet normal 0.455218 0.89038 -0
    outer loop
      vertex -1.87767 -5.71996 7.4
      vertex -1.87767 -5.71996 9
      vertex -1.85281 -5.73267 9
    endloop
  endfacet
  facet normal 0.49362 0.869677 0
    outer loop
      vertex -1.90149 -5.70644 7.4
      vertex -1.87767 -5.71996 9
      vertex -1.87767 -5.71996 7.4
    endloop
  endfacet
  facet normal 0.49362 0.869677 -0
    outer loop
      vertex -1.90149 -5.70644 7.4
      vertex -1.90149 -5.70644 9
      vertex -1.87767 -5.71996 9
    endloop
  endfacet
  facet normal 0.531189 0.847253 0
    outer loop
      vertex -1.92516 -5.6916 7.4
      vertex -1.90149 -5.70644 9
      vertex -1.90149 -5.70644 7.4
    endloop
  endfacet
  facet normal 0.531189 0.847253 -0
    outer loop
      vertex -1.92516 -5.6916 7.4
      vertex -1.92516 -5.6916 9
      vertex -1.90149 -5.70644 9
    endloop
  endfacet
  facet normal 0.567014 0.823708 0
    outer loop
      vertex -1.9482 -5.67574 7.4
      vertex -1.92516 -5.6916 9
      vertex -1.92516 -5.6916 7.4
    endloop
  endfacet
  facet normal 0.567014 0.823708 -0
    outer loop
      vertex -1.9482 -5.67574 7.4
      vertex -1.9482 -5.67574 9
      vertex -1.92516 -5.6916 9
    endloop
  endfacet
  facet normal 0.60165 0.79876 0
    outer loop
      vertex -1.97142 -5.65825 7.4
      vertex -1.9482 -5.67574 9
      vertex -1.9482 -5.67574 7.4
    endloop
  endfacet
  facet normal 0.60165 0.79876 -0
    outer loop
      vertex -1.97142 -5.65825 7.4
      vertex -1.97142 -5.65825 9
      vertex -1.9482 -5.67574 9
    endloop
  endfacet
  facet normal 0.634137 0.773221 0
    outer loop
      vertex -1.99388 -5.63983 7.4
      vertex -1.97142 -5.65825 9
      vertex -1.97142 -5.65825 7.4
    endloop
  endfacet
  facet normal 0.634137 0.773221 -0
    outer loop
      vertex -1.99388 -5.63983 7.4
      vertex -1.99388 -5.63983 9
      vertex -1.97142 -5.65825 9
    endloop
  endfacet
  facet normal 0.665595 0.746313 0
    outer loop
      vertex -2.01607 -5.62004 7.4
      vertex -1.99388 -5.63983 9
      vertex -1.99388 -5.63983 7.4
    endloop
  endfacet
  facet normal 0.665595 0.746313 -0
    outer loop
      vertex -2.01607 -5.62004 7.4
      vertex -2.01607 -5.62004 9
      vertex -1.99388 -5.63983 9
    endloop
  endfacet
  facet normal 0.694994 0.719015 0
    outer loop
      vertex -2.03822 -5.59863 7.4
      vertex -2.01607 -5.62004 9
      vertex -2.01607 -5.62004 7.4
    endloop
  endfacet
  facet normal 0.694994 0.719015 -0
    outer loop
      vertex -2.03822 -5.59863 7.4
      vertex -2.03822 -5.59863 9
      vertex -2.01607 -5.62004 9
    endloop
  endfacet
  facet normal 0.722094 0.691795 0
    outer loop
      vertex -2.05991 -5.57599 7.4
      vertex -2.03822 -5.59863 9
      vertex -2.03822 -5.59863 7.4
    endloop
  endfacet
  facet normal 0.722094 0.691795 -0
    outer loop
      vertex -2.05991 -5.57599 7.4
      vertex -2.05991 -5.57599 9
      vertex -2.03822 -5.59863 9
    endloop
  endfacet
  facet normal 0.747898 0.663813 0
    outer loop
      vertex -2.08162 -5.55153 7.4
      vertex -2.05991 -5.57599 9
      vertex -2.05991 -5.57599 7.4
    endloop
  endfacet
  facet normal 0.747898 0.663813 -0
    outer loop
      vertex -2.08162 -5.55153 7.4
      vertex -2.08162 -5.55153 9
      vertex -2.05991 -5.57599 9
    endloop
  endfacet
  facet normal 0.771835 0.635823 0
    outer loop
      vertex -2.10289 -5.52571 7.4
      vertex -2.08162 -5.55153 9
      vertex -2.08162 -5.55153 7.4
    endloop
  endfacet
  facet normal 0.771835 0.635823 -0
    outer loop
      vertex -2.10289 -5.52571 7.4
      vertex -2.10289 -5.52571 9
      vertex -2.08162 -5.55153 9
    endloop
  endfacet
  facet normal 0.793881 0.608073 0
    outer loop
      vertex -2.12354 -5.49875 7.4
      vertex -2.10289 -5.52571 9
      vertex -2.10289 -5.52571 7.4
    endloop
  endfacet
  facet normal 0.793881 0.608073 -0
    outer loop
      vertex -2.12354 -5.49875 7.4
      vertex -2.12354 -5.49875 9
      vertex -2.10289 -5.52571 9
    endloop
  endfacet
  facet normal 0.814841 0.579685 0
    outer loop
      vertex -2.14368 -5.47044 7.4
      vertex -2.12354 -5.49875 9
      vertex -2.12354 -5.49875 7.4
    endloop
  endfacet
  facet normal 0.814841 0.579685 -0
    outer loop
      vertex -2.14368 -5.47044 7.4
      vertex -2.14368 -5.47044 9
      vertex -2.12354 -5.49875 9
    endloop
  endfacet
  facet normal 0.834762 0.550612 0
    outer loop
      vertex -2.16298 -5.44118 7.4
      vertex -2.14368 -5.47044 9
      vertex -2.14368 -5.47044 7.4
    endloop
  endfacet
  facet normal 0.834762 0.550612 -0
    outer loop
      vertex -2.16298 -5.44118 7.4
      vertex -2.16298 -5.44118 9
      vertex -2.14368 -5.47044 9
    endloop
  endfacet
  facet normal 0.85379 0.520617 0
    outer loop
      vertex -2.1817 -5.41048 7.4
      vertex -2.16298 -5.44118 9
      vertex -2.16298 -5.44118 7.4
    endloop
  endfacet
  facet normal 0.85379 0.520617 -0
    outer loop
      vertex -2.1817 -5.41048 7.4
      vertex -2.1817 -5.41048 9
      vertex -2.16298 -5.44118 9
    endloop
  endfacet
  facet normal 0.871285 0.490778 0
    outer loop
      vertex -2.19928 -5.37927 7.4
      vertex -2.1817 -5.41048 9
      vertex -2.1817 -5.41048 7.4
    endloop
  endfacet
  facet normal 0.871285 0.490778 -0
    outer loop
      vertex -2.19928 -5.37927 7.4
      vertex -2.19928 -5.37927 9
      vertex -2.1817 -5.41048 9
    endloop
  endfacet
  facet normal 0.887587 0.46064 0
    outer loop
      vertex -2.21637 -5.34634 7.4
      vertex -2.19928 -5.37927 9
      vertex -2.19928 -5.37927 7.4
    endloop
  endfacet
  facet normal 0.887587 0.46064 -0
    outer loop
      vertex -2.21637 -5.34634 7.4
      vertex -2.21637 -5.34634 9
      vertex -2.19928 -5.37927 9
    endloop
  endfacet
  facet normal 0.90212 0.431484 0
    outer loop
      vertex -2.23224 -5.31316 7.4
      vertex -2.21637 -5.34634 9
      vertex -2.21637 -5.34634 7.4
    endloop
  endfacet
  facet normal 0.90212 0.431484 -0
    outer loop
      vertex -2.23224 -5.31316 7.4
      vertex -2.23224 -5.31316 9
      vertex -2.21637 -5.34634 9
    endloop
  endfacet
  facet normal 0.915884 0.401444 0
    outer loop
      vertex -2.24773 -5.27782 7.4
      vertex -2.23224 -5.31316 9
      vertex -2.23224 -5.31316 7.4
    endloop
  endfacet
  facet normal 0.915884 0.401444 -0
    outer loop
      vertex -2.24773 -5.27782 7.4
      vertex -2.24773 -5.27782 9
      vertex -2.23224 -5.31316 9
    endloop
  endfacet
  facet normal 0.928036 0.372489 0
    outer loop
      vertex -2.26234 -5.24142 7.4
      vertex -2.24773 -5.27782 9
      vertex -2.24773 -5.27782 7.4
    endloop
  endfacet
  facet normal 0.928036 0.372489 -0
    outer loop
      vertex -2.26234 -5.24142 7.4
      vertex -2.26234 -5.24142 9
      vertex -2.24773 -5.27782 9
    endloop
  endfacet
  facet normal 0.938939 0.344083 0
    outer loop
      vertex -2.27591 -5.20439 7.4
      vertex -2.26234 -5.24142 9
      vertex -2.26234 -5.24142 7.4
    endloop
  endfacet
  facet normal 0.938939 0.344083 -0
    outer loop
      vertex -2.27591 -5.20439 7.4
      vertex -2.27591 -5.20439 9
      vertex -2.26234 -5.24142 9
    endloop
  endfacet
  facet normal 0.949049 0.315129 0
    outer loop
      vertex -2.28882 -5.16551 7.4
      vertex -2.27591 -5.20439 9
      vertex -2.27591 -5.20439 7.4
    endloop
  endfacet
  facet normal 0.949049 0.315129 -0
    outer loop
      vertex -2.28882 -5.16551 7.4
      vertex -2.28882 -5.16551 9
      vertex -2.27591 -5.20439 9
    endloop
  endfacet
  facet normal 0.957661 0.287899 0
    outer loop
      vertex -2.3008 -5.12566 7.4
      vertex -2.28882 -5.16551 9
      vertex -2.28882 -5.16551 7.4
    endloop
  endfacet
  facet normal 0.957661 0.287899 -0
    outer loop
      vertex -2.3008 -5.12566 7.4
      vertex -2.3008 -5.12566 9
      vertex -2.28882 -5.16551 9
    endloop
  endfacet
  facet normal 0.965507 0.260377 0
    outer loop
      vertex -2.3119 -5.0845 7.4
      vertex -2.3008 -5.12566 9
      vertex -2.3008 -5.12566 7.4
    endloop
  endfacet
  facet normal 0.965507 0.260377 -0
    outer loop
      vertex -2.3119 -5.0845 7.4
      vertex -2.3119 -5.0845 9
      vertex -2.3008 -5.12566 9
    endloop
  endfacet
  facet normal 0.972286 0.233795 0
    outer loop
      vertex -2.32217 -5.04179 7.4
      vertex -2.3119 -5.0845 9
      vertex -2.3119 -5.0845 7.4
    endloop
  endfacet
  facet normal 0.972286 0.233795 -0
    outer loop
      vertex -2.32217 -5.04179 7.4
      vertex -2.32217 -5.04179 9
      vertex -2.3119 -5.0845 9
    endloop
  endfacet
  facet normal 0.97804 0.208416 0
    outer loop
      vertex -2.33151 -4.99796 7.4
      vertex -2.32217 -5.04179 9
      vertex -2.32217 -5.04179 7.4
    endloop
  endfacet
  facet normal 0.97804 0.208416 -0
    outer loop
      vertex -2.33151 -4.99796 7.4
      vertex -2.33151 -4.99796 9
      vertex -2.32217 -5.04179 9
    endloop
  endfacet
  facet normal 0.983107 0.183031 0
    outer loop
      vertex -2.33986 -4.95311 7.4
      vertex -2.33151 -4.99796 9
      vertex -2.33151 -4.99796 7.4
    endloop
  endfacet
  facet normal 0.983107 0.183031 -0
    outer loop
      vertex -2.33986 -4.95311 7.4
      vertex -2.33986 -4.95311 9
      vertex -2.33151 -4.99796 9
    endloop
  endfacet
  facet normal 0.98727 0.159052 0
    outer loop
      vertex -2.34734 -4.90668 7.4
      vertex -2.33986 -4.95311 9
      vertex -2.33986 -4.95311 7.4
    endloop
  endfacet
  facet normal 0.98727 0.159052 -0
    outer loop
      vertex -2.34734 -4.90668 7.4
      vertex -2.34734 -4.90668 9
      vertex -2.33986 -4.95311 9
    endloop
  endfacet
  facet normal 0.990834 0.135086 0
    outer loop
      vertex -2.35391 -4.85849 7.4
      vertex -2.34734 -4.90668 9
      vertex -2.34734 -4.90668 7.4
    endloop
  endfacet
  facet normal 0.990834 0.135086 -0
    outer loop
      vertex -2.35391 -4.85849 7.4
      vertex -2.35391 -4.85849 9
      vertex -2.34734 -4.90668 9
    endloop
  endfacet
  facet normal 0.99365 0.112519 0
    outer loop
      vertex -2.35947 -4.80939 7.4
      vertex -2.35391 -4.85849 9
      vertex -2.35391 -4.85849 7.4
    endloop
  endfacet
  facet normal 0.99365 0.112519 -0
    outer loop
      vertex -2.35947 -4.80939 7.4
      vertex -2.35947 -4.80939 9
      vertex -2.35391 -4.85849 9
    endloop
  endfacet
  facet normal 0.995936 0.0900676 0
    outer loop
      vertex -2.36398 -4.75952 7.4
      vertex -2.35947 -4.80939 9
      vertex -2.35947 -4.80939 7.4
    endloop
  endfacet
  facet normal 0.995936 0.0900676 -0
    outer loop
      vertex -2.36398 -4.75952 7.4
      vertex -2.36398 -4.75952 9
      vertex -2.35947 -4.80939 9
    endloop
  endfacet
  facet normal 0.997627 0.0688484 0
    outer loop
      vertex -2.36755 -4.70779 7.4
      vertex -2.36398 -4.75952 9
      vertex -2.36398 -4.75952 7.4
    endloop
  endfacet
  facet normal 0.997627 0.0688484 -0
    outer loop
      vertex -2.36755 -4.70779 7.4
      vertex -2.36755 -4.70779 9
      vertex -2.36398 -4.75952 9
    endloop
  endfacet
  facet normal 0.998807 0.0488265 0
    outer loop
      vertex -2.37018 -4.65399 7.4
      vertex -2.36755 -4.70779 9
      vertex -2.36755 -4.70779 7.4
    endloop
  endfacet
  facet normal 0.998807 0.0488265 -0
    outer loop
      vertex -2.37018 -4.65399 7.4
      vertex -2.37018 -4.65399 9
      vertex -2.36755 -4.70779 9
    endloop
  endfacet
  facet normal 0.999603 0.0281657 0
    outer loop
      vertex -2.37169 -4.6004 7.4
      vertex -2.37018 -4.65399 9
      vertex -2.37018 -4.65399 7.4
    endloop
  endfacet
  facet normal 0.999603 0.0281657 -0
    outer loop
      vertex -2.37169 -4.6004 7.4
      vertex -2.37169 -4.6004 9
      vertex -2.37018 -4.65399 9
    endloop
  endfacet
  facet normal 0.999956 0.00937741 0
    outer loop
      vertex -2.37221 -4.54495 7.4
      vertex -2.37169 -4.6004 9
      vertex -2.37169 -4.6004 7.4
    endloop
  endfacet
  facet normal 0.999956 0.00937741 -0
    outer loop
      vertex -2.37221 -4.54495 7.4
      vertex -2.37221 -4.54495 9
      vertex -2.37169 -4.6004 9
    endloop
  endfacet
  facet normal 0.999978 -0.00664366 0
    outer loop
      vertex -2.3719 -4.49829 7.4
      vertex -2.37221 -4.54495 9
      vertex -2.37221 -4.54495 7.4
    endloop
  endfacet
  facet normal 0.999978 -0.00664366 0
    outer loop
      vertex -2.3719 -4.49829 7.4
      vertex -2.3719 -4.49829 9
      vertex -2.37221 -4.54495 9
    endloop
  endfacet
  facet normal 0.999827 -0.0185801 0
    outer loop
      vertex -2.37105 -4.45255 7.4
      vertex -2.3719 -4.49829 9
      vertex -2.3719 -4.49829 7.4
    endloop
  endfacet
  facet normal 0.999827 -0.0185801 0
    outer loop
      vertex -2.37105 -4.45255 7.4
      vertex -2.37105 -4.45255 9
      vertex -2.3719 -4.49829 9
    endloop
  endfacet
  facet normal 0.999512 -0.0312415 0
    outer loop
      vertex -2.3696 -4.40616 7.4
      vertex -2.37105 -4.45255 9
      vertex -2.37105 -4.45255 7.4
    endloop
  endfacet
  facet normal 0.999512 -0.0312415 0
    outer loop
      vertex -2.3696 -4.40616 7.4
      vertex -2.3696 -4.40616 9
      vertex -2.37105 -4.45255 9
    endloop
  endfacet
  facet normal 0.999071 -0.0430932 0
    outer loop
      vertex -2.36748 -4.35701 7.4
      vertex -2.3696 -4.40616 9
      vertex -2.3696 -4.40616 7.4
    endloop
  endfacet
  facet normal 0.999071 -0.0430932 0
    outer loop
      vertex -2.36748 -4.35701 7.4
      vertex -2.36748 -4.35701 9
      vertex -2.3696 -4.40616 9
    endloop
  endfacet
  facet normal 0.99847 -0.0552973 0
    outer loop
      vertex -2.36482 -4.30898 7.4
      vertex -2.36748 -4.35701 9
      vertex -2.36748 -4.35701 7.4
    endloop
  endfacet
  facet normal 0.99847 -0.0552973 0
    outer loop
      vertex -2.36482 -4.30898 7.4
      vertex -2.36482 -4.30898 9
      vertex -2.36748 -4.35701 9
    endloop
  endfacet
  facet normal 0.997817 -0.0660426 0
    outer loop
      vertex -2.3616 -4.26033 7.4
      vertex -2.36482 -4.30898 9
      vertex -2.36482 -4.30898 7.4
    endloop
  endfacet
  facet normal 0.997817 -0.0660426 0
    outer loop
      vertex -2.3616 -4.26033 7.4
      vertex -2.3616 -4.26033 9
      vertex -2.36482 -4.30898 9
    endloop
  endfacet
  facet normal 0.996979 -0.0776739 0
    outer loop
      vertex -2.35765 -4.20963 7.4
      vertex -2.3616 -4.26033 9
      vertex -2.3616 -4.26033 7.4
    endloop
  endfacet
  facet normal 0.996979 -0.0776739 0
    outer loop
      vertex -2.35765 -4.20963 7.4
      vertex -2.35765 -4.20963 9
      vertex -2.3616 -4.26033 9
    endloop
  endfacet
  facet normal 0.996095 -0.0882844 0
    outer loop
      vertex -2.35323 -4.15976 7.4
      vertex -2.35765 -4.20963 9
      vertex -2.35765 -4.20963 7.4
    endloop
  endfacet
  facet normal 0.996095 -0.0882844 0
    outer loop
      vertex -2.35323 -4.15976 7.4
      vertex -2.35323 -4.15976 9
      vertex -2.35765 -4.20963 9
    endloop
  endfacet
  facet normal 0.995084 -0.0990305 0
    outer loop
      vertex -2.34805 -4.10771 7.4
      vertex -2.35323 -4.15976 9
      vertex -2.35323 -4.15976 7.4
    endloop
  endfacet
  facet normal 0.995084 -0.0990305 0
    outer loop
      vertex -2.34805 -4.10771 7.4
      vertex -2.34805 -4.10771 9
      vertex -2.35323 -4.15976 9
    endloop
  endfacet
  facet normal 0.994038 -0.109031 0
    outer loop
      vertex -2.34241 -4.05629 7.4
      vertex -2.34805 -4.10771 9
      vertex -2.34805 -4.10771 7.4
    endloop
  endfacet
  facet normal 0.994038 -0.109031 0
    outer loop
      vertex -2.34241 -4.05629 7.4
      vertex -2.34241 -4.05629 9
      vertex -2.34805 -4.10771 9
    endloop
  endfacet
  facet normal 0.992881 -0.119114 0
    outer loop
      vertex -2.3363 -4.00536 7.4
      vertex -2.34241 -4.05629 9
      vertex -2.34241 -4.05629 7.4
    endloop
  endfacet
  facet normal 0.992881 -0.119114 0
    outer loop
      vertex -2.3363 -4.00536 7.4
      vertex -2.3363 -4.00536 9
      vertex -2.34241 -4.05629 9
    endloop
  endfacet
  facet normal 0.991632 -0.129098 0
    outer loop
      vertex -2.32921 -3.9509 7.4
      vertex -2.3363 -4.00536 9
      vertex -2.3363 -4.00536 7.4
    endloop
  endfacet
  facet normal 0.991632 -0.129098 0
    outer loop
      vertex -2.32921 -3.9509 7.4
      vertex -2.32921 -3.9509 9
      vertex -2.3363 -4.00536 9
    endloop
  endfacet
  facet normal 0.99034 -0.138658 0
    outer loop
      vertex -2.32155 -3.89619 7.4
      vertex -2.32921 -3.9509 9
      vertex -2.32921 -3.9509 7.4
    endloop
  endfacet
  facet normal 0.99034 -0.138658 0
    outer loop
      vertex -2.32155 -3.89619 7.4
      vertex -2.32155 -3.89619 9
      vertex -2.32921 -3.9509 9
    endloop
  endfacet
  facet normal 0.98905 -0.14758 0
    outer loop
      vertex -2.31367 -3.84338 7.4
      vertex -2.32155 -3.89619 9
      vertex -2.32155 -3.89619 7.4
    endloop
  endfacet
  facet normal 0.98905 -0.14758 0
    outer loop
      vertex -2.31367 -3.84338 7.4
      vertex -2.31367 -3.84338 9
      vertex -2.32155 -3.89619 9
    endloop
  endfacet
  facet normal 0.987555 -0.157277 0
    outer loop
      vertex -2.30482 -3.78781 7.4
      vertex -2.31367 -3.84338 9
      vertex -2.31367 -3.84338 7.4
    endloop
  endfacet
  facet normal 0.987555 -0.157277 0
    outer loop
      vertex -2.30482 -3.78781 7.4
      vertex -2.30482 -3.78781 9
      vertex -2.31367 -3.84338 9
    endloop
  endfacet
  facet normal 0.986204 -0.165537 0
    outer loop
      vertex -2.29562 -3.733 7.4
      vertex -2.30482 -3.78781 9
      vertex -2.30482 -3.78781 7.4
    endloop
  endfacet
  facet normal 0.986204 -0.165537 0
    outer loop
      vertex -2.29562 -3.733 7.4
      vertex -2.29562 -3.733 9
      vertex -2.30482 -3.78781 9
    endloop
  endfacet
  facet normal 0.9847 -0.174259 0
    outer loop
      vertex -2.28534 -3.67491 7.4
      vertex -2.29562 -3.733 9
      vertex -2.29562 -3.733 7.4
    endloop
  endfacet
  facet normal 0.9847 -0.174259 0
    outer loop
      vertex -2.28534 -3.67491 7.4
      vertex -2.28534 -3.67491 9
      vertex -2.29562 -3.733 9
    endloop
  endfacet
  facet normal 0.983111 -0.183012 0
    outer loop
      vertex -2.27504 -3.61958 7.4
      vertex -2.28534 -3.67491 9
      vertex -2.28534 -3.67491 7.4
    endloop
  endfacet
  facet normal 0.983111 -0.183012 0
    outer loop
      vertex -2.27504 -3.61958 7.4
      vertex -2.27504 -3.61958 9
      vertex -2.28534 -3.67491 9
    endloop
  endfacet
  facet normal 0.981598 -0.190959 0
    outer loop
      vertex -2.26357 -3.56062 7.4
      vertex -2.27504 -3.61958 9
      vertex -2.27504 -3.61958 7.4
    endloop
  endfacet
  facet normal 0.981598 -0.190959 0
    outer loop
      vertex -2.26357 -3.56062 7.4
      vertex -2.26357 -3.56062 9
      vertex -2.27504 -3.61958 9
    endloop
  endfacet
  facet normal 0.979962 -0.199185 0
    outer loop
      vertex -2.25159 -3.50168 7.4
      vertex -2.26357 -3.56062 9
      vertex -2.26357 -3.56062 7.4
    endloop
  endfacet
  facet normal 0.979962 -0.199185 0
    outer loop
      vertex -2.25159 -3.50168 7.4
      vertex -2.25159 -3.50168 9
      vertex -2.26357 -3.56062 9
    endloop
  endfacet
  facet normal 0.978335 -0.207028 0
    outer loop
      vertex -2.23949 -3.4445 7.4
      vertex -2.25159 -3.50168 9
      vertex -2.25159 -3.50168 7.4
    endloop
  endfacet
  facet normal 0.978335 -0.207028 0
    outer loop
      vertex -2.23949 -3.4445 7.4
      vertex -2.23949 -3.4445 9
      vertex -2.25159 -3.50168 9
    endloop
  endfacet
  facet normal 0.976719 -0.214524 0
    outer loop
      vertex -2.22618 -3.3839 7.4
      vertex -2.23949 -3.4445 9
      vertex -2.23949 -3.4445 7.4
    endloop
  endfacet
  facet normal 0.976719 -0.214524 0
    outer loop
      vertex -2.22618 -3.3839 7.4
      vertex -2.22618 -3.3839 9
      vertex -2.23949 -3.4445 9
    endloop
  endfacet
  facet normal 0.975039 -0.222035 0
    outer loop
      vertex -2.21228 -3.32286 7.4
      vertex -2.22618 -3.3839 9
      vertex -2.22618 -3.3839 7.4
    endloop
  endfacet
  facet normal 0.975039 -0.222035 0
    outer loop
      vertex -2.21228 -3.32286 7.4
      vertex -2.21228 -3.32286 9
      vertex -2.22618 -3.3839 9
    endloop
  endfacet
  facet normal 0.973245 -0.229769 0
    outer loop
      vertex -2.19841 -3.26411 7.4
      vertex -2.21228 -3.32286 9
      vertex -2.21228 -3.32286 7.4
    endloop
  endfacet
  facet normal 0.973245 -0.229769 0
    outer loop
      vertex -2.19841 -3.26411 7.4
      vertex -2.19841 -3.26411 9
      vertex -2.21228 -3.32286 9
    endloop
  endfacet
  facet normal 0.971346 -0.23767 0
    outer loop
      vertex -2.183 -3.20113 7.4
      vertex -2.19841 -3.26411 9
      vertex -2.19841 -3.26411 7.4
    endloop
  endfacet
  facet normal 0.971346 -0.23767 0
    outer loop
      vertex -2.183 -3.20113 7.4
      vertex -2.183 -3.20113 9
      vertex -2.19841 -3.26411 9
    endloop
  endfacet
  facet normal 0.969547 -0.244907 0
    outer loop
      vertex -2.16794 -3.14151 7.4
      vertex -2.183 -3.20113 9
      vertex -2.183 -3.20113 7.4
    endloop
  endfacet
  facet normal 0.969547 -0.244907 0
    outer loop
      vertex -2.16794 -3.14151 7.4
      vertex -2.16794 -3.14151 9
      vertex -2.183 -3.20113 9
    endloop
  endfacet
  facet normal 0.967521 -0.25279 0
    outer loop
      vertex -2.15143 -3.07832 7.4
      vertex -2.16794 -3.14151 9
      vertex -2.16794 -3.14151 7.4
    endloop
  endfacet
  facet normal 0.967521 -0.25279 0
    outer loop
      vertex -2.15143 -3.07832 7.4
      vertex -2.15143 -3.07832 9
      vertex -2.16794 -3.14151 9
    endloop
  endfacet
  facet normal 0.965539 -0.260257 0
    outer loop
      vertex -2.13495 -3.01718 7.4
      vertex -2.15143 -3.07832 9
      vertex -2.15143 -3.07832 7.4
    endloop
  endfacet
  facet normal 0.965539 -0.260257 0
    outer loop
      vertex -2.13495 -3.01718 7.4
      vertex -2.13495 -3.01718 9
      vertex -2.15143 -3.07832 9
    endloop
  endfacet
  facet normal 0.963569 -0.267459 0
    outer loop
      vertex -2.11708 -2.9528 7.4
      vertex -2.13495 -3.01718 9
      vertex -2.13495 -3.01718 7.4
    endloop
  endfacet
  facet normal 0.963569 -0.267459 0
    outer loop
      vertex -2.11708 -2.9528 7.4
      vertex -2.11708 -2.9528 9
      vertex -2.13495 -3.01718 9
    endloop
  endfacet
  facet normal 0.961642 -0.274309 0
    outer loop
      vertex -2.0995 -2.89117 7.4
      vertex -2.11708 -2.9528 9
      vertex -2.11708 -2.9528 7.4
    endloop
  endfacet
  facet normal 0.961642 -0.274309 0
    outer loop
      vertex -2.0995 -2.89117 7.4
      vertex -2.0995 -2.89117 9
      vertex -2.11708 -2.9528 9
    endloop
  endfacet
  facet normal 0.959571 -0.281466 0
    outer loop
      vertex -2.08034 -2.82585 7.4
      vertex -2.0995 -2.89117 9
      vertex -2.0995 -2.89117 7.4
    endloop
  endfacet
  facet normal 0.959571 -0.281466 0
    outer loop
      vertex -2.08034 -2.82585 7.4
      vertex -2.08034 -2.82585 9
      vertex -2.0995 -2.89117 9
    endloop
  endfacet
  facet normal 0.957539 -0.288304 0
    outer loop
      vertex -2.06154 -2.76341 7.4
      vertex -2.08034 -2.82585 9
      vertex -2.08034 -2.82585 7.4
    endloop
  endfacet
  facet normal 0.957539 -0.288304 0
    outer loop
      vertex -2.06154 -2.76341 7.4
      vertex -2.06154 -2.76341 9
      vertex -2.08034 -2.82585 9
    endloop
  endfacet
  facet normal 0.955482 -0.29505 0
    outer loop
      vertex -2.04111 -2.69725 7.4
      vertex -2.06154 -2.76341 9
      vertex -2.06154 -2.76341 7.4
    endloop
  endfacet
  facet normal 0.955482 -0.29505 0
    outer loop
      vertex -2.04111 -2.69725 7.4
      vertex -2.04111 -2.69725 9
      vertex -2.06154 -2.76341 9
    endloop
  endfacet
  facet normal 0.953464 -0.301506 0
    outer loop
      vertex -2.02109 -2.63394 7.4
      vertex -2.04111 -2.69725 9
      vertex -2.04111 -2.69725 7.4
    endloop
  endfacet
  facet normal 0.953464 -0.301506 0
    outer loop
      vertex -2.02109 -2.63394 7.4
      vertex -2.02109 -2.63394 9
      vertex -2.04111 -2.69725 9
    endloop
  endfacet
  facet normal 0.951372 -0.308045 0
    outer loop
      vertex -1.99994 -2.56862 7.4
      vertex -2.02109 -2.63394 9
      vertex -2.02109 -2.63394 7.4
    endloop
  endfacet
  facet normal 0.951372 -0.308045 0
    outer loop
      vertex -1.99994 -2.56862 7.4
      vertex -1.99994 -2.56862 9
      vertex -2.02109 -2.63394 9
    endloop
  endfacet
  facet normal 0.949232 -0.314578 0
    outer loop
      vertex -1.97762 -2.50127 7.4
      vertex -1.99994 -2.56862 9
      vertex -1.99994 -2.56862 7.4
    endloop
  endfacet
  facet normal 0.949232 -0.314578 0
    outer loop
      vertex -1.97762 -2.50127 7.4
      vertex -1.97762 -2.50127 9
      vertex -1.99994 -2.56862 9
    endloop
  endfacet
  facet normal 0.947105 -0.320924 0
    outer loop
      vertex -1.9557 -2.43658 7.4
      vertex -1.97762 -2.50127 9
      vertex -1.97762 -2.50127 7.4
    endloop
  endfacet
  facet normal 0.947105 -0.320924 0
    outer loop
      vertex -1.9557 -2.43658 7.4
      vertex -1.9557 -2.43658 9
      vertex -1.97762 -2.50127 9
    endloop
  endfacet
  facet normal 0.945059 -0.326901 0
    outer loop
      vertex -1.93213 -2.36844 7.4
      vertex -1.9557 -2.43658 9
      vertex -1.9557 -2.43658 7.4
    endloop
  endfacet
  facet normal 0.945059 -0.326901 0
    outer loop
      vertex -1.93213 -2.36844 7.4
      vertex -1.93213 -2.36844 9
      vertex -1.9557 -2.43658 9
    endloop
  endfacet
  facet normal 0.943004 -0.332783 0
    outer loop
      vertex -1.90898 -2.30284 7.4
      vertex -1.93213 -2.36844 9
      vertex -1.93213 -2.36844 7.4
    endloop
  endfacet
  facet normal 0.943004 -0.332783 0
    outer loop
      vertex -1.90898 -2.30284 7.4
      vertex -1.90898 -2.30284 9
      vertex -1.93213 -2.36844 9
    endloop
  endfacet
  facet normal 0.940827 -0.338887 0
    outer loop
      vertex -1.88467 -2.23535 7.4
      vertex -1.90898 -2.30284 9
      vertex -1.90898 -2.30284 7.4
    endloop
  endfacet
  facet normal 0.940827 -0.338887 0
    outer loop
      vertex -1.88467 -2.23535 7.4
      vertex -1.88467 -2.23535 9
      vertex -1.90898 -2.30284 9
    endloop
  endfacet
  facet normal 0.938749 -0.344601 0
    outer loop
      vertex -1.85922 -2.16602 7.4
      vertex -1.88467 -2.23535 9
      vertex -1.88467 -2.23535 7.4
    endloop
  endfacet
  facet normal 0.938749 -0.344601 0
    outer loop
      vertex -1.85922 -2.16602 7.4
      vertex -1.85922 -2.16602 9
      vertex -1.88467 -2.23535 9
    endloop
  endfacet
  facet normal 0.936667 -0.35022 0
    outer loop
      vertex -1.83372 -2.09782 7.4
      vertex -1.85922 -2.16602 9
      vertex -1.85922 -2.16602 7.4
    endloop
  endfacet
  facet normal 0.936667 -0.35022 0
    outer loop
      vertex -1.83372 -2.09782 7.4
      vertex -1.83372 -2.09782 9
      vertex -1.85922 -2.16602 9
    endloop
  endfacet
  facet normal 0.934437 -0.356128 0
    outer loop
      vertex -1.80801 -2.03036 7.4
      vertex -1.83372 -2.09782 9
      vertex -1.83372 -2.09782 7.4
    endloop
  endfacet
  facet normal 0.934437 -0.356128 0
    outer loop
      vertex -1.80801 -2.03036 7.4
      vertex -1.80801 -2.03036 9
      vertex -1.83372 -2.09782 9
    endloop
  endfacet
  facet normal 0.932401 -0.361425 0
    outer loop
      vertex -1.78119 -1.96117 7.4
      vertex -1.80801 -2.03036 9
      vertex -1.80801 -2.03036 7.4
    endloop
  endfacet
  facet normal 0.932401 -0.361425 0
    outer loop
      vertex -1.78119 -1.96117 7.4
      vertex -1.78119 -1.96117 9
      vertex -1.80801 -2.03036 9
    endloop
  endfacet
  facet normal 0.930301 -0.366796 0
    outer loop
      vertex -1.75322 -1.89023 7.4
      vertex -1.78119 -1.96117 9
      vertex -1.78119 -1.96117 7.4
    endloop
  endfacet
  facet normal 0.930301 -0.366796 0
    outer loop
      vertex -1.75322 -1.89023 7.4
      vertex -1.75322 -1.89023 9
      vertex -1.78119 -1.96117 9
    endloop
  endfacet
  facet normal 0.928184 -0.372122 0
    outer loop
      vertex -1.72516 -1.82024 7.4
      vertex -1.75322 -1.89023 9
      vertex -1.75322 -1.89023 7.4
    endloop
  endfacet
  facet normal 0.928184 -0.372122 0
    outer loop
      vertex -1.72516 -1.82024 7.4
      vertex -1.72516 -1.82024 9
      vertex -1.75322 -1.89023 9
    endloop
  endfacet
  facet normal 0.924975 0.380028 0
    outer loop
      vertex -1.85759 -1.49791 7.4
      vertex -1.72516 -1.82024 9
      vertex -1.72516 -1.82024 7.4
    endloop
  endfacet
  facet normal 0.924975 0.380028 -0
    outer loop
      vertex -1.85759 -1.49791 7.4
      vertex -1.85759 -1.49791 9
      vertex -1.72516 -1.82024 9
    endloop
  endfacet
  facet normal 0.398053 0.917362 0
    outer loop
      vertex -1.89746 -1.48061 7.4
      vertex -1.85759 -1.49791 9
      vertex -1.85759 -1.49791 7.4
    endloop
  endfacet
  facet normal 0.398053 0.917362 -0
    outer loop
      vertex -1.89746 -1.48061 7.4
      vertex -1.89746 -1.48061 9
      vertex -1.85759 -1.49791 9
    endloop
  endfacet
  facet normal 0.389724 0.920932 0
    outer loop
      vertex -1.93671 -1.464 7.4
      vertex -1.89746 -1.48061 9
      vertex -1.89746 -1.48061 7.4
    endloop
  endfacet
  facet normal 0.389724 0.920932 -0
    outer loop
      vertex -1.93671 -1.464 7.4
      vertex -1.93671 -1.464 9
      vertex -1.89746 -1.48061 9
    endloop
  endfacet
  facet normal 0.380135 0.924931 0
    outer loop
      vertex -1.9753 -1.44814 7.4
      vertex -1.93671 -1.464 9
      vertex -1.93671 -1.464 7.4
    endloop
  endfacet
  facet normal 0.380135 0.924931 -0
    outer loop
      vertex -1.9753 -1.44814 7.4
      vertex -1.9753 -1.44814 9
      vertex -1.93671 -1.464 9
    endloop
  endfacet
  facet normal 0.37097 0.928645 0
    outer loop
      vertex -2.01335 -1.43294 7.4
      vertex -1.9753 -1.44814 9
      vertex -1.9753 -1.44814 7.4
    endloop
  endfacet
  facet normal 0.37097 0.928645 -0
    outer loop
      vertex -2.01335 -1.43294 7.4
      vertex -2.01335 -1.43294 9
      vertex -1.9753 -1.44814 9
    endloop
  endfacet
  facet normal 0.360547 0.932741 0
    outer loop
      vertex -2.05081 -1.41846 7.4
      vertex -2.01335 -1.43294 9
      vertex -2.01335 -1.43294 7.4
    endloop
  endfacet
  facet normal 0.360547 0.932741 -0
    outer loop
      vertex -2.05081 -1.41846 7.4
      vertex -2.05081 -1.41846 9
      vertex -2.01335 -1.43294 9
    endloop
  endfacet
  facet normal 0.350279 0.936645 0
    outer loop
      vertex -2.08485 -1.40573 7.4
      vertex -2.05081 -1.41846 9
      vertex -2.05081 -1.41846 7.4
    endloop
  endfacet
  facet normal 0.350279 0.936645 -0
    outer loop
      vertex -2.08485 -1.40573 7.4
      vertex -2.08485 -1.40573 9
      vertex -2.05081 -1.41846 9
    endloop
  endfacet
  facet normal 0.338592 0.940933 0
    outer loop
      vertex -2.12395 -1.39166 7.4
      vertex -2.08485 -1.40573 9
      vertex -2.08485 -1.40573 7.4
    endloop
  endfacet
  facet normal 0.338592 0.940933 -0
    outer loop
      vertex -2.12395 -1.39166 7.4
      vertex -2.12395 -1.39166 9
      vertex -2.08485 -1.40573 9
    endloop
  endfacet
  facet normal 0.327001 0.945024 0
    outer loop
      vertex -2.15652 -1.38039 7.4
      vertex -2.12395 -1.39166 9
      vertex -2.12395 -1.39166 7.4
    endloop
  endfacet
  facet normal 0.327001 0.945024 -0
    outer loop
      vertex -2.15652 -1.38039 7.4
      vertex -2.15652 -1.38039 9
      vertex -2.12395 -1.39166 9
    endloop
  endfacet
  facet normal 0.31517 0.949035 0
    outer loop
      vertex -2.19151 -1.36877 7.4
      vertex -2.15652 -1.38039 9
      vertex -2.15652 -1.38039 7.4
    endloop
  endfacet
  facet normal 0.31517 0.949035 -0
    outer loop
      vertex -2.19151 -1.36877 7.4
      vertex -2.19151 -1.36877 9
      vertex -2.15652 -1.38039 9
    endloop
  endfacet
  facet normal 0.307318 0.951607 0
    outer loop
      vertex -2.19504 -1.36763 7.4
      vertex -2.19151 -1.36877 9
      vertex -2.19151 -1.36877 7.4
    endloop
  endfacet
  facet normal 0.307318 0.951607 -0
    outer loop
      vertex -2.19504 -1.36763 7.4
      vertex -2.19504 -1.36763 9
      vertex -2.19151 -1.36877 9
    endloop
  endfacet
  facet normal 0.300472 0.953791 0
    outer loop
      vertex -2.22618 -1.35782 7.4
      vertex -2.19504 -1.36763 9
      vertex -2.19504 -1.36763 7.4
    endloop
  endfacet
  facet normal 0.300472 0.953791 -0
    outer loop
      vertex -2.22618 -1.35782 7.4
      vertex -2.22618 -1.35782 9
      vertex -2.19504 -1.36763 9
    endloop
  endfacet
  facet normal 0.28714 0.957889 0
    outer loop
      vertex -2.26004 -1.34767 7.4
      vertex -2.22618 -1.35782 9
      vertex -2.22618 -1.35782 7.4
    endloop
  endfacet
  facet normal 0.28714 0.957889 -0
    outer loop
      vertex -2.26004 -1.34767 7.4
      vertex -2.26004 -1.34767 9
      vertex -2.22618 -1.35782 9
    endloop
  endfacet
  facet normal 0.280955 0.959721 0
    outer loop
      vertex -2.2639 -1.34654 7.4
      vertex -2.26004 -1.34767 9
      vertex -2.26004 -1.34767 7.4
    endloop
  endfacet
  facet normal 0.280955 0.959721 -0
    outer loop
      vertex -2.2639 -1.34654 7.4
      vertex -2.2639 -1.34654 9
      vertex -2.26004 -1.34767 9
    endloop
  endfacet
  facet normal 0.271121 0.962545 0
    outer loop
      vertex -2.29358 -1.33818 7.4
      vertex -2.2639 -1.34654 9
      vertex -2.2639 -1.34654 7.4
    endloop
  endfacet
  facet normal 0.271121 0.962545 -0
    outer loop
      vertex -2.29358 -1.33818 7.4
      vertex -2.29358 -1.33818 9
      vertex -2.2639 -1.34654 9
    endloop
  endfacet
  facet normal 0.263737 0.964595 0
    outer loop
      vertex -2.29753 -1.3371 7.4
      vertex -2.29358 -1.33818 9
      vertex -2.29358 -1.33818 7.4
    endloop
  endfacet
  facet normal 0.263737 0.964595 -0
    outer loop
      vertex -2.29753 -1.3371 7.4
      vertex -2.29753 -1.3371 9
      vertex -2.29358 -1.33818 9
    endloop
  endfacet
  facet normal 0.255479 0.966814 0
    outer loop
      vertex -2.32648 -1.32945 7.4
      vertex -2.29753 -1.3371 9
      vertex -2.29753 -1.3371 7.4
    endloop
  endfacet
  facet normal 0.255479 0.966814 -0
    outer loop
      vertex -2.32648 -1.32945 7.4
      vertex -2.32648 -1.32945 9
      vertex -2.29753 -1.3371 9
    endloop
  endfacet
  facet normal 0.245659 0.969356 0
    outer loop
      vertex -2.33086 -1.32834 7.4
      vertex -2.32648 -1.32945 9
      vertex -2.32648 -1.32945 7.4
    endloop
  endfacet
  facet normal 0.245659 0.969356 -0
    outer loop
      vertex -2.33086 -1.32834 7.4
      vertex -2.33086 -1.32834 9
      vertex -2.32648 -1.32945 9
    endloop
  endfacet
  facet normal 0.237756 0.971325 0
    outer loop
      vertex -2.35909 -1.32143 7.4
      vertex -2.33086 -1.32834 9
      vertex -2.33086 -1.32834 7.4
    endloop
  endfacet
  facet normal 0.237756 0.971325 -0
    outer loop
      vertex -2.35909 -1.32143 7.4
      vertex -2.35909 -1.32143 9
      vertex -2.33086 -1.32834 9
    endloop
  endfacet
  facet normal 0.230572 0.973055 0
    outer loop
      vertex -2.36369 -1.32034 7.4
      vertex -2.35909 -1.32143 9
      vertex -2.35909 -1.32143 7.4
    endloop
  endfacet
  facet normal 0.230572 0.973055 -0
    outer loop
      vertex -2.36369 -1.32034 7.4
      vertex -2.36369 -1.32034 9
      vertex -2.35909 -1.32143 9
    endloop
  endfacet
  facet normal 0.219411 0.975633 0
    outer loop
      vertex -2.39117 -1.31416 7.4
      vertex -2.36369 -1.32034 9
      vertex -2.36369 -1.32034 7.4
    endloop
  endfacet
  facet normal 0.219411 0.975633 -0
    outer loop
      vertex -2.39117 -1.31416 7.4
      vertex -2.39117 -1.31416 9
      vertex -2.36369 -1.32034 9
    endloop
  endfacet
  facet normal 0.207788 0.978174 0
    outer loop
      vertex -2.39616 -1.3131 7.4
      vertex -2.39117 -1.31416 9
      vertex -2.39117 -1.31416 7.4
    endloop
  endfacet
  facet normal 0.207788 0.978174 -0
    outer loop
      vertex -2.39616 -1.3131 7.4
      vertex -2.39616 -1.3131 9
      vertex -2.39117 -1.31416 9
    endloop
  endfacet
  facet normal 0.199494 0.979899 0
    outer loop
      vertex -2.42293 -1.30765 7.4
      vertex -2.39616 -1.3131 9
      vertex -2.39616 -1.3131 7.4
    endloop
  endfacet
  facet normal 0.199494 0.979899 -0
    outer loop
      vertex -2.42293 -1.30765 7.4
      vertex -2.42293 -1.30765 9
      vertex -2.39616 -1.3131 9
    endloop
  endfacet
  facet normal 0.188072 0.982155 0
    outer loop
      vertex -2.4281 -1.30666 7.4
      vertex -2.42293 -1.30765 9
      vertex -2.42293 -1.30765 7.4
    endloop
  endfacet
  facet normal 0.188072 0.982155 -0
    outer loop
      vertex -2.4281 -1.30666 7.4
      vertex -2.4281 -1.30666 9
      vertex -2.42293 -1.30765 9
    endloop
  endfacet
  facet normal 0.178786 0.983888 0
    outer loop
      vertex -2.45413 -1.30193 7.4
      vertex -2.4281 -1.30666 9
      vertex -2.4281 -1.30666 7.4
    endloop
  endfacet
  facet normal 0.178786 0.983888 -0
    outer loop
      vertex -2.45413 -1.30193 7.4
      vertex -2.45413 -1.30193 9
      vertex -2.4281 -1.30666 9
    endloop
  endfacet
  facet normal 0.168423 0.985715 0
    outer loop
      vertex -2.45969 -1.30098 7.4
      vertex -2.45413 -1.30193 9
      vertex -2.45413 -1.30193 7.4
    endloop
  endfacet
  facet normal 0.168423 0.985715 -0
    outer loop
      vertex -2.45969 -1.30098 7.4
      vertex -2.45969 -1.30098 9
      vertex -2.45413 -1.30193 9
    endloop
  endfacet
  facet normal 0.156484 0.987681 0
    outer loop
      vertex -2.485 -1.29697 7.4
      vertex -2.45969 -1.30098 9
      vertex -2.45969 -1.30098 7.4
    endloop
  endfacet
  facet normal 0.156484 0.987681 -0
    outer loop
      vertex -2.485 -1.29697 7.4
      vertex -2.485 -1.29697 9
      vertex -2.45969 -1.30098 9
    endloop
  endfacet
  facet normal 0.143656 0.989628 0
    outer loop
      vertex -2.4912 -1.29607 7.4
      vertex -2.485 -1.29697 9
      vertex -2.485 -1.29697 7.4
    endloop
  endfacet
  facet normal 0.143656 0.989628 -0
    outer loop
      vertex -2.4912 -1.29607 7.4
      vertex -2.4912 -1.29607 9
      vertex -2.485 -1.29697 9
    endloop
  endfacet
  facet normal 0.131979 0.991253 0
    outer loop
      vertex -2.51576 -1.2928 7.4
      vertex -2.4912 -1.29607 9
      vertex -2.4912 -1.29607 7.4
    endloop
  endfacet
  facet normal 0.131979 0.991253 -0
    outer loop
      vertex -2.51576 -1.2928 7.4
      vertex -2.51576 -1.2928 9
      vertex -2.4912 -1.29607 9
    endloop
  endfacet
  facet normal 0.118286 0.99298 0
    outer loop
      vertex -2.52214 -1.29204 7.4
      vertex -2.51576 -1.2928 9
      vertex -2.51576 -1.2928 7.4
    endloop
  endfacet
  facet normal 0.118286 0.99298 -0
    outer loop
      vertex -2.52214 -1.29204 7.4
      vertex -2.52214 -1.29204 9
      vertex -2.51576 -1.2928 9
    endloop
  endfacet
  facet normal 0.106312 0.994333 0
    outer loop
      vertex -2.54599 -1.28949 7.4
      vertex -2.52214 -1.29204 9
      vertex -2.52214 -1.29204 7.4
    endloop
  endfacet
  facet normal 0.106312 0.994333 -0
    outer loop
      vertex -2.54599 -1.28949 7.4
      vertex -2.54599 -1.28949 9
      vertex -2.52214 -1.29204 9
    endloop
  endfacet
  facet normal 0.0938694 0.995585 0
    outer loop
      vertex -2.55299 -1.28883 7.4
      vertex -2.54599 -1.28949 9
      vertex -2.54599 -1.28949 7.4
    endloop
  endfacet
  facet normal 0.0938694 0.995585 -0
    outer loop
      vertex -2.55299 -1.28883 7.4
      vertex -2.55299 -1.28883 9
      vertex -2.54599 -1.28949 9
    endloop
  endfacet
  facet normal 0.0779813 0.996955 0
    outer loop
      vertex -2.57613 -1.28702 7.4
      vertex -2.55299 -1.28883 9
      vertex -2.55299 -1.28883 7.4
    endloop
  endfacet
  facet normal 0.0779813 0.996955 -0
    outer loop
      vertex -2.57613 -1.28702 7.4
      vertex -2.57613 -1.28702 9
      vertex -2.55299 -1.28883 9
    endloop
  endfacet
  facet normal 0.0628033 0.998026 0
    outer loop
      vertex -2.58344 -1.28656 7.4
      vertex -2.57613 -1.28702 9
      vertex -2.57613 -1.28702 7.4
    endloop
  endfacet
  facet normal 0.0628033 0.998026 -0
    outer loop
      vertex -2.58344 -1.28656 7.4
      vertex -2.58344 -1.28656 9
      vertex -2.57613 -1.28702 9
    endloop
  endfacet
  facet normal 0.0490918 0.998794 0
    outer loop
      vertex -2.60582 -1.28546 7.4
      vertex -2.58344 -1.28656 9
      vertex -2.58344 -1.28656 7.4
    endloop
  endfacet
  facet normal 0.0490918 0.998794 -0
    outer loop
      vertex -2.60582 -1.28546 7.4
      vertex -2.60582 -1.28546 9
      vertex -2.58344 -1.28656 9
    endloop
  endfacet
  facet normal 0.032869 0.99946 0
    outer loop
      vertex -2.61403 -1.28519 7.4
      vertex -2.60582 -1.28546 9
      vertex -2.60582 -1.28546 7.4
    endloop
  endfacet
  facet normal 0.032869 0.99946 -0
    outer loop
      vertex -2.61403 -1.28519 7.4
      vertex -2.61403 -1.28519 9
      vertex -2.60582 -1.28546 9
    endloop
  endfacet
  facet normal 0.0161493 0.99987 0
    outer loop
      vertex -2.6357 -1.28484 7.4
      vertex -2.61403 -1.28519 9
      vertex -2.61403 -1.28519 7.4
    endloop
  endfacet
  facet normal 0.0161493 0.99987 -0
    outer loop
      vertex -2.6357 -1.28484 7.4
      vertex -2.6357 -1.28484 9
      vertex -2.61403 -1.28519 9
    endloop
  endfacet
  facet normal -0.00320169 0.999995 0
    outer loop
      vertex -2.64507 -1.28487 7.4
      vertex -2.6357 -1.28484 9
      vertex -2.6357 -1.28484 7.4
    endloop
  endfacet
  facet normal -0.00320169 0.999995 0
    outer loop
      vertex -2.64507 -1.28487 7.4
      vertex -2.64507 -1.28487 9
      vertex -2.6357 -1.28484 9
    endloop
  endfacet
  facet normal -0.0213291 0.999773 0
    outer loop
      vertex -2.68585 -1.28574 7.4
      vertex -2.64507 -1.28487 9
      vertex -2.64507 -1.28487 7.4
    endloop
  endfacet
  facet normal -0.0213291 0.999773 0
    outer loop
      vertex -2.68585 -1.28574 7.4
      vertex -2.68585 -1.28574 9
      vertex -2.64507 -1.28487 9
    endloop
  endfacet
  facet normal -0.0428049 0.999083 0
    outer loop
      vertex -2.69682 -1.28621 7.4
      vertex -2.68585 -1.28574 9
      vertex -2.68585 -1.28574 7.4
    endloop
  endfacet
  facet normal -0.0428049 0.999083 0
    outer loop
      vertex -2.69682 -1.28621 7.4
      vertex -2.69682 -1.28621 9
      vertex -2.68585 -1.28574 9
    endloop
  endfacet
  facet normal -0.0650523 0.997882 0
    outer loop
      vertex -2.73701 -1.28883 7.4
      vertex -2.69682 -1.28621 9
      vertex -2.69682 -1.28621 7.4
    endloop
  endfacet
  facet normal -0.0650523 0.997882 0
    outer loop
      vertex -2.73701 -1.28883 7.4
      vertex -2.73701 -1.28883 9
      vertex -2.69682 -1.28621 9
    endloop
  endfacet
  facet normal -0.0883062 0.996093 0
    outer loop
      vertex -2.74829 -1.28983 7.4
      vertex -2.73701 -1.28883 9
      vertex -2.73701 -1.28883 7.4
    endloop
  endfacet
  facet normal -0.0883062 0.996093 0
    outer loop
      vertex -2.74829 -1.28983 7.4
      vertex -2.74829 -1.28983 9
      vertex -2.73701 -1.28883 9
    endloop
  endfacet
  facet normal -0.110184 0.993911 0
    outer loop
      vertex -2.78789 -1.29422 7.4
      vertex -2.74829 -1.28983 9
      vertex -2.74829 -1.28983 7.4
    endloop
  endfacet
  facet normal -0.110184 0.993911 0
    outer loop
      vertex -2.78789 -1.29422 7.4
      vertex -2.78789 -1.29422 9
      vertex -2.74829 -1.28983 9
    endloop
  endfacet
  facet normal -0.132797 0.991143 0
    outer loop
      vertex -2.79916 -1.29573 7.4
      vertex -2.78789 -1.29422 9
      vertex -2.78789 -1.29422 7.4
    endloop
  endfacet
  facet normal -0.132797 0.991143 0
    outer loop
      vertex -2.79916 -1.29573 7.4
      vertex -2.79916 -1.29573 9
      vertex -2.78789 -1.29422 9
    endloop
  endfacet
  facet normal -0.155234 0.987878 0
    outer loop
      vertex -2.83817 -1.30186 7.4
      vertex -2.79916 -1.29573 9
      vertex -2.79916 -1.29573 7.4
    endloop
  endfacet
  facet normal -0.155234 0.987878 0
    outer loop
      vertex -2.83817 -1.30186 7.4
      vertex -2.83817 -1.30186 9
      vertex -2.79916 -1.29573 9
    endloop
  endfacet
  facet normal -0.178734 0.983897 0
    outer loop
      vertex -2.84962 -1.30394 7.4
      vertex -2.83817 -1.30186 9
      vertex -2.83817 -1.30186 7.4
    endloop
  endfacet
  facet normal -0.178734 0.983897 0
    outer loop
      vertex -2.84962 -1.30394 7.4
      vertex -2.84962 -1.30394 9
      vertex -2.83817 -1.30186 9
    endloop
  endfacet
  facet normal -0.201214 0.979547 0
    outer loop
      vertex -2.88803 -1.31183 7.4
      vertex -2.84962 -1.30394 9
      vertex -2.84962 -1.30394 7.4
    endloop
  endfacet
  facet normal -0.201214 0.979547 0
    outer loop
      vertex -2.88803 -1.31183 7.4
      vertex -2.88803 -1.31183 9
      vertex -2.84962 -1.30394 9
    endloop
  endfacet
  facet normal -0.224115 0.974563 0
    outer loop
      vertex -2.89951 -1.31447 7.4
      vertex -2.88803 -1.31183 9
      vertex -2.88803 -1.31183 7.4
    endloop
  endfacet
  facet normal -0.224115 0.974563 0
    outer loop
      vertex -2.89951 -1.31447 7.4
      vertex -2.89951 -1.31447 9
      vertex -2.88803 -1.31183 9
    endloop
  endfacet
  facet normal -0.247056 0.969001 0
    outer loop
      vertex -2.93732 -1.32411 7.4
      vertex -2.89951 -1.31447 9
      vertex -2.89951 -1.31447 7.4
    endloop
  endfacet
  facet normal -0.247056 0.969001 0
    outer loop
      vertex -2.93732 -1.32411 7.4
      vertex -2.93732 -1.32411 9
      vertex -2.89951 -1.31447 9
    endloop
  endfacet
  facet normal -0.27038 0.962754 0
    outer loop
      vertex -2.94875 -1.32732 7.4
      vertex -2.93732 -1.32411 9
      vertex -2.93732 -1.32411 7.4
    endloop
  endfacet
  facet normal -0.27038 0.962754 0
    outer loop
      vertex -2.94875 -1.32732 7.4
      vertex -2.94875 -1.32732 9
      vertex -2.93732 -1.32411 9
    endloop
  endfacet
  facet normal -0.292695 0.956206 0
    outer loop
      vertex -2.98596 -1.33871 7.4
      vertex -2.94875 -1.32732 9
      vertex -2.94875 -1.32732 7.4
    endloop
  endfacet
  facet normal -0.292695 0.956206 0
    outer loop
      vertex -2.98596 -1.33871 7.4
      vertex -2.98596 -1.33871 9
      vertex -2.94875 -1.32732 9
    endloop
  endfacet
  facet normal -0.315976 0.948767 0
    outer loop
      vertex -2.99725 -1.34247 7.4
      vertex -2.98596 -1.33871 9
      vertex -2.98596 -1.33871 7.4
    endloop
  endfacet
  facet normal -0.315976 0.948767 0
    outer loop
      vertex -2.99725 -1.34247 7.4
      vertex -2.99725 -1.34247 9
      vertex -2.98596 -1.33871 9
    endloop
  endfacet
  facet normal -0.337964 0.941159 0
    outer loop
      vertex -3.03387 -1.35562 7.4
      vertex -2.99725 -1.34247 9
      vertex -2.99725 -1.34247 7.4
    endloop
  endfacet
  facet normal -0.337964 0.941159 0
    outer loop
      vertex -3.03387 -1.35562 7.4
      vertex -3.03387 -1.35562 9
      vertex -2.99725 -1.34247 9
    endloop
  endfacet
  facet normal -0.360499 0.93276 0
    outer loop
      vertex -3.04497 -1.35991 7.4
      vertex -3.03387 -1.35562 9
      vertex -3.03387 -1.35562 7.4
    endloop
  endfacet
  facet normal -0.360499 0.93276 0
    outer loop
      vertex -3.04497 -1.35991 7.4
      vertex -3.04497 -1.35991 9
      vertex -3.03387 -1.35562 9
    endloop
  endfacet
  facet normal -0.382465 0.92397 0
    outer loop
      vertex -3.08099 -1.37482 7.4
      vertex -3.04497 -1.35991 9
      vertex -3.04497 -1.35991 7.4
    endloop
  endfacet
  facet normal -0.382465 0.92397 0
    outer loop
      vertex -3.08099 -1.37482 7.4
      vertex -3.08099 -1.37482 9
      vertex -3.04497 -1.35991 9
    endloop
  endfacet
  facet normal -0.403682 0.914899 0
    outer loop
      vertex -3.09171 -1.37955 7.4
      vertex -3.08099 -1.37482 9
      vertex -3.08099 -1.37482 7.4
    endloop
  endfacet
  facet normal -0.403682 0.914899 0
    outer loop
      vertex -3.09171 -1.37955 7.4
      vertex -3.09171 -1.37955 9
      vertex -3.08099 -1.37482 9
    endloop
  endfacet
  facet normal -0.425108 0.905143 0
    outer loop
      vertex -3.12714 -1.39619 7.4
      vertex -3.09171 -1.37955 9
      vertex -3.09171 -1.37955 7.4
    endloop
  endfacet
  facet normal -0.425108 0.905143 0
    outer loop
      vertex -3.12714 -1.39619 7.4
      vertex -3.12714 -1.39619 9
      vertex -3.09171 -1.37955 9
    endloop
  endfacet
  facet normal -0.447214 0.894427 0
    outer loop
      vertex -3.13768 -1.40146 7.4
      vertex -3.12714 -1.39619 9
      vertex -3.12714 -1.39619 7.4
    endloop
  endfacet
  facet normal -0.447214 0.894427 0
    outer loop
      vertex -3.13768 -1.40146 7.4
      vertex -3.13768 -1.40146 9
      vertex -3.12714 -1.39619 9
    endloop
  endfacet
  facet normal -0.467398 0.884047 0
    outer loop
      vertex -3.17252 -1.41988 7.4
      vertex -3.13768 -1.40146 9
      vertex -3.13768 -1.40146 7.4
    endloop
  endfacet
  facet normal -0.467398 0.884047 0
    outer loop
      vertex -3.17252 -1.41988 7.4
      vertex -3.17252 -1.41988 9
      vertex -3.13768 -1.40146 9
    endloop
  endfacet
  facet normal -0.487782 0.872965 0
    outer loop
      vertex -3.18256 -1.42549 7.4
      vertex -3.17252 -1.41988 9
      vertex -3.17252 -1.41988 7.4
    endloop
  endfacet
  facet normal -0.487782 0.872965 0
    outer loop
      vertex -3.18256 -1.42549 7.4
      vertex -3.18256 -1.42549 9
      vertex -3.17252 -1.41988 9
    endloop
  endfacet
  facet normal -0.507559 0.861617 0
    outer loop
      vertex -3.2168 -1.44566 7.4
      vertex -3.18256 -1.42549 9
      vertex -3.18256 -1.42549 7.4
    endloop
  endfacet
  facet normal -0.507559 0.861617 0
    outer loop
      vertex -3.2168 -1.44566 7.4
      vertex -3.2168 -1.44566 9
      vertex -3.18256 -1.42549 9
    endloop
  endfacet
  facet normal -0.52703 0.849847 0
    outer loop
      vertex -3.22633 -1.45157 7.4
      vertex -3.2168 -1.44566 9
      vertex -3.2168 -1.44566 7.4
    endloop
  endfacet
  facet normal -0.52703 0.849847 0
    outer loop
      vertex -3.22633 -1.45157 7.4
      vertex -3.22633 -1.45157 9
      vertex -3.2168 -1.44566 9
    endloop
  endfacet
  facet normal -0.545645 0.838017 0
    outer loop
      vertex -3.25998 -1.47348 7.4
      vertex -3.22633 -1.45157 9
      vertex -3.22633 -1.45157 7.4
    endloop
  endfacet
  facet normal -0.545645 0.838017 0
    outer loop
      vertex -3.25998 -1.47348 7.4
      vertex -3.25998 -1.47348 9
      vertex -3.22633 -1.45157 9
    endloop
  endfacet
  facet normal -0.563588 0.826056 0
    outer loop
      vertex -3.26917 -1.47975 7.4
      vertex -3.25998 -1.47348 9
      vertex -3.25998 -1.47348 7.4
    endloop
  endfacet
  facet normal -0.563588 0.826056 0
    outer loop
      vertex -3.26917 -1.47975 7.4
      vertex -3.26917 -1.47975 9
      vertex -3.25998 -1.47348 9
    endloop
  endfacet
  facet normal -0.582424 0.812885 0
    outer loop
      vertex -3.30222 -1.50343 7.4
      vertex -3.26917 -1.47975 9
      vertex -3.26917 -1.47975 7.4
    endloop
  endfacet
  facet normal -0.582424 0.812885 0
    outer loop
      vertex -3.30222 -1.50343 7.4
      vertex -3.30222 -1.50343 9
      vertex -3.26917 -1.47975 9
    endloop
  endfacet
  facet normal -0.6003 0.799775 0
    outer loop
      vertex -3.31076 -1.50984 7.4
      vertex -3.30222 -1.50343 9
      vertex -3.30222 -1.50343 7.4
    endloop
  endfacet
  facet normal -0.6003 0.799775 0
    outer loop
      vertex -3.31076 -1.50984 7.4
      vertex -3.31076 -1.50984 9
      vertex -3.30222 -1.50343 9
    endloop
  endfacet
  facet normal -0.616557 0.78731 0
    outer loop
      vertex -3.34322 -1.53526 7.4
      vertex -3.31076 -1.50984 9
      vertex -3.31076 -1.50984 7.4
    endloop
  endfacet
  facet normal -0.616557 0.78731 0
    outer loop
      vertex -3.34322 -1.53526 7.4
      vertex -3.34322 -1.53526 9
      vertex -3.31076 -1.50984 9
    endloop
  endfacet
  facet normal -0.633186 0.774 0
    outer loop
      vertex -3.3513 -1.54187 7.4
      vertex -3.34322 -1.53526 9
      vertex -3.34322 -1.53526 7.4
    endloop
  endfacet
  facet normal -0.633186 0.774 0
    outer loop
      vertex -3.3513 -1.54187 7.4
      vertex -3.3513 -1.54187 9
      vertex -3.34322 -1.53526 9
    endloop
  endfacet
  facet normal -0.64902 0.760772 0
    outer loop
      vertex -3.38316 -1.56905 7.4
      vertex -3.3513 -1.54187 9
      vertex -3.3513 -1.54187 7.4
    endloop
  endfacet
  facet normal -0.64902 0.760772 0
    outer loop
      vertex -3.38316 -1.56905 7.4
      vertex -3.38316 -1.56905 9
      vertex -3.3513 -1.54187 9
    endloop
  endfacet
  facet normal -0.663997 0.747735 0
    outer loop
      vertex -3.39075 -1.57579 7.4
      vertex -3.38316 -1.56905 9
      vertex -3.38316 -1.56905 7.4
    endloop
  endfacet
  facet normal -0.663997 0.747735 0
    outer loop
      vertex -3.39075 -1.57579 7.4
      vertex -3.39075 -1.57579 9
      vertex -3.38316 -1.56905 9
    endloop
  endfacet
  facet normal -0.679342 0.733821 0
    outer loop
      vertex -3.422 -1.60472 7.4
      vertex -3.39075 -1.57579 9
      vertex -3.39075 -1.57579 7.4
    endloop
  endfacet
  facet normal -0.679342 0.733821 0
    outer loop
      vertex -3.422 -1.60472 7.4
      vertex -3.422 -1.60472 9
      vertex -3.39075 -1.57579 9
    endloop
  endfacet
  facet normal -0.693582 0.720377 0
    outer loop
      vertex -3.42899 -1.61145 7.4
      vertex -3.422 -1.60472 9
      vertex -3.422 -1.60472 7.4
    endloop
  endfacet
  facet normal -0.693582 0.720377 0
    outer loop
      vertex -3.42899 -1.61145 7.4
      vertex -3.42899 -1.61145 9
      vertex -3.422 -1.60472 9
    endloop
  endfacet
  facet normal -0.707337 0.706876 0
    outer loop
      vertex -3.45966 -1.64214 7.4
      vertex -3.42899 -1.61145 9
      vertex -3.42899 -1.61145 7.4
    endloop
  endfacet
  facet normal -0.707337 0.706876 0
    outer loop
      vertex -3.45966 -1.64214 7.4
      vertex -3.45966 -1.64214 9
      vertex -3.42899 -1.61145 9
    endloop
  endfacet
  facet normal -0.7203 0.693662 0
    outer loop
      vertex -3.46617 -1.6489 7.4
      vertex -3.45966 -1.64214 9
      vertex -3.45966 -1.64214 7.4
    endloop
  endfacet
  facet normal -0.7203 0.693662 0
    outer loop
      vertex -3.46617 -1.6489 7.4
      vertex -3.46617 -1.6489 9
      vertex -3.45966 -1.64214 9
    endloop
  endfacet
  facet normal -0.733276 0.679931 0
    outer loop
      vertex -3.49625 -1.68134 7.4
      vertex -3.46617 -1.6489 9
      vertex -3.46617 -1.6489 7.4
    endloop
  endfacet
  facet normal -0.733276 0.679931 0
    outer loop
      vertex -3.49625 -1.68134 7.4
      vertex -3.49625 -1.68134 9
      vertex -3.46617 -1.6489 9
    endloop
  endfacet
  facet normal -0.745644 0.666344 0
    outer loop
      vertex -3.5023 -1.68811 7.4
      vertex -3.49625 -1.68134 9
      vertex -3.49625 -1.68134 7.4
    endloop
  endfacet
  facet normal -0.745644 0.666344 0
    outer loop
      vertex -3.5023 -1.68811 7.4
      vertex -3.5023 -1.68811 9
      vertex -3.49625 -1.68134 9
    endloop
  endfacet
  facet normal -0.75755 0.652777 0
    outer loop
      vertex -3.53177 -1.72231 7.4
      vertex -3.5023 -1.68811 9
      vertex -3.5023 -1.68811 7.4
    endloop
  endfacet
  facet normal -0.75755 0.652777 0
    outer loop
      vertex -3.53177 -1.72231 7.4
      vertex -3.53177 -1.72231 9
      vertex -3.5023 -1.68811 9
    endloop
  endfacet
  facet normal -0.768794 0.639497 0
    outer loop
      vertex -3.53726 -1.72891 7.4
      vertex -3.53177 -1.72231 9
      vertex -3.53177 -1.72231 7.4
    endloop
  endfacet
  facet normal -0.768794 0.639497 0
    outer loop
      vertex -3.53726 -1.72891 7.4
      vertex -3.53726 -1.72891 9
      vertex -3.53177 -1.72231 9
    endloop
  endfacet
  facet normal -0.779492 0.626412 0
    outer loop
      vertex -3.56615 -1.76486 7.4
      vertex -3.53726 -1.72891 9
      vertex -3.53726 -1.72891 7.4
    endloop
  endfacet
  facet normal -0.779492 0.626412 0
    outer loop
      vertex -3.56615 -1.76486 7.4
      vertex -3.56615 -1.76486 9
      vertex -3.53726 -1.72891 9
    endloop
  endfacet
  facet normal -0.790196 0.612854 0
    outer loop
      vertex -3.57123 -1.77141 7.4
      vertex -3.56615 -1.76486 9
      vertex -3.56615 -1.76486 7.4
    endloop
  endfacet
  facet normal -0.790196 0.612854 0
    outer loop
      vertex -3.57123 -1.77141 7.4
      vertex -3.57123 -1.77141 9
      vertex -3.56615 -1.76486 9
    endloop
  endfacet
  facet normal -0.799847 0.600204 0
    outer loop
      vertex -3.59952 -1.80911 7.4
      vertex -3.57123 -1.77141 9
      vertex -3.57123 -1.77141 7.4
    endloop
  endfacet
  facet normal -0.799847 0.600204 0
    outer loop
      vertex -3.59952 -1.80911 7.4
      vertex -3.59952 -1.80911 9
      vertex -3.57123 -1.77141 9
    endloop
  endfacet
  facet normal -0.80906 0.587725 0
    outer loop
      vertex -3.60422 -1.81558 7.4
      vertex -3.59952 -1.80911 9
      vertex -3.59952 -1.80911 7.4
    endloop
  endfacet
  facet normal -0.80906 0.587725 0
    outer loop
      vertex -3.60422 -1.81558 7.4
      vertex -3.60422 -1.81558 9
      vertex -3.59952 -1.80911 9
    endloop
  endfacet
  facet normal -0.818666 0.57427 0
    outer loop
      vertex -3.6319 -1.85504 7.4
      vertex -3.60422 -1.81558 9
      vertex -3.60422 -1.81558 7.4
    endloop
  endfacet
  facet normal -0.818666 0.57427 0
    outer loop
      vertex -3.6319 -1.85504 7.4
      vertex -3.6319 -1.85504 9
      vertex -3.60422 -1.81558 9
    endloop
  endfacet
  facet normal -0.825708 0.564098 0
    outer loop
      vertex -3.63535 -1.86009 7.4
      vertex -3.6319 -1.85504 9
      vertex -3.6319 -1.85504 7.4
    endloop
  endfacet
  facet normal -0.825708 0.564098 0
    outer loop
      vertex -3.63535 -1.86009 7.4
      vertex -3.63535 -1.86009 9
      vertex -3.6319 -1.85504 9
    endloop
  endfacet
  facet normal -0.832522 0.553993 0
    outer loop
      vertex -3.66246 -1.90083 7.4
      vertex -3.63535 -1.86009 9
      vertex -3.63535 -1.86009 7.4
    endloop
  endfacet
  facet normal -0.832522 0.553993 0
    outer loop
      vertex -3.66246 -1.90083 7.4
      vertex -3.66246 -1.90083 9
      vertex -3.63535 -1.86009 9
    endloop
  endfacet
  facet normal -0.837734 0.546078 0
    outer loop
      vertex -3.6651 -1.90488 7.4
      vertex -3.66246 -1.90083 9
      vertex -3.66246 -1.90083 7.4
    endloop
  endfacet
  facet normal -0.837734 0.546078 0
    outer loop
      vertex -3.6651 -1.90488 7.4
      vertex -3.6651 -1.90488 9
      vertex -3.66246 -1.90083 9
    endloop
  endfacet
  facet normal -0.84301 0.537898 0
    outer loop
      vertex -3.69165 -1.94649 7.4
      vertex -3.6651 -1.90488 9
      vertex -3.6651 -1.90488 7.4
    endloop
  endfacet
  facet normal -0.84301 0.537898 0
    outer loop
      vertex -3.69165 -1.94649 7.4
      vertex -3.69165 -1.94649 9
      vertex -3.6651 -1.90488 9
    endloop
  endfacet
  facet normal -0.847759 0.530382 0
    outer loop
      vertex -3.69414 -1.95047 7.4
      vertex -3.69165 -1.94649 9
      vertex -3.69165 -1.94649 7.4
    endloop
  endfacet
  facet normal -0.847759 0.530382 0
    outer loop
      vertex -3.69414 -1.95047 7.4
      vertex -3.69414 -1.95047 9
      vertex -3.69165 -1.94649 9
    endloop
  endfacet
  facet normal -0.853048 0.521832 0
    outer loop
      vertex -3.72012 -1.99294 7.4
      vertex -3.69414 -1.95047 9
      vertex -3.69414 -1.95047 7.4
    endloop
  endfacet
  facet normal -0.853048 0.521832 0
    outer loop
      vertex -3.72012 -1.99294 7.4
      vertex -3.72012 -1.99294 9
      vertex -3.69414 -1.95047 9
    endloop
  endfacet
  facet normal -0.856924 0.515443 0
    outer loop
      vertex -3.72252 -1.99693 7.4
      vertex -3.72012 -1.99294 9
      vertex -3.72012 -1.99294 7.4
    endloop
  endfacet
  facet normal -0.856924 0.515443 0
    outer loop
      vertex -3.72252 -1.99693 7.4
      vertex -3.72252 -1.99693 9
      vertex -3.72012 -1.99294 9
    endloop
  endfacet
  facet normal -0.862578 0.505924 0
    outer loop
      vertex -3.74794 -2.04027 7.4
      vertex -3.72252 -1.99693 9
      vertex -3.72252 -1.99693 7.4
    endloop
  endfacet
  facet normal -0.862578 0.505924 0
    outer loop
      vertex -3.74794 -2.04027 7.4
      vertex -3.74794 -2.04027 9
      vertex -3.72252 -1.99693 9
    endloop
  endfacet
  facet normal -0.866882 0.498513 0
    outer loop
      vertex -3.7502 -2.0442 7.4
      vertex -3.74794 -2.04027 9
      vertex -3.74794 -2.04027 7.4
    endloop
  endfacet
  facet normal -0.866882 0.498513 0
    outer loop
      vertex -3.7502 -2.0442 7.4
      vertex -3.7502 -2.0442 9
      vertex -3.74794 -2.04027 9
    endloop
  endfacet
  facet normal -0.871633 0.490158 0
    outer loop
      vertex -3.77505 -2.08839 7.4
      vertex -3.7502 -2.0442 9
      vertex -3.7502 -2.0442 7.4
    endloop
  endfacet
  facet normal -0.871633 0.490158 0
    outer loop
      vertex -3.77505 -2.08839 7.4
      vertex -3.77505 -2.08839 9
      vertex -3.7502 -2.0442 9
    endloop
  endfacet
  facet normal -0.875415 0.483372 0
    outer loop
      vertex -3.77722 -2.09232 7.4
      vertex -3.77505 -2.08839 9
      vertex -3.77505 -2.08839 7.4
    endloop
  endfacet
  facet normal -0.875415 0.483372 0
    outer loop
      vertex -3.77722 -2.09232 7.4
      vertex -3.77722 -2.09232 9
      vertex -3.77505 -2.08839 9
    endloop
  endfacet
  facet normal -0.880207 0.474589 0
    outer loop
      vertex -3.80151 -2.13737 7.4
      vertex -3.77722 -2.09232 9
      vertex -3.77722 -2.09232 7.4
    endloop
  endfacet
  facet normal -0.880207 0.474589 0
    outer loop
      vertex -3.80151 -2.13737 7.4
      vertex -3.80151 -2.13737 9
      vertex -3.77722 -2.09232 9
    endloop
  endfacet
  facet normal -0.884918 0.465746 0
    outer loop
      vertex -3.80351 -2.14117 7.4
      vertex -3.80151 -2.13737 9
      vertex -3.80151 -2.13737 7.4
    endloop
  endfacet
  facet normal -0.884918 0.465746 0
    outer loop
      vertex -3.80351 -2.14117 7.4
      vertex -3.80351 -2.14117 9
      vertex -3.80151 -2.13737 9
    endloop
  endfacet
  facet normal -0.888231 0.459397 0
    outer loop
      vertex -3.82726 -2.18709 7.4
      vertex -3.80351 -2.14117 9
      vertex -3.80351 -2.14117 7.4
    endloop
  endfacet
  facet normal -0.888231 0.459397 0
    outer loop
      vertex -3.82726 -2.18709 7.4
      vertex -3.82726 -2.18709 9
      vertex -3.80351 -2.14117 9
    endloop
  endfacet
  facet normal -0.893024 0.450009 0
    outer loop
      vertex -3.82919 -2.19092 7.4
      vertex -3.82726 -2.18709 9
      vertex -3.82726 -2.18709 7.4
    endloop
  endfacet
  facet normal -0.893024 0.450009 0
    outer loop
      vertex -3.82919 -2.19092 7.4
      vertex -3.82919 -2.19092 9
      vertex -3.82726 -2.18709 9
    endloop
  endfacet
  facet normal -0.895993 0.444069 0
    outer loop
      vertex -3.85237 -2.23769 7.4
      vertex -3.82919 -2.19092 9
      vertex -3.82919 -2.19092 7.4
    endloop
  endfacet
  facet normal -0.895993 0.444069 0
    outer loop
      vertex -3.85237 -2.23769 7.4
      vertex -3.85237 -2.23769 9
      vertex -3.82919 -2.19092 9
    endloop
  endfacet
  facet normal -0.899037 0.437873 0
    outer loop
      vertex -3.85425 -2.24155 7.4
      vertex -3.85237 -2.23769 9
      vertex -3.85237 -2.23769 7.4
    endloop
  endfacet
  facet normal -0.899037 0.437873 0
    outer loop
      vertex -3.85425 -2.24155 7.4
      vertex -3.85425 -2.24155 9
      vertex -3.85237 -2.23769 9
    endloop
  endfacet
  facet normal -0.903456 0.428681 0
    outer loop
      vertex -3.87685 -2.28918 7.4
      vertex -3.85425 -2.24155 9
      vertex -3.85425 -2.24155 7.4
    endloop
  endfacet
  facet normal -0.903456 0.428681 0
    outer loop
      vertex -3.87685 -2.28918 7.4
      vertex -3.87685 -2.28918 9
      vertex -3.85425 -2.24155 9
    endloop
  endfacet
  facet normal -0.906435 0.422345 0
    outer loop
      vertex -3.87856 -2.29285 7.4
      vertex -3.87685 -2.28918 9
      vertex -3.87685 -2.28918 7.4
    endloop
  endfacet
  facet normal -0.906435 0.422345 0
    outer loop
      vertex -3.87856 -2.29285 7.4
      vertex -3.87856 -2.29285 9
      vertex -3.87685 -2.28918 9
    endloop
  endfacet
  facet normal -0.910373 0.413789 0
    outer loop
      vertex -3.9006 -2.34134 7.4
      vertex -3.87856 -2.29285 9
      vertex -3.87856 -2.29285 7.4
    endloop
  endfacet
  facet normal -0.910373 0.413789 0
    outer loop
      vertex -3.9006 -2.34134 7.4
      vertex -3.9006 -2.34134 9
      vertex -3.87856 -2.29285 9
    endloop
  endfacet
  facet normal -0.916696 0.399585 0
    outer loop
      vertex -3.92372 -2.39438 7.4
      vertex -3.9006 -2.34134 9
      vertex -3.9006 -2.34134 7.4
    endloop
  endfacet
  facet normal -0.916696 0.399585 0
    outer loop
      vertex -3.92372 -2.39438 7.4
      vertex -3.92372 -2.39438 9
      vertex -3.9006 -2.34134 9
    endloop
  endfacet
  facet normal -0.919535 0.393007 0
    outer loop
      vertex -3.92528 -2.39803 7.4
      vertex -3.92372 -2.39438 9
      vertex -3.92372 -2.39438 7.4
    endloop
  endfacet
  facet normal -0.919535 0.393007 0
    outer loop
      vertex -3.92528 -2.39803 7.4
      vertex -3.92528 -2.39803 9
      vertex -3.92372 -2.39438 9
    endloop
  endfacet
  facet normal -0.923082 0.384602 0
    outer loop
      vertex -3.9462 -2.44824 7.4
      vertex -3.92528 -2.39803 9
      vertex -3.92528 -2.39803 7.4
    endloop
  endfacet
  facet normal -0.923082 0.384602 0
    outer loop
      vertex -3.9462 -2.44824 7.4
      vertex -3.9462 -2.44824 9
      vertex -3.92528 -2.39803 9
    endloop
  endfacet
  facet normal -0.926326 0.376723 0
    outer loop
      vertex -3.94766 -2.45183 7.4
      vertex -3.9462 -2.44824 9
      vertex -3.9462 -2.44824 7.4
    endloop
  endfacet
  facet normal -0.926326 0.376723 0
    outer loop
      vertex -3.94766 -2.45183 7.4
      vertex -3.94766 -2.45183 9
      vertex -3.9462 -2.44824 9
    endloop
  endfacet
  facet normal -0.928903 0.370324 0
    outer loop
      vertex -3.96802 -2.5029 7.4
      vertex -3.94766 -2.45183 9
      vertex -3.94766 -2.45183 7.4
    endloop
  endfacet
  facet normal -0.928903 0.370324 0
    outer loop
      vertex -3.96802 -2.5029 7.4
      vertex -3.96802 -2.5029 9
      vertex -3.94766 -2.45183 9
    endloop
  endfacet
  facet normal -0.931754 0.36309 0
    outer loop
      vertex -3.96938 -2.50639 7.4
      vertex -3.96802 -2.5029 9
      vertex -3.96802 -2.5029 7.4
    endloop
  endfacet
  facet normal -0.931754 0.36309 0
    outer loop
      vertex -3.96938 -2.50639 7.4
      vertex -3.96938 -2.50639 9
      vertex -3.96802 -2.5029 9
    endloop
  endfacet
  facet normal -0.934408 0.356205 0
    outer loop
      vertex -3.98918 -2.55833 7.4
      vertex -3.96938 -2.50639 9
      vertex -3.96938 -2.50639 7.4
    endloop
  endfacet
  facet normal -0.934408 0.356205 0
    outer loop
      vertex -3.98918 -2.55833 7.4
      vertex -3.98918 -2.55833 9
      vertex -3.96938 -2.50639 9
    endloop
  endfacet
  facet normal -0.937524 0.34792 0
    outer loop
      vertex -3.99049 -2.56186 7.4
      vertex -3.98918 -2.55833 9
      vertex -3.98918 -2.55833 7.4
    endloop
  endfacet
  facet normal -0.937524 0.34792 0
    outer loop
      vertex -3.99049 -2.56186 7.4
      vertex -3.99049 -2.56186 9
      vertex -3.98918 -2.55833 9
    endloop
  endfacet
  facet normal -0.939601 0.342272 0
    outer loop
      vertex -4.00972 -2.61465 7.4
      vertex -3.99049 -2.56186 9
      vertex -3.99049 -2.56186 7.4
    endloop
  endfacet
  facet normal -0.939601 0.342272 0
    outer loop
      vertex -4.00972 -2.61465 7.4
      vertex -4.00972 -2.61465 9
      vertex -3.99049 -2.56186 9
    endloop
  endfacet
  facet normal -0.942313 0.334732 0
    outer loop
      vertex -4.01091 -2.618 7.4
      vertex -4.00972 -2.61465 9
      vertex -4.00972 -2.61465 7.4
    endloop
  endfacet
  facet normal -0.942313 0.334732 0
    outer loop
      vertex -4.01091 -2.618 7.4
      vertex -4.01091 -2.618 9
      vertex -4.00972 -2.61465 9
    endloop
  endfacet
  facet normal -0.944392 0.328821 0
    outer loop
      vertex -4.02959 -2.67165 7.4
      vertex -4.01091 -2.618 9
      vertex -4.01091 -2.618 7.4
    endloop
  endfacet
  facet normal -0.944392 0.328821 0
    outer loop
      vertex -4.02959 -2.67165 7.4
      vertex -4.02959 -2.67165 9
      vertex -4.01091 -2.618 9
    endloop
  endfacet
  facet normal -0.948962 0.31539 0
    outer loop
      vertex -4.04993 -2.73285 7.4
      vertex -4.02959 -2.67165 9
      vertex -4.02959 -2.67165 7.4
    endloop
  endfacet
  facet normal -0.948962 0.31539 0
    outer loop
      vertex -4.04993 -2.73285 7.4
      vertex -4.04993 -2.73285 9
      vertex -4.02959 -2.67165 9
    endloop
  endfacet
  facet normal -0.953312 0.301988 0
    outer loop
      vertex -4.06747 -2.78822 7.4
      vertex -4.04993 -2.73285 9
      vertex -4.04993 -2.73285 7.4
    endloop
  endfacet
  facet normal -0.953312 0.301988 0
    outer loop
      vertex -4.06747 -2.78822 7.4
      vertex -4.06747 -2.78822 9
      vertex -4.04993 -2.73285 9
    endloop
  endfacet
  facet normal -0.957269 0.289197 0
    outer loop
      vertex -4.0864 -2.85088 7.4
      vertex -4.06747 -2.78822 9
      vertex -4.06747 -2.78822 7.4
    endloop
  endfacet
  facet normal -0.957269 0.289197 0
    outer loop
      vertex -4.0864 -2.85088 7.4
      vertex -4.0864 -2.85088 9
      vertex -4.06747 -2.78822 9
    endloop
  endfacet
  facet normal -0.961084 0.276255 0
    outer loop
      vertex -4.10281 -2.90797 7.4
      vertex -4.0864 -2.85088 9
      vertex -4.0864 -2.85088 7.4
    endloop
  endfacet
  facet normal -0.961084 0.276255 0
    outer loop
      vertex -4.10281 -2.90797 7.4
      vertex -4.10281 -2.90797 9
      vertex -4.0864 -2.85088 9
    endloop
  endfacet
  facet normal -0.964555 0.263881 0
    outer loop
      vertex -4.12036 -2.97212 7.4
      vertex -4.10281 -2.90797 9
      vertex -4.10281 -2.90797 7.4
    endloop
  endfacet
  facet normal -0.964555 0.263881 0
    outer loop
      vertex -4.12036 -2.97212 7.4
      vertex -4.12036 -2.97212 9
      vertex -4.10281 -2.90797 9
    endloop
  endfacet
  facet normal -0.9679 0.251337 0
    outer loop
      vertex -4.1364 -3.03389 7.4
      vertex -4.12036 -2.97212 9
      vertex -4.12036 -2.97212 7.4
    endloop
  endfacet
  facet normal -0.9679 0.251337 0
    outer loop
      vertex -4.1364 -3.03389 7.4
      vertex -4.1364 -3.03389 9
      vertex -4.12036 -2.97212 9
    endloop
  endfacet
  facet normal -0.970889 0.239532 0
    outer loop
      vertex -4.15179 -3.09627 7.4
      vertex -4.1364 -3.03389 9
      vertex -4.1364 -3.03389 7.4
    endloop
  endfacet
  facet normal -0.970889 0.239532 0
    outer loop
      vertex -4.15179 -3.09627 7.4
      vertex -4.15179 -3.09627 9
      vertex -4.1364 -3.03389 9
    endloop
  endfacet
  facet normal -0.973402 0.229103 0
    outer loop
      vertex -4.16594 -3.15639 7.4
      vertex -4.15179 -3.09627 9
      vertex -4.15179 -3.09627 7.4
    endloop
  endfacet
  facet normal -0.973402 0.229103 0
    outer loop
      vertex -4.16594 -3.15639 7.4
      vertex -4.16594 -3.15639 9
      vertex -4.15179 -3.09627 9
    endloop
  endfacet
  facet normal -0.975726 0.218995 0
    outer loop
      vertex -4.18054 -3.22144 7.4
      vertex -4.16594 -3.15639 9
      vertex -4.16594 -3.15639 7.4
    endloop
  endfacet
  facet normal -0.975726 0.218995 0
    outer loop
      vertex -4.18054 -3.22144 7.4
      vertex -4.18054 -3.22144 9
      vertex -4.16594 -3.15639 9
    endloop
  endfacet
  facet normal -0.97785 0.209305 0
    outer loop
      vertex -4.19395 -3.28409 7.4
      vertex -4.18054 -3.22144 9
      vertex -4.18054 -3.22144 7.4
    endloop
  endfacet
  facet normal -0.97785 0.209305 0
    outer loop
      vertex -4.19395 -3.28409 7.4
      vertex -4.19395 -3.28409 9
      vertex -4.18054 -3.22144 9
    endloop
  endfacet
  facet normal -0.97989 0.199538 0
    outer loop
      vertex -4.20673 -3.34685 7.4
      vertex -4.19395 -3.28409 9
      vertex -4.19395 -3.28409 7.4
    endloop
  endfacet
  facet normal -0.97989 0.199538 0
    outer loop
      vertex -4.20673 -3.34685 7.4
      vertex -4.20673 -3.34685 9
      vertex -4.19395 -3.28409 9
    endloop
  endfacet
  facet normal -0.981906 0.18937 0
    outer loop
      vertex -4.21883 -3.40959 7.4
      vertex -4.20673 -3.34685 9
      vertex -4.20673 -3.34685 7.4
    endloop
  endfacet
  facet normal -0.981906 0.18937 0
    outer loop
      vertex -4.21883 -3.40959 7.4
      vertex -4.21883 -3.40959 9
      vertex -4.20673 -3.34685 9
    endloop
  endfacet
  facet normal -0.9838 0.179272 0
    outer loop
      vertex -4.23027 -3.47237 7.4
      vertex -4.21883 -3.40959 9
      vertex -4.21883 -3.40959 7.4
    endloop
  endfacet
  facet normal -0.9838 0.179272 0
    outer loop
      vertex -4.23027 -3.47237 7.4
      vertex -4.23027 -3.47237 9
      vertex -4.21883 -3.40959 9
    endloop
  endfacet
  facet normal -0.985572 0.169256 0
    outer loop
      vertex -4.24106 -3.5352 7.4
      vertex -4.23027 -3.47237 9
      vertex -4.23027 -3.47237 7.4
    endloop
  endfacet
  facet normal -0.985572 0.169256 0
    outer loop
      vertex -4.24106 -3.5352 7.4
      vertex -4.24106 -3.5352 9
      vertex -4.23027 -3.47237 9
    endloop
  endfacet
  facet normal -0.98722 0.159361 0
    outer loop
      vertex -4.25122 -3.59814 7.4
      vertex -4.24106 -3.5352 9
      vertex -4.24106 -3.5352 7.4
    endloop
  endfacet
  facet normal -0.98722 0.159361 0
    outer loop
      vertex -4.25122 -3.59814 7.4
      vertex -4.25122 -3.59814 9
      vertex -4.24106 -3.5352 9
    endloop
  endfacet
  facet normal -0.988865 0.148817 0
    outer loop
      vertex -4.26068 -3.661 7.4
      vertex -4.25122 -3.59814 9
      vertex -4.25122 -3.59814 7.4
    endloop
  endfacet
  facet normal -0.988865 0.148817 0
    outer loop
      vertex -4.26068 -3.661 7.4
      vertex -4.26068 -3.661 9
      vertex -4.25122 -3.59814 9
    endloop
  endfacet
  facet normal -0.99028 0.139089 0
    outer loop
      vertex -4.26953 -3.72401 7.4
      vertex -4.26068 -3.661 9
      vertex -4.26068 -3.661 7.4
    endloop
  endfacet
  facet normal -0.99028 0.139089 0
    outer loop
      vertex -4.26953 -3.72401 7.4
      vertex -4.26953 -3.72401 9
      vertex -4.26068 -3.661 9
    endloop
  endfacet
  facet normal -0.991678 0.12874 0
    outer loop
      vertex -4.27771 -3.78702 7.4
      vertex -4.26953 -3.72401 9
      vertex -4.26953 -3.72401 7.4
    endloop
  endfacet
  facet normal -0.991678 0.12874 0
    outer loop
      vertex -4.27771 -3.78702 7.4
      vertex -4.27771 -3.78702 9
      vertex -4.26953 -3.72401 9
    endloop
  endfacet
  facet normal -0.992934 0.118667 0
    outer loop
      vertex -4.28525 -3.85011 7.4
      vertex -4.27771 -3.78702 9
      vertex -4.27771 -3.78702 7.4
    endloop
  endfacet
  facet normal -0.992934 0.118667 0
    outer loop
      vertex -4.28525 -3.85011 7.4
      vertex -4.28525 -3.85011 9
      vertex -4.27771 -3.78702 9
    endloop
  endfacet
  facet normal -0.994143 0.108076 0
    outer loop
      vertex -4.2921 -3.91312 7.4
      vertex -4.28525 -3.85011 9
      vertex -4.28525 -3.85011 7.4
    endloop
  endfacet
  facet normal -0.994143 0.108076 0
    outer loop
      vertex -4.2921 -3.91312 7.4
      vertex -4.2921 -3.91312 9
      vertex -4.28525 -3.85011 9
    endloop
  endfacet
  facet normal -0.995189 0.0979752 0
    outer loop
      vertex -4.29832 -3.9763 7.4
      vertex -4.2921 -3.91312 9
      vertex -4.2921 -3.91312 7.4
    endloop
  endfacet
  facet normal -0.995189 0.0979752 0
    outer loop
      vertex -4.29832 -3.9763 7.4
      vertex -4.29832 -3.9763 9
      vertex -4.2921 -3.91312 9
    endloop
  endfacet
  facet normal -0.996145 0.0877188 0
    outer loop
      vertex -4.30388 -4.03944 7.4
      vertex -4.29832 -3.9763 9
      vertex -4.29832 -3.9763 7.4
    endloop
  endfacet
  facet normal -0.996145 0.0877188 0
    outer loop
      vertex -4.30388 -4.03944 7.4
      vertex -4.30388 -4.03944 9
      vertex -4.29832 -3.9763 9
    endloop
  endfacet
  facet normal -0.997007 0.0773118 0
    outer loop
      vertex -4.30878 -4.10263 7.4
      vertex -4.30388 -4.03944 9
      vertex -4.30388 -4.03944 7.4
    endloop
  endfacet
  facet normal -0.997007 0.0773118 0
    outer loop
      vertex -4.30878 -4.10263 7.4
      vertex -4.30878 -4.10263 9
      vertex -4.30388 -4.03944 9
    endloop
  endfacet
  facet normal -0.997759 0.0669171 0
    outer loop
      vertex -4.31302 -4.16585 7.4
      vertex -4.30878 -4.10263 9
      vertex -4.30878 -4.10263 7.4
    endloop
  endfacet
  facet normal -0.997759 0.0669171 0
    outer loop
      vertex -4.31302 -4.16585 7.4
      vertex -4.31302 -4.16585 9
      vertex -4.30878 -4.10263 9
    endloop
  endfacet
  facet normal -0.998388 0.0567624 0
    outer loop
      vertex -4.31662 -4.22917 7.4
      vertex -4.31302 -4.16585 9
      vertex -4.31302 -4.16585 7.4
    endloop
  endfacet
  facet normal -0.998388 0.0567624 0
    outer loop
      vertex -4.31662 -4.22917 7.4
      vertex -4.31662 -4.22917 9
      vertex -4.31302 -4.16585 9
    endloop
  endfacet
  facet normal -0.99893 0.046238 0
    outer loop
      vertex -4.31955 -4.29247 7.4
      vertex -4.31662 -4.22917 9
      vertex -4.31662 -4.22917 7.4
    endloop
  endfacet
  facet normal -0.99893 0.046238 0
    outer loop
      vertex -4.31955 -4.29247 7.4
      vertex -4.31955 -4.29247 9
      vertex -4.31662 -4.22917 9
    endloop
  endfacet
  facet normal -0.999346 0.0361533 0
    outer loop
      vertex -4.32184 -4.35577 7.4
      vertex -4.31955 -4.29247 9
      vertex -4.31955 -4.29247 7.4
    endloop
  endfacet
  facet normal -0.999346 0.0361533 0
    outer loop
      vertex -4.32184 -4.35577 7.4
      vertex -4.32184 -4.35577 9
      vertex -4.31955 -4.29247 9
    endloop
  endfacet
  facet normal -0.999673 0.0255598 0
    outer loop
      vertex -4.32346 -4.41913 7.4
      vertex -4.32184 -4.35577 9
      vertex -4.32184 -4.35577 7.4
    endloop
  endfacet
  facet normal -0.999673 0.0255598 0
    outer loop
      vertex -4.32346 -4.41913 7.4
      vertex -4.32346 -4.41913 9
      vertex -4.32184 -4.35577 9
    endloop
  endfacet
  facet normal -0.999883 0.0152979 0
    outer loop
      vertex -4.32443 -4.48253 7.4
      vertex -4.32346 -4.41913 9
      vertex -4.32346 -4.41913 7.4
    endloop
  endfacet
  facet normal -0.999883 0.0152979 0
    outer loop
      vertex -4.32443 -4.48253 7.4
      vertex -4.32443 -4.48253 9
      vertex -4.32346 -4.41913 9
    endloop
  endfacet
  facet normal -0.999987 0.00500072 0
    outer loop
      vertex -4.32475 -4.54652 7.4
      vertex -4.32443 -4.48253 9
      vertex -4.32443 -4.48253 7.4
    endloop
  endfacet
  facet normal -0.999987 0.00500072 0
    outer loop
      vertex -4.32475 -4.54652 7.4
      vertex -4.32475 -4.54652 9
      vertex -4.32443 -4.48253 9
    endloop
  endfacet
  facet normal -0.999973 -0.00733085 0
    outer loop
      vertex -4.32411 -4.63382 7.4
      vertex -4.32475 -4.54652 9
      vertex -4.32475 -4.54652 7.4
    endloop
  endfacet
  facet normal -0.999973 -0.00733085 0
    outer loop
      vertex -4.32411 -4.63382 7.4
      vertex -4.32411 -4.63382 9
      vertex -4.32475 -4.54652 9
    endloop
  endfacet
  facet normal -0.999878 -0.0156231 0
    outer loop
      vertex -4.32405 -4.63766 7.4
      vertex -4.32411 -4.63382 9
      vertex -4.32411 -4.63382 7.4
    endloop
  endfacet
  facet normal -0.999878 -0.0156231 0
    outer loop
      vertex -4.32405 -4.63766 7.4
      vertex -4.32405 -4.63766 9
      vertex -4.32411 -4.63382 9
    endloop
  endfacet
  facet normal -0.999742 -0.0227134 0
    outer loop
      vertex -4.32211 -4.72305 7.4
      vertex -4.32405 -4.63766 9
      vertex -4.32405 -4.63766 7.4
    endloop
  endfacet
  facet normal -0.999742 -0.0227134 0
    outer loop
      vertex -4.32211 -4.72305 7.4
      vertex -4.32211 -4.72305 9
      vertex -4.32405 -4.63766 9
    endloop
  endfacet
  facet normal -0.999555 -0.0298375 0
    outer loop
      vertex -4.32199 -4.72707 7.4
      vertex -4.32211 -4.72305 9
      vertex -4.32211 -4.72305 7.4
    endloop
  endfacet
  facet normal -0.999555 -0.0298375 0
    outer loop
      vertex -4.32199 -4.72707 7.4
      vertex -4.32199 -4.72707 9
      vertex -4.32211 -4.72305 9
    endloop
  endfacet
  facet normal -0.999252 -0.0386722 0
    outer loop
      vertex -4.31876 -4.81053 7.4
      vertex -4.32199 -4.72707 9
      vertex -4.32199 -4.72707 7.4
    endloop
  endfacet
  facet normal -0.999252 -0.0386722 0
    outer loop
      vertex -4.31876 -4.81053 7.4
      vertex -4.31876 -4.81053 9
      vertex -4.32199 -4.72707 9
    endloop
  endfacet
  facet normal -0.998807 -0.0488414 0
    outer loop
      vertex -4.31856 -4.81462 7.4
      vertex -4.31876 -4.81053 9
      vertex -4.31876 -4.81053 7.4
    endloop
  endfacet
  facet normal -0.998807 -0.0488414 0
    outer loop
      vertex -4.31856 -4.81462 7.4
      vertex -4.31856 -4.81462 9
      vertex -4.31876 -4.81053 9
    endloop
  endfacet
  facet normal -0.998481 -0.0550903 0
    outer loop
      vertex -4.31406 -4.89618 7.4
      vertex -4.31856 -4.81462 9
      vertex -4.31856 -4.81462 7.4
    endloop
  endfacet
  facet normal -0.998481 -0.0550903 0
    outer loop
      vertex -4.31406 -4.89618 7.4
      vertex -4.31406 -4.89618 9
      vertex -4.31856 -4.81462 9
    endloop
  endfacet
  facet normal -0.998 -0.0632217 0
    outer loop
      vertex -4.31378 -4.9006 7.4
      vertex -4.31406 -4.89618 9
      vertex -4.31406 -4.89618 7.4
    endloop
  endfacet
  facet normal -0.998 -0.0632217 0
    outer loop
      vertex -4.31378 -4.9006 7.4
      vertex -4.31378 -4.9006 9
      vertex -4.31406 -4.89618 9
    endloop
  endfacet
  facet normal -0.997349 -0.0727599 0
    outer loop
      vertex -4.30797 -4.98024 7.4
      vertex -4.31378 -4.9006 9
      vertex -4.31378 -4.9006 7.4
    endloop
  endfacet
  facet normal -0.997349 -0.0727599 0
    outer loop
      vertex -4.30797 -4.98024 7.4
      vertex -4.30797 -4.98024 9
      vertex -4.31378 -4.9006 9
    endloop
  endfacet
  facet normal -0.9965 -0.0835916 0
    outer loop
      vertex -4.30759 -4.98477 7.4
      vertex -4.30797 -4.98024 9
      vertex -4.30797 -4.98024 7.4
    endloop
  endfacet
  facet normal -0.9965 -0.0835916 0
    outer loop
      vertex -4.30759 -4.98477 7.4
      vertex -4.30759 -4.98477 9
      vertex -4.30797 -4.98024 9
    endloop
  endfacet
  facet normal -0.995852 -0.0909864 0
    outer loop
      vertex -4.30049 -5.06248 7.4
      vertex -4.30759 -4.98477 9
      vertex -4.30759 -4.98477 7.4
    endloop
  endfacet
  facet normal -0.995852 -0.0909864 0
    outer loop
      vertex -4.30049 -5.06248 7.4
      vertex -4.30049 -5.06248 9
      vertex -4.30759 -4.98477 9
    endloop
  endfacet
  facet normal -0.995099 -0.0988788 0
    outer loop
      vertex -4.30002 -5.06721 7.4
      vertex -4.30049 -5.06248 9
      vertex -4.30049 -5.06248 7.4
    endloop
  endfacet
  facet normal -0.995099 -0.0988788 0
    outer loop
      vertex -4.30002 -5.06721 7.4
      vertex -4.30002 -5.06721 9
      vertex -4.30049 -5.06248 9
    endloop
  endfacet
  facet normal -0.993944 -0.109885 0
    outer loop
      vertex -4.29164 -5.14301 7.4
      vertex -4.30002 -5.06721 9
      vertex -4.30002 -5.06721 7.4
    endloop
  endfacet
  facet normal -0.993944 -0.109885 0
    outer loop
      vertex -4.29164 -5.14301 7.4
      vertex -4.29164 -5.14301 9
      vertex -4.30002 -5.06721 9
    endloop
  endfacet
  facet normal -0.99264 -0.121102 0
    outer loop
      vertex -4.29103 -5.14801 7.4
      vertex -4.29164 -5.14301 9
      vertex -4.29164 -5.14301 7.4
    endloop
  endfacet
  facet normal -0.99264 -0.121102 0
    outer loop
      vertex -4.29103 -5.14801 7.4
      vertex -4.29103 -5.14801 9
      vertex -4.29164 -5.14301 9
    endloop
  endfacet
  facet normal -0.99154 -0.129798 0
    outer loop
      vertex -4.28136 -5.22188 7.4
      vertex -4.29103 -5.14801 9
      vertex -4.29103 -5.14801 7.4
    endloop
  endfacet
  facet normal -0.99154 -0.129798 0
    outer loop
      vertex -4.28136 -5.22188 7.4
      vertex -4.28136 -5.22188 9
      vertex -4.29103 -5.14801 9
    endloop
  endfacet
  facet normal -0.990026 -0.140888 0
    outer loop
      vertex -4.28062 -5.22708 7.4
      vertex -4.28136 -5.22188 9
      vertex -4.28136 -5.22188 7.4
    endloop
  endfacet
  facet normal -0.990026 -0.140888 0
    outer loop
      vertex -4.28062 -5.22708 7.4
      vertex -4.28062 -5.22708 9
      vertex -4.28136 -5.22188 9
    endloop
  endfacet
  facet normal -0.988579 -0.150705 0
    outer loop
      vertex -4.26965 -5.29904 7.4
      vertex -4.28062 -5.22708 9
      vertex -4.28062 -5.22708 7.4
    endloop
  endfacet
  facet normal -0.988579 -0.150705 0
    outer loop
      vertex -4.26965 -5.29904 7.4
      vertex -4.26965 -5.29904 9
      vertex -4.28062 -5.22708 9
    endloop
  endfacet
  facet normal -0.98698 -0.160841 0
    outer loop
      vertex -4.26877 -5.30444 7.4
      vertex -4.26965 -5.29904 9
      vertex -4.26965 -5.29904 7.4
    endloop
  endfacet
  facet normal -0.98698 -0.160841 0
    outer loop
      vertex -4.26877 -5.30444 7.4
      vertex -4.26877 -5.30444 9
      vertex -4.26965 -5.29904 9
    endloop
  endfacet
  facet normal -0.985047 -0.172285 0
    outer loop
      vertex -4.25652 -5.37448 7.4
      vertex -4.26877 -5.30444 9
      vertex -4.26877 -5.30444 7.4
    endloop
  endfacet
  facet normal -0.985047 -0.172285 0
    outer loop
      vertex -4.25652 -5.37448 7.4
      vertex -4.25652 -5.37448 9
      vertex -4.26877 -5.30444 9
    endloop
  endfacet
  facet normal -0.982892 -0.184185 0
    outer loop
      vertex -4.25545 -5.38019 7.4
      vertex -4.25652 -5.37448 9
      vertex -4.25652 -5.37448 7.4
    endloop
  endfacet
  facet normal -0.982892 -0.184185 0
    outer loop
      vertex -4.25545 -5.38019 7.4
      vertex -4.25545 -5.38019 9
      vertex -4.25652 -5.37448 9
    endloop
  endfacet
  facet normal -0.98078 -0.195119 0
    outer loop
      vertex -4.2419 -5.4483 7.4
      vertex -4.25545 -5.38019 9
      vertex -4.25545 -5.38019 7.4
    endloop
  endfacet
  facet normal -0.98078 -0.195119 0
    outer loop
      vertex -4.2419 -5.4483 7.4
      vertex -4.2419 -5.4483 9
      vertex -4.25545 -5.38019 9
    endloop
  endfacet
  facet normal -0.978479 -0.206346 0
    outer loop
      vertex -4.24066 -5.45418 7.4
      vertex -4.2419 -5.4483 9
      vertex -4.2419 -5.4483 7.4
    endloop
  endfacet
  facet normal -0.978479 -0.206346 0
    outer loop
      vertex -4.24066 -5.45418 7.4
      vertex -4.24066 -5.45418 9
      vertex -4.2419 -5.4483 9
    endloop
  endfacet
  facet normal -0.975807 -0.218632 0
    outer loop
      vertex -4.22583 -5.52037 7.4
      vertex -4.24066 -5.45418 9
      vertex -4.24066 -5.45418 7.4
    endloop
  endfacet
  facet normal -0.975807 -0.218632 0
    outer loop
      vertex -4.22583 -5.52037 7.4
      vertex -4.22583 -5.52037 9
      vertex -4.24066 -5.45418 9
    endloop
  endfacet
  facet normal -0.972501 -0.232897 0
    outer loop
      vertex -4.22435 -5.52655 7.4
      vertex -4.22583 -5.52037 9
      vertex -4.22583 -5.52037 7.4
    endloop
  endfacet
  facet normal -0.972501 -0.232897 0
    outer loop
      vertex -4.22435 -5.52655 7.4
      vertex -4.22435 -5.52655 9
      vertex -4.22583 -5.52037 9
    endloop
  endfacet
  facet normal -0.969938 -0.243352 0
    outer loop
      vertex -4.20822 -5.59084 7.4
      vertex -4.22435 -5.52655 9
      vertex -4.22435 -5.52655 7.4
    endloop
  endfacet
  facet normal -0.969938 -0.243352 0
    outer loop
      vertex -4.20822 -5.59084 7.4
      vertex -4.20822 -5.59084 9
      vertex -4.22435 -5.52655 9
    endloop
  endfacet
  facet normal -0.967133 -0.25427 0
    outer loop
      vertex -4.20654 -5.59723 7.4
      vertex -4.20822 -5.59084 9
      vertex -4.20822 -5.59084 7.4
    endloop
  endfacet
  facet normal -0.967133 -0.25427 0
    outer loop
      vertex -4.20654 -5.59723 7.4
      vertex -4.20654 -5.59723 9
      vertex -4.20822 -5.59084 9
    endloop
  endfacet
  facet normal -0.963167 -0.268902 0
    outer loop
      vertex -4.18913 -5.65959 7.4
      vertex -4.20654 -5.59723 9
      vertex -4.20654 -5.59723 7.4
    endloop
  endfacet
  facet normal -0.963167 -0.268902 0
    outer loop
      vertex -4.18913 -5.65959 7.4
      vertex -4.18913 -5.65959 9
      vertex -4.20654 -5.59723 9
    endloop
  endfacet
  facet normal -0.958885 -0.283796 0
    outer loop
      vertex -4.18715 -5.66628 7.4
      vertex -4.18913 -5.65959 9
      vertex -4.18913 -5.65959 7.4
    endloop
  endfacet
  facet normal -0.958885 -0.283796 0
    outer loop
      vertex -4.18715 -5.66628 7.4
      vertex -4.18715 -5.66628 9
      vertex -4.18913 -5.65959 9
    endloop
  endfacet
  facet normal -0.955275 -0.295718 0
    outer loop
      vertex -4.16844 -5.72672 7.4
      vertex -4.18715 -5.66628 9
      vertex -4.18715 -5.66628 7.4
    endloop
  endfacet
  facet normal -0.955275 -0.295718 0
    outer loop
      vertex -4.16844 -5.72672 7.4
      vertex -4.16844 -5.72672 9
      vertex -4.18715 -5.66628 9
    endloop
  endfacet
  facet normal -0.951657 -0.307163 0
    outer loop
      vertex -4.1662 -5.73366 7.4
      vertex -4.16844 -5.72672 9
      vertex -4.16844 -5.72672 7.4
    endloop
  endfacet
  facet normal -0.951657 -0.307163 0
    outer loop
      vertex -4.1662 -5.73366 7.4
      vertex -4.1662 -5.73366 9
      vertex -4.16844 -5.72672 9
    endloop
  endfacet
  facet normal -0.94623 -0.323493 0
    outer loop
      vertex -4.14619 -5.79219 7.4
      vertex -4.1662 -5.73366 9
      vertex -4.1662 -5.73366 7.4
    endloop
  endfacet
  facet normal -0.94623 -0.323493 0
    outer loop
      vertex -4.14619 -5.79219 7.4
      vertex -4.14619 -5.79219 9
      vertex -4.1662 -5.73366 9
    endloop
  endfacet
  facet normal -0.941562 -0.33684 0
    outer loop
      vertex -4.14365 -5.79929 7.4
      vertex -4.14619 -5.79219 9
      vertex -4.14619 -5.79219 7.4
    endloop
  endfacet
  facet normal -0.941562 -0.33684 0
    outer loop
      vertex -4.14365 -5.79929 7.4
      vertex -4.14365 -5.79929 9
      vertex -4.14619 -5.79219 9
    endloop
  endfacet
  facet normal -0.936064 -0.35183 0
    outer loop
      vertex -4.12238 -5.85588 7.4
      vertex -4.14365 -5.79929 9
      vertex -4.14365 -5.79929 7.4
    endloop
  endfacet
  facet normal -0.936064 -0.35183 0
    outer loop
      vertex -4.12238 -5.85588 7.4
      vertex -4.12238 -5.85588 9
      vertex -4.14365 -5.79929 9
    endloop
  endfacet
  facet normal -0.930267 -0.366883 0
    outer loop
      vertex -4.11943 -5.86336 7.4
      vertex -4.12238 -5.85588 9
      vertex -4.12238 -5.85588 7.4
    endloop
  endfacet
  facet normal -0.930267 -0.366883 0
    outer loop
      vertex -4.11943 -5.86336 7.4
      vertex -4.11943 -5.86336 9
      vertex -4.12238 -5.85588 9
    endloop
  endfacet
  facet normal -0.924317 -0.381625 0
    outer loop
      vertex -4.09685 -5.91805 7.4
      vertex -4.11943 -5.86336 9
      vertex -4.11943 -5.86336 7.4
    endloop
  endfacet
  facet normal -0.924317 -0.381625 0
    outer loop
      vertex -4.09685 -5.91805 7.4
      vertex -4.09685 -5.91805 9
      vertex -4.11943 -5.86336 9
    endloop
  endfacet
  facet normal -0.91707 -0.398726 0
    outer loop
      vertex -4.09355 -5.92564 7.4
      vertex -4.09685 -5.91805 9
      vertex -4.09685 -5.91805 7.4
    endloop
  endfacet
  facet normal -0.91707 -0.398726 0
    outer loop
      vertex -4.09355 -5.92564 7.4
      vertex -4.09355 -5.92564 9
      vertex -4.09685 -5.91805 9
    endloop
  endfacet
  facet normal -0.911187 -0.411994 0
    outer loop
      vertex -4.06969 -5.97841 7.4
      vertex -4.09355 -5.92564 9
      vertex -4.09355 -5.92564 7.4
    endloop
  endfacet
  facet normal -0.911187 -0.411994 0
    outer loop
      vertex -4.06969 -5.97841 7.4
      vertex -4.06969 -5.97841 9
      vertex -4.09355 -5.92564 9
    endloop
  endfacet
  facet normal -0.903691 -0.428186 0
    outer loop
      vertex -4.06598 -5.98624 7.4
      vertex -4.06969 -5.97841 9
      vertex -4.06969 -5.97841 7.4
    endloop
  endfacet
  facet normal -0.903691 -0.428186 0
    outer loop
      vertex -4.06598 -5.98624 7.4
      vertex -4.06598 -5.98624 9
      vertex -4.06969 -5.97841 9
    endloop
  endfacet
  facet normal -0.896288 -0.443473 0
    outer loop
      vertex -4.04082 -6.03709 7.4
      vertex -4.06598 -5.98624 9
      vertex -4.06598 -5.98624 7.4
    endloop
  endfacet
  facet normal -0.896288 -0.443473 0
    outer loop
      vertex -4.04082 -6.03709 7.4
      vertex -4.04082 -6.03709 9
      vertex -4.06598 -5.98624 9
    endloop
  endfacet
  facet normal -0.888124 -0.459604 0
    outer loop
      vertex -4.03668 -6.04509 7.4
      vertex -4.04082 -6.03709 9
      vertex -4.04082 -6.03709 7.4
    endloop
  endfacet
  facet normal -0.888124 -0.459604 0
    outer loop
      vertex -4.03668 -6.04509 7.4
      vertex -4.03668 -6.04509 9
      vertex -4.04082 -6.03709 9
    endloop
  endfacet
  facet normal -0.879772 -0.475397 0
    outer loop
      vertex -4.01024 -6.09402 7.4
      vertex -4.03668 -6.04509 9
      vertex -4.03668 -6.04509 7.4
    endloop
  endfacet
  facet normal -0.879772 -0.475397 0
    outer loop
      vertex -4.01024 -6.09402 7.4
      vertex -4.01024 -6.09402 9
      vertex -4.03668 -6.04509 9
    endloop
  endfacet
  facet normal -0.870721 -0.491777 0
    outer loop
      vertex -4.00562 -6.1022 7.4
      vertex -4.01024 -6.09402 9
      vertex -4.01024 -6.09402 7.4
    endloop
  endfacet
  facet normal -0.870721 -0.491777 0
    outer loop
      vertex -4.00562 -6.1022 7.4
      vertex -4.00562 -6.1022 9
      vertex -4.01024 -6.09402 9
    endloop
  endfacet
  facet normal -0.861269 -0.508149 0
    outer loop
      vertex -3.97789 -6.1492 7.4
      vertex -4.00562 -6.1022 9
      vertex -4.00562 -6.1022 7.4
    endloop
  endfacet
  facet normal -0.861269 -0.508149 0
    outer loop
      vertex -3.97789 -6.1492 7.4
      vertex -3.97789 -6.1492 9
      vertex -4.00562 -6.1022 9
    endloop
  endfacet
  facet normal -0.851553 -0.524269 0
    outer loop
      vertex -3.97278 -6.1575 7.4
      vertex -3.97789 -6.1492 9
      vertex -3.97789 -6.1492 7.4
    endloop
  endfacet
  facet normal -0.851553 -0.524269 0
    outer loop
      vertex -3.97278 -6.1575 7.4
      vertex -3.97278 -6.1575 9
      vertex -3.97789 -6.1492 9
    endloop
  endfacet
  facet normal -0.840833 -0.541294 0
    outer loop
      vertex -3.94374 -6.20261 7.4
      vertex -3.97278 -6.1575 9
      vertex -3.97278 -6.1575 7.4
    endloop
  endfacet
  facet normal -0.840833 -0.541294 0
    outer loop
      vertex -3.94374 -6.20261 7.4
      vertex -3.94374 -6.20261 9
      vertex -3.97278 -6.1575 9
    endloop
  endfacet
  facet normal -0.832246 -0.554406 0
    outer loop
      vertex -3.93939 -6.20914 7.4
      vertex -3.94374 -6.20261 9
      vertex -3.94374 -6.20261 7.4
    endloop
  endfacet
  facet normal -0.832246 -0.554406 0
    outer loop
      vertex -3.93939 -6.20914 7.4
      vertex -3.93939 -6.20914 9
      vertex -3.94374 -6.20261 9
    endloop
  endfacet
  facet normal -0.823356 -0.567525 0
    outer loop
      vertex -3.90942 -6.25262 7.4
      vertex -3.93939 -6.20914 9
      vertex -3.93939 -6.20914 7.4
    endloop
  endfacet
  facet normal -0.823356 -0.567525 0
    outer loop
      vertex -3.90942 -6.25262 7.4
      vertex -3.90942 -6.25262 9
      vertex -3.93939 -6.20914 9
    endloop
  endfacet
  facet normal -0.817014 -0.576617 0
    outer loop
      vertex -3.90599 -6.25748 7.4
      vertex -3.90942 -6.25262 9
      vertex -3.90942 -6.25262 7.4
    endloop
  endfacet
  facet normal -0.817014 -0.576617 0
    outer loop
      vertex -3.90599 -6.25748 7.4
      vertex -3.90599 -6.25748 9
      vertex -3.90942 -6.25262 9
    endloop
  endfacet
  facet normal -0.809681 -0.58687 0
    outer loop
      vertex -3.87541 -6.29967 7.4
      vertex -3.90599 -6.25748 9
      vertex -3.90599 -6.25748 7.4
    endloop
  endfacet
  facet normal -0.809681 -0.58687 0
    outer loop
      vertex -3.87541 -6.29967 7.4
      vertex -3.87541 -6.29967 9
      vertex -3.90599 -6.25748 9
    endloop
  endfacet
  facet normal -0.802401 -0.596786 0
    outer loop
      vertex -3.87184 -6.30447 7.4
      vertex -3.87541 -6.29967 9
      vertex -3.87541 -6.29967 7.4
    endloop
  endfacet
  facet normal -0.802401 -0.596786 0
    outer loop
      vertex -3.87184 -6.30447 7.4
      vertex -3.87184 -6.30447 9
      vertex -3.87541 -6.29967 9
    endloop
  endfacet
  facet normal -0.795427 -0.606049 0
    outer loop
      vertex -3.84067 -6.34538 7.4
      vertex -3.87184 -6.30447 9
      vertex -3.87184 -6.30447 7.4
    endloop
  endfacet
  facet normal -0.795427 -0.606049 0
    outer loop
      vertex -3.84067 -6.34538 7.4
      vertex -3.84067 -6.34538 9
      vertex -3.87184 -6.30447 9
    endloop
  endfacet
  facet normal -0.78795 -0.615739 0
    outer loop
      vertex -3.83688 -6.35023 7.4
      vertex -3.84067 -6.34538 9
      vertex -3.84067 -6.34538 7.4
    endloop
  endfacet
  facet normal -0.78795 -0.615739 0
    outer loop
      vertex -3.83688 -6.35023 7.4
      vertex -3.83688 -6.35023 9
      vertex -3.84067 -6.34538 9
    endloop
  endfacet
  facet normal -0.78035 -0.625343 0
    outer loop
      vertex -3.80513 -6.38985 7.4
      vertex -3.83688 -6.35023 9
      vertex -3.83688 -6.35023 7.4
    endloop
  endfacet
  facet normal -0.78035 -0.625343 0
    outer loop
      vertex -3.80513 -6.38985 7.4
      vertex -3.80513 -6.38985 9
      vertex -3.83688 -6.35023 9
    endloop
  endfacet
  facet normal -0.77066 -0.637246 0
    outer loop
      vertex -3.80107 -6.39476 7.4
      vertex -3.80513 -6.38985 9
      vertex -3.80513 -6.38985 7.4
    endloop
  endfacet
  facet normal -0.77066 -0.637246 0
    outer loop
      vertex -3.80107 -6.39476 7.4
      vertex -3.80107 -6.39476 9
      vertex -3.80513 -6.38985 9
    endloop
  endfacet
  facet normal -0.764104 -0.645093 0
    outer loop
      vertex -3.76871 -6.43309 7.4
      vertex -3.80107 -6.39476 9
      vertex -3.80107 -6.39476 7.4
    endloop
  endfacet
  facet normal -0.764104 -0.645093 0
    outer loop
      vertex -3.76871 -6.43309 7.4
      vertex -3.76871 -6.43309 9
      vertex -3.80107 -6.39476 9
    endloop
  endfacet
  facet normal -0.755334 -0.65534 0
    outer loop
      vertex -3.76445 -6.438 7.4
      vertex -3.76871 -6.43309 9
      vertex -3.76871 -6.43309 7.4
    endloop
  endfacet
  facet normal -0.755334 -0.65534 0
    outer loop
      vertex -3.76445 -6.438 7.4
      vertex -3.76445 -6.438 9
      vertex -3.76871 -6.43309 9
    endloop
  endfacet
  facet normal -0.747053 -0.664764 0
    outer loop
      vertex -3.73149 -6.47504 7.4
      vertex -3.76445 -6.438 9
      vertex -3.76445 -6.438 7.4
    endloop
  endfacet
  facet normal -0.747053 -0.664764 0
    outer loop
      vertex -3.73149 -6.47504 7.4
      vertex -3.73149 -6.47504 9
      vertex -3.76445 -6.438 9
    endloop
  endfacet
  facet normal -0.739112 -0.673583 0
    outer loop
      vertex -3.72707 -6.47989 7.4
      vertex -3.73149 -6.47504 9
      vertex -3.73149 -6.47504 7.4
    endloop
  endfacet
  facet normal -0.739112 -0.673583 0
    outer loop
      vertex -3.72707 -6.47989 7.4
      vertex -3.72707 -6.47989 9
      vertex -3.73149 -6.47504 9
    endloop
  endfacet
  facet normal -0.729289 -0.684206 0
    outer loop
      vertex -3.69353 -6.51564 7.4
      vertex -3.72707 -6.47989 9
      vertex -3.72707 -6.47989 7.4
    endloop
  endfacet
  facet normal -0.729289 -0.684206 0
    outer loop
      vertex -3.69353 -6.51564 7.4
      vertex -3.69353 -6.51564 9
      vertex -3.72707 -6.47989 9
    endloop
  endfacet
  facet normal -0.720104 -0.693866 0
    outer loop
      vertex -3.68877 -6.52058 7.4
      vertex -3.69353 -6.51564 9
      vertex -3.69353 -6.51564 7.4
    endloop
  endfacet
  facet normal -0.720104 -0.693866 0
    outer loop
      vertex -3.68877 -6.52058 7.4
      vertex -3.68877 -6.52058 9
      vertex -3.69353 -6.51564 9
    endloop
  endfacet
  facet normal -0.710294 -0.703905 0
    outer loop
      vertex -3.65462 -6.55504 7.4
      vertex -3.68877 -6.52058 9
      vertex -3.68877 -6.52058 7.4
    endloop
  endfacet
  facet normal -0.710294 -0.703905 0
    outer loop
      vertex -3.65462 -6.55504 7.4
      vertex -3.65462 -6.55504 9
      vertex -3.68877 -6.52058 9
    endloop
  endfacet
  facet normal -0.699085 -0.715039 0
    outer loop
      vertex -3.64969 -6.55986 7.4
      vertex -3.65462 -6.55504 9
      vertex -3.65462 -6.55504 7.4
    endloop
  endfacet
  facet normal -0.699085 -0.715039 0
    outer loop
      vertex -3.64969 -6.55986 7.4
      vertex -3.64969 -6.55986 9
      vertex -3.65462 -6.55504 9
    endloop
  endfacet
  facet normal -0.69057 -0.723266 0
    outer loop
      vertex -3.61496 -6.59302 7.4
      vertex -3.64969 -6.55986 9
      vertex -3.64969 -6.55986 7.4
    endloop
  endfacet
  facet normal -0.69057 -0.723266 0
    outer loop
      vertex -3.61496 -6.59302 7.4
      vertex -3.61496 -6.59302 9
      vertex -3.64969 -6.55986 9
    endloop
  endfacet
  facet normal -0.680505 -0.732743 0
    outer loop
      vertex -3.60977 -6.59784 7.4
      vertex -3.61496 -6.59302 9
      vertex -3.61496 -6.59302 7.4
    endloop
  endfacet
  facet normal -0.680505 -0.732743 0
    outer loop
      vertex -3.60977 -6.59784 7.4
      vertex -3.60977 -6.59784 9
      vertex -3.61496 -6.59302 9
    endloop
  endfacet
  facet normal -0.669707 -0.742625 0
    outer loop
      vertex -3.57443 -6.62971 7.4
      vertex -3.60977 -6.59784 9
      vertex -3.60977 -6.59784 7.4
    endloop
  endfacet
  facet normal -0.669707 -0.742625 0
    outer loop
      vertex -3.57443 -6.62971 7.4
      vertex -3.57443 -6.62971 9
      vertex -3.60977 -6.59784 9
    endloop
  endfacet
  facet normal -0.659973 -0.75129 0
    outer loop
      vertex -3.569 -6.63448 7.4
      vertex -3.57443 -6.62971 9
      vertex -3.57443 -6.62971 7.4
    endloop
  endfacet
  facet normal -0.659973 -0.75129 0
    outer loop
      vertex -3.569 -6.63448 7.4
      vertex -3.569 -6.63448 9
      vertex -3.57443 -6.62971 9
    endloop
  endfacet
  facet normal -0.648011 -0.761631 0
    outer loop
      vertex -3.53307 -6.66505 7.4
      vertex -3.569 -6.63448 9
      vertex -3.569 -6.63448 7.4
    endloop
  endfacet
  facet normal -0.648011 -0.761631 0
    outer loop
      vertex -3.53307 -6.66505 7.4
      vertex -3.53307 -6.66505 9
      vertex -3.569 -6.63448 9
    endloop
  endfacet
  facet normal -0.636774 -0.77105 0
    outer loop
      vertex -3.5275 -6.66965 7.4
      vertex -3.53307 -6.66505 9
      vertex -3.53307 -6.66505 7.4
    endloop
  endfacet
  facet normal -0.636774 -0.77105 0
    outer loop
      vertex -3.5275 -6.66965 7.4
      vertex -3.5275 -6.66965 9
      vertex -3.53307 -6.66505 9
    endloop
  endfacet
  facet normal -0.625658 -0.780097 0
    outer loop
      vertex -3.49098 -6.69894 7.4
      vertex -3.5275 -6.66965 9
      vertex -3.5275 -6.66965 7.4
    endloop
  endfacet
  facet normal -0.625658 -0.780097 0
    outer loop
      vertex -3.49098 -6.69894 7.4
      vertex -3.49098 -6.69894 9
      vertex -3.5275 -6.66965 9
    endloop
  endfacet
  facet normal -0.615696 -0.787984 0
    outer loop
      vertex -3.48508 -6.70355 7.4
      vertex -3.49098 -6.69894 9
      vertex -3.49098 -6.69894 7.4
    endloop
  endfacet
  facet normal -0.615696 -0.787984 0
    outer loop
      vertex -3.48508 -6.70355 7.4
      vertex -3.48508 -6.70355 9
      vertex -3.49098 -6.69894 9
    endloop
  endfacet
  facet normal -0.602097 -0.798423 0
    outer loop
      vertex -3.44795 -6.73155 7.4
      vertex -3.48508 -6.70355 9
      vertex -3.48508 -6.70355 7.4
    endloop
  endfacet
  facet normal -0.602097 -0.798423 0
    outer loop
      vertex -3.44795 -6.73155 7.4
      vertex -3.44795 -6.73155 9
      vertex -3.48508 -6.70355 9
    endloop
  endfacet
  facet normal -0.590253 -0.807218 0
    outer loop
      vertex -3.44196 -6.73593 7.4
      vertex -3.44795 -6.73155 9
      vertex -3.44795 -6.73155 7.4
    endloop
  endfacet
  facet normal -0.590253 -0.807218 0
    outer loop
      vertex -3.44196 -6.73593 7.4
      vertex -3.44196 -6.73593 9
      vertex -3.44795 -6.73155 9
    endloop
  endfacet
  facet normal -0.578143 -0.815935 0
    outer loop
      vertex -3.40425 -6.76265 7.4
      vertex -3.44196 -6.73593 9
      vertex -3.44196 -6.73593 7.4
    endloop
  endfacet
  facet normal -0.578143 -0.815935 0
    outer loop
      vertex -3.40425 -6.76265 7.4
      vertex -3.40425 -6.76265 9
      vertex -3.44196 -6.73593 9
    endloop
  endfacet
  facet normal -0.565378 -0.824832 0
    outer loop
      vertex -3.39786 -6.76703 7.4
      vertex -3.40425 -6.76265 9
      vertex -3.40425 -6.76265 7.4
    endloop
  endfacet
  facet normal -0.565378 -0.824832 0
    outer loop
      vertex -3.39786 -6.76703 7.4
      vertex -3.39786 -6.76703 9
      vertex -3.40425 -6.76265 9
    endloop
  endfacet
  facet normal -0.55249 -0.83352 0
    outer loop
      vertex -3.35954 -6.79243 7.4
      vertex -3.39786 -6.76703 9
      vertex -3.39786 -6.76703 7.4
    endloop
  endfacet
  facet normal -0.55249 -0.83352 0
    outer loop
      vertex -3.35954 -6.79243 7.4
      vertex -3.35954 -6.79243 9
      vertex -3.39786 -6.76703 9
    endloop
  endfacet
  facet normal -0.539955 -0.841694 0
    outer loop
      vertex -3.35318 -6.79651 7.4
      vertex -3.35954 -6.79243 9
      vertex -3.35954 -6.79243 7.4
    endloop
  endfacet
  facet normal -0.539955 -0.841694 0
    outer loop
      vertex -3.35318 -6.79651 7.4
      vertex -3.35318 -6.79651 9
      vertex -3.35954 -6.79243 9
    endloop
  endfacet
  facet normal -0.527189 -0.849748 0
    outer loop
      vertex -3.31427 -6.82065 7.4
      vertex -3.35318 -6.79651 9
      vertex -3.35318 -6.79651 7.4
    endloop
  endfacet
  facet normal -0.527189 -0.849748 0
    outer loop
      vertex -3.31427 -6.82065 7.4
      vertex -3.31427 -6.82065 9
      vertex -3.35318 -6.79651 9
    endloop
  endfacet
  facet normal -0.514877 -0.857264 0
    outer loop
      vertex -3.30766 -6.82462 7.4
      vertex -3.31427 -6.82065 9
      vertex -3.31427 -6.82065 7.4
    endloop
  endfacet
  facet normal -0.514877 -0.857264 0
    outer loop
      vertex -3.30766 -6.82462 7.4
      vertex -3.30766 -6.82462 9
      vertex -3.31427 -6.82065 9
    endloop
  endfacet
  facet normal -0.500665 -0.865641 0
    outer loop
      vertex -3.26817 -6.84746 7.4
      vertex -3.30766 -6.82462 9
      vertex -3.30766 -6.82462 7.4
    endloop
  endfacet
  facet normal -0.500665 -0.865641 0
    outer loop
      vertex -3.26817 -6.84746 7.4
      vertex -3.26817 -6.84746 9
      vertex -3.30766 -6.82462 9
    endloop
  endfacet
  facet normal -0.488021 -0.872832 0
    outer loop
      vertex -3.26132 -6.85129 7.4
      vertex -3.26817 -6.84746 9
      vertex -3.26817 -6.84746 7.4
    endloop
  endfacet
  facet normal -0.488021 -0.872832 0
    outer loop
      vertex -3.26132 -6.85129 7.4
      vertex -3.26132 -6.85129 9
      vertex -3.26817 -6.84746 9
    endloop
  endfacet
  facet normal -0.473209 -0.88095 0
    outer loop
      vertex -3.22122 -6.87283 7.4
      vertex -3.26132 -6.85129 9
      vertex -3.26132 -6.85129 7.4
    endloop
  endfacet
  facet normal -0.473209 -0.88095 0
    outer loop
      vertex -3.22122 -6.87283 7.4
      vertex -3.22122 -6.87283 9
      vertex -3.26132 -6.85129 9
    endloop
  endfacet
  facet normal -0.458577 -0.888655 0
    outer loop
      vertex -3.21436 -6.87637 7.4
      vertex -3.22122 -6.87283 9
      vertex -3.22122 -6.87283 7.4
    endloop
  endfacet
  facet normal -0.458577 -0.888655 0
    outer loop
      vertex -3.21436 -6.87637 7.4
      vertex -3.21436 -6.87637 9
      vertex -3.22122 -6.87283 9
    endloop
  endfacet
  facet normal -0.445981 -0.895042 0
    outer loop
      vertex -3.17368 -6.89664 7.4
      vertex -3.21436 -6.87637 9
      vertex -3.21436 -6.87637 7.4
    endloop
  endfacet
  facet normal -0.445981 -0.895042 0
    outer loop
      vertex -3.17368 -6.89664 7.4
      vertex -3.17368 -6.89664 9
      vertex -3.21436 -6.87637 9
    endloop
  endfacet
  facet normal -0.430917 -0.902391 0
    outer loop
      vertex -3.16656 -6.90004 7.4
      vertex -3.17368 -6.89664 9
      vertex -3.17368 -6.89664 7.4
    endloop
  endfacet
  facet normal -0.430917 -0.902391 0
    outer loop
      vertex -3.16656 -6.90004 7.4
      vertex -3.16656 -6.90004 9
      vertex -3.17368 -6.89664 9
    endloop
  endfacet
  facet normal -0.417481 -0.908686 0
    outer loop
      vertex -3.12527 -6.91901 7.4
      vertex -3.16656 -6.90004 9
      vertex -3.16656 -6.90004 7.4
    endloop
  endfacet
  facet normal -0.417481 -0.908686 0
    outer loop
      vertex -3.12527 -6.91901 7.4
      vertex -3.12527 -6.91901 9
      vertex -3.16656 -6.90004 9
    endloop
  endfacet
  facet normal -0.403167 -0.915126 0
    outer loop
      vertex -3.11812 -6.92216 7.4
      vertex -3.12527 -6.91901 9
      vertex -3.12527 -6.91901 7.4
    endloop
  endfacet
  facet normal -0.403167 -0.915126 0
    outer loop
      vertex -3.11812 -6.92216 7.4
      vertex -3.11812 -6.92216 9
      vertex -3.12527 -6.91901 9
    endloop
  endfacet
  facet normal -0.388814 -0.921316 0
    outer loop
      vertex -3.07625 -6.93983 7.4
      vertex -3.11812 -6.92216 9
      vertex -3.11812 -6.92216 7.4
    endloop
  endfacet
  facet normal -0.388814 -0.921316 0
    outer loop
      vertex -3.07625 -6.93983 7.4
      vertex -3.07625 -6.93983 9
      vertex -3.11812 -6.92216 9
    endloop
  endfacet
  facet normal -0.37493 -0.927053 0
    outer loop
      vertex -3.06903 -6.94275 7.4
      vertex -3.07625 -6.93983 9
      vertex -3.07625 -6.93983 7.4
    endloop
  endfacet
  facet normal -0.37493 -0.927053 0
    outer loop
      vertex -3.06903 -6.94275 7.4
      vertex -3.06903 -6.94275 9
      vertex -3.07625 -6.93983 9
    endloop
  endfacet
  facet normal -0.359965 -0.932966 0
    outer loop
      vertex -3.02655 -6.95914 7.4
      vertex -3.06903 -6.94275 9
      vertex -3.06903 -6.94275 7.4
    endloop
  endfacet
  facet normal -0.359965 -0.932966 0
    outer loop
      vertex -3.02655 -6.95914 7.4
      vertex -3.02655 -6.95914 9
      vertex -3.06903 -6.94275 9
    endloop
  endfacet
  facet normal -0.345585 -0.938387 0
    outer loop
      vertex -3.0193 -6.96181 7.4
      vertex -3.02655 -6.95914 9
      vertex -3.02655 -6.95914 7.4
    endloop
  endfacet
  facet normal -0.345585 -0.938387 0
    outer loop
      vertex -3.0193 -6.96181 7.4
      vertex -3.0193 -6.96181 9
      vertex -3.02655 -6.95914 9
    endloop
  endfacet
  facet normal -0.330848 -0.943684 0
    outer loop
      vertex -2.97623 -6.97691 7.4
      vertex -3.0193 -6.96181 9
      vertex -3.0193 -6.96181 7.4
    endloop
  endfacet
  facet normal -0.330848 -0.943684 0
    outer loop
      vertex -2.97623 -6.97691 7.4
      vertex -2.97623 -6.97691 9
      vertex -3.0193 -6.96181 9
    endloop
  endfacet
  facet normal -0.320088 -0.947388 0
    outer loop
      vertex -2.97108 -6.97865 7.4
      vertex -2.97623 -6.97691 9
      vertex -2.97623 -6.97691 7.4
    endloop
  endfacet
  facet normal -0.320088 -0.947388 0
    outer loop
      vertex -2.97108 -6.97865 7.4
      vertex -2.97108 -6.97865 9
      vertex -2.97623 -6.97691 9
    endloop
  endfacet
  facet normal -0.310094 -0.950706 0
    outer loop
      vertex -2.925 -6.99368 7.4
      vertex -2.97108 -6.97865 9
      vertex -2.97108 -6.97865 7.4
    endloop
  endfacet
  facet normal -0.310094 -0.950706 0
    outer loop
      vertex -2.925 -6.99368 7.4
      vertex -2.925 -6.99368 9
      vertex -2.97108 -6.97865 9
    endloop
  endfacet
  facet normal -0.298852 -0.954299 0
    outer loop
      vertex -2.87889 -7.00812 7.4
      vertex -2.925 -6.99368 9
      vertex -2.925 -6.99368 7.4
    endloop
  endfacet
  facet normal -0.298852 -0.954299 0
    outer loop
      vertex -2.87889 -7.00812 7.4
      vertex -2.87889 -7.00812 9
      vertex -2.925 -6.99368 9
    endloop
  endfacet
  facet normal -0.286908 -0.957958 0
    outer loop
      vertex -2.83298 -7.02187 7.4
      vertex -2.87889 -7.00812 9
      vertex -2.87889 -7.00812 7.4
    endloop
  endfacet
  facet normal -0.286908 -0.957958 0
    outer loop
      vertex -2.83298 -7.02187 7.4
      vertex -2.83298 -7.02187 9
      vertex -2.87889 -7.00812 9
    endloop
  endfacet
  facet normal -0.274832 -0.961492 0
    outer loop
      vertex -2.78708 -7.03499 7.4
      vertex -2.83298 -7.02187 9
      vertex -2.83298 -7.02187 7.4
    endloop
  endfacet
  facet normal -0.274832 -0.961492 0
    outer loop
      vertex -2.78708 -7.03499 7.4
      vertex -2.78708 -7.03499 9
      vertex -2.83298 -7.02187 9
    endloop
  endfacet
  facet normal -0.26283 -0.964842 0
    outer loop
      vertex -2.74446 -7.0466 7.4
      vertex -2.78708 -7.03499 9
      vertex -2.78708 -7.03499 7.4
    endloop
  endfacet
  facet normal -0.26283 -0.964842 0
    outer loop
      vertex -2.74446 -7.0466 7.4
      vertex -2.74446 -7.0466 9
      vertex -2.78708 -7.03499 9
    endloop
  endfacet
  facet normal -0.250776 -0.968045 0
    outer loop
      vertex -2.69586 -7.05919 7.4
      vertex -2.74446 -7.0466 9
      vertex -2.74446 -7.0466 7.4
    endloop
  endfacet
  facet normal -0.250776 -0.968045 0
    outer loop
      vertex -2.69586 -7.05919 7.4
      vertex -2.69586 -7.05919 9
      vertex -2.74446 -7.0466 9
    endloop
  endfacet
  facet normal -0.238209 -0.971214 0
    outer loop
      vertex -2.65358 -7.06956 7.4
      vertex -2.69586 -7.05919 9
      vertex -2.69586 -7.05919 7.4
    endloop
  endfacet
  facet normal -0.238209 -0.971214 0
    outer loop
      vertex -2.65358 -7.06956 7.4
      vertex -2.65358 -7.06956 9
      vertex -2.69586 -7.05919 9
    endloop
  endfacet
  facet normal -0.225166 -0.97432 0
    outer loop
      vertex -2.6049 -7.08081 7.4
      vertex -2.65358 -7.06956 9
      vertex -2.65358 -7.06956 7.4
    endloop
  endfacet
  facet normal -0.225166 -0.97432 0
    outer loop
      vertex -2.6049 -7.08081 7.4
      vertex -2.6049 -7.08081 9
      vertex -2.65358 -7.06956 9
    endloop
  endfacet
  facet normal -0.211784 -0.977316 0
    outer loop
      vertex -2.55963 -7.09062 7.4
      vertex -2.6049 -7.08081 9
      vertex -2.6049 -7.08081 7.4
    endloop
  endfacet
  facet normal -0.211784 -0.977316 0
    outer loop
      vertex -2.55963 -7.09062 7.4
      vertex -2.55963 -7.09062 9
      vertex -2.6049 -7.08081 9
    endloop
  endfacet
  facet normal -0.199092 -0.979981 0
    outer loop
      vertex -2.51784 -7.09911 7.4
      vertex -2.55963 -7.09062 9
      vertex -2.55963 -7.09062 7.4
    endloop
  endfacet
  facet normal -0.199092 -0.979981 0
    outer loop
      vertex -2.51784 -7.09911 7.4
      vertex -2.51784 -7.09911 9
      vertex -2.55963 -7.09062 9
    endloop
  endfacet
  facet normal -0.185857 -0.982577 0
    outer loop
      vertex -2.47285 -7.10762 7.4
      vertex -2.51784 -7.09911 9
      vertex -2.51784 -7.09911 7.4
    endloop
  endfacet
  facet normal -0.185857 -0.982577 0
    outer loop
      vertex -2.47285 -7.10762 7.4
      vertex -2.47285 -7.10762 9
      vertex -2.51784 -7.09911 9
    endloop
  endfacet
  facet normal -0.17129 -0.985221 0
    outer loop
      vertex -2.42442 -7.11604 7.4
      vertex -2.47285 -7.10762 9
      vertex -2.47285 -7.10762 7.4
    endloop
  endfacet
  facet normal -0.17129 -0.985221 0
    outer loop
      vertex -2.42442 -7.11604 7.4
      vertex -2.42442 -7.11604 9
      vertex -2.47285 -7.10762 9
    endloop
  endfacet
  facet normal -0.157379 -0.987538 0
    outer loop
      vertex -2.37968 -7.12317 7.4
      vertex -2.42442 -7.11604 9
      vertex -2.42442 -7.11604 7.4
    endloop
  endfacet
  facet normal -0.157379 -0.987538 0
    outer loop
      vertex -2.37968 -7.12317 7.4
      vertex -2.37968 -7.12317 9
      vertex -2.42442 -7.11604 9
    endloop
  endfacet
  facet normal -0.14388 -0.989595 0
    outer loop
      vertex -2.33855 -7.12915 7.4
      vertex -2.37968 -7.12317 9
      vertex -2.37968 -7.12317 7.4
    endloop
  endfacet
  facet normal -0.14388 -0.989595 0
    outer loop
      vertex -2.33855 -7.12915 7.4
      vertex -2.33855 -7.12915 9
      vertex -2.37968 -7.12317 9
    endloop
  endfacet
  facet normal -0.135719 -0.990747 0
    outer loop
      vertex -2.3349 -7.12965 7.4
      vertex -2.33855 -7.12915 9
      vertex -2.33855 -7.12915 7.4
    endloop
  endfacet
  facet normal -0.135719 -0.990747 0
    outer loop
      vertex -2.3349 -7.12965 7.4
      vertex -2.3349 -7.12965 9
      vertex -2.33855 -7.12915 9
    endloop
  endfacet
  facet normal -0.129246 -0.991613 0
    outer loop
      vertex -2.29393 -7.13499 7.4
      vertex -2.3349 -7.12965 9
      vertex -2.3349 -7.12965 7.4
    endloop
  endfacet
  facet normal -0.129246 -0.991613 0
    outer loop
      vertex -2.29393 -7.13499 7.4
      vertex -2.29393 -7.13499 9
      vertex -2.3349 -7.12965 9
    endloop
  endfacet
  facet normal -0.11442 -0.993432 0
    outer loop
      vertex -2.24583 -7.14053 7.4
      vertex -2.29393 -7.13499 9
      vertex -2.29393 -7.13499 7.4
    endloop
  endfacet
  facet normal -0.11442 -0.993432 0
    outer loop
      vertex -2.24583 -7.14053 7.4
      vertex -2.24583 -7.14053 9
      vertex -2.29393 -7.13499 9
    endloop
  endfacet
  facet normal -0.10011 -0.994976 0
    outer loop
      vertex -2.20518 -7.14462 7.4
      vertex -2.24583 -7.14053 9
      vertex -2.24583 -7.14053 7.4
    endloop
  endfacet
  facet normal -0.10011 -0.994976 0
    outer loop
      vertex -2.20518 -7.14462 7.4
      vertex -2.20518 -7.14462 9
      vertex -2.24583 -7.14053 9
    endloop
  endfacet
  facet normal -0.0857146 -0.99632 0
    outer loop
      vertex -2.16101 -7.14842 7.4
      vertex -2.20518 -7.14462 9
      vertex -2.20518 -7.14462 7.4
    endloop
  endfacet
  facet normal -0.0857146 -0.99632 0
    outer loop
      vertex -2.16101 -7.14842 7.4
      vertex -2.16101 -7.14842 9
      vertex -2.20518 -7.14462 9
    endloop
  endfacet
  facet normal -0.0800531 -0.996791 0
    outer loop
      vertex -2.15715 -7.14873 7.4
      vertex -2.16101 -7.14842 9
      vertex -2.16101 -7.14842 7.4
    endloop
  endfacet
  facet normal -0.0800531 -0.996791 0
    outer loop
      vertex -2.15715 -7.14873 7.4
      vertex -2.15715 -7.14873 9
      vertex -2.16101 -7.14842 9
    endloop
  endfacet
  facet normal -0.0697873 -0.997562 0
    outer loop
      vertex -2.11684 -7.15155 7.4
      vertex -2.15715 -7.14873 9
      vertex -2.15715 -7.14873 7.4
    endloop
  endfacet
  facet normal -0.0697873 -0.997562 0
    outer loop
      vertex -2.11684 -7.15155 7.4
      vertex -2.11684 -7.15155 9
      vertex -2.15715 -7.14873 9
    endloop
  endfacet
  facet normal -0.0552434 -0.998473 0
    outer loop
      vertex -2.07292 -7.15398 7.4
      vertex -2.11684 -7.15155 9
      vertex -2.11684 -7.15155 7.4
    endloop
  endfacet
  facet normal -0.0552434 -0.998473 0
    outer loop
      vertex -2.07292 -7.15398 7.4
      vertex -2.07292 -7.15398 9
      vertex -2.11684 -7.15155 9
    endloop
  endfacet
  facet normal -0.0468236 -0.998903 0
    outer loop
      vertex -2.06908 -7.15416 7.4
      vertex -2.07292 -7.15398 9
      vertex -2.07292 -7.15398 7.4
    endloop
  endfacet
  facet normal -0.0468236 -0.998903 0
    outer loop
      vertex -2.06908 -7.15416 7.4
      vertex -2.06908 -7.15416 9
      vertex -2.07292 -7.15398 9
    endloop
  endfacet
  facet normal -0.0392394 -0.99923 0
    outer loop
      vertex -2.0291 -7.15573 7.4
      vertex -2.06908 -7.15416 9
      vertex -2.06908 -7.15416 7.4
    endloop
  endfacet
  facet normal -0.0392394 -0.99923 0
    outer loop
      vertex -2.0291 -7.15573 7.4
      vertex -2.0291 -7.15573 9
      vertex -2.06908 -7.15416 9
    endloop
  endfacet
  facet normal -0.0308337 -0.999525 0
    outer loop
      vertex -2.02521 -7.15585 7.4
      vertex -2.0291 -7.15573 9
      vertex -2.0291 -7.15573 7.4
    endloop
  endfacet
  facet normal -0.0308337 -0.999525 0
    outer loop
      vertex -2.02521 -7.15585 7.4
      vertex -2.02521 -7.15585 9
      vertex -2.0291 -7.15573 9
    endloop
  endfacet
  facet normal -0.023488 -0.999724 0
    outer loop
      vertex -1.98137 -7.15688 7.4
      vertex -2.02521 -7.15585 9
      vertex -2.02521 -7.15585 7.4
    endloop
  endfacet
  facet normal -0.023488 -0.999724 0
    outer loop
      vertex -1.98137 -7.15688 7.4
      vertex -1.98137 -7.15688 9
      vertex -2.02521 -7.15585 9
    endloop
  endfacet
  facet normal -0.0075679 -0.999971 0
    outer loop
      vertex -1.94173 -7.15718 7.4
      vertex -1.98137 -7.15688 9
      vertex -1.98137 -7.15688 7.4
    endloop
  endfacet
  facet normal -0.0075679 -0.999971 0
    outer loop
      vertex -1.94173 -7.15718 7.4
      vertex -1.94173 -7.15718 9
      vertex -1.98137 -7.15688 9
    endloop
  endfacet
endsolid OpenSCAD_Model
