listing_id,pin_title,pin_description,board,image_url,etsy_url,category,listing_title
4515678904,Wildflower Meadow Art Print | Botanical Wall Decor | Multiple Sizes,🖼️ Wildflower Meadow Art Print | Botanical Wall Decor | Multiple Sizes — Premium art print shipped directly to your door. Printed on high-quality paper with vibrant colors. Ready to frame — perfect for gallery walls and home decor! #wallart #kawaiiart #artprint #homedecor #gallerywall #kawaii #walldecor #printedart #homedecorideas #artprints,Printable Wall Art — Instant Download,https://i.etsystatic.com/65012858/r/il/a918f5/8092585710/il_fullxfull.8092585710_l6g2.jpg,https://www.etsy.com/listing/4515678904,physical_print,Wildflower Meadow Art Print | Botanical Wall Decor | Multiple Sizes
4515678828,Celestial Moon Art Print | Moon Phase Wall Decor | Multiple Sizes,🖼️ Celestial Moon Art Print | Moon Phase Wall Decor | Multiple Sizes — Premium art print shipped directly to your door. Printed on high-quality paper with vibrant colors. Ready to frame — perfect for gallery walls and home decor! #wallart #kawaiiart #artprint #homedecor #gallerywall #kawaii #walldecor #printedart #homedecorideas #artprints,Printable Wall Art — Instant Download,https://i.etsystatic.com/65012858/r/il/ed2370/8092585042/il_fullxfull.8092585042_2g4h.jpg,https://www.etsy.com/listing/4515678828,physical_print,Celestial Moon Art Print | Moon Phase Wall Decor | Multiple Sizes
4515682265,Vintage Botanical Art Print | Antique Floral Decor | Multiple Sizes,🖼️ Vintage Botanical Art Print | Antique Floral Decor | Multiple Sizes — Premium art print shipped directly to your door. Printed on high-quality paper with vibrant colors. Ready to frame — perfect for gallery walls and home decor! #wallart #kawaiiart #artprint #homedecor #gallerywall #kawaii #walldecor #printedart #homedecorideas #artprints,Printable Wall Art — Instant Download,https://i.etsystatic.com/65012858/r/il/f1bb05/8140491775/il_fullxfull.8140491775_ed0w.jpg,https://www.etsy.com/listing/4515682265,physical_print,Vintage Botanical Art Print | Antique Floral Decor | Multiple Sizes
4515682147,Kawaii Art Print No.1026 | Kawaii Wall Decor | Multiple Sizes,🖼️ Kawaii Art Print No.1026 | Kawaii Wall Decor | Multiple Sizes — Premium art print shipped directly to your door. Printed on high-quality paper with vibrant colors. Ready to frame — perfect for gallery walls and home decor! #wallart #kawaiiart #artprint #homedecor #gallerywall #kawaii #walldecor #printedart #homedecorideas #artprints,Printable Wall Art — Instant Download,https://i.etsystatic.com/65012858/r/il/ae73ee/8092583510/il_fullxfull.8092583510_slhy.jpg,https://www.etsy.com/listing/4515682147,physical_print,Kawaii Art Print No.1026 | Kawaii Wall Decor | Multiple Sizes
4515682013,Kawaii Art Print No.1030 | Kawaii Wall Decor | Multiple Sizes,🖼️ Kawaii Art Print No.1030 | Kawaii Wall Decor | Multiple Sizes — Premium art print shipped directly to your door. Printed on high-quality paper with vibrant colors. Ready to frame — perfect for gallery walls and home decor! #wallart #kawaiiart #artprint #homedecor #gallerywall #kawaii #walldecor #printedart #homedecorideas #artprints,Printable Wall Art — Instant Download,https://i.etsystatic.com/65012858/r/il/c79dcc/8092582796/il_fullxfull.8092582796_9seg.jpg,https://www.etsy.com/listing/4515682013,physical_print,Kawaii Art Print No.1030 | Kawaii Wall Decor | Multiple Sizes
4515678344,Kawaii Art Print No.1031 | Kawaii Wall Decor | Multiple Sizes,🖼️ Kawaii Art Print No.1031 | Kawaii Wall Decor | Multiple Sizes — Premium art print shipped directly to your door. Printed on high-quality paper with vibrant colors. Ready to frame — perfect for gallery walls and home decor! #wallart #kawaiiart #artprint #homedecor #gallerywall #kawaii #walldecor #printedart #homedecorideas #artprints,Printable Wall Art — Instant Download,https://i.etsystatic.com/65012858/r/il/bee70f/8092582032/il_fullxfull.8092582032_r695.jpg,https://www.etsy.com/listing/4515678344,physical_print,Kawaii Art Print No.1031 | Kawaii Wall Decor | Multiple Sizes
4515678198,Kawaii Art Print No.1032 | Kawaii Wall Decor | Multiple Sizes,🖼️ Kawaii Art Print No.1032 | Kawaii Wall Decor | Multiple Sizes — Premium art print shipped directly to your door. Printed on high-quality paper with vibrant colors. Ready to frame — perfect for gallery walls and home decor! #wallart #kawaiiart #artprint #homedecor #gallerywall #kawaii #walldecor #printedart #homedecorideas #artprints,Printable Wall Art — Instant Download,https://i.etsystatic.com/65012858/r/il/495f2a/8092581178/il_fullxfull.8092581178_fvdg.jpg,https://www.etsy.com/listing/4515678198,physical_print,Kawaii Art Print No.1032 | Kawaii Wall Decor | Multiple Sizes
4515674696,Modern Abstract Art Print,🖼️ Modern Abstract Art Print — Premium art print shipped directly to your door. Printed on high-quality paper with vibrant colors. Ready to frame — perfect for gallery walls and home decor! #wallart #kawaiiart #artprint #homedecor #gallerywall #kawaii #walldecor #printedart #homedecorideas #artprints,Printable Wall Art — Instant Download,https://i.etsystatic.com/65012858/r/il/0584ec/8140460613/il_fullxfull.8140460613_mkls.jpg,https://www.etsy.com/listing/4515674696,physical_print,Modern Abstract Art Print
4515674594,Botanical Herbs Art Print | Kitchen Wall Decor | Multiple Sizes,🖼️ Botanical Herbs Art Print | Kitchen Wall Decor | Multiple Sizes — Premium art print shipped directly to your door. Printed on high-quality paper with vibrant colors. Ready to frame — perfect for gallery walls and home decor! #wallart #kawaiiart #artprint #homedecor #gallerywall #kawaii #walldecor #printedart #homedecorideas #artprints,Printable Wall Art — Instant Download,https://i.etsystatic.com/65012858/r/il/07921d/8092551576/il_fullxfull.8092551576_6c7w.jpg,https://www.etsy.com/listing/4515674594,physical_print,Botanical Herbs Art Print | Kitchen Wall Decor | Multiple Sizes
4515674486,Kawaii Animals Art Print | Cute Animal Wall Decor | Multiple Sizes,🖼️ Kawaii Animals Art Print | Cute Animal Wall Decor | Multiple Sizes — Premium art print shipped directly to your door. Printed on high-quality paper with vibrant colors. Ready to frame — perfect for gallery walls and home decor! #wallart #kawaiiart #artprint #homedecor #gallerywall #kawaii #walldecor #printedart #homedecorideas #artprints,Printable Wall Art — Instant Download,https://i.etsystatic.com/65012858/r/il/d5fae0/8092550568/il_fullxfull.8092550568_52dq.jpg,https://www.etsy.com/listing/4515674486,physical_print,Kawaii Animals Art Print | Cute Animal Wall Decor | Multiple Sizes
4515674340,Boho Dreamcatcher Art Print | Spiritual Wall Decor | Multiple Sizes,🖼️ Boho Dreamcatcher Art Print | Spiritual Wall Decor | Multiple Sizes — Premium art print shipped directly to your door. Printed on high-quality paper with vibrant colors. Ready to frame — perfect for gallery walls and home decor! #wallart #kawaiiart #artprint #homedecor #gallerywall #kawaii #walldecor #printedart #homedecorideas #artprints,Printable Wall Art — Instant Download,https://i.etsystatic.com/65012858/r/il/ef2509/8140457293/il_fullxfull.8140457293_lrum.jpg,https://www.etsy.com/listing/4515674340,physical_print,Boho Dreamcatcher Art Print | Spiritual Wall Decor | Multiple Sizes
4515674250,Boho Botanical Floral Wall Art Print | Multiple Sizes,🖼️ Boho Botanical Floral Wall Art Print | Multiple Sizes — Premium art print shipped directly to your door. Printed on high-quality paper with vibrant colors. Ready to frame — perfect for gallery walls and home decor! #wallart #kawaiiart #artprint #homedecor #gallerywall #kawaii #walldecor #printedart #homedecorideas #artprints,Printable Wall Art — Instant Download,https://i.etsystatic.com/65012858/r/il/faa0dc/8140456013/il_fullxfull.8140456013_97kn.jpg,https://www.etsy.com/listing/4515674250,physical_print,Boho Botanical Floral Wall Art Print | Multiple Sizes
4515674144,Boho Botanical Floral Wall Art Print | Multiple Sizes,🖼️ Boho Botanical Floral Wall Art Print | Multiple Sizes — Premium art print shipped directly to your door. Printed on high-quality paper with vibrant colors. Ready to frame — perfect for gallery walls and home decor! #wallart #kawaiiart #artprint #homedecor #gallerywall #kawaii #walldecor #printedart #homedecorideas #artprints,Printable Wall Art — Instant Download,https://i.etsystatic.com/65012858/r/il/5aad28/8140454877/il_fullxfull.8140454877_of1h.jpg,https://www.etsy.com/listing/4515674144,physical_print,Boho Botanical Floral Wall Art Print | Multiple Sizes
4515674042,Minimalist Line Art Print | Modern Wall Decor | Multiple Sizes,🖼️ Minimalist Line Art Print | Modern Wall Decor | Multiple Sizes — Premium art print shipped directly to your door. Printed on high-quality paper with vibrant colors. Ready to frame — perfect for gallery walls and home decor! #wallart #kawaiiart #artprint #homedecor #gallerywall #kawaii #walldecor #printedart #homedecorideas #artprints,Printable Wall Art — Instant Download,https://i.etsystatic.com/65012858/r/il/5c9704/8140453933/il_fullxfull.8140453933_svqh.jpg,https://www.etsy.com/listing/4515674042,physical_print,Minimalist Line Art Print | Modern Wall Decor | Multiple Sizes
4515673940,Abstract Watercolor Art Print | Boho Wall Decor | Multiple Sizes,🖼️ Abstract Watercolor Art Print | Boho Wall Decor | Multiple Sizes — Premium art print shipped directly to your door. Printed on high-quality paper with vibrant colors. Ready to frame — perfect for gallery walls and home decor! #wallart #kawaiiart #artprint #homedecor #gallerywall #kawaii #walldecor #printedart #homedecorideas #artprints,Printable Wall Art — Instant Download,https://i.etsystatic.com/65012858/r/il/047d07/8092544974/il_fullxfull.8092544974_ju4h.jpg,https://www.etsy.com/listing/4515673940,physical_print,Abstract Watercolor Art Print | Boho Wall Decor | Multiple Sizes
4515673828,Cottagecore Botanical Art Print | Nature Wall Decor | Multiple Sizes,🖼️ Cottagecore Botanical Art Print | Nature Wall Decor | Multiple Sizes — Premium art print shipped directly to your door. Printed on high-quality paper with vibrant colors. Ready to frame — perfect for gallery walls and home decor! #wallart #kawaiiart #artprint #homedecor #gallerywall #kawaii #walldecor #printedart #homedecorideas #artprints,Printable Wall Art — Instant Download,https://i.etsystatic.com/65012858/r/il/ced64e/8140452021/il_fullxfull.8140452021_nz2k.jpg,https://www.etsy.com/listing/4515673828,physical_print,Cottagecore Botanical Art Print | Nature Wall Decor | Multiple Sizes
4515677207,Kawaii Celestial Art Print | Moon Stars Wall Decor | Multiple Sizes,🖼️ Kawaii Celestial Art Print | Moon Stars Wall Decor | Multiple Sizes — Premium art print shipped directly to your door. Printed on high-quality paper with vibrant colors. Ready to frame — perfect for gallery walls and home decor! #wallart #kawaiiart #artprint #homedecor #gallerywall #kawaii #walldecor #printedart #homedecorideas #artprints,Printable Wall Art — Instant Download,https://i.etsystatic.com/65012858/r/il/6415f5/8140451107/il_fullxfull.8140451107_n92x.jpg,https://www.etsy.com/listing/4515677207,physical_print,Kawaii Celestial Art Print | Moon Stars Wall Decor | Multiple Sizes
4515677081,Pastel Abstract Art Print | Kawaii Wall Decor | Multiple Sizes,🖼️ Pastel Abstract Art Print | Kawaii Wall Decor | Multiple Sizes — Premium art print shipped directly to your door. Printed on high-quality paper with vibrant colors. Ready to frame — perfect for gallery walls and home decor! #wallart #kawaiiart #artprint #homedecor #gallerywall #kawaii #walldecor #printedart #homedecorideas #artprints,Printable Wall Art — Instant Download,https://i.etsystatic.com/65012858/r/il/88cf79/8140450115/il_fullxfull.8140450115_m7rd.jpg,https://www.etsy.com/listing/4515677081,physical_print,Pastel Abstract Art Print | Kawaii Wall Decor | Multiple Sizes
4515673500,Modern Geometric Art Print | Minimal Wall Decor | Multiple Sizes,🖼️ Modern Geometric Art Print | Minimal Wall Decor | Multiple Sizes — Premium art print shipped directly to your door. Printed on high-quality paper with vibrant colors. Ready to frame — perfect for gallery walls and home decor! #wallart #kawaiiart #artprint #homedecor #gallerywall #kawaii #walldecor #printedart #homedecorideas #artprints,Printable Wall Art — Instant Download,https://i.etsystatic.com/65012858/r/il/862b64/8092541162/il_fullxfull.8092541162_szux.jpg,https://www.etsy.com/listing/4515673500,physical_print,Modern Geometric Art Print | Minimal Wall Decor | Multiple Sizes
4515676915,Watercolor Floral Art Print | Boho Wall Decor | Multiple Sizes,🖼️ Watercolor Floral Art Print | Boho Wall Decor | Multiple Sizes — Premium art print shipped directly to your door. Printed on high-quality paper with vibrant colors. Ready to frame — perfect for gallery walls and home decor! #wallart #kawaiiart #artprint #homedecor #gallerywall #kawaii #walldecor #printedart #homedecorideas #artprints,Printable Wall Art — Instant Download,https://i.etsystatic.com/65012858/r/il/b0bc89/8140448223/il_fullxfull.8140448223_i3bz.jpg,https://www.etsy.com/listing/4515676915,physical_print,Watercolor Floral Art Print | Boho Wall Decor | Multiple Sizes
4515673288,Boho Mandala Art Print | Spiritual Wall Decor | Multiple Sizes,🖼️ Boho Mandala Art Print | Spiritual Wall Decor | Multiple Sizes — Premium art print shipped directly to your door. Printed on high-quality paper with vibrant colors. Ready to frame — perfect for gallery walls and home decor! #wallart #kawaiiart #artprint #homedecor #gallerywall #kawaii #walldecor #printedart #homedecorideas #artprints,Printable Wall Art — Instant Download,https://i.etsystatic.com/65012858/r/il/552962/8140447333/il_fullxfull.8140447333_oee6.jpg,https://www.etsy.com/listing/4515673288,physical_print,Boho Mandala Art Print | Spiritual Wall Decor | Multiple Sizes
4515676711,Kawaii Character Art Print | Cute Wall Decor | Multiple Sizes,🖼️ Kawaii Character Art Print | Cute Wall Decor | Multiple Sizes — Premium art print shipped directly to your door. Printed on high-quality paper with vibrant colors. Ready to frame — perfect for gallery walls and home decor! #wallart #kawaiiart #artprint #homedecor #gallerywall #kawaii #walldecor #printedart #homedecorideas #artprints,Printable Wall Art — Instant Download,https://i.etsystatic.com/65012858/r/il/d642f5/8140446467/il_fullxfull.8140446467_35ww.jpg,https://www.etsy.com/listing/4515676711,physical_print,Kawaii Character Art Print | Cute Wall Decor | Multiple Sizes
4515673064,Tropical Botanical Art Print | Jungle Wall Decor | Multiple Sizes,🖼️ Tropical Botanical Art Print | Jungle Wall Decor | Multiple Sizes — Premium art print shipped directly to your door. Printed on high-quality paper with vibrant colors. Ready to frame — perfect for gallery walls and home decor! #wallart #kawaiiart #artprint #homedecor #gallerywall #kawaii #walldecor #printedart #homedecorideas #artprints,Printable Wall Art — Instant Download,https://i.etsystatic.com/65012858/r/il/7c387b/8092537678/il_fullxfull.8092537678_xes4.jpg,https://www.etsy.com/listing/4515673064,physical_print,Tropical Botanical Art Print | Jungle Wall Decor | Multiple Sizes
4515672972,Minimalist Typography Art Print | Quote Wall Decor | Multiple Sizes,🖼️ Minimalist Typography Art Print | Quote Wall Decor | Multiple Sizes — Premium art print shipped directly to your door. Printed on high-quality paper with vibrant colors. Ready to frame — perfect for gallery walls and home decor! #wallart #kawaiiart #artprint #homedecor #gallerywall #kawaii #walldecor #printedart #homedecorideas #artprints,Printable Wall Art — Instant Download,https://i.etsystatic.com/65012858/r/il/211ea2/8092536982/il_fullxfull.8092536982_7up3.jpg,https://www.etsy.com/listing/4515672972,physical_print,Minimalist Typography Art Print | Quote Wall Decor | Multiple Sizes
4515672864,Abstract Landscape Art Print | Nature Wall Decor | Multiple Sizes,🖼️ Abstract Landscape Art Print | Nature Wall Decor | Multiple Sizes — Premium art print shipped directly to your door. Printed on high-quality paper with vibrant colors. Ready to frame — perfect for gallery walls and home decor! #wallart #kawaiiart #artprint #homedecor #gallerywall #kawaii #walldecor #printedart #homedecorideas #artprints,Printable Wall Art — Instant Download,https://i.etsystatic.com/65012858/r/il/050b5d/8140444295/il_fullxfull.8140444295_9nrw.jpg,https://www.etsy.com/listing/4515672864,physical_print,Abstract Landscape Art Print | Nature Wall Decor | Multiple Sizes
4515676301,Floral Wreath Art Print | Botanical Wall Decor | Multiple Sizes,🖼️ Floral Wreath Art Print | Botanical Wall Decor | Multiple Sizes — Premium art print shipped directly to your door. Printed on high-quality paper with vibrant colors. Ready to frame — perfect for gallery walls and home decor! #wallart #kawaiiart #artprint #homedecor #gallerywall #kawaii #walldecor #printedart #homedecorideas #artprints,Printable Wall Art — Instant Download,https://i.etsystatic.com/65012858/r/il/9d48ae/8140443465/il_fullxfull.8140443465_8lwn.jpg,https://www.etsy.com/listing/4515676301,physical_print,Floral Wreath Art Print | Botanical Wall Decor | Multiple Sizes
4515676185,Kawaii Stationery Art Print | Cute Desk Decor | Multiple Sizes,🖼️ Kawaii Stationery Art Print | Cute Desk Decor | Multiple Sizes — Premium art print shipped directly to your door. Printed on high-quality paper with vibrant colors. Ready to frame — perfect for gallery walls and home decor! #wallart #kawaiiart #artprint #homedecor #gallerywall #kawaii #walldecor #printedart #homedecorideas #artprints,Printable Wall Art — Instant Download,https://i.etsystatic.com/65012858/r/il/e35956/8140442717/il_fullxfull.8140442717_55j5.jpg,https://www.etsy.com/listing/4515676185,physical_print,Kawaii Stationery Art Print | Cute Desk Decor | Multiple Sizes
4515672588,Pastel Celestial Art Print | Moon Stars Decor | Multiple Sizes,🖼️ Pastel Celestial Art Print | Moon Stars Decor | Multiple Sizes — Premium art print shipped directly to your door. Printed on high-quality paper with vibrant colors. Ready to frame — perfect for gallery walls and home decor! #wallart #kawaiiart #artprint #homedecor #gallerywall #kawaii #walldecor #printedart #homedecorideas #artprints,Printable Wall Art — Instant Download,https://i.etsystatic.com/65012858/r/il/4dfd34/8092533964/il_fullxfull.8092533964_r3ia.jpg,https://www.etsy.com/listing/4515672588,physical_print,Pastel Celestial Art Print | Moon Stars Decor | Multiple Sizes
4515672496,Kawaii Art Print No.1033 | Kawaii Wall Decor | Multiple Sizes,🖼️ Kawaii Art Print No.1033 | Kawaii Wall Decor | Multiple Sizes — Premium art print shipped directly to your door. Printed on high-quality paper with vibrant colors. Ready to frame — perfect for gallery walls and home decor! #wallart #kawaiiart #artprint #homedecor #gallerywall #kawaii #walldecor #printedart #homedecorideas #artprints,Printable Wall Art — Instant Download,https://i.etsystatic.com/65012858/r/il/5d41a3/8140441191/il_fullxfull.8140441191_buot.jpg,https://www.etsy.com/listing/4515672496,physical_print,Kawaii Art Print No.1033 | Kawaii Wall Decor | Multiple Sizes
4515675887,Kawaii Art Print No.1034 | Kawaii Wall Decor | Multiple Sizes,🖼️ Kawaii Art Print No.1034 | Kawaii Wall Decor | Multiple Sizes — Premium art print shipped directly to your door. Printed on high-quality paper with vibrant colors. Ready to frame — perfect for gallery walls and home decor! #wallart #kawaiiart #artprint #homedecor #gallerywall #kawaii #walldecor #printedart #homedecorideas #artprints,Printable Wall Art — Instant Download,https://i.etsystatic.com/65012858/r/il/e82e75/8140440441/il_fullxfull.8140440441_frb5.jpg,https://www.etsy.com/listing/4515675887,physical_print,Kawaii Art Print No.1034 | Kawaii Wall Decor | Multiple Sizes
4515675813,Kawaii Art Print No.1035 | Kawaii Wall Decor | Multiple Sizes,🖼️ Kawaii Art Print No.1035 | Kawaii Wall Decor | Multiple Sizes — Premium art print shipped directly to your door. Printed on high-quality paper with vibrant colors. Ready to frame — perfect for gallery walls and home decor! #wallart #kawaiiart #artprint #homedecor #gallerywall #kawaii #walldecor #printedart #homedecorideas #artprints,Printable Wall Art — Instant Download,https://i.etsystatic.com/65012858/r/il/ba1da4/8092531764/il_fullxfull.8092531764_sy3n.jpg,https://www.etsy.com/listing/4515675813,physical_print,Kawaii Art Print No.1035 | Kawaii Wall Decor | Multiple Sizes
4515672204,Kawaii Art Print No.1036 | Kawaii Wall Decor | Multiple Sizes,🖼️ Kawaii Art Print No.1036 | Kawaii Wall Decor | Multiple Sizes — Premium art print shipped directly to your door. Printed on high-quality paper with vibrant colors. Ready to frame — perfect for gallery walls and home decor! #wallart #kawaiiart #artprint #homedecor #gallerywall #kawaii #walldecor #printedart #homedecorideas #artprints,Printable Wall Art — Instant Download,https://i.etsystatic.com/65012858/r/il/8baaac/8140439125/il_fullxfull.8140439125_oov8.jpg,https://www.etsy.com/listing/4515672204,physical_print,Kawaii Art Print No.1036 | Kawaii Wall Decor | Multiple Sizes
4515675583,Kawaii Art Print No.1037 | Kawaii Wall Decor | Multiple Sizes,🖼️ Kawaii Art Print No.1037 | Kawaii Wall Decor | Multiple Sizes — Premium art print shipped directly to your door. Printed on high-quality paper with vibrant colors. Ready to frame — perfect for gallery walls and home decor! #wallart #kawaiiart #artprint #homedecor #gallerywall #kawaii #walldecor #printedart #homedecorideas #artprints,Printable Wall Art — Instant Download,https://i.etsystatic.com/65012858/r/il/8977bb/8140438155/il_fullxfull.8140438155_sgjv.jpg,https://www.etsy.com/listing/4515675583,physical_print,Kawaii Art Print No.1037 | Kawaii Wall Decor | Multiple Sizes
4515675481,Kawaii Art Print No.1038 | Kawaii Wall Decor | Multiple Sizes,🖼️ Kawaii Art Print No.1038 | Kawaii Wall Decor | Multiple Sizes — Premium art print shipped directly to your door. Printed on high-quality paper with vibrant colors. Ready to frame — perfect for gallery walls and home decor! #wallart #kawaiiart #artprint #homedecor #gallerywall #kawaii #walldecor #printedart #homedecorideas #artprints,Printable Wall Art — Instant Download,https://i.etsystatic.com/65012858/r/il/f94300/8092529552/il_fullxfull.8092529552_dz7v.jpg,https://www.etsy.com/listing/4515675481,physical_print,Kawaii Art Print No.1038 | Kawaii Wall Decor | Multiple Sizes
4515675373,Kawaii Art Print No.1039 | Kawaii Wall Decor | Multiple Sizes,🖼️ Kawaii Art Print No.1039 | Kawaii Wall Decor | Multiple Sizes — Premium art print shipped directly to your door. Printed on high-quality paper with vibrant colors. Ready to frame — perfect for gallery walls and home decor! #wallart #kawaiiart #artprint #homedecor #gallerywall #kawaii #walldecor #printedart #homedecorideas #artprints,Printable Wall Art — Instant Download,https://i.etsystatic.com/65012858/r/il/c19b8a/8092528894/il_fullxfull.8092528894_7swl.jpg,https://www.etsy.com/listing/4515675373,physical_print,Kawaii Art Print No.1039 | Kawaii Wall Decor | Multiple Sizes
4515671764,Kawaii Art Print No.1040 | Kawaii Wall Decor | Multiple Sizes,🖼️ Kawaii Art Print No.1040 | Kawaii Wall Decor | Multiple Sizes — Premium art print shipped directly to your door. Printed on high-quality paper with vibrant colors. Ready to frame — perfect for gallery walls and home decor! #wallart #kawaiiart #artprint #homedecor #gallerywall #kawaii #walldecor #printedart #homedecorideas #artprints,Printable Wall Art — Instant Download,https://i.etsystatic.com/65012858/r/il/f56c48/8092528284/il_fullxfull.8092528284_89tx.jpg,https://www.etsy.com/listing/4515671764,physical_print,Kawaii Art Print No.1040 | Kawaii Wall Decor | Multiple Sizes
4515675145,Kawaii Art Print No.1041 | Kawaii Wall Decor | Multiple Sizes,🖼️ Kawaii Art Print No.1041 | Kawaii Wall Decor | Multiple Sizes — Premium art print shipped directly to your door. Printed on high-quality paper with vibrant colors. Ready to frame — perfect for gallery walls and home decor! #wallart #kawaiiart #artprint #homedecor #gallerywall #kawaii #walldecor #printedart #homedecorideas #artprints,Printable Wall Art — Instant Download,https://i.etsystatic.com/65012858/r/il/ee05bd/8140435513/il_fullxfull.8140435513_5jxn.jpg,https://www.etsy.com/listing/4515675145,physical_print,Kawaii Art Print No.1041 | Kawaii Wall Decor | Multiple Sizes
4515671558,Kawaii Art Print No.1042 | Kawaii Wall Decor | Multiple Sizes,🖼️ Kawaii Art Print No.1042 | Kawaii Wall Decor | Multiple Sizes — Premium art print shipped directly to your door. Printed on high-quality paper with vibrant colors. Ready to frame — perfect for gallery walls and home decor! #wallart #kawaiiart #artprint #homedecor #gallerywall #kawaii #walldecor #printedart #homedecorideas #artprints,Printable Wall Art — Instant Download,https://i.etsystatic.com/65012858/r/il/8c7263/8140434899/il_fullxfull.8140434899_arox.jpg,https://www.etsy.com/listing/4515671558,physical_print,Kawaii Art Print No.1042 | Kawaii Wall Decor | Multiple Sizes
4515671458,Kawaii Art Print No.1043 | Kawaii Wall Decor | Multiple Sizes,🖼️ Kawaii Art Print No.1043 | Kawaii Wall Decor | Multiple Sizes — Premium art print shipped directly to your door. Printed on high-quality paper with vibrant colors. Ready to frame — perfect for gallery walls and home decor! #wallart #kawaiiart #artprint #homedecor #gallerywall #kawaii #walldecor #printedart #homedecorideas #artprints,Printable Wall Art — Instant Download,https://i.etsystatic.com/65012858/r/il/a0d32e/8092526254/il_fullxfull.8092526254_hu27.jpg,https://www.etsy.com/listing/4515671458,physical_print,Kawaii Art Print No.1043 | Kawaii Wall Decor | Multiple Sizes
4515671336,Kawaii Art Print No.1044 | Kawaii Wall Decor | Multiple Sizes,🖼️ Kawaii Art Print No.1044 | Kawaii Wall Decor | Multiple Sizes — Premium art print shipped directly to your door. Printed on high-quality paper with vibrant colors. Ready to frame — perfect for gallery walls and home decor! #wallart #kawaiiart #artprint #homedecor #gallerywall #kawaii #walldecor #printedart #homedecorideas #artprints,Printable Wall Art — Instant Download,https://i.etsystatic.com/65012858/r/il/4696ab/8140433487/il_fullxfull.8140433487_5rfq.jpg,https://www.etsy.com/listing/4515671336,physical_print,Kawaii Art Print No.1044 | Kawaii Wall Decor | Multiple Sizes
4515671216,Kawaii Art Print No.1045 | Kawaii Wall Decor | Multiple Sizes,🖼️ Kawaii Art Print No.1045 | Kawaii Wall Decor | Multiple Sizes — Premium art print shipped directly to your door. Printed on high-quality paper with vibrant colors. Ready to frame — perfect for gallery walls and home decor! #wallart #kawaiiart #artprint #homedecor #gallerywall #kawaii #walldecor #printedart #homedecorideas #artprints,Printable Wall Art — Instant Download,https://i.etsystatic.com/65012858/r/il/b5d0f9/8140432781/il_fullxfull.8140432781_jv73.jpg,https://www.etsy.com/listing/4515671216,physical_print,Kawaii Art Print No.1045 | Kawaii Wall Decor | Multiple Sizes
4515670946,Kawaii Art Print No.1046 | Kawaii Wall Decor | Multiple Sizes,🖼️ Kawaii Art Print No.1046 | Kawaii Wall Decor | Multiple Sizes — Premium art print shipped directly to your door. Printed on high-quality paper with vibrant colors. Ready to frame — perfect for gallery walls and home decor! #wallart #kawaiiart #artprint #homedecor #gallerywall #kawaii #walldecor #printedart #homedecorideas #artprints,Printable Wall Art — Instant Download,https://i.etsystatic.com/65012858/r/il/fb7399/8092522584/il_fullxfull.8092522584_mksn.jpg,https://www.etsy.com/listing/4515670946,physical_print,Kawaii Art Print No.1046 | Kawaii Wall Decor | Multiple Sizes
4515669596,Kawaii Art Print No.1047 | Kawaii Wall Decor | Multiple Sizes,🖼️ Kawaii Art Print No.1047 | Kawaii Wall Decor | Multiple Sizes — Premium art print shipped directly to your door. Printed on high-quality paper with vibrant colors. Ready to frame — perfect for gallery walls and home decor! #wallart #kawaiiart #artprint #homedecor #gallerywall #kawaii #walldecor #printedart #homedecorideas #artprints,Printable Wall Art — Instant Download,https://i.etsystatic.com/65012858/r/il/c89eec/8092512316/il_fullxfull.8092512316_9ym2.jpg,https://www.etsy.com/listing/4515669596,physical_print,Kawaii Art Print No.1047 | Kawaii Wall Decor | Multiple Sizes
4515672895,Kawaii Art Print No.1048 | Kawaii Wall Decor | Multiple Sizes,🖼️ Kawaii Art Print No.1048 | Kawaii Wall Decor | Multiple Sizes — Premium art print shipped directly to your door. Printed on high-quality paper with vibrant colors. Ready to frame — perfect for gallery walls and home decor! #wallart #kawaiiart #artprint #homedecor #gallerywall #kawaii #walldecor #printedart #homedecorideas #artprints,Printable Wall Art — Instant Download,https://i.etsystatic.com/65012858/r/il/2e8f6d/8140419497/il_fullxfull.8140419497_1hlp.jpg,https://www.etsy.com/listing/4515672895,physical_print,Kawaii Art Print No.1048 | Kawaii Wall Decor | Multiple Sizes
4515669370,Kawaii Art Print No.1049 | Kawaii Wall Decor | Multiple Sizes,🖼️ Kawaii Art Print No.1049 | Kawaii Wall Decor | Multiple Sizes — Premium art print shipped directly to your door. Printed on high-quality paper with vibrant colors. Ready to frame — perfect for gallery walls and home decor! #wallart #kawaiiart #artprint #homedecor #gallerywall #kawaii #walldecor #printedart #homedecorideas #artprints,Printable Wall Art — Instant Download,https://i.etsystatic.com/65012858/r/il/6e2cee/8092510954/il_fullxfull.8092510954_hc19.jpg,https://www.etsy.com/listing/4515669370,physical_print,Kawaii Art Print No.1049 | Kawaii Wall Decor | Multiple Sizes
4515669246,Kawaii Art Print No.1050 | Kawaii Wall Decor | Multiple Sizes,🖼️ Kawaii Art Print No.1050 | Kawaii Wall Decor | Multiple Sizes — Premium art print shipped directly to your door. Printed on high-quality paper with vibrant colors. Ready to frame — perfect for gallery walls and home decor! #wallart #kawaiiart #artprint #homedecor #gallerywall #kawaii #walldecor #printedart #homedecorideas #artprints,Printable Wall Art — Instant Download,https://i.etsystatic.com/65012858/r/il/79f6d0/8092510282/il_fullxfull.8092510282_djk3.jpg,https://www.etsy.com/listing/4515669246,physical_print,Kawaii Art Print No.1050 | Kawaii Wall Decor | Multiple Sizes
4515669140,Kawaii Art Print No.1051 | Kawaii Wall Decor | Multiple Sizes,🖼️ Kawaii Art Print No.1051 | Kawaii Wall Decor | Multiple Sizes — Premium art print shipped directly to your door. Printed on high-quality paper with vibrant colors. Ready to frame — perfect for gallery walls and home decor! #wallart #kawaiiart #artprint #homedecor #gallerywall #kawaii #walldecor #printedart #homedecorideas #artprints,Printable Wall Art — Instant Download,https://i.etsystatic.com/65012858/r/il/40fe20/8140417411/il_fullxfull.8140417411_gae3.jpg,https://www.etsy.com/listing/4515669140,physical_print,Kawaii Art Print No.1051 | Kawaii Wall Decor | Multiple Sizes
4515672499,Kawaii Art Print No.1052 | Kawaii Wall Decor | Multiple Sizes,🖼️ Kawaii Art Print No.1052 | Kawaii Wall Decor | Multiple Sizes — Premium art print shipped directly to your door. Printed on high-quality paper with vibrant colors. Ready to frame — perfect for gallery walls and home decor! #wallart #kawaiiart #artprint #homedecor #gallerywall #kawaii #walldecor #printedart #homedecorideas #artprints,Printable Wall Art — Instant Download,https://i.etsystatic.com/65012858/r/il/b3944e/8140416667/il_fullxfull.8140416667_rc1f.jpg,https://www.etsy.com/listing/4515672499,physical_print,Kawaii Art Print No.1052 | Kawaii Wall Decor | Multiple Sizes
4515672435,Kawaii Art Print No.1053 | Kawaii Wall Decor | Multiple Sizes,🖼️ Kawaii Art Print No.1053 | Kawaii Wall Decor | Multiple Sizes — Premium art print shipped directly to your door. Printed on high-quality paper with vibrant colors. Ready to frame — perfect for gallery walls and home decor! #wallart #kawaiiart #artprint #homedecor #gallerywall #kawaii #walldecor #printedart #homedecorideas #artprints,Printable Wall Art — Instant Download,https://i.etsystatic.com/65012858/r/il/baa201/8140416059/il_fullxfull.8140416059_n4et.jpg,https://www.etsy.com/listing/4515672435,physical_print,Kawaii Art Print No.1053 | Kawaii Wall Decor | Multiple Sizes
4515672331,Kawaii Art Print No.1054 | Kawaii Wall Decor | Multiple Sizes,🖼️ Kawaii Art Print No.1054 | Kawaii Wall Decor | Multiple Sizes — Premium art print shipped directly to your door. Printed on high-quality paper with vibrant colors. Ready to frame — perfect for gallery walls and home decor! #wallart #kawaiiart #artprint #homedecor #gallerywall #kawaii #walldecor #printedart #homedecorideas #artprints,Printable Wall Art — Instant Download,https://i.etsystatic.com/65012858/r/il/a92359/8140415301/il_fullxfull.8140415301_grql.jpg,https://www.etsy.com/listing/4515672331,physical_print,Kawaii Art Print No.1054 | Kawaii Wall Decor | Multiple Sizes
4515668698,Kawaii Art Print No.1055 | Kawaii Wall Decor | Multiple Sizes,🖼️ Kawaii Art Print No.1055 | Kawaii Wall Decor | Multiple Sizes — Premium art print shipped directly to your door. Printed on high-quality paper with vibrant colors. Ready to frame — perfect for gallery walls and home decor! #wallart #kawaiiart #artprint #homedecor #gallerywall #kawaii #walldecor #printedart #homedecorideas #artprints,Printable Wall Art — Instant Download,https://i.etsystatic.com/65012858/r/il/61cda7/8092506588/il_fullxfull.8092506588_tcgp.jpg,https://www.etsy.com/listing/4515668698,physical_print,Kawaii Art Print No.1055 | Kawaii Wall Decor | Multiple Sizes
4515672065,Kawaii Art Print No.1056 | Kawaii Wall Decor | Multiple Sizes,🖼️ Kawaii Art Print No.1056 | Kawaii Wall Decor | Multiple Sizes — Premium art print shipped directly to your door. Printed on high-quality paper with vibrant colors. Ready to frame — perfect for gallery walls and home decor! #wallart #kawaiiart #artprint #homedecor #gallerywall #kawaii #walldecor #printedart #homedecorideas #artprints,Printable Wall Art — Instant Download,https://i.etsystatic.com/65012858/r/il/abbbcb/8140413685/il_fullxfull.8140413685_2qxc.jpg,https://www.etsy.com/listing/4515672065,physical_print,Kawaii Art Print No.1056 | Kawaii Wall Decor | Multiple Sizes
4515671951,Kawaii Art Print No.1057 | Kawaii Wall Decor | Multiple Sizes,🖼️ Kawaii Art Print No.1057 | Kawaii Wall Decor | Multiple Sizes — Premium art print shipped directly to your door. Printed on high-quality paper with vibrant colors. Ready to frame — perfect for gallery walls and home decor! #wallart #kawaiiart #artprint #homedecor #gallerywall #kawaii #walldecor #printedart #homedecorideas #artprints,Printable Wall Art — Instant Download,https://i.etsystatic.com/65012858/r/il/43f414/8092504980/il_fullxfull.8092504980_nnhb.jpg,https://www.etsy.com/listing/4515671951,physical_print,Kawaii Art Print No.1057 | Kawaii Wall Decor | Multiple Sizes
4515439809,Commercial License | Kawaii Sticker Pack Bundle All | Instant Download,"🌸 Commercial License | Kawaii Sticker Pack Bundle All | Instant Download — Fillable PDF digital planner for GoodNotes 6 and Notability. Includes dated 2026 version + undated evergreen version + 200+ kawaii stickers. Works on iPad, iPhone, and Mac. Instant download from Etsy. Perfect for planner lovers who want a cute, organized life!
#digitalplanner #goodnotes #notabilityapp #ipadplanner #kawaiiplanner #digitaldownload #planneraddict #plannerlife #goodnotes6 #digitalplanning #kawaii #instantd...",Digital Planners 2026 — Kawaii GoodNotes,https://i.etsystatic.com/65012858/r/il/d65fa5/8090984952/il_fullxfull.8090984952_apsd.jpg,https://www.etsy.com/listing/4515439809,digital_planner,Commercial License | Kawaii Sticker Pack Bundle All | Instant Download
4515439799,Commercial License | Kawaii Sticker Pack Coral Peac | Instant Download,"🌸 Commercial License | Kawaii Sticker Pack Coral Peac | Instant Download — Fillable PDF digital planner for GoodNotes 6 and Notability. Includes dated 2026 version + undated evergreen version + 200+ kawaii stickers. Works on iPad, iPhone, and Mac. Instant download from Etsy. Perfect for planner lovers who want a cute, organized life!
#digitalplanner #goodnotes #notabilityapp #ipadplanner #kawaiiplanner #digitaldownload #planneraddict #plannerlife #goodnotes6 #digitalplanning #kawaii #instantd...",Digital Planners 2026 — Kawaii GoodNotes,https://i.etsystatic.com/65012858/r/il/7a1b6d/8090984776/il_fullxfull.8090984776_qxjg.jpg,https://www.etsy.com/listing/4515439799,digital_planner,Commercial License | Kawaii Sticker Pack Coral Peac | Instant Download
4515437464,Commercial License | Kawaii Sticker Pack Midnight B | Instant Download,"🌸 Commercial License | Kawaii Sticker Pack Midnight B | Instant Download — Fillable PDF digital planner for GoodNotes 6 and Notability. Includes dated 2026 version + undated evergreen version + 200+ kawaii stickers. Works on iPad, iPhone, and Mac. Instant download from Etsy. Perfect for planner lovers who want a cute, organized life!
#digitalplanner #goodnotes #notabilityapp #ipadplanner #kawaiiplanner #digitaldownload #planneraddict #plannerlife #goodnotes6 #digitalplanning #kawaii #instantd...",Digital Planners 2026 — Kawaii GoodNotes,https://i.etsystatic.com/65012858/r/il/348c21/8090984600/il_fullxfull.8090984600_r535.jpg,https://www.etsy.com/listing/4515437464,digital_planner,Commercial License | Kawaii Sticker Pack Midnight B | Instant Download
4515437456,Commercial License | Kawaii Sticker Pack Cotton Can | Instant Download,"🌸 Commercial License | Kawaii Sticker Pack Cotton Can | Instant Download — Fillable PDF digital planner for GoodNotes 6 and Notability. Includes dated 2026 version + undated evergreen version + 200+ kawaii stickers. Works on iPad, iPhone, and Mac. Instant download from Etsy. Perfect for planner lovers who want a cute, organized life!
#digitalplanner #goodnotes #notabilityapp #ipadplanner #kawaiiplanner #digitaldownload #planneraddict #plannerlife #goodnotes6 #digitalplanning #kawaii #instantd...",Digital Planners 2026 — Kawaii GoodNotes,https://i.etsystatic.com/65012858/r/il/b92a2c/8138890105/il_fullxfull.8138890105_jvv9.jpg,https://www.etsy.com/listing/4515437456,digital_planner,Commercial License | Kawaii Sticker Pack Cotton Can | Instant Download
4515437452,Commercial License | Kawaii Sticker Pack Lavender D | Instant Download,"🌸 Commercial License | Kawaii Sticker Pack Lavender D | Instant Download — Fillable PDF digital planner for GoodNotes 6 and Notability. Includes dated 2026 version + undated evergreen version + 200+ kawaii stickers. Works on iPad, iPhone, and Mac. Instant download from Etsy. Perfect for planner lovers who want a cute, organized life!
#digitalplanner #goodnotes #notabilityapp #ipadplanner #kawaiiplanner #digitaldownload #planneraddict #plannerlife #goodnotes6 #digitalplanning #kawaii #instantd...",Digital Planners 2026 — Kawaii GoodNotes,https://i.etsystatic.com/65012858/r/il/dbb039/8138889919/il_fullxfull.8138889919_m05n.jpg,https://www.etsy.com/listing/4515437452,digital_planner,Commercial License | Kawaii Sticker Pack Lavender D | Instant Download
4515437442,Commercial License | Western SVG Bundle 12 Designs | Instant Download,"🌸 Commercial License | Western SVG Bundle 12 Designs | Instant Download — Fillable PDF digital planner for GoodNotes 6 and Notability. Includes dated 2026 version + undated evergreen version + 200+ kawaii stickers. Works on iPad, iPhone, and Mac. Instant download from Etsy. Perfect for planner lovers who want a cute, organized life!
#digitalplanner #goodnotes #notabilityapp #ipadplanner #kawaiiplanner #digitaldownload #planneraddict #plannerlife #goodnotes6 #digitalplanning #kawaii #instantdo...",Digital Planners 2026 — Kawaii GoodNotes,https://i.etsystatic.com/65012858/r/il/1eae49/8090983938/il_fullxfull.8090983938_b772.jpg,https://www.etsy.com/listing/4515437442,digital_planner,Commercial License | Western SVG Bundle 12 Designs | Instant Download
4515439763,Commercial License | Good Vibes SVG Bundle | Instant Download,"🌸 Commercial License | Good Vibes SVG Bundle | Instant Download — Fillable PDF digital planner for GoodNotes 6 and Notability. Includes dated 2026 version + undated evergreen version + 200+ kawaii stickers. Works on iPad, iPhone, and Mac. Instant download from Etsy. Perfect for planner lovers who want a cute, organized life!
#digitalplanner #goodnotes #notabilityapp #ipadplanner #kawaiiplanner #digitaldownload #planneraddict #plannerlife #goodnotes6 #digitalplanning #kawaii #instantdownload #...",Digital Planners 2026 — Kawaii GoodNotes,https://i.etsystatic.com/65012858/r/il/781702/8090983674/il_fullxfull.8090983674_jlah.jpg,https://www.etsy.com/listing/4515439763,digital_planner,Commercial License | Good Vibes SVG Bundle | Instant Download
4515437432,Commercial License | Mom Life SVG Bundle 20 Designs | Instant Download,"🌸 Commercial License | Mom Life SVG Bundle 20 Designs | Instant Download — Fillable PDF digital planner for GoodNotes 6 and Notability. Includes dated 2026 version + undated evergreen version + 200+ kawaii stickers. Works on iPad, iPhone, and Mac. Instant download from Etsy. Perfect for planner lovers who want a cute, organized life!
#digitalplanner #goodnotes #notabilityapp #ipadplanner #kawaiiplanner #digitaldownload #planneraddict #plannerlife #goodnotes6 #digitalplanning #kawaii #instantd...",Digital Planners 2026 — Kawaii GoodNotes,https://i.etsystatic.com/65012858/r/il/30a54f/8090983442/il_fullxfull.8090983442_fpa4.jpg,https://www.etsy.com/listing/4515437432,digital_planner,Commercial License | Mom Life SVG Bundle 20 Designs | Instant Download
4515439755,Commercial License | Graduation 2026 SVG Bundle | Instant Download,"🌸 Commercial License | Graduation 2026 SVG Bundle | Instant Download — Fillable PDF digital planner for GoodNotes 6 and Notability. Includes dated 2026 version + undated evergreen version + 200+ kawaii stickers. Works on iPad, iPhone, and Mac. Instant download from Etsy. Perfect for planner lovers who want a cute, organized life!
#digitalplanner #goodnotes #notabilityapp #ipadplanner #kawaiiplanner #digitaldownload #planneraddict #plannerlife #goodnotes6 #digitalplanning #kawaii #instantdownl...",Digital Planners 2026 — Kawaii GoodNotes,https://i.etsystatic.com/65012858/r/il/e1beca/8138888985/il_fullxfull.8138888985_r9ah.jpg,https://www.etsy.com/listing/4515439755,digital_planner,Commercial License | Graduation 2026 SVG Bundle | Instant Download
4515439751,Commercial License | Christian Faith SVG Bundle | Instant Download,"🌸 Commercial License | Christian Faith SVG Bundle | Instant Download — Fillable PDF digital planner for GoodNotes 6 and Notability. Includes dated 2026 version + undated evergreen version + 200+ kawaii stickers. Works on iPad, iPhone, and Mac. Instant download from Etsy. Perfect for planner lovers who want a cute, organized life!
#digitalplanner #goodnotes #notabilityapp #ipadplanner #kawaiiplanner #digitaldownload #planneraddict #plannerlife #goodnotes6 #digitalplanning #kawaii #instantdownl...",Digital Planners 2026 — Kawaii GoodNotes,https://i.etsystatic.com/65012858/r/il/6df6ec/8138888745/il_fullxfull.8138888745_rqf9.jpg,https://www.etsy.com/listing/4515439751,digital_planner,Commercial License | Christian Faith SVG Bundle | Instant Download
4515439743,Commercial License | Floral Botanical SVG Bundle | Instant Download,"🌸 Commercial License | Floral Botanical SVG Bundle | Instant Download — Fillable PDF digital planner for GoodNotes 6 and Notability. Includes dated 2026 version + undated evergreen version + 200+ kawaii stickers. Works on iPad, iPhone, and Mac. Instant download from Etsy. Perfect for planner lovers who want a cute, organized life!
#digitalplanner #goodnotes #notabilityapp #ipadplanner #kawaiiplanner #digitaldownload #planneraddict #plannerlife #goodnotes6 #digitalplanning #kawaii #instantdown...",Digital Planners 2026 — Kawaii GoodNotes,https://i.etsystatic.com/65012858/r/il/a9e5a3/8090982690/il_fullxfull.8090982690_ifc2.jpg,https://www.etsy.com/listing/4515439743,digital_planner,Commercial License | Floral Botanical SVG Bundle | Instant Download
4514777212,Mom Life Sublimation Tumbler Wrap Bundle PNG 20oz Instant Download,"✂️ Mom Life Sublimation Tumbler Wrap Bundle PNG 20oz Instant Download — Ready-to-cut SVG files for Cricut, Silhouette, and all major cutting machines. Includes SVG, PNG, DXF, and EPS formats. Instant download. Perfect for DIY crafts, t-shirts, tumblers, and more! #svgfiles #cricutdesigns #silhouettecameo #svgbundle #cricutmaker #cricutcrafts #cutfiles #svgdesigns #instantdownload #cricutcommunity #svgcricut #diycrafts",SVG Cut Files — Cricut Silhouette,https://i.etsystatic.com/65012858/r/il/f26deb/8134261433/il_fullxfull.8134261433_2405.jpg,https://www.etsy.com/listing/4514777212,svg_bundle,Mom Life Sublimation Tumbler Wrap Bundle PNG 20oz Instant Download
4514536935,Good Vibes SVG Bundle | 20 Designs Cricut | Instant Download,"✂️ Good Vibes SVG Bundle | 20 Designs Cricut | Instant Download — Ready-to-cut SVG files for Cricut, Silhouette, and all major cutting machines. Includes SVG, PNG, DXF, and EPS formats. Instant download. Perfect for DIY crafts, t-shirts, tumblers, and more! #svgfiles #cricutdesigns #silhouettecameo #svgbundle #cricutmaker #cricutcrafts #cutfiles #svgdesigns #instantdownload #cricutcommunity #svgcricut #diycrafts",SVG Cut Files — Cricut Silhouette,https://i.etsystatic.com/65012858/r/il/a8b40c/8084432954/il_fullxfull.8084432954_ay7i.jpg,https://www.etsy.com/listing/4514536935,svg_bundle,Good Vibes SVG Bundle | 20 Designs Cricut | Instant Download
4514392281,Mom Life SVG Bundle | 20 Designs Cricut Silhouette | Instant Download,"✂️ Mom Life SVG Bundle | 20 Designs Cricut Silhouette | Instant Download — Ready-to-cut SVG files for Cricut, Silhouette, and all major cutting machines. Includes SVG, PNG, DXF, and EPS formats. Instant download. Perfect for DIY crafts, t-shirts, tumblers, and more! #svgfiles #cricutdesigns #silhouettecameo #svgbundle #cricutmaker #cricutcrafts #cutfiles #svgdesigns #instantdownload #cricutcommunity #svgcricut #diycrafts",SVG Cut Files — Cricut Silhouette,https://i.etsystatic.com/65012858/r/il/a85749/8131251079/il_fullxfull.8131251079_5wav.jpg,https://www.etsy.com/listing/4514392281,svg_bundle,Mom Life SVG Bundle | 20 Designs Cricut Silhouette | Instant Download
4514136783,"Graduation SVG Bundle 2026, Senior Cut Files Cricut, Instant Download","✂️ Graduation SVG Bundle 2026, Senior Cut Files Cricut, Instant Download — Ready-to-cut SVG files for Cricut, Silhouette, and all major cutting machines. Includes SVG, PNG, DXF, and EPS formats. Instant download. Perfect for DIY crafts, t-shirts, tumblers, and more! #svgfiles #cricutdesigns #silhouettecameo #svgbundle #cricutmaker #cricutcrafts #cutfiles #svgdesigns #instantdownload #cricutcommunity #svgcricut #diycrafts",SVG Cut Files — Cricut Silhouette,https://i.etsystatic.com/65012858/r/il/ce6e3a/8081606178/il_fullxfull.8081606178_2i7i.jpg,https://www.etsy.com/listing/4514136783,svg_bundle,"Graduation SVG Bundle 2026, Senior Cut Files Cricut, Instant Download"
4514134583,"Christian SVG Bundle, Faith Cut Files Cricut, Instant Download","✂️ Christian SVG Bundle, Faith Cut Files Cricut, Instant Download — Ready-to-cut SVG files for Cricut, Silhouette, and all major cutting machines. Includes SVG, PNG, DXF, and EPS formats. Instant download. Perfect for DIY crafts, t-shirts, tumblers, and more! #svgfiles #cricutdesigns #silhouettecameo #svgbundle #cricutmaker #cricutcrafts #cutfiles #svgdesigns #instantdownload #cricutcommunity #svgcricut #diycrafts",SVG Cut Files — Cricut Silhouette,https://i.etsystatic.com/65012858/r/il/009d3a/8081537142/il_fullxfull.8081537142_op7w.jpg,https://www.etsy.com/listing/4514134583,svg_bundle,"Christian SVG Bundle, Faith Cut Files Cricut, Instant Download"
4514130045,"Floral SVG Bundle Cricut, Botanical Cut Files, Instant Download","✂️ Floral SVG Bundle Cricut, Botanical Cut Files, Instant Download — Ready-to-cut SVG files for Cricut, Silhouette, and all major cutting machines. Includes SVG, PNG, DXF, and EPS formats. Instant download. Perfect for DIY crafts, t-shirts, tumblers, and more! #svgfiles #cricutdesigns #silhouettecameo #svgbundle #cricutmaker #cricutcrafts #cutfiles #svgdesigns #instantdownload #cricutcommunity #svgcricut #diycrafts",SVG Cut Files — Cricut Silhouette,https://i.etsystatic.com/65012858/r/il/5ee9a2/8129420037/il_fullxfull.8129420037_sd75.jpg,https://www.etsy.com/listing/4514130045,svg_bundle,"Floral SVG Bundle Cricut, Botanical Cut Files, Instant Download"
4513713142,"Woodland Animal Gallery Wall Set of 5, Printable, Instant Download","🎨 Woodland Animal Gallery Wall Set of 5, Printable, Instant Download — Printable wall art instant download. Multiple sizes included: 4x6, 8x10, 8x12, 16x20, A4, A3. Print at home or at any print shop. Makes a beautiful gallery wall addition! #printableart #wallart #instantdownload #homedecor #gallerywall #printablewalldecor #digitaldownload #walldecor #printables #homedecorideas #artprint #bohodecor",Printable Wall Art — Instant Download,https://i.etsystatic.com/65012858/r/il/351a8e/8078788780/il_fullxfull.8078788780_d9si.jpg,https://www.etsy.com/listing/4513713142,wall_art,"Woodland Animal Gallery Wall Set of 5, Printable, Instant Download"
4513713106,"Botanical Gallery Wall Set of 5, Printable Prints, Instant Download","🎨 Botanical Gallery Wall Set of 5, Printable Prints, Instant Download — Printable wall art instant download. Multiple sizes included: 4x6, 8x10, 8x12, 16x20, A4, A3. Print at home or at any print shop. Makes a beautiful gallery wall addition! #printableart #wallart #instantdownload #homedecor #gallerywall #printablewalldecor #digitaldownload #walldecor #printables #homedecorideas #artprint #bohodecor",Printable Wall Art — Instant Download,https://i.etsystatic.com/65012858/r/il/c8d008/8126709023/il_fullxfull.8126709023_izxt.jpg,https://www.etsy.com/listing/4513713106,wall_art,"Botanical Gallery Wall Set of 5, Printable Prints, Instant Download"
4513713044,"Coastal Gallery Wall Set of 5, Printable Art, Instant Download","🎨 Coastal Gallery Wall Set of 5, Printable Art, Instant Download — Printable wall art instant download. Multiple sizes included: 4x6, 8x10, 8x12, 16x20, A4, A3. Print at home or at any print shop. Makes a beautiful gallery wall addition! #printableart #wallart #instantdownload #homedecor #gallerywall #printablewalldecor #digitaldownload #walldecor #printables #homedecorideas #artprint #bohodecor",Printable Wall Art — Instant Download,https://i.etsystatic.com/65012858/r/il/36a47b/8126708921/il_fullxfull.8126708921_qimc.jpg,https://www.etsy.com/listing/4513713044,wall_art,"Coastal Gallery Wall Set of 5, Printable Art, Instant Download"
4513713984,"Hummingbird Nursery Print, Printable Wall Art, Instant Download","🖼️ Hummingbird Nursery Print, Printable Wall Art, Instant Download — Premium art print shipped directly to your door. Printed on high-quality paper with vibrant colors. Ready to frame — perfect for gallery walls and home decor! #wallart #kawaiiart #artprint #homedecor #gallerywall #kawaii #walldecor #printedart #homedecorideas #artprints",Printable Wall Art — Instant Download,https://i.etsystatic.com/65012858/r/il/5b590d/8078788434/il_fullxfull.8078788434_1kyc.jpg,https://www.etsy.com/listing/4513713984,physical_print,"Hummingbird Nursery Print, Printable Wall Art, Instant Download"
4513713962,"Watercolor Fox Nursery Print, Printable Instant Download","🖼️ Watercolor Fox Nursery Print, Printable Instant Download — Premium art print shipped directly to your door. Printed on high-quality paper with vibrant colors. Ready to frame — perfect for gallery walls and home decor! #wallart #kawaiiart #artprint #homedecor #gallerywall #kawaii #walldecor #printedart #homedecorideas #artprints",Printable Wall Art — Instant Download,https://i.etsystatic.com/65012858/r/il/5cd8eb/8078788338/il_fullxfull.8078788338_9eau.jpg,https://www.etsy.com/listing/4513713962,physical_print,"Watercolor Fox Nursery Print, Printable Instant Download"
4513713936,"Owl Nursery Wall Art, Printable Instant Download, Woodland","🖼️ Owl Nursery Wall Art, Printable Instant Download, Woodland — Premium art print shipped directly to your door. Printed on high-quality paper with vibrant colors. Ready to frame — perfect for gallery walls and home decor! #wallart #kawaiiart #artprint #homedecor #gallerywall #kawaii #walldecor #printedart #homedecorideas #artprints",Printable Wall Art — Instant Download,https://i.etsystatic.com/65012858/r/il/c59110/8126708583/il_fullxfull.8126708583_ny08.jpg,https://www.etsy.com/listing/4513713936,physical_print,"Owl Nursery Wall Art, Printable Instant Download, Woodland"
4513713922,"Bear Nursery Wall Art, Printable Instant Download, Woodland","🖼️ Bear Nursery Wall Art, Printable Instant Download, Woodland — Premium art print shipped directly to your door. Printed on high-quality paper with vibrant colors. Ready to frame — perfect for gallery walls and home decor! #wallart #kawaiiart #artprint #homedecor #gallerywall #kawaii #walldecor #printedart #homedecorideas #artprints",Printable Wall Art — Instant Download,https://i.etsystatic.com/65012858/r/il/c6d5a9/8126708487/il_fullxfull.8126708487_atxk.jpg,https://www.etsy.com/listing/4513713922,physical_print,"Bear Nursery Wall Art, Printable Instant Download, Woodland"
4513714191,"Fox Nursery Wall Art, Printable Instant Download, Woodland","🖼️ Fox Nursery Wall Art, Printable Instant Download, Woodland — Premium art print shipped directly to your door. Printed on high-quality paper with vibrant colors. Ready to frame — perfect for gallery walls and home decor! #wallart #kawaiiart #artprint #homedecor #gallerywall #kawaii #walldecor #printedart #homedecorideas #artprints",Printable Wall Art — Instant Download,https://i.etsystatic.com/65012858/r/il/b4ae52/8078788078/il_fullxfull.8078788078_g1d9.jpg,https://www.etsy.com/listing/4513714191,physical_print,"Fox Nursery Wall Art, Printable Instant Download, Woodland"
4513714013,"Paris Skyline Print, Black White Wall Art, Instant Download","🎨 Paris Skyline Print, Black White Wall Art, Instant Download — Printable wall art instant download. Multiple sizes included: 4x6, 8x10, 8x12, 16x20, A4, A3. Print at home or at any print shop. Makes a beautiful gallery wall addition! #printableart #wallart #instantdownload #homedecor #gallerywall #printablewalldecor #digitaldownload #walldecor #printables #homedecorideas #artprint #bohodecor",Printable Wall Art — Instant Download,https://i.etsystatic.com/65012858/r/il/b72c4a/8126708267/il_fullxfull.8126708267_1str.jpg,https://www.etsy.com/listing/4513714013,wall_art,"Paris Skyline Print, Black White Wall Art, Instant Download"
4513713945,"Vintage Botanical Print, Black White Wall Art, Instant Download","🎨 Vintage Botanical Print, Black White Wall Art, Instant Download — Printable wall art instant download. Multiple sizes included: 4x6, 8x10, 8x12, 16x20, A4, A3. Print at home or at any print shop. Makes a beautiful gallery wall addition! #printableart #wallart #instantdownload #homedecor #gallerywall #printablewalldecor #digitaldownload #walldecor #printables #homedecorideas #artprint #bohodecor",Printable Wall Art — Instant Download,https://i.etsystatic.com/65012858/r/il/6b6563/8126708003/il_fullxfull.8126708003_fv1o.jpg,https://www.etsy.com/listing/4513713945,wall_art,"Vintage Botanical Print, Black White Wall Art, Instant Download"
4513713712,"Moon Phases Print, Black White Wall Art, Instant Download","🎨 Moon Phases Print, Black White Wall Art, Instant Download — Printable wall art instant download. Multiple sizes included: 4x6, 8x10, 8x12, 16x20, A4, A3. Print at home or at any print shop. Makes a beautiful gallery wall addition! #printableart #wallart #instantdownload #homedecor #gallerywall #printablewalldecor #digitaldownload #walldecor #printables #homedecorideas #artprint #bohodecor",Printable Wall Art — Instant Download,https://i.etsystatic.com/65012858/r/il/d0a2fd/8078787370/il_fullxfull.8078787370_ltug.jpg,https://www.etsy.com/listing/4513713712,wall_art,"Moon Phases Print, Black White Wall Art, Instant Download"
4513713514,"Japandi Tree Print, Black White Wall Art, Instant Download","🎨 Japandi Tree Print, Black White Wall Art, Instant Download — Printable wall art instant download. Multiple sizes included: 4x6, 8x10, 8x12, 16x20, A4, A3. Print at home or at any print shop. Makes a beautiful gallery wall addition! #printableart #wallart #instantdownload #homedecor #gallerywall #printablewalldecor #digitaldownload #walldecor #printables #homedecorideas #artprint #bohodecor",Printable Wall Art — Instant Download,https://i.etsystatic.com/65012858/r/il/f7c64c/8126707497/il_fullxfull.8126707497_ajc8.jpg,https://www.etsy.com/listing/4513713514,wall_art,"Japandi Tree Print, Black White Wall Art, Instant Download"
4513713805,"Minimalist Botanical Print, Black White Wall Art, Instant Download","🎨 Minimalist Botanical Print, Black White Wall Art, Instant Download — Printable wall art instant download. Multiple sizes included: 4x6, 8x10, 8x12, 16x20, A4, A3. Print at home or at any print shop. Makes a beautiful gallery wall addition! #printableart #wallart #instantdownload #homedecor #gallerywall #printablewalldecor #digitaldownload #walldecor #printables #homedecorideas #artprint #bohodecor",Printable Wall Art — Instant Download,https://i.etsystatic.com/65012858/r/il/e1df2d/8126707231/il_fullxfull.8126707231_dykg.jpg,https://www.etsy.com/listing/4513713805,wall_art,"Minimalist Botanical Print, Black White Wall Art, Instant Download"
4506555435,"Slim Can Koozie, 3D Printed Insulated Can Holder, Custom Color Gift","🎨 Slim Can Koozie, 3D Printed Insulated Can Holder, Custom Color Gift — Printable wall art instant download. Multiple sizes included: 4x6, 8x10, 8x12, 16x20, A4, A3. Print at home or at any print shop. Makes a beautiful gallery wall addition! #printableart #wallart #instantdownload #homedecor #gallerywall #printablewalldecor #digitaldownload #walldecor #printables #homedecorideas #artprint #bohodecor",Printable Wall Art — Instant Download,https://i.etsystatic.com/65012858/r/il/a21e23/8029047542/il_fullxfull.8029047542_9pd8.jpg,https://www.etsy.com/listing/4506555435,wall_art,"Slim Can Koozie, 3D Printed Insulated Can Holder, Custom Color Gift"
4512188970,"Kawaii Planner Bundle 2026, All 4 Planners | Instant Download","🌸 Kawaii Planner Bundle 2026, All 4 Planners | Instant Download — Fillable PDF digital planner for GoodNotes 6 and Notability. Includes dated 2026 version + undated evergreen version + 200+ kawaii stickers. Works on iPad, iPhone, and Mac. Instant download from Etsy. Perfect for planner lovers who want a cute, organized life!
#digitalplanner #goodnotes #notabilityapp #ipadplanner #kawaiiplanner #digitaldownload #planneraddict #plannerlife #goodnotes6 #digitalplanning #kawaii #instantdownload #...",Digital Planners 2026 — Kawaii GoodNotes,https://i.etsystatic.com/65012858/r/il/752b95/8120666733/il_fullxfull.8120666733_kfdl.jpg,https://www.etsy.com/listing/4512188970,digital_planner,"Kawaii Planner Bundle 2026, All 4 Planners | Instant Download"
4512784817,"Coastal Art Set of 4, Printable Wall Art, Instant Download","🎨 Coastal Art Set of 4, Printable Wall Art, Instant Download — Printable wall art instant download. Multiple sizes included: 4x6, 8x10, 8x12, 16x20, A4, A3. Print at home or at any print shop. Makes a beautiful gallery wall addition! #printableart #wallart #instantdownload #homedecor #gallerywall #printablewalldecor #digitaldownload #walldecor #printables #homedecorideas #artprint #bohodecor",Printable Wall Art — Instant Download,https://i.etsystatic.com/65012858/r/il/a9e2f3/8123622533/il_fullxfull.8123622533_r5j4.jpg,https://www.etsy.com/listing/4512784817,wall_art,"Coastal Art Set of 4, Printable Wall Art, Instant Download"
4512784922,"Four Seasons Set of 4, Printable Wall Art, Instant Download","🎨 Four Seasons Set of 4, Printable Wall Art, Instant Download — Printable wall art instant download. Multiple sizes included: 4x6, 8x10, 8x12, 16x20, A4, A3. Print at home or at any print shop. Makes a beautiful gallery wall addition! #printableart #wallart #instantdownload #homedecor #gallerywall #printablewalldecor #digitaldownload #walldecor #printables #homedecorideas #artprint #bohodecor",Printable Wall Art — Instant Download,https://i.etsystatic.com/65012858/r/il/5b3447/8075705388/il_fullxfull.8075705388_6xtw.jpg,https://www.etsy.com/listing/4512784922,wall_art,"Four Seasons Set of 4, Printable Wall Art, Instant Download"
4512783077,"Paris Café Printable Wall Art, Instant Download, French","🎨 Paris Café Printable Wall Art, Instant Download, French — Printable wall art instant download. Multiple sizes included: 4x6, 8x10, 8x12, 16x20, A4, A3. Print at home or at any print shop. Makes a beautiful gallery wall addition! #printableart #wallart #instantdownload #homedecor #gallerywall #printablewalldecor #digitaldownload #walldecor #printables #homedecorideas #artprint #bohodecor",Printable Wall Art — Instant Download,https://i.etsystatic.com/65012858/r/il/c47e74/8119805063/il_fullxfull.8119805063_l4n6.jpg,https://www.etsy.com/listing/4512783077,wall_art,"Paris Café Printable Wall Art, Instant Download, French"
4512780869,"Fox Watercolor Printable Wall Art, Instant Download, Woodland","🎨 Fox Watercolor Printable Wall Art, Instant Download, Woodland — Printable wall art instant download. Multiple sizes included: 4x6, 8x10, 8x12, 16x20, A4, A3. Print at home or at any print shop. Makes a beautiful gallery wall addition! #printableart #wallart #instantdownload #homedecor #gallerywall #printablewalldecor #digitaldownload #walldecor #printables #homedecorideas #artprint #bohodecor",Printable Wall Art — Instant Download,https://i.etsystatic.com/65012858/r/il/aa7be6/8122624029/il_fullxfull.8122624029_fxnf.jpg,https://www.etsy.com/listing/4512780869,wall_art,"Fox Watercolor Printable Wall Art, Instant Download, Woodland"
4512780614,"Pelican Watercolor Print, Coastal Art, Instant Download","🎨 Pelican Watercolor Print, Coastal Art, Instant Download — Printable wall art instant download. Multiple sizes included: 4x6, 8x10, 8x12, 16x20, A4, A3. Print at home or at any print shop. Makes a beautiful gallery wall addition! #printableart #wallart #instantdownload #homedecor #gallerywall #printablewalldecor #digitaldownload #walldecor #printables #homedecorideas #artprint #bohodecor",Printable Wall Art — Instant Download,https://i.etsystatic.com/65012858/r/il/344b62/8122623929/il_fullxfull.8122623929_ny2l.jpg,https://www.etsy.com/listing/4512780614,wall_art,"Pelican Watercolor Print, Coastal Art, Instant Download"
4512776173,"Coral Reef Printable Wall Art, Instant Download, Ocean","🎨 Coral Reef Printable Wall Art, Instant Download, Ocean — Printable wall art instant download. Multiple sizes included: 4x6, 8x10, 8x12, 16x20, A4, A3. Print at home or at any print shop. Makes a beautiful gallery wall addition! #printableart #wallart #instantdownload #homedecor #gallerywall #printablewalldecor #digitaldownload #walldecor #printables #homedecorideas #artprint #bohodecor",Printable Wall Art — Instant Download,https://i.etsystatic.com/65012858/r/il/3b3aa6/8071837232/il_fullxfull.8071837232_7yzq.jpg,https://www.etsy.com/listing/4512776173,wall_art,"Coral Reef Printable Wall Art, Instant Download, Ocean"
4512774863,"Lighthouse Printable Wall Art, Instant Download, Coastal","🎨 Lighthouse Printable Wall Art, Instant Download, Coastal — Printable wall art instant download. Multiple sizes included: 4x6, 8x10, 8x12, 16x20, A4, A3. Print at home or at any print shop. Makes a beautiful gallery wall addition! #printableart #wallart #instantdownload #homedecor #gallerywall #printablewalldecor #digitaldownload #walldecor #printables #homedecorideas #artprint #bohodecor",Printable Wall Art — Instant Download,https://i.etsystatic.com/65012858/r/il/0db47a/8071829006/il_fullxfull.8071829006_cqx7.jpg,https://www.etsy.com/listing/4512774863,wall_art,"Lighthouse Printable Wall Art, Instant Download, Coastal"
4512772539,"Sea Turtle Printable Wall Art, Instant Download, Ocean","🎨 Sea Turtle Printable Wall Art, Instant Download, Ocean — Printable wall art instant download. Multiple sizes included: 4x6, 8x10, 8x12, 16x20, A4, A3. Print at home or at any print shop. Makes a beautiful gallery wall addition! #printableart #wallart #instantdownload #homedecor #gallerywall #printablewalldecor #digitaldownload #walldecor #printables #homedecorideas #artprint #bohodecor",Printable Wall Art — Instant Download,https://i.etsystatic.com/65012858/r/il/66705b/8074705460/il_fullxfull.8074705460_3nnj.jpg,https://www.etsy.com/listing/4512772539,wall_art,"Sea Turtle Printable Wall Art, Instant Download, Ocean"
4512772452,"Winter Birch Printable Wall Art, Instant Download, Snow","🎨 Winter Birch Printable Wall Art, Instant Download, Snow — Printable wall art instant download. Multiple sizes included: 4x6, 8x10, 8x12, 16x20, A4, A3. Print at home or at any print shop. Makes a beautiful gallery wall addition! #printableart #wallart #instantdownload #homedecor #gallerywall #printablewalldecor #digitaldownload #walldecor #printables #homedecorideas #artprint #bohodecor",Printable Wall Art — Instant Download,https://i.etsystatic.com/65012858/r/il/ac34cc/8074705392/il_fullxfull.8074705392_oi4q.jpg,https://www.etsy.com/listing/4512772452,wall_art,"Winter Birch Printable Wall Art, Instant Download, Snow"
4512770031,"Autumn Maple Printable Wall Art, Instant Download, Fall","🎨 Autumn Maple Printable Wall Art, Instant Download, Fall — Printable wall art instant download. Multiple sizes included: 4x6, 8x10, 8x12, 16x20, A4, A3. Print at home or at any print shop. Makes a beautiful gallery wall addition! #printableart #wallart #instantdownload #homedecor #gallerywall #printablewalldecor #digitaldownload #walldecor #printables #homedecorideas #artprint #bohodecor",Printable Wall Art — Instant Download,https://i.etsystatic.com/65012858/r/il/7c281e/8074705108/il_fullxfull.8074705108_8s8y.jpg,https://www.etsy.com/listing/4512770031,wall_art,"Autumn Maple Printable Wall Art, Instant Download, Fall"
4512768771,"Sunflower Watercolor Print, Botanical Wall Art, Instant Download","🎨 Sunflower Watercolor Print, Botanical Wall Art, Instant Download — Printable wall art instant download. Multiple sizes included: 4x6, 8x10, 8x12, 16x20, A4, A3. Print at home or at any print shop. Makes a beautiful gallery wall addition! #printableart #wallart #instantdownload #homedecor #gallerywall #printablewalldecor #digitaldownload #walldecor #printables #homedecorideas #artprint #bohodecor",Printable Wall Art — Instant Download,https://i.etsystatic.com/65012858/r/il/cbb8dd/8122639095/il_fullxfull.8122639095_f8pb.jpg,https://www.etsy.com/listing/4512768771,wall_art,"Sunflower Watercolor Print, Botanical Wall Art, Instant Download"
4512768858,"Cherry Blossom Watercolor Print, Spring Wall Art, Instant Download","🎨 Cherry Blossom Watercolor Print, Spring Wall Art, Instant Download — Printable wall art instant download. Multiple sizes included: 4x6, 8x10, 8x12, 16x20, A4, A3. Print at home or at any print shop. Makes a beautiful gallery wall addition! #printableart #wallart #instantdownload #homedecor #gallerywall #printablewalldecor #digitaldownload #walldecor #printables #homedecorideas #artprint #bohodecor",Printable Wall Art — Instant Download,https://i.etsystatic.com/65012858/r/il/c2dfeb/8071780824/il_fullxfull.8071780824_fkxd.jpg,https://www.etsy.com/listing/4512768858,wall_art,"Cherry Blossom Watercolor Print, Spring Wall Art, Instant Download"
4512763302,"Rooster Kitchen Printable Wall Art, Instant Download, Farm","🎨 Rooster Kitchen Printable Wall Art, Instant Download, Farm — Printable wall art instant download. Multiple sizes included: 4x6, 8x10, 8x12, 16x20, A4, A3. Print at home or at any print shop. Makes a beautiful gallery wall addition! #printableart #wallart #instantdownload #homedecor #gallerywall #printablewalldecor #digitaldownload #walldecor #printables #homedecorideas #artprint #bohodecor",Printable Wall Art — Instant Download,https://i.etsystatic.com/65012858/r/il/dc0739/8071743206/il_fullxfull.8071743206_dv36.jpg,https://www.etsy.com/listing/4512763302,wall_art,"Rooster Kitchen Printable Wall Art, Instant Download, Farm"
4512760671,"Snowy Owl Printable Wall Art, Instant Download, Wildlife","🎨 Snowy Owl Printable Wall Art, Instant Download, Wildlife — Printable wall art instant download. Multiple sizes included: 4x6, 8x10, 8x12, 16x20, A4, A3. Print at home or at any print shop. Makes a beautiful gallery wall addition! #printableart #wallart #instantdownload #homedecor #gallerywall #printablewalldecor #digitaldownload #walldecor #printables #homedecorideas #artprint #bohodecor",Printable Wall Art — Instant Download,https://i.etsystatic.com/65012858/r/il/25cddd/8071734316/il_fullxfull.8071734316_vl3m.jpg,https://www.etsy.com/listing/4512760671,wall_art,"Snowy Owl Printable Wall Art, Instant Download, Wildlife"
4512760918,"Lavender Fields Printable Wall Art, Instant Download, Provence","🎨 Lavender Fields Printable Wall Art, Instant Download, Provence — Printable wall art instant download. Multiple sizes included: 4x6, 8x10, 8x12, 16x20, A4, A3. Print at home or at any print shop. Makes a beautiful gallery wall addition! #printableart #wallart #instantdownload #homedecor #gallerywall #printablewalldecor #digitaldownload #walldecor #printables #homedecorideas #artprint #bohodecor",Printable Wall Art — Instant Download,https://i.etsystatic.com/65012858/r/il/7a915f/8074704482/il_fullxfull.8074704482_7ml7.jpg,https://www.etsy.com/listing/4512760918,wall_art,"Lavender Fields Printable Wall Art, Instant Download, Provence"
4512758123,"Ocean Wave Printable Wall Art, Instant Download, Coastal","🎨 Ocean Wave Printable Wall Art, Instant Download, Coastal — Printable wall art instant download. Multiple sizes included: 4x6, 8x10, 8x12, 16x20, A4, A3. Print at home or at any print shop. Makes a beautiful gallery wall addition! #printableart #wallart #instantdownload #homedecor #gallerywall #printablewalldecor #digitaldownload #walldecor #printables #homedecorideas #artprint #bohodecor",Printable Wall Art — Instant Download,https://i.etsystatic.com/65012858/r/il/81ef85/8071716790/il_fullxfull.8071716790_29h1.jpg,https://www.etsy.com/listing/4512758123,wall_art,"Ocean Wave Printable Wall Art, Instant Download, Coastal"
4512758458,"Cat Reading Printable Wall Art, Instant Download, Bookish","🎨 Cat Reading Printable Wall Art, Instant Download, Bookish — Printable wall art instant download. Multiple sizes included: 4x6, 8x10, 8x12, 16x20, A4, A3. Print at home or at any print shop. Makes a beautiful gallery wall addition! #printableart #wallart #instantdownload #homedecor #gallerywall #printablewalldecor #digitaldownload #walldecor #printables #homedecorideas #artprint #bohodecor",Printable Wall Art — Instant Download,https://i.etsystatic.com/65012858/r/il/6dccd0/8119629519/il_fullxfull.8119629519_5rfb.jpg,https://www.etsy.com/listing/4512758458,wall_art,"Cat Reading Printable Wall Art, Instant Download, Bookish"
4512756952,"Wildflower Meadow Printable Wall Art, Instant Download, Botanical","🎨 Wildflower Meadow Printable Wall Art, Instant Download, Botanical — Printable wall art instant download. Multiple sizes included: 4x6, 8x10, 8x12, 16x20, A4, A3. Print at home or at any print shop. Makes a beautiful gallery wall addition! #printableart #wallart #instantdownload #homedecor #gallerywall #printablewalldecor #digitaldownload #walldecor #printables #homedecorideas #artprint #bohodecor",Printable Wall Art — Instant Download,https://i.etsystatic.com/65012858/r/il/19d39f/8071697502/il_fullxfull.8071697502_p00u.jpg,https://www.etsy.com/listing/4512756952,wall_art,"Wildflower Meadow Printable Wall Art, Instant Download, Botanical"
4512755568,"Mountain Lake Printable Wall Art, Instant Download, Landscape","🎨 Mountain Lake Printable Wall Art, Instant Download, Landscape — Printable wall art instant download. Multiple sizes included: 4x6, 8x10, 8x12, 16x20, A4, A3. Print at home or at any print shop. Makes a beautiful gallery wall addition! #printableart #wallart #instantdownload #homedecor #gallerywall #printablewalldecor #digitaldownload #walldecor #printables #homedecorideas #artprint #bohodecor",Printable Wall Art — Instant Download,https://i.etsystatic.com/65012858/r/il/e27e0f/8071687856/il_fullxfull.8071687856_d8b3.jpg,https://www.etsy.com/listing/4512755568,wall_art,"Mountain Lake Printable Wall Art, Instant Download, Landscape"
4512753302,"Baby Bear Nursery Print, Woodland Animal Art, Instant Download","🎨 Baby Bear Nursery Print, Woodland Animal Art, Instant Download — Printable wall art instant download. Multiple sizes included: 4x6, 8x10, 8x12, 16x20, A4, A3. Print at home or at any print shop. Makes a beautiful gallery wall addition! #printableart #wallart #instantdownload #homedecor #gallerywall #printablewalldecor #digitaldownload #walldecor #printables #homedecorideas #artprint #bohodecor",Printable Wall Art — Instant Download,https://i.etsystatic.com/65012858/r/il/1f8554/8119592819/il_fullxfull.8119592819_c5d6.jpg,https://www.etsy.com/listing/4512753302,wall_art,"Baby Bear Nursery Print, Woodland Animal Art, Instant Download"
4512750191,Hummingbird Watercolor Print | Botanical Bird Art | Floral Wall Decor,"🎨 Hummingbird Watercolor Print | Botanical Bird Art | Floral Wall Decor — Printable wall art instant download. Multiple sizes included: 4x6, 8x10, 8x12, 16x20, A4, A3. Print at home or at any print shop. Makes a beautiful gallery wall addition! #printableart #wallart #instantdownload #homedecor #gallerywall #printablewalldecor #digitaldownload #walldecor #printables #homedecorideas #artprint #bohodecor",Printable Wall Art — Instant Download,https://i.etsystatic.com/65012858/r/il/472ac3/8071660644/il_fullxfull.8071660644_61sb.jpg,https://www.etsy.com/listing/4512750191,wall_art,Hummingbird Watercolor Print | Botanical Bird Art | Floral Wall Decor
4512747600,"Autumn Fox Printable Wall Art, Instant Download, Woodland","🎨 Autumn Fox Printable Wall Art, Instant Download, Woodland — Printable wall art instant download. Multiple sizes included: 4x6, 8x10, 8x12, 16x20, A4, A3. Print at home or at any print shop. Makes a beautiful gallery wall addition! #printableart #wallart #instantdownload #homedecor #gallerywall #printablewalldecor #digitaldownload #walldecor #printables #homedecorideas #artprint #bohodecor",Printable Wall Art — Instant Download,https://i.etsystatic.com/65012858/r/il/f21851/8074720534/il_fullxfull.8074720534_nr3o.jpg,https://www.etsy.com/listing/4512747600,wall_art,"Autumn Fox Printable Wall Art, Instant Download, Woodland"
4512301880,"Boho Botanical Set of 4, Printable Art, Instant Download","🎨 Boho Botanical Set of 4, Printable Art, Instant Download — Printable wall art instant download. Multiple sizes included: 4x6, 8x10, 8x12, 16x20, A4, A3. Print at home or at any print shop. Makes a beautiful gallery wall addition! #printableart #wallart #instantdownload #homedecor #gallerywall #printablewalldecor #digitaldownload #walldecor #printables #homedecorideas #artprint #bohodecor",Printable Wall Art — Instant Download,https://i.etsystatic.com/65012858/r/il/1f7953/8124117575/il_fullxfull.8124117575_g2db.jpg,https://www.etsy.com/listing/4512301880,wall_art,"Boho Botanical Set of 4, Printable Art, Instant Download"
4512255508,"FREE Kawaii Sticker Sheet PNG, GoodNotes, Instant Download","🌸 FREE Kawaii Sticker Sheet PNG, GoodNotes, Instant Download — Fillable PDF digital planner for GoodNotes 6 and Notability. Includes dated 2026 version + undated evergreen version + 200+ kawaii stickers. Works on iPad, iPhone, and Mac. Instant download from Etsy. Perfect for planner lovers who want a cute, organized life!
#digitalplanner #goodnotes #notabilityapp #ipadplanner #kawaiiplanner #digitaldownload #planneraddict #plannerlife #goodnotes6 #digitalplanning #kawaii #instantdownload #fil...",Digital Planners 2026 — Kawaii GoodNotes,https://i.etsystatic.com/65012858/r/il/27adf7/8072810822/il_fullxfull.8072810822_cm5c.jpg,https://www.etsy.com/listing/4512255508,digital_planner,"FREE Kawaii Sticker Sheet PNG, GoodNotes, Instant Download"
4512254035,"Kawaii Sticker Bundle All 4 Themes, GoodNotes, Instant Download","🌸 Kawaii Sticker Bundle All 4 Themes, GoodNotes, Instant Download — Fillable PDF digital planner for GoodNotes 6 and Notability. Includes dated 2026 version + undated evergreen version + 200+ kawaii stickers. Works on iPad, iPhone, and Mac. Instant download from Etsy. Perfect for planner lovers who want a cute, organized life!
#digitalplanner #goodnotes #notabilityapp #ipadplanner #kawaiiplanner #digitaldownload #planneraddict #plannerlife #goodnotes6 #digitalplanning #kawaii #instantdownload...",Digital Planners 2026 — Kawaii GoodNotes,https://i.etsystatic.com/65012858/r/il/e37f88/8120733731/il_fullxfull.8120733731_t15e.jpg,https://www.etsy.com/listing/4512254035,digital_planner,"Kawaii Sticker Bundle All 4 Themes, GoodNotes, Instant Download"
4512254027,"Kawaii Sticker Pack PNG, GoodNotes, Coral Peach, Instant Download","🌸 Kawaii Sticker Pack PNG, GoodNotes, Coral Peach, Instant Download — Fillable PDF digital planner for GoodNotes 6 and Notability. Includes dated 2026 version + undated evergreen version + 200+ kawaii stickers. Works on iPad, iPhone, and Mac. Instant download from Etsy. Perfect for planner lovers who want a cute, organized life!
#digitalplanner #goodnotes #notabilityapp #ipadplanner #kawaiiplanner #digitaldownload #planneraddict #plannerlife #goodnotes6 #digitalplanning #kawaii #instantdownlo...",Digital Planners 2026 — Kawaii GoodNotes,https://i.etsystatic.com/65012858/r/il/656c33/8072813924/il_fullxfull.8072813924_jka4.jpg,https://www.etsy.com/listing/4512254027,digital_planner,"Kawaii Sticker Pack PNG, GoodNotes, Coral Peach, Instant Download"
4512255536,"Kawaii Sticker Pack PNG, GoodNotes, Midnight Blue, Instant Download","🌸 Kawaii Sticker Pack PNG, GoodNotes, Midnight Blue, Instant Download — Fillable PDF digital planner for GoodNotes 6 and Notability. Includes dated 2026 version + undated evergreen version + 200+ kawaii stickers. Works on iPad, iPhone, and Mac. Instant download from Etsy. Perfect for planner lovers who want a cute, organized life!
#digitalplanner #goodnotes #notabilityapp #ipadplanner #kawaiiplanner #digitaldownload #planneraddict #plannerlife #goodnotes6 #digitalplanning #kawaii #instantdown...",Digital Planners 2026 — Kawaii GoodNotes,https://i.etsystatic.com/65012858/r/il/dc766b/8120731899/il_fullxfull.8120731899_edf7.jpg,https://www.etsy.com/listing/4512255536,digital_planner,"Kawaii Sticker Pack PNG, GoodNotes, Midnight Blue, Instant Download"
4512254015,"Kawaii Sticker Pack PNG, GoodNotes, Cotton Candy, Instant Download","🌸 Kawaii Sticker Pack PNG, GoodNotes, Cotton Candy, Instant Download — Fillable PDF digital planner for GoodNotes 6 and Notability. Includes dated 2026 version + undated evergreen version + 200+ kawaii stickers. Works on iPad, iPhone, and Mac. Instant download from Etsy. Perfect for planner lovers who want a cute, organized life!
#digitalplanner #goodnotes #notabilityapp #ipadplanner #kawaiiplanner #digitaldownload #planneraddict #plannerlife #goodnotes6 #digitalplanning #kawaii #instantdownl...",Digital Planners 2026 — Kawaii GoodNotes,https://i.etsystatic.com/65012858/r/il/37e367/8072812366/il_fullxfull.8072812366_33ke.jpg,https://www.etsy.com/listing/4512254015,digital_planner,"Kawaii Sticker Pack PNG, GoodNotes, Cotton Candy, Instant Download"
4512255514,"Kawaii Sticker Pack PNG, GoodNotes, Lavender Dreams, Instant Download","🌸 Kawaii Sticker Pack PNG, GoodNotes, Lavender Dreams, Instant Download — Fillable PDF digital planner for GoodNotes 6 and Notability. Includes dated 2026 version + undated evergreen version + 200+ kawaii stickers. Works on iPad, iPhone, and Mac. Instant download from Etsy. Perfect for planner lovers who want a cute, organized life!
#digitalplanner #goodnotes #notabilityapp #ipadplanner #kawaiiplanner #digitaldownload #planneraddict #plannerlife #goodnotes6 #digitalplanning #kawaii #instantdo...",Digital Planners 2026 — Kawaii GoodNotes,https://i.etsystatic.com/65012858/r/il/6d7f1a/8072811528/il_fullxfull.8072811528_hy02.jpg,https://www.etsy.com/listing/4512255514,digital_planner,"Kawaii Sticker Pack PNG, GoodNotes, Lavender Dreams, Instant Download"
4509597559,"Italian Kitchen Printable Wall Art, Instant Download, Food","🎨 Italian Kitchen Printable Wall Art, Instant Download, Food — Printable wall art instant download. Multiple sizes included: 4x6, 8x10, 8x12, 16x20, A4, A3. Print at home or at any print shop. Makes a beautiful gallery wall addition! #printableart #wallart #instantdownload #homedecor #gallerywall #printablewalldecor #digitaldownload #walldecor #printables #homedecorideas #artprint #bohodecor",Printable Wall Art — Instant Download,https://i.etsystatic.com/65012858/r/il/c7746a/8074763972/il_fullxfull.8074763972_lqrc.jpg,https://www.etsy.com/listing/4509597559,wall_art,"Italian Kitchen Printable Wall Art, Instant Download, Food"
4509596017,"Abstract Woman Portrait Print, Feminist Line Art, Instant Download","🎨 Abstract Woman Portrait Print, Feminist Line Art, Instant Download — Printable wall art instant download. Multiple sizes included: 4x6, 8x10, 8x12, 16x20, A4, A3. Print at home or at any print shop. Makes a beautiful gallery wall addition! #printableart #wallart #instantdownload #homedecor #gallerywall #printablewalldecor #digitaldownload #walldecor #printables #homedecorideas #artprint #bohodecor",Printable Wall Art — Instant Download,https://i.etsystatic.com/65012858/r/il/27ec32/8118628947/il_fullxfull.8118628947_5xj7.jpg,https://www.etsy.com/listing/4509596017,wall_art,"Abstract Woman Portrait Print, Feminist Line Art, Instant Download"
4509600086,Tropical Leaves Print | Bold Monstera Palm Wall Art,"🎨 Tropical Leaves Print | Bold Monstera Palm Wall Art — Printable wall art instant download. Multiple sizes included: 4x6, 8x10, 8x12, 16x20, A4, A3. Print at home or at any print shop. Makes a beautiful gallery wall addition! #printableart #wallart #instantdownload #homedecor #gallerywall #printablewalldecor #digitaldownload #walldecor #printables #homedecorideas #artprint #bohodecor",Printable Wall Art — Instant Download,https://i.etsystatic.com/65012858/r/il/80eefa/8074763740/il_fullxfull.8074763740_tj29.jpg,https://www.etsy.com/listing/4509600086,wall_art,Tropical Leaves Print | Bold Monstera Palm Wall Art
4509593697,"Grand Canyon Printable Wall Art, Instant Download, Vintage","🎨 Grand Canyon Printable Wall Art, Instant Download, Vintage — Printable wall art instant download. Multiple sizes included: 4x6, 8x10, 8x12, 16x20, A4, A3. Print at home or at any print shop. Makes a beautiful gallery wall addition! #printableart #wallart #instantdownload #homedecor #gallerywall #printablewalldecor #digitaldownload #walldecor #printables #homedecorideas #artprint #bohodecor",Printable Wall Art — Instant Download,https://i.etsystatic.com/65012858/r/il/ab6091/8074763518/il_fullxfull.8074763518_58i5.jpg,https://www.etsy.com/listing/4509593697,wall_art,"Grand Canyon Printable Wall Art, Instant Download, Vintage"
4509593623,"Paris Skyline Printable Wall Art, Instant Download, Minimalist","🎨 Paris Skyline Printable Wall Art, Instant Download, Minimalist — Printable wall art instant download. Multiple sizes included: 4x6, 8x10, 8x12, 16x20, A4, A3. Print at home or at any print shop. Makes a beautiful gallery wall addition! #printableart #wallart #instantdownload #homedecor #gallerywall #printablewalldecor #digitaldownload #walldecor #printables #homedecorideas #artprint #bohodecor",Printable Wall Art — Instant Download,https://i.etsystatic.com/65012858/r/il/e66204/8125817683/il_fullxfull.8125817683_bcyc.jpg,https://www.etsy.com/listing/4509593623,wall_art,"Paris Skyline Printable Wall Art, Instant Download, Minimalist"
4509593487,"Vintage Botanical Printable Wall Art, Instant Download, Herbarium","🎨 Vintage Botanical Printable Wall Art, Instant Download, Herbarium — Printable wall art instant download. Multiple sizes included: 4x6, 8x10, 8x12, 16x20, A4, A3. Print at home or at any print shop. Makes a beautiful gallery wall addition! #printableart #wallart #instantdownload #homedecor #gallerywall #printablewalldecor #digitaldownload #walldecor #printables #homedecorideas #artprint #bohodecor",Printable Wall Art — Instant Download,https://i.etsystatic.com/65012858/r/il/ae2165/8070701318/il_fullxfull.8070701318_1eho.jpg,https://www.etsy.com/listing/4509593487,wall_art,"Vintage Botanical Printable Wall Art, Instant Download, Herbarium"
4509598784,"Abstract Brushstroke Printable Art, Instant Download, Modern","🎨 Abstract Brushstroke Printable Art, Instant Download, Modern — Printable wall art instant download. Multiple sizes included: 4x6, 8x10, 8x12, 16x20, A4, A3. Print at home or at any print shop. Makes a beautiful gallery wall addition! #printableart #wallart #instantdownload #homedecor #gallerywall #printablewalldecor #digitaldownload #walldecor #printables #homedecorideas #artprint #bohodecor",Printable Wall Art — Instant Download,https://i.etsystatic.com/65012858/r/il/25368d/8122682195/il_fullxfull.8122682195_d26b.jpg,https://www.etsy.com/listing/4509598784,wall_art,"Abstract Brushstroke Printable Art, Instant Download, Modern"
4509598660,"Moon Phases Print, Celestial Wall Art, Lunar Cycle, Instant Download","🎨 Moon Phases Print, Celestial Wall Art, Lunar Cycle, Instant Download — Printable wall art instant download. Multiple sizes included: 4x6, 8x10, 8x12, 16x20, A4, A3. Print at home or at any print shop. Makes a beautiful gallery wall addition! #printableart #wallart #instantdownload #homedecor #gallerywall #printablewalldecor #digitaldownload #walldecor #printables #homedecorideas #artprint #bohodecor",Printable Wall Art — Instant Download,https://i.etsystatic.com/65012858/r/il/c83b5b/8074762714/il_fullxfull.8074762714_4caf.jpg,https://www.etsy.com/listing/4509598660,wall_art,"Moon Phases Print, Celestial Wall Art, Lunar Cycle, Instant Download"
4509259354,"Minimalist Botanical Line Art Print, Boho Decor, Instant Download","🎨 Minimalist Botanical Line Art Print, Boho Decor, Instant Download — Printable wall art instant download. Multiple sizes included: 4x6, 8x10, 8x12, 16x20, A4, A3. Print at home or at any print shop. Makes a beautiful gallery wall addition! #printableart #wallart #instantdownload #homedecor #gallerywall #printablewalldecor #digitaldownload #walldecor #printables #homedecorideas #artprint #bohodecor",Printable Wall Art — Instant Download,https://i.etsystatic.com/65012858/r/il/8cf56a/8118634317/il_fullxfull.8118634317_fbzu.jpg,https://www.etsy.com/listing/4509259354,wall_art,"Minimalist Botanical Line Art Print, Boho Decor, Instant Download"
4509258700,"Watercolor Botanical Print, Soft Pastel Flower Art, Instant Download","🎨 Watercolor Botanical Print, Soft Pastel Flower Art, Instant Download — Printable wall art instant download. Multiple sizes included: 4x6, 8x10, 8x12, 16x20, A4, A3. Print at home or at any print shop. Makes a beautiful gallery wall addition! #printableart #wallart #instantdownload #homedecor #gallerywall #printablewalldecor #digitaldownload #walldecor #printables #homedecorideas #artprint #bohodecor",Printable Wall Art — Instant Download,https://i.etsystatic.com/65012858/r/il/1d0d31/8118419319/il_fullxfull.8118419319_182r.jpg,https://www.etsy.com/listing/4509258700,wall_art,"Watercolor Botanical Print, Soft Pastel Flower Art, Instant Download"
4509258172,"Checkerboard Floral Printable Wall Art, Instant Download, Bold","🎨 Checkerboard Floral Printable Wall Art, Instant Download, Bold — Printable wall art instant download. Multiple sizes included: 4x6, 8x10, 8x12, 16x20, A4, A3. Print at home or at any print shop. Makes a beautiful gallery wall addition! #printableart #wallart #instantdownload #homedecor #gallerywall #printablewalldecor #digitaldownload #walldecor #printables #homedecorideas #artprint #bohodecor",Printable Wall Art — Instant Download,https://i.etsystatic.com/65012858/r/il/d46530/8070713686/il_fullxfull.8070713686_p1xm.jpg,https://www.etsy.com/listing/4509258172,wall_art,"Checkerboard Floral Printable Wall Art, Instant Download, Bold"
4509215145,Day of the Dead Skull Print | Colorful Maximalist Wall Art,"🎨 Day of the Dead Skull Print | Colorful Maximalist Wall Art — Printable wall art instant download. Multiple sizes included: 4x6, 8x10, 8x12, 16x20, A4, A3. Print at home or at any print shop. Makes a beautiful gallery wall addition! #printableart #wallart #instantdownload #homedecor #gallerywall #printablewalldecor #digitaldownload #walldecor #printables #homedecorideas #artprint #bohodecor",Printable Wall Art — Instant Download,https://i.etsystatic.com/65012858/r/il/aa2197/8070714500/il_fullxfull.8070714500_96cz.jpg,https://www.etsy.com/listing/4509215145,wall_art,Day of the Dead Skull Print | Colorful Maximalist Wall Art
4509219904,"Muscle Car Printable Wall Art, Instant Download, Chevelle","🎨 Muscle Car Printable Wall Art, Instant Download, Chevelle — Printable wall art instant download. Multiple sizes included: 4x6, 8x10, 8x12, 16x20, A4, A3. Print at home or at any print shop. Makes a beautiful gallery wall addition! #printableart #wallart #instantdownload #homedecor #gallerywall #printablewalldecor #digitaldownload #walldecor #printables #homedecorideas #artprint #bohodecor",Printable Wall Art — Instant Download,https://i.etsystatic.com/65012858/r/il/68b3ed/8070715268/il_fullxfull.8070715268_6dbh.jpg,https://www.etsy.com/listing/4509219904,wall_art,"Muscle Car Printable Wall Art, Instant Download, Chevelle"
4509214803,"Astronaut Space Printable Wall Art, Instant Download, Galaxy","🎨 Astronaut Space Printable Wall Art, Instant Download, Galaxy — Printable wall art instant download. Multiple sizes included: 4x6, 8x10, 8x12, 16x20, A4, A3. Print at home or at any print shop. Makes a beautiful gallery wall addition! #printableart #wallart #instantdownload #homedecor #gallerywall #printablewalldecor #digitaldownload #walldecor #printables #homedecorideas #artprint #bohodecor",Printable Wall Art — Instant Download,https://i.etsystatic.com/65012858/r/il/d25a14/8070716154/il_fullxfull.8070716154_fg8w.jpg,https://www.etsy.com/listing/4509214803,wall_art,"Astronaut Space Printable Wall Art, Instant Download, Galaxy"
4509219594,"Full Moon Ocean Printable Wall Art, Instant Download, Moody","🎨 Full Moon Ocean Printable Wall Art, Instant Download, Moody — Printable wall art instant download. Multiple sizes included: 4x6, 8x10, 8x12, 16x20, A4, A3. Print at home or at any print shop. Makes a beautiful gallery wall addition! #printableart #wallart #instantdownload #homedecor #gallerywall #printablewalldecor #digitaldownload #walldecor #printables #homedecorideas #artprint #bohodecor",Printable Wall Art — Instant Download,https://i.etsystatic.com/65012858/r/il/ad8458/8070716838/il_fullxfull.8070716838_bbru.jpg,https://www.etsy.com/listing/4509219594,wall_art,"Full Moon Ocean Printable Wall Art, Instant Download, Moody"
4509214477,"Funny Dog Printable Wall Art, Instant Download, Golden Retriever","🎨 Funny Dog Printable Wall Art, Instant Download, Golden Retriever — Printable wall art instant download. Multiple sizes included: 4x6, 8x10, 8x12, 16x20, A4, A3. Print at home or at any print shop. Makes a beautiful gallery wall addition! #printableart #wallart #instantdownload #homedecor #gallerywall #printablewalldecor #digitaldownload #walldecor #printables #homedecorideas #artprint #bohodecor",Printable Wall Art — Instant Download,https://i.etsystatic.com/65012858/r/il/b306c6/8118639317/il_fullxfull.8118639317_ltt5.jpg,https://www.etsy.com/listing/4509214477,wall_art,"Funny Dog Printable Wall Art, Instant Download, Golden Retriever"
4509214237,"Poppy Field Printable Wall Art, Instant Download, Impressionist","🎨 Poppy Field Printable Wall Art, Instant Download, Impressionist — Printable wall art instant download. Multiple sizes included: 4x6, 8x10, 8x12, 16x20, A4, A3. Print at home or at any print shop. Makes a beautiful gallery wall addition! #printableart #wallart #instantdownload #homedecor #gallerywall #printablewalldecor #digitaldownload #walldecor #printables #homedecorideas #artprint #bohodecor",Printable Wall Art — Instant Download,https://i.etsystatic.com/65012858/r/il/2be1a0/8118640135/il_fullxfull.8118640135_3sup.jpg,https://www.etsy.com/listing/4509214237,wall_art,"Poppy Field Printable Wall Art, Instant Download, Impressionist"
4509214051,"Mountain Meadow Printable Wall Art, Instant Download, Landscape","🎨 Mountain Meadow Printable Wall Art, Instant Download, Landscape — Printable wall art instant download. Multiple sizes included: 4x6, 8x10, 8x12, 16x20, A4, A3. Print at home or at any print shop. Makes a beautiful gallery wall addition! #printableart #wallart #instantdownload #homedecor #gallerywall #printablewalldecor #digitaldownload #walldecor #printables #homedecorideas #artprint #bohodecor",Printable Wall Art — Instant Download,https://i.etsystatic.com/65012858/r/il/4227c7/8118640943/il_fullxfull.8118640943_gygt.jpg,https://www.etsy.com/listing/4509214051,wall_art,"Mountain Meadow Printable Wall Art, Instant Download, Landscape"
4509218860,"Japandi Tree Printable Wall Art, Instant Download, Zen","🎨 Japandi Tree Printable Wall Art, Instant Download, Zen — Printable wall art instant download. Multiple sizes included: 4x6, 8x10, 8x12, 16x20, A4, A3. Print at home or at any print shop. Makes a beautiful gallery wall addition! #printableart #wallart #instantdownload #homedecor #gallerywall #printablewalldecor #digitaldownload #walldecor #printables #homedecorideas #artprint #bohodecor",Printable Wall Art — Instant Download,https://i.etsystatic.com/65012858/r/il/afe0b0/8070720156/il_fullxfull.8070720156_y0ak.jpg,https://www.etsy.com/listing/4509218860,wall_art,"Japandi Tree Printable Wall Art, Instant Download, Zen"
4509213667,"White Roses Printable Wall Art, Instant Download, Romantic","🎨 White Roses Printable Wall Art, Instant Download, Romantic — Printable wall art instant download. Multiple sizes included: 4x6, 8x10, 8x12, 16x20, A4, A3. Print at home or at any print shop. Makes a beautiful gallery wall addition! #printableart #wallart #instantdownload #homedecor #gallerywall #printablewalldecor #digitaldownload #walldecor #printables #homedecorideas #artprint #bohodecor",Printable Wall Art — Instant Download,https://i.etsystatic.com/65012858/r/il/7ec526/8118642471/il_fullxfull.8118642471_epz7.jpg,https://www.etsy.com/listing/4509213667,wall_art,"White Roses Printable Wall Art, Instant Download, Romantic"
4509213533,"She Believed She Could, Empowerment Quote Wall Art, Instant Download","🎨 She Believed She Could, Empowerment Quote Wall Art, Instant Download — Printable wall art instant download. Multiple sizes included: 4x6, 8x10, 8x12, 16x20, A4, A3. Print at home or at any print shop. Makes a beautiful gallery wall addition! #printableart #wallart #instantdownload #homedecor #gallerywall #printablewalldecor #digitaldownload #walldecor #printables #homedecorideas #artprint #bohodecor",Printable Wall Art — Instant Download,https://i.etsystatic.com/65012858/r/il/e9d5ad/8118643185/il_fullxfull.8118643185_oji9.jpg,https://www.etsy.com/listing/4509213533,wall_art,"She Believed She Could, Empowerment Quote Wall Art, Instant Download"
4509213345,"Good Things Take Time Printable Art, Instant Download, Quote","🎨 Good Things Take Time Printable Art, Instant Download, Quote — Printable wall art instant download. Multiple sizes included: 4x6, 8x10, 8x12, 16x20, A4, A3. Print at home or at any print shop. Makes a beautiful gallery wall addition! #printableart #wallart #instantdownload #homedecor #gallerywall #printablewalldecor #digitaldownload #walldecor #printables #homedecorideas #artprint #bohodecor",Printable Wall Art — Instant Download,https://i.etsystatic.com/65012858/r/il/6df261/8070722744/il_fullxfull.8070722744_dc5s.jpg,https://www.etsy.com/listing/4509213345,wall_art,"Good Things Take Time Printable Art, Instant Download, Quote"
4509218152,"Mediterranean Window Printable Art, Instant Download, Amalfi","🎨 Mediterranean Window Printable Art, Instant Download, Amalfi — Printable wall art instant download. Multiple sizes included: 4x6, 8x10, 8x12, 16x20, A4, A3. Print at home or at any print shop. Makes a beautiful gallery wall addition! #printableart #wallart #instantdownload #homedecor #gallerywall #printablewalldecor #digitaldownload #walldecor #printables #homedecorideas #artprint #bohodecor",Printable Wall Art — Instant Download,https://i.etsystatic.com/65012858/r/il/60b7db/8070723558/il_fullxfull.8070723558_2cl9.jpg,https://www.etsy.com/listing/4509218152,wall_art,"Mediterranean Window Printable Art, Instant Download, Amalfi"
4509193237,"Pampas Grass Printable Wall Art, Boho, Instant Download","🎨 Pampas Grass Printable Wall Art, Boho, Instant Download — Printable wall art instant download. Multiple sizes included: 4x6, 8x10, 8x12, 16x20, A4, A3. Print at home or at any print shop. Makes a beautiful gallery wall addition! #printableart #wallart #instantdownload #homedecor #gallerywall #printablewalldecor #digitaldownload #walldecor #printables #homedecorideas #artprint #bohodecor",Printable Wall Art — Instant Download,https://i.etsystatic.com/65012858/r/il/7b6630/8070682134/il_fullxfull.8070682134_d2fb.jpg,https://www.etsy.com/listing/4509193237,wall_art,"Pampas Grass Printable Wall Art, Boho, Instant Download"
4509193231,"Sage Lavender Botanical Print, Dusty Rose Wall Art, Instant Download","🖼️ Sage Lavender Botanical Print, Dusty Rose Wall Art, Instant Download — Premium art print shipped directly to your door. Printed on high-quality paper with vibrant colors. Ready to frame — perfect for gallery walls and home decor! #wallart #kawaiiart #artprint #homedecor #gallerywall #kawaii #walldecor #printedart #homedecorideas #artprints",Printable Wall Art — Instant Download,https://i.etsystatic.com/65012858/r/il/d33e0d/8070682020/il_fullxfull.8070682020_c0rc.jpg,https://www.etsy.com/listing/4509193231,physical_print,"Sage Lavender Botanical Print, Dusty Rose Wall Art, Instant Download"
4509198434,"Boho Wildflower Printable Wall Art, Instant Download, Sage","🎨 Boho Wildflower Printable Wall Art, Instant Download, Sage — Printable wall art instant download. Multiple sizes included: 4x6, 8x10, 8x12, 16x20, A4, A3. Print at home or at any print shop. Makes a beautiful gallery wall addition! #printableart #wallart #instantdownload #homedecor #gallerywall #printablewalldecor #digitaldownload #walldecor #printables #homedecorideas #artprint #bohodecor",Printable Wall Art — Instant Download,https://i.etsystatic.com/65012858/r/il/7b9da6/8070681724/il_fullxfull.8070681724_3tef.jpg,https://www.etsy.com/listing/4509198434,wall_art,"Boho Wildflower Printable Wall Art, Instant Download, Sage"
4509198446,"Eucalyptus Branch Printable Wall Art, Instant Download, Botanical","🎨 Eucalyptus Branch Printable Wall Art, Instant Download, Botanical — Printable wall art instant download. Multiple sizes included: 4x6, 8x10, 8x12, 16x20, A4, A3. Print at home or at any print shop. Makes a beautiful gallery wall addition! #printableart #wallart #instantdownload #homedecor #gallerywall #printablewalldecor #digitaldownload #walldecor #printables #homedecorideas #artprint #bohodecor",Printable Wall Art — Instant Download,https://i.etsystatic.com/65012858/r/il/7df0a3/8118602693/il_fullxfull.8118602693_6bsa.jpg,https://www.etsy.com/listing/4509198446,wall_art,"Eucalyptus Branch Printable Wall Art, Instant Download, Botanical"
4509184968,Digital Fitness Planner 2026 Undated | GoodNotes | Instant Download,"🌸 Digital Fitness Planner 2026 Undated | GoodNotes | Instant Download — Fillable PDF digital planner for GoodNotes 6 and Notability. Includes dated 2026 version + undated evergreen version + 200+ kawaii stickers. Works on iPad, iPhone, and Mac. Instant download from Etsy. Perfect for planner lovers who want a cute, organized life!
#digitalplanner #goodnotes #notabilityapp #ipadplanner #kawaiiplanner #digitaldownload #planneraddict #plannerlife #goodnotes6 #digitalplanning #kawaii #instantdown...",Digital Planners 2026 — Kawaii GoodNotes,https://i.etsystatic.com/65012858/r/il/a06cac/8072806220/il_fullxfull.8072806220_d47r.jpg,https://www.etsy.com/listing/4509184968,digital_planner,Digital Fitness Planner 2026 Undated | GoodNotes | Instant Download
4509184962,Digital Budget Planner 2026 Undated | GoodNotes | Instant Download,"🌸 Digital Budget Planner 2026 Undated | GoodNotes | Instant Download — Fillable PDF digital planner for GoodNotes 6 and Notability. Includes dated 2026 version + undated evergreen version + 200+ kawaii stickers. Works on iPad, iPhone, and Mac. Instant download from Etsy. Perfect for planner lovers who want a cute, organized life!
#digitalplanner #goodnotes #notabilityapp #ipadplanner #kawaiiplanner #digitaldownload #planneraddict #plannerlife #goodnotes6 #digitalplanning #kawaii #instantdownl...",Digital Planners 2026 — Kawaii GoodNotes,https://i.etsystatic.com/65012858/r/il/0c82de/8072804960/il_fullxfull.8072804960_a3zf.jpg,https://www.etsy.com/listing/4509184962,digital_planner,Digital Budget Planner 2026 Undated | GoodNotes | Instant Download
4509184958,Kawaii Student Planner 2026 | GoodNotes iPad | Instant Download,"🌸 Kawaii Student Planner 2026 | GoodNotes iPad | Instant Download — Fillable PDF digital planner for GoodNotes 6 and Notability. Includes dated 2026 version + undated evergreen version + 200+ kawaii stickers. Works on iPad, iPhone, and Mac. Instant download from Etsy. Perfect for planner lovers who want a cute, organized life!
#digitalplanner #goodnotes #notabilityapp #ipadplanner #kawaiiplanner #digitaldownload #planneraddict #plannerlife #goodnotes6 #digitalplanning #kawaii #instantdownload...",Digital Planners 2026 — Kawaii GoodNotes,https://i.etsystatic.com/65012858/r/il/38d5ae/8072803148/il_fullxfull.8072803148_kktx.jpg,https://www.etsy.com/listing/4509184958,digital_planner,Kawaii Student Planner 2026 | GoodNotes iPad | Instant Download
4509179201,Digital Planner 2026 Undated | GoodNotes iPad | Instant Download,"🌸 Digital Planner 2026 Undated | GoodNotes iPad | Instant Download — Fillable PDF digital planner for GoodNotes 6 and Notability. Includes dated 2026 version + undated evergreen version + 200+ kawaii stickers. Works on iPad, iPhone, and Mac. Instant download from Etsy. Perfect for planner lovers who want a cute, organized life!
#digitalplanner #goodnotes #notabilityapp #ipadplanner #kawaiiplanner #digitaldownload #planneraddict #plannerlife #goodnotes6 #digitalplanning #kawaii #instantdownloa...",Digital Planners 2026 — Kawaii GoodNotes,https://i.etsystatic.com/65012858/r/il/d2132b/8072802034/il_fullxfull.8072802034_rgzp.jpg,https://www.etsy.com/listing/4509179201,digital_planner,Digital Planner 2026 Undated | GoodNotes iPad | Instant Download
4507783049,"Minimalist Pen Holder, 3D Printed Desk Organizer, Modern Office Gift","🎨 Minimalist Pen Holder, 3D Printed Desk Organizer, Modern Office Gift — Printable wall art instant download. Multiple sizes included: 4x6, 8x10, 8x12, 16x20, A4, A3. Print at home or at any print shop. Makes a beautiful gallery wall addition! #printableart #wallart #instantdownload #homedecor #gallerywall #printablewalldecor #digitaldownload #walldecor #printables #homedecorideas #artprint #bohodecor",Printable Wall Art — Instant Download,https://i.etsystatic.com/65012858/r/il/af6128/8084856589/il_fullxfull.8084856589_658a.jpg,https://www.etsy.com/listing/4507783049,wall_art,"Minimalist Pen Holder, 3D Printed Desk Organizer, Modern Office Gift"
4506562262,"Standard Can Koozie, 3D Printed Beer Can Holder, Custom Color Gift","🎨 Standard Can Koozie, 3D Printed Beer Can Holder, Custom Color Gift — Printable wall art instant download. Multiple sizes included: 4x6, 8x10, 8x12, 16x20, A4, A3. Print at home or at any print shop. Makes a beautiful gallery wall addition! #printableart #wallart #instantdownload #homedecor #gallerywall #printablewalldecor #digitaldownload #walldecor #printables #homedecorideas #artprint #bohodecor",Printable Wall Art — Instant Download,https://i.etsystatic.com/65012858/r/il/357e54/8029055212/il_fullxfull.8029055212_8d1r.jpg,https://www.etsy.com/listing/4506562262,wall_art,"Standard Can Koozie, 3D Printed Beer Can Holder, Custom Color Gift"
4506559866,"Ribbed Planter Pot, 3D Printed Modern Indoor Plant Pot, Boho Decor","🎨 Ribbed Planter Pot, 3D Printed Modern Indoor Plant Pot, Boho Decor — Printable wall art instant download. Multiple sizes included: 4x6, 8x10, 8x12, 16x20, A4, A3. Print at home or at any print shop. Makes a beautiful gallery wall addition! #printableart #wallart #instantdownload #homedecor #gallerywall #printablewalldecor #digitaldownload #walldecor #printables #homedecorideas #artprint #bohodecor",Printable Wall Art — Instant Download,https://i.etsystatic.com/65012858/r/il/394550/8076950393/il_fullxfull.8076950393_7l0y.jpg,https://www.etsy.com/listing/4506559866,wall_art,"Ribbed Planter Pot, 3D Printed Modern Indoor Plant Pot, Boho Decor"
4506557906,"Ribbed Tea Light Holder, 3D Printed Boho Candle Holder, Set of 2","🎨 Ribbed Tea Light Holder, 3D Printed Boho Candle Holder, Set of 2 — Printable wall art instant download. Multiple sizes included: 4x6, 8x10, 8x12, 16x20, A4, A3. Print at home or at any print shop. Makes a beautiful gallery wall addition! #printableart #wallart #instantdownload #homedecor #gallerywall #printablewalldecor #digitaldownload #walldecor #printables #homedecorideas #artprint #bohodecor",Printable Wall Art — Instant Download,https://i.etsystatic.com/65012858/r/il/75de10/8076936979/il_fullxfull.8076936979_p3q7.jpg,https://www.etsy.com/listing/4506557906,wall_art,"Ribbed Tea Light Holder, 3D Printed Boho Candle Holder, Set of 2"
4497769840,"Puffer Jacket Can Koozie, 3D Printed Beer Can Holder, Slim Can Gift","🎨 Puffer Jacket Can Koozie, 3D Printed Beer Can Holder, Slim Can Gift — Printable wall art instant download. Multiple sizes included: 4x6, 8x10, 8x12, 16x20, A4, A3. Print at home or at any print shop. Makes a beautiful gallery wall addition! #printableart #wallart #instantdownload #homedecor #gallerywall #printablewalldecor #digitaldownload #walldecor #printables #homedecorideas #artprint #bohodecor",Printable Wall Art — Instant Download,https://i.etsystatic.com/65012858/r/il/c93236/7990482380/il_fullxfull.7990482380_cxry.jpg,https://www.etsy.com/listing/4497769840,wall_art,"Puffer Jacket Can Koozie, 3D Printed Beer Can Holder, Slim Can Gift"
4497392795,"Geometric Glow Lamp, 3D Printed Table Lamp, Modern Home Decor Gift","🎨 Geometric Glow Lamp, 3D Printed Table Lamp, Modern Home Decor Gift — Printable wall art instant download. Multiple sizes included: 4x6, 8x10, 8x12, 16x20, A4, A3. Print at home or at any print shop. Makes a beautiful gallery wall addition! #printableart #wallart #instantdownload #homedecor #gallerywall #printablewalldecor #digitaldownload #walldecor #printables #homedecorideas #artprint #bohodecor",Printable Wall Art — Instant Download,https://i.etsystatic.com/65012858/r/il/55b309/8018044837/il_fullxfull.8018044837_dkc8.jpg,https://www.etsy.com/listing/4497392795,wall_art,"Geometric Glow Lamp, 3D Printed Table Lamp, Modern Home Decor Gift"
4497385915,"Boho Arch Centerpiece, 3D Printed Table Decor Set, Housewarming Gift","🎨 Boho Arch Centerpiece, 3D Printed Table Decor Set, Housewarming Gift — Printable wall art instant download. Multiple sizes included: 4x6, 8x10, 8x12, 16x20, A4, A3. Print at home or at any print shop. Makes a beautiful gallery wall addition! #printableart #wallart #instantdownload #homedecor #gallerywall #printablewalldecor #digitaldownload #walldecor #printables #homedecorideas #artprint #bohodecor",Printable Wall Art — Instant Download,https://i.etsystatic.com/65012858/r/il/46b208/7970077444/il_fullxfull.7970077444_14cr.jpg,https://www.etsy.com/listing/4497385915,wall_art,"Boho Arch Centerpiece, 3D Printed Table Decor Set, Housewarming Gift"
4492610660,"Textured Tea Light Holders, 3D Printed Candle Holder Set of 3, Gift","🎨 Textured Tea Light Holders, 3D Printed Candle Holder Set of 3, Gift — Printable wall art instant download. Multiple sizes included: 4x6, 8x10, 8x12, 16x20, A4, A3. Print at home or at any print shop. Makes a beautiful gallery wall addition! #printableart #wallart #instantdownload #homedecor #gallerywall #printablewalldecor #digitaldownload #walldecor #printables #homedecorideas #artprint #bohodecor",Printable Wall Art — Instant Download,https://i.etsystatic.com/65012858/r/il/772c5c/8079218334/il_fullxfull.8079218334_rq9v.jpg,https://www.etsy.com/listing/4492610660,wall_art,"Textured Tea Light Holders, 3D Printed Candle Holder Set of 3, Gift"
4490472707,"Sculptural Mesh Lamp, 3D Printed Geometric Table Lamp, Home Decor","🎨 Sculptural Mesh Lamp, 3D Printed Geometric Table Lamp, Home Decor — Printable wall art instant download. Multiple sizes included: 4x6, 8x10, 8x12, 16x20, A4, A3. Print at home or at any print shop. Makes a beautiful gallery wall addition! #printableart #wallart #instantdownload #homedecor #gallerywall #printablewalldecor #digitaldownload #walldecor #printables #homedecorideas #artprint #bohodecor",Printable Wall Art — Instant Download,https://i.etsystatic.com/65012858/r/il/bd8ddd/8018035469/il_fullxfull.8018035469_dke9.jpg,https://www.etsy.com/listing/4490472707,wall_art,"Sculptural Mesh Lamp, 3D Printed Geometric Table Lamp, Home Decor"
4488666558,"Coffee Bar Sign, 3D Printed Cat Kitchen Decor, Housewarming Gift","🎨 Coffee Bar Sign, 3D Printed Cat Kitchen Decor, Housewarming Gift — Printable wall art instant download. Multiple sizes included: 4x6, 8x10, 8x12, 16x20, A4, A3. Print at home or at any print shop. Makes a beautiful gallery wall addition! #printableart #wallart #instantdownload #homedecor #gallerywall #printablewalldecor #digitaldownload #walldecor #printables #homedecorideas #artprint #bohodecor",Printable Wall Art — Instant Download,https://i.etsystatic.com/65012858/r/il/99a166/7964667335/il_fullxfull.7964667335_6qad.jpg,https://www.etsy.com/listing/4488666558,wall_art,"Coffee Bar Sign, 3D Printed Cat Kitchen Decor, Housewarming Gift"
4488532602,"Ribbed Vase for Dried Flowers, 3D Printed Boho Decor, Matte Black","🎨 Ribbed Vase for Dried Flowers, 3D Printed Boho Decor, Matte Black — Printable wall art instant download. Multiple sizes included: 4x6, 8x10, 8x12, 16x20, A4, A3. Print at home or at any print shop. Makes a beautiful gallery wall addition! #printableart #wallart #instantdownload #homedecor #gallerywall #printablewalldecor #digitaldownload #walldecor #printables #homedecorideas #artprint #bohodecor",Printable Wall Art — Instant Download,https://i.etsystatic.com/65012858/r/il/40ed42/7964669753/il_fullxfull.7964669753_ky4b.jpg,https://www.etsy.com/listing/4488532602,wall_art,"Ribbed Vase for Dried Flowers, 3D Printed Boho Decor, Matte Black"
4488477854,"Crystal Glow Lamp, 3D Printed Faceted RGB Table Lamp, Unique Gift","🎨 Crystal Glow Lamp, 3D Printed Faceted RGB Table Lamp, Unique Gift — Printable wall art instant download. Multiple sizes included: 4x6, 8x10, 8x12, 16x20, A4, A3. Print at home or at any print shop. Makes a beautiful gallery wall addition! #printableart #wallart #instantdownload #homedecor #gallerywall #printablewalldecor #digitaldownload #walldecor #printables #homedecorideas #artprint #bohodecor",Printable Wall Art — Instant Download,https://i.etsystatic.com/65012858/r/il/192c68/7916721412/il_fullxfull.7916721412_pvgk.jpg,https://www.etsy.com/listing/4488477854,wall_art,"Crystal Glow Lamp, 3D Printed Faceted RGB Table Lamp, Unique Gift"
