solid OpenSCAD_Model
  facet normal 0 1 0
    outer loop
      vertex -17.2853 -27.38 53.4913
      vertex -18.641 -27.38 55.3839
      vertex -17.3529 -27.38 55.4289
    endloop
  endfacet
  facet normal 0 1 0
    outer loop
      vertex -17.2853 -27.38 53.4913
      vertex -18.5677 -27.38 53.2853
      vertex -18.641 -27.38 55.3839
    endloop
  endfacet
  facet normal 0 1 -0
    outer loop
      vertex -17.2857 -27.38 53.2792
      vertex -18.5677 -27.38 53.2853
      vertex -17.2853 -27.38 53.4913
    endloop
  endfacet
  facet normal 0 1 0
    outer loop
      vertex -17.2857 -27.38 53.2792
      vertex -18.5664 -27.38 53.1782
      vertex -18.5677 -27.38 53.2853
    endloop
  endfacet
  facet normal 0 1 -0
    outer loop
      vertex -17.3021 -27.38 53.0787
      vertex -18.5664 -27.38 53.1782
      vertex -17.2857 -27.38 53.2792
    endloop
  endfacet
  facet normal 0 1 0
    outer loop
      vertex -18.5664 -27.38 53.1782
      vertex -17.3021 -27.38 53.0787
      vertex -18.5704 -27.38 53.079
    endloop
  endfacet
  facet normal 0 1 -0
    outer loop
      vertex -17.3346 -27.38 52.8898
      vertex -18.5704 -27.38 53.079
      vertex -17.3021 -27.38 53.0787
    endloop
  endfacet
  facet normal 0 1 0
    outer loop
      vertex -18.5704 -27.38 53.079
      vertex -17.3346 -27.38 52.8898
      vertex -18.5796 -27.38 52.9878
    endloop
  endfacet
  facet normal 0 1 -0
    outer loop
      vertex -17.3831 -27.38 52.7125
      vertex -18.5796 -27.38 52.9878
      vertex -17.3346 -27.38 52.8898
    endloop
  endfacet
  facet normal 0 1 -0
    outer loop
      vertex -17.4477 -27.38 52.5468
      vertex -18.5796 -27.38 52.9878
      vertex -17.3831 -27.38 52.7125
    endloop
  endfacet
  facet normal 0 1 0
    outer loop
      vertex -18.5796 -27.38 52.9878
      vertex -17.4477 -27.38 52.5468
      vertex -18.594 -27.38 52.9044
    endloop
  endfacet
  facet normal 0 1 -0
    outer loop
      vertex -17.5283 -27.38 52.3927
      vertex -18.594 -27.38 52.9044
      vertex -17.4477 -27.38 52.5468
    endloop
  endfacet
  facet normal 0 1 0
    outer loop
      vertex -18.594 -27.38 52.9044
      vertex -17.5283 -27.38 52.3927
      vertex -18.6136 -27.38 52.8288
    endloop
  endfacet
  facet normal 0 1 -0
    outer loop
      vertex -17.6249 -27.38 52.2502
      vertex -18.6136 -27.38 52.8288
      vertex -17.5283 -27.38 52.3927
    endloop
  endfacet
  facet normal 0 1 0
    outer loop
      vertex -18.6136 -27.38 52.8288
      vertex -17.6249 -27.38 52.2502
      vertex -18.6385 -27.38 52.7612
    endloop
  endfacet
  facet normal 0 1 -0
    outer loop
      vertex -17.7376 -27.38 52.1192
      vertex -18.6385 -27.38 52.7612
      vertex -17.6249 -27.38 52.2502
    endloop
  endfacet
  facet normal 0 1 0
    outer loop
      vertex -18.6385 -27.38 52.7612
      vertex -17.7376 -27.38 52.1192
      vertex -18.6686 -27.38 52.7015
    endloop
  endfacet
  facet normal 0 1 -0
    outer loop
      vertex -17.8647 -27.38 52.0015
      vertex -18.6686 -27.38 52.7015
      vertex -17.7376 -27.38 52.1192
    endloop
  endfacet
  facet normal 0 1 0
    outer loop
      vertex -18.6686 -27.38 52.7015
      vertex -17.8647 -27.38 52.0015
      vertex -18.7039 -27.38 52.6497
    endloop
  endfacet
  facet normal 0 1 -0
    outer loop
      vertex -18.0047 -27.38 51.8983
      vertex -18.7039 -27.38 52.6497
      vertex -17.8647 -27.38 52.0015
    endloop
  endfacet
  facet normal 0 1 -0
    outer loop
      vertex -18.1575 -27.38 51.8099
      vertex -18.7039 -27.38 52.6497
      vertex -18.0047 -27.38 51.8983
    endloop
  endfacet
  facet normal 0 1 0
    outer loop
      vertex -18.7039 -27.38 52.6497
      vertex -18.1575 -27.38 51.8099
      vertex -18.7438 -27.38 52.6046
    endloop
  endfacet
  facet normal 0 1 0
    outer loop
      vertex -18.7438 -27.38 52.6046
      vertex -18.1575 -27.38 51.8099
      vertex -18.7876 -27.38 52.5653
    endloop
  endfacet
  facet normal 0 1 -0
    outer loop
      vertex -18.3232 -27.38 51.7361
      vertex -18.7876 -27.38 52.5653
      vertex -18.1575 -27.38 51.8099
    endloop
  endfacet
  facet normal 0 1 0
    outer loop
      vertex -18.7876 -27.38 52.5653
      vertex -18.3232 -27.38 51.7361
      vertex -18.8354 -27.38 52.5316
    endloop
  endfacet
  facet normal 0 1 0
    outer loop
      vertex -19.3318 -27.38 51.5875
      vertex -19.1332 -27.38 52.4485
      vertex -19.1143 -27.38 51.5876
    endloop
  endfacet
  facet normal 0 1 -0
    outer loop
      vertex -18.5017 -27.38 51.677
      vertex -18.8354 -27.38 52.5316
      vertex -18.3232 -27.38 51.7361
    endloop
  endfacet
  facet normal -0 1 0
    outer loop
      vertex -19.5376 -27.38 51.603
      vertex -19.1332 -27.38 52.4485
      vertex -19.3318 -27.38 51.5875
    endloop
  endfacet
  facet normal 0 1 0
    outer loop
      vertex -18.8354 -27.38 52.5316
      vertex -18.5017 -27.38 51.677
      vertex -18.8871 -27.38 52.5036
    endloop
  endfacet
  facet normal -0 1 0
    outer loop
      vertex -19.7316 -27.38 51.634
      vertex -19.1332 -27.38 52.4485
      vertex -19.5376 -27.38 51.603
    endloop
  endfacet
  facet normal 0 1 -0
    outer loop
      vertex -18.693 -27.38 51.6325
      vertex -18.8871 -27.38 52.5036
      vertex -18.5017 -27.38 51.677
    endloop
  endfacet
  facet normal -0 1 0
    outer loop
      vertex -19.9138 -27.38 51.6806
      vertex -19.1332 -27.38 52.4485
      vertex -19.7316 -27.38 51.634
    endloop
  endfacet
  facet normal 0 1 0
    outer loop
      vertex -18.8871 -27.38 52.5036
      vertex -18.693 -27.38 51.6325
      vertex -18.9427 -27.38 52.4813
    endloop
  endfacet
  facet normal -0 1 0
    outer loop
      vertex -20.0842 -27.38 51.7426
      vertex -19.1332 -27.38 52.4485
      vertex -19.9138 -27.38 51.6806
    endloop
  endfacet
  facet normal 0 1 0
    outer loop
      vertex -18.9427 -27.38 52.4813
      vertex -18.693 -27.38 51.6325
      vertex -19.0023 -27.38 52.4647
    endloop
  endfacet
  facet normal 0 1 0
    outer loop
      vertex -19.1332 -27.38 52.4485
      vertex -20.7525 -27.38 52.2801
      vertex -20.8437 -27.38 52.4282
    endloop
  endfacet
  facet normal 0 1 -0
    outer loop
      vertex -18.8972 -27.38 51.6027
      vertex -19.0023 -27.38 52.4647
      vertex -18.693 -27.38 51.6325
    endloop
  endfacet
  facet normal 0 1 0
    outer loop
      vertex -19.0658 -27.38 52.4537
      vertex -19.1143 -27.38 51.5876
      vertex -19.1332 -27.38 52.4485
    endloop
  endfacet
  facet normal 0 1 0
    outer loop
      vertex -19.0023 -27.38 52.4647
      vertex -18.8972 -27.38 51.6027
      vertex -19.0658 -27.38 52.4537
    endloop
  endfacet
  facet normal 0 1 0
    outer loop
      vertex -19.1332 -27.38 52.4485
      vertex -20.6462 -27.38 52.1447
      vertex -20.7525 -27.38 52.2801
    endloop
  endfacet
  facet normal 0 1 0
    outer loop
      vertex -19.1143 -27.38 51.5876
      vertex -19.0658 -27.38 52.4537
      vertex -18.8972 -27.38 51.6027
    endloop
  endfacet
  facet normal 0 1 0
    outer loop
      vertex -19.1332 -27.38 52.4485
      vertex -20.5246 -27.38 52.0219
      vertex -20.6462 -27.38 52.1447
    endloop
  endfacet
  facet normal 0 1 0
    outer loop
      vertex -19.1332 -27.38 52.4485
      vertex -20.3896 -27.38 51.9133
      vertex -20.5246 -27.38 52.0219
    endloop
  endfacet
  facet normal 0 1 0
    outer loop
      vertex -19.1332 -27.38 52.4485
      vertex -20.2428 -27.38 51.8202
      vertex -20.3896 -27.38 51.9133
    endloop
  endfacet
  facet normal 0 1 0
    outer loop
      vertex -19.1332 -27.38 52.4485
      vertex -20.0842 -27.38 51.7426
      vertex -20.2428 -27.38 51.8202
    endloop
  endfacet
  facet normal 0 1 0
    outer loop
      vertex -19.829 -27.38 55.3424
      vertex -21.0716 -27.38 53.3591
      vertex -21.1393 -27.38 55.2967
    endloop
  endfacet
  facet normal 0 1 0
    outer loop
      vertex -19.7557 -27.38 53.2438
      vertex -21.0716 -27.38 53.3591
      vertex -19.829 -27.38 55.3424
    endloop
  endfacet
  facet normal 0 1 0
    outer loop
      vertex -19.7557 -27.38 53.2438
      vertex -21.0564 -27.38 53.1476
      vertex -21.0716 -27.38 53.3591
    endloop
  endfacet
  facet normal 0 1 0
    outer loop
      vertex -19.7495 -27.38 53.1369
      vertex -21.0564 -27.38 53.1476
      vertex -19.7557 -27.38 53.2438
    endloop
  endfacet
  facet normal 0 1 0
    outer loop
      vertex -21.026 -27.38 52.9487
      vertex -19.7495 -27.38 53.1369
      vertex -19.7385 -27.38 53.0383
    endloop
  endfacet
  facet normal 0 1 0
    outer loop
      vertex -19.7495 -27.38 53.1369
      vertex -21.026 -27.38 52.9487
      vertex -21.0564 -27.38 53.1476
    endloop
  endfacet
  facet normal 0 1 0
    outer loop
      vertex -20.9804 -27.38 52.7625
      vertex -19.7385 -27.38 53.0383
      vertex -19.7227 -27.38 52.9478
    endloop
  endfacet
  facet normal 0 1 0
    outer loop
      vertex -20.8437 -27.38 52.4282
      vertex -19.7227 -27.38 52.9478
      vertex -19.7022 -27.38 52.8657
    endloop
  endfacet
  facet normal 0 1 0
    outer loop
      vertex -20.8437 -27.38 52.4282
      vertex -19.7022 -27.38 52.8657
      vertex -19.677 -27.38 52.7917
    endloop
  endfacet
  facet normal 0 1 0
    outer loop
      vertex -19.7385 -27.38 53.0383
      vertex -20.9804 -27.38 52.7625
      vertex -21.026 -27.38 52.9487
    endloop
  endfacet
  facet normal 0 1 0
    outer loop
      vertex -20.8437 -27.38 52.4282
      vertex -19.677 -27.38 52.7917
      vertex -19.647 -27.38 52.726
    endloop
  endfacet
  facet normal 0 1 0
    outer loop
      vertex -20.8437 -27.38 52.4282
      vertex -19.647 -27.38 52.726
      vertex -19.6123 -27.38 52.6686
    endloop
  endfacet
  facet normal 0 1 0
    outer loop
      vertex -20.8437 -27.38 52.4282
      vertex -19.6123 -27.38 52.6686
      vertex -19.5728 -27.38 52.6193
    endloop
  endfacet
  facet normal 0 1 0
    outer loop
      vertex -19.7227 -27.38 52.9478
      vertex -20.9196 -27.38 52.589
      vertex -20.9804 -27.38 52.7625
    endloop
  endfacet
  facet normal 0 1 0
    outer loop
      vertex -20.8437 -27.38 52.4282
      vertex -19.5728 -27.38 52.6193
      vertex -19.5292 -27.38 52.5772
    endloop
  endfacet
  facet normal 0 1 0
    outer loop
      vertex -20.8437 -27.38 52.4282
      vertex -19.5292 -27.38 52.5772
      vertex -19.4825 -27.38 52.541
    endloop
  endfacet
  facet normal 0 1 0
    outer loop
      vertex -20.8437 -27.38 52.4282
      vertex -19.4825 -27.38 52.541
      vertex -19.4324 -27.38 52.5108
    endloop
  endfacet
  facet normal 0 1 0
    outer loop
      vertex -20.8437 -27.38 52.4282
      vertex -19.4324 -27.38 52.5108
      vertex -19.3791 -27.38 52.4864
    endloop
  endfacet
  facet normal 0 1 0
    outer loop
      vertex -20.8437 -27.38 52.4282
      vertex -19.3791 -27.38 52.4864
      vertex -19.3225 -27.38 52.4681
    endloop
  endfacet
  facet normal 0 1 0
    outer loop
      vertex -20.8437 -27.38 52.4282
      vertex -19.3225 -27.38 52.4681
      vertex -19.2627 -27.38 52.4556
    endloop
  endfacet
  facet normal 0 1 0
    outer loop
      vertex -20.8437 -27.38 52.4282
      vertex -19.2627 -27.38 52.4556
      vertex -19.1996 -27.38 52.4491
    endloop
  endfacet
  facet normal 0 1 0
    outer loop
      vertex -19.7227 -27.38 52.9478
      vertex -20.8437 -27.38 52.4282
      vertex -20.9196 -27.38 52.589
    endloop
  endfacet
  facet normal 0 1 0
    outer loop
      vertex -20.8437 -27.38 52.4282
      vertex -19.1996 -27.38 52.4491
      vertex -19.1332 -27.38 52.4485
    endloop
  endfacet
  facet normal 0 1 0
    outer loop
      vertex -9.90366 -27.38 55.6853
      vertex -9.95588 -27.38 54.8579
      vertex -10.0222 -27.38 54.8606
    endloop
  endfacet
  facet normal 0 1 0
    outer loop
      vertex -8.27624 -27.38 55.0442
      vertex -9.89162 -27.38 54.8519
      vertex -9.95588 -27.38 54.8579
    endloop
  endfacet
  facet normal 0 1 0
    outer loop
      vertex -9.18858 -27.38 54.3069
      vertex -8.19324 -27.38 54.948
      vertex -8.11678 -27.38 54.8454
    endloop
  endfacet
  facet normal 0 1 0
    outer loop
      vertex -8.27624 -27.38 55.0442
      vertex -9.82941 -27.38 54.8425
      vertex -9.89162 -27.38 54.8519
    endloop
  endfacet
  facet normal 0 1 0
    outer loop
      vertex -8.27624 -27.38 55.0442
      vertex -9.76926 -27.38 54.8298
      vertex -9.82941 -27.38 54.8425
    endloop
  endfacet
  facet normal 0 1 0
    outer loop
      vertex -8.27624 -27.38 55.0442
      vertex -9.71115 -27.38 54.8137
      vertex -9.76926 -27.38 54.8298
    endloop
  endfacet
  facet normal 0 1 0
    outer loop
      vertex -8.27624 -27.38 55.0442
      vertex -9.6551 -27.38 54.7942
      vertex -9.71115 -27.38 54.8137
    endloop
  endfacet
  facet normal 0 1 0
    outer loop
      vertex -8.27624 -27.38 55.0442
      vertex -9.60111 -27.38 54.7713
      vertex -9.6551 -27.38 54.7942
    endloop
  endfacet
  facet normal 0 1 0
    outer loop
      vertex -8.27624 -27.38 55.0442
      vertex -9.54952 -27.38 54.7452
      vertex -9.60111 -27.38 54.7713
    endloop
  endfacet
  facet normal 0 1 0
    outer loop
      vertex -9.18858 -27.38 54.3069
      vertex -8.11678 -27.38 54.8454
      vertex -8.04786 -27.38 54.7367
    endloop
  endfacet
  facet normal 0 1 0
    outer loop
      vertex -8.27624 -27.38 55.0442
      vertex -9.50068 -27.38 54.7158
      vertex -9.54952 -27.38 54.7452
    endloop
  endfacet
  facet normal 0 1 0
    outer loop
      vertex -8.27624 -27.38 55.0442
      vertex -9.45459 -27.38 54.6832
      vertex -9.50068 -27.38 54.7158
    endloop
  endfacet
  facet normal 0 1 0
    outer loop
      vertex -8.27624 -27.38 55.0442
      vertex -9.41126 -27.38 54.6473
      vertex -9.45459 -27.38 54.6832
    endloop
  endfacet
  facet normal 0 1 0
    outer loop
      vertex -9.17003 -27.38 54.2458
      vertex -8.04786 -27.38 54.7367
      vertex -7.9874 -27.38 54.6223
    endloop
  endfacet
  facet normal 0 1 0
    outer loop
      vertex -8.27624 -27.38 55.0442
      vertex -9.37069 -27.38 54.6083
      vertex -9.41126 -27.38 54.6473
    endloop
  endfacet
  facet normal 0 1 0
    outer loop
      vertex -8.27624 -27.38 55.0442
      vertex -9.33287 -27.38 54.566
      vertex -9.37069 -27.38 54.6083
    endloop
  endfacet
  facet normal 0 1 0
    outer loop
      vertex -8.27624 -27.38 55.0442
      vertex -9.2978 -27.38 54.5205
      vertex -9.33287 -27.38 54.566
    endloop
  endfacet
  facet normal 0 1 0
    outer loop
      vertex -9.15503 -27.38 54.1816
      vertex -7.9874 -27.38 54.6223
      vertex -7.93545 -27.38 54.5023
    endloop
  endfacet
  facet normal 0 1 0
    outer loop
      vertex -8.27624 -27.38 55.0442
      vertex -9.26549 -27.38 54.4718
      vertex -9.2978 -27.38 54.5205
    endloop
  endfacet
  facet normal 0 1 0
    outer loop
      vertex -8.27624 -27.38 55.0442
      vertex -9.23631 -27.38 54.4199
      vertex -9.26549 -27.38 54.4718
    endloop
  endfacet
  facet normal 0 1 0
    outer loop
      vertex -9.14355 -27.38 54.1144
      vertex -7.93545 -27.38 54.5023
      vertex -7.89197 -27.38 54.3766
    endloop
  endfacet
  facet normal 0 1 0
    outer loop
      vertex -8.27624 -27.38 55.0442
      vertex -9.21068 -27.38 54.3649
      vertex -9.23631 -27.38 54.4199
    endloop
  endfacet
  facet normal 0 1 0
    outer loop
      vertex -8.19324 -27.38 54.948
      vertex -9.18858 -27.38 54.3069
      vertex -9.21068 -27.38 54.3649
    endloop
  endfacet
  facet normal 0 1 0
    outer loop
      vertex -8.04786 -27.38 54.7367
      vertex -9.17003 -27.38 54.2458
      vertex -9.18858 -27.38 54.3069
    endloop
  endfacet
  facet normal 0 1 0
    outer loop
      vertex -9.14355 -27.38 54.1144
      vertex -7.89197 -27.38 54.3766
      vertex -7.85699 -27.38 54.2452
    endloop
  endfacet
  facet normal 0 1 0
    outer loop
      vertex -7.9874 -27.38 54.6223
      vertex -9.15503 -27.38 54.1816
      vertex -9.17003 -27.38 54.2458
    endloop
  endfacet
  facet normal 0 1 0
    outer loop
      vertex -7.93545 -27.38 54.5023
      vertex -9.14355 -27.38 54.1144
      vertex -9.15503 -27.38 54.1816
    endloop
  endfacet
  facet normal 0 1 0
    outer loop
      vertex -9.13563 -27.38 54.044
      vertex -7.85699 -27.38 54.2452
      vertex -7.83049 -27.38 54.1081
    endloop
  endfacet
  facet normal 0 1 0
    outer loop
      vertex -7.85699 -27.38 54.2452
      vertex -9.13563 -27.38 54.044
      vertex -9.14355 -27.38 54.1144
    endloop
  endfacet
  facet normal 0 1 0
    outer loop
      vertex -7.83049 -27.38 54.1081
      vertex -9.13123 -27.38 53.9706
      vertex -9.13563 -27.38 54.044
    endloop
  endfacet
  facet normal 0 1 0
    outer loop
      vertex -7.81246 -27.38 53.9653
      vertex -9.13123 -27.38 53.9706
      vertex -7.83049 -27.38 54.1081
    endloop
  endfacet
  facet normal 0 1 0
    outer loop
      vertex -9.13054 -27.38 53.8983
      vertex -7.81246 -27.38 53.9653
      vertex -7.80938 -27.38 53.9171
    endloop
  endfacet
  facet normal 0 1 0
    outer loop
      vertex -7.81246 -27.38 53.9653
      vertex -9.13054 -27.38 53.8983
      vertex -9.13123 -27.38 53.9706
    endloop
  endfacet
  facet normal 0 1 -0
    outer loop
      vertex -9.12865 -27.38 53.8442
      vertex -9.13054 -27.38 53.8983
      vertex -7.80938 -27.38 53.9171
    endloop
  endfacet
  facet normal 0 1 0
    outer loop
      vertex -9.12865 -27.38 53.8442
      vertex -7.80938 -27.38 53.9171
      vertex -7.80911 -27.38 53.8693
    endloop
  endfacet
  facet normal 0 1 0
    outer loop
      vertex -9.13054 -27.38 53.8983
      vertex -9.12865 -27.38 53.8442
      vertex -9.1317 -27.38 53.8714
    endloop
  endfacet
  facet normal 0 1 0
    outer loop
      vertex -7.80911 -27.38 53.8693
      vertex -9.12425 -27.38 53.7707
      vertex -9.12865 -27.38 53.8442
    endloop
  endfacet
  facet normal 0 1 -0
    outer loop
      vertex -7.81717 -27.38 53.7266
      vertex -9.12425 -27.38 53.7707
      vertex -7.80911 -27.38 53.8693
    endloop
  endfacet
  facet normal 0 1 0
    outer loop
      vertex -7.81717 -27.38 53.7266
      vertex -9.12356 -27.38 53.6985
      vertex -9.12425 -27.38 53.7707
    endloop
  endfacet
  facet normal 0 1 -0
    outer loop
      vertex -7.83406 -27.38 53.5888
      vertex -9.12356 -27.38 53.6985
      vertex -7.81717 -27.38 53.7266
    endloop
  endfacet
  facet normal 0 1 -0
    outer loop
      vertex -7.85982 -27.38 53.4557
      vertex -9.12356 -27.38 53.6985
      vertex -7.83406 -27.38 53.5888
    endloop
  endfacet
  facet normal 0 1 0
    outer loop
      vertex -9.12356 -27.38 53.6985
      vertex -7.85982 -27.38 53.4557
      vertex -9.12659 -27.38 53.6288
    endloop
  endfacet
  facet normal 0 1 -0
    outer loop
      vertex -7.89442 -27.38 53.3275
      vertex -9.12659 -27.38 53.6288
      vertex -7.85982 -27.38 53.4557
    endloop
  endfacet
  facet normal 0 1 0
    outer loop
      vertex -9.12659 -27.38 53.6288
      vertex -7.89442 -27.38 53.3275
      vertex -9.13338 -27.38 53.5616
    endloop
  endfacet
  facet normal 0 1 -0
    outer loop
      vertex -7.93787 -27.38 53.2041
      vertex -9.13338 -27.38 53.5616
      vertex -7.89442 -27.38 53.3275
    endloop
  endfacet
  facet normal 0 1 0
    outer loop
      vertex -9.13338 -27.38 53.5616
      vertex -7.93787 -27.38 53.2041
      vertex -9.14388 -27.38 53.497
    endloop
  endfacet
  facet normal 0 1 -0
    outer loop
      vertex -7.99019 -27.38 53.0855
      vertex -9.14388 -27.38 53.497
      vertex -7.93787 -27.38 53.2041
    endloop
  endfacet
  facet normal 0 1 0
    outer loop
      vertex -9.14388 -27.38 53.497
      vertex -7.99019 -27.38 53.0855
      vertex -9.15813 -27.38 53.435
    endloop
  endfacet
  facet normal 0 1 -0
    outer loop
      vertex -8.05135 -27.38 52.9717
      vertex -9.15813 -27.38 53.435
      vertex -7.99019 -27.38 53.0855
    endloop
  endfacet
  facet normal 0 1 -0
    outer loop
      vertex -8.12044 -27.38 52.8633
      vertex -9.15813 -27.38 53.435
      vertex -8.05135 -27.38 52.9717
    endloop
  endfacet
  facet normal 0 1 0
    outer loop
      vertex -9.15813 -27.38 53.435
      vertex -8.12044 -27.38 52.8633
      vertex -9.17613 -27.38 53.3755
    endloop
  endfacet
  facet normal 0 1 -0
    outer loop
      vertex -8.19651 -27.38 52.761
      vertex -9.17613 -27.38 53.3755
      vertex -8.12044 -27.38 52.8633
    endloop
  endfacet
  facet normal 0 1 0
    outer loop
      vertex -9.17613 -27.38 53.3755
      vertex -8.19651 -27.38 52.761
      vertex -9.19786 -27.38 53.3186
    endloop
  endfacet
  facet normal 0 1 -0
    outer loop
      vertex -8.27956 -27.38 52.6646
      vertex -9.19786 -27.38 53.3186
      vertex -8.19651 -27.38 52.761
    endloop
  endfacet
  facet normal 0 1 0
    outer loop
      vertex -9.19786 -27.38 53.3186
      vertex -8.27956 -27.38 52.6646
      vertex -9.22332 -27.38 53.2642
    endloop
  endfacet
  facet normal 0 1 -0
    outer loop
      vertex -8.3696 -27.38 52.5742
      vertex -9.22332 -27.38 53.2642
      vertex -8.27956 -27.38 52.6646
    endloop
  endfacet
  facet normal 0 1 0
    outer loop
      vertex -9.22332 -27.38 53.2642
      vertex -8.3696 -27.38 52.5742
      vertex -9.25213 -27.38 53.2127
    endloop
  endfacet
  facet normal 0 1 -0
    outer loop
      vertex -8.46662 -27.38 52.4899
      vertex -9.25213 -27.38 53.2127
      vertex -8.3696 -27.38 52.5742
    endloop
  endfacet
  facet normal 0 1 0
    outer loop
      vertex -9.25213 -27.38 53.2127
      vertex -8.46662 -27.38 52.4899
      vertex -9.28393 -27.38 53.1643
    endloop
  endfacet
  facet normal 0 1 -0
    outer loop
      vertex -8.57062 -27.38 52.4116
      vertex -9.28393 -27.38 53.1643
      vertex -8.46662 -27.38 52.4899
    endloop
  endfacet
  facet normal 0 1 0
    outer loop
      vertex -9.28393 -27.38 53.1643
      vertex -8.57062 -27.38 52.4116
      vertex -9.31868 -27.38 53.119
    endloop
  endfacet
  facet normal 0 1 -0
    outer loop
      vertex -8.68161 -27.38 52.3393
      vertex -9.31868 -27.38 53.119
      vertex -8.57062 -27.38 52.4116
    endloop
  endfacet
  facet normal 0 1 0
    outer loop
      vertex -9.31868 -27.38 53.119
      vertex -8.68161 -27.38 52.3393
      vertex -9.35642 -27.38 53.0768
    endloop
  endfacet
  facet normal 0 1 -0
    outer loop
      vertex -8.79959 -27.38 52.2729
      vertex -9.35642 -27.38 53.0768
      vertex -8.68161 -27.38 52.3393
    endloop
  endfacet
  facet normal 0 1 0
    outer loop
      vertex -9.35642 -27.38 53.0768
      vertex -8.79959 -27.38 52.2729
      vertex -9.39713 -27.38 53.0378
    endloop
  endfacet
  facet normal 0 1 -0
    outer loop
      vertex -8.92361 -27.38 52.2133
      vertex -9.39713 -27.38 53.0378
      vertex -8.79959 -27.38 52.2729
    endloop
  endfacet
  facet normal 0 1 0
    outer loop
      vertex -9.39713 -27.38 53.0378
      vertex -8.92361 -27.38 52.2133
      vertex -9.44082 -27.38 53.0018
    endloop
  endfacet
  facet normal 0 1 -0
    outer loop
      vertex -9.05275 -27.38 52.1608
      vertex -9.44082 -27.38 53.0018
      vertex -8.92361 -27.38 52.2133
    endloop
  endfacet
  facet normal 0 1 0
    outer loop
      vertex -9.44082 -27.38 53.0018
      vertex -9.05275 -27.38 52.1608
      vertex -9.4875 -27.38 52.969
    endloop
  endfacet
  facet normal 0 1 -0
    outer loop
      vertex -9.187 -27.38 52.1155
      vertex -9.4875 -27.38 52.969
      vertex -9.05275 -27.38 52.1608
    endloop
  endfacet
  facet normal 0 1 0
    outer loop
      vertex -9.4875 -27.38 52.969
      vertex -9.187 -27.38 52.1155
      vertex -9.53713 -27.38 52.9392
    endloop
  endfacet
  facet normal 0 1 0
    outer loop
      vertex -9.95588 -27.38 54.8579
      vertex -9.90366 -27.38 55.6853
      vertex -9.74817 -27.38 55.6797
    endloop
  endfacet
  facet normal 0 1 0
    outer loop
      vertex -9.95588 -27.38 54.8579
      vertex -9.74817 -27.38 55.6797
      vertex -9.59727 -27.38 55.6665
    endloop
  endfacet
  facet normal 0 1 0
    outer loop
      vertex -9.95588 -27.38 54.8579
      vertex -9.59727 -27.38 55.6665
      vertex -9.45098 -27.38 55.6458
    endloop
  endfacet
  facet normal 0 1 0
    outer loop
      vertex -9.95588 -27.38 54.8579
      vertex -9.45098 -27.38 55.6458
      vertex -9.3093 -27.38 55.6175
    endloop
  endfacet
  facet normal 0 1 0
    outer loop
      vertex -9.90366 -27.38 55.6853
      vertex -10.0222 -27.38 54.8606
      vertex -10.0637 -27.38 55.6834
    endloop
  endfacet
  facet normal 0 1 0
    outer loop
      vertex -9.95588 -27.38 54.8579
      vertex -9.3093 -27.38 55.6175
      vertex -9.17221 -27.38 55.5817
    endloop
  endfacet
  facet normal 0 1 0
    outer loop
      vertex -9.95588 -27.38 54.8579
      vertex -9.17221 -27.38 55.5817
      vertex -9.03972 -27.38 55.5383
    endloop
  endfacet
  facet normal 0 1 0
    outer loop
      vertex -9.95588 -27.38 54.8579
      vertex -9.03972 -27.38 55.5383
      vertex -8.91185 -27.38 55.4874
    endloop
  endfacet
  facet normal 0 1 0
    outer loop
      vertex -9.95588 -27.38 54.8579
      vertex -8.91185 -27.38 55.4874
      vertex -8.78953 -27.38 55.4295
    endloop
  endfacet
  facet normal 0 1 0
    outer loop
      vertex -9.95588 -27.38 54.8579
      vertex -8.78953 -27.38 55.4295
      vertex -8.67377 -27.38 55.3653
    endloop
  endfacet
  facet normal 0 1 0
    outer loop
      vertex -9.95588 -27.38 54.8579
      vertex -8.67377 -27.38 55.3653
      vertex -8.56456 -27.38 55.2946
    endloop
  endfacet
  facet normal 0 1 0
    outer loop
      vertex -9.95588 -27.38 54.8579
      vertex -8.56456 -27.38 55.2946
      vertex -8.46191 -27.38 55.2175
    endloop
  endfacet
  facet normal 0 1 0
    outer loop
      vertex -9.95588 -27.38 54.8579
      vertex -8.46191 -27.38 55.2175
      vertex -8.3658 -27.38 55.1341
    endloop
  endfacet
  facet normal 0 1 0
    outer loop
      vertex -9.95588 -27.38 54.8579
      vertex -8.3658 -27.38 55.1341
      vertex -8.27624 -27.38 55.0442
    endloop
  endfacet
  facet normal 0 1 0
    outer loop
      vertex -9.21068 -27.38 54.3649
      vertex -8.27624 -27.38 55.0442
      vertex -8.19324 -27.38 54.948
    endloop
  endfacet
  facet normal 0 1 0
    outer loop
      vertex -10.0637 -27.38 55.6834
      vertex -10.0222 -27.38 54.8606
      vertex -10.0906 -27.38 54.8598
    endloop
  endfacet
  facet normal 0 1 0
    outer loop
      vertex -10.0637 -27.38 55.6834
      vertex -10.0906 -27.38 54.8598
      vertex -10.6402 -27.38 54.8406
    endloop
  endfacet
  facet normal 0 1 0
    outer loop
      vertex -10.0637 -27.38 55.6834
      vertex -10.6402 -27.38 54.8406
      vertex -11.9791 -27.38 55.6166
    endloop
  endfacet
  facet normal 0 1 0
    outer loop
      vertex -10.5689 -27.38 52.7976
      vertex -11.9791 -27.38 55.6166
      vertex -10.6402 -27.38 54.8406
    endloop
  endfacet
  facet normal 0 1 0
    outer loop
      vertex -9.53713 -27.38 52.9392
      vertex -9.187 -27.38 52.1155
      vertex -9.5894 -27.38 52.9126
    endloop
  endfacet
  facet normal 0 1 -0
    outer loop
      vertex -9.32637 -27.38 52.0774
      vertex -9.5894 -27.38 52.9126
      vertex -9.187 -27.38 52.1155
    endloop
  endfacet
  facet normal 0 1 0
    outer loop
      vertex -9.5894 -27.38 52.9126
      vertex -9.32637 -27.38 52.0774
      vertex -9.64394 -27.38 52.8893
    endloop
  endfacet
  facet normal 0 1 -0
    outer loop
      vertex -9.47086 -27.38 52.0465
      vertex -9.64394 -27.38 52.8893
      vertex -9.32637 -27.38 52.0774
    endloop
  endfacet
  facet normal 0 1 0
    outer loop
      vertex -9.64394 -27.38 52.8893
      vertex -9.47086 -27.38 52.0465
      vertex -9.70079 -27.38 52.8691
    endloop
  endfacet
  facet normal 0 1 0
    outer loop
      vertex -9.70079 -27.38 52.8691
      vertex -9.47086 -27.38 52.0465
      vertex -9.75991 -27.38 52.8522
    endloop
  endfacet
  facet normal 0 1 -0
    outer loop
      vertex -9.62047 -27.38 52.0228
      vertex -9.75991 -27.38 52.8522
      vertex -9.47086 -27.38 52.0465
    endloop
  endfacet
  facet normal 0 1 0
    outer loop
      vertex -9.75991 -27.38 52.8522
      vertex -9.62047 -27.38 52.0228
      vertex -9.82131 -27.38 52.8385
    endloop
  endfacet
  facet normal 0 1 -0
    outer loop
      vertex -9.77518 -27.38 52.0063
      vertex -9.82131 -27.38 52.8385
      vertex -9.62047 -27.38 52.0228
    endloop
  endfacet
  facet normal 0 1 0
    outer loop
      vertex -9.82131 -27.38 52.8385
      vertex -9.77518 -27.38 52.0063
      vertex -9.885 -27.38 52.8281
    endloop
  endfacet
  facet normal 0 1 0
    outer loop
      vertex -9.885 -27.38 52.8281
      vertex -9.77518 -27.38 52.0063
      vertex -9.95098 -27.38 52.8208
    endloop
  endfacet
  facet normal 0 1 -0
    outer loop
      vertex -9.93501 -27.38 51.9971
      vertex -9.95098 -27.38 52.8208
      vertex -9.77518 -27.38 52.0063
    endloop
  endfacet
  facet normal 0 1 0
    outer loop
      vertex -9.95098 -27.38 52.8208
      vertex -9.93501 -27.38 51.9971
      vertex -10.0192 -27.38 52.8168
    endloop
  endfacet
  facet normal 0 1 0
    outer loop
      vertex -10.0192 -27.38 52.8168
      vertex -9.93501 -27.38 51.9971
      vertex -10.5689 -27.38 52.7976
    endloop
  endfacet
  facet normal 0 1 0
    outer loop
      vertex -10.5689 -27.38 52.7976
      vertex -11.8504 -27.38 51.9302
      vertex -11.9791 -27.38 55.6166
    endloop
  endfacet
  facet normal 0 1 0
    outer loop
      vertex -11.8504 -27.38 51.9302
      vertex -10.5689 -27.38 52.7976
      vertex -9.93501 -27.38 51.9971
    endloop
  endfacet
  facet normal 0 1 0
    outer loop
      vertex -12.7693 -27.38 55.589
      vertex -13.9845 -27.38 53.7772
      vertex -14.0462 -27.38 55.5444
    endloop
  endfacet
  facet normal 0 1 0
    outer loop
      vertex -12.6406 -27.38 51.9026
      vertex -13.9845 -27.38 53.7772
      vertex -12.7693 -27.38 55.589
    endloop
  endfacet
  facet normal 0 1 -0
    outer loop
      vertex -13.7176 -27.38 51.865
      vertex -13.9845 -27.38 53.7772
      vertex -12.6406 -27.38 51.9026
    endloop
  endfacet
  facet normal 0 1 0
    outer loop
      vertex -13.9845 -27.38 53.7772
      vertex -13.7176 -27.38 51.865
      vertex -15.2561 -27.38 53.5805
    endloop
  endfacet
  facet normal 0 1 -0
    outer loop
      vertex -15.2561 -27.38 53.5805
      vertex -15.523 -27.38 55.4928
      vertex -13.9845 -27.38 53.7772
    endloop
  endfacet
  facet normal 0 1 0
    outer loop
      vertex -15.523 -27.38 55.4928
      vertex -15.2561 -27.38 53.5805
      vertex -16.6 -27.38 55.4552
    endloop
  endfacet
  facet normal 0 1 0
    outer loop
      vertex -16.4713 -27.38 51.7688
      vertex -15.2561 -27.38 53.5805
      vertex -15.1944 -27.38 51.8134
    endloop
  endfacet
  facet normal 0 1 0
    outer loop
      vertex -15.2561 -27.38 53.5805
      vertex -16.4713 -27.38 51.7688
      vertex -16.6 -27.38 55.4552
    endloop
  endfacet
  facet normal 0 1 0
    outer loop
      vertex -3.89947 -27.38 52.9972
      vertex -3.87194 -27.38 52.2088
      vertex -5.84261 -27.38 52.9293
    endloop
  endfacet
  facet normal 0 1 0
    outer loop
      vertex -4.25004 -27.38 54.4412
      vertex -4.22407 -27.38 53.6973
      vertex -5.8934 -27.38 54.3838
    endloop
  endfacet
  facet normal 0 1 0
    outer loop
      vertex -5.91628 -27.38 55.039
      vertex -4.07282 -27.38 55.8926
      vertex -4.04529 -27.38 55.1043
    endloop
  endfacet
  facet normal 0 1 0
    outer loop
      vertex -4.07282 -27.38 55.8926
      vertex -5.91628 -27.38 55.039
      vertex -7.23181 -27.38 55.7823
    endloop
  endfacet
  facet normal 0 1 0
    outer loop
      vertex -5.8934 -27.38 54.3838
      vertex -7.23181 -27.38 55.7823
      vertex -5.91628 -27.38 55.039
    endloop
  endfacet
  facet normal 0 1 -0
    outer loop
      vertex -5.86743 -27.38 53.6399
      vertex -5.8934 -27.38 54.3838
      vertex -4.22407 -27.38 53.6973
    endloop
  endfacet
  facet normal 0 1 0
    outer loop
      vertex -5.86743 -27.38 53.6399
      vertex -7.23181 -27.38 55.7823
      vertex -5.8934 -27.38 54.3838
    endloop
  endfacet
  facet normal 0 1 0
    outer loop
      vertex -7.10308 -27.38 52.096
      vertex -5.86743 -27.38 53.6399
      vertex -5.84261 -27.38 52.9293
    endloop
  endfacet
  facet normal 0 1 0
    outer loop
      vertex -5.86743 -27.38 53.6399
      vertex -7.10308 -27.38 52.096
      vertex -7.23181 -27.38 55.7823
    endloop
  endfacet
  facet normal 0 1 0
    outer loop
      vertex -7.10308 -27.38 52.096
      vertex -5.84261 -27.38 52.9293
      vertex -3.87194 -27.38 52.2088
    endloop
  endfacet
  facet normal 0 1 0
    outer loop
      vertex 19.7701 -27.38 53.0344
      vertex 20.3188 -27.38 54.0502
      vertex 21.0328 -27.38 53.0785
    endloop
  endfacet
  facet normal 0 1 0
    outer loop
      vertex 20.3188 -27.38 54.0502
      vertex 19.7701 -27.38 53.0344
      vertex 19.0769 -27.38 53.9885
    endloop
  endfacet
  facet normal 0 1 0
    outer loop
      vertex 19.3476 -27.38 56.7043
      vertex 19.2586 -27.38 55.8882
      vertex 19.197 -27.38 55.8918
    endloop
  endfacet
  facet normal 0 1 0
    outer loop
      vertex 20.8004 -27.38 56.0307
      vertex 19.3159 -27.38 55.8807
      vertex 19.2586 -27.38 55.8882
    endloop
  endfacet
  facet normal 0 1 0
    outer loop
      vertex 20.8004 -27.38 56.0307
      vertex 19.3689 -27.38 55.8691
      vertex 19.3159 -27.38 55.8807
    endloop
  endfacet
  facet normal 0 1 0
    outer loop
      vertex 20.8004 -27.38 56.0307
      vertex 19.4176 -27.38 55.8536
      vertex 19.3689 -27.38 55.8691
    endloop
  endfacet
  facet normal 0 1 0
    outer loop
      vertex 20.8004 -27.38 56.0307
      vertex 19.462 -27.38 55.8342
      vertex 19.4176 -27.38 55.8536
    endloop
  endfacet
  facet normal 0 1 0
    outer loop
      vertex 20.8004 -27.38 56.0307
      vertex 19.5021 -27.38 55.8107
      vertex 19.462 -27.38 55.8342
    endloop
  endfacet
  facet normal 0 1 0
    outer loop
      vertex 20.8004 -27.38 56.0307
      vertex 19.5379 -27.38 55.7833
      vertex 19.5021 -27.38 55.8107
    endloop
  endfacet
  facet normal 0 1 0
    outer loop
      vertex 19.6762 -27.38 55.5061
      vertex 20.8705 -27.38 55.9035
      vertex 20.9264 -27.38 55.7669
    endloop
  endfacet
  facet normal 0 1 0
    outer loop
      vertex 20.8004 -27.38 56.0307
      vertex 19.5696 -27.38 55.7524
      vertex 19.5379 -27.38 55.7833
    endloop
  endfacet
  facet normal 0 1 0
    outer loop
      vertex 20.8004 -27.38 56.0307
      vertex 19.5973 -27.38 55.7187
      vertex 19.5696 -27.38 55.7524
    endloop
  endfacet
  facet normal 0 1 0
    outer loop
      vertex 20.8004 -27.38 56.0307
      vertex 19.621 -27.38 55.682
      vertex 19.5973 -27.38 55.7187
    endloop
  endfacet
  facet normal 0 1 0
    outer loop
      vertex 20.8004 -27.38 56.0307
      vertex 19.6408 -27.38 55.6424
      vertex 19.621 -27.38 55.682
    endloop
  endfacet
  facet normal 0 1 0
    outer loop
      vertex 19.68 -27.38 55.4548
      vertex 20.9264 -27.38 55.7669
      vertex 20.968 -27.38 55.621
    endloop
  endfacet
  facet normal 0 1 0
    outer loop
      vertex 20.8004 -27.38 56.0307
      vertex 19.6566 -27.38 55.5999
      vertex 19.6408 -27.38 55.6424
    endloop
  endfacet
  facet normal 0 1 0
    outer loop
      vertex 20.8004 -27.38 56.0307
      vertex 19.6684 -27.38 55.5544
      vertex 19.6566 -27.38 55.5999
    endloop
  endfacet
  facet normal 0 1 0
    outer loop
      vertex 20.8705 -27.38 55.9035
      vertex 19.6762 -27.38 55.5061
      vertex 19.6684 -27.38 55.5544
    endloop
  endfacet
  facet normal 0 1 0
    outer loop
      vertex 19.68 -27.38 55.4548
      vertex 20.968 -27.38 55.621
      vertex 20.9953 -27.38 55.4657
    endloop
  endfacet
  facet normal 0 1 0
    outer loop
      vertex 20.9264 -27.38 55.7669
      vertex 19.68 -27.38 55.4548
      vertex 19.6762 -27.38 55.5061
    endloop
  endfacet
  facet normal 0 1 0
    outer loop
      vertex 20.9953 -27.38 55.4657
      vertex 19.6798 -27.38 55.4034
      vertex 19.68 -27.38 55.4548
    endloop
  endfacet
  facet normal 0 1 0
    outer loop
      vertex 21.0016 -27.38 55.3863
      vertex 19.6798 -27.38 55.4034
      vertex 20.9953 -27.38 55.4657
    endloop
  endfacet
  facet normal 0 1 -0
    outer loop
      vertex 19.6832 -27.38 55.3062
      vertex 19.6798 -27.38 55.4034
      vertex 21.0016 -27.38 55.3863
    endloop
  endfacet
  facet normal 0 1 0
    outer loop
      vertex 19.6798 -27.38 55.4034
      vertex 19.6832 -27.38 55.3062
      vertex 19.6753 -27.38 55.3545
    endloop
  endfacet
  facet normal 0 1 -0
    outer loop
      vertex 20.9954 -27.38 55.2834
      vertex 19.6832 -27.38 55.3062
      vertex 21.0016 -27.38 55.3863
    endloop
  endfacet
  facet normal 0 1 0
    outer loop
      vertex 20.9954 -27.38 55.2834
      vertex 19.687 -27.38 55.2549
      vertex 19.6832 -27.38 55.3062
    endloop
  endfacet
  facet normal 0 1 -0
    outer loop
      vertex 20.982 -27.38 55.1801
      vertex 19.687 -27.38 55.2549
      vertex 20.9954 -27.38 55.2834
    endloop
  endfacet
  facet normal 0 1 -0
    outer loop
      vertex 20.9618 -27.38 55.0805
      vertex 19.687 -27.38 55.2549
      vertex 20.982 -27.38 55.1801
    endloop
  endfacet
  facet normal 0 1 0
    outer loop
      vertex 19.687 -27.38 55.2549
      vertex 20.9618 -27.38 55.0805
      vertex 19.6867 -27.38 55.2035
    endloop
  endfacet
  facet normal 0 1 -0
    outer loop
      vertex 20.9347 -27.38 54.9846
      vertex 19.6867 -27.38 55.2035
      vertex 20.9618 -27.38 55.0805
    endloop
  endfacet
  facet normal 0 1 -0
    outer loop
      vertex 20.9006 -27.38 54.8924
      vertex 19.6867 -27.38 55.2035
      vertex 20.9347 -27.38 54.9846
    endloop
  endfacet
  facet normal 0 1 0
    outer loop
      vertex 19.6867 -27.38 55.2035
      vertex 20.9006 -27.38 54.8924
      vertex 19.6823 -27.38 55.1547
    endloop
  endfacet
  facet normal 0 1 -0
    outer loop
      vertex 20.8597 -27.38 54.8038
      vertex 19.6823 -27.38 55.1547
      vertex 20.9006 -27.38 54.8924
    endloop
  endfacet
  facet normal 0 1 -0
    outer loop
      vertex 20.8119 -27.38 54.7189
      vertex 19.6823 -27.38 55.1547
      vertex 20.8597 -27.38 54.8038
    endloop
  endfacet
  facet normal 0 1 0
    outer loop
      vertex 19.6823 -27.38 55.1547
      vertex 20.8119 -27.38 54.7189
      vertex 19.6737 -27.38 55.1085
    endloop
  endfacet
  facet normal 0 1 -0
    outer loop
      vertex 20.7577 -27.38 54.6381
      vertex 19.6737 -27.38 55.1085
      vertex 20.8119 -27.38 54.7189
    endloop
  endfacet
  facet normal 0 1 -0
    outer loop
      vertex 20.6977 -27.38 54.5619
      vertex 19.6737 -27.38 55.1085
      vertex 20.7577 -27.38 54.6381
    endloop
  endfacet
  facet normal 0 1 0
    outer loop
      vertex 19.6737 -27.38 55.1085
      vertex 20.6977 -27.38 54.5619
      vertex 19.661 -27.38 55.065
    endloop
  endfacet
  facet normal 0 1 -0
    outer loop
      vertex 20.6319 -27.38 54.4902
      vertex 19.661 -27.38 55.065
      vertex 20.6977 -27.38 54.5619
    endloop
  endfacet
  facet normal 0 1 -0
    outer loop
      vertex 20.5602 -27.38 54.4231
      vertex 19.661 -27.38 55.065
      vertex 20.6319 -27.38 54.4902
    endloop
  endfacet
  facet normal 0 1 0
    outer loop
      vertex 19.661 -27.38 55.065
      vertex 20.5602 -27.38 54.4231
      vertex 19.644 -27.38 55.0241
    endloop
  endfacet
  facet normal 0 1 -0
    outer loop
      vertex 20.4828 -27.38 54.3606
      vertex 19.644 -27.38 55.0241
      vertex 20.5602 -27.38 54.4231
    endloop
  endfacet
  facet normal 0 1 -0
    outer loop
      vertex 20.3996 -27.38 54.3027
      vertex 19.644 -27.38 55.0241
      vertex 20.4828 -27.38 54.3606
    endloop
  endfacet
  facet normal 0 1 0
    outer loop
      vertex 19.644 -27.38 55.0241
      vertex 20.3996 -27.38 54.3027
      vertex 19.6229 -27.38 54.9858
    endloop
  endfacet
  facet normal 0 1 -0
    outer loop
      vertex 20.3118 -27.38 54.2501
      vertex 19.6229 -27.38 54.9858
      vertex 20.3996 -27.38 54.3027
    endloop
  endfacet
  facet normal 0 1 0
    outer loop
      vertex 19.6229 -27.38 54.9858
      vertex 20.3118 -27.38 54.2501
      vertex 19.5976 -27.38 54.9502
    endloop
  endfacet
  facet normal 0 1 0
    outer loop
      vertex 19.5976 -27.38 54.9502
      vertex 20.3118 -27.38 54.2501
      vertex 19.5681 -27.38 54.9172
    endloop
  endfacet
  facet normal 0 1 0
    outer loop
      vertex 19.5681 -27.38 54.9172
      vertex 20.3118 -27.38 54.2501
      vertex 19.5343 -27.38 54.8874
    endloop
  endfacet
  facet normal 0 1 0
    outer loop
      vertex 19.5343 -27.38 54.8874
      vertex 20.3118 -27.38 54.2501
      vertex 19.4959 -27.38 54.8612
    endloop
  endfacet
  facet normal 0 1 0
    outer loop
      vertex 19.2586 -27.38 55.8882
      vertex 19.3476 -27.38 56.7043
      vertex 19.5517 -27.38 56.693
    endloop
  endfacet
  facet normal 0 1 0
    outer loop
      vertex 19.2586 -27.38 55.8882
      vertex 19.5517 -27.38 56.693
      vertex 19.7428 -27.38 56.6688
    endloop
  endfacet
  facet normal 0 1 0
    outer loop
      vertex 19.3476 -27.38 56.7043
      vertex 19.197 -27.38 55.8918
      vertex 19.1306 -27.38 56.7029
    endloop
  endfacet
  facet normal 0 1 0
    outer loop
      vertex 19.2586 -27.38 55.8882
      vertex 19.7428 -27.38 56.6688
      vertex 19.921 -27.38 56.6319
    endloop
  endfacet
  facet normal 0 1 0
    outer loop
      vertex 19.2586 -27.38 55.8882
      vertex 19.921 -27.38 56.6319
      vertex 20.0863 -27.38 56.5821
    endloop
  endfacet
  facet normal 0 1 0
    outer loop
      vertex 19.2586 -27.38 55.8882
      vertex 20.0863 -27.38 56.5821
      vertex 20.2386 -27.38 56.5196
    endloop
  endfacet
  facet normal 0 1 0
    outer loop
      vertex 19.2586 -27.38 55.8882
      vertex 20.2386 -27.38 56.5196
      vertex 20.3781 -27.38 56.4443
    endloop
  endfacet
  facet normal 0 1 0
    outer loop
      vertex 19.2586 -27.38 55.8882
      vertex 20.3781 -27.38 56.4443
      vertex 20.5045 -27.38 56.3562
    endloop
  endfacet
  facet normal 0 1 0
    outer loop
      vertex 19.2586 -27.38 55.8882
      vertex 20.5045 -27.38 56.3562
      vertex 20.6174 -27.38 56.2571
    endloop
  endfacet
  facet normal 0 1 0
    outer loop
      vertex 19.2586 -27.38 55.8882
      vertex 20.6174 -27.38 56.2571
      vertex 20.7161 -27.38 56.1486
    endloop
  endfacet
  facet normal 0 1 0
    outer loop
      vertex 19.2586 -27.38 55.8882
      vertex 20.7161 -27.38 56.1486
      vertex 20.8004 -27.38 56.0307
    endloop
  endfacet
  facet normal 0 1 0
    outer loop
      vertex 19.6684 -27.38 55.5544
      vertex 20.8004 -27.38 56.0307
      vertex 20.8705 -27.38 55.9035
    endloop
  endfacet
  facet normal 0 1 0
    outer loop
      vertex 19.1306 -27.38 56.7029
      vertex 19.197 -27.38 55.8918
      vertex 19.1312 -27.38 55.8914
    endloop
  endfacet
  facet normal 0 1 0
    outer loop
      vertex 19.1306 -27.38 56.7029
      vertex 19.1312 -27.38 55.8914
      vertex 18.6537 -27.38 55.8747
    endloop
  endfacet
  facet normal 0 1 0
    outer loop
      vertex 19.1306 -27.38 56.7029
      vertex 18.6537 -27.38 55.8747
      vertex 17.3151 -27.38 56.6395
    endloop
  endfacet
  facet normal 0 1 0
    outer loop
      vertex 18.6925 -27.38 54.7644
      vertex 17.3151 -27.38 56.6395
      vertex 18.6537 -27.38 55.8747
    endloop
  endfacet
  facet normal 0 1 0
    outer loop
      vertex 19.4959 -27.38 54.8612
      vertex 20.3118 -27.38 54.2501
      vertex 19.453 -27.38 54.8387
    endloop
  endfacet
  facet normal 0 1 0
    outer loop
      vertex 19.453 -27.38 54.8387
      vertex 20.3118 -27.38 54.2501
      vertex 19.4055 -27.38 54.8198
    endloop
  endfacet
  facet normal 0 1 0
    outer loop
      vertex 19.0769 -27.38 53.9885
      vertex 19.4055 -27.38 54.8198
      vertex 20.3118 -27.38 54.2501
    endloop
  endfacet
  facet normal 0 1 0
    outer loop
      vertex 19.4055 -27.38 54.8198
      vertex 19.0769 -27.38 53.9885
      vertex 19.3534 -27.38 54.8047
    endloop
  endfacet
  facet normal 0 1 0
    outer loop
      vertex 19.3534 -27.38 54.8047
      vertex 19.0769 -27.38 53.9885
      vertex 19.2968 -27.38 54.7931
    endloop
  endfacet
  facet normal 0 1 0
    outer loop
      vertex 19.2968 -27.38 54.7931
      vertex 19.0769 -27.38 53.9885
      vertex 19.2357 -27.38 54.7853
    endloop
  endfacet
  facet normal 0 1 0
    outer loop
      vertex 19.2357 -27.38 54.7853
      vertex 19.0769 -27.38 53.9885
      vertex 19.1699 -27.38 54.7811
    endloop
  endfacet
  facet normal 0 1 -0
    outer loop
      vertex 20.4066 -27.38 54.1028
      vertex 20.3118 -27.38 54.2501
      vertex 20.4155 -27.38 54.109
    endloop
  endfacet
  facet normal 0 1 0
    outer loop
      vertex 20.3118 -27.38 54.2501
      vertex 20.4066 -27.38 54.1028
      vertex 20.3188 -27.38 54.0502
    endloop
  endfacet
  facet normal 0 1 0
    outer loop
      vertex 19.0769 -27.38 53.9885
      vertex 20.3118 -27.38 54.2501
      vertex 20.3188 -27.38 54.0502
    endloop
  endfacet
  facet normal 0 1 0
    outer loop
      vertex 19.1699 -27.38 54.7811
      vertex 19.0769 -27.38 53.9885
      vertex 18.6925 -27.38 54.7644
    endloop
  endfacet
  facet normal 0 1 -0
    outer loop
      vertex 18.72 -27.38 53.976
      vertex 18.6925 -27.38 54.7644
      vertex 19.0769 -27.38 53.9885
    endloop
  endfacet
  facet normal 0 1 0
    outer loop
      vertex 17.4439 -27.38 52.9532
      vertex 18.6925 -27.38 54.7644
      vertex 18.72 -27.38 53.976
    endloop
  endfacet
  facet normal 0 1 0
    outer loop
      vertex 17.4439 -27.38 52.9532
      vertex 18.72 -27.38 53.976
      vertex 18.7541 -27.38 52.9989
    endloop
  endfacet
  facet normal 0 1 0
    outer loop
      vertex 18.6925 -27.38 54.7644
      vertex 17.4439 -27.38 52.9532
      vertex 17.3151 -27.38 56.6395
    endloop
  endfacet
  facet normal 0 1 0
    outer loop
      vertex 16.7795 -27.38 53.7193
      vertex 16.8071 -27.38 52.9309
      vertex 14.8364 -27.38 53.6514
    endloop
  endfacet
  facet normal 0 1 0
    outer loop
      vertex 16.429 -27.38 55.1633
      vertex 16.4549 -27.38 54.4195
      vertex 14.7856 -27.38 55.106
    endloop
  endfacet
  facet normal 0 1 0
    outer loop
      vertex 14.7627 -27.38 55.7611
      vertex 16.6062 -27.38 56.6148
      vertex 16.6337 -27.38 55.8264
    endloop
  endfacet
  facet normal 0 1 0
    outer loop
      vertex 16.6062 -27.38 56.6148
      vertex 14.7627 -27.38 55.7611
      vertex 13.4472 -27.38 56.5045
    endloop
  endfacet
  facet normal 0 1 0
    outer loop
      vertex 14.7856 -27.38 55.106
      vertex 13.4472 -27.38 56.5045
      vertex 14.7627 -27.38 55.7611
    endloop
  endfacet
  facet normal 0 1 -0
    outer loop
      vertex 14.8116 -27.38 54.3621
      vertex 14.7856 -27.38 55.106
      vertex 16.4549 -27.38 54.4195
    endloop
  endfacet
  facet normal 0 1 0
    outer loop
      vertex 14.8116 -27.38 54.3621
      vertex 13.4472 -27.38 56.5045
      vertex 14.7856 -27.38 55.106
    endloop
  endfacet
  facet normal 0 1 0
    outer loop
      vertex 13.5759 -27.38 52.8181
      vertex 14.8116 -27.38 54.3621
      vertex 14.8364 -27.38 53.6514
    endloop
  endfacet
  facet normal 0 1 0
    outer loop
      vertex 14.8116 -27.38 54.3621
      vertex 13.5759 -27.38 52.8181
      vertex 13.4472 -27.38 56.5045
    endloop
  endfacet
  facet normal 0 1 0
    outer loop
      vertex 13.5759 -27.38 52.8181
      vertex 14.8364 -27.38 53.6514
      vertex 16.8071 -27.38 52.9309
    endloop
  endfacet
  facet normal 0 1 0
    outer loop
      vertex 3.14329 -27.38 52.4538
      vertex 1.73281 -27.38 55.2783
      vertex 3.04306 -27.38 55.324
    endloop
  endfacet
  facet normal 0 1 0
    outer loop
      vertex 1.73281 -27.38 55.2783
      vertex 3.14329 -27.38 52.4538
      vertex 1.83304 -27.38 52.408
    endloop
  endfacet
  facet normal 0 1 0
    outer loop
      vertex 3.04306 -27.38 55.324
      vertex 4.15266 -27.38 56.1799
      vertex 4.18116 -27.38 55.3638
    endloop
  endfacet
  facet normal 0 1 0
    outer loop
      vertex 4.15266 -27.38 56.1799
      vertex 3.04306 -27.38 55.324
      vertex 0.566212 -27.38 56.0546
    endloop
  endfacet
  facet normal 0 1 -0
    outer loop
      vertex 1.73281 -27.38 55.2783
      vertex 0.566212 -27.38 56.0546
      vertex 3.04306 -27.38 55.324
    endloop
  endfacet
  facet normal 0 1 0
    outer loop
      vertex 0.566212 -27.38 56.0546
      vertex 1.73281 -27.38 55.2783
      vertex 0.594711 -27.38 55.2385
    endloop
  endfacet
  facet normal 0 1 0
    outer loop
      vertex 11.54 -27.38 54.9233
      vertex 11.6154 -27.38 56.4405
      vertex 12.8607 -27.38 56.484
    endloop
  endfacet
  facet normal 0 1 0
    outer loop
      vertex 11.6154 -27.38 56.4405
      vertex 11.54 -27.38 54.9233
      vertex 10.3876 -27.38 54.9884
    endloop
  endfacet
  facet normal 0 1 0
    outer loop
      vertex 10.3876 -27.38 54.9884
      vertex 9.05044 -27.38 56.3509
      vertex 10.3385 -27.38 56.3959
    endloop
  endfacet
  facet normal 0 1 -0
    outer loop
      vertex 11.547 -27.38 54.7234
      vertex 11.54 -27.38 54.9233
      vertex 11.626 -27.38 54.8167
    endloop
  endfacet
  facet normal 0 1 0
    outer loop
      vertex 11.54 -27.38 54.9233
      vertex 11.547 -27.38 54.7234
      vertex 10.3876 -27.38 54.9884
    endloop
  endfacet
  facet normal 0 1 -0
    outer loop
      vertex 10.7139 -27.38 54.006
      vertex 10.3876 -27.38 54.9884
      vertex 11.547 -27.38 54.7234
    endloop
  endfacet
  facet normal 0 1 -0
    outer loop
      vertex 10.4336 -27.38 53.6718
      vertex 10.3876 -27.38 54.9884
      vertex 10.7139 -27.38 54.006
    endloop
  endfacet
  facet normal 0 1 0
    outer loop
      vertex 9.17917 -27.38 52.6646
      vertex 10.3876 -27.38 54.9884
      vertex 10.4336 -27.38 53.6718
    endloop
  endfacet
  facet normal 0 1 0
    outer loop
      vertex 9.17917 -27.38 52.6646
      vertex 10.4336 -27.38 53.6718
      vertex 10.4672 -27.38 52.7095
    endloop
  endfacet
  facet normal 0 1 0
    outer loop
      vertex 10.3876 -27.38 54.9884
      vertex 9.17917 -27.38 52.6646
      vertex 9.05044 -27.38 56.3509
    endloop
  endfacet
  facet normal 0 1 -0
    outer loop
      vertex 11.733 -27.38 52.7537
      vertex 11.547 -27.38 54.7234
      vertex 13.0985 -27.38 52.8014
    endloop
  endfacet
  facet normal 0 1 0
    outer loop
      vertex 11.547 -27.38 54.7234
      vertex 11.733 -27.38 52.7537
      vertex 10.7139 -27.38 54.006
    endloop
  endfacet
  facet normal 0 1 0
    outer loop
      vertex 6.10056 -27.38 54.1801
      vertex 6.03072 -27.38 53.9776
      vertex 6.02374 -27.38 54.1775
    endloop
  endfacet
  facet normal 0 1 0
    outer loop
      vertex 6.983 -27.38 56.2787
      vertex 6.36579 -27.38 55.1695
      vertex 5.69498 -27.38 56.2337
    endloop
  endfacet
  facet normal 0 1 0
    outer loop
      vertex 6.983 -27.38 56.2787
      vertex 6.77621 -27.38 54.2037
      vertex 6.36579 -27.38 55.1695
    endloop
  endfacet
  facet normal 0 1 0
    outer loop
      vertex 6.77621 -27.38 54.2037
      vertex 6.78319 -27.38 54.0039
      vertex 6.69938 -27.38 54.2011
    endloop
  endfacet
  facet normal 0 1 0
    outer loop
      vertex 8.72319 -27.38 52.6486
      vertex 6.77621 -27.38 54.2037
      vertex 6.983 -27.38 56.2787
    endloop
  endfacet
  facet normal 0 1 0
    outer loop
      vertex 6.78319 -27.38 54.0039
      vertex 7.17194 -27.38 53.2726
      vertex 6.03072 -27.38 53.9776
    endloop
  endfacet
  facet normal -0 1 -0
    outer loop
      vertex 7.17194 -27.38 53.2726
      vertex 6.77621 -27.38 54.2037
      vertex 8.72319 -27.38 52.6486
    endloop
  endfacet
  facet normal 0 1 0
    outer loop
      vertex 6.77621 -27.38 54.2037
      vertex 7.17194 -27.38 53.2726
      vertex 6.78319 -27.38 54.0039
    endloop
  endfacet
  facet normal 0 1 0
    outer loop
      vertex 7.17194 -27.38 53.2726
      vertex 8.72319 -27.38 52.6486
      vertex 7.45591 -27.38 52.6044
    endloop
  endfacet
  facet normal 0 1 -0
    outer loop
      vertex 6.02374 -27.38 54.1775
      vertex 5.69498 -27.38 56.2337
      vertex 6.36579 -27.38 55.1695
    endloop
  endfacet
  facet normal 0 1 0
    outer loop
      vertex 5.69393 -27.38 53.221
      vertex 6.02374 -27.38 54.1775
      vertex 6.03072 -27.38 53.9776
    endloop
  endfacet
  facet normal 0 1 0
    outer loop
      vertex 5.69393 -27.38 53.221
      vertex 6.03072 -27.38 53.9776
      vertex 7.17194 -27.38 53.2726
    endloop
  endfacet
  facet normal 0 1 0
    outer loop
      vertex 6.02374 -27.38 54.1775
      vertex 5.69393 -27.38 53.221
      vertex 4.21221 -27.38 52.4911
    endloop
  endfacet
  facet normal 0 1 0
    outer loop
      vertex 4.21221 -27.38 52.4911
      vertex 5.69393 -27.38 53.221
      vertex 5.45725 -27.38 52.5346
    endloop
  endfacet
  facet normal 0 1 0
    outer loop
      vertex 6.02374 -27.38 54.1775
      vertex 4.21221 -27.38 52.4911
      vertex 5.69498 -27.38 56.2337
    endloop
  endfacet
  facet normal 0 1 0
    outer loop
      vertex -0.908907 -27.38 52.3123
      vertex -0.360223 -27.38 53.3281
      vertex 0.353766 -27.38 52.3564
    endloop
  endfacet
  facet normal 0 1 0
    outer loop
      vertex -0.360223 -27.38 53.3281
      vertex -0.908907 -27.38 52.3123
      vertex -1.6021 -27.38 53.2664
    endloop
  endfacet
  facet normal 0 1 0
    outer loop
      vertex -1.3314 -27.38 55.9822
      vertex -1.42041 -27.38 55.1661
      vertex -1.48197 -27.38 55.1697
    endloop
  endfacet
  facet normal 0 1 0
    outer loop
      vertex 0.121428 -27.38 55.3086
      vertex -1.36313 -27.38 55.1585
      vertex -1.42041 -27.38 55.1661
    endloop
  endfacet
  facet normal 0 1 0
    outer loop
      vertex 0.121428 -27.38 55.3086
      vertex -1.31013 -27.38 55.147
      vertex -1.36313 -27.38 55.1585
    endloop
  endfacet
  facet normal 0 1 0
    outer loop
      vertex 0.121428 -27.38 55.3086
      vertex -1.26143 -27.38 55.1315
      vertex -1.31013 -27.38 55.147
    endloop
  endfacet
  facet normal 0 1 0
    outer loop
      vertex 0.121428 -27.38 55.3086
      vertex -1.21704 -27.38 55.112
      vertex -1.26143 -27.38 55.1315
    endloop
  endfacet
  facet normal 0 1 0
    outer loop
      vertex 0.121428 -27.38 55.3086
      vertex -1.17692 -27.38 55.0886
      vertex -1.21704 -27.38 55.112
    endloop
  endfacet
  facet normal 0 1 0
    outer loop
      vertex 0.121428 -27.38 55.3086
      vertex -1.14109 -27.38 55.0612
      vertex -1.17692 -27.38 55.0886
    endloop
  endfacet
  facet normal 0 1 0
    outer loop
      vertex -1.00282 -27.38 54.7839
      vertex 0.191523 -27.38 55.1814
      vertex 0.247364 -27.38 55.0448
    endloop
  endfacet
  facet normal 0 1 0
    outer loop
      vertex 0.121428 -27.38 55.3086
      vertex -1.1094 -27.38 55.0303
      vertex -1.14109 -27.38 55.0612
    endloop
  endfacet
  facet normal 0 1 0
    outer loop
      vertex 0.121428 -27.38 55.3086
      vertex -1.08169 -27.38 54.9965
      vertex -1.1094 -27.38 55.0303
    endloop
  endfacet
  facet normal 0 1 0
    outer loop
      vertex 0.121428 -27.38 55.3086
      vertex -1.05795 -27.38 54.9599
      vertex -1.08169 -27.38 54.9965
    endloop
  endfacet
  facet normal 0 1 0
    outer loop
      vertex 0.121428 -27.38 55.3086
      vertex -1.0382 -27.38 54.9203
      vertex -1.05795 -27.38 54.9599
    endloop
  endfacet
  facet normal 0 1 0
    outer loop
      vertex -0.998987 -27.38 54.7327
      vertex 0.247364 -27.38 55.0448
      vertex 0.288936 -27.38 54.8989
    endloop
  endfacet
  facet normal 0 1 0
    outer loop
      vertex 0.121428 -27.38 55.3086
      vertex -1.02242 -27.38 54.8777
      vertex -1.0382 -27.38 54.9203
    endloop
  endfacet
  facet normal 0 1 0
    outer loop
      vertex 0.121428 -27.38 55.3086
      vertex -1.01063 -27.38 54.8323
      vertex -1.02242 -27.38 54.8777
    endloop
  endfacet
  facet normal 0 1 0
    outer loop
      vertex 0.191523 -27.38 55.1814
      vertex -1.00282 -27.38 54.7839
      vertex -1.01063 -27.38 54.8323
    endloop
  endfacet
  facet normal 0 1 0
    outer loop
      vertex -0.998987 -27.38 54.7327
      vertex 0.288936 -27.38 54.8989
      vertex 0.316253 -27.38 54.7436
    endloop
  endfacet
  facet normal 0 1 0
    outer loop
      vertex 0.247364 -27.38 55.0448
      vertex -0.998987 -27.38 54.7327
      vertex -1.00282 -27.38 54.7839
    endloop
  endfacet
  facet normal 0 1 0
    outer loop
      vertex 0.316253 -27.38 54.7436
      vertex -0.999237 -27.38 54.6812
      vertex -0.998987 -27.38 54.7327
    endloop
  endfacet
  facet normal 0 1 0
    outer loop
      vertex 0.322541 -27.38 54.6641
      vertex -0.999237 -27.38 54.6812
      vertex 0.316253 -27.38 54.7436
    endloop
  endfacet
  facet normal 0 1 -0
    outer loop
      vertex -0.995843 -27.38 54.5841
      vertex -0.999237 -27.38 54.6812
      vertex 0.322541 -27.38 54.6641
    endloop
  endfacet
  facet normal 0 1 0
    outer loop
      vertex -0.999237 -27.38 54.6812
      vertex -0.995843 -27.38 54.5841
      vertex -1.00365 -27.38 54.6324
    endloop
  endfacet
  facet normal 0 1 -0
    outer loop
      vertex 0.316359 -27.38 54.5613
      vertex -0.995843 -27.38 54.5841
      vertex 0.322541 -27.38 54.6641
    endloop
  endfacet
  facet normal 0 1 0
    outer loop
      vertex 0.316359 -27.38 54.5613
      vertex -0.992007 -27.38 54.5328
      vertex -0.995843 -27.38 54.5841
    endloop
  endfacet
  facet normal 0 1 -0
    outer loop
      vertex 0.303033 -27.38 54.458
      vertex -0.992007 -27.38 54.5328
      vertex 0.316359 -27.38 54.5613
    endloop
  endfacet
  facet normal 0 1 -0
    outer loop
      vertex 0.2828 -27.38 54.3584
      vertex -0.992007 -27.38 54.5328
      vertex 0.303033 -27.38 54.458
    endloop
  endfacet
  facet normal 0 1 0
    outer loop
      vertex -0.992007 -27.38 54.5328
      vertex 0.2828 -27.38 54.3584
      vertex -0.992257 -27.38 54.4813
    endloop
  endfacet
  facet normal 0 1 -0
    outer loop
      vertex 0.255674 -27.38 54.2625
      vertex -0.992257 -27.38 54.4813
      vertex 0.2828 -27.38 54.3584
    endloop
  endfacet
  facet normal 0 1 -0
    outer loop
      vertex 0.221626 -27.38 54.1702
      vertex -0.992257 -27.38 54.4813
      vertex 0.255674 -27.38 54.2625
    endloop
  endfacet
  facet normal 0 1 0
    outer loop
      vertex -0.992257 -27.38 54.4813
      vertex 0.221626 -27.38 54.1702
      vertex -0.996675 -27.38 54.4326
    endloop
  endfacet
  facet normal 0 1 -0
    outer loop
      vertex 0.180687 -27.38 54.0816
      vertex -0.996675 -27.38 54.4326
      vertex 0.221626 -27.38 54.1702
    endloop
  endfacet
  facet normal 0 1 -0
    outer loop
      vertex 0.132855 -27.38 53.9967
      vertex -0.996675 -27.38 54.4326
      vertex 0.180687 -27.38 54.0816
    endloop
  endfacet
  facet normal 0 1 0
    outer loop
      vertex -0.996675 -27.38 54.4326
      vertex 0.132855 -27.38 53.9967
      vertex -1.00526 -27.38 54.3864
    endloop
  endfacet
  facet normal 0 1 -0
    outer loop
      vertex 0.0786496 -27.38 53.9159
      vertex -1.00526 -27.38 54.3864
      vertex 0.132855 -27.38 53.9967
    endloop
  endfacet
  facet normal 0 1 -0
    outer loop
      vertex 0.0186511 -27.38 53.8397
      vertex -1.00526 -27.38 54.3864
      vertex 0.0786496 -27.38 53.9159
    endloop
  endfacet
  facet normal 0 1 0
    outer loop
      vertex -1.00526 -27.38 54.3864
      vertex 0.0186511 -27.38 53.8397
      vertex -1.01803 -27.38 54.3429
    endloop
  endfacet
  facet normal 0 1 -0
    outer loop
      vertex -0.0471411 -27.38 53.7681
      vertex -1.01803 -27.38 54.3429
      vertex 0.0186511 -27.38 53.8397
    endloop
  endfacet
  facet normal 0 1 -0
    outer loop
      vertex -0.118742 -27.38 53.701
      vertex -1.01803 -27.38 54.3429
      vertex -0.0471411 -27.38 53.7681
    endloop
  endfacet
  facet normal 0 1 0
    outer loop
      vertex -1.01803 -27.38 54.3429
      vertex -0.118742 -27.38 53.701
      vertex -1.03497 -27.38 54.302
    endloop
  endfacet
  facet normal 0 1 -0
    outer loop
      vertex -0.196167 -27.38 53.6385
      vertex -1.03497 -27.38 54.302
      vertex -0.118742 -27.38 53.701
    endloop
  endfacet
  facet normal 0 1 -0
    outer loop
      vertex -0.279387 -27.38 53.5806
      vertex -1.03497 -27.38 54.302
      vertex -0.196167 -27.38 53.6385
    endloop
  endfacet
  facet normal 0 1 0
    outer loop
      vertex -1.03497 -27.38 54.302
      vertex -0.279387 -27.38 53.5806
      vertex -1.0561 -27.38 54.2637
    endloop
  endfacet
  facet normal 0 1 -0
    outer loop
      vertex -0.367203 -27.38 53.528
      vertex -1.0561 -27.38 54.2637
      vertex -0.279387 -27.38 53.5806
    endloop
  endfacet
  facet normal 0 1 0
    outer loop
      vertex -1.0561 -27.38 54.2637
      vertex -0.367203 -27.38 53.528
      vertex -1.08139 -27.38 54.2281
    endloop
  endfacet
  facet normal 0 1 0
    outer loop
      vertex -1.08139 -27.38 54.2281
      vertex -0.367203 -27.38 53.528
      vertex -1.11085 -27.38 54.1951
    endloop
  endfacet
  facet normal 0 1 0
    outer loop
      vertex -1.11085 -27.38 54.1951
      vertex -0.367203 -27.38 53.528
      vertex -1.14468 -27.38 54.1653
    endloop
  endfacet
  facet normal 0 1 0
    outer loop
      vertex -1.14468 -27.38 54.1653
      vertex -0.367203 -27.38 53.528
      vertex -1.18306 -27.38 54.1391
    endloop
  endfacet
  facet normal 0 1 0
    outer loop
      vertex -1.42041 -27.38 55.1661
      vertex -1.3314 -27.38 55.9822
      vertex -1.12733 -27.38 55.9708
    endloop
  endfacet
  facet normal 0 1 0
    outer loop
      vertex -1.42041 -27.38 55.1661
      vertex -1.12733 -27.38 55.9708
      vertex -0.936199 -27.38 55.9467
    endloop
  endfacet
  facet normal 0 1 0
    outer loop
      vertex -1.3314 -27.38 55.9822
      vertex -1.48197 -27.38 55.1697
      vertex -1.5484 -27.38 55.9808
    endloop
  endfacet
  facet normal 0 1 0
    outer loop
      vertex -1.42041 -27.38 55.1661
      vertex -0.936199 -27.38 55.9467
      vertex -0.757983 -27.38 55.9097
    endloop
  endfacet
  facet normal 0 1 0
    outer loop
      vertex -1.42041 -27.38 55.1661
      vertex -0.757983 -27.38 55.9097
      vertex -0.592709 -27.38 55.86
    endloop
  endfacet
  facet normal 0 1 0
    outer loop
      vertex -1.42041 -27.38 55.1661
      vertex -0.592709 -27.38 55.86
      vertex -0.440364 -27.38 55.7975
    endloop
  endfacet
  facet normal 0 1 0
    outer loop
      vertex -1.42041 -27.38 55.1661
      vertex -0.440364 -27.38 55.7975
      vertex -0.300949 -27.38 55.7222
    endloop
  endfacet
  facet normal 0 1 0
    outer loop
      vertex -1.42041 -27.38 55.1661
      vertex -0.300949 -27.38 55.7222
      vertex -0.17446 -27.38 55.6341
    endloop
  endfacet
  facet normal 0 1 0
    outer loop
      vertex -1.42041 -27.38 55.1661
      vertex -0.17446 -27.38 55.6341
      vertex -0.0615716 -27.38 55.535
    endloop
  endfacet
  facet normal 0 1 0
    outer loop
      vertex -1.42041 -27.38 55.1661
      vertex -0.0615716 -27.38 55.535
      vertex 0.0370475 -27.38 55.4264
    endloop
  endfacet
  facet normal 0 1 0
    outer loop
      vertex -1.42041 -27.38 55.1661
      vertex 0.0370475 -27.38 55.4264
      vertex 0.121428 -27.38 55.3086
    endloop
  endfacet
  facet normal 0 1 0
    outer loop
      vertex -1.01063 -27.38 54.8323
      vertex 0.121428 -27.38 55.3086
      vertex 0.191523 -27.38 55.1814
    endloop
  endfacet
  facet normal 0 1 0
    outer loop
      vertex -1.5484 -27.38 55.9808
      vertex -1.48197 -27.38 55.1697
      vertex -1.54784 -27.38 55.1693
    endloop
  endfacet
  facet normal 0 1 0
    outer loop
      vertex -1.5484 -27.38 55.9808
      vertex -1.54784 -27.38 55.1693
      vertex -2.0253 -27.38 55.1526
    endloop
  endfacet
  facet normal 0 1 0
    outer loop
      vertex -1.5484 -27.38 55.9808
      vertex -2.0253 -27.38 55.1526
      vertex -3.36386 -27.38 55.9174
    endloop
  endfacet
  facet normal 0 1 0
    outer loop
      vertex -1.98653 -27.38 54.0423
      vertex -3.36386 -27.38 55.9174
      vertex -2.0253 -27.38 55.1526
    endloop
  endfacet
  facet normal 0 1 0
    outer loop
      vertex -1.18306 -27.38 54.1391
      vertex -0.367203 -27.38 53.528
      vertex -1.22599 -27.38 54.1166
    endloop
  endfacet
  facet normal 0 1 0
    outer loop
      vertex -1.22599 -27.38 54.1166
      vertex -0.367203 -27.38 53.528
      vertex -1.27349 -27.38 54.0977
    endloop
  endfacet
  facet normal 0 1 0
    outer loop
      vertex -1.6021 -27.38 53.2664
      vertex -1.27349 -27.38 54.0977
      vertex -0.367203 -27.38 53.528
    endloop
  endfacet
  facet normal 0 1 0
    outer loop
      vertex -1.27349 -27.38 54.0977
      vertex -1.6021 -27.38 53.2664
      vertex -1.32556 -27.38 54.0825
    endloop
  endfacet
  facet normal 0 1 0
    outer loop
      vertex -1.32556 -27.38 54.0825
      vertex -1.6021 -27.38 53.2664
      vertex -1.38216 -27.38 54.071
    endloop
  endfacet
  facet normal 0 1 0
    outer loop
      vertex -1.38216 -27.38 54.071
      vertex -1.6021 -27.38 53.2664
      vertex -1.44333 -27.38 54.0631
    endloop
  endfacet
  facet normal 0 1 0
    outer loop
      vertex -1.44333 -27.38 54.0631
      vertex -1.6021 -27.38 53.2664
      vertex -1.50906 -27.38 54.0589
    endloop
  endfacet
  facet normal 0 1 -0
    outer loop
      vertex -0.272406 -27.38 53.3807
      vertex -0.367203 -27.38 53.528
      vertex -0.263537 -27.38 53.3869
    endloop
  endfacet
  facet normal 0 1 0
    outer loop
      vertex -0.367203 -27.38 53.528
      vertex -0.272406 -27.38 53.3807
      vertex -0.360223 -27.38 53.3281
    endloop
  endfacet
  facet normal 0 1 0
    outer loop
      vertex -1.6021 -27.38 53.2664
      vertex -0.367203 -27.38 53.528
      vertex -0.360223 -27.38 53.3281
    endloop
  endfacet
  facet normal 0 1 0
    outer loop
      vertex -1.50906 -27.38 54.0589
      vertex -1.6021 -27.38 53.2664
      vertex -1.98653 -27.38 54.0423
    endloop
  endfacet
  facet normal 0 1 -0
    outer loop
      vertex -1.959 -27.38 53.2539
      vertex -1.98653 -27.38 54.0423
      vertex -1.6021 -27.38 53.2664
    endloop
  endfacet
  facet normal 0 1 0
    outer loop
      vertex -3.23513 -27.38 52.231
      vertex -1.98653 -27.38 54.0423
      vertex -1.959 -27.38 53.2539
    endloop
  endfacet
  facet normal 0 1 0
    outer loop
      vertex -3.23513 -27.38 52.231
      vertex -1.959 -27.38 53.2539
      vertex -1.92487 -27.38 52.2768
    endloop
  endfacet
  facet normal 0 1 0
    outer loop
      vertex -1.98653 -27.38 54.0423
      vertex -3.23513 -27.38 52.231
      vertex -3.36386 -27.38 55.9174
    endloop
  endfacet
  facet normal 0 -1 0
    outer loop
      vertex -21.0716 -27.848 53.3591
      vertex -21.0634 -27.848 53.3474
      vertex -21.0786 -27.848 53.559
    endloop
  endfacet
  facet normal 0 -1 0
    outer loop
      vertex -21.0564 -27.848 53.1476
      vertex -21.0634 -27.848 53.3474
      vertex -21.0716 -27.848 53.3591
    endloop
  endfacet
  facet normal 0 -1 0
    outer loop
      vertex -21.0634 -27.848 53.3474
      vertex -21.0564 -27.848 53.1476
      vertex -21.033 -27.848 53.1486
    endloop
  endfacet
  facet normal 0 -1 0
    outer loop
      vertex -21.0564 -27.848 53.1476
      vertex -20.9874 -27.848 52.9624
      vertex -21.033 -27.848 53.1486
    endloop
  endfacet
  facet normal 0 -1 0
    outer loop
      vertex -21.026 -27.848 52.9487
      vertex -20.9874 -27.848 52.9624
      vertex -21.0564 -27.848 53.1476
    endloop
  endfacet
  facet normal 0 -1 0
    outer loop
      vertex -21.026 -27.848 52.9487
      vertex -20.9266 -27.848 52.7889
      vertex -20.9874 -27.848 52.9624
    endloop
  endfacet
  facet normal 0 -1 0
    outer loop
      vertex -20.9804 -27.848 52.7625
      vertex -20.9266 -27.848 52.7889
      vertex -21.026 -27.848 52.9487
    endloop
  endfacet
  facet normal 0 -1 0
    outer loop
      vertex -20.9804 -27.848 52.7625
      vertex -20.8507 -27.848 52.6281
      vertex -20.9266 -27.848 52.7889
    endloop
  endfacet
  facet normal 0 -1 0
    outer loop
      vertex -20.9196 -27.848 52.589
      vertex -20.8507 -27.848 52.6281
      vertex -20.9804 -27.848 52.7625
    endloop
  endfacet
  facet normal 0 -1 0
    outer loop
      vertex -20.9196 -27.848 52.589
      vertex -20.7595 -27.848 52.48
      vertex -20.8507 -27.848 52.6281
    endloop
  endfacet
  facet normal 0 -1 0
    outer loop
      vertex -20.8437 -27.848 52.4282
      vertex -20.7595 -27.848 52.48
      vertex -20.9196 -27.848 52.589
    endloop
  endfacet
  facet normal 0 -1 0
    outer loop
      vertex -20.7525 -27.848 52.2801
      vertex -20.7595 -27.848 52.48
      vertex -20.8437 -27.848 52.4282
    endloop
  endfacet
  facet normal 0 -1 0
    outer loop
      vertex -20.7595 -27.848 52.48
      vertex -20.7525 -27.848 52.2801
      vertex -20.6532 -27.848 52.3445
    endloop
  endfacet
  facet normal 0 -1 0
    outer loop
      vertex -20.6462 -27.848 52.1447
      vertex -20.6532 -27.848 52.3445
      vertex -20.7525 -27.848 52.2801
    endloop
  endfacet
  facet normal 0 -1 0
    outer loop
      vertex -20.6532 -27.848 52.3445
      vertex -20.6462 -27.848 52.1447
      vertex -20.5316 -27.848 52.2218
    endloop
  endfacet
  facet normal 0 -1 0
    outer loop
      vertex -20.5246 -27.848 52.0219
      vertex -20.5316 -27.848 52.2218
      vertex -20.6462 -27.848 52.1447
    endloop
  endfacet
  facet normal 0 -1 0
    outer loop
      vertex -20.5316 -27.848 52.2218
      vertex -20.5246 -27.848 52.0219
      vertex -20.3966 -27.848 52.1132
    endloop
  endfacet
  facet normal 0 -1 0
    outer loop
      vertex -20.3896 -27.848 51.9133
      vertex -20.3966 -27.848 52.1132
      vertex -20.5246 -27.848 52.0219
    endloop
  endfacet
  facet normal 0 -1 0
    outer loop
      vertex -20.3966 -27.848 52.1132
      vertex -20.3896 -27.848 51.9133
      vertex -20.2498 -27.848 52.0201
    endloop
  endfacet
  facet normal 0 -1 0
    outer loop
      vertex -20.2428 -27.848 51.8202
      vertex -20.2498 -27.848 52.0201
      vertex -20.3896 -27.848 51.9133
    endloop
  endfacet
  facet normal 0 -1 0
    outer loop
      vertex -20.2498 -27.848 52.0201
      vertex -20.2428 -27.848 51.8202
      vertex -20.0912 -27.848 51.9425
    endloop
  endfacet
  facet normal 0 -1 0
    outer loop
      vertex -20.0842 -27.848 51.7426
      vertex -20.0912 -27.848 51.9425
      vertex -20.2428 -27.848 51.8202
    endloop
  endfacet
  facet normal 0 -1 0
    outer loop
      vertex -20.0912 -27.848 51.9425
      vertex -20.0842 -27.848 51.7426
      vertex -19.9208 -27.848 51.8804
    endloop
  endfacet
  facet normal 0 -1 0
    outer loop
      vertex -19.9138 -27.848 51.6806
      vertex -19.9208 -27.848 51.8804
      vertex -20.0842 -27.848 51.7426
    endloop
  endfacet
  facet normal 0 -1 0
    outer loop
      vertex -19.9208 -27.848 51.8804
      vertex -19.9138 -27.848 51.6806
      vertex -19.7386 -27.848 51.8339
    endloop
  endfacet
  facet normal 0 -1 0
    outer loop
      vertex -19.7316 -27.848 51.634
      vertex -19.7386 -27.848 51.8339
      vertex -19.9138 -27.848 51.6806
    endloop
  endfacet
  facet normal 0 -1 0
    outer loop
      vertex -17.2927 -27.848 53.4791
      vertex -17.2853 -27.848 53.4913
      vertex -17.2923 -27.848 53.6912
    endloop
  endfacet
  facet normal 0 -1 0
    outer loop
      vertex -17.2927 -27.848 53.4791
      vertex -17.2857 -27.848 53.2792
      vertex -17.2853 -27.848 53.4913
    endloop
  endfacet
  facet normal 0 -1 0
    outer loop
      vertex -17.3091 -27.848 53.2786
      vertex -17.2857 -27.848 53.2792
      vertex -17.2927 -27.848 53.4791
    endloop
  endfacet
  facet normal 0 -1 0
    outer loop
      vertex -17.3416 -27.848 53.0897
      vertex -17.2857 -27.848 53.2792
      vertex -17.3091 -27.848 53.2786
    endloop
  endfacet
  facet normal 0 -1 0
    outer loop
      vertex -17.3416 -27.848 53.0897
      vertex -17.3021 -27.848 53.0787
      vertex -17.2857 -27.848 53.2792
    endloop
  endfacet
  facet normal 0 -1 0
    outer loop
      vertex -17.3901 -27.848 52.9124
      vertex -17.3021 -27.848 53.0787
      vertex -17.3416 -27.848 53.0897
    endloop
  endfacet
  facet normal 0 -1 0
    outer loop
      vertex -17.3901 -27.848 52.9124
      vertex -17.3346 -27.848 52.8898
      vertex -17.3021 -27.848 53.0787
    endloop
  endfacet
  facet normal 0 -1 0
    outer loop
      vertex -17.4547 -27.848 52.7467
      vertex -17.3346 -27.848 52.8898
      vertex -17.3901 -27.848 52.9124
    endloop
  endfacet
  facet normal 0 -1 0
    outer loop
      vertex -17.4547 -27.848 52.7467
      vertex -17.3831 -27.848 52.7125
      vertex -17.3346 -27.848 52.8898
    endloop
  endfacet
  facet normal 0 -1 0
    outer loop
      vertex -17.5353 -27.848 52.5926
      vertex -17.3831 -27.848 52.7125
      vertex -17.4547 -27.848 52.7467
    endloop
  endfacet
  facet normal 0 -1 0
    outer loop
      vertex -17.5353 -27.848 52.5926
      vertex -17.4477 -27.848 52.5468
      vertex -17.3831 -27.848 52.7125
    endloop
  endfacet
  facet normal 0 -1 0
    outer loop
      vertex -17.5283 -27.848 52.3927
      vertex -17.5353 -27.848 52.5926
      vertex -17.6319 -27.848 52.45
    endloop
  endfacet
  facet normal 0 -1 0
    outer loop
      vertex -17.5353 -27.848 52.5926
      vertex -17.5283 -27.848 52.3927
      vertex -17.4477 -27.848 52.5468
    endloop
  endfacet
  facet normal 0 -1 0
    outer loop
      vertex -17.6249 -27.848 52.2502
      vertex -17.6319 -27.848 52.45
      vertex -17.7446 -27.848 52.3191
    endloop
  endfacet
  facet normal 0 -1 0
    outer loop
      vertex -17.6319 -27.848 52.45
      vertex -17.6249 -27.848 52.2502
      vertex -17.5283 -27.848 52.3927
    endloop
  endfacet
  facet normal 0 -1 0
    outer loop
      vertex -17.7376 -27.848 52.1192
      vertex -17.7446 -27.848 52.3191
      vertex -17.8717 -27.848 52.2013
    endloop
  endfacet
  facet normal 0 -1 0
    outer loop
      vertex -17.7446 -27.848 52.3191
      vertex -17.7376 -27.848 52.1192
      vertex -17.6249 -27.848 52.2502
    endloop
  endfacet
  facet normal 0 -1 0
    outer loop
      vertex -17.8647 -27.848 52.0015
      vertex -17.8717 -27.848 52.2013
      vertex -18.0117 -27.848 52.0982
    endloop
  endfacet
  facet normal 0 -1 0
    outer loop
      vertex -18.0047 -27.848 51.8983
      vertex -18.0117 -27.848 52.0982
      vertex -18.1645 -27.848 52.0098
    endloop
  endfacet
  facet normal 0 -1 0
    outer loop
      vertex -17.8717 -27.848 52.2013
      vertex -17.8647 -27.848 52.0015
      vertex -17.7376 -27.848 52.1192
    endloop
  endfacet
  facet normal 0 -1 0
    outer loop
      vertex -18.1575 -27.848 51.8099
      vertex -18.1645 -27.848 52.0098
      vertex -18.3302 -27.848 51.936
    endloop
  endfacet
  facet normal 0 -1 0
    outer loop
      vertex -18.0117 -27.848 52.0982
      vertex -18.0047 -27.848 51.8983
      vertex -17.8647 -27.848 52.0015
    endloop
  endfacet
  facet normal 0 -1 0
    outer loop
      vertex -18.3232 -27.848 51.7361
      vertex -18.3302 -27.848 51.936
      vertex -18.5087 -27.848 51.8769
    endloop
  endfacet
  facet normal 0 -1 0
    outer loop
      vertex -18.5017 -27.848 51.677
      vertex -18.5087 -27.848 51.8769
      vertex -18.7 -27.848 51.8324
    endloop
  endfacet
  facet normal 0 -1 0
    outer loop
      vertex -18.1645 -27.848 52.0098
      vertex -18.1575 -27.848 51.8099
      vertex -18.0047 -27.848 51.8983
    endloop
  endfacet
  facet normal 0 -1 0
    outer loop
      vertex -18.693 -27.848 51.6325
      vertex -18.7 -27.848 51.8324
      vertex -18.9042 -27.848 51.8026
    endloop
  endfacet
  facet normal 0 -1 0
    outer loop
      vertex -18.8972 -27.848 51.6027
      vertex -18.9042 -27.848 51.8026
      vertex -19.1212 -27.848 51.7875
    endloop
  endfacet
  facet normal 0 -1 0
    outer loop
      vertex -19.7386 -27.848 51.8339
      vertex -19.7316 -27.848 51.634
      vertex -19.5446 -27.848 51.8029
    endloop
  endfacet
  facet normal 0 -1 0
    outer loop
      vertex -19.5376 -27.848 51.603
      vertex -19.5446 -27.848 51.8029
      vertex -19.7316 -27.848 51.634
    endloop
  endfacet
  facet normal -0 -1 0
    outer loop
      vertex -18.8972 -27.848 51.6027
      vertex -19.1212 -27.848 51.7875
      vertex -19.1143 -27.848 51.5876
    endloop
  endfacet
  facet normal 0 -1 0
    outer loop
      vertex -19.5446 -27.848 51.8029
      vertex -19.5376 -27.848 51.603
      vertex -19.3388 -27.848 51.7874
    endloop
  endfacet
  facet normal 0 -1 0
    outer loop
      vertex -18.7 -27.848 51.8324
      vertex -18.693 -27.848 51.6325
      vertex -18.5017 -27.848 51.677
    endloop
  endfacet
  facet normal 0 -1 0
    outer loop
      vertex -19.3318 -27.848 51.5875
      vertex -19.3388 -27.848 51.7874
      vertex -19.5376 -27.848 51.603
    endloop
  endfacet
  facet normal 0 -1 0
    outer loop
      vertex -18.3302 -27.848 51.936
      vertex -18.3232 -27.848 51.7361
      vertex -18.1575 -27.848 51.8099
    endloop
  endfacet
  facet normal 0 -1 0
    outer loop
      vertex -19.3388 -27.848 51.7874
      vertex -19.3318 -27.848 51.5875
      vertex -19.1212 -27.848 51.7875
    endloop
  endfacet
  facet normal 0 -1 0
    outer loop
      vertex -18.5087 -27.848 51.8769
      vertex -18.5017 -27.848 51.677
      vertex -18.3232 -27.848 51.7361
    endloop
  endfacet
  facet normal 0 -1 0
    outer loop
      vertex -18.9042 -27.848 51.8026
      vertex -18.8972 -27.848 51.6027
      vertex -18.693 -27.848 51.6325
    endloop
  endfacet
  facet normal 0 -1 -0
    outer loop
      vertex -19.1212 -27.848 51.7875
      vertex -19.3318 -27.848 51.5875
      vertex -19.1143 -27.848 51.5876
    endloop
  endfacet
  facet normal 0 -1 0
    outer loop
      vertex -5.92326 -27.848 55.2388
      vertex -4.04529 -27.848 55.1043
      vertex -4.05227 -27.848 55.3042
    endloop
  endfacet
  facet normal -0 -1 0
    outer loop
      vertex -4.04529 -27.848 55.1043
      vertex -5.92326 -27.848 55.2388
      vertex -5.91628 -27.848 55.039
    endloop
  endfacet
  facet normal 0 -1 0
    outer loop
      vertex -7.11006 -27.848 52.2958
      vertex -3.87194 -27.848 52.2088
      vertex -3.87892 -27.848 52.4087
    endloop
  endfacet
  facet normal -0 -1 0
    outer loop
      vertex -3.87194 -27.848 52.2088
      vertex -7.11006 -27.848 52.2958
      vertex -7.10308 -27.848 52.096
    endloop
  endfacet
  facet normal 0 -1 0
    outer loop
      vertex -5.87441 -27.848 53.8398
      vertex -4.22407 -27.848 53.6973
      vertex -4.23105 -27.848 53.8972
    endloop
  endfacet
  facet normal -0 -1 0
    outer loop
      vertex -4.22407 -27.848 53.6973
      vertex -5.87441 -27.848 53.8398
      vertex -5.86743 -27.848 53.6399
    endloop
  endfacet
  facet normal 0 -1 0
    outer loop
      vertex -7.81903 -27.848 54.0173
      vertex -7.81246 -27.848 53.9653
      vertex -7.83049 -27.848 54.1081
    endloop
  endfacet
  facet normal 0 -1 0
    outer loop
      vertex -7.82415 -27.848 53.9265
      vertex -7.81246 -27.848 53.9653
      vertex -7.81903 -27.848 54.0173
    endloop
  endfacet
  facet normal 0 -1 0
    outer loop
      vertex -7.82415 -27.848 53.9265
      vertex -7.80938 -27.848 53.9171
      vertex -7.81246 -27.848 53.9653
    endloop
  endfacet
  facet normal 0 -1 0
    outer loop
      vertex -7.82415 -27.848 53.9265
      vertex -7.80911 -27.848 53.8693
      vertex -7.80938 -27.848 53.9171
    endloop
  endfacet
  facet normal 0 -1 0
    outer loop
      vertex -7.84104 -27.848 53.7886
      vertex -7.80911 -27.848 53.8693
      vertex -7.82415 -27.848 53.9265
    endloop
  endfacet
  facet normal 0 -1 0
    outer loop
      vertex -7.84104 -27.848 53.7886
      vertex -7.81717 -27.848 53.7266
      vertex -7.80911 -27.848 53.8693
    endloop
  endfacet
  facet normal 0 -1 0
    outer loop
      vertex -7.8668 -27.848 53.6556
      vertex -7.81717 -27.848 53.7266
      vertex -7.84104 -27.848 53.7886
    endloop
  endfacet
  facet normal 0 -1 0
    outer loop
      vertex -7.8668 -27.848 53.6556
      vertex -7.83406 -27.848 53.5888
      vertex -7.81717 -27.848 53.7266
    endloop
  endfacet
  facet normal 0 -1 0
    outer loop
      vertex -7.9014 -27.848 53.5274
      vertex -7.83406 -27.848 53.5888
      vertex -7.8668 -27.848 53.6556
    endloop
  endfacet
  facet normal 0 -1 0
    outer loop
      vertex -7.9014 -27.848 53.5274
      vertex -7.85982 -27.848 53.4557
      vertex -7.83406 -27.848 53.5888
    endloop
  endfacet
  facet normal 0 -1 0
    outer loop
      vertex -7.94485 -27.848 53.4039
      vertex -7.85982 -27.848 53.4557
      vertex -7.9014 -27.848 53.5274
    endloop
  endfacet
  facet normal 0 -1 0
    outer loop
      vertex -7.94485 -27.848 53.4039
      vertex -7.89442 -27.848 53.3275
      vertex -7.85982 -27.848 53.4557
    endloop
  endfacet
  facet normal 0 -1 0
    outer loop
      vertex -7.99717 -27.848 53.2853
      vertex -7.89442 -27.848 53.3275
      vertex -7.94485 -27.848 53.4039
    endloop
  endfacet
  facet normal 0 -1 0
    outer loop
      vertex -7.99717 -27.848 53.2853
      vertex -7.93787 -27.848 53.2041
      vertex -7.89442 -27.848 53.3275
    endloop
  endfacet
  facet normal 0 -1 0
    outer loop
      vertex -8.05833 -27.848 53.1716
      vertex -7.93787 -27.848 53.2041
      vertex -7.99717 -27.848 53.2853
    endloop
  endfacet
  facet normal 0 -1 0
    outer loop
      vertex -8.05833 -27.848 53.1716
      vertex -7.99019 -27.848 53.0855
      vertex -7.93787 -27.848 53.2041
    endloop
  endfacet
  facet normal 0 -1 0
    outer loop
      vertex -8.12742 -27.848 53.0632
      vertex -7.99019 -27.848 53.0855
      vertex -8.05833 -27.848 53.1716
    endloop
  endfacet
  facet normal 0 -1 0
    outer loop
      vertex -8.12742 -27.848 53.0632
      vertex -8.05135 -27.848 52.9717
      vertex -7.99019 -27.848 53.0855
    endloop
  endfacet
  facet normal 0 -1 0
    outer loop
      vertex -8.20349 -27.848 52.9608
      vertex -8.05135 -27.848 52.9717
      vertex -8.12742 -27.848 53.0632
    endloop
  endfacet
  facet normal 0 -1 0
    outer loop
      vertex -8.12044 -27.848 52.8633
      vertex -8.20349 -27.848 52.9608
      vertex -8.28654 -27.848 52.8645
    endloop
  endfacet
  facet normal 0 -1 0
    outer loop
      vertex -8.20349 -27.848 52.9608
      vertex -8.12044 -27.848 52.8633
      vertex -8.05135 -27.848 52.9717
    endloop
  endfacet
  facet normal 0 -1 0
    outer loop
      vertex -8.19651 -27.848 52.761
      vertex -8.28654 -27.848 52.8645
      vertex -8.37658 -27.848 52.7741
    endloop
  endfacet
  facet normal 0 -1 0
    outer loop
      vertex -8.28654 -27.848 52.8645
      vertex -8.19651 -27.848 52.761
      vertex -8.12044 -27.848 52.8633
    endloop
  endfacet
  facet normal 0 -1 0
    outer loop
      vertex -8.27956 -27.848 52.6646
      vertex -8.37658 -27.848 52.7741
      vertex -8.4736 -27.848 52.6898
    endloop
  endfacet
  facet normal 0 -1 0
    outer loop
      vertex -8.37658 -27.848 52.7741
      vertex -8.27956 -27.848 52.6646
      vertex -8.19651 -27.848 52.761
    endloop
  endfacet
  facet normal 0 -1 0
    outer loop
      vertex -8.46662 -27.848 52.4899
      vertex -8.4736 -27.848 52.6898
      vertex -8.5776 -27.848 52.6115
    endloop
  endfacet
  facet normal 0 -1 0
    outer loop
      vertex -8.4736 -27.848 52.6898
      vertex -8.3696 -27.848 52.5742
      vertex -8.27956 -27.848 52.6646
    endloop
  endfacet
  facet normal 0 -1 0
    outer loop
      vertex -8.57062 -27.848 52.4116
      vertex -8.5776 -27.848 52.6115
      vertex -8.68859 -27.848 52.5391
    endloop
  endfacet
  facet normal 0 -1 0
    outer loop
      vertex -8.4736 -27.848 52.6898
      vertex -8.46662 -27.848 52.4899
      vertex -8.3696 -27.848 52.5742
    endloop
  endfacet
  facet normal 0 -1 0
    outer loop
      vertex -8.68161 -27.848 52.3393
      vertex -8.68859 -27.848 52.5391
      vertex -8.80657 -27.848 52.4728
    endloop
  endfacet
  facet normal 0 -1 0
    outer loop
      vertex -8.79959 -27.848 52.2729
      vertex -8.80657 -27.848 52.4728
      vertex -8.93059 -27.848 52.4131
    endloop
  endfacet
  facet normal 0 -1 0
    outer loop
      vertex -8.5776 -27.848 52.6115
      vertex -8.57062 -27.848 52.4116
      vertex -8.46662 -27.848 52.4899
    endloop
  endfacet
  facet normal 0 -1 0
    outer loop
      vertex -8.92361 -27.848 52.2133
      vertex -8.93059 -27.848 52.4131
      vertex -9.05973 -27.848 52.3606
    endloop
  endfacet
  facet normal 0 -1 0
    outer loop
      vertex -8.68859 -27.848 52.5391
      vertex -8.68161 -27.848 52.3393
      vertex -8.57062 -27.848 52.4116
    endloop
  endfacet
  facet normal 0 -1 0
    outer loop
      vertex -9.05275 -27.848 52.1608
      vertex -9.05973 -27.848 52.3606
      vertex -9.19398 -27.848 52.3153
    endloop
  endfacet
  facet normal 0 -1 0
    outer loop
      vertex -9.187 -27.848 52.1155
      vertex -9.19398 -27.848 52.3153
      vertex -9.33335 -27.848 52.2773
    endloop
  endfacet
  facet normal 0 -1 0
    outer loop
      vertex -8.80657 -27.848 52.4728
      vertex -8.79959 -27.848 52.2729
      vertex -8.68161 -27.848 52.3393
    endloop
  endfacet
  facet normal 0 -1 0
    outer loop
      vertex -9.32637 -27.848 52.0774
      vertex -9.33335 -27.848 52.2773
      vertex -9.47784 -27.848 52.2464
    endloop
  endfacet
  facet normal 0 -1 0
    outer loop
      vertex -9.47086 -27.848 52.0465
      vertex -9.47784 -27.848 52.2464
      vertex -9.62745 -27.848 52.2227
    endloop
  endfacet
  facet normal 0 -1 0
    outer loop
      vertex -8.93059 -27.848 52.4131
      vertex -8.92361 -27.848 52.2133
      vertex -8.79959 -27.848 52.2729
    endloop
  endfacet
  facet normal 0 -1 0
    outer loop
      vertex -9.62047 -27.848 52.0228
      vertex -9.62745 -27.848 52.2227
      vertex -9.78216 -27.848 52.2062
    endloop
  endfacet
  facet normal 0 -1 0
    outer loop
      vertex -9.77518 -27.848 52.0063
      vertex -9.78216 -27.848 52.2062
      vertex -9.94199 -27.848 52.1969
    endloop
  endfacet
  facet normal 0 -1 0
    outer loop
      vertex -9.05973 -27.848 52.3606
      vertex -9.05275 -27.848 52.1608
      vertex -8.92361 -27.848 52.2133
    endloop
  endfacet
  facet normal 0 -1 0
    outer loop
      vertex -9.93501 -27.848 51.9971
      vertex -9.94199 -27.848 52.1969
      vertex -11.8574 -27.848 52.1301
    endloop
  endfacet
  facet normal -0 -1 0
    outer loop
      vertex -9.77518 -27.848 52.0063
      vertex -9.94199 -27.848 52.1969
      vertex -9.93501 -27.848 51.9971
    endloop
  endfacet
  facet normal 0 -1 0
    outer loop
      vertex -9.19398 -27.848 52.3153
      vertex -9.187 -27.848 52.1155
      vertex -9.05275 -27.848 52.1608
    endloop
  endfacet
  facet normal 0 -1 0
    outer loop
      vertex -9.33335 -27.848 52.2773
      vertex -9.32637 -27.848 52.0774
      vertex -9.187 -27.848 52.1155
    endloop
  endfacet
  facet normal 0 -1 0
    outer loop
      vertex -9.47784 -27.848 52.2464
      vertex -9.47086 -27.848 52.0465
      vertex -9.32637 -27.848 52.0774
    endloop
  endfacet
  facet normal 0 -1 0
    outer loop
      vertex -9.62745 -27.848 52.2227
      vertex -9.62047 -27.848 52.0228
      vertex -9.47086 -27.848 52.0465
    endloop
  endfacet
  facet normal 0 -1 0
    outer loop
      vertex -9.78216 -27.848 52.2062
      vertex -9.77518 -27.848 52.0063
      vertex -9.62047 -27.848 52.0228
    endloop
  endfacet
  facet normal -0 -1 0
    outer loop
      vertex -9.93501 -27.848 51.9971
      vertex -11.8574 -27.848 52.1301
      vertex -11.8504 -27.848 51.9302
    endloop
  endfacet
  facet normal 0 -1 0
    outer loop
      vertex -10.0906 -27.848 54.8598
      vertex -10.0292 -27.848 55.0605
      vertex -10.0976 -27.848 55.0597
    endloop
  endfacet
  facet normal 0 -1 0
    outer loop
      vertex -10.0292 -27.848 55.0605
      vertex -10.0222 -27.848 54.8606
      vertex -9.96286 -27.848 55.0578
    endloop
  endfacet
  facet normal 0 -1 0
    outer loop
      vertex -9.95588 -27.848 54.8579
      vertex -9.96286 -27.848 55.0578
      vertex -10.0222 -27.848 54.8606
    endloop
  endfacet
  facet normal 0 -1 0
    outer loop
      vertex -10.0906 -27.848 54.8598
      vertex -10.0976 -27.848 55.0597
      vertex -10.6472 -27.848 55.0405
    endloop
  endfacet
  facet normal 0 -1 -0
    outer loop
      vertex -10.0292 -27.848 55.0605
      vertex -10.0906 -27.848 54.8598
      vertex -10.0222 -27.848 54.8606
    endloop
  endfacet
  facet normal 0 -1 0
    outer loop
      vertex -9.96286 -27.848 55.0578
      vertex -9.95588 -27.848 54.8579
      vertex -9.8986 -27.848 55.0518
    endloop
  endfacet
  facet normal 0 -1 0
    outer loop
      vertex -9.89162 -27.848 54.8519
      vertex -9.8986 -27.848 55.0518
      vertex -9.95588 -27.848 54.8579
    endloop
  endfacet
  facet normal 0 -1 0
    outer loop
      vertex -9.8986 -27.848 55.0518
      vertex -9.89162 -27.848 54.8519
      vertex -9.83639 -27.848 55.0424
    endloop
  endfacet
  facet normal 0 -1 0
    outer loop
      vertex -9.83639 -27.848 55.0424
      vertex -9.82941 -27.848 54.8425
      vertex -9.77624 -27.848 55.0297
    endloop
  endfacet
  facet normal 0 -1 0
    outer loop
      vertex -9.76926 -27.848 54.8298
      vertex -9.77624 -27.848 55.0297
      vertex -9.82941 -27.848 54.8425
    endloop
  endfacet
  facet normal 0 -1 -0
    outer loop
      vertex -9.71813 -27.848 55.0135
      vertex -9.76926 -27.848 54.8298
      vertex -9.66208 -27.848 54.994
    endloop
  endfacet
  facet normal 0 -1 0
    outer loop
      vertex -9.77624 -27.848 55.0297
      vertex -9.76926 -27.848 54.8298
      vertex -9.71813 -27.848 55.0135
    endloop
  endfacet
  facet normal 0 -1 0
    outer loop
      vertex -9.82941 -27.848 54.8425
      vertex -9.83639 -27.848 55.0424
      vertex -9.89162 -27.848 54.8519
    endloop
  endfacet
  facet normal -0 -1 0
    outer loop
      vertex -10.0906 -27.848 54.8598
      vertex -10.6472 -27.848 55.0405
      vertex -10.6402 -27.848 54.8406
    endloop
  endfacet
  facet normal 0 -1 0
    outer loop
      vertex -9.71115 -27.848 54.8137
      vertex -9.66208 -27.848 54.994
      vertex -9.76926 -27.848 54.8298
    endloop
  endfacet
  facet normal 0 -1 -0
    outer loop
      vertex -9.66208 -27.848 54.994
      vertex -9.71115 -27.848 54.8137
      vertex -9.60809 -27.848 54.9712
    endloop
  endfacet
  facet normal 0 -1 0
    outer loop
      vertex -9.6551 -27.848 54.7942
      vertex -9.60809 -27.848 54.9712
      vertex -9.71115 -27.848 54.8137
    endloop
  endfacet
  facet normal 0 -1 -0
    outer loop
      vertex -9.60809 -27.848 54.9712
      vertex -9.6551 -27.848 54.7942
      vertex -9.5565 -27.848 54.945
    endloop
  endfacet
  facet normal 0 -1 0
    outer loop
      vertex -9.60111 -27.848 54.7713
      vertex -9.5565 -27.848 54.945
      vertex -9.6551 -27.848 54.7942
    endloop
  endfacet
  facet normal 0 -1 -0
    outer loop
      vertex -9.5565 -27.848 54.945
      vertex -9.60111 -27.848 54.7713
      vertex -9.50766 -27.848 54.9156
    endloop
  endfacet
  facet normal 0 -1 0
    outer loop
      vertex -9.54952 -27.848 54.7452
      vertex -9.50766 -27.848 54.9156
      vertex -9.60111 -27.848 54.7713
    endloop
  endfacet
  facet normal 0 -1 -0
    outer loop
      vertex -9.50766 -27.848 54.9156
      vertex -9.54952 -27.848 54.7452
      vertex -9.46157 -27.848 54.883
    endloop
  endfacet
  facet normal 0 -1 -0
    outer loop
      vertex -9.46157 -27.848 54.883
      vertex -9.54952 -27.848 54.7452
      vertex -9.41824 -27.848 54.8472
    endloop
  endfacet
  facet normal 0 -1 0
    outer loop
      vertex -9.50068 -27.848 54.7158
      vertex -9.41824 -27.848 54.8472
      vertex -9.54952 -27.848 54.7452
    endloop
  endfacet
  facet normal 0 -1 -0
    outer loop
      vertex -9.41824 -27.848 54.8472
      vertex -9.50068 -27.848 54.7158
      vertex -9.37767 -27.848 54.8082
    endloop
  endfacet
  facet normal 0 -1 0
    outer loop
      vertex -9.45459 -27.848 54.6832
      vertex -9.37767 -27.848 54.8082
      vertex -9.50068 -27.848 54.7158
    endloop
  endfacet
  facet normal 0 -1 -0
    outer loop
      vertex -9.37767 -27.848 54.8082
      vertex -9.45459 -27.848 54.6832
      vertex -9.33985 -27.848 54.7659
    endloop
  endfacet
  facet normal 0 -1 0
    outer loop
      vertex -9.41126 -27.848 54.6473
      vertex -9.33985 -27.848 54.7659
      vertex -9.45459 -27.848 54.6832
    endloop
  endfacet
  facet normal 0 -1 -0
    outer loop
      vertex -9.33985 -27.848 54.7659
      vertex -9.41126 -27.848 54.6473
      vertex -9.30478 -27.848 54.7204
    endloop
  endfacet
  facet normal 0 -1 0
    outer loop
      vertex -9.37069 -27.848 54.6083
      vertex -9.30478 -27.848 54.7204
      vertex -9.41126 -27.848 54.6473
    endloop
  endfacet
  facet normal 0 -1 -0
    outer loop
      vertex -9.30478 -27.848 54.7204
      vertex -9.37069 -27.848 54.6083
      vertex -9.27247 -27.848 54.6716
    endloop
  endfacet
  facet normal 0 -1 0
    outer loop
      vertex -9.33287 -27.848 54.566
      vertex -9.27247 -27.848 54.6716
      vertex -9.37069 -27.848 54.6083
    endloop
  endfacet
  facet normal 0 -1 -0
    outer loop
      vertex -9.27247 -27.848 54.6716
      vertex -9.33287 -27.848 54.566
      vertex -9.24329 -27.848 54.6198
    endloop
  endfacet
  facet normal 0 -1 0
    outer loop
      vertex -9.2978 -27.848 54.5205
      vertex -9.24329 -27.848 54.6198
      vertex -9.33287 -27.848 54.566
    endloop
  endfacet
  facet normal 0 -1 -0
    outer loop
      vertex -9.24329 -27.848 54.6198
      vertex -9.2978 -27.848 54.5205
      vertex -9.21766 -27.848 54.5648
    endloop
  endfacet
  facet normal 0 -1 0
    outer loop
      vertex -9.2978 -27.848 54.5205
      vertex -9.19556 -27.848 54.5068
      vertex -9.21766 -27.848 54.5648
    endloop
  endfacet
  facet normal 0 -1 0
    outer loop
      vertex -9.26549 -27.848 54.4718
      vertex -9.19556 -27.848 54.5068
      vertex -9.2978 -27.848 54.5205
    endloop
  endfacet
  facet normal 0 -1 0
    outer loop
      vertex -9.26549 -27.848 54.4718
      vertex -9.17701 -27.848 54.4457
      vertex -9.19556 -27.848 54.5068
    endloop
  endfacet
  facet normal 0 -1 0
    outer loop
      vertex -9.23631 -27.848 54.4199
      vertex -9.17701 -27.848 54.4457
      vertex -9.26549 -27.848 54.4718
    endloop
  endfacet
  facet normal 0 -1 0
    outer loop
      vertex -9.23631 -27.848 54.4199
      vertex -9.16201 -27.848 54.3815
      vertex -9.17701 -27.848 54.4457
    endloop
  endfacet
  facet normal 0 -1 0
    outer loop
      vertex -9.21068 -27.848 54.3649
      vertex -9.16201 -27.848 54.3815
      vertex -9.23631 -27.848 54.4199
    endloop
  endfacet
  facet normal 0 -1 0
    outer loop
      vertex -9.18858 -27.848 54.3069
      vertex -9.16201 -27.848 54.3815
      vertex -9.21068 -27.848 54.3649
    endloop
  endfacet
  facet normal 0 -1 -0
    outer loop
      vertex -9.16201 -27.848 54.3815
      vertex -9.18858 -27.848 54.3069
      vertex -9.15053 -27.848 54.3143
    endloop
  endfacet
  facet normal 0 -1 0
    outer loop
      vertex -9.17003 -27.848 54.2458
      vertex -9.15053 -27.848 54.3143
      vertex -9.18858 -27.848 54.3069
    endloop
  endfacet
  facet normal 0 -1 0
    outer loop
      vertex -9.17003 -27.848 54.2458
      vertex -9.14261 -27.848 54.2439
      vertex -9.15053 -27.848 54.3143
    endloop
  endfacet
  facet normal 0 -1 0
    outer loop
      vertex -9.15503 -27.848 54.1816
      vertex -9.14261 -27.848 54.2439
      vertex -9.17003 -27.848 54.2458
    endloop
  endfacet
  facet normal 0 -1 0
    outer loop
      vertex -9.15503 -27.848 54.1816
      vertex -9.13821 -27.848 54.1705
      vertex -9.14261 -27.848 54.2439
    endloop
  endfacet
  facet normal 0 -1 0
    outer loop
      vertex -9.14355 -27.848 54.1144
      vertex -9.13821 -27.848 54.1705
      vertex -9.15503 -27.848 54.1816
    endloop
  endfacet
  facet normal 0 -1 0
    outer loop
      vertex -9.14355 -27.848 54.1144
      vertex -9.13752 -27.848 54.0982
      vertex -9.13821 -27.848 54.1705
    endloop
  endfacet
  facet normal 0 -1 0
    outer loop
      vertex -9.14355 -27.848 54.1144
      vertex -9.13868 -27.848 54.0712
      vertex -9.13752 -27.848 54.0982
    endloop
  endfacet
  facet normal -0 -1 -0
    outer loop
      vertex -9.13868 -27.848 54.0712
      vertex -9.14355 -27.848 54.1144
      vertex -9.13563 -27.848 54.044
    endloop
  endfacet
  facet normal 0 -1 0
    outer loop
      vertex -15.2561 -27.848 53.5805
      vertex -13.7246 -27.848 52.0649
      vertex -15.263 -27.848 53.7804
    endloop
  endfacet
  facet normal 0 -1 0
    outer loop
      vertex -13.7246 -27.848 52.0649
      vertex -13.7176 -27.848 51.865
      vertex -12.6406 -27.848 51.9026
    endloop
  endfacet
  facet normal 0 -1 0
    outer loop
      vertex -13.7176 -27.848 51.865
      vertex -13.7246 -27.848 52.0649
      vertex -15.2561 -27.848 53.5805
    endloop
  endfacet
  facet normal 0 -1 -0
    outer loop
      vertex -12.6475 -27.848 52.1025
      vertex -13.7246 -27.848 52.0649
      vertex -12.6406 -27.848 51.9026
    endloop
  endfacet
  facet normal 0 -1 0
    outer loop
      vertex -16.4783 -27.848 51.9687
      vertex -15.1944 -27.848 51.8134
      vertex -15.2013 -27.848 52.0133
    endloop
  endfacet
  facet normal -0 -1 0
    outer loop
      vertex -15.1944 -27.848 51.8134
      vertex -16.4783 -27.848 51.9687
      vertex -16.4713 -27.848 51.7688
    endloop
  endfacet
  facet normal 0 -1 0
    outer loop
      vertex 9.17219 -27.848 52.8644
      vertex 10.4672 -27.848 52.7095
      vertex 10.4602 -27.848 52.9094
    endloop
  endfacet
  facet normal -0 -1 0
    outer loop
      vertex 10.4672 -27.848 52.7095
      vertex 9.17219 -27.848 52.8644
      vertex 9.17917 -27.848 52.6646
    endloop
  endfacet
  facet normal 0 -1 0
    outer loop
      vertex 10.4266 -27.848 53.8717
      vertex 10.7139 -27.848 54.006
      vertex 10.7069 -27.848 54.2059
    endloop
  endfacet
  facet normal 0 -1 0
    outer loop
      vertex 10.7139 -27.848 54.006
      vertex 10.4266 -27.848 53.8717
      vertex 10.4336 -27.848 53.6718
    endloop
  endfacet
  facet normal 0 -1 0
    outer loop
      vertex 10.7139 -27.848 54.006
      vertex 11.726 -27.848 52.9536
      vertex 10.7069 -27.848 54.2059
    endloop
  endfacet
  facet normal 0 -1 -0
    outer loop
      vertex 12.9414 -27.848 52.996
      vertex 11.733 -27.848 52.7537
      vertex 13.0985 -27.848 52.8014
    endloop
  endfacet
  facet normal 0 -1 0
    outer loop
      vertex 11.733 -27.848 52.7537
      vertex 11.726 -27.848 52.9536
      vertex 10.7139 -27.848 54.006
    endloop
  endfacet
  facet normal 0 -1 0
    outer loop
      vertex 11.733 -27.848 52.7537
      vertex 12.9414 -27.848 52.996
      vertex 11.726 -27.848 52.9536
    endloop
  endfacet
  facet normal 0 -1 0
    outer loop
      vertex 11.619 -27.848 55.0166
      vertex 12.6792 -27.848 56.4776
      vertex 11.533 -27.848 55.1231
    endloop
  endfacet
  facet normal 0 -1 -0
    outer loop
      vertex 12.6792 -27.848 56.4776
      vertex 11.619 -27.848 55.0166
      vertex 12.8607 -27.848 56.484
    endloop
  endfacet
  facet normal 0 -1 0
    outer loop
      vertex 18.713 -27.848 54.1759
      vertex 18.72 -27.848 53.976
      vertex 19.0769 -27.848 53.9885
    endloop
  endfacet
  facet normal 0 -1 0
    outer loop
      vertex 19.0769 -27.848 53.9885
      vertex 19.0699 -27.848 54.1884
      vertex 18.713 -27.848 54.1759
    endloop
  endfacet
  facet normal 0 -1 0
    outer loop
      vertex 19.0769 -27.848 53.9885
      vertex 19.7631 -27.848 53.2343
      vertex 19.0699 -27.848 54.1884
    endloop
  endfacet
  facet normal 0 -1 -0
    outer loop
      vertex 20.8894 -27.848 53.2736
      vertex 19.7701 -27.848 53.0344
      vertex 21.0328 -27.848 53.0785
    endloop
  endfacet
  facet normal 0 -1 0
    outer loop
      vertex 19.7701 -27.848 53.0344
      vertex 19.7631 -27.848 53.2343
      vertex 19.0769 -27.848 53.9885
    endloop
  endfacet
  facet normal 0 -1 0
    outer loop
      vertex 20.8894 -27.848 53.2736
      vertex 21.0328 -27.848 53.0785
      vertex 20.3188 -27.848 54.0502
    endloop
  endfacet
  facet normal 0 -1 0
    outer loop
      vertex 19.7701 -27.848 53.0344
      vertex 20.8894 -27.848 53.2736
      vertex 19.7631 -27.848 53.2343
    endloop
  endfacet
  facet normal 0 -1 0
    outer loop
      vertex 17.4369 -27.848 53.153
      vertex 18.7541 -27.848 52.9989
      vertex 18.7471 -27.848 53.1988
    endloop
  endfacet
  facet normal -0 -1 0
    outer loop
      vertex 18.7541 -27.848 52.9989
      vertex 17.4369 -27.848 53.153
      vertex 17.4439 -27.848 52.9532
    endloop
  endfacet
  facet normal 0 -1 0
    outer loop
      vertex 19.1312 -27.848 55.8914
      vertex 19.19 -27.848 56.0917
      vertex 19.1242 -27.848 56.0913
    endloop
  endfacet
  facet normal 0 -1 0
    outer loop
      vertex 19.19 -27.848 56.0917
      vertex 19.197 -27.848 55.8918
      vertex 19.2516 -27.848 56.0881
    endloop
  endfacet
  facet normal 0 -1 0
    outer loop
      vertex 19.1312 -27.848 55.8914
      vertex 19.1242 -27.848 56.0913
      vertex 18.6467 -27.848 56.0746
    endloop
  endfacet
  facet normal 0 -1 -0
    outer loop
      vertex 19.19 -27.848 56.0917
      vertex 19.1312 -27.848 55.8914
      vertex 19.197 -27.848 55.8918
    endloop
  endfacet
  facet normal 0 -1 0
    outer loop
      vertex 19.2586 -27.848 55.8882
      vertex 19.2516 -27.848 56.0881
      vertex 19.197 -27.848 55.8918
    endloop
  endfacet
  facet normal 0 -1 0
    outer loop
      vertex 19.2516 -27.848 56.0881
      vertex 19.2586 -27.848 55.8882
      vertex 19.3089 -27.848 56.0805
    endloop
  endfacet
  facet normal 0 -1 0
    outer loop
      vertex 19.3159 -27.848 55.8807
      vertex 19.3089 -27.848 56.0805
      vertex 19.2586 -27.848 55.8882
    endloop
  endfacet
  facet normal 0 -1 0
    outer loop
      vertex 19.3089 -27.848 56.0805
      vertex 19.3159 -27.848 55.8807
      vertex 19.3619 -27.848 56.069
    endloop
  endfacet
  facet normal 0 -1 0
    outer loop
      vertex 19.3689 -27.848 55.8691
      vertex 19.4106 -27.848 56.0535
      vertex 19.3159 -27.848 55.8807
    endloop
  endfacet
  facet normal 0 -1 -0
    outer loop
      vertex 19.4106 -27.848 56.0535
      vertex 19.3689 -27.848 55.8691
      vertex 19.455 -27.848 56.034
    endloop
  endfacet
  facet normal 0 -1 0
    outer loop
      vertex 19.4176 -27.848 55.8536
      vertex 19.455 -27.848 56.034
      vertex 19.3689 -27.848 55.8691
    endloop
  endfacet
  facet normal 0 -1 -0
    outer loop
      vertex 19.3619 -27.848 56.069
      vertex 19.3159 -27.848 55.8807
      vertex 19.4106 -27.848 56.0535
    endloop
  endfacet
  facet normal -0 -1 0
    outer loop
      vertex 19.1312 -27.848 55.8914
      vertex 18.6467 -27.848 56.0746
      vertex 18.6537 -27.848 55.8747
    endloop
  endfacet
  facet normal 0 -1 -0
    outer loop
      vertex 19.455 -27.848 56.034
      vertex 19.4176 -27.848 55.8536
      vertex 19.4951 -27.848 56.0106
    endloop
  endfacet
  facet normal 0 -1 -0
    outer loop
      vertex 19.4951 -27.848 56.0106
      vertex 19.4176 -27.848 55.8536
      vertex 19.5309 -27.848 55.9832
    endloop
  endfacet
  facet normal 0 -1 0
    outer loop
      vertex 19.462 -27.848 55.8342
      vertex 19.5309 -27.848 55.9832
      vertex 19.4176 -27.848 55.8536
    endloop
  endfacet
  facet normal 0 -1 -0
    outer loop
      vertex 19.5309 -27.848 55.9832
      vertex 19.462 -27.848 55.8342
      vertex 19.5626 -27.848 55.9523
    endloop
  endfacet
  facet normal 0 -1 -0
    outer loop
      vertex 19.5626 -27.848 55.9523
      vertex 19.462 -27.848 55.8342
      vertex 19.5903 -27.848 55.9185
    endloop
  endfacet
  facet normal 0 -1 0
    outer loop
      vertex 19.5021 -27.848 55.8107
      vertex 19.5903 -27.848 55.9185
      vertex 19.462 -27.848 55.8342
    endloop
  endfacet
  facet normal 0 -1 -0
    outer loop
      vertex 19.5903 -27.848 55.9185
      vertex 19.5021 -27.848 55.8107
      vertex 19.6141 -27.848 55.8819
    endloop
  endfacet
  facet normal 0 -1 0
    outer loop
      vertex 19.5379 -27.848 55.7833
      vertex 19.6141 -27.848 55.8819
      vertex 19.5021 -27.848 55.8107
    endloop
  endfacet
  facet normal 0 -1 -0
    outer loop
      vertex 19.6141 -27.848 55.8819
      vertex 19.5379 -27.848 55.7833
      vertex 19.6338 -27.848 55.8423
    endloop
  endfacet
  facet normal 0 -1 0
    outer loop
      vertex 19.5696 -27.848 55.7524
      vertex 19.6338 -27.848 55.8423
      vertex 19.5379 -27.848 55.7833
    endloop
  endfacet
  facet normal 0 -1 -0
    outer loop
      vertex 19.6338 -27.848 55.8423
      vertex 19.5696 -27.848 55.7524
      vertex 19.6496 -27.848 55.7997
    endloop
  endfacet
  facet normal 0 -1 -0
    outer loop
      vertex 19.6496 -27.848 55.7997
      vertex 19.5696 -27.848 55.7524
      vertex 19.6614 -27.848 55.7543
    endloop
  endfacet
  facet normal 0 -1 0
    outer loop
      vertex 19.5973 -27.848 55.7187
      vertex 19.6614 -27.848 55.7543
      vertex 19.5696 -27.848 55.7524
    endloop
  endfacet
  facet normal 0 -1 0
    outer loop
      vertex 19.5973 -27.848 55.7187
      vertex 19.6692 -27.848 55.7059
      vertex 19.6614 -27.848 55.7543
    endloop
  endfacet
  facet normal 0 -1 0
    outer loop
      vertex 19.621 -27.848 55.682
      vertex 19.6692 -27.848 55.7059
      vertex 19.5973 -27.848 55.7187
    endloop
  endfacet
  facet normal 0 -1 0
    outer loop
      vertex 19.621 -27.848 55.682
      vertex 19.673 -27.848 55.6547
      vertex 19.6692 -27.848 55.7059
    endloop
  endfacet
  facet normal 0 -1 0
    outer loop
      vertex 19.6408 -27.848 55.6424
      vertex 19.673 -27.848 55.6547
      vertex 19.621 -27.848 55.682
    endloop
  endfacet
  facet normal 0 -1 0
    outer loop
      vertex 19.6408 -27.848 55.6424
      vertex 19.6728 -27.848 55.6032
      vertex 19.673 -27.848 55.6547
    endloop
  endfacet
  facet normal 0 -1 0
    outer loop
      vertex 19.6566 -27.848 55.5999
      vertex 19.6728 -27.848 55.6032
      vertex 19.6408 -27.848 55.6424
    endloop
  endfacet
  facet normal 0 -1 0
    outer loop
      vertex 19.6728 -27.848 55.6032
      vertex 19.6566 -27.848 55.5999
      vertex 19.6684 -27.848 55.5544
    endloop
  endfacet
  facet normal 0 -1 0
    outer loop
      vertex 20.9893 -27.848 55.4992
      vertex 20.9953 -27.848 55.4657
      vertex 20.968 -27.848 55.621
    endloop
  endfacet
  facet normal 0 -1 0
    outer loop
      vertex 20.9884 -27.848 55.4833
      vertex 20.9953 -27.848 55.4657
      vertex 20.9893 -27.848 55.4992
    endloop
  endfacet
  facet normal 0 -1 0
    outer loop
      vertex 20.9751 -27.848 55.38
      vertex 20.9953 -27.848 55.4657
      vertex 20.9884 -27.848 55.4833
    endloop
  endfacet
  facet normal 0 -1 -0
    outer loop
      vertex 20.9953 -27.848 55.4657
      vertex 20.9751 -27.848 55.38
      vertex 21.0016 -27.848 55.3863
    endloop
  endfacet
  facet normal 0 -1 0
    outer loop
      vertex 20.9751 -27.848 55.38
      vertex 20.9954 -27.848 55.2834
      vertex 21.0016 -27.848 55.3863
    endloop
  endfacet
  facet normal 0 -1 0
    outer loop
      vertex 20.9548 -27.848 55.2804
      vertex 20.9954 -27.848 55.2834
      vertex 20.9751 -27.848 55.38
    endloop
  endfacet
  facet normal 0 -1 0
    outer loop
      vertex 20.982 -27.848 55.1801
      vertex 20.9548 -27.848 55.2804
      vertex 20.9277 -27.848 55.1845
    endloop
  endfacet
  facet normal 0 -1 0
    outer loop
      vertex 20.9548 -27.848 55.2804
      vertex 20.982 -27.848 55.1801
      vertex 20.9954 -27.848 55.2834
    endloop
  endfacet
  facet normal 0 -1 0
    outer loop
      vertex 20.9618 -27.848 55.0805
      vertex 20.9277 -27.848 55.1845
      vertex 20.8937 -27.848 55.0922
    endloop
  endfacet
  facet normal 0 -1 0
    outer loop
      vertex 20.9277 -27.848 55.1845
      vertex 20.9618 -27.848 55.0805
      vertex 20.982 -27.848 55.1801
    endloop
  endfacet
  facet normal 0 -1 0
    outer loop
      vertex 20.9347 -27.848 54.9846
      vertex 20.8937 -27.848 55.0922
      vertex 20.8527 -27.848 55.0036
    endloop
  endfacet
  facet normal 0 -1 0
    outer loop
      vertex 20.8937 -27.848 55.0922
      vertex 20.9347 -27.848 54.9846
      vertex 20.9618 -27.848 55.0805
    endloop
  endfacet
  facet normal 0 -1 0
    outer loop
      vertex 20.9006 -27.848 54.8924
      vertex 20.8527 -27.848 55.0036
      vertex 20.8049 -27.848 54.9187
    endloop
  endfacet
  facet normal 0 -1 0
    outer loop
      vertex 20.8527 -27.848 55.0036
      vertex 20.9006 -27.848 54.8924
      vertex 20.9347 -27.848 54.9846
    endloop
  endfacet
  facet normal 0 -1 0
    outer loop
      vertex 20.8597 -27.848 54.8038
      vertex 20.8049 -27.848 54.9187
      vertex 20.7507 -27.848 54.8379
    endloop
  endfacet
  facet normal 0 -1 0
    outer loop
      vertex 20.8049 -27.848 54.9187
      vertex 20.8597 -27.848 54.8038
      vertex 20.9006 -27.848 54.8924
    endloop
  endfacet
  facet normal 0 -1 0
    outer loop
      vertex 20.8119 -27.848 54.7189
      vertex 20.7507 -27.848 54.8379
      vertex 20.6907 -27.848 54.7617
    endloop
  endfacet
  facet normal 0 -1 0
    outer loop
      vertex 20.7507 -27.848 54.8379
      vertex 20.8119 -27.848 54.7189
      vertex 20.8597 -27.848 54.8038
    endloop
  endfacet
  facet normal 0 -1 0
    outer loop
      vertex 20.7577 -27.848 54.6381
      vertex 20.6907 -27.848 54.7617
      vertex 20.6249 -27.848 54.6901
    endloop
  endfacet
  facet normal 0 -1 0
    outer loop
      vertex 20.6907 -27.848 54.7617
      vertex 20.7577 -27.848 54.6381
      vertex 20.8119 -27.848 54.7189
    endloop
  endfacet
  facet normal 0 -1 0
    outer loop
      vertex 20.6977 -27.848 54.5619
      vertex 20.6249 -27.848 54.6901
      vertex 20.5533 -27.848 54.623
    endloop
  endfacet
  facet normal 0 -1 0
    outer loop
      vertex 20.6249 -27.848 54.6901
      vertex 20.6977 -27.848 54.5619
      vertex 20.7577 -27.848 54.6381
    endloop
  endfacet
  facet normal 0 -1 0
    outer loop
      vertex 20.6319 -27.848 54.4902
      vertex 20.5533 -27.848 54.623
      vertex 20.4759 -27.848 54.5605
    endloop
  endfacet
  facet normal 0 -1 0
    outer loop
      vertex 20.5602 -27.848 54.4231
      vertex 20.4759 -27.848 54.5605
      vertex 20.3926 -27.848 54.5026
    endloop
  endfacet
  facet normal 0 -1 0
    outer loop
      vertex 20.5533 -27.848 54.623
      vertex 20.6319 -27.848 54.4902
      vertex 20.6977 -27.848 54.5619
    endloop
  endfacet
  facet normal 0 -1 0
    outer loop
      vertex 20.4085 -27.848 54.3089
      vertex 20.3926 -27.848 54.5026
      vertex 20.3048 -27.848 54.45
    endloop
  endfacet
  facet normal 0 -1 0
    outer loop
      vertex 20.4759 -27.848 54.5605
      vertex 20.5602 -27.848 54.4231
      vertex 20.6319 -27.848 54.4902
    endloop
  endfacet
  facet normal 0 -1 0
    outer loop
      vertex 20.3926 -27.848 54.5026
      vertex 20.4828 -27.848 54.3606
      vertex 20.5602 -27.848 54.4231
    endloop
  endfacet
  facet normal 0 -1 0
    outer loop
      vertex 20.3926 -27.848 54.5026
      vertex 20.4085 -27.848 54.3089
      vertex 20.4828 -27.848 54.3606
    endloop
  endfacet
  facet normal 0 -1 -0
    outer loop
      vertex 20.4085 -27.848 54.3089
      vertex 20.3996 -27.848 54.3027
      vertex 20.4828 -27.848 54.3606
    endloop
  endfacet
  facet normal 0 -1 0
    outer loop
      vertex 14.8046 -27.848 54.5619
      vertex 16.4549 -27.848 54.4195
      vertex 16.448 -27.848 54.6193
    endloop
  endfacet
  facet normal -0 -1 0
    outer loop
      vertex 16.4549 -27.848 54.4195
      vertex 14.8046 -27.848 54.5619
      vertex 14.8116 -27.848 54.3621
    endloop
  endfacet
  facet normal 0 -1 0
    outer loop
      vertex 14.7557 -27.848 55.961
      vertex 16.6337 -27.848 55.8264
      vertex 16.6267 -27.848 56.0263
    endloop
  endfacet
  facet normal -0 -1 0
    outer loop
      vertex 16.6337 -27.848 55.8264
      vertex 14.7557 -27.848 55.961
      vertex 14.7627 -27.848 55.7611
    endloop
  endfacet
  facet normal 0 -1 0
    outer loop
      vertex 13.5689 -27.848 53.018
      vertex 16.8071 -27.848 52.9309
      vertex 16.8001 -27.848 53.1308
    endloop
  endfacet
  facet normal -0 -1 0
    outer loop
      vertex 16.8071 -27.848 52.9309
      vertex 13.5689 -27.848 53.018
      vertex 13.5759 -27.848 52.8181
    endloop
  endfacet
  facet normal 0 -1 0
    outer loop
      vertex 0.587731 -27.848 55.4384
      vertex 1.73281 -27.848 55.2783
      vertex 1.72583 -27.848 55.4782
    endloop
  endfacet
  facet normal -0 -1 0
    outer loop
      vertex 1.73281 -27.848 55.2783
      vertex 0.587731 -27.848 55.4384
      vertex 0.594711 -27.848 55.2385
    endloop
  endfacet
  facet normal 0 -1 0
    outer loop
      vertex 3.03608 -27.848 55.5239
      vertex 4.18116 -27.848 55.3638
      vertex 4.17418 -27.848 55.5637
    endloop
  endfacet
  facet normal -0 -1 0
    outer loop
      vertex 4.18116 -27.848 55.3638
      vertex 3.03608 -27.848 55.5239
      vertex 3.04306 -27.848 55.324
    endloop
  endfacet
  facet normal 0 -1 0
    outer loop
      vertex 1.82606 -27.848 52.6079
      vertex 3.14329 -27.848 52.4538
      vertex 3.13632 -27.848 52.6536
    endloop
  endfacet
  facet normal -0 -1 0
    outer loop
      vertex 3.14329 -27.848 52.4538
      vertex 1.82606 -27.848 52.6079
      vertex 1.83304 -27.848 52.408
    endloop
  endfacet
  facet normal 0 -1 -0
    outer loop
      vertex 4.29261 -27.848 52.694
      vertex 4.21221 -27.848 52.4911
      vertex 5.45725 -27.848 52.5346
    endloop
  endfacet
  facet normal 0 -1 0
    outer loop
      vertex 4.21221 -27.848 52.4911
      vertex 4.29261 -27.848 52.694
      vertex 5.69498 -27.848 56.2337
    endloop
  endfacet
  facet normal 0 -1 0
    outer loop
      vertex 5.68695 -27.848 53.4209
      vertex 5.69393 -27.848 53.221
      vertex 7.17194 -27.848 53.2726
    endloop
  endfacet
  facet normal 0 -1 0
    outer loop
      vertex 5.45027 -27.848 52.7345
      vertex 5.69393 -27.848 53.221
      vertex 5.68695 -27.848 53.4209
    endloop
  endfacet
  facet normal 0 -1 0
    outer loop
      vertex 5.45027 -27.848 52.7345
      vertex 5.45725 -27.848 52.5346
      vertex 5.69393 -27.848 53.221
    endloop
  endfacet
  facet normal 0 -1 0
    outer loop
      vertex 5.45725 -27.848 52.5346
      vertex 5.45027 -27.848 52.7345
      vertex 4.29261 -27.848 52.694
    endloop
  endfacet
  facet normal 0 -1 0
    outer loop
      vertex 7.17194 -27.848 53.2726
      vertex 7.16496 -27.848 53.4725
      vertex 5.68695 -27.848 53.4209
    endloop
  endfacet
  facet normal 0 -1 0
    outer loop
      vertex 7.17194 -27.848 53.2726
      vertex 7.44893 -27.848 52.8042
      vertex 7.16496 -27.848 53.4725
    endloop
  endfacet
  facet normal 0 -1 -0
    outer loop
      vertex 8.62883 -27.848 52.8455
      vertex 7.45591 -27.848 52.6044
      vertex 8.72319 -27.848 52.6486
    endloop
  endfacet
  facet normal 0 -1 0
    outer loop
      vertex 7.45591 -27.848 52.6044
      vertex 7.44893 -27.848 52.8042
      vertex 7.17194 -27.848 53.2726
    endloop
  endfacet
  facet normal 0 1 0
    outer loop
      vertex 8.62883 -27.848 52.8455
      vertex 8.72319 -27.848 52.6486
      vertex 6.983 -27.848 56.2787
    endloop
  endfacet
  facet normal 0 -1 0
    outer loop
      vertex 7.45591 -27.848 52.6044
      vertex 8.62883 -27.848 52.8455
      vertex 7.44893 -27.848 52.8042
    endloop
  endfacet
  facet normal 0 -1 0
    outer loop
      vertex 6.01676 -27.848 54.3773
      vertex 6.36579 -27.848 55.1695
      vertex 6.35881 -27.848 55.3693
    endloop
  endfacet
  facet normal 0 -1 0
    outer loop
      vertex 6.36579 -27.848 55.1695
      vertex 6.01676 -27.848 54.3773
      vertex 6.09357 -27.848 54.38
    endloop
  endfacet
  facet normal 0 -1 0
    outer loop
      vertex 6.36579 -27.848 55.1695
      vertex 6.76923 -27.848 54.4036
      vertex 6.35881 -27.848 55.3693
    endloop
  endfacet
  facet normal 0 -1 0
    outer loop
      vertex 6.36579 -27.848 55.1695
      vertex 6.69242 -27.848 54.4009
      vertex 6.76923 -27.848 54.4036
    endloop
  endfacet
  facet normal -0 -1 -0
    outer loop
      vertex 6.69242 -27.848 54.4009
      vertex 6.36579 -27.848 55.1695
      vertex 6.77621 -27.848 54.2037
    endloop
  endfacet
  facet normal 0 1 0
    outer loop
      vertex 6.36579 -27.848 55.1695
      vertex 6.09357 -27.848 54.38
      vertex 6.02374 -27.848 54.1775
    endloop
  endfacet
  facet normal 0 -1 0
    outer loop
      vertex -1.54784 -27.848 55.1693
      vertex -1.48895 -27.848 55.3695
      vertex -1.55482 -27.848 55.3692
    endloop
  endfacet
  facet normal 0 -1 0
    outer loop
      vertex -1.48895 -27.848 55.3695
      vertex -1.48197 -27.848 55.1697
      vertex -1.42739 -27.848 55.366
    endloop
  endfacet
  facet normal 0 -1 0
    outer loop
      vertex -1.54784 -27.848 55.1693
      vertex -1.55482 -27.848 55.3692
      vertex -2.03228 -27.848 55.3525
    endloop
  endfacet
  facet normal 0 -1 -0
    outer loop
      vertex -1.48895 -27.848 55.3695
      vertex -1.54784 -27.848 55.1693
      vertex -1.48197 -27.848 55.1697
    endloop
  endfacet
  facet normal 0 -1 0
    outer loop
      vertex -1.42041 -27.848 55.1661
      vertex -1.42739 -27.848 55.366
      vertex -1.48197 -27.848 55.1697
    endloop
  endfacet
  facet normal 0 -1 0
    outer loop
      vertex -1.42739 -27.848 55.366
      vertex -1.42041 -27.848 55.1661
      vertex -1.37011 -27.848 55.3584
    endloop
  endfacet
  facet normal 0 -1 0
    outer loop
      vertex -1.36313 -27.848 55.1585
      vertex -1.37011 -27.848 55.3584
      vertex -1.42041 -27.848 55.1661
    endloop
  endfacet
  facet normal 0 -1 0
    outer loop
      vertex -1.37011 -27.848 55.3584
      vertex -1.36313 -27.848 55.1585
      vertex -1.31711 -27.848 55.3469
    endloop
  endfacet
  facet normal 0 -1 0
    outer loop
      vertex -1.31013 -27.848 55.147
      vertex -1.26841 -27.848 55.3314
      vertex -1.36313 -27.848 55.1585
    endloop
  endfacet
  facet normal 0 -1 -0
    outer loop
      vertex -1.26841 -27.848 55.3314
      vertex -1.31013 -27.848 55.147
      vertex -1.22402 -27.848 55.3119
    endloop
  endfacet
  facet normal 0 -1 0
    outer loop
      vertex -1.26143 -27.848 55.1315
      vertex -1.22402 -27.848 55.3119
      vertex -1.31013 -27.848 55.147
    endloop
  endfacet
  facet normal 0 -1 -0
    outer loop
      vertex -1.31711 -27.848 55.3469
      vertex -1.36313 -27.848 55.1585
      vertex -1.26841 -27.848 55.3314
    endloop
  endfacet
  facet normal -0 -1 0
    outer loop
      vertex -1.54784 -27.848 55.1693
      vertex -2.03228 -27.848 55.3525
      vertex -2.0253 -27.848 55.1526
    endloop
  endfacet
  facet normal 0 -1 -0
    outer loop
      vertex -1.22402 -27.848 55.3119
      vertex -1.26143 -27.848 55.1315
      vertex -1.1839 -27.848 55.2885
    endloop
  endfacet
  facet normal 0 -1 -0
    outer loop
      vertex -1.1839 -27.848 55.2885
      vertex -1.26143 -27.848 55.1315
      vertex -1.14807 -27.848 55.261
    endloop
  endfacet
  facet normal 0 -1 0
    outer loop
      vertex -1.21704 -27.848 55.112
      vertex -1.14807 -27.848 55.261
      vertex -1.26143 -27.848 55.1315
    endloop
  endfacet
  facet normal 0 -1 -0
    outer loop
      vertex -1.14807 -27.848 55.261
      vertex -1.21704 -27.848 55.112
      vertex -1.11638 -27.848 55.2302
    endloop
  endfacet
  facet normal 0 -1 -0
    outer loop
      vertex -1.11638 -27.848 55.2302
      vertex -1.21704 -27.848 55.112
      vertex -1.08867 -27.848 55.1964
    endloop
  endfacet
  facet normal 0 -1 0
    outer loop
      vertex -1.17692 -27.848 55.0886
      vertex -1.08867 -27.848 55.1964
      vertex -1.21704 -27.848 55.112
    endloop
  endfacet
  facet normal 0 -1 -0
    outer loop
      vertex -1.08867 -27.848 55.1964
      vertex -1.17692 -27.848 55.0886
      vertex -1.06493 -27.848 55.1597
    endloop
  endfacet
  facet normal 0 -1 0
    outer loop
      vertex -1.14109 -27.848 55.0612
      vertex -1.06493 -27.848 55.1597
      vertex -1.17692 -27.848 55.0886
    endloop
  endfacet
  facet normal 0 -1 -0
    outer loop
      vertex -1.06493 -27.848 55.1597
      vertex -1.14109 -27.848 55.0612
      vertex -1.04518 -27.848 55.1201
    endloop
  endfacet
  facet normal 0 -1 0
    outer loop
      vertex -1.1094 -27.848 55.0303
      vertex -1.04518 -27.848 55.1201
      vertex -1.14109 -27.848 55.0612
    endloop
  endfacet
  facet normal 0 -1 -0
    outer loop
      vertex -1.04518 -27.848 55.1201
      vertex -1.1094 -27.848 55.0303
      vertex -1.0294 -27.848 55.0776
    endloop
  endfacet
  facet normal 0 -1 -0
    outer loop
      vertex -1.0294 -27.848 55.0776
      vertex -1.1094 -27.848 55.0303
      vertex -1.01761 -27.848 55.0322
    endloop
  endfacet
  facet normal 0 -1 0
    outer loop
      vertex -1.08169 -27.848 54.9965
      vertex -1.01761 -27.848 55.0322
      vertex -1.1094 -27.848 55.0303
    endloop
  endfacet
  facet normal 0 -1 0
    outer loop
      vertex -1.08169 -27.848 54.9965
      vertex -1.0098 -27.848 54.9838
      vertex -1.01761 -27.848 55.0322
    endloop
  endfacet
  facet normal 0 -1 0
    outer loop
      vertex -1.05795 -27.848 54.9599
      vertex -1.0098 -27.848 54.9838
      vertex -1.08169 -27.848 54.9965
    endloop
  endfacet
  facet normal 0 -1 0
    outer loop
      vertex -1.05795 -27.848 54.9599
      vertex -1.00597 -27.848 54.9325
      vertex -1.0098 -27.848 54.9838
    endloop
  endfacet
  facet normal 0 -1 0
    outer loop
      vertex -1.0382 -27.848 54.9203
      vertex -1.00597 -27.848 54.9325
      vertex -1.05795 -27.848 54.9599
    endloop
  endfacet
  facet normal 0 -1 0
    outer loop
      vertex -1.0382 -27.848 54.9203
      vertex -1.00622 -27.848 54.8811
      vertex -1.00597 -27.848 54.9325
    endloop
  endfacet
  facet normal 0 -1 0
    outer loop
      vertex -1.02242 -27.848 54.8777
      vertex -1.00622 -27.848 54.8811
      vertex -1.0382 -27.848 54.9203
    endloop
  endfacet
  facet normal 0 -1 0
    outer loop
      vertex -1.00622 -27.848 54.8811
      vertex -1.02242 -27.848 54.8777
      vertex -1.01063 -27.848 54.8323
    endloop
  endfacet
  facet normal 0 -1 0
    outer loop
      vertex 0.309379 -27.848 54.7611
      vertex 0.316253 -27.848 54.7436
      vertex 0.310346 -27.848 54.7771
    endloop
  endfacet
  facet normal 0 -1 0
    outer loop
      vertex 0.296053 -27.848 54.6579
      vertex 0.316253 -27.848 54.7436
      vertex 0.309379 -27.848 54.7611
    endloop
  endfacet
  facet normal 0 -1 -0
    outer loop
      vertex 0.316253 -27.848 54.7436
      vertex 0.296053 -27.848 54.6579
      vertex 0.322541 -27.848 54.6641
    endloop
  endfacet
  facet normal 0 -1 0
    outer loop
      vertex 0.296053 -27.848 54.6579
      vertex 0.316359 -27.848 54.5613
      vertex 0.322541 -27.848 54.6641
    endloop
  endfacet
  facet normal 0 -1 0
    outer loop
      vertex 0.27582 -27.848 54.5583
      vertex 0.316359 -27.848 54.5613
      vertex 0.296053 -27.848 54.6579
    endloop
  endfacet
  facet normal 0 -1 0
    outer loop
      vertex 0.303033 -27.848 54.458
      vertex 0.27582 -27.848 54.5583
      vertex 0.248694 -27.848 54.4624
    endloop
  endfacet
  facet normal 0 -1 0
    outer loop
      vertex 0.27582 -27.848 54.5583
      vertex 0.303033 -27.848 54.458
      vertex 0.316359 -27.848 54.5613
    endloop
  endfacet
  facet normal 0 -1 0
    outer loop
      vertex 0.2828 -27.848 54.3584
      vertex 0.248694 -27.848 54.4624
      vertex 0.214646 -27.848 54.3701
    endloop
  endfacet
  facet normal 0 -1 0
    outer loop
      vertex 0.248694 -27.848 54.4624
      vertex 0.2828 -27.848 54.3584
      vertex 0.303033 -27.848 54.458
    endloop
  endfacet
  facet normal 0 -1 0
    outer loop
      vertex 0.255674 -27.848 54.2625
      vertex 0.214646 -27.848 54.3701
      vertex 0.173707 -27.848 54.2815
    endloop
  endfacet
  facet normal 0 -1 0
    outer loop
      vertex 0.214646 -27.848 54.3701
      vertex 0.255674 -27.848 54.2625
      vertex 0.2828 -27.848 54.3584
    endloop
  endfacet
  facet normal 0 -1 0
    outer loop
      vertex 0.221626 -27.848 54.1702
      vertex 0.173707 -27.848 54.2815
      vertex 0.125876 -27.848 54.1966
    endloop
  endfacet
  facet normal 0 -1 0
    outer loop
      vertex 0.173707 -27.848 54.2815
      vertex 0.221626 -27.848 54.1702
      vertex 0.255674 -27.848 54.2625
    endloop
  endfacet
  facet normal 0 -1 0
    outer loop
      vertex 0.180687 -27.848 54.0816
      vertex 0.125876 -27.848 54.1966
      vertex 0.0716704 -27.848 54.1158
    endloop
  endfacet
  facet normal 0 -1 0
    outer loop
      vertex 0.125876 -27.848 54.1966
      vertex 0.180687 -27.848 54.0816
      vertex 0.221626 -27.848 54.1702
    endloop
  endfacet
  facet normal 0 -1 0
    outer loop
      vertex 0.132855 -27.848 53.9967
      vertex 0.0716704 -27.848 54.1158
      vertex 0.0116719 -27.848 54.0396
    endloop
  endfacet
  facet normal 0 -1 0
    outer loop
      vertex 0.0716704 -27.848 54.1158
      vertex 0.132855 -27.848 53.9967
      vertex 0.180687 -27.848 54.0816
    endloop
  endfacet
  facet normal 0 -1 0
    outer loop
      vertex 0.0786496 -27.848 53.9159
      vertex 0.0116719 -27.848 54.0396
      vertex -0.0541209 -27.848 53.968
    endloop
  endfacet
  facet normal 0 -1 0
    outer loop
      vertex 0.0116719 -27.848 54.0396
      vertex 0.0786496 -27.848 53.9159
      vertex 0.132855 -27.848 53.9967
    endloop
  endfacet
  facet normal 0 -1 0
    outer loop
      vertex 0.0186511 -27.848 53.8397
      vertex -0.0541209 -27.848 53.968
      vertex -0.125722 -27.848 53.9009
    endloop
  endfacet
  facet normal 0 -1 0
    outer loop
      vertex -0.0541209 -27.848 53.968
      vertex 0.0186511 -27.848 53.8397
      vertex 0.0786496 -27.848 53.9159
    endloop
  endfacet
  facet normal 0 -1 0
    outer loop
      vertex -0.0471411 -27.848 53.7681
      vertex -0.125722 -27.848 53.9009
      vertex -0.203147 -27.848 53.8384
    endloop
  endfacet
  facet normal 0 -1 0
    outer loop
      vertex -0.118742 -27.848 53.701
      vertex -0.203147 -27.848 53.8384
      vertex -0.286366 -27.848 53.7805
    endloop
  endfacet
  facet normal 0 -1 0
    outer loop
      vertex -0.125722 -27.848 53.9009
      vertex -0.0471411 -27.848 53.7681
      vertex 0.0186511 -27.848 53.8397
    endloop
  endfacet
  facet normal 0 -1 0
    outer loop
      vertex -0.203147 -27.848 53.8384
      vertex -0.118742 -27.848 53.701
      vertex -0.0471411 -27.848 53.7681
    endloop
  endfacet
  facet normal 0 -1 0
    outer loop
      vertex -0.286366 -27.848 53.7805
      vertex -0.196167 -27.848 53.6385
      vertex -0.118742 -27.848 53.701
    endloop
  endfacet
  facet normal 0 1 0
    outer loop
      vertex -0.374183 -27.848 53.7278
      vertex -0.270518 -27.848 53.5868
      vertex -0.279387 -27.848 53.5806
    endloop
  endfacet
  facet normal 0 -1 0
    outer loop
      vertex -0.374183 -27.848 53.7278
      vertex -0.279387 -27.848 53.5806
      vertex -0.196167 -27.848 53.6385
    endloop
  endfacet
  facet normal 0 -1 0
    outer loop
      vertex -0.196167 -27.848 53.6385
      vertex -0.286366 -27.848 53.7805
      vertex -0.374183 -27.848 53.7278
    endloop
  endfacet
  facet normal 0 -1 0
    outer loop
      vertex -1.96598 -27.848 53.4538
      vertex -1.959 -27.848 53.2539
      vertex -1.6021 -27.848 53.2664
    endloop
  endfacet
  facet normal 0 -1 0
    outer loop
      vertex -1.6021 -27.848 53.2664
      vertex -1.60908 -27.848 53.4663
      vertex -1.96598 -27.848 53.4538
    endloop
  endfacet
  facet normal 0 -1 0
    outer loop
      vertex -1.6021 -27.848 53.2664
      vertex -0.915887 -27.848 52.5121
      vertex -1.60908 -27.848 53.4663
    endloop
  endfacet
  facet normal 0 -1 -0
    outer loop
      vertex 0.210395 -27.848 52.5515
      vertex -0.908907 -27.848 52.3123
      vertex 0.353766 -27.848 52.3564
    endloop
  endfacet
  facet normal 0 -1 0
    outer loop
      vertex -0.908907 -27.848 52.3123
      vertex -0.915887 -27.848 52.5121
      vertex -1.6021 -27.848 53.2664
    endloop
  endfacet
  facet normal 0 -1 0
    outer loop
      vertex 0.210395 -27.848 52.5515
      vertex 0.353766 -27.848 52.3564
      vertex -0.360223 -27.848 53.3281
    endloop
  endfacet
  facet normal 0 -1 0
    outer loop
      vertex -0.908907 -27.848 52.3123
      vertex 0.210395 -27.848 52.5515
      vertex -0.915887 -27.848 52.5121
    endloop
  endfacet
  facet normal 0 -1 0
    outer loop
      vertex -3.24211 -27.848 52.4309
      vertex -1.92487 -27.848 52.2768
      vertex -1.93185 -27.848 52.4767
    endloop
  endfacet
  facet normal -0 -1 0
    outer loop
      vertex -1.92487 -27.848 52.2768
      vertex -3.24211 -27.848 52.4309
      vertex -3.23513 -27.848 52.231
    endloop
  endfacet
  facet normal -0.999387 0 -0.0349961
    outer loop
      vertex -21.0786 -27.848 53.559
      vertex -21.0716 -27.38 53.3591
      vertex -21.0716 -27.848 53.3591
    endloop
  endfacet
  facet normal -0.999387 1.18309e-14 -0.0349961
    outer loop
      vertex -21.0856 -28.016 53.7589
      vertex -21.0716 -27.38 53.3591
      vertex -21.0786 -27.848 53.559
    endloop
  endfacet
  facet normal -0.999387 0 -0.0349961
    outer loop
      vertex -21.0856 -28.016 53.7589
      vertex -21.0786 -27.848 53.559
      vertex -21.0786 -28.016 53.559
    endloop
  endfacet
  facet normal -0.99939 4.86106e-05 -0.0349188
    outer loop
      vertex -21.0716 -27.38 53.3591
      vertex -21.0856 -28.016 53.7589
      vertex -21.1393 -27.38 55.2967
    endloop
  endfacet
  facet normal -0.999404 0 -0.034514
    outer loop
      vertex -21.0925 -28.184 53.9587
      vertex -21.0856 -28.016 53.7589
      vertex -21.0856 -28.184 53.7589
    endloop
  endfacet
  facet normal -0.999395 -0.000307113 -0.0347719
    outer loop
      vertex -21.0856 -28.016 53.7589
      vertex -21.0925 -28.184 53.9587
      vertex -21.1393 -27.38 55.2967
    endloop
  endfacet
  facet normal -0.999387 0 -0.0349961
    outer loop
      vertex -21.0995 -28.352 54.1586
      vertex -21.0925 -28.184 53.9587
      vertex -21.0925 -28.352 53.9587
    endloop
  endfacet
  facet normal -0.999388 2.76871e-05 -0.0349728
    outer loop
      vertex -21.0925 -28.184 53.9587
      vertex -21.0995 -28.352 54.1586
      vertex -21.1393 -27.38 55.2967
    endloop
  endfacet
  facet normal -0.999389 0 -0.0349492
    outer loop
      vertex -21.1393 -28.52 55.2967
      vertex -21.0995 -28.352 54.1586
      vertex -21.0995 -28.52 54.1586
    endloop
  endfacet
  facet normal -0.999389 0 -0.0349492
    outer loop
      vertex -21.0995 -28.352 54.1586
      vertex -21.1393 -28.52 55.2967
      vertex -21.1393 -27.38 55.2967
    endloop
  endfacet
  facet normal -0.997427 0 -0.0716827
    outer loop
      vertex -21.0564 -27.848 53.1476
      vertex -21.0716 -27.38 53.3591
      vertex -21.0564 -27.38 53.1476
    endloop
  endfacet
  facet normal -0.997427 -0 -0.0716827
    outer loop
      vertex -21.0716 -27.38 53.3591
      vertex -21.0564 -27.848 53.1476
      vertex -21.0716 -27.848 53.3591
    endloop
  endfacet
  facet normal -0.988521 0 -0.151086
    outer loop
      vertex -21.026 -27.848 52.9487
      vertex -21.0564 -27.38 53.1476
      vertex -21.026 -27.38 52.9487
    endloop
  endfacet
  facet normal -0.988521 -0 -0.151086
    outer loop
      vertex -21.0564 -27.38 53.1476
      vertex -21.026 -27.848 52.9487
      vertex -21.0564 -27.848 53.1476
    endloop
  endfacet
  facet normal -0.971297 0 -0.237869
    outer loop
      vertex -20.9804 -27.848 52.7625
      vertex -21.026 -27.38 52.9487
      vertex -20.9804 -27.38 52.7625
    endloop
  endfacet
  facet normal -0.971297 -0 -0.237869
    outer loop
      vertex -21.026 -27.38 52.9487
      vertex -20.9804 -27.848 52.7625
      vertex -21.026 -27.848 52.9487
    endloop
  endfacet
  facet normal -0.943731 0 -0.330714
    outer loop
      vertex -20.9196 -27.848 52.589
      vertex -20.9804 -27.38 52.7625
      vertex -20.9196 -27.38 52.589
    endloop
  endfacet
  facet normal -0.943731 -0 -0.330714
    outer loop
      vertex -20.9804 -27.38 52.7625
      vertex -20.9196 -27.848 52.589
      vertex -20.9804 -27.848 52.7625
    endloop
  endfacet
  facet normal -0.904321 0 -0.426853
    outer loop
      vertex -20.8437 -27.848 52.4282
      vertex -20.9196 -27.38 52.589
      vertex -20.8437 -27.38 52.4282
    endloop
  endfacet
  facet normal -0.904321 -0 -0.426853
    outer loop
      vertex -20.9196 -27.38 52.589
      vertex -20.8437 -27.848 52.4282
      vertex -20.9196 -27.848 52.589
    endloop
  endfacet
  facet normal -0.8515 0 -0.524354
    outer loop
      vertex -20.7525 -27.848 52.2801
      vertex -20.8437 -27.38 52.4282
      vertex -20.7525 -27.38 52.2801
    endloop
  endfacet
  facet normal -0.8515 -0 -0.524354
    outer loop
      vertex -20.8437 -27.38 52.4282
      vertex -20.7525 -27.848 52.2801
      vertex -20.8437 -27.848 52.4282
    endloop
  endfacet
  facet normal -0.78656 0 -0.617514
    outer loop
      vertex -20.6462 -27.848 52.1447
      vertex -20.7525 -27.38 52.2801
      vertex -20.6462 -27.38 52.1447
    endloop
  endfacet
  facet normal -0.78656 -0 -0.617514
    outer loop
      vertex -20.7525 -27.38 52.2801
      vertex -20.6462 -27.848 52.1447
      vertex -20.7525 -27.848 52.2801
    endloop
  endfacet
  facet normal -0.71057 0 -0.703626
    outer loop
      vertex -20.5246 -27.848 52.0219
      vertex -20.6462 -27.38 52.1447
      vertex -20.5246 -27.38 52.0219
    endloop
  endfacet
  facet normal -0.71057 -0 -0.703626
    outer loop
      vertex -20.6462 -27.38 52.1447
      vertex -20.5246 -27.848 52.0219
      vertex -20.6462 -27.848 52.1447
    endloop
  endfacet
  facet normal -0.626804 0 -0.779177
    outer loop
      vertex -20.5246 -27.848 52.0219
      vertex -20.3896 -27.38 51.9133
      vertex -20.3896 -27.848 51.9133
    endloop
  endfacet
  facet normal -0.626804 0 -0.779177
    outer loop
      vertex -20.3896 -27.38 51.9133
      vertex -20.5246 -27.848 52.0219
      vertex -20.5246 -27.38 52.0219
    endloop
  endfacet
  facet normal -0.535572 0 -0.84449
    outer loop
      vertex -20.3896 -27.848 51.9133
      vertex -20.2428 -27.38 51.8202
      vertex -20.2428 -27.848 51.8202
    endloop
  endfacet
  facet normal -0.535572 0 -0.84449
    outer loop
      vertex -20.2428 -27.38 51.8202
      vertex -20.3896 -27.848 51.9133
      vertex -20.3896 -27.38 51.9133
    endloop
  endfacet
  facet normal -0.439495 0 -0.898245
    outer loop
      vertex -20.2428 -27.848 51.8202
      vertex -20.0842 -27.38 51.7426
      vertex -20.0842 -27.848 51.7426
    endloop
  endfacet
  facet normal -0.439495 0 -0.898245
    outer loop
      vertex -20.0842 -27.38 51.7426
      vertex -20.2428 -27.848 51.8202
      vertex -20.2428 -27.38 51.8202
    endloop
  endfacet
  facet normal -0.34192 0 -0.939729
    outer loop
      vertex -20.0842 -27.848 51.7426
      vertex -19.9138 -27.38 51.6806
      vertex -19.9138 -27.848 51.6806
    endloop
  endfacet
  facet normal -0.34192 0 -0.939729
    outer loop
      vertex -19.9138 -27.38 51.6806
      vertex -20.0842 -27.848 51.7426
      vertex -20.0842 -27.38 51.7426
    endloop
  endfacet
  facet normal -0.247787 0 -0.968815
    outer loop
      vertex -19.9138 -27.848 51.6806
      vertex -19.7316 -27.38 51.634
      vertex -19.7316 -27.848 51.634
    endloop
  endfacet
  facet normal -0.247787 0 -0.968815
    outer loop
      vertex -19.7316 -27.38 51.634
      vertex -19.9138 -27.848 51.6806
      vertex -19.9138 -27.38 51.6806
    endloop
  endfacet
  facet normal -0.157792 0 -0.987472
    outer loop
      vertex -19.7316 -27.848 51.634
      vertex -19.5376 -27.38 51.603
      vertex -19.5376 -27.848 51.603
    endloop
  endfacet
  facet normal -0.157792 0 -0.987472
    outer loop
      vertex -19.5376 -27.38 51.603
      vertex -19.7316 -27.848 51.634
      vertex -19.7316 -27.38 51.634
    endloop
  endfacet
  facet normal -0.0751031 0 -0.997176
    outer loop
      vertex -19.5376 -27.848 51.603
      vertex -19.3318 -27.38 51.5875
      vertex -19.3318 -27.848 51.5875
    endloop
  endfacet
  facet normal -0.0751031 0 -0.997176
    outer loop
      vertex -19.3318 -27.38 51.5875
      vertex -19.5376 -27.848 51.603
      vertex -19.5376 -27.38 51.603
    endloop
  endfacet
  facet normal 0.00045977 0 -1
    outer loop
      vertex -19.3318 -27.848 51.5875
      vertex -19.1143 -27.38 51.5876
      vertex -19.1143 -27.848 51.5876
    endloop
  endfacet
  facet normal 0.00045977 0 -1
    outer loop
      vertex -19.1143 -27.38 51.5876
      vertex -19.3318 -27.848 51.5875
      vertex -19.3318 -27.38 51.5875
    endloop
  endfacet
  facet normal 0.0693856 0 -0.99759
    outer loop
      vertex -19.1143 -27.848 51.5876
      vertex -18.8972 -27.38 51.6027
      vertex -18.8972 -27.848 51.6027
    endloop
  endfacet
  facet normal 0.0693856 0 -0.99759
    outer loop
      vertex -18.8972 -27.38 51.6027
      vertex -19.1143 -27.848 51.5876
      vertex -19.1143 -27.38 51.5876
    endloop
  endfacet
  facet normal 0.144406 0 -0.989519
    outer loop
      vertex -18.8972 -27.848 51.6027
      vertex -18.693 -27.38 51.6325
      vertex -18.693 -27.848 51.6325
    endloop
  endfacet
  facet normal 0.144406 0 -0.989519
    outer loop
      vertex -18.693 -27.38 51.6325
      vertex -18.8972 -27.848 51.6027
      vertex -18.8972 -27.38 51.6027
    endloop
  endfacet
  facet normal 0.22657 0 -0.973995
    outer loop
      vertex -18.693 -27.848 51.6325
      vertex -18.5017 -27.38 51.677
      vertex -18.5017 -27.848 51.677
    endloop
  endfacet
  facet normal 0.22657 0 -0.973995
    outer loop
      vertex -18.5017 -27.38 51.677
      vertex -18.693 -27.848 51.6325
      vertex -18.693 -27.38 51.6325
    endloop
  endfacet
  facet normal 0.314313 0 -0.94932
    outer loop
      vertex -18.5017 -27.848 51.677
      vertex -18.3232 -27.38 51.7361
      vertex -18.3232 -27.848 51.7361
    endloop
  endfacet
  facet normal 0.314313 0 -0.94932
    outer loop
      vertex -18.3232 -27.38 51.7361
      vertex -18.5017 -27.848 51.677
      vertex -18.5017 -27.38 51.677
    endloop
  endfacet
  facet normal 0.406854 0 -0.913493
    outer loop
      vertex -18.3232 -27.848 51.7361
      vertex -18.1575 -27.38 51.8099
      vertex -18.1575 -27.848 51.8099
    endloop
  endfacet
  facet normal 0.406854 0 -0.913493
    outer loop
      vertex -18.1575 -27.38 51.8099
      vertex -18.3232 -27.848 51.7361
      vertex -18.3232 -27.38 51.7361
    endloop
  endfacet
  facet normal 0.500768 0 -0.865581
    outer loop
      vertex -18.1575 -27.848 51.8099
      vertex -18.0047 -27.38 51.8983
      vertex -18.0047 -27.848 51.8983
    endloop
  endfacet
  facet normal 0.500768 0 -0.865581
    outer loop
      vertex -18.0047 -27.38 51.8983
      vertex -18.1575 -27.848 51.8099
      vertex -18.1575 -27.38 51.8099
    endloop
  endfacet
  facet normal 0.593356 0 -0.80494
    outer loop
      vertex -18.0047 -27.848 51.8983
      vertex -17.8647 -27.38 52.0015
      vertex -17.8647 -27.848 52.0015
    endloop
  endfacet
  facet normal 0.593356 0 -0.80494
    outer loop
      vertex -17.8647 -27.38 52.0015
      vertex -18.0047 -27.848 51.8983
      vertex -18.0047 -27.38 51.8983
    endloop
  endfacet
  facet normal 0.679454 0 -0.733718
    outer loop
      vertex -17.8647 -27.848 52.0015
      vertex -17.7376 -27.38 52.1192
      vertex -17.7376 -27.848 52.1192
    endloop
  endfacet
  facet normal 0.679454 0 -0.733718
    outer loop
      vertex -17.7376 -27.38 52.1192
      vertex -17.8647 -27.848 52.0015
      vertex -17.8647 -27.38 52.0015
    endloop
  endfacet
  facet normal 0.758071 0 -0.652172
    outer loop
      vertex -17.6249 -27.848 52.2502
      vertex -17.7376 -27.38 52.1192
      vertex -17.6249 -27.38 52.2502
    endloop
  endfacet
  facet normal 0.758071 0 -0.652172
    outer loop
      vertex -17.7376 -27.38 52.1192
      vertex -17.6249 -27.848 52.2502
      vertex -17.7376 -27.848 52.1192
    endloop
  endfacet
  facet normal 0.827736 0 -0.561118
    outer loop
      vertex -17.5283 -27.848 52.3927
      vertex -17.6249 -27.38 52.2502
      vertex -17.5283 -27.38 52.3927
    endloop
  endfacet
  facet normal 0.827736 0 -0.561118
    outer loop
      vertex -17.6249 -27.38 52.2502
      vertex -17.5283 -27.848 52.3927
      vertex -17.6249 -27.848 52.2502
    endloop
  endfacet
  facet normal 0.886113 0 -0.46347
    outer loop
      vertex -17.4477 -27.848 52.5468
      vertex -17.5283 -27.38 52.3927
      vertex -17.4477 -27.38 52.5468
    endloop
  endfacet
  facet normal 0.886113 0 -0.46347
    outer loop
      vertex -17.5283 -27.38 52.3927
      vertex -17.4477 -27.848 52.5468
      vertex -17.5283 -27.848 52.3927
    endloop
  endfacet
  facet normal 0.931698 0 -0.363233
    outer loop
      vertex -17.3831 -27.848 52.7125
      vertex -17.4477 -27.38 52.5468
      vertex -17.3831 -27.38 52.7125
    endloop
  endfacet
  facet normal 0.931698 0 -0.363233
    outer loop
      vertex -17.4477 -27.38 52.5468
      vertex -17.3831 -27.848 52.7125
      vertex -17.4477 -27.848 52.5468
    endloop
  endfacet
  facet normal 0.964563 0 -0.263854
    outer loop
      vertex -17.3346 -27.848 52.8898
      vertex -17.3831 -27.38 52.7125
      vertex -17.3346 -27.38 52.8898
    endloop
  endfacet
  facet normal 0.964563 0 -0.263854
    outer loop
      vertex -17.3831 -27.38 52.7125
      vertex -17.3346 -27.848 52.8898
      vertex -17.3831 -27.848 52.7125
    endloop
  endfacet
  facet normal 0.98552 0 -0.169557
    outer loop
      vertex -17.3021 -27.848 53.0787
      vertex -17.3346 -27.38 52.8898
      vertex -17.3021 -27.38 53.0787
    endloop
  endfacet
  facet normal 0.98552 0 -0.169557
    outer loop
      vertex -17.3346 -27.38 52.8898
      vertex -17.3021 -27.848 53.0787
      vertex -17.3346 -27.848 52.8898
    endloop
  endfacet
  facet normal 0.996671 0 -0.0815232
    outer loop
      vertex -17.2857 -27.848 53.2792
      vertex -17.3021 -27.38 53.0787
      vertex -17.2857 -27.38 53.2792
    endloop
  endfacet
  facet normal 0.996671 0 -0.0815232
    outer loop
      vertex -17.3021 -27.38 53.0787
      vertex -17.2857 -27.848 53.2792
      vertex -17.3021 -27.848 53.0787
    endloop
  endfacet
  facet normal 0.999998 0 -0.0018859
    outer loop
      vertex -17.2853 -27.848 53.4913
      vertex -17.2857 -27.38 53.2792
      vertex -17.2853 -27.38 53.4913
    endloop
  endfacet
  facet normal 0.999998 0 -0.0018859
    outer loop
      vertex -17.2857 -27.38 53.2792
      vertex -17.2853 -27.848 53.4913
      vertex -17.2857 -27.848 53.2792
    endloop
  endfacet
  facet normal 0.999392 7.61031e-05 0.0348673
    outer loop
      vertex -17.2992 -28.016 53.8911
      vertex -17.2853 -27.38 53.4913
      vertex -17.3529 -27.38 55.4289
    endloop
  endfacet
  facet normal 0.999414 -0.000333138 0.0342171
    outer loop
      vertex -17.2853 -27.38 53.4913
      vertex -17.2992 -28.016 53.8911
      vertex -17.2923 -27.848 53.6912
    endloop
  endfacet
  facet normal 0.99939 -9.16354e-05 0.0349366
    outer loop
      vertex -17.3529 -27.38 55.4289
      vertex -17.3062 -28.184 54.0909
      vertex -17.2992 -28.016 53.8911
    endloop
  endfacet
  facet normal 0.99939 -7.95097e-05 0.0349293
    outer loop
      vertex -17.3529 -27.38 55.4289
      vertex -17.3132 -28.352 54.2908
      vertex -17.3062 -28.184 54.0909
    endloop
  endfacet
  facet normal 0.999392 -0 0.0348615
    outer loop
      vertex -17.3529 -28.52 55.4289
      vertex -17.3132 -28.352 54.2908
      vertex -17.3529 -27.38 55.4289
    endloop
  endfacet
  facet normal 0.999392 0 0.0348615
    outer loop
      vertex -17.3132 -28.352 54.2908
      vertex -17.3529 -28.52 55.4289
      vertex -17.3132 -28.52 54.2908
    endloop
  endfacet
  facet normal 0.999387 0 0.0349961
    outer loop
      vertex -17.2853 -27.38 53.4913
      vertex -17.2923 -27.848 53.6912
      vertex -17.2853 -27.848 53.4913
    endloop
  endfacet
  facet normal 0.999405 0 0.0344967
    outer loop
      vertex -17.2923 -27.848 53.6912
      vertex -17.2992 -28.016 53.8911
      vertex -17.2923 -28.016 53.6912
    endloop
  endfacet
  facet normal 0.999387 0 0.0350136
    outer loop
      vertex -17.2992 -28.016 53.8911
      vertex -17.3062 -28.184 54.0909
      vertex -17.2992 -28.184 53.8911
    endloop
  endfacet
  facet normal 0.999387 0 0.0349961
    outer loop
      vertex -17.3062 -28.184 54.0909
      vertex -17.3132 -28.352 54.2908
      vertex -17.3062 -28.352 54.0909
    endloop
  endfacet
  facet normal -0.0349139 0 0.99939
    outer loop
      vertex -18.641 -27.38 55.3839
      vertex -17.3529 -28.52 55.4289
      vertex -17.3529 -27.38 55.4289
    endloop
  endfacet
  facet normal -0.0349139 0 0.99939
    outer loop
      vertex -17.3529 -28.52 55.4289
      vertex -18.641 -27.38 55.3839
      vertex -18.641 -28.52 55.3839
    endloop
  endfacet
  facet normal -0.999391 0 -0.0349068
    outer loop
      vertex -18.5677 -28.52 53.2853
      vertex -18.641 -27.38 55.3839
      vertex -18.5677 -27.38 53.2853
    endloop
  endfacet
  facet normal -0.999391 -0 -0.0349068
    outer loop
      vertex -18.641 -27.38 55.3839
      vertex -18.5677 -28.52 53.2853
      vertex -18.641 -28.52 55.3839
    endloop
  endfacet
  facet normal -0.999926 0 -0.0121373
    outer loop
      vertex -18.5664 -28.52 53.1782
      vertex -18.5677 -27.38 53.2853
      vertex -18.5664 -27.38 53.1782
    endloop
  endfacet
  facet normal -0.999926 -0 -0.0121373
    outer loop
      vertex -18.5677 -27.38 53.2853
      vertex -18.5664 -28.52 53.1782
      vertex -18.5677 -28.52 53.2853
    endloop
  endfacet
  facet normal -0.999188 0 0.0402898
    outer loop
      vertex -18.5704 -28.52 53.079
      vertex -18.5664 -27.38 53.1782
      vertex -18.5704 -27.38 53.079
    endloop
  endfacet
  facet normal -0.999188 0 0.0402898
    outer loop
      vertex -18.5664 -27.38 53.1782
      vertex -18.5704 -28.52 53.079
      vertex -18.5664 -28.52 53.1782
    endloop
  endfacet
  facet normal -0.99495 0 0.100368
    outer loop
      vertex -18.5796 -28.52 52.9878
      vertex -18.5704 -27.38 53.079
      vertex -18.5796 -27.38 52.9878
    endloop
  endfacet
  facet normal -0.99495 0 0.100368
    outer loop
      vertex -18.5704 -27.38 53.079
      vertex -18.5796 -28.52 52.9878
      vertex -18.5704 -28.52 53.079
    endloop
  endfacet
  facet normal -0.985419 0 0.170144
    outer loop
      vertex -18.594 -28.52 52.9044
      vertex -18.5796 -27.38 52.9878
      vertex -18.594 -27.38 52.9044
    endloop
  endfacet
  facet normal -0.985419 0 0.170144
    outer loop
      vertex -18.5796 -27.38 52.9878
      vertex -18.594 -28.52 52.9044
      vertex -18.5796 -28.52 52.9878
    endloop
  endfacet
  facet normal -0.967997 0 0.250962
    outer loop
      vertex -18.6136 -28.52 52.8288
      vertex -18.594 -27.38 52.9044
      vertex -18.6136 -27.38 52.8288
    endloop
  endfacet
  facet normal -0.967997 0 0.250962
    outer loop
      vertex -18.594 -27.38 52.9044
      vertex -18.6136 -28.52 52.8288
      vertex -18.594 -28.52 52.9044
    endloop
  endfacet
  facet normal -0.938367 0 0.345641
    outer loop
      vertex -18.6385 -28.52 52.7612
      vertex -18.6136 -27.38 52.8288
      vertex -18.6385 -27.38 52.7612
    endloop
  endfacet
  facet normal -0.938367 0 0.345641
    outer loop
      vertex -18.6136 -27.38 52.8288
      vertex -18.6385 -28.52 52.7612
      vertex -18.6136 -28.52 52.8288
    endloop
  endfacet
  facet normal -0.892926 0 0.450202
    outer loop
      vertex -18.6686 -28.52 52.7015
      vertex -18.6385 -27.38 52.7612
      vertex -18.6686 -27.38 52.7015
    endloop
  endfacet
  facet normal -0.892926 0 0.450202
    outer loop
      vertex -18.6385 -27.38 52.7612
      vertex -18.6686 -28.52 52.7015
      vertex -18.6385 -28.52 52.7612
    endloop
  endfacet
  facet normal -0.826362 0 0.563139
    outer loop
      vertex -18.7039 -28.52 52.6497
      vertex -18.6686 -27.38 52.7015
      vertex -18.7039 -27.38 52.6497
    endloop
  endfacet
  facet normal -0.826362 0 0.563139
    outer loop
      vertex -18.6686 -27.38 52.7015
      vertex -18.7039 -28.52 52.6497
      vertex -18.6686 -28.52 52.7015
    endloop
  endfacet
  facet normal -0.748965 0 0.66261
    outer loop
      vertex -18.7438 -28.52 52.6046
      vertex -18.7039 -27.38 52.6497
      vertex -18.7438 -27.38 52.6046
    endloop
  endfacet
  facet normal -0.748965 0 0.66261
    outer loop
      vertex -18.7039 -27.38 52.6497
      vertex -18.7438 -28.52 52.6046
      vertex -18.7039 -28.52 52.6497
    endloop
  endfacet
  facet normal -0.667837 0 0.744307
    outer loop
      vertex -18.7876 -27.38 52.5653
      vertex -18.7438 -28.52 52.6046
      vertex -18.7438 -27.38 52.6046
    endloop
  endfacet
  facet normal -0.667837 0 0.744307
    outer loop
      vertex -18.7438 -28.52 52.6046
      vertex -18.7876 -27.38 52.5653
      vertex -18.7876 -28.52 52.5653
    endloop
  endfacet
  facet normal -0.576213 0 0.817299
    outer loop
      vertex -18.8354 -27.38 52.5316
      vertex -18.7876 -28.52 52.5653
      vertex -18.7876 -27.38 52.5653
    endloop
  endfacet
  facet normal -0.576213 0 0.817299
    outer loop
      vertex -18.7876 -28.52 52.5653
      vertex -18.8354 -27.38 52.5316
      vertex -18.8354 -28.52 52.5316
    endloop
  endfacet
  facet normal -0.476228 0 0.879322
    outer loop
      vertex -18.8871 -27.38 52.5036
      vertex -18.8354 -28.52 52.5316
      vertex -18.8354 -27.38 52.5316
    endloop
  endfacet
  facet normal -0.476228 0 0.879322
    outer loop
      vertex -18.8354 -28.52 52.5316
      vertex -18.8871 -27.38 52.5036
      vertex -18.8871 -28.52 52.5036
    endloop
  endfacet
  facet normal -0.372254 0 0.928131
    outer loop
      vertex -18.9427 -27.38 52.4813
      vertex -18.8871 -28.52 52.5036
      vertex -18.8871 -27.38 52.5036
    endloop
  endfacet
  facet normal -0.372254 0 0.928131
    outer loop
      vertex -18.8871 -28.52 52.5036
      vertex -18.9427 -27.38 52.4813
      vertex -18.9427 -28.52 52.4813
    endloop
  endfacet
  facet normal -0.268311 0 0.963332
    outer loop
      vertex -19.0023 -27.38 52.4647
      vertex -18.9427 -28.52 52.4813
      vertex -18.9427 -27.38 52.4813
    endloop
  endfacet
  facet normal -0.268311 0 0.963332
    outer loop
      vertex -18.9427 -28.52 52.4813
      vertex -19.0023 -27.38 52.4647
      vertex -19.0023 -28.52 52.4647
    endloop
  endfacet
  facet normal -0.170686 0 0.985325
    outer loop
      vertex -19.0658 -27.38 52.4537
      vertex -19.0023 -28.52 52.4647
      vertex -19.0023 -27.38 52.4647
    endloop
  endfacet
  facet normal -0.170686 0 0.985325
    outer loop
      vertex -19.0023 -28.52 52.4647
      vertex -19.0658 -27.38 52.4537
      vertex -19.0658 -28.52 52.4537
    endloop
  endfacet
  facet normal -0.0769227 0 0.997037
    outer loop
      vertex -19.1332 -27.38 52.4485
      vertex -19.0658 -28.52 52.4537
      vertex -19.0658 -27.38 52.4537
    endloop
  endfacet
  facet normal -0.0769227 0 0.997037
    outer loop
      vertex -19.0658 -28.52 52.4537
      vertex -19.1332 -27.38 52.4485
      vertex -19.1332 -28.52 52.4485
    endloop
  endfacet
  facet normal 0.00903578 0 0.999959
    outer loop
      vertex -19.1996 -27.38 52.4491
      vertex -19.1332 -28.52 52.4485
      vertex -19.1332 -27.38 52.4485
    endloop
  endfacet
  facet normal 0.00903578 0 0.999959
    outer loop
      vertex -19.1332 -28.52 52.4485
      vertex -19.1996 -27.38 52.4491
      vertex -19.1996 -28.52 52.4491
    endloop
  endfacet
  facet normal 0.102469 0 0.994736
    outer loop
      vertex -19.2627 -27.38 52.4556
      vertex -19.1996 -28.52 52.4491
      vertex -19.1996 -27.38 52.4491
    endloop
  endfacet
  facet normal 0.102469 0 0.994736
    outer loop
      vertex -19.1996 -28.52 52.4491
      vertex -19.2627 -27.38 52.4556
      vertex -19.2627 -28.52 52.4556
    endloop
  endfacet
  facet normal 0.204608 0 0.978844
    outer loop
      vertex -19.3225 -27.38 52.4681
      vertex -19.2627 -28.52 52.4556
      vertex -19.2627 -27.38 52.4556
    endloop
  endfacet
  facet normal 0.204608 0 0.978844
    outer loop
      vertex -19.2627 -28.52 52.4556
      vertex -19.3225 -27.38 52.4681
      vertex -19.3225 -28.52 52.4681
    endloop
  endfacet
  facet normal 0.307641 0 0.951502
    outer loop
      vertex -19.3791 -27.38 52.4864
      vertex -19.3225 -28.52 52.4681
      vertex -19.3225 -27.38 52.4681
    endloop
  endfacet
  facet normal 0.307641 0 0.951502
    outer loop
      vertex -19.3225 -28.52 52.4681
      vertex -19.3791 -27.38 52.4864
      vertex -19.3791 -28.52 52.4864
    endloop
  endfacet
  facet normal 0.416243 0 0.909253
    outer loop
      vertex -19.4324 -27.38 52.5108
      vertex -19.3791 -28.52 52.4864
      vertex -19.3791 -27.38 52.4864
    endloop
  endfacet
  facet normal 0.416243 0 0.909253
    outer loop
      vertex -19.3791 -28.52 52.4864
      vertex -19.4324 -27.38 52.5108
      vertex -19.4324 -28.52 52.5108
    endloop
  endfacet
  facet normal 0.516254 0 0.856435
    outer loop
      vertex -19.4825 -27.38 52.541
      vertex -19.4324 -28.52 52.5108
      vertex -19.4324 -27.38 52.5108
    endloop
  endfacet
  facet normal 0.516254 0 0.856435
    outer loop
      vertex -19.4324 -28.52 52.5108
      vertex -19.4825 -27.38 52.541
      vertex -19.4825 -28.52 52.541
    endloop
  endfacet
  facet normal 0.612651 0 0.790354
    outer loop
      vertex -19.5292 -27.38 52.5772
      vertex -19.4825 -28.52 52.541
      vertex -19.4825 -27.38 52.541
    endloop
  endfacet
  facet normal 0.612651 0 0.790354
    outer loop
      vertex -19.4825 -28.52 52.541
      vertex -19.5292 -27.38 52.5772
      vertex -19.5292 -28.52 52.5772
    endloop
  endfacet
  facet normal 0.694624 0 0.719373
    outer loop
      vertex -19.5728 -27.38 52.6193
      vertex -19.5292 -28.52 52.5772
      vertex -19.5292 -27.38 52.5772
    endloop
  endfacet
  facet normal 0.694624 0 0.719373
    outer loop
      vertex -19.5292 -28.52 52.5772
      vertex -19.5728 -27.38 52.6193
      vertex -19.5728 -28.52 52.6193
    endloop
  endfacet
  facet normal 0.780405 -0 0.625274
    outer loop
      vertex -19.6123 -28.52 52.6686
      vertex -19.5728 -27.38 52.6193
      vertex -19.6123 -27.38 52.6686
    endloop
  endfacet
  facet normal 0.780405 0 0.625274
    outer loop
      vertex -19.5728 -27.38 52.6193
      vertex -19.6123 -28.52 52.6686
      vertex -19.5728 -28.52 52.6193
    endloop
  endfacet
  facet normal 0.855778 -0 0.517343
    outer loop
      vertex -19.647 -28.52 52.726
      vertex -19.6123 -27.38 52.6686
      vertex -19.647 -27.38 52.726
    endloop
  endfacet
  facet normal 0.855778 0 0.517343
    outer loop
      vertex -19.6123 -27.38 52.6686
      vertex -19.647 -28.52 52.726
      vertex -19.6123 -28.52 52.6686
    endloop
  endfacet
  facet normal 0.909654 -0 0.415367
    outer loop
      vertex -19.677 -28.52 52.7917
      vertex -19.647 -27.38 52.726
      vertex -19.677 -27.38 52.7917
    endloop
  endfacet
  facet normal 0.909654 0 0.415367
    outer loop
      vertex -19.647 -27.38 52.726
      vertex -19.677 -28.52 52.7917
      vertex -19.647 -28.52 52.726
    endloop
  endfacet
  facet normal 0.946617 -0 0.322361
    outer loop
      vertex -19.7022 -28.52 52.8657
      vertex -19.677 -27.38 52.7917
      vertex -19.7022 -27.38 52.8657
    endloop
  endfacet
  facet normal 0.946617 0 0.322361
    outer loop
      vertex -19.677 -27.38 52.7917
      vertex -19.7022 -28.52 52.8657
      vertex -19.677 -28.52 52.7917
    endloop
  endfacet
  facet normal 0.970212 -0 0.242258
    outer loop
      vertex -19.7227 -28.52 52.9478
      vertex -19.7022 -27.38 52.8657
      vertex -19.7227 -27.38 52.9478
    endloop
  endfacet
  facet normal 0.970212 0 0.242258
    outer loop
      vertex -19.7022 -27.38 52.8657
      vertex -19.7227 -28.52 52.9478
      vertex -19.7022 -28.52 52.8657
    endloop
  endfacet
  facet normal 0.9851 -0 0.171984
    outer loop
      vertex -19.7385 -28.52 53.0383
      vertex -19.7227 -27.38 52.9478
      vertex -19.7385 -27.38 53.0383
    endloop
  endfacet
  facet normal 0.9851 0 0.171984
    outer loop
      vertex -19.7227 -27.38 52.9478
      vertex -19.7385 -28.52 53.0383
      vertex -19.7227 -28.52 52.9478
    endloop
  endfacet
  facet normal 0.993834 -0 0.110874
    outer loop
      vertex -19.7495 -28.52 53.1369
      vertex -19.7385 -27.38 53.0383
      vertex -19.7495 -27.38 53.1369
    endloop
  endfacet
  facet normal 0.993834 0 0.110874
    outer loop
      vertex -19.7385 -27.38 53.0383
      vertex -19.7495 -28.52 53.1369
      vertex -19.7385 -28.52 53.0383
    endloop
  endfacet
  facet normal 0.998322 -0 0.0579008
    outer loop
      vertex -19.7557 -28.52 53.2438
      vertex -19.7495 -27.38 53.1369
      vertex -19.7557 -27.38 53.2438
    endloop
  endfacet
  facet normal 0.998322 0 0.0579008
    outer loop
      vertex -19.7495 -27.38 53.1369
      vertex -19.7557 -28.52 53.2438
      vertex -19.7495 -28.52 53.1369
    endloop
  endfacet
  facet normal 0.999391 -0 0.0349068
    outer loop
      vertex -19.829 -28.52 55.3424
      vertex -19.7557 -27.38 53.2438
      vertex -19.829 -27.38 55.3424
    endloop
  endfacet
  facet normal 0.999391 0 0.0349068
    outer loop
      vertex -19.7557 -27.38 53.2438
      vertex -19.829 -28.52 55.3424
      vertex -19.7557 -28.52 53.2438
    endloop
  endfacet
  facet normal -0.0348563 0 0.999392
    outer loop
      vertex -21.1393 -27.38 55.2967
      vertex -19.829 -28.52 55.3424
      vertex -19.829 -27.38 55.3424
    endloop
  endfacet
  facet normal -0.0348563 0 0.999392
    outer loop
      vertex -19.829 -28.52 55.3424
      vertex -21.1393 -27.38 55.2967
      vertex -21.1393 -28.52 55.2967
    endloop
  endfacet
  facet normal 0.10605 0 -0.994361
    outer loop
      vertex -9.77518 -27.848 52.0063
      vertex -9.62047 -27.38 52.0228
      vertex -9.62047 -27.848 52.0228
    endloop
  endfacet
  facet normal 0.10605 0 -0.994361
    outer loop
      vertex -9.62047 -27.38 52.0228
      vertex -9.77518 -27.848 52.0063
      vertex -9.77518 -27.38 52.0063
    endloop
  endfacet
  facet normal 0.156461 0 -0.987684
    outer loop
      vertex -9.62047 -27.848 52.0228
      vertex -9.47086 -27.38 52.0465
      vertex -9.47086 -27.848 52.0465
    endloop
  endfacet
  facet normal 0.156461 0 -0.987684
    outer loop
      vertex -9.47086 -27.38 52.0465
      vertex -9.62047 -27.848 52.0228
      vertex -9.62047 -27.38 52.0228
    endloop
  endfacet
  facet normal 0.209127 0 -0.977888
    outer loop
      vertex -9.47086 -27.848 52.0465
      vertex -9.32637 -27.38 52.0774
      vertex -9.32637 -27.848 52.0774
    endloop
  endfacet
  facet normal 0.209127 0 -0.977888
    outer loop
      vertex -9.32637 -27.38 52.0774
      vertex -9.47086 -27.848 52.0465
      vertex -9.47086 -27.38 52.0465
    endloop
  endfacet
  facet normal 0.263697 0 -0.964606
    outer loop
      vertex -9.32637 -27.848 52.0774
      vertex -9.187 -27.38 52.1155
      vertex -9.187 -27.848 52.1155
    endloop
  endfacet
  facet normal 0.263697 0 -0.964606
    outer loop
      vertex -9.187 -27.38 52.1155
      vertex -9.32637 -27.848 52.0774
      vertex -9.32637 -27.38 52.0774
    endloop
  endfacet
  facet normal 0.319719 0 -0.947512
    outer loop
      vertex -9.187 -27.848 52.1155
      vertex -9.05275 -27.38 52.1608
      vertex -9.05275 -27.848 52.1608
    endloop
  endfacet
  facet normal 0.319719 0 -0.947512
    outer loop
      vertex -9.05275 -27.38 52.1608
      vertex -9.187 -27.848 52.1155
      vertex -9.187 -27.38 52.1155
    endloop
  endfacet
  facet normal 0.376604 0 -0.926374
    outer loop
      vertex -9.05275 -27.848 52.1608
      vertex -8.92361 -27.38 52.2133
      vertex -8.92361 -27.848 52.2133
    endloop
  endfacet
  facet normal 0.376604 0 -0.926374
    outer loop
      vertex -8.92361 -27.38 52.2133
      vertex -9.05275 -27.848 52.1608
      vertex -9.05275 -27.38 52.1608
    endloop
  endfacet
  facet normal 0.433147 0 -0.901323
    outer loop
      vertex -8.92361 -27.848 52.2133
      vertex -8.79959 -27.38 52.2729
      vertex -8.79959 -27.848 52.2729
    endloop
  endfacet
  facet normal 0.433147 0 -0.901323
    outer loop
      vertex -8.79959 -27.38 52.2729
      vertex -8.92361 -27.848 52.2133
      vertex -8.92361 -27.38 52.2133
    endloop
  endfacet
  facet normal 0.490465 0 -0.871461
    outer loop
      vertex -8.79959 -27.848 52.2729
      vertex -8.68161 -27.38 52.3393
      vertex -8.68161 -27.848 52.3393
    endloop
  endfacet
  facet normal 0.490465 0 -0.871461
    outer loop
      vertex -8.68161 -27.38 52.3393
      vertex -8.79959 -27.848 52.2729
      vertex -8.79959 -27.38 52.2729
    endloop
  endfacet
  facet normal 0.545819 0 -0.837903
    outer loop
      vertex -8.68161 -27.848 52.3393
      vertex -8.57062 -27.38 52.4116
      vertex -8.57062 -27.848 52.4116
    endloop
  endfacet
  facet normal 0.545819 0 -0.837903
    outer loop
      vertex -8.57062 -27.38 52.4116
      vertex -8.68161 -27.848 52.3393
      vertex -8.68161 -27.38 52.3393
    endloop
  endfacet
  facet normal 0.601474 0 -0.798892
    outer loop
      vertex -8.57062 -27.848 52.4116
      vertex -8.46662 -27.38 52.4899
      vertex -8.46662 -27.848 52.4899
    endloop
  endfacet
  facet normal 0.601474 0 -0.798892
    outer loop
      vertex -8.46662 -27.38 52.4899
      vertex -8.57062 -27.848 52.4116
      vertex -8.57062 -27.38 52.4116
    endloop
  endfacet
  facet normal 0.65589 0 -0.754857
    outer loop
      vertex -8.46662 -27.848 52.4899
      vertex -8.3696 -27.38 52.5742
      vertex -8.3696 -27.848 52.5742
    endloop
  endfacet
  facet normal 0.65589 0 -0.754857
    outer loop
      vertex -8.3696 -27.38 52.5742
      vertex -8.46662 -27.848 52.4899
      vertex -8.46662 -27.38 52.4899
    endloop
  endfacet
  facet normal 0.708516 0 -0.705695
    outer loop
      vertex -8.27956 -27.848 52.6646
      vertex -8.3696 -27.38 52.5742
      vertex -8.27956 -27.38 52.6646
    endloop
  endfacet
  facet normal 0.708516 0 -0.705695
    outer loop
      vertex -8.3696 -27.38 52.5742
      vertex -8.27956 -27.848 52.6646
      vertex -8.3696 -27.848 52.5742
    endloop
  endfacet
  facet normal 0.757618 0 -0.652699
    outer loop
      vertex -8.19651 -27.848 52.761
      vertex -8.27956 -27.38 52.6646
      vertex -8.19651 -27.38 52.761
    endloop
  endfacet
  facet normal 0.757618 0 -0.652699
    outer loop
      vertex -8.27956 -27.38 52.6646
      vertex -8.19651 -27.848 52.761
      vertex -8.27956 -27.848 52.6646
    endloop
  endfacet
  facet normal 0.802459 0 -0.596707
    outer loop
      vertex -8.12044 -27.848 52.8633
      vertex -8.19651 -27.38 52.761
      vertex -8.12044 -27.38 52.8633
    endloop
  endfacet
  facet normal 0.802459 0 -0.596707
    outer loop
      vertex -8.19651 -27.38 52.761
      vertex -8.12044 -27.848 52.8633
      vertex -8.19651 -27.848 52.761
    endloop
  endfacet
  facet normal 0.84328 0 -0.537474
    outer loop
      vertex -8.05135 -27.848 52.9717
      vertex -8.12044 -27.38 52.8633
      vertex -8.05135 -27.38 52.9717
    endloop
  endfacet
  facet normal 0.84328 0 -0.537474
    outer loop
      vertex -8.12044 -27.38 52.8633
      vertex -8.05135 -27.848 52.9717
      vertex -8.12044 -27.848 52.8633
    endloop
  endfacet
  facet normal 0.880849 0 -0.473398
    outer loop
      vertex -7.99019 -27.848 53.0855
      vertex -8.05135 -27.38 52.9717
      vertex -7.99019 -27.38 53.0855
    endloop
  endfacet
  facet normal 0.880849 0 -0.473398
    outer loop
      vertex -8.05135 -27.38 52.9717
      vertex -7.99019 -27.848 53.0855
      vertex -8.05135 -27.848 52.9717
    endloop
  endfacet
  facet normal 0.914928 0 -0.403617
    outer loop
      vertex -7.93787 -27.848 53.2041
      vertex -7.99019 -27.38 53.0855
      vertex -7.93787 -27.38 53.2041
    endloop
  endfacet
  facet normal 0.914928 0 -0.403617
    outer loop
      vertex -7.99019 -27.38 53.0855
      vertex -7.93787 -27.848 53.2041
      vertex -7.99019 -27.848 53.0855
    endloop
  endfacet
  facet normal 0.943237 0 -0.33212
    outer loop
      vertex -7.89442 -27.848 53.3275
      vertex -7.93787 -27.38 53.2041
      vertex -7.89442 -27.38 53.3275
    endloop
  endfacet
  facet normal 0.943237 0 -0.33212
    outer loop
      vertex -7.93787 -27.38 53.2041
      vertex -7.89442 -27.848 53.3275
      vertex -7.93787 -27.848 53.2041
    endloop
  endfacet
  facet normal 0.965456 0 -0.260568
    outer loop
      vertex -7.85982 -27.848 53.4557
      vertex -7.89442 -27.38 53.3275
      vertex -7.85982 -27.38 53.4557
    endloop
  endfacet
  facet normal 0.965456 0 -0.260568
    outer loop
      vertex -7.89442 -27.38 53.3275
      vertex -7.85982 -27.848 53.4557
      vertex -7.89442 -27.848 53.3275
    endloop
  endfacet
  facet normal 0.981782 0 -0.190013
    outer loop
      vertex -7.83406 -27.848 53.5888
      vertex -7.85982 -27.38 53.4557
      vertex -7.83406 -27.38 53.5888
    endloop
  endfacet
  facet normal 0.981782 0 -0.190013
    outer loop
      vertex -7.85982 -27.38 53.4557
      vertex -7.83406 -27.848 53.5888
      vertex -7.85982 -27.848 53.4557
    endloop
  endfacet
  facet normal 0.992572 0 -0.121659
    outer loop
      vertex -7.81717 -27.848 53.7266
      vertex -7.83406 -27.38 53.5888
      vertex -7.81717 -27.38 53.7266
    endloop
  endfacet
  facet normal 0.992572 0 -0.121659
    outer loop
      vertex -7.83406 -27.38 53.5888
      vertex -7.81717 -27.848 53.7266
      vertex -7.83406 -27.848 53.5888
    endloop
  endfacet
  facet normal 0.998409 0 -0.0563922
    outer loop
      vertex -7.80911 -27.848 53.8693
      vertex -7.81717 -27.38 53.7266
      vertex -7.80911 -27.38 53.8693
    endloop
  endfacet
  facet normal 0.998409 0 -0.0563922
    outer loop
      vertex -7.81717 -27.38 53.7266
      vertex -7.80911 -27.848 53.8693
      vertex -7.81717 -27.848 53.7266
    endloop
  endfacet
  facet normal 0.999984 -0 0.00564845
    outer loop
      vertex -7.80938 -27.848 53.9171
      vertex -7.80911 -27.38 53.8693
      vertex -7.80938 -27.38 53.9171
    endloop
  endfacet
  facet normal 0.999984 0 0.00564845
    outer loop
      vertex -7.80911 -27.38 53.8693
      vertex -7.80938 -27.848 53.9171
      vertex -7.80911 -27.848 53.8693
    endloop
  endfacet
  facet normal 0.997965 -0 0.0637704
    outer loop
      vertex -7.81246 -27.848 53.9653
      vertex -7.80938 -27.38 53.9171
      vertex -7.81246 -27.38 53.9653
    endloop
  endfacet
  facet normal 0.997965 0 0.0637704
    outer loop
      vertex -7.80938 -27.38 53.9171
      vertex -7.81246 -27.848 53.9653
      vertex -7.80938 -27.848 53.9171
    endloop
  endfacet
  facet normal 0.992123 -0 0.125266
    outer loop
      vertex -7.83049 -27.848 54.1081
      vertex -7.81246 -27.38 53.9653
      vertex -7.83049 -27.38 54.1081
    endloop
  endfacet
  facet normal 0.992123 0 0.125266
    outer loop
      vertex -7.81246 -27.38 53.9653
      vertex -7.83049 -27.848 54.1081
      vertex -7.81246 -27.848 53.9653
    endloop
  endfacet
  facet normal 0.981827 0 0.189777
    outer loop
      vertex -7.85699 -27.38 54.2452
      vertex -7.83049 -27.848 54.1081
      vertex -7.83049 -27.38 54.1081
    endloop
  endfacet
  facet normal 0.981827 -0 0.189777
    outer loop
      vertex -7.85699 -28.006 54.2452
      vertex -7.83049 -27.848 54.1081
      vertex -7.85699 -27.38 54.2452
    endloop
  endfacet
  facet normal 0.981814 5.94701e-05 0.189843
    outer loop
      vertex -7.83224 -28.006 54.1172
      vertex -7.83049 -27.848 54.1081
      vertex -7.85699 -28.006 54.2452
    endloop
  endfacet
  facet normal 0.982006 0 0.188847
    outer loop
      vertex -7.83049 -28.016 54.1081
      vertex -7.83224 -28.006 54.1172
      vertex -7.83224 -28.016 54.1172
    endloop
  endfacet
  facet normal 0.982006 0 0.188847
    outer loop
      vertex -7.83224 -28.006 54.1172
      vertex -7.83049 -28.016 54.1081
      vertex -7.83049 -27.848 54.1081
    endloop
  endfacet
  facet normal 0.966345 0 0.257251
    outer loop
      vertex -7.89197 -27.38 54.3766
      vertex -7.85699 -28.006 54.2452
      vertex -7.85699 -27.38 54.2452
    endloop
  endfacet
  facet normal 0.966345 -0 0.257251
    outer loop
      vertex -7.89197 -28.342 54.3766
      vertex -7.85699 -28.006 54.2452
      vertex -7.89197 -27.38 54.3766
    endloop
  endfacet
  facet normal 0.966345 0 0.257251
    outer loop
      vertex -7.85699 -28.006 54.2452
      vertex -7.89197 -28.342 54.3766
      vertex -7.85699 -28.174 54.2452
    endloop
  endfacet
  facet normal 0.966315 9.44337e-05 0.257363
    outer loop
      vertex -7.87591 -28.342 54.3163
      vertex -7.85699 -28.174 54.2452
      vertex -7.89197 -28.342 54.3766
    endloop
  endfacet
  facet normal 0.96637 0 0.257155
    outer loop
      vertex -7.85699 -28.352 54.2452
      vertex -7.87591 -28.342 54.3163
      vertex -7.87591 -28.352 54.3163
    endloop
  endfacet
  facet normal 0.96637 0 0.257155
    outer loop
      vertex -7.87591 -28.342 54.3163
      vertex -7.85699 -28.352 54.2452
      vertex -7.85699 -28.174 54.2452
    endloop
  endfacet
  facet normal 0.945059 0 0.326899
    outer loop
      vertex -7.93545 -27.38 54.5023
      vertex -7.89197 -28.342 54.3766
      vertex -7.89197 -27.38 54.3766
    endloop
  endfacet
  facet normal 0.945059 -0 0.326899
    outer loop
      vertex -7.93545 -28.52 54.5023
      vertex -7.89197 -28.342 54.3766
      vertex -7.93545 -27.38 54.5023
    endloop
  endfacet
  facet normal 0.945059 0 0.326899
    outer loop
      vertex -7.89197 -28.342 54.3766
      vertex -7.93545 -28.52 54.5023
      vertex -7.89197 -28.52 54.3766
    endloop
  endfacet
  facet normal 0.917695 -0 0.397285
    outer loop
      vertex -7.9874 -28.52 54.6223
      vertex -7.93545 -27.38 54.5023
      vertex -7.9874 -27.38 54.6223
    endloop
  endfacet
  facet normal 0.917695 0 0.397285
    outer loop
      vertex -7.93545 -27.38 54.5023
      vertex -7.9874 -28.52 54.6223
      vertex -7.93545 -28.52 54.5023
    endloop
  endfacet
  facet normal 0.884122 -0 0.467256
    outer loop
      vertex -8.04786 -28.52 54.7367
      vertex -7.9874 -27.38 54.6223
      vertex -8.04786 -27.38 54.7367
    endloop
  endfacet
  facet normal 0.884122 0 0.467256
    outer loop
      vertex -7.9874 -27.38 54.6223
      vertex -8.04786 -28.52 54.7367
      vertex -7.9874 -28.52 54.6223
    endloop
  endfacet
  facet normal 0.84455 -0 0.535477
    outer loop
      vertex -8.11678 -28.52 54.8454
      vertex -8.04786 -27.38 54.7367
      vertex -8.11678 -27.38 54.8454
    endloop
  endfacet
  facet normal 0.84455 0 0.535477
    outer loop
      vertex -8.04786 -27.38 54.7367
      vertex -8.11678 -28.52 54.8454
      vertex -8.04786 -28.52 54.7367
    endloop
  endfacet
  facet normal 0.801834 -0 0.597546
    outer loop
      vertex -8.19324 -28.52 54.948
      vertex -8.11678 -27.38 54.8454
      vertex -8.19324 -27.38 54.948
    endloop
  endfacet
  facet normal 0.801834 0 0.597546
    outer loop
      vertex -8.11678 -27.38 54.8454
      vertex -8.19324 -28.52 54.948
      vertex -8.11678 -28.52 54.8454
    endloop
  endfacet
  facet normal 0.757141 -0 0.653251
    outer loop
      vertex -8.27624 -28.52 55.0442
      vertex -8.19324 -27.38 54.948
      vertex -8.27624 -27.38 55.0442
    endloop
  endfacet
  facet normal 0.757141 0 0.653251
    outer loop
      vertex -8.19324 -27.38 54.948
      vertex -8.27624 -28.52 55.0442
      vertex -8.19324 -28.52 54.948
    endloop
  endfacet
  facet normal 0.708445 -0 0.705766
    outer loop
      vertex -8.3658 -28.52 55.1341
      vertex -8.27624 -27.38 55.0442
      vertex -8.3658 -27.38 55.1341
    endloop
  endfacet
  facet normal 0.708445 0 0.705766
    outer loop
      vertex -8.27624 -27.38 55.0442
      vertex -8.3658 -28.52 55.1341
      vertex -8.27624 -28.52 55.0442
    endloop
  endfacet
  facet normal 0.6554 0 0.755282
    outer loop
      vertex -8.46191 -27.38 55.2175
      vertex -8.3658 -28.52 55.1341
      vertex -8.3658 -27.38 55.1341
    endloop
  endfacet
  facet normal 0.6554 0 0.755282
    outer loop
      vertex -8.3658 -28.52 55.1341
      vertex -8.46191 -27.38 55.2175
      vertex -8.46191 -28.52 55.2175
    endloop
  endfacet
  facet normal 0.600561 0 0.799579
    outer loop
      vertex -8.56456 -27.38 55.2946
      vertex -8.46191 -28.52 55.2175
      vertex -8.46191 -27.38 55.2175
    endloop
  endfacet
  facet normal 0.600561 0 0.799579
    outer loop
      vertex -8.46191 -28.52 55.2175
      vertex -8.56456 -27.38 55.2946
      vertex -8.56456 -28.52 55.2946
    endloop
  endfacet
  facet normal 0.543439 0 0.839448
    outer loop
      vertex -8.67377 -27.38 55.3653
      vertex -8.56456 -28.52 55.2946
      vertex -8.56456 -27.38 55.2946
    endloop
  endfacet
  facet normal 0.543439 0 0.839448
    outer loop
      vertex -8.56456 -28.52 55.2946
      vertex -8.67377 -27.38 55.3653
      vertex -8.67377 -28.52 55.3653
    endloop
  endfacet
  facet normal 0.485001 0 0.874513
    outer loop
      vertex -8.78953 -27.38 55.4295
      vertex -8.67377 -28.52 55.3653
      vertex -8.67377 -27.38 55.3653
    endloop
  endfacet
  facet normal 0.485001 0 0.874513
    outer loop
      vertex -8.67377 -28.52 55.3653
      vertex -8.78953 -27.38 55.4295
      vertex -8.78953 -28.52 55.4295
    endloop
  endfacet
  facet normal 0.427839 0 0.903855
    outer loop
      vertex -8.91185 -27.38 55.4874
      vertex -8.78953 -28.52 55.4295
      vertex -8.78953 -27.38 55.4295
    endloop
  endfacet
  facet normal 0.427839 0 0.903855
    outer loop
      vertex -8.78953 -28.52 55.4295
      vertex -8.91185 -27.38 55.4874
      vertex -8.91185 -28.52 55.4874
    endloop
  endfacet
  facet normal 0.369837 0 0.929097
    outer loop
      vertex -9.03972 -27.38 55.5383
      vertex -8.91185 -28.52 55.4874
      vertex -8.91185 -27.38 55.4874
    endloop
  endfacet
  facet normal 0.369837 0 0.929097
    outer loop
      vertex -8.91185 -28.52 55.4874
      vertex -9.03972 -27.38 55.5383
      vertex -9.03972 -28.52 55.5383
    endloop
  endfacet
  facet normal 0.311296 0 0.950313
    outer loop
      vertex -9.17221 -27.38 55.5817
      vertex -9.03972 -28.52 55.5383
      vertex -9.03972 -27.38 55.5383
    endloop
  endfacet
  facet normal 0.311296 0 0.950313
    outer loop
      vertex -9.03972 -28.52 55.5383
      vertex -9.17221 -27.38 55.5817
      vertex -9.17221 -28.52 55.5817
    endloop
  endfacet
  facet normal 0.252669 0 0.967553
    outer loop
      vertex -9.3093 -27.38 55.6175
      vertex -9.17221 -28.52 55.5817
      vertex -9.17221 -27.38 55.5817
    endloop
  endfacet
  facet normal 0.252669 0 0.967553
    outer loop
      vertex -9.17221 -28.52 55.5817
      vertex -9.3093 -27.38 55.6175
      vertex -9.3093 -28.52 55.6175
    endloop
  endfacet
  facet normal 0.195877 0 0.980629
    outer loop
      vertex -9.45098 -27.38 55.6458
      vertex -9.3093 -28.52 55.6175
      vertex -9.3093 -27.38 55.6175
    endloop
  endfacet
  facet normal 0.195877 0 0.980629
    outer loop
      vertex -9.3093 -28.52 55.6175
      vertex -9.45098 -27.38 55.6458
      vertex -9.45098 -28.52 55.6458
    endloop
  endfacet
  facet normal 0.140104 0 0.990137
    outer loop
      vertex -9.59727 -27.38 55.6665
      vertex -9.45098 -28.52 55.6458
      vertex -9.45098 -27.38 55.6458
    endloop
  endfacet
  facet normal 0.140104 0 0.990137
    outer loop
      vertex -9.45098 -28.52 55.6458
      vertex -9.59727 -27.38 55.6665
      vertex -9.59727 -28.52 55.6665
    endloop
  endfacet
  facet normal 0.0871424 0 0.996196
    outer loop
      vertex -9.74817 -27.38 55.6797
      vertex -9.59727 -28.52 55.6665
      vertex -9.59727 -27.38 55.6665
    endloop
  endfacet
  facet normal 0.0871424 0 0.996196
    outer loop
      vertex -9.59727 -28.52 55.6665
      vertex -9.74817 -27.38 55.6797
      vertex -9.74817 -28.52 55.6797
    endloop
  endfacet
  facet normal 0.0359918 0 0.999352
    outer loop
      vertex -9.90366 -27.38 55.6853
      vertex -9.74817 -28.52 55.6797
      vertex -9.74817 -27.38 55.6797
    endloop
  endfacet
  facet normal 0.0359918 0 0.999352
    outer loop
      vertex -9.74817 -28.52 55.6797
      vertex -9.90366 -27.38 55.6853
      vertex -9.90366 -28.52 55.6853
    endloop
  endfacet
  facet normal -0.0118712 0 0.99993
    outer loop
      vertex -10.0637 -27.38 55.6834
      vertex -9.90366 -28.52 55.6853
      vertex -9.90366 -27.38 55.6853
    endloop
  endfacet
  facet normal -0.0118712 0 0.99993
    outer loop
      vertex -9.90366 -28.52 55.6853
      vertex -10.0637 -27.38 55.6834
      vertex -10.0637 -28.52 55.6834
    endloop
  endfacet
  facet normal -0.034854 0 0.999392
    outer loop
      vertex -11.9791 -27.38 55.6166
      vertex -10.0637 -28.52 55.6834
      vertex -10.0637 -27.38 55.6834
    endloop
  endfacet
  facet normal -0.034854 0 0.999392
    outer loop
      vertex -10.0637 -28.52 55.6834
      vertex -11.9791 -27.38 55.6166
      vertex -11.9791 -28.52 55.6166
    endloop
  endfacet
  facet normal -0.999387 0 -0.0349961
    outer loop
      vertex -11.8574 -27.848 52.1301
      vertex -11.8504 -27.38 51.9302
      vertex -11.8504 -27.848 51.9302
    endloop
  endfacet
  facet normal -0.999386 -1.16745e-05 -0.0350234
    outer loop
      vertex -11.8644 -28.016 52.3299
      vertex -11.8504 -27.38 51.9302
      vertex -11.8574 -27.848 52.1301
    endloop
  endfacet
  facet normal -0.999387 0 -0.0350136
    outer loop
      vertex -11.8644 -28.016 52.3299
      vertex -11.8574 -27.848 52.1301
      vertex -11.8574 -28.016 52.1301
    endloop
  endfacet
  facet normal -0.999424 0.000677592 -0.0339279
    outer loop
      vertex -11.8713 -28.184 52.5298
      vertex -11.8504 -27.38 51.9302
      vertex -11.8644 -28.016 52.3299
    endloop
  endfacet
  facet normal -0.999405 0 -0.0344967
    outer loop
      vertex -11.8713 -28.184 52.5298
      vertex -11.8644 -28.016 52.3299
      vertex -11.8644 -28.184 52.3299
    endloop
  endfacet
  facet normal -0.999391 -4.13937e-05 -0.0348909
    outer loop
      vertex -11.8504 -27.38 51.9302
      vertex -11.8713 -28.184 52.5298
      vertex -11.9791 -27.38 55.6166
    endloop
  endfacet
  facet normal -0.999387 0 -0.0349961
    outer loop
      vertex -11.8783 -28.352 52.7297
      vertex -11.8713 -28.184 52.5298
      vertex -11.8713 -28.352 52.5298
    endloop
  endfacet
  facet normal -0.99939 8.58887e-05 -0.034924
    outer loop
      vertex -11.8713 -28.184 52.5298
      vertex -11.8783 -28.352 52.7297
      vertex -11.9791 -27.38 55.6166
    endloop
  endfacet
  facet normal -0.999391 0 -0.0348951
    outer loop
      vertex -11.9791 -28.52 55.6166
      vertex -11.8783 -28.352 52.7297
      vertex -11.8783 -28.52 52.7297
    endloop
  endfacet
  facet normal -0.999391 0 -0.0348951
    outer loop
      vertex -11.8783 -28.352 52.7297
      vertex -11.9791 -28.52 55.6166
      vertex -11.9791 -27.38 55.6166
    endloop
  endfacet
  facet normal 0.0349063 0 -0.999391
    outer loop
      vertex -11.8504 -27.848 51.9302
      vertex -9.93501 -27.38 51.9971
      vertex -9.93501 -27.848 51.9971
    endloop
  endfacet
  facet normal 0.0349063 0 -0.999391
    outer loop
      vertex -9.93501 -27.38 51.9971
      vertex -11.8504 -27.848 51.9302
      vertex -11.8504 -27.38 51.9302
    endloop
  endfacet
  facet normal 0.057466 0 -0.998347
    outer loop
      vertex -9.93501 -27.848 51.9971
      vertex -9.77518 -27.38 52.0063
      vertex -9.77518 -27.848 52.0063
    endloop
  endfacet
  facet normal 0.057466 0 -0.998347
    outer loop
      vertex -9.77518 -27.38 52.0063
      vertex -9.93501 -27.848 51.9971
      vertex -9.93501 -27.38 51.9971
    endloop
  endfacet
  facet normal 0.0116951 0 -0.999932
    outer loop
      vertex -10.0906 -27.848 54.8598
      vertex -10.0222 -27.38 54.8606
      vertex -10.0222 -27.848 54.8606
    endloop
  endfacet
  facet normal 0.0116951 0 -0.999932
    outer loop
      vertex -10.0222 -27.38 54.8606
      vertex -10.0906 -27.848 54.8598
      vertex -10.0906 -27.38 54.8598
    endloop
  endfacet
  facet normal -0.040678 0 -0.999172
    outer loop
      vertex -10.0222 -27.848 54.8606
      vertex -9.95588 -27.38 54.8579
      vertex -9.95588 -27.848 54.8579
    endloop
  endfacet
  facet normal -0.040678 0 -0.999172
    outer loop
      vertex -9.95588 -27.38 54.8579
      vertex -10.0222 -27.848 54.8606
      vertex -10.0222 -27.38 54.8606
    endloop
  endfacet
  facet normal -0.0929663 0 -0.995669
    outer loop
      vertex -9.95588 -27.848 54.8579
      vertex -9.89162 -27.38 54.8519
      vertex -9.89162 -27.848 54.8519
    endloop
  endfacet
  facet normal -0.0929663 0 -0.995669
    outer loop
      vertex -9.89162 -27.38 54.8519
      vertex -9.95588 -27.848 54.8579
      vertex -9.95588 -27.38 54.8579
    endloop
  endfacet
  facet normal -0.149405 0 -0.988776
    outer loop
      vertex -9.89162 -27.848 54.8519
      vertex -9.82941 -27.38 54.8425
      vertex -9.82941 -27.848 54.8425
    endloop
  endfacet
  facet normal -0.149405 0 -0.988776
    outer loop
      vertex -9.82941 -27.38 54.8425
      vertex -9.89162 -27.848 54.8519
      vertex -9.89162 -27.38 54.8519
    endloop
  endfacet
  facet normal -0.206584 0 -0.978429
    outer loop
      vertex -9.82941 -27.848 54.8425
      vertex -9.76926 -27.38 54.8298
      vertex -9.76926 -27.848 54.8298
    endloop
  endfacet
  facet normal -0.206584 0 -0.978429
    outer loop
      vertex -9.76926 -27.38 54.8298
      vertex -9.82941 -27.848 54.8425
      vertex -9.82941 -27.38 54.8425
    endloop
  endfacet
  facet normal -0.267002 0 -0.963696
    outer loop
      vertex -9.76926 -27.848 54.8298
      vertex -9.71115 -27.38 54.8137
      vertex -9.71115 -27.848 54.8137
    endloop
  endfacet
  facet normal -0.267002 0 -0.963696
    outer loop
      vertex -9.71115 -27.38 54.8137
      vertex -9.76926 -27.848 54.8298
      vertex -9.76926 -27.38 54.8298
    endloop
  endfacet
  facet normal -0.328586 0 -0.944474
    outer loop
      vertex -9.71115 -27.848 54.8137
      vertex -9.6551 -27.38 54.7942
      vertex -9.6551 -27.848 54.7942
    endloop
  endfacet
  facet normal -0.328586 0 -0.944474
    outer loop
      vertex -9.6551 -27.38 54.7942
      vertex -9.71115 -27.848 54.8137
      vertex -9.71115 -27.38 54.8137
    endloop
  endfacet
  facet normal -0.39048 0 -0.920612
    outer loop
      vertex -9.6551 -27.848 54.7942
      vertex -9.60111 -27.38 54.7713
      vertex -9.60111 -27.848 54.7713
    endloop
  endfacet
  facet normal -0.39048 0 -0.920612
    outer loop
      vertex -9.60111 -27.38 54.7713
      vertex -9.6551 -27.848 54.7942
      vertex -9.6551 -27.38 54.7942
    endloop
  endfacet
  facet normal -0.451429 0 -0.892307
    outer loop
      vertex -9.60111 -27.848 54.7713
      vertex -9.54952 -27.38 54.7452
      vertex -9.54952 -27.848 54.7452
    endloop
  endfacet
  facet normal -0.451429 0 -0.892307
    outer loop
      vertex -9.54952 -27.38 54.7452
      vertex -9.60111 -27.848 54.7713
      vertex -9.60111 -27.38 54.7713
    endloop
  endfacet
  facet normal -0.515733 0 -0.856749
    outer loop
      vertex -9.54952 -27.848 54.7452
      vertex -9.50068 -27.38 54.7158
      vertex -9.50068 -27.848 54.7158
    endloop
  endfacet
  facet normal -0.515733 0 -0.856749
    outer loop
      vertex -9.50068 -27.38 54.7158
      vertex -9.54952 -27.848 54.7452
      vertex -9.54952 -27.38 54.7452
    endloop
  endfacet
  facet normal -0.577462 0 -0.816418
    outer loop
      vertex -9.50068 -27.848 54.7158
      vertex -9.45459 -27.38 54.6832
      vertex -9.45459 -27.848 54.6832
    endloop
  endfacet
  facet normal -0.577462 0 -0.816418
    outer loop
      vertex -9.45459 -27.38 54.6832
      vertex -9.50068 -27.848 54.7158
      vertex -9.50068 -27.38 54.7158
    endloop
  endfacet
  facet normal -0.637997 0 -0.770039
    outer loop
      vertex -9.45459 -27.848 54.6832
      vertex -9.41126 -27.38 54.6473
      vertex -9.41126 -27.848 54.6473
    endloop
  endfacet
  facet normal -0.637997 0 -0.770039
    outer loop
      vertex -9.41126 -27.38 54.6473
      vertex -9.45459 -27.848 54.6832
      vertex -9.45459 -27.38 54.6832
    endloop
  endfacet
  facet normal -0.69302 0 -0.720918
    outer loop
      vertex -9.41126 -27.848 54.6473
      vertex -9.37069 -27.38 54.6083
      vertex -9.37069 -27.848 54.6083
    endloop
  endfacet
  facet normal -0.69302 0 -0.720918
    outer loop
      vertex -9.37069 -27.38 54.6083
      vertex -9.41126 -27.848 54.6473
      vertex -9.41126 -27.38 54.6473
    endloop
  endfacet
  facet normal -0.745481 0 -0.666527
    outer loop
      vertex -9.33287 -27.848 54.566
      vertex -9.37069 -27.38 54.6083
      vertex -9.33287 -27.38 54.566
    endloop
  endfacet
  facet normal -0.745481 -0 -0.666527
    outer loop
      vertex -9.37069 -27.38 54.6083
      vertex -9.33287 -27.848 54.566
      vertex -9.37069 -27.848 54.6083
    endloop
  endfacet
  facet normal -0.792035 0 -0.610476
    outer loop
      vertex -9.2978 -27.848 54.5205
      vertex -9.33287 -27.38 54.566
      vertex -9.2978 -27.38 54.5205
    endloop
  endfacet
  facet normal -0.792035 -0 -0.610476
    outer loop
      vertex -9.33287 -27.38 54.566
      vertex -9.2978 -27.848 54.5205
      vertex -9.33287 -27.848 54.566
    endloop
  endfacet
  facet normal -0.833285 0 -0.552843
    outer loop
      vertex -9.26549 -27.848 54.4718
      vertex -9.2978 -27.38 54.5205
      vertex -9.26549 -27.38 54.4718
    endloop
  endfacet
  facet normal -0.833285 -0 -0.552843
    outer loop
      vertex -9.2978 -27.38 54.5205
      vertex -9.26549 -27.848 54.4718
      vertex -9.2978 -27.848 54.5205
    endloop
  endfacet
  facet normal -0.871674 0 -0.490086
    outer loop
      vertex -9.23631 -27.848 54.4199
      vertex -9.26549 -27.38 54.4718
      vertex -9.23631 -27.38 54.4199
    endloop
  endfacet
  facet normal -0.871674 -0 -0.490086
    outer loop
      vertex -9.26549 -27.38 54.4718
      vertex -9.23631 -27.848 54.4199
      vertex -9.26549 -27.848 54.4718
    endloop
  endfacet
  facet normal -0.906415 0 -0.422389
    outer loop
      vertex -9.21068 -27.848 54.3649
      vertex -9.23631 -27.38 54.4199
      vertex -9.21068 -27.38 54.3649
    endloop
  endfacet
  facet normal -0.906415 -0 -0.422389
    outer loop
      vertex -9.23631 -27.38 54.4199
      vertex -9.21068 -27.848 54.3649
      vertex -9.23631 -27.848 54.4199
    endloop
  endfacet
  facet normal -0.934462 0 -0.356062
    outer loop
      vertex -9.18858 -27.848 54.3069
      vertex -9.21068 -27.38 54.3649
      vertex -9.18858 -27.38 54.3069
    endloop
  endfacet
  facet normal -0.934462 -0 -0.356062
    outer loop
      vertex -9.21068 -27.38 54.3649
      vertex -9.18858 -27.848 54.3069
      vertex -9.21068 -27.848 54.3649
    endloop
  endfacet
  facet normal -0.956873 0 -0.290507
    outer loop
      vertex -9.17003 -27.848 54.2458
      vertex -9.18858 -27.38 54.3069
      vertex -9.17003 -27.38 54.2458
    endloop
  endfacet
  facet normal -0.956873 -0 -0.290507
    outer loop
      vertex -9.18858 -27.38 54.3069
      vertex -9.17003 -27.848 54.2458
      vertex -9.18858 -27.848 54.3069
    endloop
  endfacet
  facet normal -0.973774 0 -0.227517
    outer loop
      vertex -9.15503 -27.848 54.1816
      vertex -9.17003 -27.38 54.2458
      vertex -9.15503 -27.38 54.1816
    endloop
  endfacet
  facet normal -0.973774 -0 -0.227517
    outer loop
      vertex -9.17003 -27.38 54.2458
      vertex -9.15503 -27.848 54.1816
      vertex -9.17003 -27.848 54.2458
    endloop
  endfacet
  facet normal -0.98572 0 -0.168394
    outer loop
      vertex -9.14355 -27.848 54.1144
      vertex -9.15503 -27.38 54.1816
      vertex -9.14355 -27.38 54.1144
    endloop
  endfacet
  facet normal -0.98572 -0 -0.168394
    outer loop
      vertex -9.15503 -27.38 54.1816
      vertex -9.14355 -27.848 54.1144
      vertex -9.15503 -27.848 54.1816
    endloop
  endfacet
  facet normal -0.993731 0 -0.111795
    outer loop
      vertex -9.13563 -27.848 54.044
      vertex -9.14355 -27.38 54.1144
      vertex -9.13563 -27.38 54.044
    endloop
  endfacet
  facet normal -0.993731 -0 -0.111795
    outer loop
      vertex -9.14355 -27.38 54.1144
      vertex -9.13563 -27.848 54.044
      vertex -9.14355 -27.848 54.1144
    endloop
  endfacet
  facet normal -0.998208 0 -0.0598381
    outer loop
      vertex -9.13123 -27.38 53.9706
      vertex -9.13563 -27.848 54.044
      vertex -9.13563 -27.38 54.044
    endloop
  endfacet
  facet normal -0.998208 0 -0.0598381
    outer loop
      vertex -9.13123 -28.52 53.9706
      vertex -9.13563 -27.848 54.044
      vertex -9.13123 -27.38 53.9706
    endloop
  endfacet
  facet normal -0.998208 -0 -0.0598381
    outer loop
      vertex -9.13563 -27.848 54.044
      vertex -9.13123 -28.52 53.9706
      vertex -9.13563 -28.52 54.044
    endloop
  endfacet
  facet normal -0.999954 0 -0.00954313
    outer loop
      vertex -9.13054 -28.52 53.8983
      vertex -9.13123 -27.38 53.9706
      vertex -9.13054 -27.38 53.8983
    endloop
  endfacet
  facet normal -0.999954 -0 -0.00954313
    outer loop
      vertex -9.13123 -27.38 53.9706
      vertex -9.13054 -28.52 53.8983
      vertex -9.13123 -28.52 53.9706
    endloop
  endfacet
  facet normal -0.999072 0 0.0430826
    outer loop
      vertex -9.1317 -28.52 53.8714
      vertex -9.13054 -27.38 53.8983
      vertex -9.1317 -27.38 53.8714
    endloop
  endfacet
  facet normal -0.999072 0 0.0430826
    outer loop
      vertex -9.13054 -27.38 53.8983
      vertex -9.1317 -28.52 53.8714
      vertex -9.13054 -28.52 53.8983
    endloop
  endfacet
  facet normal -0.993772 0 -0.111434
    outer loop
      vertex -9.12865 -28.52 53.8442
      vertex -9.1317 -27.38 53.8714
      vertex -9.12865 -27.38 53.8442
    endloop
  endfacet
  facet normal -0.993772 -0 -0.111434
    outer loop
      vertex -9.1317 -27.38 53.8714
      vertex -9.12865 -28.52 53.8442
      vertex -9.1317 -28.52 53.8714
    endloop
  endfacet
  facet normal -0.998213 0 -0.059757
    outer loop
      vertex -9.12425 -28.52 53.7707
      vertex -9.12865 -27.38 53.8442
      vertex -9.12425 -27.38 53.7707
    endloop
  endfacet
  facet normal -0.998213 -0 -0.059757
    outer loop
      vertex -9.12865 -27.38 53.8442
      vertex -9.12425 -28.52 53.7707
      vertex -9.12865 -28.52 53.8442
    endloop
  endfacet
  facet normal -0.999954 0 -0.00955635
    outer loop
      vertex -9.12356 -28.52 53.6985
      vertex -9.12425 -27.38 53.7707
      vertex -9.12356 -27.38 53.6985
    endloop
  endfacet
  facet normal -0.999954 -0 -0.00955635
    outer loop
      vertex -9.12425 -27.38 53.7707
      vertex -9.12356 -28.52 53.6985
      vertex -9.12425 -28.52 53.7707
    endloop
  endfacet
  facet normal -0.999056 0 0.043431
    outer loop
      vertex -9.12659 -28.52 53.6288
      vertex -9.12356 -27.38 53.6985
      vertex -9.12659 -27.38 53.6288
    endloop
  endfacet
  facet normal -0.999056 0 0.043431
    outer loop
      vertex -9.12356 -27.38 53.6985
      vertex -9.12659 -28.52 53.6288
      vertex -9.12356 -28.52 53.6985
    endloop
  endfacet
  facet normal -0.994934 0 0.10053
    outer loop
      vertex -9.13338 -28.52 53.5616
      vertex -9.12659 -27.38 53.6288
      vertex -9.13338 -27.38 53.5616
    endloop
  endfacet
  facet normal -0.994934 0 0.10053
    outer loop
      vertex -9.12659 -27.38 53.6288
      vertex -9.13338 -28.52 53.5616
      vertex -9.12659 -28.52 53.6288
    endloop
  endfacet
  facet normal -0.987047 0 0.160433
    outer loop
      vertex -9.14388 -28.52 53.497
      vertex -9.13338 -27.38 53.5616
      vertex -9.14388 -27.38 53.497
    endloop
  endfacet
  facet normal -0.987047 0 0.160433
    outer loop
      vertex -9.13338 -27.38 53.5616
      vertex -9.14388 -28.52 53.497
      vertex -9.13338 -28.52 53.5616
    endloop
  endfacet
  facet normal -0.97459 0 0.223998
    outer loop
      vertex -9.15813 -28.52 53.435
      vertex -9.14388 -27.38 53.497
      vertex -9.15813 -27.38 53.435
    endloop
  endfacet
  facet normal -0.97459 0 0.223998
    outer loop
      vertex -9.14388 -27.38 53.497
      vertex -9.15813 -28.52 53.435
      vertex -9.14388 -28.52 53.497
    endloop
  endfacet
  facet normal -0.95716 0 0.289561
    outer loop
      vertex -9.17613 -28.52 53.3755
      vertex -9.15813 -27.38 53.435
      vertex -9.17613 -27.38 53.3755
    endloop
  endfacet
  facet normal -0.95716 0 0.289561
    outer loop
      vertex -9.15813 -27.38 53.435
      vertex -9.17613 -28.52 53.3755
      vertex -9.15813 -28.52 53.435
    endloop
  endfacet
  facet normal -0.934194 0 0.356767
    outer loop
      vertex -9.19786 -28.52 53.3186
      vertex -9.17613 -27.38 53.3755
      vertex -9.19786 -27.38 53.3186
    endloop
  endfacet
  facet normal -0.934194 0 0.356767
    outer loop
      vertex -9.17613 -27.38 53.3755
      vertex -9.19786 -28.52 53.3186
      vertex -9.17613 -28.52 53.3755
    endloop
  endfacet
  facet normal -0.905715 0 0.423888
    outer loop
      vertex -9.22332 -28.52 53.2642
      vertex -9.19786 -27.38 53.3186
      vertex -9.22332 -27.38 53.2642
    endloop
  endfacet
  facet normal -0.905715 0 0.423888
    outer loop
      vertex -9.19786 -27.38 53.3186
      vertex -9.22332 -28.52 53.2642
      vertex -9.19786 -28.52 53.3186
    endloop
  endfacet
  facet normal -0.872723 0 0.488216
    outer loop
      vertex -9.25213 -28.52 53.2127
      vertex -9.22332 -27.38 53.2642
      vertex -9.25213 -27.38 53.2127
    endloop
  endfacet
  facet normal -0.872723 0 0.488216
    outer loop
      vertex -9.22332 -27.38 53.2642
      vertex -9.25213 -28.52 53.2127
      vertex -9.22332 -28.52 53.2642
    endloop
  endfacet
  facet normal -0.835751 0 0.549109
    outer loop
      vertex -9.28393 -28.52 53.1643
      vertex -9.25213 -27.38 53.2127
      vertex -9.28393 -27.38 53.1643
    endloop
  endfacet
  facet normal -0.835751 0 0.549109
    outer loop
      vertex -9.25213 -27.38 53.2127
      vertex -9.28393 -28.52 53.1643
      vertex -9.25213 -28.52 53.2127
    endloop
  endfacet
  facet normal -0.793437 0 0.608652
    outer loop
      vertex -9.31868 -28.52 53.119
      vertex -9.28393 -27.38 53.1643
      vertex -9.31868 -27.38 53.119
    endloop
  endfacet
  facet normal -0.793437 0 0.608652
    outer loop
      vertex -9.28393 -27.38 53.1643
      vertex -9.31868 -28.52 53.119
      vertex -9.28393 -28.52 53.1643
    endloop
  endfacet
  facet normal -0.745398 0 0.666619
    outer loop
      vertex -9.35642 -28.52 53.0768
      vertex -9.31868 -27.38 53.119
      vertex -9.35642 -27.38 53.0768
    endloop
  endfacet
  facet normal -0.745398 0 0.666619
    outer loop
      vertex -9.31868 -27.38 53.119
      vertex -9.35642 -28.52 53.0768
      vertex -9.31868 -28.52 53.119
    endloop
  endfacet
  facet normal -0.691778 0 0.72211
    outer loop
      vertex -9.39713 -27.38 53.0378
      vertex -9.35642 -28.52 53.0768
      vertex -9.35642 -27.38 53.0768
    endloop
  endfacet
  facet normal -0.691778 0 0.72211
    outer loop
      vertex -9.35642 -28.52 53.0768
      vertex -9.39713 -27.38 53.0378
      vertex -9.39713 -28.52 53.0378
    endloop
  endfacet
  facet normal -0.635918 0 0.771757
    outer loop
      vertex -9.44082 -27.38 53.0018
      vertex -9.39713 -28.52 53.0378
      vertex -9.39713 -27.38 53.0378
    endloop
  endfacet
  facet normal -0.635918 0 0.771757
    outer loop
      vertex -9.39713 -28.52 53.0378
      vertex -9.44082 -27.38 53.0018
      vertex -9.44082 -28.52 53.0018
    endloop
  endfacet
  facet normal -0.57492 0 0.81821
    outer loop
      vertex -9.4875 -27.38 52.969
      vertex -9.44082 -28.52 53.0018
      vertex -9.44082 -27.38 53.0018
    endloop
  endfacet
  facet normal -0.57492 0 0.81821
    outer loop
      vertex -9.44082 -28.52 53.0018
      vertex -9.4875 -27.38 52.969
      vertex -9.4875 -28.52 52.969
    endloop
  endfacet
  facet normal -0.514775 0 0.857325
    outer loop
      vertex -9.53713 -27.38 52.9392
      vertex -9.4875 -28.52 52.969
      vertex -9.4875 -27.38 52.969
    endloop
  endfacet
  facet normal -0.514775 0 0.857325
    outer loop
      vertex -9.4875 -28.52 52.969
      vertex -9.53713 -27.38 52.9392
      vertex -9.53713 -28.52 52.9392
    endloop
  endfacet
  facet normal -0.453545 0 0.891233
    outer loop
      vertex -9.5894 -27.38 52.9126
      vertex -9.53713 -28.52 52.9392
      vertex -9.53713 -27.38 52.9392
    endloop
  endfacet
  facet normal -0.453545 0 0.891233
    outer loop
      vertex -9.53713 -28.52 52.9392
      vertex -9.5894 -27.38 52.9126
      vertex -9.5894 -28.52 52.9126
    endloop
  endfacet
  facet normal -0.392861 0 0.919598
    outer loop
      vertex -9.64394 -27.38 52.8893
      vertex -9.5894 -28.52 52.9126
      vertex -9.5894 -27.38 52.9126
    endloop
  endfacet
  facet normal -0.392861 0 0.919598
    outer loop
      vertex -9.5894 -28.52 52.9126
      vertex -9.64394 -27.38 52.8893
      vertex -9.64394 -28.52 52.8893
    endloop
  endfacet
  facet normal -0.334813 0 0.942284
    outer loop
      vertex -9.70079 -27.38 52.8691
      vertex -9.64394 -28.52 52.8893
      vertex -9.64394 -27.38 52.8893
    endloop
  endfacet
  facet normal -0.334813 0 0.942284
    outer loop
      vertex -9.64394 -28.52 52.8893
      vertex -9.70079 -27.38 52.8691
      vertex -9.70079 -28.52 52.8691
    endloop
  endfacet
  facet normal -0.27485 0 0.961487
    outer loop
      vertex -9.75991 -27.38 52.8522
      vertex -9.70079 -28.52 52.8691
      vertex -9.70079 -27.38 52.8691
    endloop
  endfacet
  facet normal -0.27485 0 0.961487
    outer loop
      vertex -9.70079 -28.52 52.8691
      vertex -9.75991 -27.38 52.8522
      vertex -9.75991 -28.52 52.8522
    endloop
  endfacet
  facet normal -0.217772 0 0.976
    outer loop
      vertex -9.82131 -27.38 52.8385
      vertex -9.75991 -28.52 52.8522
      vertex -9.75991 -27.38 52.8522
    endloop
  endfacet
  facet normal -0.217772 0 0.976
    outer loop
      vertex -9.75991 -28.52 52.8522
      vertex -9.82131 -27.38 52.8385
      vertex -9.82131 -28.52 52.8385
    endloop
  endfacet
  facet normal -0.161157 0 0.986929
    outer loop
      vertex -9.885 -27.38 52.8281
      vertex -9.82131 -28.52 52.8385
      vertex -9.82131 -27.38 52.8385
    endloop
  endfacet
  facet normal -0.161157 0 0.986929
    outer loop
      vertex -9.82131 -28.52 52.8385
      vertex -9.885 -27.38 52.8281
      vertex -9.885 -28.52 52.8281
    endloop
  endfacet
  facet normal -0.109969 0 0.993935
    outer loop
      vertex -9.95098 -27.38 52.8208
      vertex -9.885 -28.52 52.8281
      vertex -9.885 -27.38 52.8281
    endloop
  endfacet
  facet normal -0.109969 0 0.993935
    outer loop
      vertex -9.885 -28.52 52.8281
      vertex -9.95098 -27.38 52.8208
      vertex -9.95098 -28.52 52.8208
    endloop
  endfacet
  facet normal -0.0585333 0 0.998285
    outer loop
      vertex -10.0192 -27.38 52.8168
      vertex -9.95098 -28.52 52.8208
      vertex -9.95098 -27.38 52.8208
    endloop
  endfacet
  facet normal -0.0585333 0 0.998285
    outer loop
      vertex -9.95098 -28.52 52.8208
      vertex -10.0192 -27.38 52.8168
      vertex -10.0192 -28.52 52.8168
    endloop
  endfacet
  facet normal -0.0349069 0 0.999391
    outer loop
      vertex -10.5689 -27.38 52.7976
      vertex -10.0192 -28.52 52.8168
      vertex -10.0192 -27.38 52.8168
    endloop
  endfacet
  facet normal -0.0349069 0 0.999391
    outer loop
      vertex -10.0192 -28.52 52.8168
      vertex -10.5689 -27.38 52.7976
      vertex -10.5689 -28.52 52.7976
    endloop
  endfacet
  facet normal 0.999387 0 0.0349961
    outer loop
      vertex -10.6681 -28.352 55.6402
      vertex -10.6681 -28.52 55.6402
      vertex -10.6611 -28.352 55.4403
    endloop
  endfacet
  facet normal 0.999405 0 0.0344967
    outer loop
      vertex -10.6611 -28.184 55.4403
      vertex -10.6611 -28.352 55.4403
      vertex -10.6542 -28.184 55.2404
    endloop
  endfacet
  facet normal 0.999387 0 0.0349961
    outer loop
      vertex -10.6542 -28.016 55.2404
      vertex -10.6542 -28.184 55.2404
      vertex -10.6472 -28.016 55.0405
    endloop
  endfacet
  facet normal 0.999387 0 0.0349961
    outer loop
      vertex -10.6472 -27.848 55.0405
      vertex -10.6472 -28.016 55.0405
      vertex -10.6402 -27.848 54.8406
    endloop
  endfacet
  facet normal 0.999392 -0 0.0348784
    outer loop
      vertex -10.6402 -27.848 54.8406
      vertex -10.5689 -27.38 52.7976
      vertex -10.6402 -27.38 54.8406
    endloop
  endfacet
  facet normal 0.99939 -0.000100722 0.0349115
    outer loop
      vertex -10.5689 -28.52 52.7976
      vertex -10.6402 -27.848 54.8406
      vertex -10.6472 -28.016 55.0405
    endloop
  endfacet
  facet normal 0.99939 -0.000100722 0.0349115
    outer loop
      vertex -10.5689 -28.52 52.7976
      vertex -10.6472 -28.016 55.0405
      vertex -10.6542 -28.184 55.2404
    endloop
  endfacet
  facet normal 0.999393 0.000410487 0.0348413
    outer loop
      vertex -10.5689 -28.52 52.7976
      vertex -10.6542 -28.184 55.2404
      vertex -10.6611 -28.352 55.4403
    endloop
  endfacet
  facet normal 0.999392 -0.000142556 0.0348764
    outer loop
      vertex -10.5689 -28.52 52.7976
      vertex -10.6611 -28.352 55.4403
      vertex -10.6681 -28.52 55.6402
    endloop
  endfacet
  facet normal 0.999392 0 0.0348784
    outer loop
      vertex -10.6402 -27.848 54.8406
      vertex -10.5689 -28.52 52.7976
      vertex -10.5689 -27.38 52.7976
    endloop
  endfacet
  facet normal 0.0349132 0 -0.99939
    outer loop
      vertex -10.6402 -27.848 54.8406
      vertex -10.0906 -27.38 54.8598
      vertex -10.0906 -27.848 54.8598
    endloop
  endfacet
  facet normal 0.0349132 0 -0.99939
    outer loop
      vertex -10.0906 -27.38 54.8598
      vertex -10.6402 -27.848 54.8406
      vertex -10.6402 -27.38 54.8406
    endloop
  endfacet
  facet normal -0.744469 0 -0.667657
    outer loop
      vertex -13.7176 -27.848 51.865
      vertex -15.2561 -27.38 53.5805
      vertex -13.7176 -27.38 51.865
    endloop
  endfacet
  facet normal -0.744469 -0 -0.667657
    outer loop
      vertex -15.2561 -27.38 53.5805
      vertex -13.7176 -27.848 51.865
      vertex -15.2561 -27.848 53.5805
    endloop
  endfacet
  facet normal 0.0348905 0 -0.999391
    outer loop
      vertex -13.7176 -27.848 51.865
      vertex -12.6406 -27.38 51.9026
      vertex -12.6406 -27.848 51.9026
    endloop
  endfacet
  facet normal 0.0348905 0 -0.999391
    outer loop
      vertex -12.6406 -27.38 51.9026
      vertex -13.7176 -27.848 51.865
      vertex -13.7176 -27.38 51.865
    endloop
  endfacet
  facet normal 0.999391 4.13937e-05 0.0348909
    outer loop
      vertex -12.6615 -28.184 52.5022
      vertex -12.6406 -27.38 51.9026
      vertex -12.7693 -27.38 55.589
    endloop
  endfacet
  facet normal 0.999377 0.000344893 0.0353032
    outer loop
      vertex -12.6406 -27.38 51.9026
      vertex -12.6545 -28.016 52.3023
      vertex -12.6475 -27.848 52.1025
    endloop
  endfacet
  facet normal 0.999378 0.000321371 0.0352658
    outer loop
      vertex -12.6406 -27.38 51.9026
      vertex -12.6615 -28.184 52.5022
      vertex -12.6545 -28.016 52.3023
    endloop
  endfacet
  facet normal 0.99939 -8.58887e-05 0.034924
    outer loop
      vertex -12.7693 -27.38 55.589
      vertex -12.6685 -28.352 52.7021
      vertex -12.6615 -28.184 52.5022
    endloop
  endfacet
  facet normal 0.999391 -0 0.0348951
    outer loop
      vertex -12.7693 -28.52 55.589
      vertex -12.6685 -28.352 52.7021
      vertex -12.7693 -27.38 55.589
    endloop
  endfacet
  facet normal 0.999391 0 0.0348951
    outer loop
      vertex -12.6685 -28.352 52.7021
      vertex -12.7693 -28.52 55.589
      vertex -12.6685 -28.52 52.7021
    endloop
  endfacet
  facet normal 0.999405 0 0.0344967
    outer loop
      vertex -12.6406 -27.38 51.9026
      vertex -12.6475 -27.848 52.1025
      vertex -12.6406 -27.848 51.9026
    endloop
  endfacet
  facet normal 0.999387 0 0.0350136
    outer loop
      vertex -12.6475 -27.848 52.1025
      vertex -12.6545 -28.016 52.3023
      vertex -12.6475 -28.016 52.1025
    endloop
  endfacet
  facet normal 0.999387 0 0.0349961
    outer loop
      vertex -12.6545 -28.016 52.3023
      vertex -12.6615 -28.184 52.5022
      vertex -12.6545 -28.184 52.3023
    endloop
  endfacet
  facet normal 0.999387 0 0.0349961
    outer loop
      vertex -12.6615 -28.184 52.5022
      vertex -12.6685 -28.352 52.7021
      vertex -12.6615 -28.352 52.5022
    endloop
  endfacet
  facet normal -0.0349071 0 0.999391
    outer loop
      vertex -14.0462 -27.38 55.5444
      vertex -12.7693 -28.52 55.589
      vertex -12.7693 -27.38 55.589
    endloop
  endfacet
  facet normal -0.0349071 0 0.999391
    outer loop
      vertex -12.7693 -28.52 55.589
      vertex -14.0462 -27.38 55.5444
      vertex -14.0462 -28.52 55.5444
    endloop
  endfacet
  facet normal -0.999391 0 -0.0348927
    outer loop
      vertex -13.9845 -28.52 53.7772
      vertex -14.0462 -27.38 55.5444
      vertex -13.9845 -27.38 53.7772
    endloop
  endfacet
  facet normal -0.999391 -0 -0.0348927
    outer loop
      vertex -14.0462 -27.38 55.5444
      vertex -13.9845 -28.52 53.7772
      vertex -14.0462 -28.52 55.5444
    endloop
  endfacet
  facet normal 0.744488 -0 0.667635
    outer loop
      vertex -15.523 -28.52 55.4928
      vertex -13.9845 -27.38 53.7772
      vertex -15.523 -27.38 55.4928
    endloop
  endfacet
  facet normal 0.744488 0 0.667635
    outer loop
      vertex -13.9845 -27.38 53.7772
      vertex -15.523 -28.52 55.4928
      vertex -13.9845 -28.52 53.7772
    endloop
  endfacet
  facet normal -0.0348905 0 0.999391
    outer loop
      vertex -16.6 -27.38 55.4552
      vertex -15.523 -28.52 55.4928
      vertex -15.523 -27.38 55.4928
    endloop
  endfacet
  facet normal -0.0348905 0 0.999391
    outer loop
      vertex -15.523 -28.52 55.4928
      vertex -16.6 -27.38 55.4552
      vertex -16.6 -28.52 55.4552
    endloop
  endfacet
  facet normal -0.999387 0 -0.0349961
    outer loop
      vertex -16.4783 -27.848 51.9687
      vertex -16.4713 -27.38 51.7688
      vertex -16.4713 -27.848 51.7688
    endloop
  endfacet
  facet normal -0.999387 1.18309e-14 -0.0349961
    outer loop
      vertex -16.4853 -28.016 52.1686
      vertex -16.4713 -27.38 51.7688
      vertex -16.4783 -27.848 51.9687
    endloop
  endfacet
  facet normal -0.999387 0 -0.0349961
    outer loop
      vertex -16.4853 -28.016 52.1686
      vertex -16.4783 -27.848 51.9687
      vertex -16.4783 -28.016 51.9687
    endloop
  endfacet
  facet normal -0.999423 0.000643633 -0.0339734
    outer loop
      vertex -16.4922 -28.184 52.3684
      vertex -16.4713 -27.38 51.7688
      vertex -16.4853 -28.016 52.1686
    endloop
  endfacet
  facet normal -0.999404 0 -0.034514
    outer loop
      vertex -16.4922 -28.184 52.3684
      vertex -16.4853 -28.016 52.1686
      vertex -16.4853 -28.184 52.1686
    endloop
  endfacet
  facet normal -0.999391 -4.13937e-05 -0.0348909
    outer loop
      vertex -16.4713 -27.38 51.7688
      vertex -16.4922 -28.184 52.3684
      vertex -16.6 -27.38 55.4552
    endloop
  endfacet
  facet normal -0.999387 0 -0.0349961
    outer loop
      vertex -16.4992 -28.352 52.5683
      vertex -16.4922 -28.184 52.3684
      vertex -16.4922 -28.352 52.3684
    endloop
  endfacet
  facet normal -0.99939 8.58887e-05 -0.034924
    outer loop
      vertex -16.4922 -28.184 52.3684
      vertex -16.4992 -28.352 52.5683
      vertex -16.6 -27.38 55.4552
    endloop
  endfacet
  facet normal -0.999391 0 -0.0348951
    outer loop
      vertex -16.6 -28.52 55.4552
      vertex -16.4992 -28.352 52.5683
      vertex -16.4992 -28.52 52.5683
    endloop
  endfacet
  facet normal -0.999391 0 -0.0348951
    outer loop
      vertex -16.4992 -28.352 52.5683
      vertex -16.6 -28.52 55.4552
      vertex -16.6 -27.38 55.4552
    endloop
  endfacet
  facet normal 0.0349071 0 -0.999391
    outer loop
      vertex -16.4713 -27.848 51.7688
      vertex -15.1944 -27.38 51.8134
      vertex -15.1944 -27.848 51.8134
    endloop
  endfacet
  facet normal 0.0349071 0 -0.999391
    outer loop
      vertex -15.1944 -27.38 51.8134
      vertex -16.4713 -27.848 51.7688
      vertex -16.4713 -27.38 51.7688
    endloop
  endfacet
  facet normal 0.99939 0 0.0349251
    outer loop
      vertex -15.2153 -28.184 52.413
      vertex -15.2561 -27.38 53.5805
      vertex -15.2561 -27.848 53.5805
    endloop
  endfacet
  facet normal 0.999391 9.33431e-05 0.0348947
    outer loop
      vertex -15.2561 -27.38 53.5805
      vertex -15.2083 -28.016 52.2132
      vertex -15.1944 -27.38 51.8134
    endloop
  endfacet
  facet normal 0.999405 0 0.0344967
    outer loop
      vertex -15.1944 -27.38 51.8134
      vertex -15.2013 -27.848 52.0133
      vertex -15.1944 -27.848 51.8134
    endloop
  endfacet
  facet normal 0.999405 -0 0.0344967
    outer loop
      vertex -15.263 -28.016 53.7804
      vertex -15.2561 -27.848 53.5805
      vertex -15.263 -27.848 53.7804
    endloop
  endfacet
  facet normal 0.999396 0.000304328 0.0347522
    outer loop
      vertex -15.2561 -27.848 53.5805
      vertex -15.263 -28.016 53.7804
      vertex -15.2223 -28.352 52.6129
    endloop
  endfacet
  facet normal 0.999378 0.000333126 0.0352757
    outer loop
      vertex -15.1944 -27.38 51.8134
      vertex -15.2083 -28.016 52.2132
      vertex -15.2013 -27.848 52.0133
    endloop
  endfacet
  facet normal 0.999387 0 0.0349961
    outer loop
      vertex -15.2013 -27.848 52.0133
      vertex -15.2083 -28.016 52.2132
      vertex -15.2013 -28.016 52.0133
    endloop
  endfacet
  facet normal 0.999387 -0 0.0349961
    outer loop
      vertex -15.27 -28.184 53.9803
      vertex -15.263 -28.016 53.7804
      vertex -15.27 -28.016 53.9803
    endloop
  endfacet
  facet normal 0.999391 -0.000123102 0.0348927
    outer loop
      vertex -15.2223 -28.52 52.6129
      vertex -15.263 -28.016 53.7804
      vertex -15.27 -28.184 53.9803
    endloop
  endfacet
  facet normal 0.999389 -5.78716e-05 0.034965
    outer loop
      vertex -15.2561 -27.38 53.5805
      vertex -15.2153 -28.184 52.413
      vertex -15.2083 -28.016 52.2132
    endloop
  endfacet
  facet normal 0.999387 0 0.0350136
    outer loop
      vertex -15.2083 -28.016 52.2132
      vertex -15.2153 -28.184 52.413
      vertex -15.2083 -28.184 52.2132
    endloop
  endfacet
  facet normal 0.999387 -0 0.0350136
    outer loop
      vertex -15.277 -28.352 54.1801
      vertex -15.27 -28.184 53.9803
      vertex -15.277 -28.184 54.1801
    endloop
  endfacet
  facet normal 0.999391 -0.000139175 0.0348967
    outer loop
      vertex -15.2223 -28.52 52.6129
      vertex -15.27 -28.184 53.9803
      vertex -15.277 -28.352 54.1801
    endloop
  endfacet
  facet normal 0.999389 -6.293e-05 0.0349432
    outer loop
      vertex -15.2561 -27.848 53.5805
      vertex -15.2223 -28.352 52.6129
      vertex -15.2153 -28.184 52.413
    endloop
  endfacet
  facet normal 0.999387 0 0.0349961
    outer loop
      vertex -15.2153 -28.184 52.413
      vertex -15.2223 -28.352 52.6129
      vertex -15.2153 -28.352 52.413
    endloop
  endfacet
  facet normal 0.999387 -0 0.0349961
    outer loop
      vertex -15.284 -28.52 54.38
      vertex -15.277 -28.352 54.1801
      vertex -15.284 -28.352 54.38
    endloop
  endfacet
  facet normal 0.999391 -0.000120753 0.0348947
    outer loop
      vertex -15.2223 -28.52 52.6129
      vertex -15.277 -28.352 54.1801
      vertex -15.284 -28.52 54.38
    endloop
  endfacet
  facet normal 0.999393 0 0.0348397
    outer loop
      vertex -15.263 -28.016 53.7804
      vertex -15.2223 -28.52 52.6129
      vertex -15.2223 -28.352 52.6129
    endloop
  endfacet
  facet normal 0.999391 -2.92516e-06 0.0348894
    outer loop
      vertex -4.25004 -27.38 54.4412
      vertex -4.23105 -27.848 53.8972
      vertex -4.22407 -27.38 53.6973
    endloop
  endfacet
  facet normal 0.999391 -5.50639e-06 0.0348916
    outer loop
      vertex -4.25004 -27.38 54.4412
      vertex -4.23803 -28.016 54.0971
      vertex -4.23105 -27.848 53.8972
    endloop
  endfacet
  facet normal 0.999391 -1.20004e-05 0.0349036
    outer loop
      vertex -4.25004 -27.38 54.4412
      vertex -4.24501 -28.184 54.2969
      vertex -4.23803 -28.016 54.0971
    endloop
  endfacet
  facet normal 0.999393 -0 0.0348368
    outer loop
      vertex -4.25004 -28.352 54.4412
      vertex -4.24501 -28.184 54.2969
      vertex -4.25004 -27.38 54.4412
    endloop
  endfacet
  facet normal 0.999393 0 0.0348368
    outer loop
      vertex -4.24501 -28.184 54.2969
      vertex -4.25004 -28.352 54.4412
      vertex -4.24501 -28.352 54.2969
    endloop
  endfacet
  facet normal 0.999391 0 0.0348962
    outer loop
      vertex -4.22407 -27.38 53.6973
      vertex -4.23105 -27.848 53.8972
      vertex -4.22407 -27.848 53.6973
    endloop
  endfacet
  facet normal 0.999391 0 0.0348962
    outer loop
      vertex -4.23105 -27.848 53.8972
      vertex -4.23803 -28.016 54.0971
      vertex -4.23105 -28.016 53.8972
    endloop
  endfacet
  facet normal 0.99939 0 0.0349136
    outer loop
      vertex -4.23803 -28.016 54.0971
      vertex -4.24501 -28.184 54.2969
      vertex -4.23803 -28.184 54.0971
    endloop
  endfacet
  facet normal -0.0349072 0 0.999391
    outer loop
      vertex -5.8934 -27.38 54.3838
      vertex -4.25004 -28.352 54.4412
      vertex -4.25004 -27.38 54.4412
    endloop
  endfacet
  facet normal -0.0349072 0 0.999391
    outer loop
      vertex -4.25004 -28.352 54.4412
      vertex -5.8934 -27.38 54.3838
      vertex -5.8934 -28.352 54.3838
    endloop
  endfacet
  facet normal 0.999391 0 0.0348962
    outer loop
      vertex -5.88837 -28.184 54.2396
      vertex -5.88837 -28.352 54.2396
      vertex -5.88139 -28.184 54.0397
    endloop
  endfacet
  facet normal 0.999391 0 0.0348962
    outer loop
      vertex -5.93722 -28.184 55.6386
      vertex -5.93722 -28.352 55.6386
      vertex -5.93024 -28.184 55.4387
    endloop
  endfacet
  facet normal 0.999391 0 0.0348962
    outer loop
      vertex -5.88139 -28.016 54.0397
      vertex -5.88139 -28.184 54.0397
      vertex -5.87441 -28.016 53.8398
    endloop
  endfacet
  facet normal 0.999391 0 0.0348962
    outer loop
      vertex -5.93024 -28.016 55.4387
      vertex -5.93024 -28.184 55.4387
      vertex -5.92326 -28.016 55.2388
    endloop
  endfacet
  facet normal 0.999391 0 0.0348962
    outer loop
      vertex -5.87441 -27.848 53.8398
      vertex -5.87441 -28.016 53.8398
      vertex -5.86743 -27.848 53.6399
    endloop
  endfacet
  facet normal 0.99939 0 0.0349136
    outer loop
      vertex -5.92326 -27.848 55.2388
      vertex -5.92326 -28.016 55.2388
      vertex -5.91628 -27.848 55.039
    endloop
  endfacet
  facet normal 0.999391 -0 0.0348994
    outer loop
      vertex -5.91628 -27.848 55.039
      vertex -5.8934 -27.38 54.3838
      vertex -5.91628 -27.38 55.039
    endloop
  endfacet
  facet normal 0.999391 -8.87619e-06 0.0349062
    outer loop
      vertex -5.8934 -28.352 54.3838
      vertex -5.91628 -27.848 55.039
      vertex -5.92326 -28.016 55.2388
    endloop
  endfacet
  facet normal 0.999391 5.28125e-06 0.0349006
    outer loop
      vertex -5.8934 -28.352 54.3838
      vertex -5.92326 -28.016 55.2388
      vertex -5.93024 -28.184 55.4387
    endloop
  endfacet
  facet normal 0.999391 5.28125e-06 0.0349006
    outer loop
      vertex -5.8934 -28.352 54.3838
      vertex -5.93024 -28.184 55.4387
      vertex -5.93722 -28.352 55.6386
    endloop
  endfacet
  facet normal 0.999391 0 0.0348994
    outer loop
      vertex -5.91628 -27.848 55.039
      vertex -5.8934 -28.352 54.3838
      vertex -5.8934 -27.38 54.3838
    endloop
  endfacet
  facet normal 0.999391 -0 0.0349069
    outer loop
      vertex -5.86743 -27.848 53.6399
      vertex -5.84261 -27.38 52.9293
      vertex -5.86743 -27.38 53.6399
    endloop
  endfacet
  facet normal 0.999391 4.79399e-06 0.0349002
    outer loop
      vertex -5.843 -28.352 52.9404
      vertex -5.86743 -27.848 53.6399
      vertex -5.87441 -28.016 53.8398
    endloop
  endfacet
  facet normal 0.999391 4.15472e-06 0.0348997
    outer loop
      vertex -5.843 -28.52 52.9404
      vertex -5.87441 -28.016 53.8398
      vertex -5.88139 -28.184 54.0397
    endloop
  endfacet
  facet normal 0.999391 4.15472e-06 0.0348997
    outer loop
      vertex -5.843 -28.52 52.9404
      vertex -5.88139 -28.184 54.0397
      vertex -5.88837 -28.352 54.2396
    endloop
  endfacet
  facet normal 0.999391 -2.37926e-06 0.0349054
    outer loop
      vertex -5.86743 -27.848 53.6399
      vertex -5.843 -28.352 52.9404
      vertex -5.84261 -27.38 52.9293
    endloop
  endfacet
  facet normal 0.999383 0 0.0351135
    outer loop
      vertex -5.84261 -27.38 52.9293
      vertex -5.843 -28.352 52.9404
      vertex -5.84261 -28.352 52.9293
    endloop
  endfacet
  facet normal 0.999391 -0 0.0349019
    outer loop
      vertex -5.94381 -28.52 55.8273
      vertex -5.93722 -28.352 55.6386
      vertex -5.94381 -28.352 55.8273
    endloop
  endfacet
  facet normal 0.999391 -1.41276e-06 0.0349006
    outer loop
      vertex -5.93722 -28.352 55.6386
      vertex -5.94381 -28.52 55.8273
      vertex -5.8934 -28.352 54.3838
    endloop
  endfacet
  facet normal 0.999391 -1.93573e-05 0.0348985
    outer loop
      vertex -5.843 -28.52 52.9404
      vertex -5.8934 -28.352 54.3838
      vertex -5.94381 -28.52 55.8273
    endloop
  endfacet
  facet normal 0.999392 0.000304369 0.0348609
    outer loop
      vertex -5.8934 -28.352 54.3838
      vertex -5.843 -28.52 52.9404
      vertex -5.88837 -28.352 54.2396
    endloop
  endfacet
  facet normal 0.999391 0 0.034902
    outer loop
      vertex -5.87441 -28.016 53.8398
      vertex -5.843 -28.52 52.9404
      vertex -5.843 -28.352 52.9404
    endloop
  endfacet
  facet normal 0.0348801 0 -0.999392
    outer loop
      vertex -5.91628 -27.848 55.039
      vertex -4.04529 -27.38 55.1043
      vertex -4.04529 -27.848 55.1043
    endloop
  endfacet
  facet normal 0.0348801 0 -0.999392
    outer loop
      vertex -4.04529 -27.38 55.1043
      vertex -5.91628 -27.848 55.039
      vertex -5.91628 -27.38 55.039
    endloop
  endfacet
  facet normal 0.999391 2.47325e-06 0.034902
    outer loop
      vertex -4.07282 -27.38 55.8926
      vertex -4.05227 -27.848 55.3042
      vertex -4.04529 -27.38 55.1043
    endloop
  endfacet
  facet normal 0.999391 -5.93324e-06 0.0349087
    outer loop
      vertex -4.07282 -27.38 55.8926
      vertex -4.05925 -28.016 55.504
      vertex -4.05227 -27.848 55.3042
    endloop
  endfacet
  facet normal 0.999391 1.11666e-06 0.0348971
    outer loop
      vertex -4.07282 -27.38 55.8926
      vertex -4.06623 -28.184 55.7039
      vertex -4.05925 -28.016 55.504
    endloop
  endfacet
  facet normal 0.999391 -0 0.0349019
    outer loop
      vertex -4.07282 -28.352 55.8926
      vertex -4.06623 -28.184 55.7039
      vertex -4.07282 -27.38 55.8926
    endloop
  endfacet
  facet normal 0.999391 0 0.0349019
    outer loop
      vertex -4.06623 -28.184 55.7039
      vertex -4.07282 -28.352 55.8926
      vertex -4.06623 -28.352 55.7039
    endloop
  endfacet
  facet normal 0.999391 0 0.0348962
    outer loop
      vertex -4.04529 -27.38 55.1043
      vertex -4.05227 -27.848 55.3042
      vertex -4.04529 -27.848 55.1043
    endloop
  endfacet
  facet normal 0.99939 0 0.0349136
    outer loop
      vertex -4.05227 -27.848 55.3042
      vertex -4.05925 -28.016 55.504
      vertex -4.05227 -28.016 55.3042
    endloop
  endfacet
  facet normal 0.999391 0 0.0348962
    outer loop
      vertex -4.05925 -28.016 55.504
      vertex -4.06623 -28.184 55.7039
      vertex -4.05925 -28.184 55.504
    endloop
  endfacet
  facet normal -0.0348801 0 0.999392
    outer loop
      vertex -4.07282 -27.38 55.8926
      vertex -5.94381 -28.352 55.8273
      vertex -4.07282 -28.352 55.8926
    endloop
  endfacet
  facet normal -0.034895 2.86908e-05 0.999391
    outer loop
      vertex -7.23181 -27.38 55.7823
      vertex -5.94381 -28.352 55.8273
      vertex -4.07282 -27.38 55.8926
    endloop
  endfacet
  facet normal -0.0349166 0 0.99939
    outer loop
      vertex -7.23181 -28.52 55.7823
      vertex -5.94381 -28.352 55.8273
      vertex -7.23181 -27.38 55.7823
    endloop
  endfacet
  facet normal -0.0349166 0 0.99939
    outer loop
      vertex -5.94381 -28.352 55.8273
      vertex -7.23181 -28.52 55.7823
      vertex -5.94381 -28.52 55.8273
    endloop
  endfacet
  facet normal -0.99939 0 -0.0349136
    outer loop
      vertex -7.11006 -27.848 52.2958
      vertex -7.10308 -27.38 52.096
      vertex -7.10308 -27.848 52.096
    endloop
  endfacet
  facet normal -0.999391 1.16288e-05 -0.0348864
    outer loop
      vertex -7.11704 -28.016 52.4957
      vertex -7.10308 -27.38 52.096
      vertex -7.11006 -27.848 52.2958
    endloop
  endfacet
  facet normal -0.999391 0 -0.0348962
    outer loop
      vertex -7.11704 -28.016 52.4957
      vertex -7.11006 -27.848 52.2958
      vertex -7.11006 -28.016 52.2958
    endloop
  endfacet
  facet normal -0.999391 1.16288e-05 -0.0348864
    outer loop
      vertex -7.12402 -28.184 52.6956
      vertex -7.10308 -27.38 52.096
      vertex -7.11704 -28.016 52.4957
    endloop
  endfacet
  facet normal -0.999391 0 -0.0348962
    outer loop
      vertex -7.12402 -28.184 52.6956
      vertex -7.11704 -28.016 52.4957
      vertex -7.11704 -28.184 52.4957
    endloop
  endfacet
  facet normal -0.999391 1.55584e-06 -0.0348999
    outer loop
      vertex -7.10308 -27.38 52.096
      vertex -7.12402 -28.184 52.6956
      vertex -7.23181 -27.38 55.7823
    endloop
  endfacet
  facet normal -0.999391 0 -0.0348962
    outer loop
      vertex -7.131 -28.352 52.8955
      vertex -7.12402 -28.184 52.6956
      vertex -7.12402 -28.352 52.6956
    endloop
  endfacet
  facet normal -0.999391 -3.0234e-06 -0.0348987
    outer loop
      vertex -7.12402 -28.184 52.6956
      vertex -7.131 -28.352 52.8955
      vertex -7.23181 -27.38 55.7823
    endloop
  endfacet
  facet normal -0.999391 0 -0.0348997
    outer loop
      vertex -7.23181 -28.52 55.7823
      vertex -7.131 -28.352 52.8955
      vertex -7.131 -28.52 52.8955
    endloop
  endfacet
  facet normal -0.999391 0 -0.0348997
    outer loop
      vertex -7.131 -28.352 52.8955
      vertex -7.23181 -28.52 55.7823
      vertex -7.23181 -27.38 55.7823
    endloop
  endfacet
  facet normal 0.034889 0 -0.999391
    outer loop
      vertex -7.10308 -27.848 52.096
      vertex -3.87194 -27.38 52.2088
      vertex -3.87194 -27.848 52.2088
    endloop
  endfacet
  facet normal 0.034889 0 -0.999391
    outer loop
      vertex -3.87194 -27.38 52.2088
      vertex -7.10308 -27.848 52.096
      vertex -7.10308 -27.38 52.096
    endloop
  endfacet
  facet normal 0.999391 5.82346e-07 0.0348976
    outer loop
      vertex -3.89947 -27.38 52.9972
      vertex -3.87892 -27.848 52.4087
      vertex -3.87194 -27.38 52.2088
    endloop
  endfacet
  facet normal 0.999391 -9.55885e-06 0.0349056
    outer loop
      vertex -3.89947 -27.38 52.9972
      vertex -3.8859 -28.016 52.6085
      vertex -3.87892 -27.848 52.4087
    endloop
  endfacet
  facet normal 0.999391 -2.50837e-06 0.0348941
    outer loop
      vertex -3.89947 -27.38 52.9972
      vertex -3.89288 -28.184 52.8084
      vertex -3.8859 -28.016 52.6085
    endloop
  endfacet
  facet normal 0.999391 -0 0.0348834
    outer loop
      vertex -3.89947 -28.352 52.9972
      vertex -3.89288 -28.184 52.8084
      vertex -3.89947 -27.38 52.9972
    endloop
  endfacet
  facet normal 0.999391 0 0.0348834
    outer loop
      vertex -3.89288 -28.184 52.8084
      vertex -3.89947 -28.352 52.9972
      vertex -3.89288 -28.352 52.8084
    endloop
  endfacet
  facet normal 0.999391 0 0.0348962
    outer loop
      vertex -3.87194 -27.38 52.2088
      vertex -3.87892 -27.848 52.4087
      vertex -3.87194 -27.848 52.2088
    endloop
  endfacet
  facet normal 0.99939 0 0.0349136
    outer loop
      vertex -3.87892 -27.848 52.4087
      vertex -3.8859 -28.016 52.6085
      vertex -3.87892 -28.016 52.4087
    endloop
  endfacet
  facet normal 0.999391 0 0.0348962
    outer loop
      vertex -3.8859 -28.016 52.6085
      vertex -3.89288 -28.184 52.8084
      vertex -3.8859 -28.184 52.6085
    endloop
  endfacet
  facet normal -0.0349221 0 0.99939
    outer loop
      vertex -5.84261 -27.38 52.9293
      vertex -3.89947 -28.352 52.9972
      vertex -3.89947 -27.38 52.9972
    endloop
  endfacet
  facet normal -0.0349221 0 0.99939
    outer loop
      vertex -3.89947 -28.352 52.9972
      vertex -5.84261 -27.38 52.9293
      vertex -5.84261 -28.352 52.9293
    endloop
  endfacet
  facet normal 0.0349072 0 -0.999391
    outer loop
      vertex -5.86743 -27.848 53.6399
      vertex -4.22407 -27.38 53.6973
      vertex -4.22407 -27.848 53.6973
    endloop
  endfacet
  facet normal 0.0349072 0 -0.999391
    outer loop
      vertex -4.22407 -27.38 53.6973
      vertex -5.86743 -27.848 53.6399
      vertex -5.86743 -27.38 53.6399
    endloop
  endfacet
  facet normal 0.0350024 0 -0.999387
    outer loop
      vertex 18.72 -27.848 53.976
      vertex 19.0769 -27.38 53.9885
      vertex 19.0769 -27.848 53.9885
    endloop
  endfacet
  facet normal 0.0350024 0 -0.999387
    outer loop
      vertex 19.0769 -27.38 53.9885
      vertex 18.72 -27.848 53.976
      vertex 18.72 -27.38 53.976
    endloop
  endfacet
  facet normal -0.809015 0 -0.587788
    outer loop
      vertex 19.7701 -27.848 53.0344
      vertex 19.0769 -27.38 53.9885
      vertex 19.7701 -27.38 53.0344
    endloop
  endfacet
  facet normal -0.809015 -0 -0.587788
    outer loop
      vertex 19.0769 -27.38 53.9885
      vertex 19.7701 -27.848 53.0344
      vertex 19.0769 -27.848 53.9885
    endloop
  endfacet
  facet normal 0.0349039 0 -0.999391
    outer loop
      vertex 19.7701 -27.848 53.0344
      vertex 21.0328 -27.38 53.0785
      vertex 21.0328 -27.848 53.0785
    endloop
  endfacet
  facet normal 0.0349039 0 -0.999391
    outer loop
      vertex 21.0328 -27.38 53.0785
      vertex 19.7701 -27.848 53.0344
      vertex 19.7701 -27.38 53.0344
    endloop
  endfacet
  facet normal 0.805843 -0 0.592129
    outer loop
      vertex 20.3188 -27.848 54.0502
      vertex 21.0328 -27.38 53.0785
      vertex 20.3188 -27.38 54.0502
    endloop
  endfacet
  facet normal 0.805843 0 0.592129
    outer loop
      vertex 21.0328 -27.38 53.0785
      vertex 20.3188 -27.848 54.0502
      vertex 21.0328 -27.848 53.0785
    endloop
  endfacet
  facet normal 0.513921 0 -0.857838
    outer loop
      vertex 20.3188 -28.342 54.0502
      vertex 20.4066 -28.52 54.1028
      vertex 20.3188 -28.52 54.0502
    endloop
  endfacet
  facet normal 0.513921 0 -0.857838
    outer loop
      vertex 20.3188 -28.184 54.0502
      vertex 20.4066 -28.52 54.1028
      vertex 20.3188 -28.342 54.0502
    endloop
  endfacet
  facet normal 0.513921 0 -0.857838
    outer loop
      vertex 20.3188 -28.006 54.0502
      vertex 20.4066 -28.52 54.1028
      vertex 20.3188 -28.184 54.0502
    endloop
  endfacet
  facet normal 0.513921 0 -0.857838
    outer loop
      vertex 20.4066 -28.52 54.1028
      vertex 20.3188 -28.006 54.0502
      vertex 20.4066 -27.38 54.1028
    endloop
  endfacet
  facet normal 0.513921 0 -0.857838
    outer loop
      vertex 20.3188 -27.848 54.0502
      vertex 20.4066 -27.38 54.1028
      vertex 20.3188 -28.006 54.0502
    endloop
  endfacet
  facet normal 0.513921 0 -0.857838
    outer loop
      vertex 20.4066 -27.38 54.1028
      vertex 20.3188 -27.848 54.0502
      vertex 20.3188 -27.38 54.0502
    endloop
  endfacet
  facet normal 0.571605 0 -0.820529
    outer loop
      vertex 20.4066 -28.52 54.1028
      vertex 20.4155 -27.38 54.109
      vertex 20.4155 -28.52 54.109
    endloop
  endfacet
  facet normal 0.571605 0 -0.820529
    outer loop
      vertex 20.4155 -27.38 54.109
      vertex 20.4066 -28.52 54.1028
      vertex 20.4066 -27.38 54.1028
    endloop
  endfacet
  facet normal 0.805787 -0 0.592205
    outer loop
      vertex 20.3118 -28.52 54.2501
      vertex 20.4155 -27.38 54.109
      vertex 20.3118 -27.38 54.2501
    endloop
  endfacet
  facet normal 0.805787 0 0.592205
    outer loop
      vertex 20.4155 -27.38 54.109
      vertex 20.3118 -28.52 54.2501
      vertex 20.4155 -28.52 54.109
    endloop
  endfacet
  facet normal 0.513921 0 -0.857838
    outer loop
      vertex 20.3118 -28.52 54.2501
      vertex 20.3996 -27.848 54.3027
      vertex 20.3996 -28.52 54.3027
    endloop
  endfacet
  facet normal 0.513921 0 -0.857838
    outer loop
      vertex 20.3118 -27.38 54.2501
      vertex 20.3996 -27.848 54.3027
      vertex 20.3118 -28.52 54.2501
    endloop
  endfacet
  facet normal 0.513921 0 -0.857838
    outer loop
      vertex 20.3996 -27.848 54.3027
      vertex 20.3118 -27.38 54.2501
      vertex 20.3996 -27.38 54.3027
    endloop
  endfacet
  facet normal 0.571209 0 -0.820805
    outer loop
      vertex 20.3996 -27.848 54.3027
      vertex 20.4828 -27.38 54.3606
      vertex 20.4828 -27.848 54.3606
    endloop
  endfacet
  facet normal 0.571209 0 -0.820805
    outer loop
      vertex 20.4828 -27.38 54.3606
      vertex 20.3996 -27.848 54.3027
      vertex 20.3996 -27.38 54.3027
    endloop
  endfacet
  facet normal 0.628244 0 -0.778017
    outer loop
      vertex 20.4828 -27.848 54.3606
      vertex 20.5602 -27.38 54.4231
      vertex 20.5602 -27.848 54.4231
    endloop
  endfacet
  facet normal 0.628244 0 -0.778017
    outer loop
      vertex 20.5602 -27.38 54.4231
      vertex 20.4828 -27.848 54.3606
      vertex 20.4828 -27.38 54.3606
    endloop
  endfacet
  facet normal 0.683297 0 -0.73014
    outer loop
      vertex 20.5602 -27.848 54.4231
      vertex 20.6319 -27.38 54.4902
      vertex 20.6319 -27.848 54.4902
    endloop
  endfacet
  facet normal 0.683297 0 -0.73014
    outer loop
      vertex 20.6319 -27.38 54.4902
      vertex 20.5602 -27.848 54.4231
      vertex 20.5602 -27.38 54.4231
    endloop
  endfacet
  facet normal 0.73677 0 -0.676143
    outer loop
      vertex 20.6977 -27.848 54.5619
      vertex 20.6319 -27.38 54.4902
      vertex 20.6977 -27.38 54.5619
    endloop
  endfacet
  facet normal 0.73677 0 -0.676143
    outer loop
      vertex 20.6319 -27.38 54.4902
      vertex 20.6977 -27.848 54.5619
      vertex 20.6319 -27.848 54.4902
    endloop
  endfacet
  facet normal 0.785674 0 -0.618641
    outer loop
      vertex 20.7577 -27.848 54.6381
      vertex 20.6977 -27.38 54.5619
      vertex 20.7577 -27.38 54.6381
    endloop
  endfacet
  facet normal 0.785674 0 -0.618641
    outer loop
      vertex 20.6977 -27.38 54.5619
      vertex 20.7577 -27.848 54.6381
      vertex 20.6977 -27.848 54.5619
    endloop
  endfacet
  facet normal 0.830466 0 -0.55707
    outer loop
      vertex 20.8119 -27.848 54.7189
      vertex 20.7577 -27.38 54.6381
      vertex 20.8119 -27.38 54.7189
    endloop
  endfacet
  facet normal 0.830466 0 -0.55707
    outer loop
      vertex 20.7577 -27.38 54.6381
      vertex 20.8119 -27.848 54.7189
      vertex 20.7577 -27.848 54.6381
    endloop
  endfacet
  facet normal 0.871384 0 -0.490602
    outer loop
      vertex 20.8597 -27.848 54.8038
      vertex 20.8119 -27.38 54.7189
      vertex 20.8597 -27.38 54.8038
    endloop
  endfacet
  facet normal 0.871384 0 -0.490602
    outer loop
      vertex 20.8119 -27.38 54.7189
      vertex 20.8597 -27.848 54.8038
      vertex 20.8119 -27.848 54.7189
    endloop
  endfacet
  facet normal 0.907929 0 -0.419123
    outer loop
      vertex 20.9006 -27.848 54.8924
      vertex 20.8597 -27.38 54.8038
      vertex 20.9006 -27.38 54.8924
    endloop
  endfacet
  facet normal 0.907929 0 -0.419123
    outer loop
      vertex 20.8597 -27.38 54.8038
      vertex 20.9006 -27.848 54.8924
      vertex 20.8597 -27.848 54.8038
    endloop
  endfacet
  facet normal 0.937908 0 -0.346884
    outer loop
      vertex 20.9347 -27.848 54.9846
      vertex 20.9006 -27.38 54.8924
      vertex 20.9347 -27.38 54.9846
    endloop
  endfacet
  facet normal 0.937908 0 -0.346884
    outer loop
      vertex 20.9006 -27.38 54.8924
      vertex 20.9347 -27.848 54.9846
      vertex 20.9006 -27.848 54.8924
    endloop
  endfacet
  facet normal 0.962315 0 -0.271937
    outer loop
      vertex 20.9618 -27.848 55.0805
      vertex 20.9347 -27.38 54.9846
      vertex 20.9618 -27.38 55.0805
    endloop
  endfacet
  facet normal 0.962315 0 -0.271937
    outer loop
      vertex 20.9347 -27.38 54.9846
      vertex 20.9618 -27.848 55.0805
      vertex 20.9347 -27.848 54.9846
    endloop
  endfacet
  facet normal 0.980047 0 -0.198765
    outer loop
      vertex 20.982 -27.848 55.1801
      vertex 20.9618 -27.38 55.0805
      vertex 20.982 -27.38 55.1801
    endloop
  endfacet
  facet normal 0.980047 0 -0.198765
    outer loop
      vertex 20.9618 -27.38 55.0805
      vertex 20.982 -27.848 55.1801
      vertex 20.9618 -27.848 55.0805
    endloop
  endfacet
  facet normal 0.991691 0 -0.128641
    outer loop
      vertex 20.9954 -27.848 55.2834
      vertex 20.982 -27.38 55.1801
      vertex 20.9954 -27.38 55.2834
    endloop
  endfacet
  facet normal 0.991691 0 -0.128641
    outer loop
      vertex 20.982 -27.38 55.1801
      vertex 20.9954 -27.848 55.2834
      vertex 20.982 -27.848 55.1801
    endloop
  endfacet
  facet normal 0.99819 0 -0.0601436
    outer loop
      vertex 21.0016 -27.848 55.3863
      vertex 20.9954 -27.38 55.2834
      vertex 21.0016 -27.38 55.3863
    endloop
  endfacet
  facet normal 0.99819 0 -0.0601436
    outer loop
      vertex 20.9954 -27.38 55.2834
      vertex 21.0016 -27.848 55.3863
      vertex 20.9954 -27.848 55.2834
    endloop
  endfacet
  facet normal 0.996867 -0 0.0790965
    outer loop
      vertex 20.9953 -27.848 55.4657
      vertex 21.0016 -27.38 55.3863
      vertex 20.9953 -27.38 55.4657
    endloop
  endfacet
  facet normal 0.996867 0 0.0790965
    outer loop
      vertex 21.0016 -27.38 55.3863
      vertex 20.9953 -27.848 55.4657
      vertex 21.0016 -27.848 55.3863
    endloop
  endfacet
  facet normal 0.984898 -0 0.173134
    outer loop
      vertex 20.968 -27.848 55.621
      vertex 20.9953 -27.38 55.4657
      vertex 20.968 -27.38 55.621
    endloop
  endfacet
  facet normal 0.984898 0 0.173134
    outer loop
      vertex 20.9953 -27.38 55.4657
      vertex 20.968 -27.848 55.621
      vertex 20.9953 -27.848 55.4657
    endloop
  endfacet
  facet normal 0.961673 0 0.274199
    outer loop
      vertex 20.9264 -27.38 55.7669
      vertex 20.968 -27.848 55.621
      vertex 20.968 -27.38 55.621
    endloop
  endfacet
  facet normal 0.961673 -0 0.274199
    outer loop
      vertex 20.9264 -28.174 55.7669
      vertex 20.968 -27.848 55.621
      vertex 20.9264 -27.38 55.7669
    endloop
  endfacet
  facet normal 0.961673 0 0.274199
    outer loop
      vertex 20.968 -27.848 55.621
      vertex 20.9264 -28.174 55.7669
      vertex 20.968 -28.006 55.621
    endloop
  endfacet
  facet normal 0.961909 -0.000778793 0.273369
    outer loop
      vertex 20.9451 -28.174 55.7011
      vertex 20.968 -28.006 55.621
      vertex 20.9264 -28.174 55.7669
    endloop
  endfacet
  facet normal 0.961479 0 0.27488
    outer loop
      vertex 20.968 -28.184 55.621
      vertex 20.9451 -28.174 55.7011
      vertex 20.9451 -28.184 55.7011
    endloop
  endfacet
  facet normal 0.961479 0 0.27488
    outer loop
      vertex 20.9451 -28.174 55.7011
      vertex 20.968 -28.184 55.621
      vertex 20.968 -28.006 55.621
    endloop
  endfacet
  facet normal 0.925504 0 0.378738
    outer loop
      vertex 20.8705 -27.38 55.9035
      vertex 20.9264 -28.174 55.7669
      vertex 20.9264 -27.38 55.7669
    endloop
  endfacet
  facet normal 0.925504 -0 0.378738
    outer loop
      vertex 20.8705 -28.342 55.9035
      vertex 20.9264 -28.174 55.7669
      vertex 20.8705 -27.38 55.9035
    endloop
  endfacet
  facet normal 0.925547 -0.000100167 0.378633
    outer loop
      vertex 20.9119 -28.342 55.8023
      vertex 20.9264 -28.174 55.7669
      vertex 20.8705 -28.342 55.9035
    endloop
  endfacet
  facet normal 0.92538 0 0.37904
    outer loop
      vertex 20.9264 -28.352 55.7669
      vertex 20.9119 -28.342 55.8023
      vertex 20.9119 -28.352 55.8023
    endloop
  endfacet
  facet normal 0.92538 0 0.37904
    outer loop
      vertex 20.9119 -28.342 55.8023
      vertex 20.9264 -28.352 55.7669
      vertex 20.9264 -28.174 55.7669
    endloop
  endfacet
  facet normal 0.875809 0 0.482659
    outer loop
      vertex 20.8004 -27.38 56.0307
      vertex 20.8705 -28.342 55.9035
      vertex 20.8705 -27.38 55.9035
    endloop
  endfacet
  facet normal 0.875809 -0 0.482659
    outer loop
      vertex 20.8004 -28.52 56.0307
      vertex 20.8705 -28.342 55.9035
      vertex 20.8004 -27.38 56.0307
    endloop
  endfacet
  facet normal 0.875809 0 0.482659
    outer loop
      vertex 20.8705 -28.342 55.9035
      vertex 20.8004 -28.52 56.0307
      vertex 20.8705 -28.52 55.9035
    endloop
  endfacet
  facet normal 0.813454 -0 0.58163
    outer loop
      vertex 20.7161 -28.52 56.1486
      vertex 20.8004 -27.38 56.0307
      vertex 20.7161 -27.38 56.1486
    endloop
  endfacet
  facet normal 0.813454 0 0.58163
    outer loop
      vertex 20.8004 -27.38 56.0307
      vertex 20.7161 -28.52 56.1486
      vertex 20.8004 -28.52 56.0307
    endloop
  endfacet
  facet normal 0.739724 -0 0.67291
    outer loop
      vertex 20.6174 -28.52 56.2571
      vertex 20.7161 -27.38 56.1486
      vertex 20.6174 -27.38 56.2571
    endloop
  endfacet
  facet normal 0.739724 0 0.67291
    outer loop
      vertex 20.7161 -27.38 56.1486
      vertex 20.6174 -28.52 56.2571
      vertex 20.7161 -28.52 56.1486
    endloop
  endfacet
  facet normal 0.659682 0 0.751545
    outer loop
      vertex 20.5045 -27.38 56.3562
      vertex 20.6174 -28.52 56.2571
      vertex 20.6174 -27.38 56.2571
    endloop
  endfacet
  facet normal 0.659682 0 0.751545
    outer loop
      vertex 20.6174 -28.52 56.2571
      vertex 20.5045 -27.38 56.3562
      vertex 20.5045 -28.52 56.3562
    endloop
  endfacet
  facet normal 0.571806 0 0.820389
    outer loop
      vertex 20.3781 -27.38 56.4443
      vertex 20.5045 -28.52 56.3562
      vertex 20.5045 -27.38 56.3562
    endloop
  endfacet
  facet normal 0.571806 0 0.820389
    outer loop
      vertex 20.5045 -28.52 56.3562
      vertex 20.3781 -27.38 56.4443
      vertex 20.3781 -28.52 56.4443
    endloop
  endfacet
  facet normal 0.475002 0 0.879985
    outer loop
      vertex 20.2386 -27.38 56.5196
      vertex 20.3781 -28.52 56.4443
      vertex 20.3781 -27.38 56.4443
    endloop
  endfacet
  facet normal 0.475002 0 0.879985
    outer loop
      vertex 20.3781 -28.52 56.4443
      vertex 20.2386 -27.38 56.5196
      vertex 20.2386 -28.52 56.5196
    endloop
  endfacet
  facet normal 0.37965 0 0.92513
    outer loop
      vertex 20.0863 -27.38 56.5821
      vertex 20.2386 -28.52 56.5196
      vertex 20.2386 -27.38 56.5196
    endloop
  endfacet
  facet normal 0.37965 0 0.92513
    outer loop
      vertex 20.2386 -28.52 56.5196
      vertex 20.0863 -27.38 56.5821
      vertex 20.0863 -28.52 56.5821
    endloop
  endfacet
  facet normal 0.288464 0 0.957491
    outer loop
      vertex 19.921 -27.38 56.6319
      vertex 20.0863 -28.52 56.5821
      vertex 20.0863 -27.38 56.5821
    endloop
  endfacet
  facet normal 0.288464 0 0.957491
    outer loop
      vertex 20.0863 -28.52 56.5821
      vertex 19.921 -27.38 56.6319
      vertex 19.921 -28.52 56.6319
    endloop
  endfacet
  facet normal 0.202769 0 0.979227
    outer loop
      vertex 19.7428 -27.38 56.6688
      vertex 19.921 -28.52 56.6319
      vertex 19.921 -27.38 56.6319
    endloop
  endfacet
  facet normal 0.202769 0 0.979227
    outer loop
      vertex 19.921 -28.52 56.6319
      vertex 19.7428 -27.38 56.6688
      vertex 19.7428 -28.52 56.6688
    endloop
  endfacet
  facet normal 0.125632 0 0.992077
    outer loop
      vertex 19.5517 -27.38 56.693
      vertex 19.7428 -28.52 56.6688
      vertex 19.7428 -27.38 56.6688
    endloop
  endfacet
  facet normal 0.125632 0 0.992077
    outer loop
      vertex 19.7428 -28.52 56.6688
      vertex 19.5517 -27.38 56.693
      vertex 19.5517 -28.52 56.693
    endloop
  endfacet
  facet normal 0.0552804 0 0.998471
    outer loop
      vertex 19.3476 -27.38 56.7043
      vertex 19.5517 -28.52 56.693
      vertex 19.5517 -27.38 56.693
    endloop
  endfacet
  facet normal 0.0552804 0 0.998471
    outer loop
      vertex 19.5517 -28.52 56.693
      vertex 19.3476 -27.38 56.7043
      vertex 19.3476 -28.52 56.7043
    endloop
  endfacet
  facet normal -0.00645148 0 0.999979
    outer loop
      vertex 19.1306 -27.38 56.7029
      vertex 19.3476 -28.52 56.7043
      vertex 19.3476 -27.38 56.7043
    endloop
  endfacet
  facet normal -0.00645148 0 0.999979
    outer loop
      vertex 19.3476 -28.52 56.7043
      vertex 19.1306 -27.38 56.7029
      vertex 19.1306 -28.52 56.7029
    endloop
  endfacet
  facet normal -0.0349002 0 0.999391
    outer loop
      vertex 17.3151 -27.38 56.6395
      vertex 19.1306 -28.52 56.7029
      vertex 19.1306 -27.38 56.7029
    endloop
  endfacet
  facet normal -0.0349002 0 0.999391
    outer loop
      vertex 19.1306 -28.52 56.7029
      vertex 17.3151 -27.38 56.6395
      vertex 17.3151 -28.52 56.6395
    endloop
  endfacet
  facet normal -0.999387 0 -0.0350136
    outer loop
      vertex 17.4369 -27.848 53.153
      vertex 17.4439 -27.38 52.9532
      vertex 17.4439 -27.848 52.9532
    endloop
  endfacet
  facet normal -0.999388 1.16621e-05 -0.0349863
    outer loop
      vertex 17.4299 -28.016 53.3529
      vertex 17.4439 -27.38 52.9532
      vertex 17.4369 -27.848 53.153
    endloop
  endfacet
  facet normal -0.999387 0 -0.0349961
    outer loop
      vertex 17.4299 -28.016 53.3529
      vertex 17.4369 -27.848 53.153
      vertex 17.4369 -28.016 53.153
    endloop
  endfacet
  facet normal -0.999388 1.16621e-05 -0.0349863
    outer loop
      vertex 17.4229 -28.184 53.5528
      vertex 17.4439 -27.38 52.9532
      vertex 17.4299 -28.016 53.3529
    endloop
  endfacet
  facet normal -0.999387 0 -0.0349961
    outer loop
      vertex 17.4229 -28.184 53.5528
      vertex 17.4299 -28.016 53.3529
      vertex 17.4299 -28.184 53.3529
    endloop
  endfacet
  facet normal -0.99939 6.19842e-05 -0.0349189
    outer loop
      vertex 17.4439 -27.38 52.9532
      vertex 17.4229 -28.184 53.5528
      vertex 17.3151 -27.38 56.6395
    endloop
  endfacet
  facet normal -0.999405 0 -0.0344967
    outer loop
      vertex 17.416 -28.352 53.7527
      vertex 17.4229 -28.184 53.5528
      vertex 17.4229 -28.352 53.5528
    endloop
  endfacet
  facet normal -0.999394 -0.000369267 -0.0348067
    outer loop
      vertex 17.4229 -28.184 53.5528
      vertex 17.416 -28.352 53.7527
      vertex 17.3151 -27.38 56.6395
    endloop
  endfacet
  facet normal -0.99939 0 -0.0349309
    outer loop
      vertex 17.3151 -28.52 56.6395
      vertex 17.416 -28.352 53.7527
      vertex 17.416 -28.52 53.7527
    endloop
  endfacet
  facet normal -0.99939 0 -0.0349309
    outer loop
      vertex 17.416 -28.352 53.7527
      vertex 17.3151 -28.52 56.6395
      vertex 17.3151 -27.38 56.6395
    endloop
  endfacet
  facet normal 0.034859 0 -0.999392
    outer loop
      vertex 17.4439 -27.848 52.9532
      vertex 18.7541 -27.38 52.9989
      vertex 18.7541 -27.848 52.9989
    endloop
  endfacet
  facet normal 0.034859 0 -0.999392
    outer loop
      vertex 18.7541 -27.38 52.9989
      vertex 17.4439 -27.848 52.9532
      vertex 17.4439 -27.38 52.9532
    endloop
  endfacet
  facet normal 0.999387 0 0.0349961
    outer loop
      vertex 18.6327 -28.184 56.4744
      vertex 18.6327 -28.352 56.4744
      vertex 18.6397 -28.184 56.2745
    endloop
  endfacet
  facet normal 0.999387 0 0.0349961
    outer loop
      vertex 18.6397 -28.016 56.2745
      vertex 18.6397 -28.184 56.2745
      vertex 18.6467 -28.016 56.0746
    endloop
  endfacet
  facet normal 0.999387 0 0.0349961
    outer loop
      vertex 18.6467 -27.848 56.0746
      vertex 18.6467 -28.016 56.0746
      vertex 18.6537 -27.848 55.8747
    endloop
  endfacet
  facet normal 0.99939 -0 0.0349242
    outer loop
      vertex 18.6537 -27.848 55.8747
      vertex 18.6925 -27.38 54.7644
      vertex 18.6537 -27.38 55.8747
    endloop
  endfacet
  facet normal 0.999389 -5.55912e-05 0.0349494
    outer loop
      vertex 18.6925 -28.352 54.7644
      vertex 18.6537 -27.848 55.8747
      vertex 18.6467 -28.016 56.0746
    endloop
  endfacet
  facet normal 0.999389 -5.55912e-05 0.0349494
    outer loop
      vertex 18.6925 -28.352 54.7644
      vertex 18.6467 -28.016 56.0746
      vertex 18.6397 -28.184 56.2745
    endloop
  endfacet
  facet normal 0.999389 -5.55912e-05 0.0349494
    outer loop
      vertex 18.6925 -28.352 54.7644
      vertex 18.6397 -28.184 56.2745
      vertex 18.6327 -28.352 56.4744
    endloop
  endfacet
  facet normal 0.99939 0 0.0349242
    outer loop
      vertex 18.6537 -27.848 55.8747
      vertex 18.6925 -28.352 54.7644
      vertex 18.6925 -27.38 54.7644
    endloop
  endfacet
  facet normal 0.999388 0 0.0349691
    outer loop
      vertex 18.7402 -28.016 53.3987
      vertex 18.72 -27.38 53.976
      vertex 18.72 -27.848 53.976
    endloop
  endfacet
  facet normal 0.999392 -5.05069e-05 0.034878
    outer loop
      vertex 18.72 -27.38 53.976
      vertex 18.7471 -27.848 53.1988
      vertex 18.7541 -27.38 52.9989
    endloop
  endfacet
  facet normal 0.999387 0 0.0349961
    outer loop
      vertex 18.7541 -27.38 52.9989
      vertex 18.7471 -27.848 53.1988
      vertex 18.7541 -27.848 52.9989
    endloop
  endfacet
  facet normal 0.999387 -0 0.0349961
    outer loop
      vertex 18.713 -28.016 54.1759
      vertex 18.72 -27.848 53.976
      vertex 18.713 -27.848 54.1759
    endloop
  endfacet
  facet normal 0.999388 -2.92348e-05 0.0349715
    outer loop
      vertex 18.7262 -28.352 53.7984
      vertex 18.72 -27.848 53.976
      vertex 18.713 -28.016 54.1759
    endloop
  endfacet
  facet normal 0.999398 0.000243514 0.0347011
    outer loop
      vertex 18.72 -27.38 53.976
      vertex 18.7402 -28.016 53.3987
      vertex 18.7471 -27.848 53.1988
    endloop
  endfacet
  facet normal 0.999405 0 0.0344967
    outer loop
      vertex 18.7471 -27.848 53.1988
      vertex 18.7402 -28.016 53.3987
      vertex 18.7471 -28.016 53.1988
    endloop
  endfacet
  facet normal 0.999387 -0 0.0349961
    outer loop
      vertex 18.706 -28.184 54.3758
      vertex 18.713 -28.016 54.1759
      vertex 18.706 -28.016 54.3758
    endloop
  endfacet
  facet normal 0.999388 -2.92348e-05 0.0349715
    outer loop
      vertex 18.713 -28.016 54.1759
      vertex 18.706 -28.184 54.3758
      vertex 18.7262 -28.352 53.7984
    endloop
  endfacet
  facet normal 0.999388 -3.93469e-05 0.0349805
    outer loop
      vertex 18.72 -27.848 53.976
      vertex 18.7332 -28.184 53.5985
      vertex 18.7402 -28.016 53.3987
    endloop
  endfacet
  facet normal 0.999387 0 0.0350136
    outer loop
      vertex 18.7402 -28.016 53.3987
      vertex 18.7332 -28.184 53.5985
      vertex 18.7402 -28.184 53.3987
    endloop
  endfacet
  facet normal 0.999387 -0 0.0349961
    outer loop
      vertex 18.699 -28.352 54.5757
      vertex 18.706 -28.184 54.3758
      vertex 18.699 -28.184 54.5757
    endloop
  endfacet
  facet normal 0.999388 -2.32544e-05 0.0349765
    outer loop
      vertex 18.7262 -28.52 53.7984
      vertex 18.706 -28.184 54.3758
      vertex 18.699 -28.352 54.5757
    endloop
  endfacet
  facet normal 0.999388 -2.92348e-05 0.0349715
    outer loop
      vertex 18.72 -27.848 53.976
      vertex 18.7262 -28.352 53.7984
      vertex 18.7332 -28.184 53.5985
    endloop
  endfacet
  facet normal 0.999387 0 0.0349961
    outer loop
      vertex 18.7332 -28.184 53.5985
      vertex 18.7262 -28.352 53.7984
      vertex 18.7332 -28.352 53.5985
    endloop
  endfacet
  facet normal 0.999405 -0 0.0344967
    outer loop
      vertex 18.6258 -28.52 56.6743
      vertex 18.6327 -28.352 56.4744
      vertex 18.6258 -28.352 56.6743
    endloop
  endfacet
  facet normal 0.999389 0.000539283 0.0349494
    outer loop
      vertex 18.6327 -28.352 56.4744
      vertex 18.6258 -28.52 56.6743
      vertex 18.6925 -28.352 54.7644
    endloop
  endfacet
  facet normal 0.999391 -0.000141836 0.0348896
    outer loop
      vertex 18.7262 -28.52 53.7984
      vertex 18.6925 -28.352 54.7644
      vertex 18.6258 -28.52 56.6743
    endloop
  endfacet
  facet normal 0.999404 0.00252802 0.0344257
    outer loop
      vertex 18.6925 -28.352 54.7644
      vertex 18.7262 -28.52 53.7984
      vertex 18.699 -28.352 54.5757
    endloop
  endfacet
  facet normal 0.999389 0 0.034963
    outer loop
      vertex 18.706 -28.184 54.3758
      vertex 18.7262 -28.52 53.7984
      vertex 18.7262 -28.352 53.7984
    endloop
  endfacet
  facet normal 0.00607892 0 -0.999982
    outer loop
      vertex 19.1312 -27.848 55.8914
      vertex 19.197 -27.38 55.8918
      vertex 19.197 -27.848 55.8918
    endloop
  endfacet
  facet normal 0.00607892 0 -0.999982
    outer loop
      vertex 19.197 -27.38 55.8918
      vertex 19.1312 -27.848 55.8914
      vertex 19.1312 -27.38 55.8914
    endloop
  endfacet
  facet normal -0.058342 0 -0.998297
    outer loop
      vertex 19.197 -27.848 55.8918
      vertex 19.2586 -27.38 55.8882
      vertex 19.2586 -27.848 55.8882
    endloop
  endfacet
  facet normal -0.058342 0 -0.998297
    outer loop
      vertex 19.2586 -27.38 55.8882
      vertex 19.197 -27.848 55.8918
      vertex 19.197 -27.38 55.8918
    endloop
  endfacet
  facet normal -0.129783 0 -0.991542
    outer loop
      vertex 19.2586 -27.848 55.8882
      vertex 19.3159 -27.38 55.8807
      vertex 19.3159 -27.848 55.8807
    endloop
  endfacet
  facet normal -0.129783 0 -0.991542
    outer loop
      vertex 19.3159 -27.38 55.8807
      vertex 19.2586 -27.848 55.8882
      vertex 19.2586 -27.38 55.8882
    endloop
  endfacet
  facet normal -0.213807 0 -0.976876
    outer loop
      vertex 19.3159 -27.848 55.8807
      vertex 19.3689 -27.38 55.8691
      vertex 19.3689 -27.848 55.8691
    endloop
  endfacet
  facet normal -0.213807 0 -0.976876
    outer loop
      vertex 19.3689 -27.38 55.8691
      vertex 19.3159 -27.848 55.8807
      vertex 19.3159 -27.38 55.8807
    endloop
  endfacet
  facet normal -0.303284 0 -0.9529
    outer loop
      vertex 19.3689 -27.848 55.8691
      vertex 19.4176 -27.38 55.8536
      vertex 19.4176 -27.848 55.8536
    endloop
  endfacet
  facet normal -0.303284 0 -0.9529
    outer loop
      vertex 19.4176 -27.38 55.8536
      vertex 19.3689 -27.848 55.8691
      vertex 19.3689 -27.38 55.8691
    endloop
  endfacet
  facet normal -0.400386 0 -0.916347
    outer loop
      vertex 19.4176 -27.848 55.8536
      vertex 19.462 -27.38 55.8342
      vertex 19.462 -27.848 55.8342
    endloop
  endfacet
  facet normal -0.400386 0 -0.916347
    outer loop
      vertex 19.462 -27.38 55.8342
      vertex 19.4176 -27.848 55.8536
      vertex 19.4176 -27.38 55.8536
    endloop
  endfacet
  facet normal -0.505609 0 -0.862763
    outer loop
      vertex 19.462 -27.848 55.8342
      vertex 19.5021 -27.38 55.8107
      vertex 19.5021 -27.848 55.8107
    endloop
  endfacet
  facet normal -0.505609 0 -0.862763
    outer loop
      vertex 19.5021 -27.38 55.8107
      vertex 19.462 -27.848 55.8342
      vertex 19.462 -27.38 55.8342
    endloop
  endfacet
  facet normal -0.607779 0 -0.794106
    outer loop
      vertex 19.5021 -27.848 55.8107
      vertex 19.5379 -27.38 55.7833
      vertex 19.5379 -27.848 55.7833
    endloop
  endfacet
  facet normal -0.607779 0 -0.794106
    outer loop
      vertex 19.5379 -27.38 55.7833
      vertex 19.5021 -27.848 55.8107
      vertex 19.5021 -27.38 55.8107
    endloop
  endfacet
  facet normal -0.698013 0 -0.716085
    outer loop
      vertex 19.5379 -27.848 55.7833
      vertex 19.5696 -27.38 55.7524
      vertex 19.5696 -27.848 55.7524
    endloop
  endfacet
  facet normal -0.698013 0 -0.716085
    outer loop
      vertex 19.5696 -27.38 55.7524
      vertex 19.5379 -27.848 55.7833
      vertex 19.5379 -27.38 55.7833
    endloop
  endfacet
  facet normal -0.772525 0 -0.634984
    outer loop
      vertex 19.5973 -27.848 55.7187
      vertex 19.5696 -27.38 55.7524
      vertex 19.5973 -27.38 55.7187
    endloop
  endfacet
  facet normal -0.772525 -0 -0.634984
    outer loop
      vertex 19.5696 -27.38 55.7524
      vertex 19.5973 -27.848 55.7187
      vertex 19.5696 -27.848 55.7524
    endloop
  endfacet
  facet normal -0.840061 0 -0.542492
    outer loop
      vertex 19.621 -27.848 55.682
      vertex 19.5973 -27.38 55.7187
      vertex 19.621 -27.38 55.682
    endloop
  endfacet
  facet normal -0.840061 -0 -0.542492
    outer loop
      vertex 19.5973 -27.38 55.7187
      vertex 19.621 -27.848 55.682
      vertex 19.5973 -27.848 55.7187
    endloop
  endfacet
  facet normal -0.894427 0 -0.447214
    outer loop
      vertex 19.6408 -27.848 55.6424
      vertex 19.621 -27.38 55.682
      vertex 19.6408 -27.38 55.6424
    endloop
  endfacet
  facet normal -0.894427 -0 -0.447214
    outer loop
      vertex 19.621 -27.38 55.682
      vertex 19.6408 -27.848 55.6424
      vertex 19.621 -27.848 55.682
    endloop
  endfacet
  facet normal -0.937322 0 -0.348463
    outer loop
      vertex 19.6566 -27.848 55.5999
      vertex 19.6408 -27.38 55.6424
      vertex 19.6566 -27.38 55.5999
    endloop
  endfacet
  facet normal -0.937322 -0 -0.348463
    outer loop
      vertex 19.6408 -27.38 55.6424
      vertex 19.6566 -27.848 55.5999
      vertex 19.6408 -27.848 55.6424
    endloop
  endfacet
  facet normal -0.967978 0 -0.251036
    outer loop
      vertex 19.6684 -27.848 55.5544
      vertex 19.6566 -27.38 55.5999
      vertex 19.6684 -27.38 55.5544
    endloop
  endfacet
  facet normal -0.967978 -0 -0.251036
    outer loop
      vertex 19.6566 -27.38 55.5999
      vertex 19.6684 -27.848 55.5544
      vertex 19.6566 -27.848 55.5999
    endloop
  endfacet
  facet normal -0.98721 0 -0.159425
    outer loop
      vertex 19.6762 -27.38 55.5061
      vertex 19.6684 -27.848 55.5544
      vertex 19.6684 -27.38 55.5544
    endloop
  endfacet
  facet normal -0.98721 0 -0.159425
    outer loop
      vertex 19.6762 -28.52 55.5061
      vertex 19.6684 -27.848 55.5544
      vertex 19.6762 -27.38 55.5061
    endloop
  endfacet
  facet normal -0.98721 -0 -0.159425
    outer loop
      vertex 19.6684 -27.848 55.5544
      vertex 19.6762 -28.52 55.5061
      vertex 19.6684 -28.52 55.5544
    endloop
  endfacet
  facet normal -0.997268 0 -0.0738717
    outer loop
      vertex 19.68 -28.52 55.4548
      vertex 19.6762 -27.38 55.5061
      vertex 19.68 -27.38 55.4548
    endloop
  endfacet
  facet normal -0.997268 -0 -0.0738717
    outer loop
      vertex 19.6762 -27.38 55.5061
      vertex 19.68 -28.52 55.4548
      vertex 19.6762 -28.52 55.5061
    endloop
  endfacet
  facet normal -0.999992 0 0.00389102
    outer loop
      vertex 19.6798 -28.52 55.4034
      vertex 19.68 -27.38 55.4548
      vertex 19.6798 -27.38 55.4034
    endloop
  endfacet
  facet normal -0.999992 0 0.00389102
    outer loop
      vertex 19.68 -27.38 55.4548
      vertex 19.6798 -28.52 55.4034
      vertex 19.68 -28.52 55.4548
    endloop
  endfacet
  facet normal -0.995792 0 0.0916373
    outer loop
      vertex 19.6753 -28.52 55.3545
      vertex 19.6798 -27.38 55.4034
      vertex 19.6753 -27.38 55.3545
    endloop
  endfacet
  facet normal -0.995792 0 0.0916373
    outer loop
      vertex 19.6798 -27.38 55.4034
      vertex 19.6753 -28.52 55.3545
      vertex 19.6798 -28.52 55.4034
    endloop
  endfacet
  facet normal -0.986886 0 -0.161416
    outer loop
      vertex 19.6832 -28.52 55.3062
      vertex 19.6753 -27.38 55.3545
      vertex 19.6832 -27.38 55.3062
    endloop
  endfacet
  facet normal -0.986886 -0 -0.161416
    outer loop
      vertex 19.6753 -27.38 55.3545
      vertex 19.6832 -28.52 55.3062
      vertex 19.6753 -28.52 55.3545
    endloop
  endfacet
  facet normal -0.997268 0 -0.0738717
    outer loop
      vertex 19.687 -28.52 55.2549
      vertex 19.6832 -27.38 55.3062
      vertex 19.687 -27.38 55.2549
    endloop
  endfacet
  facet normal -0.997268 -0 -0.0738717
    outer loop
      vertex 19.6832 -27.38 55.3062
      vertex 19.687 -28.52 55.2549
      vertex 19.6832 -28.52 55.3062
    endloop
  endfacet
  facet normal -0.999983 0 0.00583648
    outer loop
      vertex 19.6867 -28.52 55.2035
      vertex 19.687 -27.38 55.2549
      vertex 19.6867 -27.38 55.2035
    endloop
  endfacet
  facet normal -0.999983 0 0.00583648
    outer loop
      vertex 19.687 -27.38 55.2549
      vertex 19.6867 -28.52 55.2035
      vertex 19.687 -28.52 55.2549
    endloop
  endfacet
  facet normal -0.99596 0 0.0897997
    outer loop
      vertex 19.6823 -28.52 55.1547
      vertex 19.6867 -27.38 55.2035
      vertex 19.6823 -27.38 55.1547
    endloop
  endfacet
  facet normal -0.99596 0 0.0897997
    outer loop
      vertex 19.6867 -27.38 55.2035
      vertex 19.6823 -28.52 55.1547
      vertex 19.6867 -28.52 55.2035
    endloop
  endfacet
  facet normal -0.983112 0 0.183004
    outer loop
      vertex 19.6737 -28.52 55.1085
      vertex 19.6823 -27.38 55.1547
      vertex 19.6737 -27.38 55.1085
    endloop
  endfacet
  facet normal -0.983112 0 0.183004
    outer loop
      vertex 19.6823 -27.38 55.1547
      vertex 19.6737 -28.52 55.1085
      vertex 19.6823 -28.52 55.1547
    endloop
  endfacet
  facet normal -0.959926 0 0.280254
    outer loop
      vertex 19.661 -28.52 55.065
      vertex 19.6737 -27.38 55.1085
      vertex 19.661 -27.38 55.065
    endloop
  endfacet
  facet normal -0.959926 0 0.280254
    outer loop
      vertex 19.6737 -27.38 55.1085
      vertex 19.661 -28.52 55.065
      vertex 19.6737 -28.52 55.1085
    endloop
  endfacet
  facet normal -0.923411 0 0.383814
    outer loop
      vertex 19.644 -28.52 55.0241
      vertex 19.661 -27.38 55.065
      vertex 19.644 -27.38 55.0241
    endloop
  endfacet
  facet normal -0.923411 0 0.383814
    outer loop
      vertex 19.661 -27.38 55.065
      vertex 19.644 -28.52 55.0241
      vertex 19.661 -28.52 55.065
    endloop
  endfacet
  facet normal -0.875878 0 0.482533
    outer loop
      vertex 19.6229 -28.52 54.9858
      vertex 19.644 -27.38 55.0241
      vertex 19.6229 -27.38 54.9858
    endloop
  endfacet
  facet normal -0.875878 0 0.482533
    outer loop
      vertex 19.644 -27.38 55.0241
      vertex 19.6229 -28.52 54.9858
      vertex 19.644 -28.52 55.0241
    endloop
  endfacet
  facet normal -0.815124 0 0.579287
    outer loop
      vertex 19.5976 -28.52 54.9502
      vertex 19.6229 -27.38 54.9858
      vertex 19.5976 -27.38 54.9502
    endloop
  endfacet
  facet normal -0.815124 0 0.579287
    outer loop
      vertex 19.6229 -27.38 54.9858
      vertex 19.5976 -28.52 54.9502
      vertex 19.6229 -28.52 54.9858
    endloop
  endfacet
  facet normal -0.745537 0 0.666465
    outer loop
      vertex 19.5681 -28.52 54.9172
      vertex 19.5976 -27.38 54.9502
      vertex 19.5681 -27.38 54.9172
    endloop
  endfacet
  facet normal -0.745537 0 0.666465
    outer loop
      vertex 19.5976 -27.38 54.9502
      vertex 19.5681 -28.52 54.9172
      vertex 19.5976 -28.52 54.9502
    endloop
  endfacet
  facet normal -0.661328 0 0.750097
    outer loop
      vertex 19.5343 -27.38 54.8874
      vertex 19.5681 -28.52 54.9172
      vertex 19.5681 -27.38 54.9172
    endloop
  endfacet
  facet normal -0.661328 0 0.750097
    outer loop
      vertex 19.5681 -28.52 54.9172
      vertex 19.5343 -27.38 54.8874
      vertex 19.5343 -28.52 54.8874
    endloop
  endfacet
  facet normal -0.563604 0 0.826045
    outer loop
      vertex 19.4959 -27.38 54.8612
      vertex 19.5343 -28.52 54.8874
      vertex 19.5343 -27.38 54.8874
    endloop
  endfacet
  facet normal -0.563604 0 0.826045
    outer loop
      vertex 19.5343 -28.52 54.8874
      vertex 19.4959 -27.38 54.8612
      vertex 19.4959 -28.52 54.8612
    endloop
  endfacet
  facet normal -0.46447 0 0.885589
    outer loop
      vertex 19.453 -27.38 54.8387
      vertex 19.4959 -28.52 54.8612
      vertex 19.4959 -27.38 54.8612
    endloop
  endfacet
  facet normal -0.46447 0 0.885589
    outer loop
      vertex 19.4959 -28.52 54.8612
      vertex 19.453 -27.38 54.8387
      vertex 19.453 -28.52 54.8387
    endloop
  endfacet
  facet normal -0.369704 0 0.92915
    outer loop
      vertex 19.4055 -27.38 54.8198
      vertex 19.453 -28.52 54.8387
      vertex 19.453 -27.38 54.8387
    endloop
  endfacet
  facet normal -0.369704 0 0.92915
    outer loop
      vertex 19.453 -28.52 54.8387
      vertex 19.4055 -27.38 54.8198
      vertex 19.4055 -28.52 54.8198
    endloop
  endfacet
  facet normal -0.278371 0 0.960474
    outer loop
      vertex 19.3534 -27.38 54.8047
      vertex 19.4055 -28.52 54.8198
      vertex 19.4055 -27.38 54.8198
    endloop
  endfacet
  facet normal -0.278371 0 0.960474
    outer loop
      vertex 19.4055 -28.52 54.8198
      vertex 19.3534 -27.38 54.8047
      vertex 19.3534 -28.52 54.8047
    endloop
  endfacet
  facet normal -0.200774 0 0.979638
    outer loop
      vertex 19.2968 -27.38 54.7931
      vertex 19.3534 -28.52 54.8047
      vertex 19.3534 -27.38 54.8047
    endloop
  endfacet
  facet normal -0.200774 0 0.979638
    outer loop
      vertex 19.3534 -28.52 54.8047
      vertex 19.2968 -27.38 54.7931
      vertex 19.2968 -28.52 54.7931
    endloop
  endfacet
  facet normal -0.126632 0 0.99195
    outer loop
      vertex 19.2357 -27.38 54.7853
      vertex 19.2968 -28.52 54.7931
      vertex 19.2968 -27.38 54.7931
    endloop
  endfacet
  facet normal -0.126632 0 0.99195
    outer loop
      vertex 19.2968 -28.52 54.7931
      vertex 19.2357 -27.38 54.7853
      vertex 19.2357 -28.52 54.7853
    endloop
  endfacet
  facet normal -0.0637002 0 0.997969
    outer loop
      vertex 19.1699 -27.38 54.7811
      vertex 19.2357 -28.52 54.7853
      vertex 19.2357 -27.38 54.7853
    endloop
  endfacet
  facet normal -0.0637002 0 0.997969
    outer loop
      vertex 19.2357 -28.52 54.7853
      vertex 19.1699 -27.38 54.7811
      vertex 19.1699 -28.52 54.7811
    endloop
  endfacet
  facet normal -0.0353761 0 0.999374
    outer loop
      vertex 19.1699 -27.38 54.7811
      vertex 19.0569 -28.352 54.7771
      vertex 19.1699 -28.52 54.7811
    endloop
  endfacet
  facet normal -0.0349598 -4.84583e-05 0.999389
    outer loop
      vertex 18.6925 -27.38 54.7644
      vertex 19.0569 -28.352 54.7771
      vertex 19.1699 -27.38 54.7811
    endloop
  endfacet
  facet normal -0.0348307 0 0.999393
    outer loop
      vertex 19.0569 -28.352 54.7771
      vertex 18.6925 -27.38 54.7644
      vertex 18.6925 -28.352 54.7644
    endloop
  endfacet
  facet normal -0.0353761 0 0.999374
    outer loop
      vertex 19.1699 -28.52 54.7811
      vertex 19.0569 -28.352 54.7771
      vertex 19.0569 -28.52 54.7771
    endloop
  endfacet
  facet normal 0.0349525 0 -0.999389
    outer loop
      vertex 18.6537 -27.848 55.8747
      vertex 19.1312 -27.38 55.8914
      vertex 19.1312 -27.848 55.8914
    endloop
  endfacet
  facet normal 0.0349525 0 -0.999389
    outer loop
      vertex 19.1312 -27.38 55.8914
      vertex 18.6537 -27.848 55.8747
      vertex 18.6537 -27.38 55.8747
    endloop
  endfacet
  facet normal 0.999394 0.000122305 0.0348001
    outer loop
      vertex 16.429 -27.38 55.1633
      vertex 16.448 -27.848 54.6193
      vertex 16.4549 -27.38 54.4195
    endloop
  endfacet
  facet normal 0.999389 -5.34967e-05 0.0349512
    outer loop
      vertex 16.429 -27.38 55.1633
      vertex 16.441 -28.016 54.8192
      vertex 16.448 -27.848 54.6193
    endloop
  endfacet
  facet normal 0.999389 -5.34967e-05 0.0349512
    outer loop
      vertex 16.429 -27.38 55.1633
      vertex 16.434 -28.184 55.0191
      vertex 16.441 -28.016 54.8192
    endloop
  endfacet
  facet normal 0.999399 -0 0.0346532
    outer loop
      vertex 16.429 -28.352 55.1633
      vertex 16.434 -28.184 55.0191
      vertex 16.429 -27.38 55.1633
    endloop
  endfacet
  facet normal 0.999399 0 0.0346532
    outer loop
      vertex 16.434 -28.184 55.0191
      vertex 16.429 -28.352 55.1633
      vertex 16.434 -28.352 55.0191
    endloop
  endfacet
  facet normal 0.999404 0 0.034514
    outer loop
      vertex 16.4549 -27.38 54.4195
      vertex 16.448 -27.848 54.6193
      vertex 16.4549 -27.848 54.4195
    endloop
  endfacet
  facet normal 0.999387 0 0.0349961
    outer loop
      vertex 16.448 -27.848 54.6193
      vertex 16.441 -28.016 54.8192
      vertex 16.448 -28.016 54.6193
    endloop
  endfacet
  facet normal 0.999387 0 0.0349961
    outer loop
      vertex 16.441 -28.016 54.8192
      vertex 16.434 -28.184 55.0191
      vertex 16.441 -28.184 54.8192
    endloop
  endfacet
  facet normal -0.0348456 0 0.999393
    outer loop
      vertex 14.7856 -27.38 55.106
      vertex 16.429 -28.352 55.1633
      vertex 16.429 -27.38 55.1633
    endloop
  endfacet
  facet normal -0.0348456 0 0.999393
    outer loop
      vertex 16.429 -28.352 55.1633
      vertex 14.7856 -27.38 55.106
      vertex 14.7856 -28.352 55.106
    endloop
  endfacet
  facet normal 0.999387 0 0.0349961
    outer loop
      vertex 14.7906 -28.184 54.9617
      vertex 14.7906 -28.352 54.9617
      vertex 14.7976 -28.184 54.7618
    endloop
  endfacet
  facet normal 0.999387 0 0.0349961
    outer loop
      vertex 14.7418 -28.184 56.3607
      vertex 14.7418 -28.352 56.3607
      vertex 14.7488 -28.184 56.1608
    endloop
  endfacet
  facet normal 0.999387 0 0.0349961
    outer loop
      vertex 14.7976 -28.016 54.7618
      vertex 14.7976 -28.184 54.7618
      vertex 14.8046 -28.016 54.5619
    endloop
  endfacet
  facet normal 0.999404 0 0.034514
    outer loop
      vertex 14.7488 -28.016 56.1608
      vertex 14.7488 -28.184 56.1608
      vertex 14.7557 -28.016 55.961
    endloop
  endfacet
  facet normal 0.999387 0 0.0350136
    outer loop
      vertex 14.8046 -27.848 54.5619
      vertex 14.8046 -28.016 54.5619
      vertex 14.8116 -27.848 54.3621
    endloop
  endfacet
  facet normal 0.999387 0 0.0349961
    outer loop
      vertex 14.7557 -27.848 55.961
      vertex 14.7557 -28.016 55.961
      vertex 14.7627 -27.848 55.7611
    endloop
  endfacet
  facet normal 0.99939 -0 0.0349352
    outer loop
      vertex 14.7627 -27.848 55.7611
      vertex 14.7856 -27.38 55.106
      vertex 14.7627 -27.38 55.7611
    endloop
  endfacet
  facet normal 0.999389 -3.78789e-05 0.0349643
    outer loop
      vertex 14.7856 -28.352 55.106
      vertex 14.7627 -27.848 55.7611
      vertex 14.7557 -28.016 55.961
    endloop
  endfacet
  facet normal 0.999394 0.000353342 0.0348107
    outer loop
      vertex 14.7856 -28.352 55.106
      vertex 14.7557 -28.016 55.961
      vertex 14.7488 -28.184 56.1608
    endloop
  endfacet
  facet normal 0.999391 -0.000129339 0.0348875
    outer loop
      vertex 14.7856 -28.352 55.106
      vertex 14.7488 -28.184 56.1608
      vertex 14.7418 -28.352 56.3607
    endloop
  endfacet
  facet normal 0.99939 0 0.0349352
    outer loop
      vertex 14.7627 -27.848 55.7611
      vertex 14.7856 -28.352 55.106
      vertex 14.7856 -27.38 55.106
    endloop
  endfacet
  facet normal 0.999392 -0 0.0348739
    outer loop
      vertex 14.8116 -27.848 54.3621
      vertex 14.8364 -27.38 53.6514
      vertex 14.8116 -27.38 54.3621
    endloop
  endfacet
  facet normal 0.99939 -9.79169e-05 0.0349313
    outer loop
      vertex 14.836 -28.352 53.6626
      vertex 14.8116 -27.848 54.3621
      vertex 14.8046 -28.016 54.5619
    endloop
  endfacet
  facet normal 0.99939 -7.2385e-05 0.0349353
    outer loop
      vertex 14.836 -28.52 53.6626
      vertex 14.8046 -28.016 54.5619
      vertex 14.7976 -28.184 54.7618
    endloop
  endfacet
  facet normal 0.99939 -7.2385e-05 0.0349353
    outer loop
      vertex 14.836 -28.52 53.6626
      vertex 14.7976 -28.184 54.7618
      vertex 14.7906 -28.352 54.9617
    endloop
  endfacet
  facet normal 0.999392 -9.50471e-06 0.0348677
    outer loop
      vertex 14.8116 -27.848 54.3621
      vertex 14.836 -28.352 53.6626
      vertex 14.8364 -27.38 53.6514
    endloop
  endfacet
  facet normal 0.999363 0 0.0356915
    outer loop
      vertex 14.8364 -27.38 53.6514
      vertex 14.836 -28.352 53.6626
      vertex 14.8364 -28.352 53.6514
    endloop
  endfacet
  facet normal 0.999389 -0 0.0349548
    outer loop
      vertex 14.7352 -28.52 56.5494
      vertex 14.7418 -28.352 56.3607
      vertex 14.7352 -28.352 56.5494
    endloop
  endfacet
  facet normal 0.999391 -7.56692e-05 0.0348875
    outer loop
      vertex 14.7418 -28.352 56.3607
      vertex 14.7352 -28.52 56.5494
      vertex 14.7856 -28.352 55.106
    endloop
  endfacet
  facet normal 0.999391 -7.43538e-16 0.0348963
    outer loop
      vertex 14.836 -28.52 53.6626
      vertex 14.7856 -28.352 55.106
      vertex 14.7352 -28.52 56.5494
    endloop
  endfacet
  facet normal 0.999398 0.00229707 0.0346292
    outer loop
      vertex 14.7856 -28.352 55.106
      vertex 14.836 -28.52 53.6626
      vertex 14.7906 -28.352 54.9617
    endloop
  endfacet
  facet normal 0.999391 0 0.0348948
    outer loop
      vertex 14.8046 -28.016 54.5619
      vertex 14.836 -28.52 53.6626
      vertex 14.836 -28.352 53.6626
    endloop
  endfacet
  facet normal 0.0348799 0 -0.999392
    outer loop
      vertex 14.7627 -27.848 55.7611
      vertex 16.6337 -27.38 55.8264
      vertex 16.6337 -27.848 55.8264
    endloop
  endfacet
  facet normal 0.0348799 0 -0.999392
    outer loop
      vertex 16.6337 -27.38 55.8264
      vertex 14.7627 -27.848 55.7611
      vertex 14.7627 -27.38 55.7611
    endloop
  endfacet
  facet normal 0.999392 -5.83701e-05 0.0348596
    outer loop
      vertex 16.6062 -27.38 56.6148
      vertex 16.6267 -27.848 56.0263
      vertex 16.6337 -27.38 55.8264
    endloop
  endfacet
  facet normal 0.999391 -0.000111926 0.0349021
    outer loop
      vertex 16.6062 -27.38 56.6148
      vertex 16.6197 -28.016 56.2262
      vertex 16.6267 -27.848 56.0263
    endloop
  endfacet
  facet normal 0.999402 8.29208e-05 0.0345836
    outer loop
      vertex 16.6062 -27.38 56.6148
      vertex 16.6128 -28.184 56.426
      vertex 16.6197 -28.016 56.2262
    endloop
  endfacet
  facet normal 0.99939 -0 0.0349363
    outer loop
      vertex 16.6062 -28.352 56.6148
      vertex 16.6128 -28.184 56.426
      vertex 16.6062 -27.38 56.6148
    endloop
  endfacet
  facet normal 0.99939 0 0.0349363
    outer loop
      vertex 16.6128 -28.184 56.426
      vertex 16.6062 -28.352 56.6148
      vertex 16.6128 -28.352 56.426
    endloop
  endfacet
  facet normal 0.999387 0 0.0349961
    outer loop
      vertex 16.6337 -27.38 55.8264
      vertex 16.6267 -27.848 56.0263
      vertex 16.6337 -27.848 55.8264
    endloop
  endfacet
  facet normal 0.999387 0 0.0349961
    outer loop
      vertex 16.6267 -27.848 56.0263
      vertex 16.6197 -28.016 56.2262
      vertex 16.6267 -28.016 56.0263
    endloop
  endfacet
  facet normal 0.999404 0 0.034514
    outer loop
      vertex 16.6197 -28.016 56.2262
      vertex 16.6128 -28.184 56.426
      vertex 16.6197 -28.184 56.2262
    endloop
  endfacet
  facet normal -0.0349332 0 0.99939
    outer loop
      vertex 16.6062 -27.38 56.6148
      vertex 14.7352 -28.352 56.5494
      vertex 16.6062 -28.352 56.6148
    endloop
  endfacet
  facet normal -0.0348948 -7.39808e-05 0.999391
    outer loop
      vertex 13.4472 -27.38 56.5045
      vertex 14.7352 -28.352 56.5494
      vertex 16.6062 -27.38 56.6148
    endloop
  endfacet
  facet normal -0.0348391 0 0.999393
    outer loop
      vertex 13.4472 -28.52 56.5045
      vertex 14.7352 -28.352 56.5494
      vertex 13.4472 -27.38 56.5045
    endloop
  endfacet
  facet normal -0.0348391 0 0.999393
    outer loop
      vertex 14.7352 -28.352 56.5494
      vertex 13.4472 -28.52 56.5045
      vertex 14.7352 -28.52 56.5494
    endloop
  endfacet
  facet normal -0.999387 0 -0.0349961
    outer loop
      vertex 13.5689 -27.848 53.018
      vertex 13.5759 -27.38 52.8181
      vertex 13.5759 -27.848 52.8181
    endloop
  endfacet
  facet normal -0.999386 -1.16745e-05 -0.0350234
    outer loop
      vertex 13.5619 -28.016 53.2178
      vertex 13.5759 -27.38 52.8181
      vertex 13.5689 -27.848 53.018
    endloop
  endfacet
  facet normal -0.999387 0 -0.0350136
    outer loop
      vertex 13.5619 -28.016 53.2178
      vertex 13.5689 -27.848 53.018
      vertex 13.5689 -28.016 53.018
    endloop
  endfacet
  facet normal -0.999424 0.000677592 -0.0339279
    outer loop
      vertex 13.555 -28.184 53.4177
      vertex 13.5759 -27.38 52.8181
      vertex 13.5619 -28.016 53.2178
    endloop
  endfacet
  facet normal -0.999405 0 -0.0344967
    outer loop
      vertex 13.555 -28.184 53.4177
      vertex 13.5619 -28.016 53.2178
      vertex 13.5619 -28.184 53.2178
    endloop
  endfacet
  facet normal -0.999391 -4.13937e-05 -0.0348909
    outer loop
      vertex 13.5759 -27.38 52.8181
      vertex 13.555 -28.184 53.4177
      vertex 13.4472 -27.38 56.5045
    endloop
  endfacet
  facet normal -0.999387 0 -0.0349961
    outer loop
      vertex 13.548 -28.352 53.6176
      vertex 13.555 -28.184 53.4177
      vertex 13.555 -28.352 53.4177
    endloop
  endfacet
  facet normal -0.99939 8.58887e-05 -0.034924
    outer loop
      vertex 13.555 -28.184 53.4177
      vertex 13.548 -28.352 53.6176
      vertex 13.4472 -27.38 56.5045
    endloop
  endfacet
  facet normal -0.999391 0 -0.0348951
    outer loop
      vertex 13.4472 -28.52 56.5045
      vertex 13.548 -28.352 53.6176
      vertex 13.548 -28.52 53.6176
    endloop
  endfacet
  facet normal -0.999391 0 -0.0348951
    outer loop
      vertex 13.548 -28.352 53.6176
      vertex 13.4472 -28.52 56.5045
      vertex 13.4472 -27.38 56.5045
    endloop
  endfacet
  facet normal 0.0348884 0 -0.999391
    outer loop
      vertex 13.5759 -27.848 52.8181
      vertex 16.8071 -27.38 52.9309
      vertex 16.8071 -27.848 52.9309
    endloop
  endfacet
  facet normal 0.0348884 0 -0.999391
    outer loop
      vertex 16.8071 -27.38 52.9309
      vertex 13.5759 -27.848 52.8181
      vertex 13.5759 -27.38 52.8181
    endloop
  endfacet
  facet normal 0.999388 -4.22538e-06 0.0349862
    outer loop
      vertex 16.7795 -27.38 53.7193
      vertex 16.8001 -27.848 53.1308
      vertex 16.8071 -27.38 52.9309
    endloop
  endfacet
  facet normal 0.999388 -8.10225e-06 0.0349893
    outer loop
      vertex 16.7795 -27.38 53.7193
      vertex 16.7931 -28.016 53.3307
      vertex 16.8001 -27.848 53.1308
    endloop
  endfacet
  facet normal 0.999387 -1.51708e-05 0.0350008
    outer loop
      vertex 16.7795 -27.38 53.7193
      vertex 16.7861 -28.184 53.5305
      vertex 16.7931 -28.016 53.3307
    endloop
  endfacet
  facet normal 0.99939 -0 0.0349363
    outer loop
      vertex 16.7795 -28.352 53.7193
      vertex 16.7861 -28.184 53.5305
      vertex 16.7795 -27.38 53.7193
    endloop
  endfacet
  facet normal 0.99939 0 0.0349363
    outer loop
      vertex 16.7861 -28.184 53.5305
      vertex 16.7795 -28.352 53.7193
      vertex 16.7861 -28.352 53.5305
    endloop
  endfacet
  facet normal 0.999387 0 0.0349961
    outer loop
      vertex 16.8071 -27.38 52.9309
      vertex 16.8001 -27.848 53.1308
      vertex 16.8071 -27.848 52.9309
    endloop
  endfacet
  facet normal 0.999387 0 0.0349961
    outer loop
      vertex 16.8001 -27.848 53.1308
      vertex 16.7931 -28.016 53.3307
      vertex 16.8001 -28.016 53.1308
    endloop
  endfacet
  facet normal 0.999387 0 0.0350136
    outer loop
      vertex 16.7931 -28.016 53.3307
      vertex 16.7861 -28.184 53.5305
      vertex 16.7931 -28.184 53.3307
    endloop
  endfacet
  facet normal -0.0349228 0 0.99939
    outer loop
      vertex 14.8364 -27.38 53.6514
      vertex 16.7795 -28.352 53.7193
      vertex 16.7795 -27.38 53.7193
    endloop
  endfacet
  facet normal -0.0349228 0 0.99939
    outer loop
      vertex 16.7795 -28.352 53.7193
      vertex 14.8364 -27.38 53.6514
      vertex 14.8364 -28.352 53.6514
    endloop
  endfacet
  facet normal 0.0349084 0 -0.999391
    outer loop
      vertex 14.8116 -27.848 54.3621
      vertex 16.4549 -27.38 54.4195
      vertex 16.4549 -27.848 54.4195
    endloop
  endfacet
  facet normal 0.0349084 0 -0.999391
    outer loop
      vertex 16.4549 -27.38 54.4195
      vertex 14.8116 -27.848 54.3621
      vertex 14.8116 -27.38 54.3621
    endloop
  endfacet
  facet normal -0.99939 0 -0.0349136
    outer loop
      vertex 9.17219 -27.848 52.8644
      vertex 9.17917 -27.38 52.6646
      vertex 9.17917 -27.848 52.6646
    endloop
  endfacet
  facet normal -0.999391 1.16288e-05 -0.0348864
    outer loop
      vertex 9.16521 -28.016 53.0643
      vertex 9.17917 -27.38 52.6646
      vertex 9.17219 -27.848 52.8644
    endloop
  endfacet
  facet normal -0.999391 0 -0.0348962
    outer loop
      vertex 9.16521 -28.016 53.0643
      vertex 9.17219 -27.848 52.8644
      vertex 9.17219 -28.016 52.8644
    endloop
  endfacet
  facet normal -0.999391 1.16288e-05 -0.0348864
    outer loop
      vertex 9.15823 -28.184 53.2642
      vertex 9.17917 -27.38 52.6646
      vertex 9.16521 -28.016 53.0643
    endloop
  endfacet
  facet normal -0.999391 0 -0.0348962
    outer loop
      vertex 9.15823 -28.184 53.2642
      vertex 9.16521 -28.016 53.0643
      vertex 9.16521 -28.184 53.0643
    endloop
  endfacet
  facet normal -0.999391 1.55584e-06 -0.0348999
    outer loop
      vertex 9.17917 -27.38 52.6646
      vertex 9.15823 -28.184 53.2642
      vertex 9.05044 -27.38 56.3509
    endloop
  endfacet
  facet normal -0.999391 0 -0.0348962
    outer loop
      vertex 9.15125 -28.352 53.4641
      vertex 9.15823 -28.184 53.2642
      vertex 9.15823 -28.352 53.2642
    endloop
  endfacet
  facet normal -0.999391 -3.0234e-06 -0.0348987
    outer loop
      vertex 9.15823 -28.184 53.2642
      vertex 9.15125 -28.352 53.4641
      vertex 9.05044 -27.38 56.3509
    endloop
  endfacet
  facet normal -0.999391 0 -0.0348997
    outer loop
      vertex 9.05044 -28.52 56.3509
      vertex 9.15125 -28.352 53.4641
      vertex 9.15125 -28.52 53.4641
    endloop
  endfacet
  facet normal -0.999391 0 -0.0348997
    outer loop
      vertex 9.15125 -28.352 53.4641
      vertex 9.05044 -28.52 56.3509
      vertex 9.05044 -27.38 56.3509
    endloop
  endfacet
  facet normal 0.0348383 0 -0.999393
    outer loop
      vertex 9.17917 -27.848 52.6646
      vertex 10.4672 -27.38 52.7095
      vertex 10.4672 -27.848 52.7095
    endloop
  endfacet
  facet normal 0.0348383 0 -0.999393
    outer loop
      vertex 10.4672 -27.38 52.7095
      vertex 9.17917 -27.848 52.6646
      vertex 9.17917 -27.38 52.6646
    endloop
  endfacet
  facet normal 0.999393 0 0.0348233
    outer loop
      vertex 10.4532 -28.016 53.1093
      vertex 10.4336 -27.38 53.6718
      vertex 10.4336 -27.848 53.6718
    endloop
  endfacet
  facet normal 0.999391 -4.31839e-05 0.0348951
    outer loop
      vertex 10.4336 -27.38 53.6718
      vertex 10.4602 -27.848 52.9094
      vertex 10.4672 -27.38 52.7095
    endloop
  endfacet
  facet normal 0.999387 0 0.0349961
    outer loop
      vertex 10.4672 -27.38 52.7095
      vertex 10.4602 -27.848 52.9094
      vertex 10.4672 -27.848 52.7095
    endloop
  endfacet
  facet normal 0.999387 -0 0.0349961
    outer loop
      vertex 10.4266 -28.016 53.8717
      vertex 10.4336 -27.848 53.6718
      vertex 10.4266 -27.848 53.8717
    endloop
  endfacet
  facet normal 0.999387 -1.32628e-06 0.0349949
    outer loop
      vertex 10.4393 -28.352 53.509
      vertex 10.4336 -27.848 53.6718
      vertex 10.4266 -28.016 53.8717
    endloop
  endfacet
  facet normal 0.99939 -8.77479e-05 0.0349224
    outer loop
      vertex 10.4336 -27.38 53.6718
      vertex 10.4532 -28.016 53.1093
      vertex 10.4602 -27.848 52.9094
    endloop
  endfacet
  facet normal 0.999387 0 0.0349961
    outer loop
      vertex 10.4602 -27.848 52.9094
      vertex 10.4532 -28.016 53.1093
      vertex 10.4602 -28.016 52.9094
    endloop
  endfacet
  facet normal 0.999387 -0 0.0349961
    outer loop
      vertex 10.4196 -28.184 54.0716
      vertex 10.4266 -28.016 53.8717
      vertex 10.4196 -28.016 54.0716
    endloop
  endfacet
  facet normal 0.999387 -1.32628e-06 0.0349949
    outer loop
      vertex 10.4266 -28.016 53.8717
      vertex 10.4196 -28.184 54.0716
      vertex 10.4393 -28.352 53.509
    endloop
  endfacet
  facet normal 0.999392 -0.00015184 0.0348686
    outer loop
      vertex 10.4336 -27.848 53.6718
      vertex 10.4462 -28.184 53.3092
      vertex 10.4532 -28.016 53.1093
    endloop
  endfacet
  facet normal 0.999387 0 0.0349961
    outer loop
      vertex 10.4532 -28.016 53.1093
      vertex 10.4462 -28.184 53.3092
      vertex 10.4532 -28.184 53.1093
    endloop
  endfacet
  facet normal 0.999387 -0 0.0350136
    outer loop
      vertex 10.4126 -28.352 54.2714
      vertex 10.4196 -28.184 54.0716
      vertex 10.4126 -28.184 54.2714
    endloop
  endfacet
  facet normal 0.999387 -1.32304e-05 0.0350024
    outer loop
      vertex 10.4393 -28.52 53.509
      vertex 10.4196 -28.184 54.0716
      vertex 10.4126 -28.352 54.2714
    endloop
  endfacet
  facet normal 0.999401 0.000121286 0.0346158
    outer loop
      vertex 10.4336 -27.848 53.6718
      vertex 10.4393 -28.352 53.509
      vertex 10.4462 -28.184 53.3092
    endloop
  endfacet
  facet normal 0.999404 0 0.034514
    outer loop
      vertex 10.4462 -28.184 53.3092
      vertex 10.4393 -28.352 53.509
      vertex 10.4462 -28.352 53.3092
    endloop
  endfacet
  facet normal 0.999405 -0 0.0344967
    outer loop
      vertex 10.4057 -28.52 54.4713
      vertex 10.4126 -28.352 54.2714
      vertex 10.4057 -28.352 54.4713
    endloop
  endfacet
  facet normal 0.999391 0.000474578 0.0348951
    outer loop
      vertex 10.4393 -28.52 53.509
      vertex 10.4126 -28.352 54.2714
      vertex 10.4057 -28.52 54.4713
    endloop
  endfacet
  facet normal 0.999388 0 0.0349945
    outer loop
      vertex 10.4196 -28.184 54.0716
      vertex 10.4393 -28.52 53.509
      vertex 10.4393 -28.352 53.509
    endloop
  endfacet
  facet normal 0.766188 0 -0.642617
    outer loop
      vertex 10.7139 -27.848 54.006
      vertex 10.4336 -27.38 53.6718
      vertex 10.7139 -27.38 54.006
    endloop
  endfacet
  facet normal 0.766188 0 -0.642617
    outer loop
      vertex 10.4336 -27.38 53.6718
      vertex 10.7139 -27.848 54.006
      vertex 10.4336 -27.848 53.6718
    endloop
  endfacet
  facet normal -0.775627 0 -0.631192
    outer loop
      vertex 11.733 -27.848 52.7537
      vertex 10.7139 -27.38 54.006
      vertex 11.733 -27.38 52.7537
    endloop
  endfacet
  facet normal -0.775627 -0 -0.631192
    outer loop
      vertex 10.7139 -27.38 54.006
      vertex 11.733 -27.848 52.7537
      vertex 10.7139 -27.848 54.006
    endloop
  endfacet
  facet normal 0.034911 0 -0.99939
    outer loop
      vertex 11.733 -27.848 52.7537
      vertex 13.0985 -27.38 52.8014
      vertex 13.0985 -27.848 52.8014
    endloop
  endfacet
  facet normal 0.034911 0 -0.99939
    outer loop
      vertex 13.0985 -27.38 52.8014
      vertex 11.733 -27.848 52.7537
      vertex 11.733 -27.38 52.7537
    endloop
  endfacet
  facet normal 0.778119 0 0.628117
    outer loop
      vertex 12.9414 -27.838 52.996
      vertex 11.547 -27.38 54.7234
      vertex 11.547 -27.838 54.7234
    endloop
  endfacet
  facet normal 0.778116 -2.14799e-05 0.62812
    outer loop
      vertex 11.547 -27.38 54.7234
      vertex 12.9414 -27.838 52.996
      vertex 13.0985 -27.38 52.8014
    endloop
  endfacet
  facet normal 0.778092 0 0.628151
    outer loop
      vertex 13.0985 -27.848 52.8014
      vertex 12.9414 -27.838 52.996
      vertex 12.9414 -27.848 52.996
    endloop
  endfacet
  facet normal 0.778092 0 0.628151
    outer loop
      vertex 12.9414 -27.838 52.996
      vertex 13.0985 -27.848 52.8014
      vertex 13.0985 -27.38 52.8014
    endloop
  endfacet
  facet normal 0.763169 0 -0.646199
    outer loop
      vertex 11.626 -27.38 54.8167
      vertex 11.547 -27.838 54.7234
      vertex 11.547 -27.38 54.7234
    endloop
  endfacet
  facet normal 0.763169 0 -0.646199
    outer loop
      vertex 11.626 -27.38 54.8167
      vertex 11.547 -28.016 54.7234
      vertex 11.547 -27.838 54.7234
    endloop
  endfacet
  facet normal 0.763169 0 -0.646199
    outer loop
      vertex 11.626 -28.52 54.8167
      vertex 11.547 -28.016 54.7234
      vertex 11.626 -27.38 54.8167
    endloop
  endfacet
  facet normal 0.763169 0 -0.646199
    outer loop
      vertex 11.547 -28.016 54.7234
      vertex 11.626 -28.52 54.8167
      vertex 11.547 -28.174 54.7234
    endloop
  endfacet
  facet normal 0.763169 0 -0.646199
    outer loop
      vertex 11.547 -28.174 54.7234
      vertex 11.626 -28.52 54.8167
      vertex 11.547 -28.352 54.7234
    endloop
  endfacet
  facet normal 0.763169 0 -0.646199
    outer loop
      vertex 11.547 -28.352 54.7234
      vertex 11.626 -28.52 54.8167
      vertex 11.547 -28.52 54.7234
    endloop
  endfacet
  facet normal 0.778298 -0 0.627895
    outer loop
      vertex 11.54 -27.838 54.9233
      vertex 11.626 -27.38 54.8167
      vertex 11.54 -27.38 54.9233
    endloop
  endfacet
  facet normal 0.778298 0 0.627895
    outer loop
      vertex 11.626 -28.52 54.8167
      vertex 11.54 -27.838 54.9233
      vertex 11.54 -28.52 54.9233
    endloop
  endfacet
  facet normal 0.778298 0 0.627895
    outer loop
      vertex 11.54 -27.838 54.9233
      vertex 11.626 -28.52 54.8167
      vertex 11.626 -27.38 54.8167
    endloop
  endfacet
  facet normal 0.76336 7.90165e-05 -0.645973
    outer loop
      vertex 12.8607 -27.38 56.484
      vertex 11.619 -27.838 55.0166
      vertex 11.54 -27.38 54.9233
    endloop
  endfacet
  facet normal 0.763372 0 -0.645959
    outer loop
      vertex 12.8607 -27.848 56.484
      vertex 11.619 -27.838 55.0166
      vertex 12.8607 -27.38 56.484
    endloop
  endfacet
  facet normal 0.763372 0 -0.645959
    outer loop
      vertex 11.619 -27.838 55.0166
      vertex 12.8607 -27.848 56.484
      vertex 11.619 -27.848 55.0166
    endloop
  endfacet
  facet normal 0.763169 0 -0.646199
    outer loop
      vertex 11.54 -27.38 54.9233
      vertex 11.619 -27.838 55.0166
      vertex 11.54 -27.838 54.9233
    endloop
  endfacet
  facet normal -0.0352398 0 0.999379
    outer loop
      vertex 12.8607 -27.38 56.484
      vertex 12.6792 -27.848 56.4776
      vertex 12.8607 -27.848 56.484
    endloop
  endfacet
  facet normal -0.034709 0 0.999397
    outer loop
      vertex 12.6792 -27.848 56.4776
      vertex 12.4978 -28.016 56.4713
      vertex 12.6792 -28.016 56.4776
    endloop
  endfacet
  facet normal -0.03491 -0.000128045 0.99939
    outer loop
      vertex 11.6154 -27.38 56.4405
      vertex 12.6792 -27.848 56.4776
      vertex 12.8607 -27.38 56.484
    endloop
  endfacet
  facet normal -0.0346899 0 0.999398
    outer loop
      vertex 12.4978 -28.016 56.4713
      vertex 12.3163 -28.184 56.465
      vertex 12.4978 -28.184 56.4713
    endloop
  endfacet
  facet normal -0.0348071 0.000106152 0.999394
    outer loop
      vertex 12.6792 -27.848 56.4776
      vertex 11.6154 -27.38 56.4405
      vertex 12.4978 -28.016 56.4713
    endloop
  endfacet
  facet normal -0.0352398 0 0.999379
    outer loop
      vertex 12.3163 -28.184 56.465
      vertex 12.1348 -28.352 56.4586
      vertex 12.3163 -28.352 56.465
    endloop
  endfacet
  facet normal -0.0347988 0.0001178 0.999394
    outer loop
      vertex 12.4978 -28.016 56.4713
      vertex 11.6154 -27.38 56.4405
      vertex 12.3163 -28.184 56.465
    endloop
  endfacet
  facet normal -0.0351031 -0.000147855 0.999384
    outer loop
      vertex 12.3163 -28.184 56.465
      vertex 11.6154 -27.38 56.4405
      vertex 12.1348 -28.352 56.4586
    endloop
  endfacet
  facet normal -0.0348268 0 0.999393
    outer loop
      vertex 11.6154 -28.52 56.4405
      vertex 12.1348 -28.352 56.4586
      vertex 11.6154 -27.38 56.4405
    endloop
  endfacet
  facet normal -0.0348268 0 0.999393
    outer loop
      vertex 12.1348 -28.352 56.4586
      vertex 11.6154 -28.52 56.4405
      vertex 12.1348 -28.52 56.4586
    endloop
  endfacet
  facet normal -0.76362 0 0.645666
    outer loop
      vertex 10.3876 -28.52 54.9884
      vertex 11.6154 -27.38 56.4405
      vertex 10.3876 -27.38 54.9884
    endloop
  endfacet
  facet normal -0.76362 0 0.645666
    outer loop
      vertex 11.6154 -27.38 56.4405
      vertex 10.3876 -28.52 54.9884
      vertex 11.6154 -28.52 56.4405
    endloop
  endfacet
  facet normal 0.999392 -0 0.0348633
    outer loop
      vertex 10.3385 -28.52 56.3959
      vertex 10.3876 -27.38 54.9884
      vertex 10.3385 -27.38 56.3959
    endloop
  endfacet
  facet normal 0.999392 0 0.0348633
    outer loop
      vertex 10.3876 -27.38 54.9884
      vertex 10.3385 -28.52 56.3959
      vertex 10.3876 -28.52 54.9884
    endloop
  endfacet
  facet normal -0.034915 0 0.99939
    outer loop
      vertex 9.05044 -27.38 56.3509
      vertex 10.3385 -28.52 56.3959
      vertex 10.3385 -27.38 56.3959
    endloop
  endfacet
  facet normal -0.034915 0 0.99939
    outer loop
      vertex 10.3385 -28.52 56.3959
      vertex 9.05044 -27.38 56.3509
      vertex 9.05044 -28.52 56.3509
    endloop
  endfacet
  facet normal 0.0348906 0 -0.999391
    outer loop
      vertex 5.69393 -27.848 53.221
      vertex 7.17194 -27.38 53.2726
      vertex 7.17194 -27.848 53.2726
    endloop
  endfacet
  facet normal 0.0348906 0 -0.999391
    outer loop
      vertex 7.17194 -27.38 53.2726
      vertex 5.69393 -27.848 53.221
      vertex 5.69393 -27.38 53.221
    endloop
  endfacet
  facet normal -0.920338 0 -0.391123
    outer loop
      vertex 7.45591 -27.848 52.6044
      vertex 7.17194 -27.38 53.2726
      vertex 7.45591 -27.38 52.6044
    endloop
  endfacet
  facet normal -0.920338 -0 -0.391123
    outer loop
      vertex 7.17194 -27.38 53.2726
      vertex 7.45591 -27.848 52.6044
      vertex 7.17194 -27.848 53.2726
    endloop
  endfacet
  facet normal 0.0348567 0 -0.999392
    outer loop
      vertex 7.45591 -27.848 52.6044
      vertex 8.72319 -27.38 52.6486
      vertex 8.72319 -27.848 52.6486
    endloop
  endfacet
  facet normal 0.0348567 0 -0.999392
    outer loop
      vertex 8.72319 -27.38 52.6486
      vertex 7.45591 -27.848 52.6044
      vertex 7.45591 -27.38 52.6044
    endloop
  endfacet
  facet normal 0.901742 -0 0.432275
    outer loop
      vertex 6.983 -27.848 56.2787
      vertex 8.72319 -27.38 52.6486
      vertex 6.983 -27.38 56.2787
    endloop
  endfacet
  facet normal 0.901742 0 0.432275
    outer loop
      vertex 8.72319 -27.38 52.6486
      vertex 6.983 -27.848 56.2787
      vertex 8.72319 -27.848 52.6486
    endloop
  endfacet
  facet normal -0.034916 0 0.99939
    outer loop
      vertex 5.69498 -27.848 56.2337
      vertex 6.983 -27.848 56.2787
      vertex 6.983 -27.38 56.2787
    endloop
  endfacet
  facet normal -0.034916 0 0.99939
    outer loop
      vertex 6.983 -27.848 56.2787
      vertex 5.69498 -27.848 56.2337
      vertex 6.983 -28.016 56.2787
    endloop
  endfacet
  facet normal -0.034916 0 0.99939
    outer loop
      vertex 5.69498 -28.016 56.2337
      vertex 6.983 -28.016 56.2787
      vertex 5.69498 -27.848 56.2337
    endloop
  endfacet
  facet normal -0.034916 0 0.99939
    outer loop
      vertex 6.983 -28.016 56.2787
      vertex 5.69498 -28.016 56.2337
      vertex 6.983 -28.184 56.2787
    endloop
  endfacet
  facet normal -0.034916 0 0.99939
    outer loop
      vertex 5.69498 -27.848 56.2337
      vertex 6.983 -27.38 56.2787
      vertex 5.69498 -27.38 56.2337
    endloop
  endfacet
  facet normal -0.034916 0 0.99939
    outer loop
      vertex 5.69498 -28.184 56.2337
      vertex 6.983 -28.184 56.2787
      vertex 5.69498 -28.016 56.2337
    endloop
  endfacet
  facet normal -0.034916 0 0.99939
    outer loop
      vertex 6.983 -28.184 56.2787
      vertex 5.69498 -28.184 56.2337
      vertex 6.983 -28.352 56.2787
    endloop
  endfacet
  facet normal -0.034916 0 0.99939
    outer loop
      vertex 5.69498 -28.352 56.2337
      vertex 6.983 -28.352 56.2787
      vertex 5.69498 -28.184 56.2337
    endloop
  endfacet
  facet normal -0.034916 0 0.99939
    outer loop
      vertex 6.983 -28.352 56.2787
      vertex 5.69498 -28.352 56.2337
      vertex 6.983 -28.52 56.2787
    endloop
  endfacet
  facet normal -0.034916 0 0.99939
    outer loop
      vertex 6.983 -28.52 56.2787
      vertex 5.69498 -28.352 56.2337
      vertex 5.69498 -28.52 56.2337
    endloop
  endfacet
  facet normal -0.929694 0 0.368333
    outer loop
      vertex 4.21221 -27.848 52.4911
      vertex 5.69498 -27.38 56.2337
      vertex 4.21221 -27.38 52.4911
    endloop
  endfacet
  facet normal -0.929694 0 0.368333
    outer loop
      vertex 5.69498 -27.38 56.2337
      vertex 4.21221 -27.848 52.4911
      vertex 5.69498 -27.848 56.2337
    endloop
  endfacet
  facet normal 0.0349173 0 -0.99939
    outer loop
      vertex 4.21221 -27.848 52.4911
      vertex 5.45725 -27.38 52.5346
      vertex 5.45725 -27.848 52.5346
    endloop
  endfacet
  facet normal 0.0349173 0 -0.99939
    outer loop
      vertex 5.45725 -27.38 52.5346
      vertex 4.21221 -27.848 52.4911
      vertex 4.21221 -27.38 52.4911
    endloop
  endfacet
  facet normal 0.945377 0 -0.325979
    outer loop
      vertex 5.69393 -27.848 53.221
      vertex 5.45725 -27.38 52.5346
      vertex 5.69393 -27.38 53.221
    endloop
  endfacet
  facet normal 0.945377 0 -0.325979
    outer loop
      vertex 5.45725 -27.38 52.5346
      vertex 5.69393 -27.848 53.221
      vertex 5.45725 -27.848 52.5346
    endloop
  endfacet
  facet normal 0.945341 0 -0.326084
    outer loop
      vertex 6.05013 -28.342 54.0339
      vertex 6.10056 -27.38 54.1801
      vertex 6.10056 -28.342 54.1801
    endloop
  endfacet
  facet normal 0.945355 -7.1191e-06 -0.326042
    outer loop
      vertex 6.10056 -27.38 54.1801
      vertex 6.05013 -28.342 54.0339
      vertex 6.03072 -27.38 53.9776
    endloop
  endfacet
  facet normal 0.945393 0 -0.325934
    outer loop
      vertex 6.03072 -28.352 53.9776
      vertex 6.05013 -28.342 54.0339
      vertex 6.05013 -28.352 54.0339
    endloop
  endfacet
  facet normal 0.945393 0 -0.325934
    outer loop
      vertex 6.05013 -28.342 54.0339
      vertex 6.03072 -28.352 53.9776
      vertex 6.03072 -27.38 53.9776
    endloop
  endfacet
  facet normal -0.033826 0 0.999428
    outer loop
      vertex 6.02374 -27.848 54.1775
      vertex 6.10056 -28.342 54.1801
      vertex 6.10056 -27.38 54.1801
    endloop
  endfacet
  facet normal -0.033826 0 0.999428
    outer loop
      vertex 6.02374 -27.848 54.1775
      vertex 6.10056 -27.38 54.1801
      vertex 6.02374 -27.38 54.1775
    endloop
  endfacet
  facet normal -0.033826 0 0.999428
    outer loop
      vertex 6.02374 -28.52 54.1775
      vertex 6.10056 -28.342 54.1801
      vertex 6.02374 -27.848 54.1775
    endloop
  endfacet
  facet normal -0.033826 0 0.999428
    outer loop
      vertex 6.10056 -28.342 54.1801
      vertex 6.02374 -28.52 54.1775
      vertex 6.10056 -28.52 54.1801
    endloop
  endfacet
  facet normal 0.945379 0 -0.325975
    outer loop
      vertex 6.36579 -27.848 55.1695
      vertex 6.02374 -27.38 54.1775
      vertex 6.36579 -27.38 55.1695
    endloop
  endfacet
  facet normal 0.945379 0 -0.325975
    outer loop
      vertex 6.02374 -27.38 54.1775
      vertex 6.36579 -27.848 55.1695
      vertex 6.02374 -27.848 54.1775
    endloop
  endfacet
  facet normal -0.920346 0 -0.391104
    outer loop
      vertex 6.77621 -27.848 54.2037
      vertex 6.36579 -27.38 55.1695
      vertex 6.77621 -27.38 54.2037
    endloop
  endfacet
  facet normal -0.920346 -0 -0.391104
    outer loop
      vertex 6.36579 -27.38 55.1695
      vertex 6.77621 -27.848 54.2037
      vertex 6.36579 -27.848 55.1695
    endloop
  endfacet
  facet normal -0.0338216 0 0.999428
    outer loop
      vertex 6.69938 -27.38 54.2011
      vertex 6.77621 -27.848 54.2037
      vertex 6.77621 -27.38 54.2037
    endloop
  endfacet
  facet normal -0.0338216 0 0.999428
    outer loop
      vertex 6.77621 -27.848 54.2037
      vertex 6.69938 -27.38 54.2011
      vertex 6.69938 -28.342 54.2011
    endloop
  endfacet
  facet normal -0.0338216 0 0.999428
    outer loop
      vertex 6.77621 -27.848 54.2037
      vertex 6.69938 -28.342 54.2011
      vertex 6.77621 -28.52 54.2037
    endloop
  endfacet
  facet normal -0.0338216 0 0.999428
    outer loop
      vertex 6.77621 -28.52 54.2037
      vertex 6.69938 -28.342 54.2011
      vertex 6.69938 -28.52 54.2011
    endloop
  endfacet
  facet normal -0.920331 9.56685e-06 -0.391141
    outer loop
      vertex 6.78319 -27.38 54.0039
      vertex 6.75989 -28.342 54.0587
      vertex 6.69938 -27.38 54.2011
    endloop
  endfacet
  facet normal -0.92027 0 -0.391283
    outer loop
      vertex 6.78319 -28.352 54.0039
      vertex 6.75989 -28.342 54.0587
      vertex 6.78319 -27.38 54.0039
    endloop
  endfacet
  facet normal -0.92027 -0 -0.391283
    outer loop
      vertex 6.75989 -28.342 54.0587
      vertex 6.78319 -28.352 54.0039
      vertex 6.75989 -28.352 54.0587
    endloop
  endfacet
  facet normal -0.920354 -0 -0.391086
    outer loop
      vertex 6.69938 -27.38 54.2011
      vertex 6.75989 -28.342 54.0587
      vertex 6.69938 -28.342 54.2011
    endloop
  endfacet
  facet normal -0.0349302 0 0.99939
    outer loop
      vertex 6.03072 -27.38 53.9776
      vertex 6.78319 -28.352 54.0039
      vertex 6.78319 -27.38 54.0039
    endloop
  endfacet
  facet normal -0.0349302 0 0.99939
    outer loop
      vertex 6.78319 -28.352 54.0039
      vertex 6.03072 -27.38 53.9776
      vertex 6.03072 -28.352 53.9776
    endloop
  endfacet
  facet normal 0.999391 2.02006e-06 0.0349009
    outer loop
      vertex 4.15266 -27.38 56.1799
      vertex 4.17418 -27.848 55.5637
      vertex 4.18116 -27.38 55.3638
    endloop
  endfacet
  facet normal 0.999391 -6.99981e-06 0.0349078
    outer loop
      vertex 4.15266 -27.38 56.1799
      vertex 4.1672 -28.016 55.7635
      vertex 4.17418 -27.848 55.5637
    endloop
  endfacet
  facet normal 0.999391 3.75231e-07 0.0348965
    outer loop
      vertex 4.15266 -27.38 56.1799
      vertex 4.16022 -28.184 55.9634
      vertex 4.1672 -28.016 55.7635
    endloop
  endfacet
  facet normal 0.999391 3.75231e-07 0.0348965
    outer loop
      vertex 4.15266 -27.38 56.1799
      vertex 4.15324 -28.352 56.1633
      vertex 4.16022 -28.184 55.9634
    endloop
  endfacet
  facet normal 0.99939 -0 0.0349185
    outer loop
      vertex 4.15266 -28.52 56.1799
      vertex 4.15324 -28.352 56.1633
      vertex 4.15266 -27.38 56.1799
    endloop
  endfacet
  facet normal 0.99939 0 0.0349185
    outer loop
      vertex 4.15324 -28.352 56.1633
      vertex 4.15266 -28.52 56.1799
      vertex 4.15324 -28.52 56.1633
    endloop
  endfacet
  facet normal 0.999391 0 0.0348962
    outer loop
      vertex 4.18116 -27.38 55.3638
      vertex 4.17418 -27.848 55.5637
      vertex 4.18116 -27.848 55.3638
    endloop
  endfacet
  facet normal 0.99939 0 0.0349136
    outer loop
      vertex 4.17418 -27.848 55.5637
      vertex 4.1672 -28.016 55.7635
      vertex 4.17418 -28.016 55.5637
    endloop
  endfacet
  facet normal 0.999391 0 0.0348962
    outer loop
      vertex 4.1672 -28.016 55.7635
      vertex 4.16022 -28.184 55.9634
      vertex 4.1672 -28.184 55.7635
    endloop
  endfacet
  facet normal 0.999391 0 0.0348962
    outer loop
      vertex 4.16022 -28.184 55.9634
      vertex 4.15324 -28.352 56.1633
      vertex 4.16022 -28.352 55.9634
    endloop
  endfacet
  facet normal -0.0349158 0 0.99939
    outer loop
      vertex 0.566212 -27.38 56.0546
      vertex 4.15266 -28.52 56.1799
      vertex 4.15266 -27.38 56.1799
    endloop
  endfacet
  facet normal -0.0349158 0 0.99939
    outer loop
      vertex 4.15266 -28.52 56.1799
      vertex 0.566212 -27.38 56.0546
      vertex 0.566212 -28.52 56.0546
    endloop
  endfacet
  facet normal -0.999391 0 -0.0348962
    outer loop
      vertex 0.587731 -27.848 55.4384
      vertex 0.594711 -27.38 55.2385
      vertex 0.594711 -27.848 55.2385
    endloop
  endfacet
  facet normal -0.999391 -1.49699e-06 -0.0348997
    outer loop
      vertex 0.594711 -27.38 55.2385
      vertex 0.587731 -27.848 55.4384
      vertex 0.566212 -27.38 56.0546
    endloop
  endfacet
  facet normal -0.999391 0 -0.0348912
    outer loop
      vertex 0.580752 -28.016 55.6383
      vertex 0.587731 -27.848 55.4384
      vertex 0.587731 -28.016 55.4384
    endloop
  endfacet
  facet normal -0.999391 -6.02602e-06 -0.0348963
    outer loop
      vertex 0.587731 -27.848 55.4384
      vertex 0.580752 -28.016 55.6383
      vertex 0.566212 -27.38 56.0546
    endloop
  endfacet
  facet normal -0.999391 0 -0.0348962
    outer loop
      vertex 0.573772 -28.184 55.8382
      vertex 0.580752 -28.016 55.6383
      vertex 0.580752 -28.184 55.6383
    endloop
  endfacet
  facet normal -0.999391 -3.91491e-06 -0.0348995
    outer loop
      vertex 0.580752 -28.016 55.6383
      vertex 0.573772 -28.184 55.8382
      vertex 0.566212 -27.38 56.0546
    endloop
  endfacet
  facet normal -0.999391 0 -0.0348962
    outer loop
      vertex 0.566792 -28.352 56.0381
      vertex 0.573772 -28.184 55.8382
      vertex 0.573772 -28.352 55.8382
    endloop
  endfacet
  facet normal -0.999391 -3.91491e-06 -0.0348995
    outer loop
      vertex 0.573772 -28.184 55.8382
      vertex 0.566792 -28.352 56.0381
      vertex 0.566212 -27.38 56.0546
    endloop
  endfacet
  facet normal -0.999383 0 -0.0351298
    outer loop
      vertex 0.566212 -28.52 56.0546
      vertex 0.566792 -28.352 56.0381
      vertex 0.566792 -28.52 56.0381
    endloop
  endfacet
  facet normal -0.999383 0 -0.0351298
    outer loop
      vertex 0.566792 -28.352 56.0381
      vertex 0.566212 -28.52 56.0546
      vertex 0.566212 -27.38 56.0546
    endloop
  endfacet
  facet normal 0.0349492 0 -0.999389
    outer loop
      vertex 0.594711 -27.848 55.2385
      vertex 1.73281 -27.38 55.2783
      vertex 1.73281 -27.848 55.2783
    endloop
  endfacet
  facet normal 0.0349492 0 -0.999389
    outer loop
      vertex 1.73281 -27.38 55.2783
      vertex 0.594711 -27.848 55.2385
      vertex 0.594711 -27.38 55.2385
    endloop
  endfacet
  facet normal -0.999391 0 -0.0348962
    outer loop
      vertex 1.82606 -27.848 52.6079
      vertex 1.83304 -27.38 52.408
      vertex 1.83304 -27.848 52.408
    endloop
  endfacet
  facet normal -0.999391 0 -0.0348962
    outer loop
      vertex 1.81908 -28.016 52.8078
      vertex 1.83304 -27.38 52.408
      vertex 1.82606 -27.848 52.6079
    endloop
  endfacet
  facet normal -0.999391 -1.40478e-06 -0.0348984
    outer loop
      vertex 1.83304 -27.38 52.408
      vertex 1.81908 -28.016 52.8078
      vertex 1.73281 -27.38 55.2783
    endloop
  endfacet
  facet normal -0.999391 1.35386e-05 -0.0349023
    outer loop
      vertex 1.8121 -28.184 53.0076
      vertex 1.73281 -27.38 55.2783
      vertex 1.81908 -28.016 52.8078
    endloop
  endfacet
  facet normal -0.999391 0 -0.0348962
    outer loop
      vertex 1.81908 -28.016 52.8078
      vertex 1.82606 -27.848 52.6079
      vertex 1.82606 -28.016 52.6079
    endloop
  endfacet
  facet normal -0.999391 -1.07829e-06 -0.0348971
    outer loop
      vertex 1.80512 -28.352 53.2075
      vertex 1.73281 -27.38 55.2783
      vertex 1.8121 -28.184 53.0076
    endloop
  endfacet
  facet normal -0.999391 -0 -0.0348976
    outer loop
      vertex 1.73281 -27.38 55.2783
      vertex 1.80512 -28.352 53.2075
      vertex 1.73281 -27.848 55.2783
    endloop
  endfacet
  facet normal -0.999391 0 -0.0348976
    outer loop
      vertex 1.80512 -28.52 53.2075
      vertex 1.73281 -27.848 55.2783
      vertex 1.80512 -28.352 53.2075
    endloop
  endfacet
  facet normal -0.99939 0 -0.0349136
    outer loop
      vertex 1.8121 -28.184 53.0076
      vertex 1.81908 -28.016 52.8078
      vertex 1.81908 -28.184 52.8078
    endloop
  endfacet
  facet normal -0.999391 0 -0.0348962
    outer loop
      vertex 1.73281 -27.848 55.2783
      vertex 1.72583 -28.016 55.4782
      vertex 1.72583 -27.848 55.4782
    endloop
  endfacet
  facet normal -0.999391 -1.21238e-06 -0.0348972
    outer loop
      vertex 1.73281 -27.848 55.2783
      vertex 1.80512 -28.52 53.2075
      vertex 1.72583 -28.016 55.4782
    endloop
  endfacet
  facet normal -0.99939 0 -0.0349136
    outer loop
      vertex 1.72583 -28.016 55.4782
      vertex 1.71885 -28.184 55.678
      vertex 1.71885 -28.016 55.678
    endloop
  endfacet
  facet normal -0.999391 0 -0.0348962
    outer loop
      vertex 1.80512 -28.352 53.2075
      vertex 1.8121 -28.184 53.0076
      vertex 1.8121 -28.352 53.0076
    endloop
  endfacet
  facet normal -0.999391 1.52216e-05 -0.0349009
    outer loop
      vertex 1.72583 -28.016 55.4782
      vertex 1.80512 -28.52 53.2075
      vertex 1.71885 -28.184 55.678
    endloop
  endfacet
  facet normal -0.999391 0 -0.0348962
    outer loop
      vertex 1.71885 -28.184 55.678
      vertex 1.71187 -28.352 55.8779
      vertex 1.71187 -28.184 55.8779
    endloop
  endfacet
  facet normal -0.999391 -2.65904e-06 -0.0348984
    outer loop
      vertex 1.71885 -28.184 55.678
      vertex 1.80512 -28.52 53.2075
      vertex 1.71187 -28.352 55.8779
    endloop
  endfacet
  facet normal -0.999391 -2.65904e-06 -0.0348984
    outer loop
      vertex 1.70489 -28.52 56.0778
      vertex 1.71187 -28.352 55.8779
      vertex 1.80512 -28.52 53.2075
    endloop
  endfacet
  facet normal -0.999391 0 -0.0348962
    outer loop
      vertex 1.71187 -28.352 55.8779
      vertex 1.70489 -28.52 56.0778
      vertex 1.70489 -28.352 56.0778
    endloop
  endfacet
  facet normal 0.0349338 0 -0.99939
    outer loop
      vertex 1.83304 -27.848 52.408
      vertex 3.14329 -27.38 52.4538
      vertex 3.14329 -27.848 52.4538
    endloop
  endfacet
  facet normal 0.0349338 0 -0.99939
    outer loop
      vertex 3.14329 -27.38 52.4538
      vertex 1.83304 -27.848 52.408
      vertex 1.83304 -27.38 52.408
    endloop
  endfacet
  facet normal 0.999391 0 0.0349041
    outer loop
      vertex 3.11538 -28.352 53.2533
      vertex 3.04306 -27.38 55.324
      vertex 3.04306 -27.848 55.324
    endloop
  endfacet
  facet normal 0.999391 1.23954e-05 0.0348996
    outer loop
      vertex 3.04306 -27.38 55.324
      vertex 3.12934 -28.016 52.8535
      vertex 3.14329 -27.38 52.4538
    endloop
  endfacet
  facet normal 0.999392 0 0.0348637
    outer loop
      vertex 3.14329 -27.38 52.4538
      vertex 3.13632 -27.848 52.6536
      vertex 3.14329 -27.848 52.4538
    endloop
  endfacet
  facet normal 0.999391 -0 0.0348962
    outer loop
      vertex 3.03608 -28.016 55.5239
      vertex 3.04306 -27.848 55.324
      vertex 3.03608 -27.848 55.5239
    endloop
  endfacet
  facet normal 0.999391 6.80201e-06 0.0349019
    outer loop
      vertex 3.11538 -28.52 53.2533
      vertex 3.04306 -27.848 55.324
      vertex 3.03608 -28.016 55.5239
    endloop
  endfacet
  facet normal 0.99939 2.16749e-05 0.0349144
    outer loop
      vertex 3.14329 -27.38 52.4538
      vertex 3.12934 -28.016 52.8535
      vertex 3.13632 -27.848 52.6536
    endloop
  endfacet
  facet normal 0.999391 0 0.0348962
    outer loop
      vertex 3.13632 -27.848 52.6536
      vertex 3.12934 -28.016 52.8535
      vertex 3.13632 -28.016 52.6536
    endloop
  endfacet
  facet normal 0.999391 -0 0.0348962
    outer loop
      vertex 3.0291 -28.184 55.7238
      vertex 3.03608 -28.016 55.5239
      vertex 3.0291 -28.016 55.7238
    endloop
  endfacet
  facet normal 0.999391 6.80201e-06 0.0349019
    outer loop
      vertex 3.11538 -28.52 53.2533
      vertex 3.03608 -28.016 55.5239
      vertex 3.0291 -28.184 55.7238
    endloop
  endfacet
  facet normal 0.999391 6.04965e-06 0.0349013
    outer loop
      vertex 3.04306 -27.38 55.324
      vertex 3.12236 -28.184 53.0534
      vertex 3.12934 -28.016 52.8535
    endloop
  endfacet
  facet normal 0.999391 0 0.0348962
    outer loop
      vertex 3.12934 -28.016 52.8535
      vertex 3.12236 -28.184 53.0534
      vertex 3.12934 -28.184 52.8535
    endloop
  endfacet
  facet normal 0.999391 -0 0.0348962
    outer loop
      vertex 3.02212 -28.352 55.9237
      vertex 3.0291 -28.184 55.7238
      vertex 3.02212 -28.184 55.9237
    endloop
  endfacet
  facet normal 0.999391 6.80201e-06 0.0349019
    outer loop
      vertex 3.11538 -28.52 53.2533
      vertex 3.0291 -28.184 55.7238
      vertex 3.02212 -28.352 55.9237
    endloop
  endfacet
  facet normal 0.999391 6.04965e-06 0.0349013
    outer loop
      vertex 3.04306 -27.38 55.324
      vertex 3.11538 -28.352 53.2533
      vertex 3.12236 -28.184 53.0534
    endloop
  endfacet
  facet normal 0.999391 0 0.0348962
    outer loop
      vertex 3.12236 -28.184 53.0534
      vertex 3.11538 -28.352 53.2533
      vertex 3.12236 -28.352 53.0534
    endloop
  endfacet
  facet normal 0.999391 -0 0.0348962
    outer loop
      vertex 3.01514 -28.52 56.1236
      vertex 3.02212 -28.352 55.9237
      vertex 3.01514 -28.352 56.1236
    endloop
  endfacet
  facet normal 0.999391 6.80201e-06 0.0349019
    outer loop
      vertex 3.11538 -28.52 53.2533
      vertex 3.02212 -28.352 55.9237
      vertex 3.01514 -28.52 56.1236
    endloop
  endfacet
  facet normal 0.999391 0 0.0349041
    outer loop
      vertex 3.04306 -27.848 55.324
      vertex 3.11538 -28.52 53.2533
      vertex 3.11538 -28.352 53.2533
    endloop
  endfacet
  facet normal 0.0349492 0 -0.999389
    outer loop
      vertex 3.04306 -27.848 55.324
      vertex 4.18116 -27.38 55.3638
      vertex 4.18116 -27.848 55.3638
    endloop
  endfacet
  facet normal 0.0349492 0 -0.999389
    outer loop
      vertex 4.18116 -27.38 55.3638
      vertex 3.04306 -27.848 55.324
      vertex 3.04306 -27.38 55.324
    endloop
  endfacet
  facet normal 0.0350024 0 -0.999387
    outer loop
      vertex -1.959 -27.848 53.2539
      vertex -1.6021 -27.38 53.2664
      vertex -1.6021 -27.848 53.2664
    endloop
  endfacet
  facet normal 0.0350024 0 -0.999387
    outer loop
      vertex -1.6021 -27.38 53.2664
      vertex -1.959 -27.848 53.2539
      vertex -1.959 -27.38 53.2539
    endloop
  endfacet
  facet normal -0.809017 0 -0.587785
    outer loop
      vertex -0.908907 -27.848 52.3123
      vertex -1.6021 -27.38 53.2664
      vertex -0.908907 -27.38 52.3123
    endloop
  endfacet
  facet normal -0.809017 -0 -0.587785
    outer loop
      vertex -1.6021 -27.38 53.2664
      vertex -0.908907 -27.848 52.3123
      vertex -1.6021 -27.848 53.2664
    endloop
  endfacet
  facet normal 0.0349046 0 -0.999391
    outer loop
      vertex -0.908907 -27.848 52.3123
      vertex 0.353766 -27.38 52.3564
      vertex 0.353766 -27.848 52.3564
    endloop
  endfacet
  facet normal 0.0349046 0 -0.999391
    outer loop
      vertex 0.353766 -27.38 52.3564
      vertex -0.908907 -27.848 52.3123
      vertex -0.908907 -27.38 52.3123
    endloop
  endfacet
  facet normal 0.805847 -0 0.592123
    outer loop
      vertex -0.360223 -27.848 53.3281
      vertex 0.353766 -27.38 52.3564
      vertex -0.360223 -27.38 53.3281
    endloop
  endfacet
  facet normal 0.805847 0 0.592123
    outer loop
      vertex 0.353766 -27.38 52.3564
      vertex -0.360223 -27.848 53.3281
      vertex 0.353766 -27.848 52.3564
    endloop
  endfacet
  facet normal 0.513848 0 -0.857881
    outer loop
      vertex -0.360223 -28.342 53.3281
      vertex -0.272406 -28.52 53.3807
      vertex -0.360223 -28.52 53.3281
    endloop
  endfacet
  facet normal 0.513848 0 -0.857881
    outer loop
      vertex -0.360223 -28.184 53.3281
      vertex -0.272406 -28.52 53.3807
      vertex -0.360223 -28.342 53.3281
    endloop
  endfacet
  facet normal 0.513848 0 -0.857881
    outer loop
      vertex -0.360223 -28.006 53.3281
      vertex -0.272406 -28.52 53.3807
      vertex -0.360223 -28.184 53.3281
    endloop
  endfacet
  facet normal 0.513848 0 -0.857881
    outer loop
      vertex -0.272406 -28.52 53.3807
      vertex -0.360223 -28.006 53.3281
      vertex -0.272406 -27.38 53.3807
    endloop
  endfacet
  facet normal 0.513848 0 -0.857881
    outer loop
      vertex -0.360223 -27.848 53.3281
      vertex -0.272406 -27.38 53.3807
      vertex -0.360223 -28.006 53.3281
    endloop
  endfacet
  facet normal 0.513848 0 -0.857881
    outer loop
      vertex -0.272406 -27.38 53.3807
      vertex -0.360223 -27.848 53.3281
      vertex -0.360223 -27.38 53.3281
    endloop
  endfacet
  facet normal 0.572947 0 -0.819592
    outer loop
      vertex -0.272406 -28.52 53.3807
      vertex -0.263537 -27.38 53.3869
      vertex -0.263537 -28.52 53.3869
    endloop
  endfacet
  facet normal 0.572947 0 -0.819592
    outer loop
      vertex -0.263537 -27.38 53.3869
      vertex -0.272406 -28.52 53.3807
      vertex -0.272406 -27.38 53.3807
    endloop
  endfacet
  facet normal 0.80588 -0 0.592079
    outer loop
      vertex -0.367203 -28.52 53.528
      vertex -0.263537 -27.38 53.3869
      vertex -0.367203 -27.38 53.528
    endloop
  endfacet
  facet normal 0.80588 0 0.592079
    outer loop
      vertex -0.263537 -27.38 53.3869
      vertex -0.367203 -28.52 53.528
      vertex -0.263537 -28.52 53.3869
    endloop
  endfacet
  facet normal 0.513852 0 -0.857879
    outer loop
      vertex -0.367203 -28.52 53.528
      vertex -0.279387 -27.848 53.5806
      vertex -0.279387 -28.52 53.5806
    endloop
  endfacet
  facet normal 0.513852 0 -0.857879
    outer loop
      vertex -0.367203 -27.38 53.528
      vertex -0.279387 -27.848 53.5806
      vertex -0.367203 -28.52 53.528
    endloop
  endfacet
  facet normal 0.513852 0 -0.857879
    outer loop
      vertex -0.279387 -27.848 53.5806
      vertex -0.367203 -27.38 53.528
      vertex -0.279387 -27.38 53.5806
    endloop
  endfacet
  facet normal 0.571117 0 -0.820869
    outer loop
      vertex -0.279387 -27.848 53.5806
      vertex -0.196167 -27.38 53.6385
      vertex -0.196167 -27.848 53.6385
    endloop
  endfacet
  facet normal 0.571117 0 -0.820869
    outer loop
      vertex -0.196167 -27.38 53.6385
      vertex -0.279387 -27.848 53.5806
      vertex -0.279387 -27.38 53.5806
    endloop
  endfacet
  facet normal 0.628121 0 -0.778116
    outer loop
      vertex -0.196167 -27.848 53.6385
      vertex -0.118742 -27.38 53.701
      vertex -0.118742 -27.848 53.701
    endloop
  endfacet
  facet normal 0.628121 0 -0.778116
    outer loop
      vertex -0.118742 -27.38 53.701
      vertex -0.196167 -27.848 53.6385
      vertex -0.196167 -27.38 53.6385
    endloop
  endfacet
  facet normal 0.683801 0 -0.729669
    outer loop
      vertex -0.118742 -27.848 53.701
      vertex -0.0471411 -27.38 53.7681
      vertex -0.0471411 -27.848 53.7681
    endloop
  endfacet
  facet normal 0.683801 0 -0.729669
    outer loop
      vertex -0.0471411 -27.38 53.7681
      vertex -0.118742 -27.848 53.701
      vertex -0.118742 -27.38 53.701
    endloop
  endfacet
  facet normal 0.73634 0 -0.676612
    outer loop
      vertex 0.0186511 -27.848 53.8397
      vertex -0.0471411 -27.38 53.7681
      vertex 0.0186511 -27.38 53.8397
    endloop
  endfacet
  facet normal 0.73634 0 -0.676612
    outer loop
      vertex -0.0471411 -27.38 53.7681
      vertex 0.0186511 -27.848 53.8397
      vertex -0.0471411 -27.848 53.7681
    endloop
  endfacet
  facet normal 0.785681 0 -0.618631
    outer loop
      vertex 0.0786496 -27.848 53.9159
      vertex 0.0186511 -27.38 53.8397
      vertex 0.0786496 -27.38 53.9159
    endloop
  endfacet
  facet normal 0.785681 0 -0.618631
    outer loop
      vertex 0.0186511 -27.38 53.8397
      vertex 0.0786496 -27.848 53.9159
      vertex 0.0186511 -27.848 53.8397
    endloop
  endfacet
  facet normal 0.83044 0 -0.557108
    outer loop
      vertex 0.132855 -27.848 53.9967
      vertex 0.0786496 -27.38 53.9159
      vertex 0.132855 -27.38 53.9967
    endloop
  endfacet
  facet normal 0.83044 0 -0.557108
    outer loop
      vertex 0.0786496 -27.38 53.9159
      vertex 0.132855 -27.848 53.9967
      vertex 0.0786496 -27.848 53.9159
    endloop
  endfacet
  facet normal 0.871243 0 -0.490852
    outer loop
      vertex 0.180687 -27.848 54.0816
      vertex 0.132855 -27.38 53.9967
      vertex 0.180687 -27.38 54.0816
    endloop
  endfacet
  facet normal 0.871243 0 -0.490852
    outer loop
      vertex 0.132855 -27.38 53.9967
      vertex 0.180687 -27.848 54.0816
      vertex 0.132855 -27.848 53.9967
    endloop
  endfacet
  facet normal 0.907777 0 -0.419453
    outer loop
      vertex 0.221626 -27.848 54.1702
      vertex 0.180687 -27.38 54.0816
      vertex 0.221626 -27.38 54.1702
    endloop
  endfacet
  facet normal 0.907777 0 -0.419453
    outer loop
      vertex 0.180687 -27.38 54.0816
      vertex 0.221626 -27.848 54.1702
      vertex 0.180687 -27.848 54.0816
    endloop
  endfacet
  facet normal 0.938202 0 -0.346088
    outer loop
      vertex 0.255674 -27.848 54.2625
      vertex 0.221626 -27.38 54.1702
      vertex 0.255674 -27.38 54.2625
    endloop
  endfacet
  facet normal 0.938202 0 -0.346088
    outer loop
      vertex 0.221626 -27.38 54.1702
      vertex 0.255674 -27.848 54.2625
      vertex 0.221626 -27.848 54.1702
    endloop
  endfacet
  facet normal 0.962247 0 -0.272178
    outer loop
      vertex 0.2828 -27.848 54.3584
      vertex 0.255674 -27.38 54.2625
      vertex 0.2828 -27.38 54.3584
    endloop
  endfacet
  facet normal 0.962247 0 -0.272178
    outer loop
      vertex 0.255674 -27.38 54.2625
      vertex 0.2828 -27.848 54.3584
      vertex 0.255674 -27.848 54.2625
    endloop
  endfacet
  facet normal 0.979984 0 -0.199076
    outer loop
      vertex 0.303033 -27.848 54.458
      vertex 0.2828 -27.38 54.3584
      vertex 0.303033 -27.38 54.458
    endloop
  endfacet
  facet normal 0.979984 0 -0.199076
    outer loop
      vertex 0.2828 -27.38 54.3584
      vertex 0.303033 -27.848 54.458
      vertex 0.2828 -27.848 54.3584
    endloop
  endfacet
  facet normal 0.991782 0 -0.127943
    outer loop
      vertex 0.316359 -27.848 54.5613
      vertex 0.303033 -27.38 54.458
      vertex 0.316359 -27.38 54.5613
    endloop
  endfacet
  facet normal 0.991782 0 -0.127943
    outer loop
      vertex 0.303033 -27.38 54.458
      vertex 0.316359 -27.848 54.5613
      vertex 0.303033 -27.848 54.458
    endloop
  endfacet
  facet normal 0.998197 0 -0.0600277
    outer loop
      vertex 0.322541 -27.848 54.6641
      vertex 0.316359 -27.38 54.5613
      vertex 0.322541 -27.38 54.6641
    endloop
  endfacet
  facet normal 0.998197 0 -0.0600277
    outer loop
      vertex 0.316359 -27.38 54.5613
      vertex 0.322541 -27.848 54.6641
      vertex 0.316359 -27.848 54.5613
    endloop
  endfacet
  facet normal 0.996887 -0 0.0788481
    outer loop
      vertex 0.316253 -27.848 54.7436
      vertex 0.322541 -27.38 54.6641
      vertex 0.316253 -27.38 54.7436
    endloop
  endfacet
  facet normal 0.996887 0 0.0788481
    outer loop
      vertex 0.322541 -27.38 54.6641
      vertex 0.316253 -27.848 54.7436
      vertex 0.322541 -27.848 54.6641
    endloop
  endfacet
  facet normal 0.9849 0 0.173126
    outer loop
      vertex 0.310346 -27.838 54.7771
      vertex 0.288936 -27.38 54.8989
      vertex 0.288936 -27.838 54.8989
    endloop
  endfacet
  facet normal 0.98488 -3.09834e-05 0.173239
    outer loop
      vertex 0.288936 -27.38 54.8989
      vertex 0.310346 -27.838 54.7771
      vertex 0.316253 -27.38 54.7436
    endloop
  endfacet
  facet normal 0.984808 0 0.173649
    outer loop
      vertex 0.316253 -27.848 54.7436
      vertex 0.310346 -27.838 54.7771
      vertex 0.310346 -27.848 54.7771
    endloop
  endfacet
  facet normal 0.984808 0 0.173649
    outer loop
      vertex 0.310346 -27.838 54.7771
      vertex 0.316253 -27.848 54.7436
      vertex 0.316253 -27.38 54.7436
    endloop
  endfacet
  facet normal 0.961722 0 0.274028
    outer loop
      vertex 0.247364 -27.38 55.0448
      vertex 0.288936 -27.838 54.8989
      vertex 0.288936 -27.38 54.8989
    endloop
  endfacet
  facet normal 0.961722 -0 0.274028
    outer loop
      vertex 0.247364 -28.174 55.0448
      vertex 0.288936 -27.838 54.8989
      vertex 0.247364 -27.38 55.0448
    endloop
  endfacet
  facet normal 0.961722 0 0.274028
    outer loop
      vertex 0.288936 -27.838 54.8989
      vertex 0.247364 -28.174 55.0448
      vertex 0.288936 -28.006 54.8989
    endloop
  endfacet
  facet normal 0.961697 7.97674e-05 0.274113
    outer loop
      vertex 0.266119 -28.174 54.979
      vertex 0.288936 -28.006 54.8989
      vertex 0.247364 -28.174 55.0448
    endloop
  endfacet
  facet normal 0.961742 0 0.273958
    outer loop
      vertex 0.288936 -28.184 54.8989
      vertex 0.266119 -28.174 54.979
      vertex 0.266119 -28.184 54.979
    endloop
  endfacet
  facet normal 0.961742 0 0.273958
    outer loop
      vertex 0.266119 -28.174 54.979
      vertex 0.288936 -28.184 54.8989
      vertex 0.288936 -28.006 54.8989
    endloop
  endfacet
  facet normal 0.925644 0 0.378396
    outer loop
      vertex 0.191523 -27.38 55.1814
      vertex 0.247364 -28.174 55.0448
      vertex 0.247364 -27.38 55.0448
    endloop
  endfacet
  facet normal 0.925644 -0 0.378396
    outer loop
      vertex 0.191523 -28.352 55.1814
      vertex 0.247364 -28.174 55.0448
      vertex 0.191523 -27.38 55.1814
    endloop
  endfacet
  facet normal 0.925644 0 0.378396
    outer loop
      vertex 0.247364 -28.174 55.0448
      vertex 0.191523 -28.352 55.1814
      vertex 0.247364 -28.352 55.0448
    endloop
  endfacet
  facet normal 0.875823 0 0.482632
    outer loop
      vertex 0.121428 -27.38 55.3086
      vertex 0.191523 -28.352 55.1814
      vertex 0.191523 -27.38 55.1814
    endloop
  endfacet
  facet normal 0.875823 -0 0.482632
    outer loop
      vertex 0.121428 -28.52 55.3086
      vertex 0.191523 -28.352 55.1814
      vertex 0.121428 -27.38 55.3086
    endloop
  endfacet
  facet normal 0.875823 0 0.482632
    outer loop
      vertex 0.191523 -28.352 55.1814
      vertex 0.121428 -28.52 55.3086
      vertex 0.191523 -28.52 55.1814
    endloop
  endfacet
  facet normal 0.812957 -0 0.582324
    outer loop
      vertex 0.0370475 -28.52 55.4264
      vertex 0.121428 -27.38 55.3086
      vertex 0.0370475 -27.38 55.4264
    endloop
  endfacet
  facet normal 0.812957 0 0.582324
    outer loop
      vertex 0.121428 -27.38 55.3086
      vertex 0.0370475 -28.52 55.4264
      vertex 0.121428 -28.52 55.3086
    endloop
  endfacet
  facet normal 0.740307 -0 0.672269
    outer loop
      vertex -0.0615716 -28.52 55.535
      vertex 0.0370475 -27.38 55.4264
      vertex -0.0615716 -27.38 55.535
    endloop
  endfacet
  facet normal 0.740307 0 0.672269
    outer loop
      vertex 0.0370475 -27.38 55.4264
      vertex -0.0615716 -28.52 55.535
      vertex 0.0370475 -28.52 55.4264
    endloop
  endfacet
  facet normal 0.65972 0 0.751511
    outer loop
      vertex -0.17446 -27.38 55.6341
      vertex -0.0615716 -28.52 55.535
      vertex -0.0615716 -27.38 55.535
    endloop
  endfacet
  facet normal 0.65972 0 0.751511
    outer loop
      vertex -0.0615716 -28.52 55.535
      vertex -0.17446 -27.38 55.6341
      vertex -0.17446 -28.52 55.6341
    endloop
  endfacet
  facet normal 0.571535 0 0.820578
    outer loop
      vertex -0.300949 -27.38 55.7222
      vertex -0.17446 -28.52 55.6341
      vertex -0.17446 -27.38 55.6341
    endloop
  endfacet
  facet normal 0.571535 0 0.820578
    outer loop
      vertex -0.17446 -28.52 55.6341
      vertex -0.300949 -27.38 55.7222
      vertex -0.300949 -28.52 55.7222
    endloop
  endfacet
  facet normal 0.475227 0 0.879863
    outer loop
      vertex -0.440364 -27.38 55.7975
      vertex -0.300949 -28.52 55.7222
      vertex -0.300949 -27.38 55.7222
    endloop
  endfacet
  facet normal 0.475227 0 0.879863
    outer loop
      vertex -0.300949 -28.52 55.7222
      vertex -0.440364 -27.38 55.7975
      vertex -0.440364 -28.52 55.7975
    endloop
  endfacet
  facet normal 0.379554 0 0.92517
    outer loop
      vertex -0.592709 -27.38 55.86
      vertex -0.440364 -28.52 55.7975
      vertex -0.440364 -27.38 55.7975
    endloop
  endfacet
  facet normal 0.379554 0 0.92517
    outer loop
      vertex -0.440364 -28.52 55.7975
      vertex -0.592709 -27.38 55.86
      vertex -0.592709 -28.52 55.86
    endloop
  endfacet
  facet normal 0.287974 0 0.957638
    outer loop
      vertex -0.757983 -27.38 55.9097
      vertex -0.592709 -28.52 55.86
      vertex -0.592709 -27.38 55.86
    endloop
  endfacet
  facet normal 0.287974 0 0.957638
    outer loop
      vertex -0.592709 -28.52 55.86
      vertex -0.757983 -27.38 55.9097
      vertex -0.757983 -28.52 55.9097
    endloop
  endfacet
  facet normal 0.203278 0 0.979121
    outer loop
      vertex -0.936199 -27.38 55.9467
      vertex -0.757983 -28.52 55.9097
      vertex -0.757983 -27.38 55.9097
    endloop
  endfacet
  facet normal 0.203278 0 0.979121
    outer loop
      vertex -0.757983 -28.52 55.9097
      vertex -0.936199 -27.38 55.9467
      vertex -0.936199 -28.52 55.9467
    endloop
  endfacet
  facet normal 0.125101 0 0.992144
    outer loop
      vertex -1.12733 -27.38 55.9708
      vertex -0.936199 -28.52 55.9467
      vertex -0.936199 -27.38 55.9467
    endloop
  endfacet
  facet normal 0.125101 0 0.992144
    outer loop
      vertex -0.936199 -28.52 55.9467
      vertex -1.12733 -27.38 55.9708
      vertex -1.12733 -28.52 55.9708
    endloop
  endfacet
  facet normal 0.0557762 0 0.998443
    outer loop
      vertex -1.3314 -27.38 55.9822
      vertex -1.12733 -28.52 55.9708
      vertex -1.12733 -27.38 55.9708
    endloop
  endfacet
  facet normal 0.0557762 0 0.998443
    outer loop
      vertex -1.12733 -28.52 55.9708
      vertex -1.3314 -27.38 55.9822
      vertex -1.3314 -28.52 55.9822
    endloop
  endfacet
  facet normal -0.00645148 0 0.999979
    outer loop
      vertex -1.5484 -27.38 55.9808
      vertex -1.3314 -28.52 55.9822
      vertex -1.3314 -27.38 55.9822
    endloop
  endfacet
  facet normal -0.00645148 0 0.999979
    outer loop
      vertex -1.3314 -28.52 55.9822
      vertex -1.5484 -27.38 55.9808
      vertex -1.5484 -28.52 55.9808
    endloop
  endfacet
  facet normal -0.034901 0 0.999391
    outer loop
      vertex -3.36386 -27.38 55.9174
      vertex -1.5484 -28.52 55.9808
      vertex -1.5484 -27.38 55.9808
    endloop
  endfacet
  facet normal -0.034901 0 0.999391
    outer loop
      vertex -1.5484 -28.52 55.9808
      vertex -3.36386 -27.38 55.9174
      vertex -3.36386 -28.52 55.9174
    endloop
  endfacet
  facet normal -0.999391 0 -0.0348962
    outer loop
      vertex -3.24211 -27.848 52.4309
      vertex -3.23513 -27.38 52.231
      vertex -3.23513 -27.848 52.231
    endloop
  endfacet
  facet normal -0.999391 0 -0.0348962
    outer loop
      vertex -3.24909 -28.016 52.6308
      vertex -3.23513 -27.38 52.231
      vertex -3.24211 -27.848 52.4309
    endloop
  endfacet
  facet normal -0.999391 0 -0.0348962
    outer loop
      vertex -3.24909 -28.016 52.6308
      vertex -3.24211 -27.848 52.4309
      vertex -3.24211 -28.016 52.4309
    endloop
  endfacet
  facet normal -0.999391 0 -0.0348962
    outer loop
      vertex -3.25607 -28.184 52.8307
      vertex -3.23513 -27.38 52.231
      vertex -3.24909 -28.016 52.6308
    endloop
  endfacet
  facet normal -0.999391 0 -0.0348962
    outer loop
      vertex -3.25607 -28.184 52.8307
      vertex -3.24909 -28.016 52.6308
      vertex -3.24909 -28.184 52.6308
    endloop
  endfacet
  facet normal -0.999391 -2.07879e-06 -0.034899
    outer loop
      vertex -3.23513 -27.38 52.231
      vertex -3.25607 -28.184 52.8307
      vertex -3.36386 -27.38 55.9174
    endloop
  endfacet
  facet normal -0.99939 0 -0.0349136
    outer loop
      vertex -3.26305 -28.352 53.0305
      vertex -3.25607 -28.184 52.8307
      vertex -3.25607 -28.352 52.8307
    endloop
  endfacet
  facet normal -0.999391 1.28366e-05 -0.0349029
    outer loop
      vertex -3.25607 -28.184 52.8307
      vertex -3.26305 -28.352 53.0305
      vertex -3.36386 -27.38 55.9174
    endloop
  endfacet
  facet normal -0.999391 0 -0.0348985
    outer loop
      vertex -3.36386 -28.52 55.9174
      vertex -3.26305 -28.352 53.0305
      vertex -3.26305 -28.52 53.0305
    endloop
  endfacet
  facet normal -0.999391 0 -0.0348985
    outer loop
      vertex -3.26305 -28.352 53.0305
      vertex -3.36386 -28.52 55.9174
      vertex -3.36386 -27.38 55.9174
    endloop
  endfacet
  facet normal 0.0349336 0 -0.99939
    outer loop
      vertex -3.23513 -27.848 52.231
      vertex -1.92487 -27.38 52.2768
      vertex -1.92487 -27.848 52.2768
    endloop
  endfacet
  facet normal 0.0349336 0 -0.99939
    outer loop
      vertex -1.92487 -27.38 52.2768
      vertex -3.23513 -27.848 52.231
      vertex -3.23513 -27.38 52.231
    endloop
  endfacet
  facet normal 0.99939 0 0.0349136
    outer loop
      vertex -2.04624 -28.184 55.7522
      vertex -2.04624 -28.352 55.7522
      vertex -2.03926 -28.184 55.5524
    endloop
  endfacet
  facet normal 0.999391 0 0.0348962
    outer loop
      vertex -2.03926 -28.016 55.5524
      vertex -2.03926 -28.184 55.5524
      vertex -2.03228 -28.016 55.3525
    endloop
  endfacet
  facet normal 0.999391 0 0.0348962
    outer loop
      vertex -2.03228 -27.848 55.3525
      vertex -2.03228 -28.016 55.3525
      vertex -2.0253 -27.848 55.1526
    endloop
  endfacet
  facet normal 0.999391 -0 0.0348972
    outer loop
      vertex -2.0253 -27.848 55.1526
      vertex -1.98653 -27.38 54.0423
      vertex -2.0253 -27.38 55.1526
    endloop
  endfacet
  facet normal 0.999391 7.96646e-07 0.0348969
    outer loop
      vertex -1.98653 -28.352 54.0423
      vertex -2.0253 -27.848 55.1526
      vertex -2.03228 -28.016 55.3525
    endloop
  endfacet
  facet normal 0.999391 7.96646e-07 0.0348969
    outer loop
      vertex -1.98653 -28.352 54.0423
      vertex -2.03228 -28.016 55.3525
      vertex -2.03926 -28.184 55.5524
    endloop
  endfacet
  facet normal 0.999391 -1.75481e-05 0.0348989
    outer loop
      vertex -1.98653 -28.352 54.0423
      vertex -2.03926 -28.184 55.5524
      vertex -2.04624 -28.352 55.7522
    endloop
  endfacet
  facet normal 0.999391 0 0.0348972
    outer loop
      vertex -2.0253 -27.848 55.1526
      vertex -1.98653 -28.352 54.0423
      vertex -1.98653 -27.38 54.0423
    endloop
  endfacet
  facet normal 0.99939 0 0.0349112
    outer loop
      vertex -1.93883 -28.016 52.6765
      vertex -1.959 -27.38 53.2539
      vertex -1.959 -27.848 53.2539
    endloop
  endfacet
  facet normal 0.999391 5.30857e-06 0.0349086
    outer loop
      vertex -1.959 -27.38 53.2539
      vertex -1.93185 -27.848 52.4767
      vertex -1.92487 -27.38 52.2768
    endloop
  endfacet
  facet normal 0.999391 0 0.0348962
    outer loop
      vertex -1.92487 -27.38 52.2768
      vertex -1.93185 -27.848 52.4767
      vertex -1.92487 -27.848 52.2768
    endloop
  endfacet
  facet normal 0.999391 -0 0.0348962
    outer loop
      vertex -1.96598 -28.016 53.4538
      vertex -1.959 -27.848 53.2539
      vertex -1.96598 -27.848 53.4538
    endloop
  endfacet
  facet normal 0.999391 1.32475e-05 0.0349073
    outer loop
      vertex -1.95279 -28.352 53.0763
      vertex -1.959 -27.848 53.2539
      vertex -1.96598 -28.016 53.4538
    endloop
  endfacet
  facet normal 0.99939 -1.27557e-06 0.0349126
    outer loop
      vertex -1.959 -27.38 53.2539
      vertex -1.93883 -28.016 52.6765
      vertex -1.93185 -27.848 52.4767
    endloop
  endfacet
  facet normal 0.99939 0 0.0349136
    outer loop
      vertex -1.93185 -27.848 52.4767
      vertex -1.93883 -28.016 52.6765
      vertex -1.93185 -28.016 52.4767
    endloop
  endfacet
  facet normal 0.999391 -0 0.0348962
    outer loop
      vertex -1.97296 -28.184 53.6537
      vertex -1.96598 -28.016 53.4538
      vertex -1.97296 -28.016 53.6537
    endloop
  endfacet
  facet normal 0.999391 1.32475e-05 0.0349073
    outer loop
      vertex -1.96598 -28.016 53.4538
      vertex -1.97296 -28.184 53.6537
      vertex -1.95279 -28.352 53.0763
    endloop
  endfacet
  facet normal 0.999391 1.32475e-05 0.0349073
    outer loop
      vertex -1.959 -27.848 53.2539
      vertex -1.94581 -28.184 52.8764
      vertex -1.93883 -28.016 52.6765
    endloop
  endfacet
  facet normal 0.999391 0 0.0348962
    outer loop
      vertex -1.93883 -28.016 52.6765
      vertex -1.94581 -28.184 52.8764
      vertex -1.93883 -28.184 52.6765
    endloop
  endfacet
  facet normal 0.99939 -0 0.0349136
    outer loop
      vertex -1.97994 -28.352 53.8535
      vertex -1.97296 -28.184 53.6537
      vertex -1.97994 -28.184 53.8535
    endloop
  endfacet
  facet normal 0.99939 -1.7414e-06 0.0349122
    outer loop
      vertex -1.95279 -28.52 53.0763
      vertex -1.97296 -28.184 53.6537
      vertex -1.97994 -28.352 53.8535
    endloop
  endfacet
  facet normal 0.999391 1.32475e-05 0.0349073
    outer loop
      vertex -1.959 -27.848 53.2539
      vertex -1.95279 -28.352 53.0763
      vertex -1.94581 -28.184 52.8764
    endloop
  endfacet
  facet normal 0.999391 0 0.0348962
    outer loop
      vertex -1.94581 -28.184 52.8764
      vertex -1.95279 -28.352 53.0763
      vertex -1.94581 -28.352 52.8764
    endloop
  endfacet
  facet normal 0.999391 -0 0.0348962
    outer loop
      vertex -2.05322 -28.52 55.9521
      vertex -2.04624 -28.352 55.7522
      vertex -2.05322 -28.352 55.9521
    endloop
  endfacet
  facet normal 0.999391 3.22504e-06 0.0348989
    outer loop
      vertex -2.04624 -28.352 55.7522
      vertex -2.05322 -28.52 55.9521
      vertex -1.98653 -28.352 54.0423
    endloop
  endfacet
  facet normal 0.999391 2.91915e-05 0.0349012
    outer loop
      vertex -1.95279 -28.52 53.0763
      vertex -1.98653 -28.352 54.0423
      vertex -2.05322 -28.52 55.9521
    endloop
  endfacet
  facet normal 0.999391 0.000131452 0.0348834
    outer loop
      vertex -1.98653 -28.352 54.0423
      vertex -1.95279 -28.52 53.0763
      vertex -1.97994 -28.352 53.8535
    endloop
  endfacet
  facet normal 0.99939 0 0.0349112
    outer loop
      vertex -1.97296 -28.184 53.6537
      vertex -1.95279 -28.52 53.0763
      vertex -1.95279 -28.352 53.0763
    endloop
  endfacet
  facet normal 0.00607246 0 -0.999982
    outer loop
      vertex -1.54784 -27.848 55.1693
      vertex -1.48197 -27.38 55.1697
      vertex -1.48197 -27.848 55.1697
    endloop
  endfacet
  facet normal 0.00607246 0 -0.999982
    outer loop
      vertex -1.48197 -27.38 55.1697
      vertex -1.54784 -27.848 55.1693
      vertex -1.54784 -27.38 55.1693
    endloop
  endfacet
  facet normal -0.0583798 0 -0.998294
    outer loop
      vertex -1.48197 -27.848 55.1697
      vertex -1.42041 -27.38 55.1661
      vertex -1.42041 -27.848 55.1661
    endloop
  endfacet
  facet normal -0.0583798 0 -0.998294
    outer loop
      vertex -1.42041 -27.38 55.1661
      vertex -1.48197 -27.848 55.1697
      vertex -1.48197 -27.38 55.1697
    endloop
  endfacet
  facet normal -0.131529 0 -0.991312
    outer loop
      vertex -1.42041 -27.848 55.1661
      vertex -1.36313 -27.38 55.1585
      vertex -1.36313 -27.848 55.1585
    endloop
  endfacet
  facet normal -0.131529 0 -0.991312
    outer loop
      vertex -1.36313 -27.38 55.1585
      vertex -1.42041 -27.848 55.1661
      vertex -1.42041 -27.38 55.1661
    endloop
  endfacet
  facet normal -0.212047 0 -0.977259
    outer loop
      vertex -1.36313 -27.848 55.1585
      vertex -1.31013 -27.38 55.147
      vertex -1.31013 -27.848 55.147
    endloop
  endfacet
  facet normal -0.212047 0 -0.977259
    outer loop
      vertex -1.31013 -27.38 55.147
      vertex -1.36313 -27.848 55.1585
      vertex -1.36313 -27.38 55.1585
    endloop
  endfacet
  facet normal -0.303284 0 -0.9529
    outer loop
      vertex -1.31013 -27.848 55.147
      vertex -1.26143 -27.38 55.1315
      vertex -1.26143 -27.848 55.1315
    endloop
  endfacet
  facet normal -0.303284 0 -0.9529
    outer loop
      vertex -1.26143 -27.38 55.1315
      vertex -1.31013 -27.848 55.147
      vertex -1.31013 -27.38 55.147
    endloop
  endfacet
  facet normal -0.402192 0 -0.915555
    outer loop
      vertex -1.26143 -27.848 55.1315
      vertex -1.21704 -27.38 55.112
      vertex -1.21704 -27.848 55.112
    endloop
  endfacet
  facet normal -0.402192 0 -0.915555
    outer loop
      vertex -1.21704 -27.38 55.112
      vertex -1.26143 -27.848 55.1315
      vertex -1.26143 -27.38 55.1315
    endloop
  endfacet
  facet normal -0.503817 0 -0.86381
    outer loop
      vertex -1.21704 -27.848 55.112
      vertex -1.17692 -27.38 55.0886
      vertex -1.17692 -27.848 55.0886
    endloop
  endfacet
  facet normal -0.503817 0 -0.86381
    outer loop
      vertex -1.17692 -27.38 55.0886
      vertex -1.21704 -27.848 55.112
      vertex -1.21704 -27.38 55.112
    endloop
  endfacet
  facet normal -0.607458 0 -0.794352
    outer loop
      vertex -1.17692 -27.848 55.0886
      vertex -1.14109 -27.38 55.0612
      vertex -1.14109 -27.848 55.0612
    endloop
  endfacet
  facet normal -0.607458 0 -0.794352
    outer loop
      vertex -1.14109 -27.38 55.0612
      vertex -1.17692 -27.848 55.0886
      vertex -1.17692 -27.38 55.0886
    endloop
  endfacet
  facet normal -0.698126 0 -0.715975
    outer loop
      vertex -1.14109 -27.848 55.0612
      vertex -1.1094 -27.38 55.0303
      vertex -1.1094 -27.848 55.0303
    endloop
  endfacet
  facet normal -0.698126 0 -0.715975
    outer loop
      vertex -1.1094 -27.38 55.0303
      vertex -1.14109 -27.848 55.0612
      vertex -1.14109 -27.38 55.0612
    endloop
  endfacet
  facet normal -0.773335 0 -0.633997
    outer loop
      vertex -1.08169 -27.848 54.9965
      vertex -1.1094 -27.38 55.0303
      vertex -1.08169 -27.38 54.9965
    endloop
  endfacet
  facet normal -0.773335 -0 -0.633997
    outer loop
      vertex -1.1094 -27.38 55.0303
      vertex -1.08169 -27.848 54.9965
      vertex -1.1094 -27.848 55.0303
    endloop
  endfacet
  facet normal -0.838967 0 -0.544182
    outer loop
      vertex -1.05795 -27.848 54.9599
      vertex -1.08169 -27.38 54.9965
      vertex -1.05795 -27.38 54.9599
    endloop
  endfacet
  facet normal -0.838967 -0 -0.544182
    outer loop
      vertex -1.08169 -27.38 54.9965
      vertex -1.05795 -27.848 54.9599
      vertex -1.08169 -27.848 54.9965
    endloop
  endfacet
  facet normal -0.894879 0 -0.446309
    outer loop
      vertex -1.0382 -27.848 54.9203
      vertex -1.05795 -27.38 54.9599
      vertex -1.0382 -27.38 54.9203
    endloop
  endfacet
  facet normal -0.894879 -0 -0.446309
    outer loop
      vertex -1.05795 -27.38 54.9599
      vertex -1.0382 -27.848 54.9203
      vertex -1.05795 -27.848 54.9599
    endloop
  endfacet
  facet normal -0.937733 0 -0.347357
    outer loop
      vertex -1.02242 -27.848 54.8777
      vertex -1.0382 -27.38 54.9203
      vertex -1.02242 -27.38 54.8777
    endloop
  endfacet
  facet normal -0.937733 -0 -0.347357
    outer loop
      vertex -1.0382 -27.38 54.9203
      vertex -1.02242 -27.848 54.8777
      vertex -1.0382 -27.848 54.9203
    endloop
  endfacet
  facet normal -0.967895 0 -0.251354
    outer loop
      vertex -1.01063 -27.848 54.8323
      vertex -1.02242 -27.38 54.8777
      vertex -1.01063 -27.38 54.8323
    endloop
  endfacet
  facet normal -0.967895 -0 -0.251354
    outer loop
      vertex -1.02242 -27.38 54.8777
      vertex -1.01063 -27.848 54.8323
      vertex -1.02242 -27.848 54.8777
    endloop
  endfacet
  facet normal -0.98723 0 -0.159303
    outer loop
      vertex -1.00282 -27.38 54.7839
      vertex -1.01063 -27.848 54.8323
      vertex -1.01063 -27.38 54.8323
    endloop
  endfacet
  facet normal -0.98723 0 -0.159303
    outer loop
      vertex -1.00282 -28.52 54.7839
      vertex -1.01063 -27.848 54.8323
      vertex -1.00282 -27.38 54.7839
    endloop
  endfacet
  facet normal -0.98723 -0 -0.159303
    outer loop
      vertex -1.01063 -27.848 54.8323
      vertex -1.00282 -28.52 54.7839
      vertex -1.01063 -28.52 54.8323
    endloop
  endfacet
  facet normal -0.997209 0 -0.0746544
    outer loop
      vertex -0.998987 -28.52 54.7327
      vertex -1.00282 -27.38 54.7839
      vertex -0.998987 -27.38 54.7327
    endloop
  endfacet
  facet normal -0.997209 -0 -0.0746544
    outer loop
      vertex -1.00282 -27.38 54.7839
      vertex -0.998987 -28.52 54.7327
      vertex -1.00282 -28.52 54.7839
    endloop
  endfacet
  facet normal -0.999988 0 0.00485431
    outer loop
      vertex -0.999237 -28.52 54.6812
      vertex -0.998987 -27.38 54.7327
      vertex -0.999237 -27.38 54.6812
    endloop
  endfacet
  facet normal -0.999988 0 0.00485431
    outer loop
      vertex -0.998987 -27.38 54.7327
      vertex -0.999237 -28.52 54.6812
      vertex -0.998987 -28.52 54.7327
    endloop
  endfacet
  facet normal -0.995936 0 0.0900628
    outer loop
      vertex -1.00365 -28.52 54.6324
      vertex -0.999237 -27.38 54.6812
      vertex -1.00365 -27.38 54.6324
    endloop
  endfacet
  facet normal -0.995936 0 0.0900628
    outer loop
      vertex -0.999237 -27.38 54.6812
      vertex -1.00365 -28.52 54.6324
      vertex -0.999237 -28.52 54.6812
    endloop
  endfacet
  facet normal -0.987187 0 -0.159565
    outer loop
      vertex -0.995843 -28.52 54.5841
      vertex -1.00365 -27.38 54.6324
      vertex -0.995843 -27.38 54.5841
    endloop
  endfacet
  facet normal -0.987187 -0 -0.159565
    outer loop
      vertex -1.00365 -27.38 54.6324
      vertex -0.995843 -28.52 54.5841
      vertex -1.00365 -28.52 54.6324
    endloop
  endfacet
  facet normal -0.997216 0 -0.0745676
    outer loop
      vertex -0.992007 -28.52 54.5328
      vertex -0.995843 -27.38 54.5841
      vertex -0.992007 -27.38 54.5328
    endloop
  endfacet
  facet normal -0.997216 -0 -0.0745676
    outer loop
      vertex -0.995843 -27.38 54.5841
      vertex -0.992007 -28.52 54.5328
      vertex -0.995843 -28.52 54.5841
    endloop
  endfacet
  facet normal -0.999988 0 0.00485431
    outer loop
      vertex -0.992257 -28.52 54.4813
      vertex -0.992007 -27.38 54.5328
      vertex -0.992257 -27.38 54.4813
    endloop
  endfacet
  facet normal -0.999988 0 0.00485431
    outer loop
      vertex -0.992007 -27.38 54.5328
      vertex -0.992257 -28.52 54.4813
      vertex -0.992007 -28.52 54.5328
    endloop
  endfacet
  facet normal -0.99591 0 0.0903477
    outer loop
      vertex -0.996675 -28.52 54.4326
      vertex -0.992257 -27.38 54.4813
      vertex -0.996675 -27.38 54.4326
    endloop
  endfacet
  facet normal -0.99591 0 0.0903477
    outer loop
      vertex -0.992257 -27.38 54.4813
      vertex -0.996675 -28.52 54.4326
      vertex -0.992257 -28.52 54.4813
    endloop
  endfacet
  facet normal -0.98317 0 0.182695
    outer loop
      vertex -1.00526 -28.52 54.3864
      vertex -0.996675 -27.38 54.4326
      vertex -1.00526 -27.38 54.3864
    endloop
  endfacet
  facet normal -0.98317 0 0.182695
    outer loop
      vertex -0.996675 -27.38 54.4326
      vertex -1.00526 -28.52 54.3864
      vertex -0.996675 -28.52 54.4326
    endloop
  endfacet
  facet normal -0.959509 0 0.281677
    outer loop
      vertex -1.01803 -28.52 54.3429
      vertex -1.00526 -27.38 54.3864
      vertex -1.01803 -27.38 54.3429
    endloop
  endfacet
  facet normal -0.959509 0 0.281677
    outer loop
      vertex -1.00526 -27.38 54.3864
      vertex -1.01803 -28.52 54.3429
      vertex -1.00526 -28.52 54.3864
    endloop
  endfacet
  facet normal -0.92389 0 0.382658
    outer loop
      vertex -1.03497 -28.52 54.302
      vertex -1.01803 -27.38 54.3429
      vertex -1.03497 -27.38 54.302
    endloop
  endfacet
  facet normal -0.92389 0 0.382658
    outer loop
      vertex -1.01803 -27.38 54.3429
      vertex -1.03497 -28.52 54.302
      vertex -1.01803 -28.52 54.3429
    endloop
  endfacet
  facet normal -0.875588 0 0.483059
    outer loop
      vertex -1.0561 -28.52 54.2637
      vertex -1.03497 -27.38 54.302
      vertex -1.0561 -27.38 54.2637
    endloop
  endfacet
  facet normal -0.875588 0 0.483059
    outer loop
      vertex -1.03497 -27.38 54.302
      vertex -1.0561 -28.52 54.2637
      vertex -1.03497 -28.52 54.302
    endloop
  endfacet
  facet normal -0.815232 0 0.579135
    outer loop
      vertex -1.08139 -28.52 54.2281
      vertex -1.0561 -27.38 54.2637
      vertex -1.08139 -27.38 54.2281
    endloop
  endfacet
  facet normal -0.815232 0 0.579135
    outer loop
      vertex -1.0561 -27.38 54.2637
      vertex -1.08139 -28.52 54.2281
      vertex -1.0561 -28.52 54.2637
    endloop
  endfacet
  facet normal -0.745986 0 0.665962
    outer loop
      vertex -1.11085 -28.52 54.1951
      vertex -1.08139 -27.38 54.2281
      vertex -1.11085 -27.38 54.1951
    endloop
  endfacet
  facet normal -0.745986 0 0.665962
    outer loop
      vertex -1.08139 -27.38 54.2281
      vertex -1.11085 -28.52 54.1951
      vertex -1.08139 -28.52 54.2281
    endloop
  endfacet
  facet normal -0.660998 0 0.750388
    outer loop
      vertex -1.14468 -27.38 54.1653
      vertex -1.11085 -28.52 54.1951
      vertex -1.11085 -27.38 54.1951
    endloop
  endfacet
  facet normal -0.660998 0 0.750388
    outer loop
      vertex -1.11085 -28.52 54.1951
      vertex -1.14468 -27.38 54.1653
      vertex -1.14468 -28.52 54.1653
    endloop
  endfacet
  facet normal -0.563804 0 0.825909
    outer loop
      vertex -1.18306 -27.38 54.1391
      vertex -1.14468 -28.52 54.1653
      vertex -1.14468 -27.38 54.1653
    endloop
  endfacet
  facet normal -0.563804 0 0.825909
    outer loop
      vertex -1.14468 -28.52 54.1653
      vertex -1.18306 -27.38 54.1391
      vertex -1.18306 -28.52 54.1391
    endloop
  endfacet
  facet normal -0.464215 0 0.885722
    outer loop
      vertex -1.22599 -27.38 54.1166
      vertex -1.18306 -28.52 54.1391
      vertex -1.18306 -27.38 54.1391
    endloop
  endfacet
  facet normal -0.464215 0 0.885722
    outer loop
      vertex -1.18306 -28.52 54.1391
      vertex -1.22599 -27.38 54.1166
      vertex -1.22599 -28.52 54.1166
    endloop
  endfacet
  facet normal -0.369704 0 0.92915
    outer loop
      vertex -1.27349 -27.38 54.0977
      vertex -1.22599 -28.52 54.1166
      vertex -1.22599 -27.38 54.1166
    endloop
  endfacet
  facet normal -0.369704 0 0.92915
    outer loop
      vertex -1.22599 -28.52 54.1166
      vertex -1.27349 -27.38 54.0977
      vertex -1.27349 -28.52 54.0977
    endloop
  endfacet
  facet normal -0.280219 0 0.959936
    outer loop
      vertex -1.32556 -27.38 54.0825
      vertex -1.27349 -28.52 54.0977
      vertex -1.27349 -27.38 54.0977
    endloop
  endfacet
  facet normal -0.280219 0 0.959936
    outer loop
      vertex -1.27349 -28.52 54.0977
      vertex -1.32556 -27.38 54.0825
      vertex -1.32556 -28.52 54.0825
    endloop
  endfacet
  facet normal -0.199112 0 0.979977
    outer loop
      vertex -1.38216 -27.38 54.071
      vertex -1.32556 -28.52 54.0825
      vertex -1.32556 -27.38 54.0825
    endloop
  endfacet
  facet normal -0.199112 0 0.979977
    outer loop
      vertex -1.32556 -28.52 54.0825
      vertex -1.38216 -27.38 54.071
      vertex -1.38216 -28.52 54.071
    endloop
  endfacet
  facet normal -0.128085 0 0.991763
    outer loop
      vertex -1.44333 -27.38 54.0631
      vertex -1.38216 -28.52 54.071
      vertex -1.38216 -27.38 54.071
    endloop
  endfacet
  facet normal -0.128085 0 0.991763
    outer loop
      vertex -1.38216 -28.52 54.071
      vertex -1.44333 -27.38 54.0631
      vertex -1.44333 -28.52 54.0631
    endloop
  endfacet
  facet normal -0.0637677 0 0.997965
    outer loop
      vertex -1.50906 -27.38 54.0589
      vertex -1.44333 -28.52 54.0631
      vertex -1.44333 -27.38 54.0631
    endloop
  endfacet
  facet normal -0.0637677 0 0.997965
    outer loop
      vertex -1.44333 -28.52 54.0631
      vertex -1.50906 -27.38 54.0589
      vertex -1.50906 -28.52 54.0589
    endloop
  endfacet
  facet normal -0.0344836 0 0.999405
    outer loop
      vertex -1.50906 -27.38 54.0589
      vertex -1.62209 -28.352 54.055
      vertex -1.50906 -28.52 54.0589
    endloop
  endfacet
  facet normal -0.0347456 3.0503e-05 0.999396
    outer loop
      vertex -1.98653 -27.38 54.0423
      vertex -1.62209 -28.352 54.055
      vertex -1.50906 -27.38 54.0589
    endloop
  endfacet
  facet normal -0.0348268 0 0.999393
    outer loop
      vertex -1.62209 -28.352 54.055
      vertex -1.98653 -27.38 54.0423
      vertex -1.98653 -28.352 54.0423
    endloop
  endfacet
  facet normal -0.0344836 0 0.999405
    outer loop
      vertex -1.50906 -28.52 54.0589
      vertex -1.62209 -28.352 54.055
      vertex -1.62209 -28.52 54.055
    endloop
  endfacet
  facet normal 0.0349554 0 -0.999389
    outer loop
      vertex -2.0253 -27.848 55.1526
      vertex -1.54784 -27.38 55.1693
      vertex -1.54784 -27.848 55.1693
    endloop
  endfacet
  facet normal 0.0349554 0 -0.999389
    outer loop
      vertex -1.54784 -27.38 55.1693
      vertex -2.0253 -27.848 55.1526
      vertex -2.0253 -27.38 55.1526
    endloop
  endfacet
  facet normal 0 1 0
    outer loop
      vertex 0.310347 -27.838 54.7772
      vertex 0.310346 -27.838 54.7771
      vertex 0.288936 -27.838 54.8989
    endloop
  endfacet
  facet normal 0 -1 0
    outer loop
      vertex -1.97296 -28.016 53.6537
      vertex -1.96598 -28.016 53.4538
      vertex -1.60908 -28.016 53.4663
    endloop
  endfacet
  facet normal 0 -1 0
    outer loop
      vertex -1.60908 -28.016 53.4663
      vertex -1.61606 -28.016 53.6661
      vertex -1.97296 -28.016 53.6537
    endloop
  endfacet
  facet normal 0 -1 0
    outer loop
      vertex -1.60908 -28.016 53.4663
      vertex -0.922867 -28.016 52.712
      vertex -1.61606 -28.016 53.6661
    endloop
  endfacet
  facet normal 0 -1 -0
    outer loop
      vertex 0.0670322 -28.016 52.7466
      vertex -0.915887 -28.016 52.5121
      vertex 0.210395 -28.016 52.5515
    endloop
  endfacet
  facet normal 0 -1 0
    outer loop
      vertex -0.915887 -28.016 52.5121
      vertex -0.922867 -28.016 52.712
      vertex -1.60908 -28.016 53.4663
    endloop
  endfacet
  facet normal 0 -1 0
    outer loop
      vertex -0.915887 -28.016 52.5121
      vertex 0.0670322 -28.016 52.7466
      vertex -0.922867 -28.016 52.712
    endloop
  endfacet
  facet normal 0 -1 0
    outer loop
      vertex -3.24909 -28.016 52.6308
      vertex -1.93185 -28.016 52.4767
      vertex -1.93883 -28.016 52.6765
    endloop
  endfacet
  facet normal -0 -1 0
    outer loop
      vertex -1.93185 -28.016 52.4767
      vertex -3.24909 -28.016 52.6308
      vertex -3.24211 -28.016 52.4309
    endloop
  endfacet
  facet normal 0 -1 0
    outer loop
      vertex -1.55482 -28.016 55.3692
      vertex -1.49593 -28.016 55.5694
      vertex -1.5618 -28.016 55.569
    endloop
  endfacet
  facet normal 0 -1 0
    outer loop
      vertex -1.49593 -28.016 55.5694
      vertex -1.48895 -28.016 55.3695
      vertex -1.43437 -28.016 55.5658
    endloop
  endfacet
  facet normal 0 -1 0
    outer loop
      vertex -1.55482 -28.016 55.3692
      vertex -1.5618 -28.016 55.569
      vertex -2.03926 -28.016 55.5524
    endloop
  endfacet
  facet normal 0 -1 -0
    outer loop
      vertex -1.49593 -28.016 55.5694
      vertex -1.55482 -28.016 55.3692
      vertex -1.48895 -28.016 55.3695
    endloop
  endfacet
  facet normal 0 -1 0
    outer loop
      vertex -1.42739 -28.016 55.366
      vertex -1.43437 -28.016 55.5658
      vertex -1.48895 -28.016 55.3695
    endloop
  endfacet
  facet normal 0 -1 0
    outer loop
      vertex -1.43437 -28.016 55.5658
      vertex -1.42739 -28.016 55.366
      vertex -1.37709 -28.016 55.5583
    endloop
  endfacet
  facet normal 0 -1 0
    outer loop
      vertex -1.37011 -28.016 55.3584
      vertex -1.37709 -28.016 55.5583
      vertex -1.42739 -28.016 55.366
    endloop
  endfacet
  facet normal 0 -1 0
    outer loop
      vertex -1.37709 -28.016 55.5583
      vertex -1.37011 -28.016 55.3584
      vertex -1.32409 -28.016 55.5468
    endloop
  endfacet
  facet normal 0 -1 0
    outer loop
      vertex -1.31711 -28.016 55.3469
      vertex -1.27539 -28.016 55.5312
      vertex -1.37011 -28.016 55.3584
    endloop
  endfacet
  facet normal 0 -1 -0
    outer loop
      vertex -1.27539 -28.016 55.5312
      vertex -1.31711 -28.016 55.3469
      vertex -1.231 -28.016 55.5118
    endloop
  endfacet
  facet normal 0 -1 0
    outer loop
      vertex -1.26841 -28.016 55.3314
      vertex -1.231 -28.016 55.5118
      vertex -1.31711 -28.016 55.3469
    endloop
  endfacet
  facet normal 0 -1 -0
    outer loop
      vertex -1.32409 -28.016 55.5468
      vertex -1.37011 -28.016 55.3584
      vertex -1.27539 -28.016 55.5312
    endloop
  endfacet
  facet normal -0 -1 0
    outer loop
      vertex -1.55482 -28.016 55.3692
      vertex -2.03926 -28.016 55.5524
      vertex -2.03228 -28.016 55.3525
    endloop
  endfacet
  facet normal 0 -1 -0
    outer loop
      vertex -1.231 -28.016 55.5118
      vertex -1.26841 -28.016 55.3314
      vertex -1.19088 -28.016 55.4883
    endloop
  endfacet
  facet normal 0 -1 -0
    outer loop
      vertex -1.19088 -28.016 55.4883
      vertex -1.26841 -28.016 55.3314
      vertex -1.15505 -28.016 55.4609
    endloop
  endfacet
  facet normal 0 -1 0
    outer loop
      vertex -1.22402 -28.016 55.3119
      vertex -1.15505 -28.016 55.4609
      vertex -1.26841 -28.016 55.3314
    endloop
  endfacet
  facet normal 0 -1 -0
    outer loop
      vertex -1.15505 -28.016 55.4609
      vertex -1.22402 -28.016 55.3119
      vertex -1.12336 -28.016 55.4301
    endloop
  endfacet
  facet normal 0 -1 -0
    outer loop
      vertex -1.12336 -28.016 55.4301
      vertex -1.22402 -28.016 55.3119
      vertex -1.09565 -28.016 55.3963
    endloop
  endfacet
  facet normal 0 -1 0
    outer loop
      vertex -1.1839 -28.016 55.2885
      vertex -1.09565 -28.016 55.3963
      vertex -1.22402 -28.016 55.3119
    endloop
  endfacet
  facet normal 0 -1 -0
    outer loop
      vertex -1.09565 -28.016 55.3963
      vertex -1.1839 -28.016 55.2885
      vertex -1.07191 -28.016 55.3596
    endloop
  endfacet
  facet normal 0 -1 0
    outer loop
      vertex -1.14807 -28.016 55.261
      vertex -1.07191 -28.016 55.3596
      vertex -1.1839 -28.016 55.2885
    endloop
  endfacet
  facet normal 0 -1 -0
    outer loop
      vertex -1.07191 -28.016 55.3596
      vertex -1.14807 -28.016 55.261
      vertex -1.05216 -28.016 55.32
    endloop
  endfacet
  facet normal 0 -1 0
    outer loop
      vertex -1.11638 -28.016 55.2302
      vertex -1.05216 -28.016 55.32
      vertex -1.14807 -28.016 55.261
    endloop
  endfacet
  facet normal 0 -1 -0
    outer loop
      vertex -1.05216 -28.016 55.32
      vertex -1.11638 -28.016 55.2302
      vertex -1.03638 -28.016 55.2775
    endloop
  endfacet
  facet normal 0 -1 -0
    outer loop
      vertex -1.03638 -28.016 55.2775
      vertex -1.11638 -28.016 55.2302
      vertex -1.02459 -28.016 55.232
    endloop
  endfacet
  facet normal 0 -1 0
    outer loop
      vertex -1.08867 -28.016 55.1964
      vertex -1.02459 -28.016 55.232
      vertex -1.11638 -28.016 55.2302
    endloop
  endfacet
  facet normal 0 -1 0
    outer loop
      vertex -1.08867 -28.016 55.1964
      vertex -1.01678 -28.016 55.1837
      vertex -1.02459 -28.016 55.232
    endloop
  endfacet
  facet normal 0 -1 0
    outer loop
      vertex -1.06493 -28.016 55.1597
      vertex -1.01678 -28.016 55.1837
      vertex -1.08867 -28.016 55.1964
    endloop
  endfacet
  facet normal 0 -1 0
    outer loop
      vertex -1.06493 -28.016 55.1597
      vertex -1.01295 -28.016 55.1324
      vertex -1.01678 -28.016 55.1837
    endloop
  endfacet
  facet normal 0 -1 0
    outer loop
      vertex -1.04518 -28.016 55.1201
      vertex -1.01295 -28.016 55.1324
      vertex -1.06493 -28.016 55.1597
    endloop
  endfacet
  facet normal 0 -1 0
    outer loop
      vertex -1.04518 -28.016 55.1201
      vertex -1.0132 -28.016 55.081
      vertex -1.01295 -28.016 55.1324
    endloop
  endfacet
  facet normal 0 -1 0
    outer loop
      vertex -1.0294 -28.016 55.0776
      vertex -1.0132 -28.016 55.081
      vertex -1.04518 -28.016 55.1201
    endloop
  endfacet
  facet normal 0 -1 0
    outer loop
      vertex -1.0132 -28.016 55.081
      vertex -1.0294 -28.016 55.0776
      vertex -1.01761 -28.016 55.0322
    endloop
  endfacet
  facet normal 0 -1 0
    outer loop
      vertex 0.289073 -28.016 54.8577
      vertex 0.310347 -28.016 54.7772
      vertex 0.292077 -28.016 54.881
    endloop
  endfacet
  facet normal 0 -1 0
    outer loop
      vertex 0.26884 -28.016 54.7582
      vertex 0.310347 -28.016 54.7772
      vertex 0.289073 -28.016 54.8577
    endloop
  endfacet
  facet normal 0 -1 0
    outer loop
      vertex 0.310347 -28.016 54.7772
      vertex 0.26884 -28.016 54.7582
      vertex 0.309379 -28.016 54.7611
    endloop
  endfacet
  facet normal 0 -1 0
    outer loop
      vertex 0.296053 -28.016 54.6579
      vertex 0.26884 -28.016 54.7582
      vertex 0.241715 -28.016 54.6622
    endloop
  endfacet
  facet normal 0 -1 0
    outer loop
      vertex 0.26884 -28.016 54.7582
      vertex 0.296053 -28.016 54.6579
      vertex 0.309379 -28.016 54.7611
    endloop
  endfacet
  facet normal 0 -1 0
    outer loop
      vertex 0.27582 -28.016 54.5583
      vertex 0.241715 -28.016 54.6622
      vertex 0.207666 -28.016 54.57
    endloop
  endfacet
  facet normal 0 -1 0
    outer loop
      vertex 0.241715 -28.016 54.6622
      vertex 0.27582 -28.016 54.5583
      vertex 0.296053 -28.016 54.6579
    endloop
  endfacet
  facet normal 0 -1 0
    outer loop
      vertex 0.248694 -28.016 54.4624
      vertex 0.207666 -28.016 54.57
      vertex 0.166727 -28.016 54.4814
    endloop
  endfacet
  facet normal 0 -1 0
    outer loop
      vertex 0.207666 -28.016 54.57
      vertex 0.248694 -28.016 54.4624
      vertex 0.27582 -28.016 54.5583
    endloop
  endfacet
  facet normal 0 -1 0
    outer loop
      vertex 0.214646 -28.016 54.3701
      vertex 0.166727 -28.016 54.4814
      vertex 0.118896 -28.016 54.3965
    endloop
  endfacet
  facet normal 0 -1 0
    outer loop
      vertex 0.166727 -28.016 54.4814
      vertex 0.214646 -28.016 54.3701
      vertex 0.248694 -28.016 54.4624
    endloop
  endfacet
  facet normal 0 -1 0
    outer loop
      vertex 0.173707 -28.016 54.2815
      vertex 0.118896 -28.016 54.3965
      vertex 0.0646906 -28.016 54.3157
    endloop
  endfacet
  facet normal 0 -1 0
    outer loop
      vertex 0.118896 -28.016 54.3965
      vertex 0.173707 -28.016 54.2815
      vertex 0.214646 -28.016 54.3701
    endloop
  endfacet
  facet normal 0 -1 0
    outer loop
      vertex 0.125876 -28.016 54.1966
      vertex 0.0646906 -28.016 54.3157
      vertex 0.00469207 -28.016 54.2395
    endloop
  endfacet
  facet normal 0 -1 0
    outer loop
      vertex 0.0646906 -28.016 54.3157
      vertex 0.125876 -28.016 54.1966
      vertex 0.173707 -28.016 54.2815
    endloop
  endfacet
  facet normal 0 -1 0
    outer loop
      vertex 0.0716704 -28.016 54.1158
      vertex 0.00469207 -28.016 54.2395
      vertex -0.0611002 -28.016 54.1678
    endloop
  endfacet
  facet normal 0 -1 0
    outer loop
      vertex 0.00469207 -28.016 54.2395
      vertex 0.0716704 -28.016 54.1158
      vertex 0.125876 -28.016 54.1966
    endloop
  endfacet
  facet normal 0 -1 0
    outer loop
      vertex 0.0116719 -28.016 54.0396
      vertex -0.0611002 -28.016 54.1678
      vertex -0.132701 -28.016 54.1007
    endloop
  endfacet
  facet normal 0 -1 0
    outer loop
      vertex -0.0611002 -28.016 54.1678
      vertex 0.0116719 -28.016 54.0396
      vertex 0.0716704 -28.016 54.1158
    endloop
  endfacet
  facet normal 0 -1 0
    outer loop
      vertex -0.0541209 -28.016 53.968
      vertex -0.132701 -28.016 54.1007
      vertex -0.210126 -28.016 54.0382
    endloop
  endfacet
  facet normal 0 -1 0
    outer loop
      vertex -0.125722 -28.016 53.9009
      vertex -0.210126 -28.016 54.0382
      vertex -0.293346 -28.016 53.9803
    endloop
  endfacet
  facet normal 0 -1 0
    outer loop
      vertex -0.132701 -28.016 54.1007
      vertex -0.0541209 -28.016 53.968
      vertex 0.0116719 -28.016 54.0396
    endloop
  endfacet
  facet normal 0 -1 0
    outer loop
      vertex -0.210126 -28.016 54.0382
      vertex -0.125722 -28.016 53.9009
      vertex -0.0541209 -28.016 53.968
    endloop
  endfacet
  facet normal 0 -1 0
    outer loop
      vertex -0.293346 -28.016 53.9803
      vertex -0.203147 -28.016 53.8384
      vertex -0.125722 -28.016 53.9009
    endloop
  endfacet
  facet normal 0 -1 0
    outer loop
      vertex -0.203147 -28.016 53.8384
      vertex -0.293346 -28.016 53.9803
      vertex -0.381163 -28.016 53.9277
    endloop
  endfacet
  facet normal 0 1 -0
    outer loop
      vertex -0.277497 -28.016 53.7866
      vertex -0.286366 -28.016 53.7805
      vertex -0.203147 -28.016 53.8384
    endloop
  endfacet
  facet normal 0 -1 0
    outer loop
      vertex -0.381163 -28.016 53.9277
      vertex -0.277497 -28.016 53.7866
      vertex -0.203147 -28.016 53.8384
    endloop
  endfacet
  facet normal 0 -1 0
    outer loop
      vertex -21.0786 -28.016 53.559
      vertex -21.0704 -28.016 53.5473
      vertex -21.0856 -28.016 53.7589
    endloop
  endfacet
  facet normal 0 -1 0
    outer loop
      vertex -21.0634 -28.016 53.3474
      vertex -21.0704 -28.016 53.5473
      vertex -21.0786 -28.016 53.559
    endloop
  endfacet
  facet normal 0 -1 0
    outer loop
      vertex -21.0704 -28.016 53.5473
      vertex -21.0634 -28.016 53.3474
      vertex -21.04 -28.016 53.3484
    endloop
  endfacet
  facet normal 0 -1 0
    outer loop
      vertex -21.0634 -28.016 53.3474
      vertex -20.9944 -28.016 53.1622
      vertex -21.04 -28.016 53.3484
    endloop
  endfacet
  facet normal 0 -1 0
    outer loop
      vertex -21.033 -28.016 53.1486
      vertex -20.9944 -28.016 53.1622
      vertex -21.0634 -28.016 53.3474
    endloop
  endfacet
  facet normal 0 -1 0
    outer loop
      vertex -21.033 -28.016 53.1486
      vertex -20.9336 -28.016 52.9888
      vertex -20.9944 -28.016 53.1622
    endloop
  endfacet
  facet normal 0 -1 0
    outer loop
      vertex -20.9874 -28.016 52.9624
      vertex -20.9336 -28.016 52.9888
      vertex -21.033 -28.016 53.1486
    endloop
  endfacet
  facet normal 0 -1 0
    outer loop
      vertex -20.9874 -28.016 52.9624
      vertex -20.8576 -28.016 52.8279
      vertex -20.9336 -28.016 52.9888
    endloop
  endfacet
  facet normal 0 -1 0
    outer loop
      vertex -20.9266 -28.016 52.7889
      vertex -20.8576 -28.016 52.8279
      vertex -20.9874 -28.016 52.9624
    endloop
  endfacet
  facet normal 0 -1 0
    outer loop
      vertex -20.9266 -28.016 52.7889
      vertex -20.7665 -28.016 52.6798
      vertex -20.8576 -28.016 52.8279
    endloop
  endfacet
  facet normal 0 -1 0
    outer loop
      vertex -20.8507 -28.016 52.6281
      vertex -20.7665 -28.016 52.6798
      vertex -20.9266 -28.016 52.7889
    endloop
  endfacet
  facet normal 0 -1 0
    outer loop
      vertex -20.7595 -28.016 52.48
      vertex -20.7665 -28.016 52.6798
      vertex -20.8507 -28.016 52.6281
    endloop
  endfacet
  facet normal 0 -1 0
    outer loop
      vertex -20.7665 -28.016 52.6798
      vertex -20.7595 -28.016 52.48
      vertex -20.6601 -28.016 52.5444
    endloop
  endfacet
  facet normal 0 -1 0
    outer loop
      vertex -20.6532 -28.016 52.3445
      vertex -20.6601 -28.016 52.5444
      vertex -20.7595 -28.016 52.48
    endloop
  endfacet
  facet normal 0 -1 0
    outer loop
      vertex -20.6601 -28.016 52.5444
      vertex -20.6532 -28.016 52.3445
      vertex -20.5386 -28.016 52.4217
    endloop
  endfacet
  facet normal 0 -1 0
    outer loop
      vertex -20.5316 -28.016 52.2218
      vertex -20.5386 -28.016 52.4217
      vertex -20.6532 -28.016 52.3445
    endloop
  endfacet
  facet normal 0 -1 0
    outer loop
      vertex -20.5386 -28.016 52.4217
      vertex -20.5316 -28.016 52.2218
      vertex -20.4036 -28.016 52.313
    endloop
  endfacet
  facet normal 0 -1 0
    outer loop
      vertex -20.3966 -28.016 52.1132
      vertex -20.4036 -28.016 52.313
      vertex -20.5316 -28.016 52.2218
    endloop
  endfacet
  facet normal 0 -1 0
    outer loop
      vertex -20.4036 -28.016 52.313
      vertex -20.3966 -28.016 52.1132
      vertex -20.2568 -28.016 52.2199
    endloop
  endfacet
  facet normal 0 -1 0
    outer loop
      vertex -20.2498 -28.016 52.0201
      vertex -20.2568 -28.016 52.2199
      vertex -20.3966 -28.016 52.1132
    endloop
  endfacet
  facet normal 0 -1 0
    outer loop
      vertex -20.2568 -28.016 52.2199
      vertex -20.2498 -28.016 52.0201
      vertex -20.0982 -28.016 52.1424
    endloop
  endfacet
  facet normal 0 -1 0
    outer loop
      vertex -20.0912 -28.016 51.9425
      vertex -20.0982 -28.016 52.1424
      vertex -20.2498 -28.016 52.0201
    endloop
  endfacet
  facet normal 0 -1 0
    outer loop
      vertex -20.0982 -28.016 52.1424
      vertex -20.0912 -28.016 51.9425
      vertex -19.9277 -28.016 52.0803
    endloop
  endfacet
  facet normal 0 -1 0
    outer loop
      vertex -19.9208 -28.016 51.8804
      vertex -19.9277 -28.016 52.0803
      vertex -20.0912 -28.016 51.9425
    endloop
  endfacet
  facet normal 0 -1 0
    outer loop
      vertex -19.9277 -28.016 52.0803
      vertex -19.9208 -28.016 51.8804
      vertex -19.7456 -28.016 52.0338
    endloop
  endfacet
  facet normal 0 -1 0
    outer loop
      vertex -19.7386 -28.016 51.8339
      vertex -19.7456 -28.016 52.0338
      vertex -19.9208 -28.016 51.8804
    endloop
  endfacet
  facet normal 0 -1 0
    outer loop
      vertex -17.2996 -28.016 53.679
      vertex -17.2923 -28.016 53.6912
      vertex -17.2992 -28.016 53.8911
    endloop
  endfacet
  facet normal 0 -1 0
    outer loop
      vertex -17.2996 -28.016 53.679
      vertex -17.2927 -28.016 53.4791
      vertex -17.2923 -28.016 53.6912
    endloop
  endfacet
  facet normal 0 -1 0
    outer loop
      vertex -17.3161 -28.016 53.4785
      vertex -17.2927 -28.016 53.4791
      vertex -17.2996 -28.016 53.679
    endloop
  endfacet
  facet normal 0 -1 0
    outer loop
      vertex -17.3486 -28.016 53.2896
      vertex -17.2927 -28.016 53.4791
      vertex -17.3161 -28.016 53.4785
    endloop
  endfacet
  facet normal 0 -1 0
    outer loop
      vertex -17.3486 -28.016 53.2896
      vertex -17.3091 -28.016 53.2786
      vertex -17.2927 -28.016 53.4791
    endloop
  endfacet
  facet normal 0 -1 0
    outer loop
      vertex -17.3971 -28.016 53.1123
      vertex -17.3091 -28.016 53.2786
      vertex -17.3486 -28.016 53.2896
    endloop
  endfacet
  facet normal 0 -1 0
    outer loop
      vertex -17.3971 -28.016 53.1123
      vertex -17.3416 -28.016 53.0897
      vertex -17.3091 -28.016 53.2786
    endloop
  endfacet
  facet normal 0 -1 0
    outer loop
      vertex -17.4617 -28.016 52.9465
      vertex -17.3416 -28.016 53.0897
      vertex -17.3971 -28.016 53.1123
    endloop
  endfacet
  facet normal 0 -1 0
    outer loop
      vertex -17.4617 -28.016 52.9465
      vertex -17.3901 -28.016 52.9124
      vertex -17.3416 -28.016 53.0897
    endloop
  endfacet
  facet normal 0 -1 0
    outer loop
      vertex -17.5423 -28.016 52.7924
      vertex -17.3901 -28.016 52.9124
      vertex -17.4617 -28.016 52.9465
    endloop
  endfacet
  facet normal 0 -1 0
    outer loop
      vertex -17.5423 -28.016 52.7924
      vertex -17.4547 -28.016 52.7467
      vertex -17.3901 -28.016 52.9124
    endloop
  endfacet
  facet normal 0 -1 0
    outer loop
      vertex -17.5353 -28.016 52.5926
      vertex -17.5423 -28.016 52.7924
      vertex -17.6389 -28.016 52.6499
    endloop
  endfacet
  facet normal 0 -1 0
    outer loop
      vertex -17.5423 -28.016 52.7924
      vertex -17.5353 -28.016 52.5926
      vertex -17.4547 -28.016 52.7467
    endloop
  endfacet
  facet normal 0 -1 0
    outer loop
      vertex -17.6319 -28.016 52.45
      vertex -17.6389 -28.016 52.6499
      vertex -17.7516 -28.016 52.519
    endloop
  endfacet
  facet normal 0 -1 0
    outer loop
      vertex -17.6389 -28.016 52.6499
      vertex -17.6319 -28.016 52.45
      vertex -17.5353 -28.016 52.5926
    endloop
  endfacet
  facet normal 0 -1 0
    outer loop
      vertex -17.7446 -28.016 52.3191
      vertex -17.7516 -28.016 52.519
      vertex -17.8787 -28.016 52.4012
    endloop
  endfacet
  facet normal 0 -1 0
    outer loop
      vertex -17.7516 -28.016 52.519
      vertex -17.7446 -28.016 52.3191
      vertex -17.6319 -28.016 52.45
    endloop
  endfacet
  facet normal 0 -1 0
    outer loop
      vertex -17.8717 -28.016 52.2013
      vertex -17.8787 -28.016 52.4012
      vertex -18.0187 -28.016 52.2981
    endloop
  endfacet
  facet normal 0 -1 0
    outer loop
      vertex -18.0117 -28.016 52.0982
      vertex -18.0187 -28.016 52.2981
      vertex -18.1715 -28.016 52.2096
    endloop
  endfacet
  facet normal 0 -1 0
    outer loop
      vertex -17.8787 -28.016 52.4012
      vertex -17.8717 -28.016 52.2013
      vertex -17.7446 -28.016 52.3191
    endloop
  endfacet
  facet normal 0 -1 0
    outer loop
      vertex -18.1645 -28.016 52.0098
      vertex -18.1715 -28.016 52.2096
      vertex -18.3371 -28.016 52.1359
    endloop
  endfacet
  facet normal 0 -1 0
    outer loop
      vertex -18.0187 -28.016 52.2981
      vertex -18.0117 -28.016 52.0982
      vertex -17.8717 -28.016 52.2013
    endloop
  endfacet
  facet normal 0 -1 0
    outer loop
      vertex -18.3302 -28.016 51.936
      vertex -18.3371 -28.016 52.1359
      vertex -18.5156 -28.016 52.0767
    endloop
  endfacet
  facet normal 0 -1 0
    outer loop
      vertex -18.5087 -28.016 51.8769
      vertex -18.5156 -28.016 52.0767
      vertex -18.707 -28.016 52.0323
    endloop
  endfacet
  facet normal 0 -1 0
    outer loop
      vertex -18.1715 -28.016 52.2096
      vertex -18.1645 -28.016 52.0098
      vertex -18.0117 -28.016 52.0982
    endloop
  endfacet
  facet normal 0 -1 0
    outer loop
      vertex -18.7 -28.016 51.8324
      vertex -18.707 -28.016 52.0323
      vertex -18.9112 -28.016 52.0025
    endloop
  endfacet
  facet normal 0 -1 0
    outer loop
      vertex -18.9042 -28.016 51.8026
      vertex -18.9112 -28.016 52.0025
      vertex -19.1282 -28.016 51.9873
    endloop
  endfacet
  facet normal 0 -1 0
    outer loop
      vertex -19.7456 -28.016 52.0338
      vertex -19.7386 -28.016 51.8339
      vertex -19.5516 -28.016 52.0028
    endloop
  endfacet
  facet normal 0 -1 0
    outer loop
      vertex -19.5446 -28.016 51.8029
      vertex -19.5516 -28.016 52.0028
      vertex -19.7386 -28.016 51.8339
    endloop
  endfacet
  facet normal -0 -1 0
    outer loop
      vertex -18.9042 -28.016 51.8026
      vertex -19.1282 -28.016 51.9873
      vertex -19.1212 -28.016 51.7875
    endloop
  endfacet
  facet normal 0 -1 0
    outer loop
      vertex -19.5516 -28.016 52.0028
      vertex -19.5446 -28.016 51.8029
      vertex -19.3458 -28.016 51.9873
    endloop
  endfacet
  facet normal 0 -1 0
    outer loop
      vertex -18.707 -28.016 52.0323
      vertex -18.7 -28.016 51.8324
      vertex -18.5087 -28.016 51.8769
    endloop
  endfacet
  facet normal 0 -1 0
    outer loop
      vertex -19.3388 -28.016 51.7874
      vertex -19.3458 -28.016 51.9873
      vertex -19.5446 -28.016 51.8029
    endloop
  endfacet
  facet normal 0 -1 0
    outer loop
      vertex -18.3371 -28.016 52.1359
      vertex -18.3302 -28.016 51.936
      vertex -18.1645 -28.016 52.0098
    endloop
  endfacet
  facet normal 0 -1 0
    outer loop
      vertex -19.3458 -28.016 51.9873
      vertex -19.3388 -28.016 51.7874
      vertex -19.1282 -28.016 51.9873
    endloop
  endfacet
  facet normal 0 -1 0
    outer loop
      vertex -18.5156 -28.016 52.0767
      vertex -18.5087 -28.016 51.8769
      vertex -18.3302 -28.016 51.936
    endloop
  endfacet
  facet normal 0 -1 0
    outer loop
      vertex -18.9112 -28.016 52.0025
      vertex -18.9042 -28.016 51.8026
      vertex -18.7 -28.016 51.8324
    endloop
  endfacet
  facet normal 0 -1 -0
    outer loop
      vertex -19.1282 -28.016 51.9873
      vertex -19.3388 -28.016 51.7874
      vertex -19.1212 -28.016 51.7875
    endloop
  endfacet
  facet normal 0 -1 0
    outer loop
      vertex 0.580752 -28.016 55.6383
      vertex 1.72583 -28.016 55.4782
      vertex 1.71885 -28.016 55.678
    endloop
  endfacet
  facet normal -0 -1 0
    outer loop
      vertex 1.72583 -28.016 55.4782
      vertex 0.580752 -28.016 55.6383
      vertex 0.587731 -28.016 55.4384
    endloop
  endfacet
  facet normal 0 -1 0
    outer loop
      vertex 1.81908 -28.016 52.8078
      vertex 3.13632 -28.016 52.6536
      vertex 3.12934 -28.016 52.8535
    endloop
  endfacet
  facet normal -0 -1 0
    outer loop
      vertex 3.13632 -28.016 52.6536
      vertex 1.81908 -28.016 52.8078
      vertex 1.82606 -28.016 52.6079
    endloop
  endfacet
  facet normal 0 -1 0
    outer loop
      vertex 3.0291 -28.016 55.7238
      vertex 4.17418 -28.016 55.5637
      vertex 4.1672 -28.016 55.7635
    endloop
  endfacet
  facet normal -0 -1 0
    outer loop
      vertex 4.17418 -28.016 55.5637
      vertex 3.0291 -28.016 55.7238
      vertex 3.03608 -28.016 55.5239
    endloop
  endfacet
  facet normal 0 -1 -0
    outer loop
      vertex 4.37301 -28.016 52.897
      vertex 4.29261 -28.016 52.694
      vertex 5.45027 -28.016 52.7345
    endloop
  endfacet
  facet normal 0 1 0
    outer loop
      vertex 4.29261 -28.016 52.694
      vertex 4.37301 -28.016 52.897
      vertex 5.69498 -28.016 56.2337
    endloop
  endfacet
  facet normal 0 -1 0
    outer loop
      vertex 5.67997 -28.016 53.6207
      vertex 5.68695 -28.016 53.4209
      vertex 7.16496 -28.016 53.4725
    endloop
  endfacet
  facet normal 0 -1 0
    outer loop
      vertex 5.44329 -28.016 52.9343
      vertex 5.68695 -28.016 53.4209
      vertex 5.67997 -28.016 53.6207
    endloop
  endfacet
  facet normal 0 -1 0
    outer loop
      vertex 5.44329 -28.016 52.9343
      vertex 5.45027 -28.016 52.7345
      vertex 5.68695 -28.016 53.4209
    endloop
  endfacet
  facet normal 0 -1 0
    outer loop
      vertex 5.45027 -28.016 52.7345
      vertex 5.44329 -28.016 52.9343
      vertex 4.37301 -28.016 52.897
    endloop
  endfacet
  facet normal 0 -1 0
    outer loop
      vertex 7.16496 -28.016 53.4725
      vertex 7.15798 -28.016 53.6723
      vertex 5.67997 -28.016 53.6207
    endloop
  endfacet
  facet normal 0 -1 0
    outer loop
      vertex 7.16496 -28.016 53.4725
      vertex 7.44195 -28.016 53.0041
      vertex 7.15798 -28.016 53.6723
    endloop
  endfacet
  facet normal 0 -1 -0
    outer loop
      vertex 8.53447 -28.016 53.0423
      vertex 7.44893 -28.016 52.8042
      vertex 8.62883 -28.016 52.8455
    endloop
  endfacet
  facet normal 0 -1 0
    outer loop
      vertex 7.44893 -28.016 52.8042
      vertex 7.44195 -28.016 53.0041
      vertex 7.16496 -28.016 53.4725
    endloop
  endfacet
  facet normal 0 -1 0
    outer loop
      vertex 8.53447 -28.016 53.0423
      vertex 8.62883 -28.016 52.8455
      vertex 6.983 -28.016 56.2787
    endloop
  endfacet
  facet normal 0 -1 0
    outer loop
      vertex 7.44893 -28.016 52.8042
      vertex 8.53447 -28.016 53.0423
      vertex 7.44195 -28.016 53.0041
    endloop
  endfacet
  facet normal 0 -1 0
    outer loop
      vertex 6.00978 -28.016 54.5772
      vertex 6.35881 -28.016 55.3693
      vertex 6.35183 -28.016 55.5692
    endloop
  endfacet
  facet normal 0 -1 0
    outer loop
      vertex 6.35881 -28.016 55.3693
      vertex 6.00978 -28.016 54.5772
      vertex 6.0866 -28.016 54.5799
    endloop
  endfacet
  facet normal 0 -1 0
    outer loop
      vertex 6.35881 -28.016 55.3693
      vertex 6.76225 -28.016 54.6035
      vertex 6.35183 -28.016 55.5692
    endloop
  endfacet
  facet normal -0 -1 0
    outer loop
      vertex 6.76225 -28.016 54.6035
      vertex 6.35881 -28.016 55.3693
      vertex 6.68543 -28.016 54.6008
    endloop
  endfacet
  facet normal 0 -1 0
    outer loop
      vertex -5.88139 -28.016 54.0397
      vertex -4.23105 -28.016 53.8972
      vertex -4.23803 -28.016 54.0971
    endloop
  endfacet
  facet normal -0 -1 0
    outer loop
      vertex -4.23105 -28.016 53.8972
      vertex -5.88139 -28.016 54.0397
      vertex -5.87441 -28.016 53.8398
    endloop
  endfacet
  facet normal 0 -1 0
    outer loop
      vertex -7.11704 -28.016 52.4957
      vertex -3.87892 -28.016 52.4087
      vertex -3.8859 -28.016 52.6085
    endloop
  endfacet
  facet normal -0 -1 0
    outer loop
      vertex -3.87892 -28.016 52.4087
      vertex -7.11704 -28.016 52.4957
      vertex -7.11006 -28.016 52.2958
    endloop
  endfacet
  facet normal 0 -1 0
    outer loop
      vertex -5.93024 -28.016 55.4387
      vertex -4.05227 -28.016 55.3042
      vertex -4.05925 -28.016 55.504
    endloop
  endfacet
  facet normal -0 -1 0
    outer loop
      vertex -4.05227 -28.016 55.3042
      vertex -5.93024 -28.016 55.4387
      vertex -5.92326 -28.016 55.2388
    endloop
  endfacet
  facet normal 0 -1 0
    outer loop
      vertex -15.263 -28.016 53.7804
      vertex -13.7315 -28.016 52.2647
      vertex -15.27 -28.016 53.9803
    endloop
  endfacet
  facet normal 0 -1 0
    outer loop
      vertex -13.7315 -28.016 52.2647
      vertex -13.7246 -28.016 52.0649
      vertex -12.6475 -28.016 52.1025
    endloop
  endfacet
  facet normal 0 -1 0
    outer loop
      vertex -13.7246 -28.016 52.0649
      vertex -13.7315 -28.016 52.2647
      vertex -15.263 -28.016 53.7804
    endloop
  endfacet
  facet normal 0 -1 -0
    outer loop
      vertex -12.6545 -28.016 52.3023
      vertex -13.7315 -28.016 52.2647
      vertex -12.6475 -28.016 52.1025
    endloop
  endfacet
  facet normal 0 -1 0
    outer loop
      vertex -16.4853 -28.016 52.1686
      vertex -15.2013 -28.016 52.0133
      vertex -15.2083 -28.016 52.2132
    endloop
  endfacet
  facet normal -0 -1 0
    outer loop
      vertex -15.2013 -28.016 52.0133
      vertex -16.4853 -28.016 52.1686
      vertex -16.4783 -28.016 51.9687
    endloop
  endfacet
  facet normal 0 -1 0
    outer loop
      vertex 18.706 -28.016 54.3758
      vertex 18.713 -28.016 54.1759
      vertex 19.0699 -28.016 54.1884
    endloop
  endfacet
  facet normal 0 -1 0
    outer loop
      vertex 19.0699 -28.016 54.1884
      vertex 19.0629 -28.016 54.3883
      vertex 18.706 -28.016 54.3758
    endloop
  endfacet
  facet normal 0 -1 0
    outer loop
      vertex 19.0699 -28.016 54.1884
      vertex 19.7561 -28.016 53.4341
      vertex 19.0629 -28.016 54.3883
    endloop
  endfacet
  facet normal 0 -1 -0
    outer loop
      vertex 20.746 -28.016 53.4687
      vertex 19.7631 -28.016 53.2343
      vertex 20.8894 -28.016 53.2736
    endloop
  endfacet
  facet normal 0 -1 0
    outer loop
      vertex 19.7631 -28.016 53.2343
      vertex 19.7561 -28.016 53.4341
      vertex 19.0699 -28.016 54.1884
    endloop
  endfacet
  facet normal 0 -1 0
    outer loop
      vertex 19.7631 -28.016 53.2343
      vertex 20.746 -28.016 53.4687
      vertex 19.7561 -28.016 53.4341
    endloop
  endfacet
  facet normal 0 -1 0
    outer loop
      vertex 17.4299 -28.016 53.3529
      vertex 18.7471 -28.016 53.1988
      vertex 18.7402 -28.016 53.3987
    endloop
  endfacet
  facet normal -0 -1 0
    outer loop
      vertex 18.7471 -28.016 53.1988
      vertex 17.4299 -28.016 53.3529
      vertex 17.4369 -28.016 53.153
    endloop
  endfacet
  facet normal 0 -1 0
    outer loop
      vertex 19.1242 -28.016 56.0913
      vertex 19.1831 -28.016 56.2915
      vertex 19.1172 -28.016 56.2912
    endloop
  endfacet
  facet normal 0 -1 0
    outer loop
      vertex 19.1831 -28.016 56.2915
      vertex 19.19 -28.016 56.0917
      vertex 19.2446 -28.016 56.288
    endloop
  endfacet
  facet normal 0 -1 0
    outer loop
      vertex 19.1242 -28.016 56.0913
      vertex 19.1172 -28.016 56.2912
      vertex 18.6397 -28.016 56.2745
    endloop
  endfacet
  facet normal 0 -1 -0
    outer loop
      vertex 19.1831 -28.016 56.2915
      vertex 19.1242 -28.016 56.0913
      vertex 19.19 -28.016 56.0917
    endloop
  endfacet
  facet normal 0 -1 0
    outer loop
      vertex 19.2516 -28.016 56.0881
      vertex 19.2446 -28.016 56.288
      vertex 19.19 -28.016 56.0917
    endloop
  endfacet
  facet normal 0 -1 0
    outer loop
      vertex 19.2446 -28.016 56.288
      vertex 19.2516 -28.016 56.0881
      vertex 19.3019 -28.016 56.2804
    endloop
  endfacet
  facet normal 0 -1 0
    outer loop
      vertex 19.3089 -28.016 56.0805
      vertex 19.3019 -28.016 56.2804
      vertex 19.2516 -28.016 56.0881
    endloop
  endfacet
  facet normal 0 -1 0
    outer loop
      vertex 19.3019 -28.016 56.2804
      vertex 19.3089 -28.016 56.0805
      vertex 19.3549 -28.016 56.2689
    endloop
  endfacet
  facet normal 0 -1 0
    outer loop
      vertex 19.3619 -28.016 56.069
      vertex 19.4036 -28.016 56.2534
      vertex 19.3089 -28.016 56.0805
    endloop
  endfacet
  facet normal 0 -1 -0
    outer loop
      vertex 19.4036 -28.016 56.2534
      vertex 19.3619 -28.016 56.069
      vertex 19.448 -28.016 56.2339
    endloop
  endfacet
  facet normal 0 -1 0
    outer loop
      vertex 19.4106 -28.016 56.0535
      vertex 19.448 -28.016 56.2339
      vertex 19.3619 -28.016 56.069
    endloop
  endfacet
  facet normal 0 -1 -0
    outer loop
      vertex 19.3549 -28.016 56.2689
      vertex 19.3089 -28.016 56.0805
      vertex 19.4036 -28.016 56.2534
    endloop
  endfacet
  facet normal -0 -1 0
    outer loop
      vertex 19.1242 -28.016 56.0913
      vertex 18.6397 -28.016 56.2745
      vertex 18.6467 -28.016 56.0746
    endloop
  endfacet
  facet normal 0 -1 -0
    outer loop
      vertex 19.448 -28.016 56.2339
      vertex 19.4106 -28.016 56.0535
      vertex 19.4881 -28.016 56.2105
    endloop
  endfacet
  facet normal 0 -1 -0
    outer loop
      vertex 19.4881 -28.016 56.2105
      vertex 19.4106 -28.016 56.0535
      vertex 19.5239 -28.016 56.183
    endloop
  endfacet
  facet normal 0 -1 0
    outer loop
      vertex 19.455 -28.016 56.034
      vertex 19.5239 -28.016 56.183
      vertex 19.4106 -28.016 56.0535
    endloop
  endfacet
  facet normal 0 -1 -0
    outer loop
      vertex 19.5239 -28.016 56.183
      vertex 19.455 -28.016 56.034
      vertex 19.5556 -28.016 56.1522
    endloop
  endfacet
  facet normal 0 -1 -0
    outer loop
      vertex 19.5556 -28.016 56.1522
      vertex 19.455 -28.016 56.034
      vertex 19.5834 -28.016 56.1184
    endloop
  endfacet
  facet normal 0 -1 0
    outer loop
      vertex 19.4951 -28.016 56.0106
      vertex 19.5834 -28.016 56.1184
      vertex 19.455 -28.016 56.034
    endloop
  endfacet
  facet normal 0 -1 -0
    outer loop
      vertex 19.5834 -28.016 56.1184
      vertex 19.4951 -28.016 56.0106
      vertex 19.6071 -28.016 56.0817
    endloop
  endfacet
  facet normal 0 -1 0
    outer loop
      vertex 19.5309 -28.016 55.9832
      vertex 19.6071 -28.016 56.0817
      vertex 19.4951 -28.016 56.0106
    endloop
  endfacet
  facet normal 0 -1 -0
    outer loop
      vertex 19.6071 -28.016 56.0817
      vertex 19.5309 -28.016 55.9832
      vertex 19.6268 -28.016 56.0421
    endloop
  endfacet
  facet normal 0 -1 0
    outer loop
      vertex 19.5626 -28.016 55.9523
      vertex 19.6268 -28.016 56.0421
      vertex 19.5309 -28.016 55.9832
    endloop
  endfacet
  facet normal 0 -1 -0
    outer loop
      vertex 19.6268 -28.016 56.0421
      vertex 19.5626 -28.016 55.9523
      vertex 19.6426 -28.016 55.9996
    endloop
  endfacet
  facet normal 0 -1 -0
    outer loop
      vertex 19.6426 -28.016 55.9996
      vertex 19.5626 -28.016 55.9523
      vertex 19.6544 -28.016 55.9542
    endloop
  endfacet
  facet normal 0 -1 0
    outer loop
      vertex 19.5903 -28.016 55.9185
      vertex 19.6544 -28.016 55.9542
      vertex 19.5626 -28.016 55.9523
    endloop
  endfacet
  facet normal 0 -1 0
    outer loop
      vertex 19.5903 -28.016 55.9185
      vertex 19.6622 -28.016 55.9058
      vertex 19.6544 -28.016 55.9542
    endloop
  endfacet
  facet normal 0 -1 0
    outer loop
      vertex 19.6141 -28.016 55.8819
      vertex 19.6622 -28.016 55.9058
      vertex 19.5903 -28.016 55.9185
    endloop
  endfacet
  facet normal 0 -1 0
    outer loop
      vertex 19.6141 -28.016 55.8819
      vertex 19.6661 -28.016 55.8545
      vertex 19.6622 -28.016 55.9058
    endloop
  endfacet
  facet normal 0 -1 0
    outer loop
      vertex 19.6338 -28.016 55.8423
      vertex 19.6661 -28.016 55.8545
      vertex 19.6141 -28.016 55.8819
    endloop
  endfacet
  facet normal 0 -1 0
    outer loop
      vertex 19.6338 -28.016 55.8423
      vertex 19.6658 -28.016 55.8031
      vertex 19.6661 -28.016 55.8545
    endloop
  endfacet
  facet normal 0 -1 0
    outer loop
      vertex 19.6496 -28.016 55.7997
      vertex 19.6658 -28.016 55.8031
      vertex 19.6338 -28.016 55.8423
    endloop
  endfacet
  facet normal 0 -1 0
    outer loop
      vertex 19.6658 -28.016 55.8031
      vertex 19.6496 -28.016 55.7997
      vertex 19.6614 -28.016 55.7543
    endloop
  endfacet
  facet normal 0 -1 0
    outer loop
      vertex 20.9681 -28.016 55.5799
      vertex 20.9893 -28.016 55.4992
      vertex 20.9711 -28.016 55.6031
    endloop
  endfacet
  facet normal 0 -1 0
    outer loop
      vertex 20.9479 -28.016 55.4803
      vertex 20.9893 -28.016 55.4992
      vertex 20.9681 -28.016 55.5799
    endloop
  endfacet
  facet normal 0 -1 0
    outer loop
      vertex 20.9893 -28.016 55.4992
      vertex 20.9479 -28.016 55.4803
      vertex 20.9884 -28.016 55.4833
    endloop
  endfacet
  facet normal 0 -1 0
    outer loop
      vertex 20.9751 -28.016 55.38
      vertex 20.9479 -28.016 55.4803
      vertex 20.9207 -28.016 55.3844
    endloop
  endfacet
  facet normal 0 -1 0
    outer loop
      vertex 20.9479 -28.016 55.4803
      vertex 20.9751 -28.016 55.38
      vertex 20.9884 -28.016 55.4833
    endloop
  endfacet
  facet normal 0 -1 0
    outer loop
      vertex 20.9548 -28.016 55.2804
      vertex 20.9207 -28.016 55.3844
      vertex 20.8867 -28.016 55.2921
    endloop
  endfacet
  facet normal 0 -1 0
    outer loop
      vertex 20.9207 -28.016 55.3844
      vertex 20.9548 -28.016 55.2804
      vertex 20.9751 -28.016 55.38
    endloop
  endfacet
  facet normal 0 -1 0
    outer loop
      vertex 20.9277 -28.016 55.1845
      vertex 20.8867 -28.016 55.2921
      vertex 20.8457 -28.016 55.2035
    endloop
  endfacet
  facet normal 0 -1 0
    outer loop
      vertex 20.8867 -28.016 55.2921
      vertex 20.9277 -28.016 55.1845
      vertex 20.9548 -28.016 55.2804
    endloop
  endfacet
  facet normal 0 -1 0
    outer loop
      vertex 20.8937 -28.016 55.0922
      vertex 20.8457 -28.016 55.2035
      vertex 20.7979 -28.016 55.1186
    endloop
  endfacet
  facet normal 0 -1 0
    outer loop
      vertex 20.8457 -28.016 55.2035
      vertex 20.8937 -28.016 55.0922
      vertex 20.9277 -28.016 55.1845
    endloop
  endfacet
  facet normal 0 -1 0
    outer loop
      vertex 20.8527 -28.016 55.0036
      vertex 20.7979 -28.016 55.1186
      vertex 20.7437 -28.016 55.0378
    endloop
  endfacet
  facet normal 0 -1 0
    outer loop
      vertex 20.7979 -28.016 55.1186
      vertex 20.8527 -28.016 55.0036
      vertex 20.8937 -28.016 55.0922
    endloop
  endfacet
  facet normal 0 -1 0
    outer loop
      vertex 20.8049 -28.016 54.9187
      vertex 20.7437 -28.016 55.0378
      vertex 20.6837 -28.016 54.9616
    endloop
  endfacet
  facet normal 0 -1 0
    outer loop
      vertex 20.7437 -28.016 55.0378
      vertex 20.8049 -28.016 54.9187
      vertex 20.8527 -28.016 55.0036
    endloop
  endfacet
  facet normal 0 -1 0
    outer loop
      vertex 20.7507 -28.016 54.8379
      vertex 20.6837 -28.016 54.9616
      vertex 20.6179 -28.016 54.8899
    endloop
  endfacet
  facet normal 0 -1 0
    outer loop
      vertex 20.6837 -28.016 54.9616
      vertex 20.7507 -28.016 54.8379
      vertex 20.8049 -28.016 54.9187
    endloop
  endfacet
  facet normal 0 -1 0
    outer loop
      vertex 20.6907 -28.016 54.7617
      vertex 20.6179 -28.016 54.8899
      vertex 20.5463 -28.016 54.8229
    endloop
  endfacet
  facet normal 0 -1 0
    outer loop
      vertex 20.6179 -28.016 54.8899
      vertex 20.6907 -28.016 54.7617
      vertex 20.7507 -28.016 54.8379
    endloop
  endfacet
  facet normal 0 -1 0
    outer loop
      vertex 20.6249 -28.016 54.6901
      vertex 20.5463 -28.016 54.8229
      vertex 20.4689 -28.016 54.7604
    endloop
  endfacet
  facet normal 0 -1 0
    outer loop
      vertex 20.5533 -28.016 54.623
      vertex 20.4689 -28.016 54.7604
      vertex 20.3857 -28.016 54.7025
    endloop
  endfacet
  facet normal 0 -1 0
    outer loop
      vertex 20.5463 -28.016 54.8229
      vertex 20.6249 -28.016 54.6901
      vertex 20.6907 -28.016 54.7617
    endloop
  endfacet
  facet normal 0 -1 0
    outer loop
      vertex 20.4015 -28.016 54.5088
      vertex 20.3857 -28.016 54.7025
      vertex 20.2978 -28.016 54.6498
    endloop
  endfacet
  facet normal 0 -1 0
    outer loop
      vertex 20.4689 -28.016 54.7604
      vertex 20.5533 -28.016 54.623
      vertex 20.6249 -28.016 54.6901
    endloop
  endfacet
  facet normal 0 -1 0
    outer loop
      vertex 20.3857 -28.016 54.7025
      vertex 20.4759 -28.016 54.5605
      vertex 20.5533 -28.016 54.623
    endloop
  endfacet
  facet normal 0 -1 0
    outer loop
      vertex 20.3857 -28.016 54.7025
      vertex 20.4015 -28.016 54.5088
      vertex 20.4759 -28.016 54.5605
    endloop
  endfacet
  facet normal 0 -1 0
    outer loop
      vertex 20.4759 -28.016 54.5605
      vertex 20.4015 -28.016 54.5088
      vertex 20.3926 -28.016 54.5026
    endloop
  endfacet
  facet normal 0 -1 0
    outer loop
      vertex 14.7976 -28.016 54.7618
      vertex 16.448 -28.016 54.6193
      vertex 16.441 -28.016 54.8192
    endloop
  endfacet
  facet normal -0 -1 0
    outer loop
      vertex 16.448 -28.016 54.6193
      vertex 14.7976 -28.016 54.7618
      vertex 14.8046 -28.016 54.5619
    endloop
  endfacet
  facet normal 0 -1 0
    outer loop
      vertex 13.5619 -28.016 53.2178
      vertex 16.8001 -28.016 53.1308
      vertex 16.7931 -28.016 53.3307
    endloop
  endfacet
  facet normal -0 -1 0
    outer loop
      vertex 16.8001 -28.016 53.1308
      vertex 13.5619 -28.016 53.2178
      vertex 13.5689 -28.016 53.018
    endloop
  endfacet
  facet normal 0 -1 0
    outer loop
      vertex 14.7488 -28.016 56.1608
      vertex 16.6267 -28.016 56.0263
      vertex 16.6197 -28.016 56.2262
    endloop
  endfacet
  facet normal -0 -1 0
    outer loop
      vertex 16.6267 -28.016 56.0263
      vertex 14.7488 -28.016 56.1608
      vertex 14.7557 -28.016 55.961
    endloop
  endfacet
  facet normal 0 -1 0
    outer loop
      vertex -10.0976 -28.016 55.0597
      vertex -10.0362 -28.016 55.2603
      vertex -10.1045 -28.016 55.2596
    endloop
  endfacet
  facet normal 0 -1 0
    outer loop
      vertex -10.0362 -28.016 55.2603
      vertex -10.0292 -28.016 55.0605
      vertex -9.96984 -28.016 55.2577
    endloop
  endfacet
  facet normal 0 -1 0
    outer loop
      vertex -9.96286 -28.016 55.0578
      vertex -9.96984 -28.016 55.2577
      vertex -10.0292 -28.016 55.0605
    endloop
  endfacet
  facet normal 0 -1 0
    outer loop
      vertex -10.0976 -28.016 55.0597
      vertex -10.1045 -28.016 55.2596
      vertex -10.6542 -28.016 55.2404
    endloop
  endfacet
  facet normal 0 -1 -0
    outer loop
      vertex -10.0362 -28.016 55.2603
      vertex -10.0976 -28.016 55.0597
      vertex -10.0292 -28.016 55.0605
    endloop
  endfacet
  facet normal 0 -1 0
    outer loop
      vertex -9.96984 -28.016 55.2577
      vertex -9.96286 -28.016 55.0578
      vertex -9.90558 -28.016 55.2517
    endloop
  endfacet
  facet normal 0 -1 0
    outer loop
      vertex -9.8986 -28.016 55.0518
      vertex -9.90558 -28.016 55.2517
      vertex -9.96286 -28.016 55.0578
    endloop
  endfacet
  facet normal 0 -1 0
    outer loop
      vertex -9.90558 -28.016 55.2517
      vertex -9.8986 -28.016 55.0518
      vertex -9.84337 -28.016 55.2423
    endloop
  endfacet
  facet normal 0 -1 0
    outer loop
      vertex -9.84337 -28.016 55.2423
      vertex -9.83639 -28.016 55.0424
      vertex -9.78321 -28.016 55.2296
    endloop
  endfacet
  facet normal 0 -1 0
    outer loop
      vertex -9.77624 -28.016 55.0297
      vertex -9.78321 -28.016 55.2296
      vertex -9.83639 -28.016 55.0424
    endloop
  endfacet
  facet normal 0 -1 -0
    outer loop
      vertex -9.72511 -28.016 55.2134
      vertex -9.77624 -28.016 55.0297
      vertex -9.66906 -28.016 55.1939
    endloop
  endfacet
  facet normal 0 -1 0
    outer loop
      vertex -9.78321 -28.016 55.2296
      vertex -9.77624 -28.016 55.0297
      vertex -9.72511 -28.016 55.2134
    endloop
  endfacet
  facet normal 0 -1 0
    outer loop
      vertex -9.83639 -28.016 55.0424
      vertex -9.84337 -28.016 55.2423
      vertex -9.8986 -28.016 55.0518
    endloop
  endfacet
  facet normal -0 -1 0
    outer loop
      vertex -10.0976 -28.016 55.0597
      vertex -10.6542 -28.016 55.2404
      vertex -10.6472 -28.016 55.0405
    endloop
  endfacet
  facet normal 0 -1 0
    outer loop
      vertex -9.71813 -28.016 55.0135
      vertex -9.66906 -28.016 55.1939
      vertex -9.77624 -28.016 55.0297
    endloop
  endfacet
  facet normal 0 -1 -0
    outer loop
      vertex -9.66906 -28.016 55.1939
      vertex -9.71813 -28.016 55.0135
      vertex -9.61507 -28.016 55.1711
    endloop
  endfacet
  facet normal 0 -1 0
    outer loop
      vertex -9.66208 -28.016 54.994
      vertex -9.61507 -28.016 55.1711
      vertex -9.71813 -28.016 55.0135
    endloop
  endfacet
  facet normal 0 -1 -0
    outer loop
      vertex -9.61507 -28.016 55.1711
      vertex -9.66208 -28.016 54.994
      vertex -9.56348 -28.016 55.1449
    endloop
  endfacet
  facet normal 0 -1 0
    outer loop
      vertex -9.60809 -28.016 54.9712
      vertex -9.56348 -28.016 55.1449
      vertex -9.66208 -28.016 54.994
    endloop
  endfacet
  facet normal 0 -1 -0
    outer loop
      vertex -9.56348 -28.016 55.1449
      vertex -9.60809 -28.016 54.9712
      vertex -9.51464 -28.016 55.1155
    endloop
  endfacet
  facet normal 0 -1 0
    outer loop
      vertex -9.5565 -28.016 54.945
      vertex -9.51464 -28.016 55.1155
      vertex -9.60809 -28.016 54.9712
    endloop
  endfacet
  facet normal 0 -1 -0
    outer loop
      vertex -9.51464 -28.016 55.1155
      vertex -9.5565 -28.016 54.945
      vertex -9.46855 -28.016 55.0829
    endloop
  endfacet
  facet normal 0 -1 -0
    outer loop
      vertex -9.46855 -28.016 55.0829
      vertex -9.5565 -28.016 54.945
      vertex -9.42522 -28.016 55.0471
    endloop
  endfacet
  facet normal 0 -1 0
    outer loop
      vertex -9.50766 -28.016 54.9156
      vertex -9.42522 -28.016 55.0471
      vertex -9.5565 -28.016 54.945
    endloop
  endfacet
  facet normal 0 -1 -0
    outer loop
      vertex -9.42522 -28.016 55.0471
      vertex -9.50766 -28.016 54.9156
      vertex -9.38465 -28.016 55.008
    endloop
  endfacet
  facet normal 0 -1 0
    outer loop
      vertex -9.46157 -28.016 54.883
      vertex -9.38465 -28.016 55.008
      vertex -9.50766 -28.016 54.9156
    endloop
  endfacet
  facet normal 0 -1 -0
    outer loop
      vertex -9.38465 -28.016 55.008
      vertex -9.46157 -28.016 54.883
      vertex -9.34683 -28.016 54.9657
    endloop
  endfacet
  facet normal 0 -1 0
    outer loop
      vertex -9.41824 -28.016 54.8472
      vertex -9.34683 -28.016 54.9657
      vertex -9.46157 -28.016 54.883
    endloop
  endfacet
  facet normal 0 -1 -0
    outer loop
      vertex -9.34683 -28.016 54.9657
      vertex -9.41824 -28.016 54.8472
      vertex -9.31176 -28.016 54.9202
    endloop
  endfacet
  facet normal 0 -1 0
    outer loop
      vertex -9.37767 -28.016 54.8082
      vertex -9.31176 -28.016 54.9202
      vertex -9.41824 -28.016 54.8472
    endloop
  endfacet
  facet normal 0 -1 -0
    outer loop
      vertex -9.31176 -28.016 54.9202
      vertex -9.37767 -28.016 54.8082
      vertex -9.27945 -28.016 54.8715
    endloop
  endfacet
  facet normal 0 -1 0
    outer loop
      vertex -9.33985 -28.016 54.7659
      vertex -9.27945 -28.016 54.8715
      vertex -9.37767 -28.016 54.8082
    endloop
  endfacet
  facet normal 0 -1 -0
    outer loop
      vertex -9.27945 -28.016 54.8715
      vertex -9.33985 -28.016 54.7659
      vertex -9.25027 -28.016 54.8196
    endloop
  endfacet
  facet normal 0 -1 0
    outer loop
      vertex -9.30478 -28.016 54.7204
      vertex -9.25027 -28.016 54.8196
      vertex -9.33985 -28.016 54.7659
    endloop
  endfacet
  facet normal 0 -1 -0
    outer loop
      vertex -9.25027 -28.016 54.8196
      vertex -9.30478 -28.016 54.7204
      vertex -9.22464 -28.016 54.7647
    endloop
  endfacet
  facet normal 0 -1 0
    outer loop
      vertex -9.30478 -28.016 54.7204
      vertex -9.20254 -28.016 54.7067
      vertex -9.22464 -28.016 54.7647
    endloop
  endfacet
  facet normal 0 -1 0
    outer loop
      vertex -9.27247 -28.016 54.6716
      vertex -9.20254 -28.016 54.7067
      vertex -9.30478 -28.016 54.7204
    endloop
  endfacet
  facet normal 0 -1 0
    outer loop
      vertex -9.27247 -28.016 54.6716
      vertex -9.18399 -28.016 54.6456
      vertex -9.20254 -28.016 54.7067
    endloop
  endfacet
  facet normal 0 -1 0
    outer loop
      vertex -9.24329 -28.016 54.6198
      vertex -9.18399 -28.016 54.6456
      vertex -9.27247 -28.016 54.6716
    endloop
  endfacet
  facet normal 0 -1 0
    outer loop
      vertex -9.24329 -28.016 54.6198
      vertex -9.16899 -28.016 54.5814
      vertex -9.18399 -28.016 54.6456
    endloop
  endfacet
  facet normal 0 -1 0
    outer loop
      vertex -9.21766 -28.016 54.5648
      vertex -9.16899 -28.016 54.5814
      vertex -9.24329 -28.016 54.6198
    endloop
  endfacet
  facet normal 0 -1 0
    outer loop
      vertex -9.19556 -28.016 54.5068
      vertex -9.16899 -28.016 54.5814
      vertex -9.21766 -28.016 54.5648
    endloop
  endfacet
  facet normal 0 -1 -0
    outer loop
      vertex -9.16899 -28.016 54.5814
      vertex -9.19556 -28.016 54.5068
      vertex -9.15751 -28.016 54.5141
    endloop
  endfacet
  facet normal 0 -1 0
    outer loop
      vertex -9.17701 -28.016 54.4457
      vertex -9.15751 -28.016 54.5141
      vertex -9.19556 -28.016 54.5068
    endloop
  endfacet
  facet normal 0 -1 0
    outer loop
      vertex -9.17701 -28.016 54.4457
      vertex -9.14959 -28.016 54.4438
      vertex -9.15751 -28.016 54.5141
    endloop
  endfacet
  facet normal 0 -1 0
    outer loop
      vertex -9.16201 -28.016 54.3815
      vertex -9.14959 -28.016 54.4438
      vertex -9.17701 -28.016 54.4457
    endloop
  endfacet
  facet normal 0 -1 0
    outer loop
      vertex -9.16201 -28.016 54.3815
      vertex -9.14519 -28.016 54.3704
      vertex -9.14959 -28.016 54.4438
    endloop
  endfacet
  facet normal 0 -1 0
    outer loop
      vertex -9.15053 -28.016 54.3143
      vertex -9.14519 -28.016 54.3704
      vertex -9.16201 -28.016 54.3815
    endloop
  endfacet
  facet normal 0 -1 0
    outer loop
      vertex -9.15053 -28.016 54.3143
      vertex -9.1445 -28.016 54.2981
      vertex -9.14519 -28.016 54.3704
    endloop
  endfacet
  facet normal 0 -1 0
    outer loop
      vertex -9.15053 -28.016 54.3143
      vertex -9.14566 -28.016 54.2711
      vertex -9.1445 -28.016 54.2981
    endloop
  endfacet
  facet normal -0 -1 -0
    outer loop
      vertex -9.14566 -28.016 54.2711
      vertex -9.15053 -28.016 54.3143
      vertex -9.14261 -28.016 54.2439
    endloop
  endfacet
  facet normal 0 -1 0
    outer loop
      vertex -7.84802 -28.016 53.9885
      vertex -7.83049 -28.016 54.1081
      vertex -7.83224 -28.016 54.1172
    endloop
  endfacet
  facet normal 0 -1 -0
    outer loop
      vertex -7.83049 -28.016 54.1081
      vertex -7.84802 -28.016 53.9885
      vertex -7.81903 -28.016 54.0173
    endloop
  endfacet
  facet normal 0 -1 0
    outer loop
      vertex -7.84802 -28.016 53.9885
      vertex -7.82415 -28.016 53.9265
      vertex -7.81903 -28.016 54.0173
    endloop
  endfacet
  facet normal 0 -1 0
    outer loop
      vertex -7.87378 -28.016 53.8554
      vertex -7.82415 -28.016 53.9265
      vertex -7.84802 -28.016 53.9885
    endloop
  endfacet
  facet normal 0 -1 0
    outer loop
      vertex -7.87378 -28.016 53.8554
      vertex -7.84104 -28.016 53.7886
      vertex -7.82415 -28.016 53.9265
    endloop
  endfacet
  facet normal 0 -1 0
    outer loop
      vertex -7.90838 -28.016 53.7272
      vertex -7.84104 -28.016 53.7886
      vertex -7.87378 -28.016 53.8554
    endloop
  endfacet
  facet normal 0 -1 0
    outer loop
      vertex -7.90838 -28.016 53.7272
      vertex -7.8668 -28.016 53.6556
      vertex -7.84104 -28.016 53.7886
    endloop
  endfacet
  facet normal 0 -1 0
    outer loop
      vertex -7.95183 -28.016 53.6038
      vertex -7.8668 -28.016 53.6556
      vertex -7.90838 -28.016 53.7272
    endloop
  endfacet
  facet normal 0 -1 0
    outer loop
      vertex -7.95183 -28.016 53.6038
      vertex -7.9014 -28.016 53.5274
      vertex -7.8668 -28.016 53.6556
    endloop
  endfacet
  facet normal 0 -1 0
    outer loop
      vertex -8.00415 -28.016 53.4852
      vertex -7.9014 -28.016 53.5274
      vertex -7.95183 -28.016 53.6038
    endloop
  endfacet
  facet normal 0 -1 0
    outer loop
      vertex -8.00415 -28.016 53.4852
      vertex -7.94485 -28.016 53.4039
      vertex -7.9014 -28.016 53.5274
    endloop
  endfacet
  facet normal 0 -1 0
    outer loop
      vertex -8.06531 -28.016 53.3714
      vertex -7.94485 -28.016 53.4039
      vertex -8.00415 -28.016 53.4852
    endloop
  endfacet
  facet normal 0 -1 0
    outer loop
      vertex -8.06531 -28.016 53.3714
      vertex -7.99717 -28.016 53.2853
      vertex -7.94485 -28.016 53.4039
    endloop
  endfacet
  facet normal 0 -1 0
    outer loop
      vertex -8.1344 -28.016 53.2631
      vertex -7.99717 -28.016 53.2853
      vertex -8.06531 -28.016 53.3714
    endloop
  endfacet
  facet normal 0 -1 0
    outer loop
      vertex -8.1344 -28.016 53.2631
      vertex -8.05833 -28.016 53.1716
      vertex -7.99717 -28.016 53.2853
    endloop
  endfacet
  facet normal 0 -1 0
    outer loop
      vertex -8.21047 -28.016 53.1607
      vertex -8.05833 -28.016 53.1716
      vertex -8.1344 -28.016 53.2631
    endloop
  endfacet
  facet normal 0 -1 0
    outer loop
      vertex -8.12742 -28.016 53.0632
      vertex -8.21047 -28.016 53.1607
      vertex -8.29352 -28.016 53.0643
    endloop
  endfacet
  facet normal 0 -1 0
    outer loop
      vertex -8.21047 -28.016 53.1607
      vertex -8.12742 -28.016 53.0632
      vertex -8.05833 -28.016 53.1716
    endloop
  endfacet
  facet normal 0 -1 0
    outer loop
      vertex -8.20349 -28.016 52.9608
      vertex -8.29352 -28.016 53.0643
      vertex -8.38356 -28.016 52.974
    endloop
  endfacet
  facet normal 0 -1 0
    outer loop
      vertex -8.29352 -28.016 53.0643
      vertex -8.20349 -28.016 52.9608
      vertex -8.12742 -28.016 53.0632
    endloop
  endfacet
  facet normal 0 -1 0
    outer loop
      vertex -8.28654 -28.016 52.8645
      vertex -8.38356 -28.016 52.974
      vertex -8.48058 -28.016 52.8897
    endloop
  endfacet
  facet normal 0 -1 0
    outer loop
      vertex -8.38356 -28.016 52.974
      vertex -8.28654 -28.016 52.8645
      vertex -8.20349 -28.016 52.9608
    endloop
  endfacet
  facet normal 0 -1 0
    outer loop
      vertex -8.4736 -28.016 52.6898
      vertex -8.48058 -28.016 52.8897
      vertex -8.58458 -28.016 52.8113
    endloop
  endfacet
  facet normal 0 -1 0
    outer loop
      vertex -8.48058 -28.016 52.8897
      vertex -8.37658 -28.016 52.7741
      vertex -8.28654 -28.016 52.8645
    endloop
  endfacet
  facet normal 0 -1 0
    outer loop
      vertex -8.5776 -28.016 52.6115
      vertex -8.58458 -28.016 52.8113
      vertex -8.69557 -28.016 52.739
    endloop
  endfacet
  facet normal 0 -1 0
    outer loop
      vertex -8.48058 -28.016 52.8897
      vertex -8.4736 -28.016 52.6898
      vertex -8.37658 -28.016 52.7741
    endloop
  endfacet
  facet normal 0 -1 0
    outer loop
      vertex -8.68859 -28.016 52.5391
      vertex -8.69557 -28.016 52.739
      vertex -8.81355 -28.016 52.6727
    endloop
  endfacet
  facet normal 0 -1 0
    outer loop
      vertex -8.80657 -28.016 52.4728
      vertex -8.81355 -28.016 52.6727
      vertex -8.93757 -28.016 52.613
    endloop
  endfacet
  facet normal 0 -1 0
    outer loop
      vertex -8.58458 -28.016 52.8113
      vertex -8.5776 -28.016 52.6115
      vertex -8.4736 -28.016 52.6898
    endloop
  endfacet
  facet normal 0 -1 0
    outer loop
      vertex -8.93059 -28.016 52.4131
      vertex -8.93757 -28.016 52.613
      vertex -9.06671 -28.016 52.5605
    endloop
  endfacet
  facet normal 0 -1 0
    outer loop
      vertex -8.69557 -28.016 52.739
      vertex -8.68859 -28.016 52.5391
      vertex -8.5776 -28.016 52.6115
    endloop
  endfacet
  facet normal 0 -1 0
    outer loop
      vertex -9.05973 -28.016 52.3606
      vertex -9.06671 -28.016 52.5605
      vertex -9.20096 -28.016 52.5152
    endloop
  endfacet
  facet normal 0 -1 0
    outer loop
      vertex -9.19398 -28.016 52.3153
      vertex -9.20096 -28.016 52.5152
      vertex -9.34033 -28.016 52.4771
    endloop
  endfacet
  facet normal 0 -1 0
    outer loop
      vertex -8.81355 -28.016 52.6727
      vertex -8.80657 -28.016 52.4728
      vertex -8.68859 -28.016 52.5391
    endloop
  endfacet
  facet normal 0 -1 0
    outer loop
      vertex -9.33335 -28.016 52.2773
      vertex -9.34033 -28.016 52.4771
      vertex -9.48482 -28.016 52.4463
    endloop
  endfacet
  facet normal 0 -1 0
    outer loop
      vertex -9.47784 -28.016 52.2464
      vertex -9.48482 -28.016 52.4463
      vertex -9.63443 -28.016 52.4226
    endloop
  endfacet
  facet normal 0 -1 0
    outer loop
      vertex -8.93757 -28.016 52.613
      vertex -8.93059 -28.016 52.4131
      vertex -8.80657 -28.016 52.4728
    endloop
  endfacet
  facet normal 0 -1 0
    outer loop
      vertex -9.62745 -28.016 52.2227
      vertex -9.63443 -28.016 52.4226
      vertex -9.78914 -28.016 52.4061
    endloop
  endfacet
  facet normal 0 -1 0
    outer loop
      vertex -9.78216 -28.016 52.2062
      vertex -9.78914 -28.016 52.4061
      vertex -9.94897 -28.016 52.3968
    endloop
  endfacet
  facet normal 0 -1 0
    outer loop
      vertex -9.06671 -28.016 52.5605
      vertex -9.05973 -28.016 52.3606
      vertex -8.93059 -28.016 52.4131
    endloop
  endfacet
  facet normal 0 -1 0
    outer loop
      vertex -9.94199 -28.016 52.1969
      vertex -9.94897 -28.016 52.3968
      vertex -11.8644 -28.016 52.3299
    endloop
  endfacet
  facet normal -0 -1 0
    outer loop
      vertex -9.78216 -28.016 52.2062
      vertex -9.94897 -28.016 52.3968
      vertex -9.94199 -28.016 52.1969
    endloop
  endfacet
  facet normal 0 -1 0
    outer loop
      vertex -9.20096 -28.016 52.5152
      vertex -9.19398 -28.016 52.3153
      vertex -9.05973 -28.016 52.3606
    endloop
  endfacet
  facet normal 0 -1 0
    outer loop
      vertex -9.34033 -28.016 52.4771
      vertex -9.33335 -28.016 52.2773
      vertex -9.19398 -28.016 52.3153
    endloop
  endfacet
  facet normal 0 -1 0
    outer loop
      vertex -9.48482 -28.016 52.4463
      vertex -9.47784 -28.016 52.2464
      vertex -9.33335 -28.016 52.2773
    endloop
  endfacet
  facet normal 0 -1 0
    outer loop
      vertex -9.63443 -28.016 52.4226
      vertex -9.62745 -28.016 52.2227
      vertex -9.47784 -28.016 52.2464
    endloop
  endfacet
  facet normal 0 -1 0
    outer loop
      vertex -9.78914 -28.016 52.4061
      vertex -9.78216 -28.016 52.2062
      vertex -9.62745 -28.016 52.2227
    endloop
  endfacet
  facet normal -0 -1 0
    outer loop
      vertex -9.94199 -28.016 52.1969
      vertex -11.8644 -28.016 52.3299
      vertex -11.8574 -28.016 52.1301
    endloop
  endfacet
  facet normal 0 -1 0
    outer loop
      vertex 9.16521 -28.016 53.0643
      vertex 10.4602 -28.016 52.9094
      vertex 10.4532 -28.016 53.1093
    endloop
  endfacet
  facet normal -0 -1 0
    outer loop
      vertex 10.4602 -28.016 52.9094
      vertex 9.16521 -28.016 53.0643
      vertex 9.17219 -28.016 52.8644
    endloop
  endfacet
  facet normal 0 -1 0
    outer loop
      vertex 10.4196 -28.016 54.0716
      vertex 10.7069 -28.016 54.2059
      vertex 10.6999 -28.016 54.4058
    endloop
  endfacet
  facet normal 0 -1 0
    outer loop
      vertex 10.7069 -28.016 54.2059
      vertex 10.4196 -28.016 54.0716
      vertex 10.4266 -28.016 53.8717
    endloop
  endfacet
  facet normal 0 -1 0
    outer loop
      vertex 10.7069 -28.016 54.2059
      vertex 11.7191 -28.016 53.1535
      vertex 10.6999 -28.016 54.4058
    endloop
  endfacet
  facet normal 0 -1 -0
    outer loop
      vertex 12.7843 -28.016 53.1907
      vertex 11.726 -28.016 52.9536
      vertex 12.9414 -28.016 52.996
    endloop
  endfacet
  facet normal 0 -1 0
    outer loop
      vertex 11.726 -28.016 52.9536
      vertex 11.7191 -28.016 53.1535
      vertex 10.7069 -28.016 54.2059
    endloop
  endfacet
  facet normal 0 1 0
    outer loop
      vertex 12.7843 -28.016 53.1907
      vertex 12.9414 -28.016 52.996
      vertex 11.547 -28.016 54.7234
    endloop
  endfacet
  facet normal 0 -1 0
    outer loop
      vertex 11.726 -28.016 52.9536
      vertex 12.7843 -28.016 53.1907
      vertex 11.7191 -28.016 53.1535
    endloop
  endfacet
  facet normal 0 -1 0
    outer loop
      vertex 11.612 -28.016 55.2165
      vertex 12.4978 -28.016 56.4713
      vertex 11.526 -28.016 55.323
    endloop
  endfacet
  facet normal 0 -1 -0
    outer loop
      vertex 12.4978 -28.016 56.4713
      vertex 11.612 -28.016 55.2165
      vertex 12.6792 -28.016 56.4776
    endloop
  endfacet
  facet normal -0.99743 0 -0.071649
    outer loop
      vertex -21.0634 -28.016 53.3474
      vertex -21.0786 -27.848 53.559
      vertex -21.0634 -27.848 53.3474
    endloop
  endfacet
  facet normal -0.99743 -0 -0.071649
    outer loop
      vertex -21.0786 -27.848 53.559
      vertex -21.0634 -28.016 53.3474
      vertex -21.0786 -28.016 53.559
    endloop
  endfacet
  facet normal -0.988509 0 -0.15116
    outer loop
      vertex -21.033 -28.016 53.1486
      vertex -21.0634 -27.848 53.3474
      vertex -21.033 -27.848 53.1486
    endloop
  endfacet
  facet normal -0.988509 -0 -0.15116
    outer loop
      vertex -21.0634 -27.848 53.3474
      vertex -21.033 -28.016 53.1486
      vertex -21.0634 -28.016 53.3474
    endloop
  endfacet
  facet normal -0.971297 0 -0.237869
    outer loop
      vertex -20.9874 -28.016 52.9624
      vertex -21.033 -27.848 53.1486
      vertex -20.9874 -27.848 52.9624
    endloop
  endfacet
  facet normal -0.971297 -0 -0.237869
    outer loop
      vertex -21.033 -27.848 53.1486
      vertex -20.9874 -28.016 52.9624
      vertex -21.033 -28.016 53.1486
    endloop
  endfacet
  facet normal -0.943731 0 -0.330714
    outer loop
      vertex -20.9266 -28.016 52.7889
      vertex -20.9874 -27.848 52.9624
      vertex -20.9266 -27.848 52.7889
    endloop
  endfacet
  facet normal -0.943731 -0 -0.330714
    outer loop
      vertex -20.9874 -27.848 52.9624
      vertex -20.9266 -28.016 52.7889
      vertex -20.9874 -28.016 52.9624
    endloop
  endfacet
  facet normal -0.904321 0 -0.426853
    outer loop
      vertex -20.8507 -28.016 52.6281
      vertex -20.9266 -27.848 52.7889
      vertex -20.8507 -27.848 52.6281
    endloop
  endfacet
  facet normal -0.904321 -0 -0.426853
    outer loop
      vertex -20.9266 -27.848 52.7889
      vertex -20.8507 -28.016 52.6281
      vertex -20.9266 -28.016 52.7889
    endloop
  endfacet
  facet normal -0.8515 0 -0.524354
    outer loop
      vertex -20.7595 -28.016 52.48
      vertex -20.8507 -27.848 52.6281
      vertex -20.7595 -27.848 52.48
    endloop
  endfacet
  facet normal -0.8515 -0 -0.524354
    outer loop
      vertex -20.8507 -27.848 52.6281
      vertex -20.7595 -28.016 52.48
      vertex -20.8507 -28.016 52.6281
    endloop
  endfacet
  facet normal -0.786782 0 -0.617232
    outer loop
      vertex -20.6532 -28.016 52.3445
      vertex -20.7595 -27.848 52.48
      vertex -20.6532 -27.848 52.3445
    endloop
  endfacet
  facet normal -0.786782 -0 -0.617232
    outer loop
      vertex -20.7595 -27.848 52.48
      vertex -20.6532 -28.016 52.3445
      vertex -20.7595 -28.016 52.48
    endloop
  endfacet
  facet normal -0.710283 0 -0.703916
    outer loop
      vertex -20.5316 -28.016 52.2218
      vertex -20.6532 -27.848 52.3445
      vertex -20.5316 -27.848 52.2218
    endloop
  endfacet
  facet normal -0.710283 -0 -0.703916
    outer loop
      vertex -20.6532 -27.848 52.3445
      vertex -20.5316 -28.016 52.2218
      vertex -20.6532 -28.016 52.3445
    endloop
  endfacet
  facet normal -0.626804 0 -0.779177
    outer loop
      vertex -20.5316 -28.016 52.2218
      vertex -20.3966 -27.848 52.1132
      vertex -20.3966 -28.016 52.1132
    endloop
  endfacet
  facet normal -0.626804 0 -0.779177
    outer loop
      vertex -20.3966 -27.848 52.1132
      vertex -20.5316 -28.016 52.2218
      vertex -20.5316 -27.848 52.2218
    endloop
  endfacet
  facet normal -0.535572 0 -0.84449
    outer loop
      vertex -20.3966 -28.016 52.1132
      vertex -20.2498 -27.848 52.0201
      vertex -20.2498 -28.016 52.0201
    endloop
  endfacet
  facet normal -0.535572 0 -0.84449
    outer loop
      vertex -20.2498 -27.848 52.0201
      vertex -20.3966 -28.016 52.1132
      vertex -20.3966 -27.848 52.1132
    endloop
  endfacet
  facet normal -0.439495 0 -0.898245
    outer loop
      vertex -20.2498 -28.016 52.0201
      vertex -20.0912 -27.848 51.9425
      vertex -20.0912 -28.016 51.9425
    endloop
  endfacet
  facet normal -0.439495 0 -0.898245
    outer loop
      vertex -20.0912 -27.848 51.9425
      vertex -20.2498 -28.016 52.0201
      vertex -20.2498 -27.848 52.0201
    endloop
  endfacet
  facet normal -0.342407 0 -0.939552
    outer loop
      vertex -20.0912 -28.016 51.9425
      vertex -19.9208 -27.848 51.8804
      vertex -19.9208 -28.016 51.8804
    endloop
  endfacet
  facet normal -0.342407 0 -0.939552
    outer loop
      vertex -19.9208 -27.848 51.8804
      vertex -20.0912 -28.016 51.9425
      vertex -20.0912 -27.848 51.9425
    endloop
  endfacet
  facet normal -0.247288 0 -0.968942
    outer loop
      vertex -19.9208 -28.016 51.8804
      vertex -19.7386 -27.848 51.8339
      vertex -19.7386 -28.016 51.8339
    endloop
  endfacet
  facet normal -0.247288 0 -0.968942
    outer loop
      vertex -19.7386 -27.848 51.8339
      vertex -19.9208 -28.016 51.8804
      vertex -19.9208 -27.848 51.8804
    endloop
  endfacet
  facet normal -0.157792 0 -0.987472
    outer loop
      vertex -19.7386 -28.016 51.8339
      vertex -19.5446 -27.848 51.8029
      vertex -19.5446 -28.016 51.8029
    endloop
  endfacet
  facet normal -0.157792 0 -0.987472
    outer loop
      vertex -19.5446 -27.848 51.8029
      vertex -19.7386 -28.016 51.8339
      vertex -19.7386 -27.848 51.8339
    endloop
  endfacet
  facet normal -0.0751031 0 -0.997176
    outer loop
      vertex -19.5446 -28.016 51.8029
      vertex -19.3388 -27.848 51.7874
      vertex -19.3388 -28.016 51.7874
    endloop
  endfacet
  facet normal -0.0751031 0 -0.997176
    outer loop
      vertex -19.3388 -27.848 51.7874
      vertex -19.5446 -28.016 51.8029
      vertex -19.5446 -27.848 51.8029
    endloop
  endfacet
  facet normal 0.000459559 0 -1
    outer loop
      vertex -19.3388 -28.016 51.7874
      vertex -19.1212 -27.848 51.7875
      vertex -19.1212 -28.016 51.7875
    endloop
  endfacet
  facet normal 0.000459559 0 -1
    outer loop
      vertex -19.1212 -27.848 51.7875
      vertex -19.3388 -28.016 51.7874
      vertex -19.3388 -27.848 51.7874
    endloop
  endfacet
  facet normal 0.0694174 0 -0.997588
    outer loop
      vertex -19.1212 -28.016 51.7875
      vertex -18.9042 -27.848 51.8026
      vertex -18.9042 -28.016 51.8026
    endloop
  endfacet
  facet normal 0.0694174 0 -0.997588
    outer loop
      vertex -18.9042 -27.848 51.8026
      vertex -19.1212 -28.016 51.7875
      vertex -19.1212 -27.848 51.7875
    endloop
  endfacet
  facet normal 0.144406 0 -0.989519
    outer loop
      vertex -18.9042 -28.016 51.8026
      vertex -18.7 -27.848 51.8324
      vertex -18.7 -28.016 51.8324
    endloop
  endfacet
  facet normal 0.144406 0 -0.989519
    outer loop
      vertex -18.7 -27.848 51.8324
      vertex -18.9042 -28.016 51.8026
      vertex -18.9042 -27.848 51.8026
    endloop
  endfacet
  facet normal 0.22657 0 -0.973995
    outer loop
      vertex -18.7 -28.016 51.8324
      vertex -18.5087 -27.848 51.8769
      vertex -18.5087 -28.016 51.8769
    endloop
  endfacet
  facet normal 0.22657 0 -0.973995
    outer loop
      vertex -18.5087 -27.848 51.8769
      vertex -18.7 -28.016 51.8324
      vertex -18.7 -27.848 51.8324
    endloop
  endfacet
  facet normal 0.314313 0 -0.94932
    outer loop
      vertex -18.5087 -28.016 51.8769
      vertex -18.3302 -27.848 51.936
      vertex -18.3302 -28.016 51.936
    endloop
  endfacet
  facet normal 0.314313 0 -0.94932
    outer loop
      vertex -18.3302 -27.848 51.936
      vertex -18.5087 -28.016 51.8769
      vertex -18.5087 -27.848 51.8769
    endloop
  endfacet
  facet normal 0.406854 0 -0.913493
    outer loop
      vertex -18.3302 -28.016 51.936
      vertex -18.1645 -27.848 52.0098
      vertex -18.1645 -28.016 52.0098
    endloop
  endfacet
  facet normal 0.406854 0 -0.913493
    outer loop
      vertex -18.1645 -27.848 52.0098
      vertex -18.3302 -28.016 51.936
      vertex -18.3302 -27.848 51.936
    endloop
  endfacet
  facet normal 0.500768 0 -0.865581
    outer loop
      vertex -18.1645 -28.016 52.0098
      vertex -18.0117 -27.848 52.0982
      vertex -18.0117 -28.016 52.0982
    endloop
  endfacet
  facet normal 0.500768 0 -0.865581
    outer loop
      vertex -18.0117 -27.848 52.0982
      vertex -18.1645 -28.016 52.0098
      vertex -18.1645 -27.848 52.0098
    endloop
  endfacet
  facet normal 0.592983 0 -0.805215
    outer loop
      vertex -18.0117 -28.016 52.0982
      vertex -17.8717 -27.848 52.2013
      vertex -17.8717 -28.016 52.2013
    endloop
  endfacet
  facet normal 0.592983 0 -0.805215
    outer loop
      vertex -17.8717 -27.848 52.2013
      vertex -18.0117 -28.016 52.0982
      vertex -18.0117 -27.848 52.0982
    endloop
  endfacet
  facet normal 0.679765 0 -0.73343
    outer loop
      vertex -17.8717 -28.016 52.2013
      vertex -17.7446 -27.848 52.3191
      vertex -17.7446 -28.016 52.3191
    endloop
  endfacet
  facet normal 0.679765 0 -0.73343
    outer loop
      vertex -17.7446 -27.848 52.3191
      vertex -17.8717 -28.016 52.2013
      vertex -17.8717 -27.848 52.2013
    endloop
  endfacet
  facet normal 0.757824 0 -0.652458
    outer loop
      vertex -17.6319 -28.016 52.45
      vertex -17.7446 -27.848 52.3191
      vertex -17.6319 -27.848 52.45
    endloop
  endfacet
  facet normal 0.757824 0 -0.652458
    outer loop
      vertex -17.7446 -27.848 52.3191
      vertex -17.6319 -28.016 52.45
      vertex -17.7446 -28.016 52.3191
    endloop
  endfacet
  facet normal 0.827919 0 -0.560848
    outer loop
      vertex -17.5353 -28.016 52.5926
      vertex -17.6319 -27.848 52.45
      vertex -17.5353 -27.848 52.5926
    endloop
  endfacet
  facet normal 0.827919 0 -0.560848
    outer loop
      vertex -17.6319 -27.848 52.45
      vertex -17.5353 -28.016 52.5926
      vertex -17.6319 -28.016 52.45
    endloop
  endfacet
  facet normal 0.886113 0 -0.46347
    outer loop
      vertex -17.4547 -28.016 52.7467
      vertex -17.5353 -27.848 52.5926
      vertex -17.4547 -27.848 52.7467
    endloop
  endfacet
  facet normal 0.886113 0 -0.46347
    outer loop
      vertex -17.5353 -27.848 52.5926
      vertex -17.4547 -28.016 52.7467
      vertex -17.5353 -28.016 52.5926
    endloop
  endfacet
  facet normal 0.931698 0 -0.363233
    outer loop
      vertex -17.3901 -28.016 52.9124
      vertex -17.4547 -27.848 52.7467
      vertex -17.3901 -27.848 52.9124
    endloop
  endfacet
  facet normal 0.931698 0 -0.363233
    outer loop
      vertex -17.4547 -27.848 52.7467
      vertex -17.3901 -28.016 52.9124
      vertex -17.4547 -28.016 52.7467
    endloop
  endfacet
  facet normal 0.964563 0 -0.263854
    outer loop
      vertex -17.3416 -28.016 53.0897
      vertex -17.3901 -27.848 52.9124
      vertex -17.3416 -27.848 53.0897
    endloop
  endfacet
  facet normal 0.964563 0 -0.263854
    outer loop
      vertex -17.3901 -27.848 52.9124
      vertex -17.3416 -28.016 53.0897
      vertex -17.3901 -28.016 52.9124
    endloop
  endfacet
  facet normal 0.98552 0 -0.169557
    outer loop
      vertex -17.3091 -28.016 53.2786
      vertex -17.3416 -27.848 53.0897
      vertex -17.3091 -27.848 53.2786
    endloop
  endfacet
  facet normal 0.98552 0 -0.169557
    outer loop
      vertex -17.3416 -27.848 53.0897
      vertex -17.3091 -28.016 53.2786
      vertex -17.3416 -28.016 53.0897
    endloop
  endfacet
  facet normal 0.996671 0 -0.0815232
    outer loop
      vertex -17.2927 -28.016 53.4791
      vertex -17.3091 -27.848 53.2786
      vertex -17.2927 -27.848 53.4791
    endloop
  endfacet
  facet normal 0.996671 0 -0.0815232
    outer loop
      vertex -17.3091 -27.848 53.2786
      vertex -17.2927 -28.016 53.4791
      vertex -17.3091 -28.016 53.2786
    endloop
  endfacet
  facet normal 0.999998 0 -0.0018859
    outer loop
      vertex -17.2923 -28.016 53.6912
      vertex -17.2927 -27.848 53.4791
      vertex -17.2923 -27.848 53.6912
    endloop
  endfacet
  facet normal 0.999998 0 -0.0018859
    outer loop
      vertex -17.2927 -27.848 53.4791
      vertex -17.2923 -28.016 53.6912
      vertex -17.2927 -28.016 53.4791
    endloop
  endfacet
  facet normal 0.0350024 0 -0.999387
    outer loop
      vertex -1.96598 -28.016 53.4538
      vertex -1.60908 -27.848 53.4663
      vertex -1.60908 -28.016 53.4663
    endloop
  endfacet
  facet normal 0.0350024 0 -0.999387
    outer loop
      vertex -1.60908 -27.848 53.4663
      vertex -1.96598 -28.016 53.4538
      vertex -1.96598 -27.848 53.4538
    endloop
  endfacet
  facet normal -0.809047 0 -0.587744
    outer loop
      vertex -0.915887 -28.016 52.5121
      vertex -1.60908 -27.848 53.4663
      vertex -0.915887 -27.848 52.5121
    endloop
  endfacet
  facet normal -0.809047 -0 -0.587744
    outer loop
      vertex -1.60908 -27.848 53.4663
      vertex -0.915887 -28.016 52.5121
      vertex -1.60908 -28.016 53.4663
    endloop
  endfacet
  facet normal 0.034961 0 -0.999389
    outer loop
      vertex -0.915887 -28.016 52.5121
      vertex 0.210395 -27.848 52.5515
      vertex 0.210395 -28.016 52.5515
    endloop
  endfacet
  facet normal 0.034961 0 -0.999389
    outer loop
      vertex 0.210395 -27.848 52.5515
      vertex -0.915887 -28.016 52.5121
      vertex -0.915887 -27.848 52.5121
    endloop
  endfacet
  facet normal 0.805862 0 0.592104
    outer loop
      vertex 0.0670322 -28.006 52.7466
      vertex -0.360223 -27.848 53.3281
      vertex -0.360223 -28.006 53.3281
    endloop
  endfacet
  facet normal 0.805855 -5.24002e-05 0.592113
    outer loop
      vertex -0.360223 -27.848 53.3281
      vertex 0.0670322 -28.006 52.7466
      vertex 0.210395 -27.848 52.5515
    endloop
  endfacet
  facet normal 0.805834 0 0.592141
    outer loop
      vertex 0.210395 -28.016 52.5515
      vertex 0.0670322 -28.006 52.7466
      vertex 0.0670322 -28.016 52.7466
    endloop
  endfacet
  facet normal 0.805834 0 0.592141
    outer loop
      vertex 0.0670322 -28.006 52.7466
      vertex 0.210395 -28.016 52.5515
      vertex 0.210395 -27.848 52.5515
    endloop
  endfacet
  facet normal 0.572947 0 -0.819592
    outer loop
      vertex -0.279387 -28.52 53.5806
      vertex -0.270518 -27.848 53.5868
      vertex -0.270518 -28.52 53.5868
    endloop
  endfacet
  facet normal 0.572947 0 -0.819592
    outer loop
      vertex -0.270518 -27.848 53.5868
      vertex -0.279387 -28.52 53.5806
      vertex -0.279387 -27.848 53.5806
    endloop
  endfacet
  facet normal 0.805682 -0 0.592348
    outer loop
      vertex -0.374183 -28.52 53.7278
      vertex -0.270518 -27.848 53.5868
      vertex -0.374183 -27.848 53.7278
    endloop
  endfacet
  facet normal 0.805682 0 0.592348
    outer loop
      vertex -0.270518 -27.848 53.5868
      vertex -0.374183 -28.52 53.7278
      vertex -0.270518 -28.52 53.5868
    endloop
  endfacet
  facet normal 0.514566 0 -0.857451
    outer loop
      vertex -0.374183 -28.52 53.7278
      vertex -0.286366 -28.016 53.7805
      vertex -0.286366 -28.52 53.7805
    endloop
  endfacet
  facet normal 0.514566 0 -0.857451
    outer loop
      vertex -0.374183 -27.848 53.7278
      vertex -0.286366 -28.016 53.7805
      vertex -0.374183 -28.52 53.7278
    endloop
  endfacet
  facet normal 0.514566 0 -0.857451
    outer loop
      vertex -0.286366 -28.016 53.7805
      vertex -0.374183 -27.848 53.7278
      vertex -0.286366 -27.848 53.7805
    endloop
  endfacet
  facet normal 0.571121 0 -0.820866
    outer loop
      vertex -0.286366 -28.016 53.7805
      vertex -0.203147 -27.848 53.8384
      vertex -0.203147 -28.016 53.8384
    endloop
  endfacet
  facet normal 0.571121 0 -0.820866
    outer loop
      vertex -0.203147 -27.848 53.8384
      vertex -0.286366 -28.016 53.7805
      vertex -0.286366 -27.848 53.7805
    endloop
  endfacet
  facet normal 0.628121 0 -0.778116
    outer loop
      vertex -0.203147 -28.016 53.8384
      vertex -0.125722 -27.848 53.9009
      vertex -0.125722 -28.016 53.9009
    endloop
  endfacet
  facet normal 0.628121 0 -0.778116
    outer loop
      vertex -0.125722 -27.848 53.9009
      vertex -0.203147 -28.016 53.8384
      vertex -0.203147 -27.848 53.8384
    endloop
  endfacet
  facet normal 0.6838 0 -0.72967
    outer loop
      vertex -0.125722 -28.016 53.9009
      vertex -0.0541209 -27.848 53.968
      vertex -0.0541209 -28.016 53.968
    endloop
  endfacet
  facet normal 0.6838 0 -0.72967
    outer loop
      vertex -0.0541209 -27.848 53.968
      vertex -0.125722 -28.016 53.9009
      vertex -0.125722 -27.848 53.9009
    endloop
  endfacet
  facet normal 0.736337 0 -0.676615
    outer loop
      vertex 0.0116719 -28.016 54.0396
      vertex -0.0541209 -27.848 53.968
      vertex 0.0116719 -27.848 54.0396
    endloop
  endfacet
  facet normal 0.736337 0 -0.676615
    outer loop
      vertex -0.0541209 -27.848 53.968
      vertex 0.0116719 -28.016 54.0396
      vertex -0.0541209 -28.016 53.968
    endloop
  endfacet
  facet normal 0.785681 0 -0.618631
    outer loop
      vertex 0.0716704 -28.016 54.1158
      vertex 0.0116719 -27.848 54.0396
      vertex 0.0716704 -27.848 54.1158
    endloop
  endfacet
  facet normal 0.785681 0 -0.618631
    outer loop
      vertex 0.0116719 -27.848 54.0396
      vertex 0.0716704 -28.016 54.1158
      vertex 0.0116719 -28.016 54.0396
    endloop
  endfacet
  facet normal 0.830439 0 -0.557109
    outer loop
      vertex 0.125876 -28.016 54.1966
      vertex 0.0716704 -27.848 54.1158
      vertex 0.125876 -27.848 54.1966
    endloop
  endfacet
  facet normal 0.830439 0 -0.557109
    outer loop
      vertex 0.0716704 -27.848 54.1158
      vertex 0.125876 -28.016 54.1966
      vertex 0.0716704 -28.016 54.1158
    endloop
  endfacet
  facet normal 0.871248 0 -0.490844
    outer loop
      vertex 0.173707 -28.016 54.2815
      vertex 0.125876 -27.848 54.1966
      vertex 0.173707 -27.848 54.2815
    endloop
  endfacet
  facet normal 0.871248 0 -0.490844
    outer loop
      vertex 0.125876 -27.848 54.1966
      vertex 0.173707 -28.016 54.2815
      vertex 0.125876 -28.016 54.1966
    endloop
  endfacet
  facet normal 0.907777 0 -0.419453
    outer loop
      vertex 0.214646 -28.016 54.3701
      vertex 0.173707 -27.848 54.2815
      vertex 0.214646 -27.848 54.3701
    endloop
  endfacet
  facet normal 0.907777 0 -0.419453
    outer loop
      vertex 0.173707 -27.848 54.2815
      vertex 0.214646 -28.016 54.3701
      vertex 0.173707 -28.016 54.2815
    endloop
  endfacet
  facet normal 0.938202 0 -0.346088
    outer loop
      vertex 0.248694 -28.016 54.4624
      vertex 0.214646 -27.848 54.3701
      vertex 0.248694 -27.848 54.4624
    endloop
  endfacet
  facet normal 0.938202 0 -0.346088
    outer loop
      vertex 0.214646 -27.848 54.3701
      vertex 0.248694 -28.016 54.4624
      vertex 0.214646 -28.016 54.3701
    endloop
  endfacet
  facet normal 0.962247 0 -0.272178
    outer loop
      vertex 0.27582 -28.016 54.5583
      vertex 0.248694 -27.848 54.4624
      vertex 0.27582 -27.848 54.5583
    endloop
  endfacet
  facet normal 0.962247 0 -0.272178
    outer loop
      vertex 0.248694 -27.848 54.4624
      vertex 0.27582 -28.016 54.5583
      vertex 0.248694 -28.016 54.4624
    endloop
  endfacet
  facet normal 0.979984 0 -0.199076
    outer loop
      vertex 0.296053 -28.016 54.6579
      vertex 0.27582 -27.848 54.5583
      vertex 0.296053 -27.848 54.6579
    endloop
  endfacet
  facet normal 0.979984 0 -0.199076
    outer loop
      vertex 0.27582 -27.848 54.5583
      vertex 0.296053 -28.016 54.6579
      vertex 0.27582 -28.016 54.5583
    endloop
  endfacet
  facet normal 0.991766 0 -0.128065
    outer loop
      vertex 0.309379 -28.016 54.7611
      vertex 0.296053 -27.848 54.6579
      vertex 0.309379 -27.848 54.7611
    endloop
  endfacet
  facet normal 0.991766 0 -0.128065
    outer loop
      vertex 0.296053 -27.848 54.6579
      vertex 0.309379 -28.016 54.7611
      vertex 0.296053 -28.016 54.6579
    endloop
  endfacet
  facet normal 0.99995 0 -0.0099995
    outer loop
      vertex 0.310347 -27.838 54.7772
      vertex 0.310346 -27.848 54.7771
      vertex 0.310346 -27.838 54.7771
    endloop
  endfacet
  facet normal 0.99995 0 -0.0099995
    outer loop
      vertex 0.310347 -28.016 54.7772
      vertex 0.310346 -27.848 54.7771
      vertex 0.310347 -27.838 54.7772
    endloop
  endfacet
  facet normal 0.998179 -2.99676e-05 -0.0603274
    outer loop
      vertex 0.310347 -28.016 54.7772
      vertex 0.309379 -27.848 54.7611
      vertex 0.310346 -27.848 54.7771
    endloop
  endfacet
  facet normal 0.998197 0 -0.0600158
    outer loop
      vertex 0.309379 -27.848 54.7611
      vertex 0.310347 -28.016 54.7772
      vertex 0.309379 -28.016 54.7611
    endloop
  endfacet
  facet normal 0.984951 0 0.172834
    outer loop
      vertex 0.292077 -28.006 54.881
      vertex 0.288936 -27.838 54.8989
      vertex 0.288936 -28.006 54.8989
    endloop
  endfacet
  facet normal 0.984874 -4.80356e-05 0.173271
    outer loop
      vertex 0.288936 -27.838 54.8989
      vertex 0.292077 -28.006 54.881
      vertex 0.310347 -27.838 54.7772
    endloop
  endfacet
  facet normal 0.984861 0 0.173347
    outer loop
      vertex 0.310347 -28.016 54.7772
      vertex 0.292077 -28.006 54.881
      vertex 0.292077 -28.016 54.881
    endloop
  endfacet
  facet normal 0.984861 0 0.173347
    outer loop
      vertex 0.292077 -28.006 54.881
      vertex 0.310347 -28.016 54.7772
      vertex 0.310347 -27.838 54.7772
    endloop
  endfacet
  facet normal 0.0349336 0 -0.99939
    outer loop
      vertex -3.24211 -28.016 52.4309
      vertex -1.93185 -27.848 52.4767
      vertex -1.93185 -28.016 52.4767
    endloop
  endfacet
  facet normal 0.0349336 0 -0.99939
    outer loop
      vertex -1.93185 -27.848 52.4767
      vertex -3.24211 -28.016 52.4309
      vertex -3.24211 -27.848 52.4309
    endloop
  endfacet
  facet normal 0.00455438 0 -0.99999
    outer loop
      vertex -1.55482 -28.016 55.3692
      vertex -1.48895 -27.848 55.3695
      vertex -1.48895 -28.016 55.3695
    endloop
  endfacet
  facet normal 0.00455438 0 -0.99999
    outer loop
      vertex -1.48895 -27.848 55.3695
      vertex -1.55482 -28.016 55.3692
      vertex -1.55482 -27.848 55.3692
    endloop
  endfacet
  facet normal -0.0567634 0 -0.998388
    outer loop
      vertex -1.48895 -28.016 55.3695
      vertex -1.42739 -27.848 55.366
      vertex -1.42739 -28.016 55.366
    endloop
  endfacet
  facet normal -0.0567634 0 -0.998388
    outer loop
      vertex -1.42739 -27.848 55.366
      vertex -1.48895 -28.016 55.3695
      vertex -1.48895 -27.848 55.3695
    endloop
  endfacet
  facet normal -0.131529 0 -0.991312
    outer loop
      vertex -1.42739 -28.016 55.366
      vertex -1.37011 -27.848 55.3584
      vertex -1.37011 -28.016 55.3584
    endloop
  endfacet
  facet normal -0.131529 0 -0.991312
    outer loop
      vertex -1.37011 -27.848 55.3584
      vertex -1.42739 -28.016 55.366
      vertex -1.42739 -27.848 55.366
    endloop
  endfacet
  facet normal -0.212047 0 -0.977259
    outer loop
      vertex -1.37011 -28.016 55.3584
      vertex -1.31711 -27.848 55.3469
      vertex -1.31711 -28.016 55.3469
    endloop
  endfacet
  facet normal -0.212047 0 -0.977259
    outer loop
      vertex -1.31711 -27.848 55.3469
      vertex -1.37011 -28.016 55.3584
      vertex -1.37011 -27.848 55.3584
    endloop
  endfacet
  facet normal -0.303284 0 -0.9529
    outer loop
      vertex -1.31711 -28.016 55.3469
      vertex -1.26841 -27.848 55.3314
      vertex -1.26841 -28.016 55.3314
    endloop
  endfacet
  facet normal -0.303284 0 -0.9529
    outer loop
      vertex -1.26841 -27.848 55.3314
      vertex -1.31711 -28.016 55.3469
      vertex -1.31711 -27.848 55.3469
    endloop
  endfacet
  facet normal -0.402192 0 -0.915555
    outer loop
      vertex -1.26841 -28.016 55.3314
      vertex -1.22402 -27.848 55.3119
      vertex -1.22402 -28.016 55.3119
    endloop
  endfacet
  facet normal -0.402192 0 -0.915555
    outer loop
      vertex -1.22402 -27.848 55.3119
      vertex -1.26841 -28.016 55.3314
      vertex -1.26841 -27.848 55.3314
    endloop
  endfacet
  facet normal -0.503817 0 -0.86381
    outer loop
      vertex -1.22402 -28.016 55.3119
      vertex -1.1839 -27.848 55.2885
      vertex -1.1839 -28.016 55.2885
    endloop
  endfacet
  facet normal -0.503817 0 -0.86381
    outer loop
      vertex -1.1839 -27.848 55.2885
      vertex -1.22402 -28.016 55.3119
      vertex -1.22402 -27.848 55.3119
    endloop
  endfacet
  facet normal -0.608854 0 -0.793282
    outer loop
      vertex -1.1839 -28.016 55.2885
      vertex -1.14807 -27.848 55.261
      vertex -1.14807 -28.016 55.261
    endloop
  endfacet
  facet normal -0.608854 0 -0.793282
    outer loop
      vertex -1.14807 -27.848 55.261
      vertex -1.1839 -28.016 55.2885
      vertex -1.1839 -27.848 55.2885
    endloop
  endfacet
  facet normal -0.696965 0 -0.717105
    outer loop
      vertex -1.14807 -28.016 55.261
      vertex -1.11638 -27.848 55.2302
      vertex -1.11638 -28.016 55.2302
    endloop
  endfacet
  facet normal -0.696965 0 -0.717105
    outer loop
      vertex -1.11638 -27.848 55.2302
      vertex -1.14807 -28.016 55.261
      vertex -1.14807 -27.848 55.261
    endloop
  endfacet
  facet normal -0.773335 0 -0.633997
    outer loop
      vertex -1.08867 -28.016 55.1964
      vertex -1.11638 -27.848 55.2302
      vertex -1.08867 -27.848 55.1964
    endloop
  endfacet
  facet normal -0.773335 -0 -0.633997
    outer loop
      vertex -1.11638 -27.848 55.2302
      vertex -1.08867 -28.016 55.1964
      vertex -1.11638 -28.016 55.2302
    endloop
  endfacet
  facet normal -0.839644 0 -0.543137
    outer loop
      vertex -1.06493 -28.016 55.1597
      vertex -1.08867 -27.848 55.1964
      vertex -1.06493 -27.848 55.1597
    endloop
  endfacet
  facet normal -0.839644 -0 -0.543137
    outer loop
      vertex -1.08867 -27.848 55.1964
      vertex -1.06493 -28.016 55.1597
      vertex -1.08867 -28.016 55.1964
    endloop
  endfacet
  facet normal -0.894879 0 -0.446309
    outer loop
      vertex -1.04518 -28.016 55.1201
      vertex -1.06493 -27.848 55.1597
      vertex -1.04518 -27.848 55.1201
    endloop
  endfacet
  facet normal -0.894879 -0 -0.446309
    outer loop
      vertex -1.06493 -27.848 55.1597
      vertex -1.04518 -28.016 55.1201
      vertex -1.06493 -28.016 55.1597
    endloop
  endfacet
  facet normal -0.937466 0 -0.348076
    outer loop
      vertex -1.0294 -28.016 55.0776
      vertex -1.04518 -27.848 55.1201
      vertex -1.0294 -27.848 55.0776
    endloop
  endfacet
  facet normal -0.937466 -0 -0.348076
    outer loop
      vertex -1.04518 -27.848 55.1201
      vertex -1.0294 -28.016 55.0776
      vertex -1.04518 -28.016 55.1201
    endloop
  endfacet
  facet normal -0.967895 0 -0.251354
    outer loop
      vertex -1.01761 -28.016 55.0322
      vertex -1.0294 -27.848 55.0776
      vertex -1.01761 -27.848 55.0322
    endloop
  endfacet
  facet normal -0.967895 -0 -0.251354
    outer loop
      vertex -1.0294 -27.848 55.0776
      vertex -1.01761 -28.016 55.0322
      vertex -1.0294 -28.016 55.0776
    endloop
  endfacet
  facet normal -0.98723 0 -0.159303
    outer loop
      vertex -1.0098 -27.848 54.9838
      vertex -1.01761 -28.016 55.0322
      vertex -1.01761 -27.848 55.0322
    endloop
  endfacet
  facet normal -0.98723 0 -0.159303
    outer loop
      vertex -1.0098 -28.52 54.9838
      vertex -1.01761 -28.016 55.0322
      vertex -1.0098 -27.848 54.9838
    endloop
  endfacet
  facet normal -0.98723 -0 -0.159303
    outer loop
      vertex -1.01761 -28.016 55.0322
      vertex -1.0098 -28.52 54.9838
      vertex -1.01761 -28.52 55.0322
    endloop
  endfacet
  facet normal -0.997225 0 -0.0744517
    outer loop
      vertex -1.00597 -28.52 54.9325
      vertex -1.0098 -27.848 54.9838
      vertex -1.00597 -27.848 54.9325
    endloop
  endfacet
  facet normal -0.997225 -0 -0.0744517
    outer loop
      vertex -1.0098 -27.848 54.9838
      vertex -1.00597 -28.52 54.9325
      vertex -1.0098 -28.52 54.9838
    endloop
  endfacet
  facet normal -0.999988 0 0.00486376
    outer loop
      vertex -1.00622 -28.52 54.8811
      vertex -1.00597 -27.848 54.9325
      vertex -1.00622 -27.848 54.8811
    endloop
  endfacet
  facet normal -0.999988 0 0.00486376
    outer loop
      vertex -1.00597 -27.848 54.9325
      vertex -1.00622 -28.52 54.8811
      vertex -1.00597 -28.52 54.9325
    endloop
  endfacet
  facet normal -0.995942 0 0.0900021
    outer loop
      vertex -1.01063 -28.52 54.8323
      vertex -1.00622 -27.848 54.8811
      vertex -1.01063 -27.848 54.8323
    endloop
  endfacet
  facet normal -0.995942 0 0.0900021
    outer loop
      vertex -1.00622 -27.848 54.8811
      vertex -1.01063 -28.52 54.8323
      vertex -1.00622 -28.52 54.8811
    endloop
  endfacet
  facet normal 0.0349554 0 -0.999389
    outer loop
      vertex -2.03228 -28.016 55.3525
      vertex -1.55482 -27.848 55.3692
      vertex -1.55482 -28.016 55.3692
    endloop
  endfacet
  facet normal 0.0349554 0 -0.999389
    outer loop
      vertex -1.55482 -27.848 55.3692
      vertex -2.03228 -28.016 55.3525
      vertex -2.03228 -27.848 55.3525
    endloop
  endfacet
  facet normal 0.0349492 0 -0.999389
    outer loop
      vertex 0.587731 -28.016 55.4384
      vertex 1.72583 -27.848 55.4782
      vertex 1.72583 -28.016 55.4782
    endloop
  endfacet
  facet normal 0.0349492 0 -0.999389
    outer loop
      vertex 1.72583 -27.848 55.4782
      vertex 0.587731 -28.016 55.4384
      vertex 0.587731 -27.848 55.4384
    endloop
  endfacet
  facet normal 0.0348574 0 -0.999392
    outer loop
      vertex 1.82606 -28.016 52.6079
      vertex 3.13632 -27.848 52.6536
      vertex 3.13632 -28.016 52.6536
    endloop
  endfacet
  facet normal 0.0348574 0 -0.999392
    outer loop
      vertex 3.13632 -27.848 52.6536
      vertex 1.82606 -28.016 52.6079
      vertex 1.82606 -27.848 52.6079
    endloop
  endfacet
  facet normal 0.0349492 0 -0.999389
    outer loop
      vertex 3.03608 -28.016 55.5239
      vertex 4.17418 -27.848 55.5637
      vertex 4.17418 -28.016 55.5637
    endloop
  endfacet
  facet normal 0.0349492 0 -0.999389
    outer loop
      vertex 4.17418 -27.848 55.5637
      vertex 3.03608 -28.016 55.5239
      vertex 3.03608 -27.848 55.5239
    endloop
  endfacet
  facet normal 0.0348906 0 -0.999391
    outer loop
      vertex 5.68695 -28.016 53.4209
      vertex 7.16496 -27.848 53.4725
      vertex 7.16496 -28.016 53.4725
    endloop
  endfacet
  facet normal 0.0348906 0 -0.999391
    outer loop
      vertex 7.16496 -27.848 53.4725
      vertex 5.68695 -28.016 53.4209
      vertex 5.68695 -27.848 53.4209
    endloop
  endfacet
  facet normal -0.920359 0 -0.391074
    outer loop
      vertex 7.44893 -28.016 52.8042
      vertex 7.16496 -27.848 53.4725
      vertex 7.44893 -27.848 52.8042
    endloop
  endfacet
  facet normal -0.920359 -0 -0.391074
    outer loop
      vertex 7.16496 -27.848 53.4725
      vertex 7.44893 -28.016 52.8042
      vertex 7.16496 -28.016 53.4725
    endloop
  endfacet
  facet normal 0.0349815 0 -0.999388
    outer loop
      vertex 7.44893 -28.016 52.8042
      vertex 8.62883 -27.848 52.8455
      vertex 8.62883 -28.016 52.8455
    endloop
  endfacet
  facet normal 0.0349815 0 -0.999388
    outer loop
      vertex 8.62883 -27.848 52.8455
      vertex 7.44893 -28.016 52.8042
      vertex 7.44893 -27.848 52.8042
    endloop
  endfacet
  facet normal 0.901739 -0 0.432281
    outer loop
      vertex 6.983 -28.016 56.2787
      vertex 8.62883 -27.848 52.8455
      vertex 6.983 -27.848 56.2787
    endloop
  endfacet
  facet normal 0.901739 0 0.432281
    outer loop
      vertex 8.62883 -27.848 52.8455
      vertex 6.983 -28.016 56.2787
      vertex 8.62883 -28.016 52.8455
    endloop
  endfacet
  facet normal -0.929695 0 0.36833
    outer loop
      vertex 4.29261 -28.016 52.694
      vertex 5.69498 -27.848 56.2337
      vertex 4.29261 -27.848 52.694
    endloop
  endfacet
  facet normal -0.929695 0 0.36833
    outer loop
      vertex 5.69498 -27.848 56.2337
      vertex 4.29261 -28.016 52.694
      vertex 5.69498 -28.016 56.2337
    endloop
  endfacet
  facet normal 0.034963 0 -0.999389
    outer loop
      vertex 4.29261 -28.016 52.694
      vertex 5.45027 -27.848 52.7345
      vertex 5.45027 -28.016 52.7345
    endloop
  endfacet
  facet normal 0.034963 0 -0.999389
    outer loop
      vertex 5.45027 -27.848 52.7345
      vertex 4.29261 -28.016 52.694
      vertex 4.29261 -27.848 52.694
    endloop
  endfacet
  facet normal 0.945377 0 -0.325979
    outer loop
      vertex 5.68695 -28.016 53.4209
      vertex 5.45027 -27.848 52.7345
      vertex 5.68695 -27.848 53.4209
    endloop
  endfacet
  facet normal 0.945377 0 -0.325979
    outer loop
      vertex 5.45027 -27.848 52.7345
      vertex 5.68695 -28.016 53.4209
      vertex 5.45027 -28.016 52.7345
    endloop
  endfacet
  facet normal 0.94537 0 -0.326001
    outer loop
      vertex 6.09357 -28.52 54.38
      vertex 6.02374 -27.848 54.1775
      vertex 6.09357 -27.848 54.38
    endloop
  endfacet
  facet normal 0.94537 0 -0.326001
    outer loop
      vertex 6.02374 -27.848 54.1775
      vertex 6.09357 -28.52 54.38
      vertex 6.02374 -28.52 54.1775
    endloop
  endfacet
  facet normal -0.03513 0 0.999383
    outer loop
      vertex 6.01676 -28.006 54.3773
      vertex 6.09357 -27.848 54.38
      vertex 6.01676 -27.848 54.3773
    endloop
  endfacet
  facet normal -0.03513 0 0.999383
    outer loop
      vertex 6.09357 -27.848 54.38
      vertex 6.01676 -28.006 54.3773
      vertex 6.09357 -28.52 54.38
    endloop
  endfacet
  facet normal -0.03513 0 0.999383
    outer loop
      vertex 6.09357 -28.52 54.38
      vertex 6.01676 -28.006 54.3773
      vertex 6.01676 -28.52 54.3773
    endloop
  endfacet
  facet normal 0.945379 -0.000108871 -0.325975
    outer loop
      vertex 6.35881 -27.848 55.3693
      vertex 6.0866 -28.006 54.5799
      vertex 6.01676 -27.848 54.3773
    endloop
  endfacet
  facet normal 0.945372 0 -0.325994
    outer loop
      vertex 6.35881 -28.016 55.3693
      vertex 6.0866 -28.006 54.5799
      vertex 6.35881 -27.848 55.3693
    endloop
  endfacet
  facet normal 0.945372 0 -0.325994
    outer loop
      vertex 6.0866 -28.006 54.5799
      vertex 6.35881 -28.016 55.3693
      vertex 6.0866 -28.016 54.5799
    endloop
  endfacet
  facet normal 0.945405 0 -0.325899
    outer loop
      vertex 6.01676 -27.848 54.3773
      vertex 6.0866 -28.006 54.5799
      vertex 6.01676 -28.006 54.3773
    endloop
  endfacet
  facet normal -0.920348 0 -0.391101
    outer loop
      vertex 6.68543 -28.006 54.6008
      vertex 6.76923 -27.848 54.4036
      vertex 6.76923 -28.006 54.4036
    endloop
  endfacet
  facet normal -0.920332 -5.52752e-05 -0.391139
    outer loop
      vertex 6.76923 -27.848 54.4036
      vertex 6.68543 -28.006 54.6008
      vertex 6.35881 -27.848 55.3693
    endloop
  endfacet
  facet normal -0.920328 0 -0.391148
    outer loop
      vertex 6.35881 -28.016 55.3693
      vertex 6.68543 -28.006 54.6008
      vertex 6.68543 -28.016 54.6008
    endloop
  endfacet
  facet normal -0.920328 0 -0.391148
    outer loop
      vertex 6.68543 -28.006 54.6008
      vertex 6.35881 -28.016 55.3693
      vertex 6.35881 -27.848 55.3693
    endloop
  endfacet
  facet normal -0.03513 0 0.999383
    outer loop
      vertex 6.69242 -27.848 54.4009
      vertex 6.76923 -28.006 54.4036
      vertex 6.76923 -27.848 54.4036
    endloop
  endfacet
  facet normal -0.03513 0 0.999383
    outer loop
      vertex 6.69242 -28.52 54.4009
      vertex 6.76923 -28.006 54.4036
      vertex 6.69242 -27.848 54.4009
    endloop
  endfacet
  facet normal -0.03513 0 0.999383
    outer loop
      vertex 6.76923 -28.006 54.4036
      vertex 6.69242 -28.52 54.4009
      vertex 6.76923 -28.52 54.4036
    endloop
  endfacet
  facet normal -0.920365 0 -0.391062
    outer loop
      vertex 6.77621 -28.52 54.2037
      vertex 6.69242 -27.848 54.4009
      vertex 6.77621 -27.848 54.2037
    endloop
  endfacet
  facet normal -0.920365 -0 -0.391062
    outer loop
      vertex 6.69242 -27.848 54.4009
      vertex 6.77621 -28.52 54.2037
      vertex 6.69242 -28.52 54.4009
    endloop
  endfacet
  facet normal 0.0349334 0 -0.99939
    outer loop
      vertex -5.92326 -28.016 55.2388
      vertex -4.05227 -27.848 55.3042
      vertex -4.05227 -28.016 55.3042
    endloop
  endfacet
  facet normal 0.0349334 0 -0.99939
    outer loop
      vertex -4.05227 -27.848 55.3042
      vertex -5.92326 -28.016 55.2388
      vertex -5.92326 -27.848 55.2388
    endloop
  endfacet
  facet normal 0.0349199 0 -0.99939
    outer loop
      vertex -7.11006 -28.016 52.2958
      vertex -3.87892 -27.848 52.4087
      vertex -3.87892 -28.016 52.4087
    endloop
  endfacet
  facet normal 0.0349199 0 -0.99939
    outer loop
      vertex -3.87892 -27.848 52.4087
      vertex -7.11006 -28.016 52.2958
      vertex -7.11006 -27.848 52.2958
    endloop
  endfacet
  facet normal 0.0349072 0 -0.999391
    outer loop
      vertex -5.87441 -28.016 53.8398
      vertex -4.23105 -27.848 53.8972
      vertex -4.23105 -28.016 53.8972
    endloop
  endfacet
  facet normal 0.0349072 0 -0.999391
    outer loop
      vertex -4.23105 -27.848 53.8972
      vertex -5.87441 -28.016 53.8398
      vertex -5.87441 -27.848 53.8398
    endloop
  endfacet
  facet normal -0.744491 0 -0.667633
    outer loop
      vertex -13.7246 -28.016 52.0649
      vertex -15.263 -27.848 53.7804
      vertex -13.7246 -27.848 52.0649
    endloop
  endfacet
  facet normal -0.744491 -0 -0.667633
    outer loop
      vertex -15.263 -27.848 53.7804
      vertex -13.7246 -28.016 52.0649
      vertex -15.263 -28.016 53.7804
    endloop
  endfacet
  facet normal 0.0348873 0 -0.999391
    outer loop
      vertex -13.7246 -28.016 52.0649
      vertex -12.6475 -27.848 52.1025
      vertex -12.6475 -28.016 52.1025
    endloop
  endfacet
  facet normal 0.0348873 0 -0.999391
    outer loop
      vertex -12.6475 -27.848 52.1025
      vertex -13.7246 -28.016 52.0649
      vertex -13.7246 -27.848 52.0649
    endloop
  endfacet
  facet normal 0.0349043 0 -0.999391
    outer loop
      vertex -16.4783 -28.016 51.9687
      vertex -15.2013 -27.848 52.0133
      vertex -15.2013 -28.016 52.0133
    endloop
  endfacet
  facet normal 0.0349043 0 -0.999391
    outer loop
      vertex -15.2013 -27.848 52.0133
      vertex -16.4783 -28.016 51.9687
      vertex -16.4783 -27.848 51.9687
    endloop
  endfacet
  facet normal 0.0350024 0 -0.999387
    outer loop
      vertex 18.713 -28.016 54.1759
      vertex 19.0699 -27.848 54.1884
      vertex 19.0699 -28.016 54.1884
    endloop
  endfacet
  facet normal 0.0350024 0 -0.999387
    outer loop
      vertex 19.0699 -27.848 54.1884
      vertex 18.713 -28.016 54.1759
      vertex 18.713 -27.848 54.1759
    endloop
  endfacet
  facet normal -0.809015 0 -0.587788
    outer loop
      vertex 19.7631 -28.016 53.2343
      vertex 19.0699 -27.848 54.1884
      vertex 19.7631 -27.848 53.2343
    endloop
  endfacet
  facet normal -0.809015 -0 -0.587788
    outer loop
      vertex 19.0699 -27.848 54.1884
      vertex 19.7631 -28.016 53.2343
      vertex 19.0699 -28.016 54.1884
    endloop
  endfacet
  facet normal 0.0348718 0 -0.999392
    outer loop
      vertex 19.7631 -28.016 53.2343
      vertex 20.8894 -27.848 53.2736
      vertex 20.8894 -28.016 53.2736
    endloop
  endfacet
  facet normal 0.0348718 0 -0.999392
    outer loop
      vertex 20.8894 -27.848 53.2736
      vertex 19.7631 -28.016 53.2343
      vertex 19.7631 -27.848 53.2343
    endloop
  endfacet
  facet normal 0.805898 0 0.592054
    outer loop
      vertex 20.746 -28.006 53.4687
      vertex 20.3188 -27.848 54.0502
      vertex 20.3188 -28.006 54.0502
    endloop
  endfacet
  facet normal 0.805864 -0.0002652 0.592101
    outer loop
      vertex 20.3188 -27.848 54.0502
      vertex 20.746 -28.006 53.4687
      vertex 20.8894 -27.848 53.2736
    endloop
  endfacet
  facet normal 0.805761 0 0.592241
    outer loop
      vertex 20.8894 -28.016 53.2736
      vertex 20.746 -28.006 53.4687
      vertex 20.746 -28.016 53.4687
    endloop
  endfacet
  facet normal 0.805761 0 0.592241
    outer loop
      vertex 20.746 -28.006 53.4687
      vertex 20.8894 -28.016 53.2736
      vertex 20.8894 -27.848 53.2736
    endloop
  endfacet
  facet normal 0.571605 0 -0.820529
    outer loop
      vertex 20.3996 -28.52 54.3027
      vertex 20.4085 -27.848 54.3089
      vertex 20.4085 -28.52 54.3089
    endloop
  endfacet
  facet normal 0.571605 0 -0.820529
    outer loop
      vertex 20.4085 -27.848 54.3089
      vertex 20.3996 -28.52 54.3027
      vertex 20.3996 -27.848 54.3027
    endloop
  endfacet
  facet normal 0.805787 -0 0.592205
    outer loop
      vertex 20.3048 -28.52 54.45
      vertex 20.4085 -27.848 54.3089
      vertex 20.3048 -27.848 54.45
    endloop
  endfacet
  facet normal 0.805787 0 0.592205
    outer loop
      vertex 20.4085 -27.848 54.3089
      vertex 20.3048 -28.52 54.45
      vertex 20.4085 -28.52 54.3089
    endloop
  endfacet
  facet normal 0.513921 0 -0.857838
    outer loop
      vertex 20.3048 -28.52 54.45
      vertex 20.3926 -28.016 54.5026
      vertex 20.3926 -28.52 54.5026
    endloop
  endfacet
  facet normal 0.513921 0 -0.857838
    outer loop
      vertex 20.3048 -27.848 54.45
      vertex 20.3926 -28.016 54.5026
      vertex 20.3048 -28.52 54.45
    endloop
  endfacet
  facet normal 0.513921 0 -0.857838
    outer loop
      vertex 20.3926 -28.016 54.5026
      vertex 20.3048 -27.848 54.45
      vertex 20.3926 -27.848 54.5026
    endloop
  endfacet
  facet normal 0.570747 0 -0.821126
    outer loop
      vertex 20.3926 -28.016 54.5026
      vertex 20.4759 -27.848 54.5605
      vertex 20.4759 -28.016 54.5605
    endloop
  endfacet
  facet normal 0.570747 0 -0.821126
    outer loop
      vertex 20.4759 -27.848 54.5605
      vertex 20.3926 -28.016 54.5026
      vertex 20.3926 -27.848 54.5026
    endloop
  endfacet
  facet normal 0.628244 0 -0.778017
    outer loop
      vertex 20.4759 -28.016 54.5605
      vertex 20.5533 -27.848 54.623
      vertex 20.5533 -28.016 54.623
    endloop
  endfacet
  facet normal 0.628244 0 -0.778017
    outer loop
      vertex 20.5533 -27.848 54.623
      vertex 20.4759 -28.016 54.5605
      vertex 20.4759 -27.848 54.5605
    endloop
  endfacet
  facet normal 0.683806 0 -0.729664
    outer loop
      vertex 20.5533 -28.016 54.623
      vertex 20.6249 -27.848 54.6901
      vertex 20.6249 -28.016 54.6901
    endloop
  endfacet
  facet normal 0.683806 0 -0.729664
    outer loop
      vertex 20.6249 -27.848 54.6901
      vertex 20.5533 -28.016 54.623
      vertex 20.5533 -27.848 54.623
    endloop
  endfacet
  facet normal 0.7363 0 -0.676655
    outer loop
      vertex 20.6907 -28.016 54.7617
      vertex 20.6249 -27.848 54.6901
      vertex 20.6907 -27.848 54.7617
    endloop
  endfacet
  facet normal 0.7363 0 -0.676655
    outer loop
      vertex 20.6249 -27.848 54.6901
      vertex 20.6907 -28.016 54.7617
      vertex 20.6249 -28.016 54.6901
    endloop
  endfacet
  facet normal 0.785674 0 -0.618641
    outer loop
      vertex 20.7507 -28.016 54.8379
      vertex 20.6907 -27.848 54.7617
      vertex 20.7507 -27.848 54.8379
    endloop
  endfacet
  facet normal 0.785674 0 -0.618641
    outer loop
      vertex 20.6907 -27.848 54.7617
      vertex 20.7507 -28.016 54.8379
      vertex 20.6907 -28.016 54.7617
    endloop
  endfacet
  facet normal 0.830466 0 -0.55707
    outer loop
      vertex 20.8049 -28.016 54.9187
      vertex 20.7507 -27.848 54.8379
      vertex 20.8049 -27.848 54.9187
    endloop
  endfacet
  facet normal 0.830466 0 -0.55707
    outer loop
      vertex 20.7507 -27.848 54.8379
      vertex 20.8049 -28.016 54.9187
      vertex 20.7507 -28.016 54.8379
    endloop
  endfacet
  facet normal 0.871384 0 -0.490602
    outer loop
      vertex 20.8527 -28.016 55.0036
      vertex 20.8049 -27.848 54.9187
      vertex 20.8527 -27.848 55.0036
    endloop
  endfacet
  facet normal 0.871384 0 -0.490602
    outer loop
      vertex 20.8049 -27.848 54.9187
      vertex 20.8527 -28.016 55.0036
      vertex 20.8049 -28.016 54.9187
    endloop
  endfacet
  facet normal 0.907539 0 -0.419967
    outer loop
      vertex 20.8937 -28.016 55.0922
      vertex 20.8527 -27.848 55.0036
      vertex 20.8937 -27.848 55.0922
    endloop
  endfacet
  facet normal 0.907539 0 -0.419967
    outer loop
      vertex 20.8527 -27.848 55.0036
      vertex 20.8937 -28.016 55.0922
      vertex 20.8527 -28.016 55.0036
    endloop
  endfacet
  facet normal 0.93836 0 -0.345658
    outer loop
      vertex 20.9277 -28.016 55.1845
      vertex 20.8937 -27.848 55.0922
      vertex 20.9277 -27.848 55.1845
    endloop
  endfacet
  facet normal 0.93836 0 -0.345658
    outer loop
      vertex 20.8937 -27.848 55.0922
      vertex 20.9277 -28.016 55.1845
      vertex 20.8937 -28.016 55.0922
    endloop
  endfacet
  facet normal 0.962315 0 -0.271937
    outer loop
      vertex 20.9548 -28.016 55.2804
      vertex 20.9277 -27.848 55.1845
      vertex 20.9548 -27.848 55.2804
    endloop
  endfacet
  facet normal 0.962315 0 -0.271937
    outer loop
      vertex 20.9277 -27.848 55.1845
      vertex 20.9548 -28.016 55.2804
      vertex 20.9277 -28.016 55.1845
    endloop
  endfacet
  facet normal 0.979855 0 -0.199709
    outer loop
      vertex 20.9751 -28.016 55.38
      vertex 20.9548 -27.848 55.2804
      vertex 20.9751 -27.848 55.38
    endloop
  endfacet
  facet normal 0.979855 0 -0.199709
    outer loop
      vertex 20.9548 -27.848 55.2804
      vertex 20.9751 -28.016 55.38
      vertex 20.9548 -28.016 55.2804
    endloop
  endfacet
  facet normal 0.991813 0 -0.127697
    outer loop
      vertex 20.9884 -28.016 55.4833
      vertex 20.9751 -27.848 55.38
      vertex 20.9884 -27.848 55.4833
    endloop
  endfacet
  facet normal 0.991813 0 -0.127697
    outer loop
      vertex 20.9751 -27.848 55.38
      vertex 20.9884 -28.016 55.4833
      vertex 20.9751 -28.016 55.38
    endloop
  endfacet
  facet normal 0.998402 0 -0.0565133
    outer loop
      vertex 20.9893 -28.016 55.4992
      vertex 20.9884 -27.848 55.4833
      vertex 20.9893 -27.848 55.4992
    endloop
  endfacet
  facet normal 0.998402 0 -0.0565133
    outer loop
      vertex 20.9884 -27.848 55.4833
      vertex 20.9893 -28.016 55.4992
      vertex 20.9884 -28.016 55.4833
    endloop
  endfacet
  facet normal 0.985333 0 0.170644
    outer loop
      vertex 20.9711 -28.006 55.6031
      vertex 20.968 -27.848 55.621
      vertex 20.968 -28.006 55.621
    endloop
  endfacet
  facet normal 0.985051 -0.000188878 0.172263
    outer loop
      vertex 20.968 -27.848 55.621
      vertex 20.9711 -28.006 55.6031
      vertex 20.9893 -27.848 55.4992
    endloop
  endfacet
  facet normal 0.985002 0 0.172541
    outer loop
      vertex 20.9893 -28.016 55.4992
      vertex 20.9711 -28.006 55.6031
      vertex 20.9711 -28.016 55.6031
    endloop
  endfacet
  facet normal 0.985002 0 0.172541
    outer loop
      vertex 20.9711 -28.006 55.6031
      vertex 20.9893 -28.016 55.4992
      vertex 20.9893 -27.848 55.4992
    endloop
  endfacet
  facet normal 0.0349352 0 -0.99939
    outer loop
      vertex 17.4369 -28.016 53.153
      vertex 18.7471 -27.848 53.1988
      vertex 18.7471 -28.016 53.1988
    endloop
  endfacet
  facet normal 0.0349352 0 -0.99939
    outer loop
      vertex 18.7471 -27.848 53.1988
      vertex 17.4369 -28.016 53.153
      vertex 17.4369 -27.848 53.153
    endloop
  endfacet
  facet normal 0.00607892 0 -0.999982
    outer loop
      vertex 19.1242 -28.016 56.0913
      vertex 19.19 -27.848 56.0917
      vertex 19.19 -28.016 56.0917
    endloop
  endfacet
  facet normal 0.00607892 0 -0.999982
    outer loop
      vertex 19.19 -27.848 56.0917
      vertex 19.1242 -28.016 56.0913
      vertex 19.1242 -27.848 56.0913
    endloop
  endfacet
  facet normal -0.058342 0 -0.998297
    outer loop
      vertex 19.19 -28.016 56.0917
      vertex 19.2516 -27.848 56.0881
      vertex 19.2516 -28.016 56.0881
    endloop
  endfacet
  facet normal -0.058342 0 -0.998297
    outer loop
      vertex 19.2516 -27.848 56.0881
      vertex 19.19 -28.016 56.0917
      vertex 19.19 -27.848 56.0917
    endloop
  endfacet
  facet normal -0.131484 0 -0.991318
    outer loop
      vertex 19.2516 -28.016 56.0881
      vertex 19.3089 -27.848 56.0805
      vertex 19.3089 -28.016 56.0805
    endloop
  endfacet
  facet normal -0.131484 0 -0.991318
    outer loop
      vertex 19.3089 -27.848 56.0805
      vertex 19.2516 -28.016 56.0881
      vertex 19.2516 -27.848 56.0881
    endloop
  endfacet
  facet normal -0.212047 0 -0.977259
    outer loop
      vertex 19.3089 -28.016 56.0805
      vertex 19.3619 -27.848 56.069
      vertex 19.3619 -28.016 56.069
    endloop
  endfacet
  facet normal -0.212047 0 -0.977259
    outer loop
      vertex 19.3619 -27.848 56.069
      vertex 19.3089 -28.016 56.0805
      vertex 19.3089 -27.848 56.0805
    endloop
  endfacet
  facet normal -0.303284 0 -0.9529
    outer loop
      vertex 19.3619 -28.016 56.069
      vertex 19.4106 -27.848 56.0535
      vertex 19.4106 -28.016 56.0535
    endloop
  endfacet
  facet normal -0.303284 0 -0.9529
    outer loop
      vertex 19.4106 -27.848 56.0535
      vertex 19.3619 -28.016 56.069
      vertex 19.3619 -27.848 56.069
    endloop
  endfacet
  facet normal -0.402117 0 -0.915588
    outer loop
      vertex 19.4106 -28.016 56.0535
      vertex 19.455 -27.848 56.034
      vertex 19.455 -28.016 56.034
    endloop
  endfacet
  facet normal -0.402117 0 -0.915588
    outer loop
      vertex 19.455 -27.848 56.034
      vertex 19.4106 -28.016 56.0535
      vertex 19.4106 -27.848 56.0535
    endloop
  endfacet
  facet normal -0.504005 0 -0.863701
    outer loop
      vertex 19.455 -28.016 56.034
      vertex 19.4951 -27.848 56.0106
      vertex 19.4951 -28.016 56.0106
    endloop
  endfacet
  facet normal -0.504005 0 -0.863701
    outer loop
      vertex 19.4951 -27.848 56.0106
      vertex 19.455 -28.016 56.034
      vertex 19.455 -27.848 56.034
    endloop
  endfacet
  facet normal -0.607779 0 -0.794106
    outer loop
      vertex 19.4951 -28.016 56.0106
      vertex 19.5309 -27.848 55.9832
      vertex 19.5309 -28.016 55.9832
    endloop
  endfacet
  facet normal -0.607779 0 -0.794106
    outer loop
      vertex 19.5309 -27.848 55.9832
      vertex 19.4951 -28.016 56.0106
      vertex 19.4951 -27.848 56.0106
    endloop
  endfacet
  facet normal -0.698013 0 -0.716085
    outer loop
      vertex 19.5309 -28.016 55.9832
      vertex 19.5626 -27.848 55.9523
      vertex 19.5626 -28.016 55.9523
    endloop
  endfacet
  facet normal -0.698013 0 -0.716085
    outer loop
      vertex 19.5626 -27.848 55.9523
      vertex 19.5309 -28.016 55.9832
      vertex 19.5309 -27.848 55.9832
    endloop
  endfacet
  facet normal -0.773447 0 -0.633861
    outer loop
      vertex 19.5903 -28.016 55.9185
      vertex 19.5626 -27.848 55.9523
      vertex 19.5903 -27.848 55.9185
    endloop
  endfacet
  facet normal -0.773447 -0 -0.633861
    outer loop
      vertex 19.5626 -27.848 55.9523
      vertex 19.5903 -28.016 55.9185
      vertex 19.5626 -28.016 55.9523
    endloop
  endfacet
  facet normal -0.838339 0 -0.545149
    outer loop
      vertex 19.6141 -28.016 55.8819
      vertex 19.5903 -27.848 55.9185
      vertex 19.6141 -27.848 55.8819
    endloop
  endfacet
  facet normal -0.838339 -0 -0.545149
    outer loop
      vertex 19.5903 -27.848 55.9185
      vertex 19.6141 -28.016 55.8819
      vertex 19.5903 -28.016 55.9185
    endloop
  endfacet
  facet normal -0.89533 0 -0.445404
    outer loop
      vertex 19.6338 -28.016 55.8423
      vertex 19.6141 -27.848 55.8819
      vertex 19.6338 -27.848 55.8423
    endloop
  endfacet
  facet normal -0.89533 -0 -0.445404
    outer loop
      vertex 19.6141 -27.848 55.8819
      vertex 19.6338 -28.016 55.8423
      vertex 19.6141 -28.016 55.8819
    endloop
  endfacet
  facet normal -0.937589 0 -0.347744
    outer loop
      vertex 19.6496 -28.016 55.7997
      vertex 19.6338 -27.848 55.8423
      vertex 19.6496 -27.848 55.7997
    endloop
  endfacet
  facet normal -0.937589 -0 -0.347744
    outer loop
      vertex 19.6338 -27.848 55.8423
      vertex 19.6496 -28.016 55.7997
      vertex 19.6338 -28.016 55.8423
    endloop
  endfacet
  facet normal -0.967843 0 -0.251554
    outer loop
      vertex 19.6614 -28.016 55.7543
      vertex 19.6496 -27.848 55.7997
      vertex 19.6614 -27.848 55.7543
    endloop
  endfacet
  facet normal -0.967843 -0 -0.251554
    outer loop
      vertex 19.6496 -27.848 55.7997
      vertex 19.6614 -28.016 55.7543
      vertex 19.6496 -28.016 55.7997
    endloop
  endfacet
  facet normal -0.987262 0 -0.159104
    outer loop
      vertex 19.6692 -27.848 55.7059
      vertex 19.6614 -28.016 55.7543
      vertex 19.6614 -27.848 55.7543
    endloop
  endfacet
  facet normal -0.987262 0 -0.159104
    outer loop
      vertex 19.6692 -28.52 55.7059
      vertex 19.6614 -28.016 55.7543
      vertex 19.6692 -27.848 55.7059
    endloop
  endfacet
  facet normal -0.987262 -0 -0.159104
    outer loop
      vertex 19.6614 -28.016 55.7543
      vertex 19.6692 -28.52 55.7059
      vertex 19.6614 -28.52 55.7543
    endloop
  endfacet
  facet normal -0.997257 0 -0.0740152
    outer loop
      vertex 19.673 -28.52 55.6547
      vertex 19.6692 -27.848 55.7059
      vertex 19.673 -27.848 55.6547
    endloop
  endfacet
  facet normal -0.997257 -0 -0.0740152
    outer loop
      vertex 19.6692 -27.848 55.7059
      vertex 19.673 -28.52 55.6547
      vertex 19.6692 -28.52 55.7059
    endloop
  endfacet
  facet normal -0.999992 0 0.00388347
    outer loop
      vertex 19.6728 -28.52 55.6032
      vertex 19.673 -27.848 55.6547
      vertex 19.6728 -27.848 55.6032
    endloop
  endfacet
  facet normal -0.999992 0 0.00388347
    outer loop
      vertex 19.673 -27.848 55.6547
      vertex 19.6728 -28.52 55.6032
      vertex 19.673 -28.52 55.6547
    endloop
  endfacet
  facet normal -0.99596 0 0.0897997
    outer loop
      vertex 19.6684 -28.52 55.5544
      vertex 19.6728 -27.848 55.6032
      vertex 19.6684 -27.848 55.5544
    endloop
  endfacet
  facet normal -0.99596 0 0.0897997
    outer loop
      vertex 19.6728 -27.848 55.6032
      vertex 19.6684 -28.52 55.5544
      vertex 19.6728 -28.52 55.6032
    endloop
  endfacet
  facet normal 0.0349525 0 -0.999389
    outer loop
      vertex 18.6467 -28.016 56.0746
      vertex 19.1242 -27.848 56.0913
      vertex 19.1242 -28.016 56.0913
    endloop
  endfacet
  facet normal 0.0349525 0 -0.999389
    outer loop
      vertex 19.1242 -27.848 56.0913
      vertex 18.6467 -28.016 56.0746
      vertex 18.6467 -27.848 56.0746
    endloop
  endfacet
  facet normal 0.0348799 0 -0.999392
    outer loop
      vertex 14.7557 -28.016 55.961
      vertex 16.6267 -27.848 56.0263
      vertex 16.6267 -28.016 56.0263
    endloop
  endfacet
  facet normal 0.0348799 0 -0.999392
    outer loop
      vertex 16.6267 -27.848 56.0263
      vertex 14.7557 -28.016 55.961
      vertex 14.7557 -27.848 55.961
    endloop
  endfacet
  facet normal 0.0348884 0 -0.999391
    outer loop
      vertex 13.5689 -28.016 53.018
      vertex 16.8001 -27.848 53.1308
      vertex 16.8001 -28.016 53.1308
    endloop
  endfacet
  facet normal 0.0348884 0 -0.999391
    outer loop
      vertex 16.8001 -27.848 53.1308
      vertex 13.5689 -28.016 53.018
      vertex 13.5689 -27.848 53.018
    endloop
  endfacet
  facet normal 0.0349063 0 -0.999391
    outer loop
      vertex 14.8046 -28.016 54.5619
      vertex 16.448 -27.848 54.6193
      vertex 16.448 -28.016 54.6193
    endloop
  endfacet
  facet normal 0.0349063 0 -0.999391
    outer loop
      vertex 16.448 -27.848 54.6193
      vertex 14.8046 -28.016 54.5619
      vertex 14.8046 -27.848 54.5619
    endloop
  endfacet
  facet normal 0.10605 0 -0.994361
    outer loop
      vertex -9.78216 -28.016 52.2062
      vertex -9.62745 -27.848 52.2227
      vertex -9.62745 -28.016 52.2227
    endloop
  endfacet
  facet normal 0.10605 0 -0.994361
    outer loop
      vertex -9.62745 -27.848 52.2227
      vertex -9.78216 -28.016 52.2062
      vertex -9.78216 -27.848 52.2062
    endloop
  endfacet
  facet normal 0.156461 0 -0.987684
    outer loop
      vertex -9.62745 -28.016 52.2227
      vertex -9.47784 -27.848 52.2464
      vertex -9.47784 -28.016 52.2464
    endloop
  endfacet
  facet normal 0.156461 0 -0.987684
    outer loop
      vertex -9.47784 -27.848 52.2464
      vertex -9.62745 -28.016 52.2227
      vertex -9.62745 -27.848 52.2227
    endloop
  endfacet
  facet normal 0.209127 0 -0.977888
    outer loop
      vertex -9.47784 -28.016 52.2464
      vertex -9.33335 -27.848 52.2773
      vertex -9.33335 -28.016 52.2773
    endloop
  endfacet
  facet normal 0.209127 0 -0.977888
    outer loop
      vertex -9.33335 -27.848 52.2773
      vertex -9.47784 -28.016 52.2464
      vertex -9.47784 -27.848 52.2464
    endloop
  endfacet
  facet normal 0.263053 0 -0.964781
    outer loop
      vertex -9.33335 -28.016 52.2773
      vertex -9.19398 -27.848 52.3153
      vertex -9.19398 -28.016 52.3153
    endloop
  endfacet
  facet normal 0.263053 0 -0.964781
    outer loop
      vertex -9.19398 -27.848 52.3153
      vertex -9.33335 -28.016 52.2773
      vertex -9.33335 -27.848 52.2773
    endloop
  endfacet
  facet normal 0.319719 0 -0.947512
    outer loop
      vertex -9.19398 -28.016 52.3153
      vertex -9.05973 -27.848 52.3606
      vertex -9.05973 -28.016 52.3606
    endloop
  endfacet
  facet normal 0.319719 0 -0.947512
    outer loop
      vertex -9.05973 -27.848 52.3606
      vertex -9.19398 -28.016 52.3153
      vertex -9.19398 -27.848 52.3153
    endloop
  endfacet
  facet normal 0.376604 0 -0.926374
    outer loop
      vertex -9.05973 -28.016 52.3606
      vertex -8.93059 -27.848 52.4131
      vertex -8.93059 -28.016 52.4131
    endloop
  endfacet
  facet normal 0.376604 0 -0.926374
    outer loop
      vertex -8.93059 -27.848 52.4131
      vertex -9.05973 -28.016 52.3606
      vertex -9.05973 -27.848 52.3606
    endloop
  endfacet
  facet normal 0.433737 0 -0.90104
    outer loop
      vertex -8.93059 -28.016 52.4131
      vertex -8.80657 -27.848 52.4728
      vertex -8.80657 -28.016 52.4728
    endloop
  endfacet
  facet normal 0.433737 0 -0.90104
    outer loop
      vertex -8.80657 -27.848 52.4728
      vertex -8.93059 -28.016 52.4131
      vertex -8.93059 -27.848 52.4131
    endloop
  endfacet
  facet normal 0.489903 0 -0.871777
    outer loop
      vertex -8.80657 -28.016 52.4728
      vertex -8.68859 -27.848 52.5391
      vertex -8.68859 -28.016 52.5391
    endloop
  endfacet
  facet normal 0.489903 0 -0.871777
    outer loop
      vertex -8.68859 -27.848 52.5391
      vertex -8.80657 -28.016 52.4728
      vertex -8.80657 -27.848 52.4728
    endloop
  endfacet
  facet normal 0.546348 0 -0.837558
    outer loop
      vertex -8.68859 -28.016 52.5391
      vertex -8.5776 -27.848 52.6115
      vertex -8.5776 -28.016 52.6115
    endloop
  endfacet
  facet normal 0.546348 0 -0.837558
    outer loop
      vertex -8.5776 -27.848 52.6115
      vertex -8.68859 -28.016 52.5391
      vertex -8.68859 -27.848 52.5391
    endloop
  endfacet
  facet normal 0.601474 0 -0.798892
    outer loop
      vertex -8.5776 -28.016 52.6115
      vertex -8.4736 -27.848 52.6898
      vertex -8.4736 -28.016 52.6898
    endloop
  endfacet
  facet normal 0.601474 0 -0.798892
    outer loop
      vertex -8.4736 -27.848 52.6898
      vertex -8.5776 -28.016 52.6115
      vertex -8.5776 -27.848 52.6115
    endloop
  endfacet
  facet normal 0.65589 0 -0.754857
    outer loop
      vertex -8.4736 -28.016 52.6898
      vertex -8.37658 -27.848 52.7741
      vertex -8.37658 -28.016 52.7741
    endloop
  endfacet
  facet normal 0.65589 0 -0.754857
    outer loop
      vertex -8.37658 -27.848 52.7741
      vertex -8.4736 -28.016 52.6898
      vertex -8.4736 -27.848 52.6898
    endloop
  endfacet
  facet normal 0.708516 0 -0.705695
    outer loop
      vertex -8.28654 -28.016 52.8645
      vertex -8.37658 -27.848 52.7741
      vertex -8.28654 -27.848 52.8645
    endloop
  endfacet
  facet normal 0.708516 0 -0.705695
    outer loop
      vertex -8.37658 -27.848 52.7741
      vertex -8.28654 -28.016 52.8645
      vertex -8.37658 -28.016 52.7741
    endloop
  endfacet
  facet normal 0.757283 0 -0.653087
    outer loop
      vertex -8.20349 -28.016 52.9608
      vertex -8.28654 -27.848 52.8645
      vertex -8.20349 -27.848 52.9608
    endloop
  endfacet
  facet normal 0.757283 0 -0.653087
    outer loop
      vertex -8.28654 -27.848 52.8645
      vertex -8.20349 -28.016 52.9608
      vertex -8.28654 -28.016 52.8645
    endloop
  endfacet
  facet normal 0.802738 0 -0.596331
    outer loop
      vertex -8.12742 -28.016 53.0632
      vertex -8.20349 -27.848 52.9608
      vertex -8.12742 -27.848 53.0632
    endloop
  endfacet
  facet normal 0.802738 0 -0.596331
    outer loop
      vertex -8.20349 -27.848 52.9608
      vertex -8.12742 -28.016 53.0632
      vertex -8.20349 -28.016 52.9608
    endloop
  endfacet
  facet normal 0.84328 0 -0.537474
    outer loop
      vertex -8.05833 -28.016 53.1716
      vertex -8.12742 -27.848 53.0632
      vertex -8.05833 -27.848 53.1716
    endloop
  endfacet
  facet normal 0.84328 0 -0.537474
    outer loop
      vertex -8.12742 -27.848 53.0632
      vertex -8.05833 -28.016 53.1716
      vertex -8.12742 -28.016 53.0632
    endloop
  endfacet
  facet normal 0.880675 0 -0.473721
    outer loop
      vertex -7.99717 -28.016 53.2853
      vertex -8.05833 -27.848 53.1716
      vertex -7.99717 -27.848 53.2853
    endloop
  endfacet
  facet normal 0.880675 0 -0.473721
    outer loop
      vertex -8.05833 -27.848 53.1716
      vertex -7.99717 -28.016 53.2853
      vertex -8.05833 -28.016 53.1716
    endloop
  endfacet
  facet normal 0.914928 0 -0.403617
    outer loop
      vertex -7.94485 -28.016 53.4039
      vertex -7.99717 -27.848 53.2853
      vertex -7.94485 -27.848 53.4039
    endloop
  endfacet
  facet normal 0.914928 0 -0.403617
    outer loop
      vertex -7.99717 -27.848 53.2853
      vertex -7.94485 -28.016 53.4039
      vertex -7.99717 -28.016 53.2853
    endloop
  endfacet
  facet normal 0.943321 0 -0.331881
    outer loop
      vertex -7.9014 -28.016 53.5274
      vertex -7.94485 -27.848 53.4039
      vertex -7.9014 -27.848 53.5274
    endloop
  endfacet
  facet normal 0.943321 0 -0.331881
    outer loop
      vertex -7.94485 -27.848 53.4039
      vertex -7.9014 -28.016 53.5274
      vertex -7.94485 -28.016 53.4039
    endloop
  endfacet
  facet normal 0.965456 0 -0.260568
    outer loop
      vertex -7.8668 -28.016 53.6556
      vertex -7.9014 -27.848 53.5274
      vertex -7.8668 -27.848 53.6556
    endloop
  endfacet
  facet normal 0.965456 0 -0.260568
    outer loop
      vertex -7.9014 -27.848 53.5274
      vertex -7.8668 -28.016 53.6556
      vertex -7.9014 -28.016 53.5274
    endloop
  endfacet
  facet normal 0.981755 0 -0.19015
    outer loop
      vertex -7.84104 -28.016 53.7886
      vertex -7.8668 -27.848 53.6556
      vertex -7.84104 -27.848 53.7886
    endloop
  endfacet
  facet normal 0.981755 0 -0.19015
    outer loop
      vertex -7.8668 -27.848 53.6556
      vertex -7.84104 -28.016 53.7886
      vertex -7.8668 -28.016 53.6556
    endloop
  endfacet
  facet normal 0.992583 0 -0.121572
    outer loop
      vertex -7.82415 -28.016 53.9265
      vertex -7.84104 -27.848 53.7886
      vertex -7.82415 -27.848 53.9265
    endloop
  endfacet
  facet normal 0.992583 0 -0.121572
    outer loop
      vertex -7.84104 -27.848 53.7886
      vertex -7.82415 -28.016 53.9265
      vertex -7.84104 -28.016 53.7886
    endloop
  endfacet
  facet normal 0.998414 0 -0.0562982
    outer loop
      vertex -7.81903 -28.016 54.0173
      vertex -7.82415 -27.848 53.9265
      vertex -7.81903 -27.848 54.0173
    endloop
  endfacet
  facet normal 0.998414 0 -0.0562982
    outer loop
      vertex -7.82415 -27.848 53.9265
      vertex -7.81903 -28.016 54.0173
      vertex -7.82415 -28.016 53.9265
    endloop
  endfacet
  facet normal 0.992129 -0 0.125218
    outer loop
      vertex -7.83049 -28.016 54.1081
      vertex -7.81903 -27.848 54.0173
      vertex -7.83049 -27.848 54.1081
    endloop
  endfacet
  facet normal 0.992129 0 0.125218
    outer loop
      vertex -7.81903 -27.848 54.0173
      vertex -7.83049 -28.016 54.1081
      vertex -7.81903 -28.016 54.0173
    endloop
  endfacet
  facet normal 0.0348539 0 -0.999392
    outer loop
      vertex -11.8574 -28.016 52.1301
      vertex -9.94199 -27.848 52.1969
      vertex -9.94199 -28.016 52.1969
    endloop
  endfacet
  facet normal 0.0348539 0 -0.999392
    outer loop
      vertex -9.94199 -27.848 52.1969
      vertex -11.8574 -28.016 52.1301
      vertex -11.8574 -27.848 52.1301
    endloop
  endfacet
  facet normal 0.0580886 0 -0.998311
    outer loop
      vertex -9.94199 -28.016 52.1969
      vertex -9.78216 -27.848 52.2062
      vertex -9.78216 -28.016 52.2062
    endloop
  endfacet
  facet normal 0.0580886 0 -0.998311
    outer loop
      vertex -9.78216 -27.848 52.2062
      vertex -9.94199 -28.016 52.1969
      vertex -9.94199 -27.848 52.1969
    endloop
  endfacet
  facet normal 0.0116951 0 -0.999932
    outer loop
      vertex -10.0976 -28.016 55.0597
      vertex -10.0292 -27.848 55.0605
      vertex -10.0292 -28.016 55.0605
    endloop
  endfacet
  facet normal 0.0116951 0 -0.999932
    outer loop
      vertex -10.0292 -27.848 55.0605
      vertex -10.0976 -28.016 55.0597
      vertex -10.0976 -27.848 55.0597
    endloop
  endfacet
  facet normal -0.0406658 0 -0.999173
    outer loop
      vertex -10.0292 -28.016 55.0605
      vertex -9.96286 -27.848 55.0578
      vertex -9.96286 -28.016 55.0578
    endloop
  endfacet
  facet normal -0.0406658 0 -0.999173
    outer loop
      vertex -9.96286 -27.848 55.0578
      vertex -10.0292 -28.016 55.0605
      vertex -10.0292 -27.848 55.0605
    endloop
  endfacet
  facet normal -0.0929663 0 -0.995669
    outer loop
      vertex -9.96286 -28.016 55.0578
      vertex -9.8986 -27.848 55.0518
      vertex -9.8986 -28.016 55.0518
    endloop
  endfacet
  facet normal -0.0929663 0 -0.995669
    outer loop
      vertex -9.8986 -27.848 55.0518
      vertex -9.96286 -28.016 55.0578
      vertex -9.96286 -27.848 55.0578
    endloop
  endfacet
  facet normal -0.149405 0 -0.988776
    outer loop
      vertex -9.8986 -28.016 55.0518
      vertex -9.83639 -27.848 55.0424
      vertex -9.83639 -28.016 55.0424
    endloop
  endfacet
  facet normal -0.149405 0 -0.988776
    outer loop
      vertex -9.83639 -27.848 55.0424
      vertex -9.8986 -28.016 55.0518
      vertex -9.8986 -27.848 55.0518
    endloop
  endfacet
  facet normal -0.206584 0 -0.978429
    outer loop
      vertex -9.83639 -28.016 55.0424
      vertex -9.77624 -27.848 55.0297
      vertex -9.77624 -28.016 55.0297
    endloop
  endfacet
  facet normal -0.206584 0 -0.978429
    outer loop
      vertex -9.77624 -27.848 55.0297
      vertex -9.83639 -28.016 55.0424
      vertex -9.83639 -27.848 55.0424
    endloop
  endfacet
  facet normal -0.268541 0 -0.963268
    outer loop
      vertex -9.77624 -28.016 55.0297
      vertex -9.71813 -27.848 55.0135
      vertex -9.71813 -28.016 55.0135
    endloop
  endfacet
  facet normal -0.268541 0 -0.963268
    outer loop
      vertex -9.71813 -27.848 55.0135
      vertex -9.77624 -28.016 55.0297
      vertex -9.77624 -27.848 55.0297
    endloop
  endfacet
  facet normal -0.328586 0 -0.944474
    outer loop
      vertex -9.71813 -28.016 55.0135
      vertex -9.66208 -27.848 54.994
      vertex -9.66208 -28.016 54.994
    endloop
  endfacet
  facet normal -0.328586 0 -0.944474
    outer loop
      vertex -9.66208 -27.848 54.994
      vertex -9.71813 -28.016 55.0135
      vertex -9.71813 -27.848 55.0135
    endloop
  endfacet
  facet normal -0.389033 0 -0.921224
    outer loop
      vertex -9.66208 -28.016 54.994
      vertex -9.60809 -27.848 54.9712
      vertex -9.60809 -28.016 54.9712
    endloop
  endfacet
  facet normal -0.389033 0 -0.921224
    outer loop
      vertex -9.60809 -27.848 54.9712
      vertex -9.66208 -28.016 54.994
      vertex -9.66208 -27.848 54.994
    endloop
  endfacet
  facet normal -0.452804 0 -0.89161
    outer loop
      vertex -9.60809 -28.016 54.9712
      vertex -9.5565 -27.848 54.945
      vertex -9.5565 -28.016 54.945
    endloop
  endfacet
  facet normal -0.452804 0 -0.89161
    outer loop
      vertex -9.5565 -27.848 54.945
      vertex -9.60809 -28.016 54.9712
      vertex -9.60809 -27.848 54.9712
    endloop
  endfacet
  facet normal -0.515733 0 -0.856749
    outer loop
      vertex -9.5565 -28.016 54.945
      vertex -9.50766 -27.848 54.9156
      vertex -9.50766 -28.016 54.9156
    endloop
  endfacet
  facet normal -0.515733 0 -0.856749
    outer loop
      vertex -9.50766 -27.848 54.9156
      vertex -9.5565 -28.016 54.945
      vertex -9.5565 -27.848 54.945
    endloop
  endfacet
  facet normal -0.577462 0 -0.816418
    outer loop
      vertex -9.50766 -28.016 54.9156
      vertex -9.46157 -27.848 54.883
      vertex -9.46157 -28.016 54.883
    endloop
  endfacet
  facet normal -0.577462 0 -0.816418
    outer loop
      vertex -9.46157 -27.848 54.883
      vertex -9.50766 -28.016 54.9156
      vertex -9.50766 -27.848 54.9156
    endloop
  endfacet
  facet normal -0.636941 0 -0.770912
    outer loop
      vertex -9.46157 -28.016 54.883
      vertex -9.41824 -27.848 54.8472
      vertex -9.41824 -28.016 54.8472
    endloop
  endfacet
  facet normal -0.636941 0 -0.770912
    outer loop
      vertex -9.41824 -27.848 54.8472
      vertex -9.46157 -28.016 54.883
      vertex -9.46157 -27.848 54.883
    endloop
  endfacet
  facet normal -0.69302 0 -0.720918
    outer loop
      vertex -9.41824 -28.016 54.8472
      vertex -9.37767 -27.848 54.8082
      vertex -9.37767 -28.016 54.8082
    endloop
  endfacet
  facet normal -0.69302 0 -0.720918
    outer loop
      vertex -9.37767 -27.848 54.8082
      vertex -9.41824 -28.016 54.8472
      vertex -9.41824 -27.848 54.8472
    endloop
  endfacet
  facet normal -0.745481 0 -0.666527
    outer loop
      vertex -9.33985 -28.016 54.7659
      vertex -9.37767 -27.848 54.8082
      vertex -9.33985 -27.848 54.7659
    endloop
  endfacet
  facet normal -0.745481 -0 -0.666527
    outer loop
      vertex -9.37767 -27.848 54.8082
      vertex -9.33985 -28.016 54.7659
      vertex -9.37767 -28.016 54.8082
    endloop
  endfacet
  facet normal -0.792035 0 -0.610476
    outer loop
      vertex -9.30478 -28.016 54.7204
      vertex -9.33985 -27.848 54.7659
      vertex -9.30478 -27.848 54.7204
    endloop
  endfacet
  facet normal -0.792035 -0 -0.610476
    outer loop
      vertex -9.33985 -27.848 54.7659
      vertex -9.30478 -28.016 54.7204
      vertex -9.33985 -28.016 54.7659
    endloop
  endfacet
  facet normal -0.833807 0 -0.552056
    outer loop
      vertex -9.27247 -28.016 54.6716
      vertex -9.30478 -27.848 54.7204
      vertex -9.27247 -27.848 54.6716
    endloop
  endfacet
  facet normal -0.833807 -0 -0.552056
    outer loop
      vertex -9.30478 -27.848 54.7204
      vertex -9.27247 -28.016 54.6716
      vertex -9.30478 -28.016 54.7204
    endloop
  endfacet
  facet normal -0.87127 0 -0.490804
    outer loop
      vertex -9.24329 -28.016 54.6198
      vertex -9.27247 -27.848 54.6716
      vertex -9.24329 -27.848 54.6198
    endloop
  endfacet
  facet normal -0.87127 -0 -0.490804
    outer loop
      vertex -9.27247 -27.848 54.6716
      vertex -9.24329 -28.016 54.6198
      vertex -9.27247 -28.016 54.6716
    endloop
  endfacet
  facet normal -0.906415 0 -0.422389
    outer loop
      vertex -9.21766 -28.016 54.5648
      vertex -9.24329 -27.848 54.6198
      vertex -9.21766 -27.848 54.5648
    endloop
  endfacet
  facet normal -0.906415 -0 -0.422389
    outer loop
      vertex -9.24329 -27.848 54.6198
      vertex -9.21766 -28.016 54.5648
      vertex -9.24329 -28.016 54.6198
    endloop
  endfacet
  facet normal -0.934462 0 -0.356062
    outer loop
      vertex -9.19556 -28.016 54.5068
      vertex -9.21766 -27.848 54.5648
      vertex -9.19556 -27.848 54.5068
    endloop
  endfacet
  facet normal -0.934462 -0 -0.356062
    outer loop
      vertex -9.21766 -27.848 54.5648
      vertex -9.19556 -28.016 54.5068
      vertex -9.21766 -28.016 54.5648
    endloop
  endfacet
  facet normal -0.956873 0 -0.290507
    outer loop
      vertex -9.17701 -28.016 54.4457
      vertex -9.19556 -27.848 54.5068
      vertex -9.17701 -27.848 54.4457
    endloop
  endfacet
  facet normal -0.956873 -0 -0.290507
    outer loop
      vertex -9.19556 -27.848 54.5068
      vertex -9.17701 -28.016 54.4457
      vertex -9.19556 -28.016 54.5068
    endloop
  endfacet
  facet normal -0.973774 0 -0.227517
    outer loop
      vertex -9.16201 -28.016 54.3815
      vertex -9.17701 -27.848 54.4457
      vertex -9.16201 -27.848 54.3815
    endloop
  endfacet
  facet normal -0.973774 -0 -0.227517
    outer loop
      vertex -9.17701 -27.848 54.4457
      vertex -9.16201 -28.016 54.3815
      vertex -9.17701 -28.016 54.4457
    endloop
  endfacet
  facet normal -0.98572 0 -0.168394
    outer loop
      vertex -9.15053 -28.016 54.3143
      vertex -9.16201 -27.848 54.3815
      vertex -9.15053 -27.848 54.3143
    endloop
  endfacet
  facet normal -0.98572 -0 -0.168394
    outer loop
      vertex -9.16201 -27.848 54.3815
      vertex -9.15053 -28.016 54.3143
      vertex -9.16201 -28.016 54.3815
    endloop
  endfacet
  facet normal -0.993731 0 -0.111795
    outer loop
      vertex -9.14261 -28.016 54.2439
      vertex -9.15053 -27.848 54.3143
      vertex -9.14261 -27.848 54.2439
    endloop
  endfacet
  facet normal -0.993731 -0 -0.111795
    outer loop
      vertex -9.15053 -27.848 54.3143
      vertex -9.14261 -28.016 54.2439
      vertex -9.15053 -28.016 54.3143
    endloop
  endfacet
  facet normal -0.998208 0 -0.0598381
    outer loop
      vertex -9.13821 -27.848 54.1705
      vertex -9.14261 -28.016 54.2439
      vertex -9.14261 -27.848 54.2439
    endloop
  endfacet
  facet normal -0.998208 0 -0.0598381
    outer loop
      vertex -9.13821 -28.52 54.1705
      vertex -9.14261 -28.016 54.2439
      vertex -9.13821 -27.848 54.1705
    endloop
  endfacet
  facet normal -0.998208 -0 -0.0598381
    outer loop
      vertex -9.14261 -28.016 54.2439
      vertex -9.13821 -28.52 54.1705
      vertex -9.14261 -28.52 54.2439
    endloop
  endfacet
  facet normal -0.999954 0 -0.00954313
    outer loop
      vertex -9.13752 -28.52 54.0982
      vertex -9.13821 -27.848 54.1705
      vertex -9.13752 -27.848 54.0982
    endloop
  endfacet
  facet normal -0.999954 -0 -0.00954313
    outer loop
      vertex -9.13821 -27.848 54.1705
      vertex -9.13752 -28.52 54.0982
      vertex -9.13821 -28.52 54.1705
    endloop
  endfacet
  facet normal -0.999078 0 0.0429234
    outer loop
      vertex -9.13868 -28.52 54.0712
      vertex -9.13752 -27.848 54.0982
      vertex -9.13868 -27.848 54.0712
    endloop
  endfacet
  facet normal -0.999078 0 0.0429234
    outer loop
      vertex -9.13752 -27.848 54.0982
      vertex -9.13868 -28.52 54.0712
      vertex -9.13752 -28.52 54.0982
    endloop
  endfacet
  facet normal -0.993772 0 -0.111434
    outer loop
      vertex -9.13563 -28.52 54.044
      vertex -9.13868 -27.848 54.0712
      vertex -9.13563 -27.848 54.044
    endloop
  endfacet
  facet normal -0.993772 -0 -0.111434
    outer loop
      vertex -9.13868 -27.848 54.0712
      vertex -9.13563 -28.52 54.044
      vertex -9.13868 -28.52 54.0712
    endloop
  endfacet
  facet normal 0.0349132 0 -0.99939
    outer loop
      vertex -10.6472 -28.016 55.0405
      vertex -10.0976 -27.848 55.0597
      vertex -10.0976 -28.016 55.0597
    endloop
  endfacet
  facet normal 0.0349132 0 -0.99939
    outer loop
      vertex -10.0976 -27.848 55.0597
      vertex -10.6472 -28.016 55.0405
      vertex -10.6472 -27.848 55.0405
    endloop
  endfacet
  facet normal 0.0349163 0 -0.99939
    outer loop
      vertex 9.17219 -28.016 52.8644
      vertex 10.4602 -27.848 52.9094
      vertex 10.4602 -28.016 52.9094
    endloop
  endfacet
  facet normal 0.0349163 0 -0.99939
    outer loop
      vertex 10.4602 -27.848 52.9094
      vertex 9.17219 -28.016 52.8644
      vertex 9.17219 -27.848 52.8644
    endloop
  endfacet
  facet normal 0.766188 0 -0.642617
    outer loop
      vertex 10.7069 -28.016 54.2059
      vertex 10.4266 -27.848 53.8717
      vertex 10.7069 -27.848 54.2059
    endloop
  endfacet
  facet normal 0.766188 0 -0.642617
    outer loop
      vertex 10.4266 -27.848 53.8717
      vertex 10.7069 -28.016 54.2059
      vertex 10.4266 -28.016 53.8717
    endloop
  endfacet
  facet normal -0.775627 0 -0.631192
    outer loop
      vertex 11.726 -28.016 52.9536
      vertex 10.7069 -27.848 54.2059
      vertex 11.726 -27.848 52.9536
    endloop
  endfacet
  facet normal -0.775627 -0 -0.631192
    outer loop
      vertex 10.7069 -27.848 54.2059
      vertex 11.726 -28.016 52.9536
      vertex 10.7069 -28.016 54.2059
    endloop
  endfacet
  facet normal 0 0 0
    outer loop
      vertex 12.9414 -28.016 52.996
      vertex 12.9414 -27.848 52.996
      vertex 12.9414 -27.838 52.996
    endloop
  endfacet
  facet normal 0.0348644 0 -0.999392
    outer loop
      vertex 11.726 -28.016 52.9536
      vertex 12.9414 -27.848 52.996
      vertex 12.9414 -28.016 52.996
    endloop
  endfacet
  facet normal 0.0348644 0 -0.999392
    outer loop
      vertex 12.9414 -27.848 52.996
      vertex 11.726 -28.016 52.9536
      vertex 11.726 -27.848 52.9536
    endloop
  endfacet
  facet normal 0.778119 -0 0.628117
    outer loop
      vertex 11.547 -28.016 54.7234
      vertex 12.9414 -27.838 52.996
      vertex 11.547 -27.838 54.7234
    endloop
  endfacet
  facet normal 0.778119 0 0.628117
    outer loop
      vertex 12.9414 -27.838 52.996
      vertex 11.547 -28.016 54.7234
      vertex 12.9414 -28.016 52.996
    endloop
  endfacet
  facet normal 0.763169 0 -0.646199
    outer loop
      vertex 11.619 -28.52 55.0166
      vertex 11.54 -27.838 54.9233
      vertex 11.619 -27.838 55.0166
    endloop
  endfacet
  facet normal 0.763169 0 -0.646199
    outer loop
      vertex 11.54 -27.838 54.9233
      vertex 11.619 -28.52 55.0166
      vertex 11.54 -28.52 54.9233
    endloop
  endfacet
  facet normal 0.77801 -0 0.628252
    outer loop
      vertex 11.533 -28.006 55.1231
      vertex 11.619 -27.848 55.0166
      vertex 11.533 -27.848 55.1231
    endloop
  endfacet
  facet normal 0.77801 0 0.628252
    outer loop
      vertex 11.619 -28.52 55.0166
      vertex 11.533 -28.006 55.1231
      vertex 11.533 -28.52 55.1231
    endloop
  endfacet
  facet normal 0.77801 0 0.628252
    outer loop
      vertex 11.533 -28.006 55.1231
      vertex 11.619 -28.52 55.0166
      vertex 11.619 -27.848 55.0166
    endloop
  endfacet
  facet normal -0 0 0
    outer loop
      vertex 11.619 -27.848 55.0166
      vertex 11.619 -28.52 55.0166
      vertex 11.619 -27.838 55.0166
    endloop
  endfacet
  facet normal 0.763363 -0.000176849 -0.64597
    outer loop
      vertex 12.6792 -27.848 56.4776
      vertex 11.612 -28.006 55.2165
      vertex 11.533 -27.848 55.1231
    endloop
  endfacet
  facet normal 0.763352 0 -0.645983
    outer loop
      vertex 12.6792 -28.016 56.4776
      vertex 11.612 -28.006 55.2165
      vertex 12.6792 -27.848 56.4776
    endloop
  endfacet
  facet normal 0.763352 0 -0.645983
    outer loop
      vertex 11.612 -28.006 55.2165
      vertex 12.6792 -28.016 56.4776
      vertex 11.612 -28.016 55.2165
    endloop
  endfacet
  facet normal 0.76351 0 -0.645796
    outer loop
      vertex 11.533 -27.848 55.1231
      vertex 11.612 -28.006 55.2165
      vertex 11.533 -28.006 55.1231
    endloop
  endfacet
  facet normal 0 1 0
    outer loop
      vertex 0.292078 -28.006 54.881
      vertex 0.292077 -28.006 54.881
      vertex 0.288936 -28.006 54.8989
    endloop
  endfacet
  facet normal 0 1 0
    outer loop
      vertex 0.0670387 -28.006 52.7466
      vertex 0.0670322 -28.006 52.7466
      vertex -0.360223 -28.006 53.3281
    endloop
  endfacet
  facet normal 0 1 0
    outer loop
      vertex 6.68543 -28.006 54.6008
      vertex 6.76923 -28.006 54.4036
      vertex 6.68542 -28.006 54.6008
    endloop
  endfacet
  facet normal 0 -1 0
    outer loop
      vertex 10.4126 -28.184 54.2714
      vertex 10.6999 -28.184 54.4058
      vertex 10.693 -28.184 54.6056
    endloop
  endfacet
  facet normal 0 -1 0
    outer loop
      vertex 10.6999 -28.184 54.4058
      vertex 10.4126 -28.184 54.2714
      vertex 10.4196 -28.184 54.0716
    endloop
  endfacet
  facet normal 0 -1 0
    outer loop
      vertex 10.6999 -28.184 54.4058
      vertex 11.7121 -28.184 53.3534
      vertex 10.693 -28.184 54.6056
    endloop
  endfacet
  facet normal 0 -1 -0
    outer loop
      vertex 12.6271 -28.184 53.3853
      vertex 11.7191 -28.184 53.1535
      vertex 12.7843 -28.184 53.1907
    endloop
  endfacet
  facet normal 0 -1 0
    outer loop
      vertex 11.7191 -28.184 53.1535
      vertex 11.7121 -28.184 53.3534
      vertex 10.6999 -28.184 54.4058
    endloop
  endfacet
  facet normal 0 -1 0
    outer loop
      vertex 11.7191 -28.184 53.1535
      vertex 12.6271 -28.184 53.3853
      vertex 11.7121 -28.184 53.3534
    endloop
  endfacet
  facet normal 0 -1 0
    outer loop
      vertex 9.15823 -28.184 53.2642
      vertex 10.4532 -28.184 53.1093
      vertex 10.4462 -28.184 53.3092
    endloop
  endfacet
  facet normal -0 -1 0
    outer loop
      vertex 10.4532 -28.184 53.1093
      vertex 9.15823 -28.184 53.2642
      vertex 9.16521 -28.184 53.0643
    endloop
  endfacet
  facet normal 0 -1 0
    outer loop
      vertex 11.605 -28.184 55.4164
      vertex 12.3163 -28.184 56.465
      vertex 11.5191 -28.184 55.5229
    endloop
  endfacet
  facet normal 0 -1 -0
    outer loop
      vertex 12.3163 -28.184 56.465
      vertex 11.605 -28.184 55.4164
      vertex 12.4978 -28.184 56.4713
    endloop
  endfacet
  facet normal 0 -1 0
    outer loop
      vertex -21.0856 -28.184 53.7589
      vertex -21.0774 -28.184 53.7472
      vertex -21.0925 -28.184 53.9587
    endloop
  endfacet
  facet normal 0 -1 0
    outer loop
      vertex -21.0704 -28.184 53.5473
      vertex -21.0774 -28.184 53.7472
      vertex -21.0856 -28.184 53.7589
    endloop
  endfacet
  facet normal 0 -1 0
    outer loop
      vertex -21.0774 -28.184 53.7472
      vertex -21.0704 -28.184 53.5473
      vertex -21.047 -28.184 53.5483
    endloop
  endfacet
  facet normal 0 -1 0
    outer loop
      vertex -21.0704 -28.184 53.5473
      vertex -21.0014 -28.184 53.3621
      vertex -21.047 -28.184 53.5483
    endloop
  endfacet
  facet normal 0 -1 0
    outer loop
      vertex -21.04 -28.184 53.3484
      vertex -21.0014 -28.184 53.3621
      vertex -21.0704 -28.184 53.5473
    endloop
  endfacet
  facet normal 0 -1 0
    outer loop
      vertex -21.04 -28.184 53.3484
      vertex -20.9406 -28.184 53.1886
      vertex -21.0014 -28.184 53.3621
    endloop
  endfacet
  facet normal 0 -1 0
    outer loop
      vertex -20.9944 -28.184 53.1622
      vertex -20.9406 -28.184 53.1886
      vertex -21.04 -28.184 53.3484
    endloop
  endfacet
  facet normal 0 -1 0
    outer loop
      vertex -20.9944 -28.184 53.1622
      vertex -20.8646 -28.184 53.0278
      vertex -20.9406 -28.184 53.1886
    endloop
  endfacet
  facet normal 0 -1 0
    outer loop
      vertex -20.9336 -28.184 52.9888
      vertex -20.8646 -28.184 53.0278
      vertex -20.9944 -28.184 53.1622
    endloop
  endfacet
  facet normal 0 -1 0
    outer loop
      vertex -20.9336 -28.184 52.9888
      vertex -20.7735 -28.184 52.8797
      vertex -20.8646 -28.184 53.0278
    endloop
  endfacet
  facet normal 0 -1 0
    outer loop
      vertex -20.8576 -28.184 52.8279
      vertex -20.7735 -28.184 52.8797
      vertex -20.9336 -28.184 52.9888
    endloop
  endfacet
  facet normal 0 -1 0
    outer loop
      vertex -20.7665 -28.184 52.6798
      vertex -20.7735 -28.184 52.8797
      vertex -20.8576 -28.184 52.8279
    endloop
  endfacet
  facet normal 0 -1 0
    outer loop
      vertex -20.7735 -28.184 52.8797
      vertex -20.7665 -28.184 52.6798
      vertex -20.6671 -28.184 52.7443
    endloop
  endfacet
  facet normal 0 -1 0
    outer loop
      vertex -20.6601 -28.184 52.5444
      vertex -20.6671 -28.184 52.7443
      vertex -20.7665 -28.184 52.6798
    endloop
  endfacet
  facet normal 0 -1 0
    outer loop
      vertex -20.6671 -28.184 52.7443
      vertex -20.6601 -28.184 52.5444
      vertex -20.5456 -28.184 52.6215
    endloop
  endfacet
  facet normal 0 -1 0
    outer loop
      vertex -20.5386 -28.184 52.4217
      vertex -20.5456 -28.184 52.6215
      vertex -20.6601 -28.184 52.5444
    endloop
  endfacet
  facet normal 0 -1 0
    outer loop
      vertex -20.5456 -28.184 52.6215
      vertex -20.5386 -28.184 52.4217
      vertex -20.4106 -28.184 52.5129
    endloop
  endfacet
  facet normal 0 -1 0
    outer loop
      vertex -20.4036 -28.184 52.313
      vertex -20.4106 -28.184 52.5129
      vertex -20.5386 -28.184 52.4217
    endloop
  endfacet
  facet normal 0 -1 0
    outer loop
      vertex -20.4106 -28.184 52.5129
      vertex -20.4036 -28.184 52.313
      vertex -20.2637 -28.184 52.4198
    endloop
  endfacet
  facet normal 0 -1 0
    outer loop
      vertex -20.2568 -28.184 52.2199
      vertex -20.2637 -28.184 52.4198
      vertex -20.4036 -28.184 52.313
    endloop
  endfacet
  facet normal 0 -1 0
    outer loop
      vertex -20.2637 -28.184 52.4198
      vertex -20.2568 -28.184 52.2199
      vertex -20.1051 -28.184 52.3422
    endloop
  endfacet
  facet normal 0 -1 0
    outer loop
      vertex -20.0982 -28.184 52.1424
      vertex -20.1051 -28.184 52.3422
      vertex -20.2568 -28.184 52.2199
    endloop
  endfacet
  facet normal 0 -1 0
    outer loop
      vertex -20.1051 -28.184 52.3422
      vertex -20.0982 -28.184 52.1424
      vertex -19.9347 -28.184 52.2802
    endloop
  endfacet
  facet normal 0 -1 0
    outer loop
      vertex -19.9277 -28.184 52.0803
      vertex -19.9347 -28.184 52.2802
      vertex -20.0982 -28.184 52.1424
    endloop
  endfacet
  facet normal 0 -1 0
    outer loop
      vertex -19.9347 -28.184 52.2802
      vertex -19.9277 -28.184 52.0803
      vertex -19.7525 -28.184 52.2337
    endloop
  endfacet
  facet normal 0 -1 0
    outer loop
      vertex -19.7456 -28.184 52.0338
      vertex -19.7525 -28.184 52.2337
      vertex -19.9277 -28.184 52.0803
    endloop
  endfacet
  facet normal 0 -1 0
    outer loop
      vertex -17.3066 -28.184 53.8788
      vertex -17.2992 -28.184 53.8911
      vertex -17.3062 -28.184 54.0909
    endloop
  endfacet
  facet normal 0 -1 0
    outer loop
      vertex -17.3066 -28.184 53.8788
      vertex -17.2996 -28.184 53.679
      vertex -17.2992 -28.184 53.8911
    endloop
  endfacet
  facet normal 0 -1 0
    outer loop
      vertex -17.3231 -28.184 53.6783
      vertex -17.2996 -28.184 53.679
      vertex -17.3066 -28.184 53.8788
    endloop
  endfacet
  facet normal 0 -1 0
    outer loop
      vertex -17.3556 -28.184 53.4894
      vertex -17.2996 -28.184 53.679
      vertex -17.3231 -28.184 53.6783
    endloop
  endfacet
  facet normal 0 -1 0
    outer loop
      vertex -17.3556 -28.184 53.4894
      vertex -17.3161 -28.184 53.4785
      vertex -17.2996 -28.184 53.679
    endloop
  endfacet
  facet normal 0 -1 0
    outer loop
      vertex -17.4041 -28.184 53.3121
      vertex -17.3161 -28.184 53.4785
      vertex -17.3556 -28.184 53.4894
    endloop
  endfacet
  facet normal 0 -1 0
    outer loop
      vertex -17.4041 -28.184 53.3121
      vertex -17.3486 -28.184 53.2896
      vertex -17.3161 -28.184 53.4785
    endloop
  endfacet
  facet normal 0 -1 0
    outer loop
      vertex -17.4686 -28.184 53.1464
      vertex -17.3486 -28.184 53.2896
      vertex -17.4041 -28.184 53.3121
    endloop
  endfacet
  facet normal 0 -1 0
    outer loop
      vertex -17.4686 -28.184 53.1464
      vertex -17.3971 -28.184 53.1123
      vertex -17.3486 -28.184 53.2896
    endloop
  endfacet
  facet normal 0 -1 0
    outer loop
      vertex -17.5493 -28.184 52.9923
      vertex -17.3971 -28.184 53.1123
      vertex -17.4686 -28.184 53.1464
    endloop
  endfacet
  facet normal 0 -1 0
    outer loop
      vertex -17.5493 -28.184 52.9923
      vertex -17.4617 -28.184 52.9465
      vertex -17.3971 -28.184 53.1123
    endloop
  endfacet
  facet normal 0 -1 0
    outer loop
      vertex -17.5423 -28.184 52.7924
      vertex -17.5493 -28.184 52.9923
      vertex -17.6459 -28.184 52.8498
    endloop
  endfacet
  facet normal 0 -1 0
    outer loop
      vertex -17.5493 -28.184 52.9923
      vertex -17.5423 -28.184 52.7924
      vertex -17.4617 -28.184 52.9465
    endloop
  endfacet
  facet normal 0 -1 0
    outer loop
      vertex -17.6389 -28.184 52.6499
      vertex -17.6459 -28.184 52.8498
      vertex -17.7586 -28.184 52.7189
    endloop
  endfacet
  facet normal 0 -1 0
    outer loop
      vertex -17.6459 -28.184 52.8498
      vertex -17.6389 -28.184 52.6499
      vertex -17.5423 -28.184 52.7924
    endloop
  endfacet
  facet normal 0 -1 0
    outer loop
      vertex -17.7516 -28.184 52.519
      vertex -17.7586 -28.184 52.7189
      vertex -17.8857 -28.184 52.6011
    endloop
  endfacet
  facet normal 0 -1 0
    outer loop
      vertex -17.7586 -28.184 52.7189
      vertex -17.7516 -28.184 52.519
      vertex -17.6389 -28.184 52.6499
    endloop
  endfacet
  facet normal 0 -1 0
    outer loop
      vertex -17.8787 -28.184 52.4012
      vertex -17.8857 -28.184 52.6011
      vertex -18.0257 -28.184 52.498
    endloop
  endfacet
  facet normal 0 -1 0
    outer loop
      vertex -18.0187 -28.184 52.2981
      vertex -18.0257 -28.184 52.498
      vertex -18.1785 -28.184 52.4095
    endloop
  endfacet
  facet normal 0 -1 0
    outer loop
      vertex -17.8857 -28.184 52.6011
      vertex -17.8787 -28.184 52.4012
      vertex -17.7516 -28.184 52.519
    endloop
  endfacet
  facet normal 0 -1 0
    outer loop
      vertex -18.1715 -28.184 52.2096
      vertex -18.1785 -28.184 52.4095
      vertex -18.3441 -28.184 52.3357
    endloop
  endfacet
  facet normal 0 -1 0
    outer loop
      vertex -18.0257 -28.184 52.498
      vertex -18.0187 -28.184 52.2981
      vertex -17.8787 -28.184 52.4012
    endloop
  endfacet
  facet normal 0 -1 0
    outer loop
      vertex -18.3371 -28.184 52.1359
      vertex -18.3441 -28.184 52.3357
      vertex -18.5226 -28.184 52.2766
    endloop
  endfacet
  facet normal 0 -1 0
    outer loop
      vertex -18.5156 -28.184 52.0767
      vertex -18.5226 -28.184 52.2766
      vertex -18.714 -28.184 52.2322
    endloop
  endfacet
  facet normal 0 -1 0
    outer loop
      vertex -18.1785 -28.184 52.4095
      vertex -18.1715 -28.184 52.2096
      vertex -18.0187 -28.184 52.2981
    endloop
  endfacet
  facet normal 0 -1 0
    outer loop
      vertex -18.707 -28.184 52.0323
      vertex -18.714 -28.184 52.2322
      vertex -18.9182 -28.184 52.2023
    endloop
  endfacet
  facet normal 0 -1 0
    outer loop
      vertex -18.9112 -28.184 52.0025
      vertex -18.9182 -28.184 52.2023
      vertex -19.1352 -28.184 52.1872
    endloop
  endfacet
  facet normal 0 -1 0
    outer loop
      vertex -19.7525 -28.184 52.2337
      vertex -19.7456 -28.184 52.0338
      vertex -19.5585 -28.184 52.2027
    endloop
  endfacet
  facet normal 0 -1 0
    outer loop
      vertex -19.5516 -28.184 52.0028
      vertex -19.5585 -28.184 52.2027
      vertex -19.7456 -28.184 52.0338
    endloop
  endfacet
  facet normal -0 -1 0
    outer loop
      vertex -18.9112 -28.184 52.0025
      vertex -19.1352 -28.184 52.1872
      vertex -19.1282 -28.184 51.9873
    endloop
  endfacet
  facet normal 0 -1 0
    outer loop
      vertex -19.5585 -28.184 52.2027
      vertex -19.5516 -28.184 52.0028
      vertex -19.3528 -28.184 52.1872
    endloop
  endfacet
  facet normal 0 -1 0
    outer loop
      vertex -18.714 -28.184 52.2322
      vertex -18.707 -28.184 52.0323
      vertex -18.5156 -28.184 52.0767
    endloop
  endfacet
  facet normal 0 -1 0
    outer loop
      vertex -19.3458 -28.184 51.9873
      vertex -19.3528 -28.184 52.1872
      vertex -19.5516 -28.184 52.0028
    endloop
  endfacet
  facet normal 0 -1 0
    outer loop
      vertex -18.3441 -28.184 52.3357
      vertex -18.3371 -28.184 52.1359
      vertex -18.1715 -28.184 52.2096
    endloop
  endfacet
  facet normal 0 -1 0
    outer loop
      vertex -19.3528 -28.184 52.1872
      vertex -19.3458 -28.184 51.9873
      vertex -19.1352 -28.184 52.1872
    endloop
  endfacet
  facet normal 0 -1 0
    outer loop
      vertex -18.5226 -28.184 52.2766
      vertex -18.5156 -28.184 52.0767
      vertex -18.3371 -28.184 52.1359
    endloop
  endfacet
  facet normal 0 -1 0
    outer loop
      vertex -18.9182 -28.184 52.2023
      vertex -18.9112 -28.184 52.0025
      vertex -18.707 -28.184 52.0323
    endloop
  endfacet
  facet normal 0 -1 -0
    outer loop
      vertex -19.1352 -28.184 52.1872
      vertex -19.3458 -28.184 51.9873
      vertex -19.1282 -28.184 51.9873
    endloop
  endfacet
  facet normal 0 -1 0
    outer loop
      vertex -10.1045 -28.184 55.2596
      vertex -10.0431 -28.184 55.4602
      vertex -10.1115 -28.184 55.4595
    endloop
  endfacet
  facet normal 0 -1 0
    outer loop
      vertex -10.0431 -28.184 55.4602
      vertex -10.0362 -28.184 55.2603
      vertex -9.97682 -28.184 55.4576
    endloop
  endfacet
  facet normal 0 -1 0
    outer loop
      vertex -9.96984 -28.184 55.2577
      vertex -9.97682 -28.184 55.4576
      vertex -10.0362 -28.184 55.2603
    endloop
  endfacet
  facet normal 0 -1 0
    outer loop
      vertex -10.1045 -28.184 55.2596
      vertex -10.1115 -28.184 55.4595
      vertex -10.6611 -28.184 55.4403
    endloop
  endfacet
  facet normal 0 -1 -0
    outer loop
      vertex -10.0431 -28.184 55.4602
      vertex -10.1045 -28.184 55.2596
      vertex -10.0362 -28.184 55.2603
    endloop
  endfacet
  facet normal 0 -1 0
    outer loop
      vertex -9.97682 -28.184 55.4576
      vertex -9.96984 -28.184 55.2577
      vertex -9.91256 -28.184 55.4516
    endloop
  endfacet
  facet normal 0 -1 0
    outer loop
      vertex -9.90558 -28.184 55.2517
      vertex -9.91256 -28.184 55.4516
      vertex -9.96984 -28.184 55.2577
    endloop
  endfacet
  facet normal 0 -1 0
    outer loop
      vertex -9.91256 -28.184 55.4516
      vertex -9.90558 -28.184 55.2517
      vertex -9.85035 -28.184 55.4422
    endloop
  endfacet
  facet normal 0 -1 0
    outer loop
      vertex -9.85035 -28.184 55.4422
      vertex -9.84337 -28.184 55.2423
      vertex -9.79019 -28.184 55.4294
    endloop
  endfacet
  facet normal 0 -1 0
    outer loop
      vertex -9.78321 -28.184 55.2296
      vertex -9.79019 -28.184 55.4294
      vertex -9.84337 -28.184 55.2423
    endloop
  endfacet
  facet normal 0 -1 -0
    outer loop
      vertex -9.73209 -28.184 55.4133
      vertex -9.78321 -28.184 55.2296
      vertex -9.67604 -28.184 55.3938
    endloop
  endfacet
  facet normal 0 -1 0
    outer loop
      vertex -9.79019 -28.184 55.4294
      vertex -9.78321 -28.184 55.2296
      vertex -9.73209 -28.184 55.4133
    endloop
  endfacet
  facet normal 0 -1 0
    outer loop
      vertex -9.84337 -28.184 55.2423
      vertex -9.85035 -28.184 55.4422
      vertex -9.90558 -28.184 55.2517
    endloop
  endfacet
  facet normal -0 -1 0
    outer loop
      vertex -10.1045 -28.184 55.2596
      vertex -10.6611 -28.184 55.4403
      vertex -10.6542 -28.184 55.2404
    endloop
  endfacet
  facet normal 0 -1 0
    outer loop
      vertex -9.72511 -28.184 55.2134
      vertex -9.67604 -28.184 55.3938
      vertex -9.78321 -28.184 55.2296
    endloop
  endfacet
  facet normal 0 -1 -0
    outer loop
      vertex -9.67604 -28.184 55.3938
      vertex -9.72511 -28.184 55.2134
      vertex -9.62205 -28.184 55.3709
    endloop
  endfacet
  facet normal 0 -1 0
    outer loop
      vertex -9.66906 -28.184 55.1939
      vertex -9.62205 -28.184 55.3709
      vertex -9.72511 -28.184 55.2134
    endloop
  endfacet
  facet normal 0 -1 -0
    outer loop
      vertex -9.62205 -28.184 55.3709
      vertex -9.66906 -28.184 55.1939
      vertex -9.57046 -28.184 55.3448
    endloop
  endfacet
  facet normal 0 -1 0
    outer loop
      vertex -9.61507 -28.184 55.1711
      vertex -9.57046 -28.184 55.3448
      vertex -9.66906 -28.184 55.1939
    endloop
  endfacet
  facet normal 0 -1 -0
    outer loop
      vertex -9.57046 -28.184 55.3448
      vertex -9.61507 -28.184 55.1711
      vertex -9.52162 -28.184 55.3154
    endloop
  endfacet
  facet normal 0 -1 0
    outer loop
      vertex -9.56348 -28.184 55.1449
      vertex -9.52162 -28.184 55.3154
      vertex -9.61507 -28.184 55.1711
    endloop
  endfacet
  facet normal 0 -1 -0
    outer loop
      vertex -9.52162 -28.184 55.3154
      vertex -9.56348 -28.184 55.1449
      vertex -9.47553 -28.184 55.2828
    endloop
  endfacet
  facet normal 0 -1 -0
    outer loop
      vertex -9.47553 -28.184 55.2828
      vertex -9.56348 -28.184 55.1449
      vertex -9.4322 -28.184 55.2469
    endloop
  endfacet
  facet normal 0 -1 0
    outer loop
      vertex -9.51464 -28.184 55.1155
      vertex -9.4322 -28.184 55.2469
      vertex -9.56348 -28.184 55.1449
    endloop
  endfacet
  facet normal 0 -1 -0
    outer loop
      vertex -9.4322 -28.184 55.2469
      vertex -9.51464 -28.184 55.1155
      vertex -9.39163 -28.184 55.2079
    endloop
  endfacet
  facet normal 0 -1 0
    outer loop
      vertex -9.46855 -28.184 55.0829
      vertex -9.39163 -28.184 55.2079
      vertex -9.51464 -28.184 55.1155
    endloop
  endfacet
  facet normal 0 -1 -0
    outer loop
      vertex -9.39163 -28.184 55.2079
      vertex -9.46855 -28.184 55.0829
      vertex -9.35381 -28.184 55.1656
    endloop
  endfacet
  facet normal 0 -1 0
    outer loop
      vertex -9.42522 -28.184 55.0471
      vertex -9.35381 -28.184 55.1656
      vertex -9.46855 -28.184 55.0829
    endloop
  endfacet
  facet normal 0 -1 -0
    outer loop
      vertex -9.35381 -28.184 55.1656
      vertex -9.42522 -28.184 55.0471
      vertex -9.31874 -28.184 55.1201
    endloop
  endfacet
  facet normal 0 -1 0
    outer loop
      vertex -9.38465 -28.184 55.008
      vertex -9.31874 -28.184 55.1201
      vertex -9.42522 -28.184 55.0471
    endloop
  endfacet
  facet normal 0 -1 -0
    outer loop
      vertex -9.31874 -28.184 55.1201
      vertex -9.38465 -28.184 55.008
      vertex -9.28643 -28.184 55.0714
    endloop
  endfacet
  facet normal 0 -1 0
    outer loop
      vertex -9.34683 -28.184 54.9657
      vertex -9.28643 -28.184 55.0714
      vertex -9.38465 -28.184 55.008
    endloop
  endfacet
  facet normal 0 -1 -0
    outer loop
      vertex -9.28643 -28.184 55.0714
      vertex -9.34683 -28.184 54.9657
      vertex -9.25725 -28.184 55.0195
    endloop
  endfacet
  facet normal 0 -1 0
    outer loop
      vertex -9.31176 -28.184 54.9202
      vertex -9.25725 -28.184 55.0195
      vertex -9.34683 -28.184 54.9657
    endloop
  endfacet
  facet normal 0 -1 -0
    outer loop
      vertex -9.25725 -28.184 55.0195
      vertex -9.31176 -28.184 54.9202
      vertex -9.23162 -28.184 54.9646
    endloop
  endfacet
  facet normal 0 -1 0
    outer loop
      vertex -9.31176 -28.184 54.9202
      vertex -9.20952 -28.184 54.9065
      vertex -9.23162 -28.184 54.9646
    endloop
  endfacet
  facet normal 0 -1 0
    outer loop
      vertex -9.27945 -28.184 54.8715
      vertex -9.20952 -28.184 54.9065
      vertex -9.31176 -28.184 54.9202
    endloop
  endfacet
  facet normal 0 -1 0
    outer loop
      vertex -9.27945 -28.184 54.8715
      vertex -9.19097 -28.184 54.8454
      vertex -9.20952 -28.184 54.9065
    endloop
  endfacet
  facet normal 0 -1 0
    outer loop
      vertex -9.25027 -28.184 54.8196
      vertex -9.19097 -28.184 54.8454
      vertex -9.27945 -28.184 54.8715
    endloop
  endfacet
  facet normal 0 -1 0
    outer loop
      vertex -9.25027 -28.184 54.8196
      vertex -9.17597 -28.184 54.7813
      vertex -9.19097 -28.184 54.8454
    endloop
  endfacet
  facet normal 0 -1 0
    outer loop
      vertex -9.22464 -28.184 54.7647
      vertex -9.17597 -28.184 54.7813
      vertex -9.25027 -28.184 54.8196
    endloop
  endfacet
  facet normal 0 -1 0
    outer loop
      vertex -9.20254 -28.184 54.7067
      vertex -9.17597 -28.184 54.7813
      vertex -9.22464 -28.184 54.7647
    endloop
  endfacet
  facet normal 0 -1 -0
    outer loop
      vertex -9.17597 -28.184 54.7813
      vertex -9.20254 -28.184 54.7067
      vertex -9.16449 -28.184 54.714
    endloop
  endfacet
  facet normal 0 -1 0
    outer loop
      vertex -9.18399 -28.184 54.6456
      vertex -9.16449 -28.184 54.714
      vertex -9.20254 -28.184 54.7067
    endloop
  endfacet
  facet normal 0 -1 0
    outer loop
      vertex -9.18399 -28.184 54.6456
      vertex -9.15657 -28.184 54.6437
      vertex -9.16449 -28.184 54.714
    endloop
  endfacet
  facet normal 0 -1 0
    outer loop
      vertex -9.16899 -28.184 54.5814
      vertex -9.15657 -28.184 54.6437
      vertex -9.18399 -28.184 54.6456
    endloop
  endfacet
  facet normal 0 -1 0
    outer loop
      vertex -9.16899 -28.184 54.5814
      vertex -9.15217 -28.184 54.5702
      vertex -9.15657 -28.184 54.6437
    endloop
  endfacet
  facet normal 0 -1 0
    outer loop
      vertex -9.15751 -28.184 54.5141
      vertex -9.15217 -28.184 54.5702
      vertex -9.16899 -28.184 54.5814
    endloop
  endfacet
  facet normal 0 -1 0
    outer loop
      vertex -9.15751 -28.184 54.5141
      vertex -9.15148 -28.184 54.498
      vertex -9.15217 -28.184 54.5702
    endloop
  endfacet
  facet normal 0 -1 0
    outer loop
      vertex -9.15751 -28.184 54.5141
      vertex -9.15264 -28.184 54.471
      vertex -9.15148 -28.184 54.498
    endloop
  endfacet
  facet normal -0 -1 -0
    outer loop
      vertex -9.15264 -28.184 54.471
      vertex -9.15751 -28.184 54.5141
      vertex -9.14959 -28.184 54.4438
    endloop
  endfacet
  facet normal 0 -1 0
    outer loop
      vertex -7.855 -28.184 54.1884
      vertex -7.83224 -28.184 54.1172
      vertex -7.85151 -28.184 54.2168
    endloop
  endfacet
  facet normal 0 -1 0
    outer loop
      vertex -7.88075 -28.184 54.0553
      vertex -7.83224 -28.184 54.1172
      vertex -7.855 -28.184 54.1884
    endloop
  endfacet
  facet normal 0 -1 0
    outer loop
      vertex -7.88075 -28.184 54.0553
      vertex -7.84802 -28.184 53.9885
      vertex -7.83224 -28.184 54.1172
    endloop
  endfacet
  facet normal 0 -1 0
    outer loop
      vertex -7.91536 -28.184 53.9271
      vertex -7.84802 -28.184 53.9885
      vertex -7.88075 -28.184 54.0553
    endloop
  endfacet
  facet normal 0 -1 0
    outer loop
      vertex -7.91536 -28.184 53.9271
      vertex -7.87378 -28.184 53.8554
      vertex -7.84802 -28.184 53.9885
    endloop
  endfacet
  facet normal 0 -1 0
    outer loop
      vertex -7.95881 -28.184 53.8037
      vertex -7.87378 -28.184 53.8554
      vertex -7.91536 -28.184 53.9271
    endloop
  endfacet
  facet normal 0 -1 0
    outer loop
      vertex -7.95881 -28.184 53.8037
      vertex -7.90838 -28.184 53.7272
      vertex -7.87378 -28.184 53.8554
    endloop
  endfacet
  facet normal 0 -1 0
    outer loop
      vertex -8.01113 -28.184 53.6851
      vertex -7.90838 -28.184 53.7272
      vertex -7.95881 -28.184 53.8037
    endloop
  endfacet
  facet normal 0 -1 0
    outer loop
      vertex -8.01113 -28.184 53.6851
      vertex -7.95183 -28.184 53.6038
      vertex -7.90838 -28.184 53.7272
    endloop
  endfacet
  facet normal 0 -1 0
    outer loop
      vertex -8.07229 -28.184 53.5713
      vertex -7.95183 -28.184 53.6038
      vertex -8.01113 -28.184 53.6851
    endloop
  endfacet
  facet normal 0 -1 0
    outer loop
      vertex -8.07229 -28.184 53.5713
      vertex -8.00415 -28.184 53.4852
      vertex -7.95183 -28.184 53.6038
    endloop
  endfacet
  facet normal 0 -1 0
    outer loop
      vertex -8.14138 -28.184 53.4629
      vertex -8.00415 -28.184 53.4852
      vertex -8.07229 -28.184 53.5713
    endloop
  endfacet
  facet normal 0 -1 0
    outer loop
      vertex -8.14138 -28.184 53.4629
      vertex -8.06531 -28.184 53.3714
      vertex -8.00415 -28.184 53.4852
    endloop
  endfacet
  facet normal 0 -1 0
    outer loop
      vertex -8.21745 -28.184 53.3606
      vertex -8.06531 -28.184 53.3714
      vertex -8.14138 -28.184 53.4629
    endloop
  endfacet
  facet normal 0 -1 0
    outer loop
      vertex -8.1344 -28.184 53.2631
      vertex -8.21745 -28.184 53.3606
      vertex -8.3005 -28.184 53.2642
    endloop
  endfacet
  facet normal 0 -1 0
    outer loop
      vertex -8.21745 -28.184 53.3606
      vertex -8.1344 -28.184 53.2631
      vertex -8.06531 -28.184 53.3714
    endloop
  endfacet
  facet normal 0 -1 0
    outer loop
      vertex -8.21047 -28.184 53.1607
      vertex -8.3005 -28.184 53.2642
      vertex -8.39054 -28.184 53.1739
    endloop
  endfacet
  facet normal 0 -1 0
    outer loop
      vertex -8.3005 -28.184 53.2642
      vertex -8.21047 -28.184 53.1607
      vertex -8.1344 -28.184 53.2631
    endloop
  endfacet
  facet normal 0 -1 0
    outer loop
      vertex -8.29352 -28.184 53.0643
      vertex -8.39054 -28.184 53.1739
      vertex -8.48756 -28.184 53.0895
    endloop
  endfacet
  facet normal 0 -1 0
    outer loop
      vertex -8.39054 -28.184 53.1739
      vertex -8.29352 -28.184 53.0643
      vertex -8.21047 -28.184 53.1607
    endloop
  endfacet
  facet normal 0 -1 0
    outer loop
      vertex -8.48058 -28.184 52.8897
      vertex -8.48756 -28.184 53.0895
      vertex -8.59156 -28.184 53.0112
    endloop
  endfacet
  facet normal 0 -1 0
    outer loop
      vertex -8.48756 -28.184 53.0895
      vertex -8.38356 -28.184 52.974
      vertex -8.29352 -28.184 53.0643
    endloop
  endfacet
  facet normal 0 -1 0
    outer loop
      vertex -8.58458 -28.184 52.8113
      vertex -8.59156 -28.184 53.0112
      vertex -8.70255 -28.184 52.9389
    endloop
  endfacet
  facet normal 0 -1 0
    outer loop
      vertex -8.48756 -28.184 53.0895
      vertex -8.48058 -28.184 52.8897
      vertex -8.38356 -28.184 52.974
    endloop
  endfacet
  facet normal 0 -1 0
    outer loop
      vertex -8.69557 -28.184 52.739
      vertex -8.70255 -28.184 52.9389
      vertex -8.82053 -28.184 52.8726
    endloop
  endfacet
  facet normal 0 -1 0
    outer loop
      vertex -8.81355 -28.184 52.6727
      vertex -8.82053 -28.184 52.8726
      vertex -8.94455 -28.184 52.8129
    endloop
  endfacet
  facet normal 0 -1 0
    outer loop
      vertex -8.59156 -28.184 53.0112
      vertex -8.58458 -28.184 52.8113
      vertex -8.48058 -28.184 52.8897
    endloop
  endfacet
  facet normal 0 -1 0
    outer loop
      vertex -8.93757 -28.184 52.613
      vertex -8.94455 -28.184 52.8129
      vertex -9.07368 -28.184 52.7604
    endloop
  endfacet
  facet normal 0 -1 0
    outer loop
      vertex -8.70255 -28.184 52.9389
      vertex -8.69557 -28.184 52.739
      vertex -8.58458 -28.184 52.8113
    endloop
  endfacet
  facet normal 0 -1 0
    outer loop
      vertex -9.06671 -28.184 52.5605
      vertex -9.07368 -28.184 52.7604
      vertex -9.20794 -28.184 52.7151
    endloop
  endfacet
  facet normal 0 -1 0
    outer loop
      vertex -9.20096 -28.184 52.5152
      vertex -9.20794 -28.184 52.7151
      vertex -9.34731 -28.184 52.677
    endloop
  endfacet
  facet normal 0 -1 0
    outer loop
      vertex -8.82053 -28.184 52.8726
      vertex -8.81355 -28.184 52.6727
      vertex -8.69557 -28.184 52.739
    endloop
  endfacet
  facet normal 0 -1 0
    outer loop
      vertex -9.34033 -28.184 52.4771
      vertex -9.34731 -28.184 52.677
      vertex -9.4918 -28.184 52.6461
    endloop
  endfacet
  facet normal 0 -1 0
    outer loop
      vertex -9.48482 -28.184 52.4463
      vertex -9.4918 -28.184 52.6461
      vertex -9.64141 -28.184 52.6224
    endloop
  endfacet
  facet normal 0 -1 0
    outer loop
      vertex -8.94455 -28.184 52.8129
      vertex -8.93757 -28.184 52.613
      vertex -8.81355 -28.184 52.6727
    endloop
  endfacet
  facet normal 0 -1 0
    outer loop
      vertex -9.63443 -28.184 52.4226
      vertex -9.64141 -28.184 52.6224
      vertex -9.79612 -28.184 52.606
    endloop
  endfacet
  facet normal 0 -1 0
    outer loop
      vertex -9.78914 -28.184 52.4061
      vertex -9.79612 -28.184 52.606
      vertex -9.95595 -28.184 52.5967
    endloop
  endfacet
  facet normal 0 -1 0
    outer loop
      vertex -9.07368 -28.184 52.7604
      vertex -9.06671 -28.184 52.5605
      vertex -8.93757 -28.184 52.613
    endloop
  endfacet
  facet normal 0 -1 0
    outer loop
      vertex -9.94897 -28.184 52.3968
      vertex -9.95595 -28.184 52.5967
      vertex -11.8713 -28.184 52.5298
    endloop
  endfacet
  facet normal -0 -1 0
    outer loop
      vertex -9.78914 -28.184 52.4061
      vertex -9.95595 -28.184 52.5967
      vertex -9.94897 -28.184 52.3968
    endloop
  endfacet
  facet normal 0 -1 0
    outer loop
      vertex -9.20794 -28.184 52.7151
      vertex -9.20096 -28.184 52.5152
      vertex -9.06671 -28.184 52.5605
    endloop
  endfacet
  facet normal 0 -1 0
    outer loop
      vertex -9.34731 -28.184 52.677
      vertex -9.34033 -28.184 52.4771
      vertex -9.20096 -28.184 52.5152
    endloop
  endfacet
  facet normal 0 -1 0
    outer loop
      vertex -9.4918 -28.184 52.6461
      vertex -9.48482 -28.184 52.4463
      vertex -9.34033 -28.184 52.4771
    endloop
  endfacet
  facet normal 0 -1 0
    outer loop
      vertex -9.64141 -28.184 52.6224
      vertex -9.63443 -28.184 52.4226
      vertex -9.48482 -28.184 52.4463
    endloop
  endfacet
  facet normal 0 -1 0
    outer loop
      vertex -9.79612 -28.184 52.606
      vertex -9.78914 -28.184 52.4061
      vertex -9.63443 -28.184 52.4226
    endloop
  endfacet
  facet normal -0 -1 0
    outer loop
      vertex -9.94897 -28.184 52.3968
      vertex -11.8713 -28.184 52.5298
      vertex -11.8644 -28.184 52.3299
    endloop
  endfacet
  facet normal 0 -1 0
    outer loop
      vertex 14.7418 -28.184 56.3607
      vertex 16.6197 -28.184 56.2262
      vertex 16.6128 -28.184 56.426
    endloop
  endfacet
  facet normal -0 -1 0
    outer loop
      vertex 16.6197 -28.184 56.2262
      vertex 14.7418 -28.184 56.3607
      vertex 14.7488 -28.184 56.1608
    endloop
  endfacet
  facet normal 0 -1 0
    outer loop
      vertex 14.7906 -28.184 54.9617
      vertex 16.441 -28.184 54.8192
      vertex 16.434 -28.184 55.0191
    endloop
  endfacet
  facet normal -0 -1 0
    outer loop
      vertex 16.441 -28.184 54.8192
      vertex 14.7906 -28.184 54.9617
      vertex 14.7976 -28.184 54.7618
    endloop
  endfacet
  facet normal 0 -1 0
    outer loop
      vertex 13.555 -28.184 53.4177
      vertex 16.7931 -28.184 53.3307
      vertex 16.7861 -28.184 53.5305
    endloop
  endfacet
  facet normal -0 -1 0
    outer loop
      vertex 16.7931 -28.184 53.3307
      vertex 13.555 -28.184 53.4177
      vertex 13.5619 -28.184 53.2178
    endloop
  endfacet
  facet normal 0 -1 0
    outer loop
      vertex 18.699 -28.184 54.5757
      vertex 18.706 -28.184 54.3758
      vertex 19.0629 -28.184 54.3883
    endloop
  endfacet
  facet normal 0 -1 0
    outer loop
      vertex 19.0629 -28.184 54.3883
      vertex 19.056 -28.184 54.5881
      vertex 18.699 -28.184 54.5757
    endloop
  endfacet
  facet normal 0 -1 0
    outer loop
      vertex 19.0629 -28.184 54.3883
      vertex 19.7492 -28.184 53.634
      vertex 19.056 -28.184 54.5881
    endloop
  endfacet
  facet normal 0 -1 -0
    outer loop
      vertex 20.6027 -28.184 53.6638
      vertex 19.7561 -28.184 53.4341
      vertex 20.746 -28.184 53.4687
    endloop
  endfacet
  facet normal 0 -1 0
    outer loop
      vertex 19.7561 -28.184 53.4341
      vertex 19.7492 -28.184 53.634
      vertex 19.0629 -28.184 54.3883
    endloop
  endfacet
  facet normal 0 1 0
    outer loop
      vertex 20.6027 -28.184 53.6638
      vertex 20.746 -28.184 53.4687
      vertex 20.3188 -28.184 54.0502
    endloop
  endfacet
  facet normal 0 -1 0
    outer loop
      vertex 19.7561 -28.184 53.4341
      vertex 20.6027 -28.184 53.6638
      vertex 19.7492 -28.184 53.634
    endloop
  endfacet
  facet normal 0 -1 0
    outer loop
      vertex 20.9409 -28.184 55.6802
      vertex 20.968 -28.184 55.621
      vertex 20.9451 -28.184 55.7011
    endloop
  endfacet
  facet normal 0 -1 0
    outer loop
      vertex 20.9137 -28.184 55.5842
      vertex 20.968 -28.184 55.621
      vertex 20.9409 -28.184 55.6802
    endloop
  endfacet
  facet normal 0 -1 -0
    outer loop
      vertex 20.968 -28.184 55.621
      vertex 20.9137 -28.184 55.5842
      vertex 20.9711 -28.184 55.6031
    endloop
  endfacet
  facet normal 0 -1 0
    outer loop
      vertex 20.9137 -28.184 55.5842
      vertex 20.9681 -28.184 55.5799
      vertex 20.9711 -28.184 55.6031
    endloop
  endfacet
  facet normal 0 -1 0
    outer loop
      vertex 20.9479 -28.184 55.4803
      vertex 20.9137 -28.184 55.5842
      vertex 20.8797 -28.184 55.492
    endloop
  endfacet
  facet normal 0 -1 0
    outer loop
      vertex 20.9137 -28.184 55.5842
      vertex 20.9479 -28.184 55.4803
      vertex 20.9681 -28.184 55.5799
    endloop
  endfacet
  facet normal 0 -1 0
    outer loop
      vertex 20.9207 -28.184 55.3844
      vertex 20.8797 -28.184 55.492
      vertex 20.8388 -28.184 55.4034
    endloop
  endfacet
  facet normal 0 -1 0
    outer loop
      vertex 20.8797 -28.184 55.492
      vertex 20.9207 -28.184 55.3844
      vertex 20.9479 -28.184 55.4803
    endloop
  endfacet
  facet normal 0 -1 0
    outer loop
      vertex 20.8867 -28.184 55.2921
      vertex 20.8388 -28.184 55.4034
      vertex 20.7909 -28.184 55.3185
    endloop
  endfacet
  facet normal 0 -1 0
    outer loop
      vertex 20.8388 -28.184 55.4034
      vertex 20.8867 -28.184 55.2921
      vertex 20.9207 -28.184 55.3844
    endloop
  endfacet
  facet normal 0 -1 0
    outer loop
      vertex 20.8457 -28.184 55.2035
      vertex 20.7909 -28.184 55.3185
      vertex 20.7367 -28.184 55.2377
    endloop
  endfacet
  facet normal 0 -1 0
    outer loop
      vertex 20.7909 -28.184 55.3185
      vertex 20.8457 -28.184 55.2035
      vertex 20.8867 -28.184 55.2921
    endloop
  endfacet
  facet normal 0 -1 0
    outer loop
      vertex 20.7979 -28.184 55.1186
      vertex 20.7367 -28.184 55.2377
      vertex 20.6767 -28.184 55.1615
    endloop
  endfacet
  facet normal 0 -1 0
    outer loop
      vertex 20.7367 -28.184 55.2377
      vertex 20.7979 -28.184 55.1186
      vertex 20.8457 -28.184 55.2035
    endloop
  endfacet
  facet normal 0 -1 0
    outer loop
      vertex 20.7437 -28.184 55.0378
      vertex 20.6767 -28.184 55.1615
      vertex 20.6109 -28.184 55.0898
    endloop
  endfacet
  facet normal 0 -1 0
    outer loop
      vertex 20.6767 -28.184 55.1615
      vertex 20.7437 -28.184 55.0378
      vertex 20.7979 -28.184 55.1186
    endloop
  endfacet
  facet normal 0 -1 0
    outer loop
      vertex 20.6837 -28.184 54.9616
      vertex 20.6109 -28.184 55.0898
      vertex 20.5393 -28.184 55.0227
    endloop
  endfacet
  facet normal 0 -1 0
    outer loop
      vertex 20.6109 -28.184 55.0898
      vertex 20.6837 -28.184 54.9616
      vertex 20.7437 -28.184 55.0378
    endloop
  endfacet
  facet normal 0 -1 0
    outer loop
      vertex 20.6179 -28.184 54.8899
      vertex 20.5393 -28.184 55.0227
      vertex 20.4619 -28.184 54.9602
    endloop
  endfacet
  facet normal 0 -1 0
    outer loop
      vertex 20.5463 -28.184 54.8229
      vertex 20.4619 -28.184 54.9602
      vertex 20.3787 -28.184 54.9023
    endloop
  endfacet
  facet normal 0 -1 0
    outer loop
      vertex 20.5393 -28.184 55.0227
      vertex 20.6179 -28.184 54.8899
      vertex 20.6837 -28.184 54.9616
    endloop
  endfacet
  facet normal 0 -1 0
    outer loop
      vertex 20.3945 -28.184 54.7086
      vertex 20.3787 -28.184 54.9023
      vertex 20.2909 -28.184 54.8497
    endloop
  endfacet
  facet normal 0 -1 0
    outer loop
      vertex 20.4619 -28.184 54.9602
      vertex 20.5463 -28.184 54.8229
      vertex 20.6179 -28.184 54.8899
    endloop
  endfacet
  facet normal 0 -1 0
    outer loop
      vertex 20.3787 -28.184 54.9023
      vertex 20.4689 -28.184 54.7604
      vertex 20.5463 -28.184 54.8229
    endloop
  endfacet
  facet normal 0 -1 0
    outer loop
      vertex 20.3787 -28.184 54.9023
      vertex 20.3945 -28.184 54.7086
      vertex 20.4689 -28.184 54.7604
    endloop
  endfacet
  facet normal 0 -1 0
    outer loop
      vertex 19.1172 -28.184 56.2912
      vertex 19.1761 -28.184 56.4914
      vertex 19.1102 -28.184 56.491
    endloop
  endfacet
  facet normal 0 -1 0
    outer loop
      vertex 19.1761 -28.184 56.4914
      vertex 19.1831 -28.184 56.2915
      vertex 19.2377 -28.184 56.4878
    endloop
  endfacet
  facet normal 0 -1 0
    outer loop
      vertex 19.1172 -28.184 56.2912
      vertex 19.1102 -28.184 56.491
      vertex 18.6327 -28.184 56.4744
    endloop
  endfacet
  facet normal 0 -1 -0
    outer loop
      vertex 19.1761 -28.184 56.4914
      vertex 19.1172 -28.184 56.2912
      vertex 19.1831 -28.184 56.2915
    endloop
  endfacet
  facet normal 0 -1 0
    outer loop
      vertex 19.2446 -28.184 56.288
      vertex 19.2377 -28.184 56.4878
      vertex 19.1831 -28.184 56.2915
    endloop
  endfacet
  facet normal 0 -1 0
    outer loop
      vertex 19.2377 -28.184 56.4878
      vertex 19.2446 -28.184 56.288
      vertex 19.2949 -28.184 56.4803
    endloop
  endfacet
  facet normal 0 -1 0
    outer loop
      vertex 19.3019 -28.184 56.2804
      vertex 19.2949 -28.184 56.4803
      vertex 19.2446 -28.184 56.288
    endloop
  endfacet
  facet normal 0 -1 0
    outer loop
      vertex 19.2949 -28.184 56.4803
      vertex 19.3019 -28.184 56.2804
      vertex 19.3479 -28.184 56.4688
    endloop
  endfacet
  facet normal 0 -1 0
    outer loop
      vertex 19.3549 -28.184 56.2689
      vertex 19.3966 -28.184 56.4533
      vertex 19.3019 -28.184 56.2804
    endloop
  endfacet
  facet normal 0 -1 -0
    outer loop
      vertex 19.3966 -28.184 56.4533
      vertex 19.3549 -28.184 56.2689
      vertex 19.441 -28.184 56.4338
    endloop
  endfacet
  facet normal 0 -1 0
    outer loop
      vertex 19.4036 -28.184 56.2534
      vertex 19.441 -28.184 56.4338
      vertex 19.3549 -28.184 56.2689
    endloop
  endfacet
  facet normal 0 -1 -0
    outer loop
      vertex 19.3479 -28.184 56.4688
      vertex 19.3019 -28.184 56.2804
      vertex 19.3966 -28.184 56.4533
    endloop
  endfacet
  facet normal -0 -1 0
    outer loop
      vertex 19.1172 -28.184 56.2912
      vertex 18.6327 -28.184 56.4744
      vertex 18.6397 -28.184 56.2745
    endloop
  endfacet
  facet normal 0 -1 -0
    outer loop
      vertex 19.441 -28.184 56.4338
      vertex 19.4036 -28.184 56.2534
      vertex 19.4811 -28.184 56.4103
    endloop
  endfacet
  facet normal 0 -1 -0
    outer loop
      vertex 19.4811 -28.184 56.4103
      vertex 19.4036 -28.184 56.2534
      vertex 19.517 -28.184 56.3829
    endloop
  endfacet
  facet normal 0 -1 0
    outer loop
      vertex 19.448 -28.184 56.2339
      vertex 19.517 -28.184 56.3829
      vertex 19.4036 -28.184 56.2534
    endloop
  endfacet
  facet normal 0 -1 -0
    outer loop
      vertex 19.517 -28.184 56.3829
      vertex 19.448 -28.184 56.2339
      vertex 19.5487 -28.184 56.3521
    endloop
  endfacet
  facet normal 0 -1 -0
    outer loop
      vertex 19.5487 -28.184 56.3521
      vertex 19.448 -28.184 56.2339
      vertex 19.5764 -28.184 56.3183
    endloop
  endfacet
  facet normal 0 -1 0
    outer loop
      vertex 19.4881 -28.184 56.2105
      vertex 19.5764 -28.184 56.3183
      vertex 19.448 -28.184 56.2339
    endloop
  endfacet
  facet normal 0 -1 -0
    outer loop
      vertex 19.5764 -28.184 56.3183
      vertex 19.4881 -28.184 56.2105
      vertex 19.6001 -28.184 56.2816
    endloop
  endfacet
  facet normal 0 -1 0
    outer loop
      vertex 19.5239 -28.184 56.183
      vertex 19.6001 -28.184 56.2816
      vertex 19.4881 -28.184 56.2105
    endloop
  endfacet
  facet normal 0 -1 -0
    outer loop
      vertex 19.6001 -28.184 56.2816
      vertex 19.5239 -28.184 56.183
      vertex 19.6199 -28.184 56.242
    endloop
  endfacet
  facet normal 0 -1 0
    outer loop
      vertex 19.5556 -28.184 56.1522
      vertex 19.6199 -28.184 56.242
      vertex 19.5239 -28.184 56.183
    endloop
  endfacet
  facet normal 0 -1 -0
    outer loop
      vertex 19.6199 -28.184 56.242
      vertex 19.5556 -28.184 56.1522
      vertex 19.6356 -28.184 56.1995
    endloop
  endfacet
  facet normal 0 -1 -0
    outer loop
      vertex 19.6356 -28.184 56.1995
      vertex 19.5556 -28.184 56.1522
      vertex 19.6474 -28.184 56.154
    endloop
  endfacet
  facet normal 0 -1 0
    outer loop
      vertex 19.5834 -28.184 56.1184
      vertex 19.6474 -28.184 56.154
      vertex 19.5556 -28.184 56.1522
    endloop
  endfacet
  facet normal 0 -1 0
    outer loop
      vertex 19.5834 -28.184 56.1184
      vertex 19.6552 -28.184 56.1057
      vertex 19.6474 -28.184 56.154
    endloop
  endfacet
  facet normal 0 -1 0
    outer loop
      vertex 19.6071 -28.184 56.0817
      vertex 19.6552 -28.184 56.1057
      vertex 19.5834 -28.184 56.1184
    endloop
  endfacet
  facet normal 0 -1 0
    outer loop
      vertex 19.6071 -28.184 56.0817
      vertex 19.6591 -28.184 56.0544
      vertex 19.6552 -28.184 56.1057
    endloop
  endfacet
  facet normal 0 -1 0
    outer loop
      vertex 19.6268 -28.184 56.0421
      vertex 19.6591 -28.184 56.0544
      vertex 19.6071 -28.184 56.0817
    endloop
  endfacet
  facet normal 0 -1 0
    outer loop
      vertex 19.6268 -28.184 56.0421
      vertex 19.6588 -28.184 56.003
      vertex 19.6591 -28.184 56.0544
    endloop
  endfacet
  facet normal 0 -1 0
    outer loop
      vertex 19.6426 -28.184 55.9996
      vertex 19.6588 -28.184 56.003
      vertex 19.6268 -28.184 56.0421
    endloop
  endfacet
  facet normal 0 -1 0
    outer loop
      vertex 19.6588 -28.184 56.003
      vertex 19.6426 -28.184 55.9996
      vertex 19.6544 -28.184 55.9542
    endloop
  endfacet
  facet normal 0 -1 0
    outer loop
      vertex 17.4229 -28.184 53.5528
      vertex 18.7402 -28.184 53.3987
      vertex 18.7332 -28.184 53.5985
    endloop
  endfacet
  facet normal -0 -1 0
    outer loop
      vertex 18.7402 -28.184 53.3987
      vertex 17.4229 -28.184 53.5528
      vertex 17.4299 -28.184 53.3529
    endloop
  endfacet
  facet normal 0 -1 0
    outer loop
      vertex -15.27 -28.184 53.9803
      vertex -13.7385 -28.184 52.4646
      vertex -15.277 -28.184 54.1801
    endloop
  endfacet
  facet normal 0 -1 0
    outer loop
      vertex -13.7385 -28.184 52.4646
      vertex -13.7315 -28.184 52.2647
      vertex -12.6545 -28.184 52.3023
    endloop
  endfacet
  facet normal 0 -1 0
    outer loop
      vertex -13.7315 -28.184 52.2647
      vertex -13.7385 -28.184 52.4646
      vertex -15.27 -28.184 53.9803
    endloop
  endfacet
  facet normal 0 -1 -0
    outer loop
      vertex -12.6615 -28.184 52.5022
      vertex -13.7385 -28.184 52.4646
      vertex -12.6545 -28.184 52.3023
    endloop
  endfacet
  facet normal 0 -1 0
    outer loop
      vertex -16.4922 -28.184 52.3684
      vertex -15.2083 -28.184 52.2132
      vertex -15.2153 -28.184 52.413
    endloop
  endfacet
  facet normal -0 -1 0
    outer loop
      vertex -15.2083 -28.184 52.2132
      vertex -16.4922 -28.184 52.3684
      vertex -16.4853 -28.184 52.1686
    endloop
  endfacet
  facet normal 0 -1 0
    outer loop
      vertex -7.12402 -28.184 52.6956
      vertex -3.8859 -28.184 52.6085
      vertex -3.89288 -28.184 52.8084
    endloop
  endfacet
  facet normal -0 -1 0
    outer loop
      vertex -3.8859 -28.184 52.6085
      vertex -7.12402 -28.184 52.6956
      vertex -7.11704 -28.184 52.4957
    endloop
  endfacet
  facet normal 0 -1 0
    outer loop
      vertex -5.88837 -28.184 54.2396
      vertex -4.23803 -28.184 54.0971
      vertex -4.24501 -28.184 54.2969
    endloop
  endfacet
  facet normal -0 -1 0
    outer loop
      vertex -4.23803 -28.184 54.0971
      vertex -5.88837 -28.184 54.2396
      vertex -5.88139 -28.184 54.0397
    endloop
  endfacet
  facet normal 0 -1 0
    outer loop
      vertex -5.93722 -28.184 55.6386
      vertex -4.05925 -28.184 55.504
      vertex -4.06623 -28.184 55.7039
    endloop
  endfacet
  facet normal -0 -1 0
    outer loop
      vertex -4.05925 -28.184 55.504
      vertex -5.93722 -28.184 55.6386
      vertex -5.93024 -28.184 55.4387
    endloop
  endfacet
  facet normal 0 -1 0
    outer loop
      vertex -1.5618 -28.184 55.569
      vertex -1.50291 -28.184 55.7693
      vertex -1.56878 -28.184 55.7689
    endloop
  endfacet
  facet normal 0 -1 0
    outer loop
      vertex -1.50291 -28.184 55.7693
      vertex -1.49593 -28.184 55.5694
      vertex -1.44135 -28.184 55.7657
    endloop
  endfacet
  facet normal 0 -1 0
    outer loop
      vertex -1.5618 -28.184 55.569
      vertex -1.56878 -28.184 55.7689
      vertex -2.04624 -28.184 55.7522
    endloop
  endfacet
  facet normal 0 -1 -0
    outer loop
      vertex -1.50291 -28.184 55.7693
      vertex -1.5618 -28.184 55.569
      vertex -1.49593 -28.184 55.5694
    endloop
  endfacet
  facet normal 0 -1 0
    outer loop
      vertex -1.43437 -28.184 55.5658
      vertex -1.44135 -28.184 55.7657
      vertex -1.49593 -28.184 55.5694
    endloop
  endfacet
  facet normal 0 -1 0
    outer loop
      vertex -1.44135 -28.184 55.7657
      vertex -1.43437 -28.184 55.5658
      vertex -1.38407 -28.184 55.7582
    endloop
  endfacet
  facet normal 0 -1 0
    outer loop
      vertex -1.37709 -28.184 55.5583
      vertex -1.38407 -28.184 55.7582
      vertex -1.43437 -28.184 55.5658
    endloop
  endfacet
  facet normal 0 -1 0
    outer loop
      vertex -1.38407 -28.184 55.7582
      vertex -1.37709 -28.184 55.5583
      vertex -1.33107 -28.184 55.7466
    endloop
  endfacet
  facet normal 0 -1 0
    outer loop
      vertex -1.32409 -28.184 55.5468
      vertex -1.28237 -28.184 55.7311
      vertex -1.37709 -28.184 55.5583
    endloop
  endfacet
  facet normal 0 -1 -0
    outer loop
      vertex -1.28237 -28.184 55.7311
      vertex -1.32409 -28.184 55.5468
      vertex -1.23798 -28.184 55.7117
    endloop
  endfacet
  facet normal 0 -1 0
    outer loop
      vertex -1.27539 -28.184 55.5312
      vertex -1.23798 -28.184 55.7117
      vertex -1.32409 -28.184 55.5468
    endloop
  endfacet
  facet normal 0 -1 -0
    outer loop
      vertex -1.33107 -28.184 55.7466
      vertex -1.37709 -28.184 55.5583
      vertex -1.28237 -28.184 55.7311
    endloop
  endfacet
  facet normal -0 -1 0
    outer loop
      vertex -1.5618 -28.184 55.569
      vertex -2.04624 -28.184 55.7522
      vertex -2.03926 -28.184 55.5524
    endloop
  endfacet
  facet normal 0 -1 -0
    outer loop
      vertex -1.23798 -28.184 55.7117
      vertex -1.27539 -28.184 55.5312
      vertex -1.19786 -28.184 55.6882
    endloop
  endfacet
  facet normal 0 -1 -0
    outer loop
      vertex -1.19786 -28.184 55.6882
      vertex -1.27539 -28.184 55.5312
      vertex -1.16203 -28.184 55.6608
    endloop
  endfacet
  facet normal 0 -1 0
    outer loop
      vertex -1.231 -28.184 55.5118
      vertex -1.16203 -28.184 55.6608
      vertex -1.27539 -28.184 55.5312
    endloop
  endfacet
  facet normal 0 -1 -0
    outer loop
      vertex -1.16203 -28.184 55.6608
      vertex -1.231 -28.184 55.5118
      vertex -1.13034 -28.184 55.6299
    endloop
  endfacet
  facet normal 0 -1 -0
    outer loop
      vertex -1.13034 -28.184 55.6299
      vertex -1.231 -28.184 55.5118
      vertex -1.10263 -28.184 55.5962
    endloop
  endfacet
  facet normal 0 -1 0
    outer loop
      vertex -1.19088 -28.184 55.4883
      vertex -1.10263 -28.184 55.5962
      vertex -1.231 -28.184 55.5118
    endloop
  endfacet
  facet normal 0 -1 -0
    outer loop
      vertex -1.10263 -28.184 55.5962
      vertex -1.19088 -28.184 55.4883
      vertex -1.07889 -28.184 55.5595
    endloop
  endfacet
  facet normal 0 -1 0
    outer loop
      vertex -1.15505 -28.184 55.4609
      vertex -1.07889 -28.184 55.5595
      vertex -1.19088 -28.184 55.4883
    endloop
  endfacet
  facet normal 0 -1 -0
    outer loop
      vertex -1.07889 -28.184 55.5595
      vertex -1.15505 -28.184 55.4609
      vertex -1.05914 -28.184 55.5199
    endloop
  endfacet
  facet normal 0 -1 0
    outer loop
      vertex -1.12336 -28.184 55.4301
      vertex -1.05914 -28.184 55.5199
      vertex -1.15505 -28.184 55.4609
    endloop
  endfacet
  facet normal 0 -1 -0
    outer loop
      vertex -1.05914 -28.184 55.5199
      vertex -1.12336 -28.184 55.4301
      vertex -1.04336 -28.184 55.4774
    endloop
  endfacet
  facet normal 0 -1 -0
    outer loop
      vertex -1.04336 -28.184 55.4774
      vertex -1.12336 -28.184 55.4301
      vertex -1.03157 -28.184 55.4319
    endloop
  endfacet
  facet normal 0 -1 0
    outer loop
      vertex -1.09565 -28.184 55.3963
      vertex -1.03157 -28.184 55.4319
      vertex -1.12336 -28.184 55.4301
    endloop
  endfacet
  facet normal 0 -1 0
    outer loop
      vertex -1.09565 -28.184 55.3963
      vertex -1.02376 -28.184 55.3836
      vertex -1.03157 -28.184 55.4319
    endloop
  endfacet
  facet normal 0 -1 0
    outer loop
      vertex -1.07191 -28.184 55.3596
      vertex -1.02376 -28.184 55.3836
      vertex -1.09565 -28.184 55.3963
    endloop
  endfacet
  facet normal 0 -1 0
    outer loop
      vertex -1.07191 -28.184 55.3596
      vertex -1.01993 -28.184 55.3323
      vertex -1.02376 -28.184 55.3836
    endloop
  endfacet
  facet normal 0 -1 0
    outer loop
      vertex -1.05216 -28.184 55.32
      vertex -1.01993 -28.184 55.3323
      vertex -1.07191 -28.184 55.3596
    endloop
  endfacet
  facet normal 0 -1 0
    outer loop
      vertex -1.05216 -28.184 55.32
      vertex -1.02018 -28.184 55.2808
      vertex -1.01993 -28.184 55.3323
    endloop
  endfacet
  facet normal 0 -1 0
    outer loop
      vertex -1.03638 -28.184 55.2775
      vertex -1.02018 -28.184 55.2808
      vertex -1.05216 -28.184 55.32
    endloop
  endfacet
  facet normal 0 -1 0
    outer loop
      vertex -1.02018 -28.184 55.2808
      vertex -1.03638 -28.184 55.2775
      vertex -1.02459 -28.184 55.232
    endloop
  endfacet
  facet normal 0 -1 0
    outer loop
      vertex -1.97994 -28.184 53.8535
      vertex -1.97296 -28.184 53.6537
      vertex -1.61606 -28.184 53.6661
    endloop
  endfacet
  facet normal 0 -1 0
    outer loop
      vertex -1.61606 -28.184 53.6661
      vertex -1.62304 -28.184 53.866
      vertex -1.97994 -28.184 53.8535
    endloop
  endfacet
  facet normal 0 -1 0
    outer loop
      vertex -1.61606 -28.184 53.6661
      vertex -0.929847 -28.184 52.9119
      vertex -1.62304 -28.184 53.866
    endloop
  endfacet
  facet normal 0 -1 -0
    outer loop
      vertex -0.0763325 -28.184 52.9417
      vertex -0.922867 -28.184 52.712
      vertex 0.0670387 -28.184 52.7466
    endloop
  endfacet
  facet normal 0 -1 0
    outer loop
      vertex -0.922867 -28.184 52.712
      vertex -0.929847 -28.184 52.9119
      vertex -1.61606 -28.184 53.6661
    endloop
  endfacet
  facet normal 0 -1 0
    outer loop
      vertex -0.0763325 -28.184 52.9417
      vertex 0.0670387 -28.184 52.7466
      vertex -0.360223 -28.184 53.3281
    endloop
  endfacet
  facet normal 0 -1 0
    outer loop
      vertex -0.922867 -28.184 52.712
      vertex -0.0763325 -28.184 52.9417
      vertex -0.929847 -28.184 52.9119
    endloop
  endfacet
  facet normal 0 -1 0
    outer loop
      vertex -3.25607 -28.184 52.8307
      vertex -1.93883 -28.184 52.6765
      vertex -1.94581 -28.184 52.8764
    endloop
  endfacet
  facet normal -0 -1 0
    outer loop
      vertex -1.93883 -28.184 52.6765
      vertex -3.25607 -28.184 52.8307
      vertex -3.24909 -28.184 52.6308
    endloop
  endfacet
  facet normal 0 -1 0
    outer loop
      vertex 0.26186 -28.184 54.958
      vertex 0.288936 -28.184 54.8989
      vertex 0.266119 -28.184 54.979
    endloop
  endfacet
  facet normal 0 -1 0
    outer loop
      vertex 0.234735 -28.184 54.8621
      vertex 0.288936 -28.184 54.8989
      vertex 0.26186 -28.184 54.958
    endloop
  endfacet
  facet normal 0 -1 -0
    outer loop
      vertex 0.288936 -28.184 54.8989
      vertex 0.234735 -28.184 54.8621
      vertex 0.292078 -28.184 54.881
    endloop
  endfacet
  facet normal 0 -1 0
    outer loop
      vertex 0.234735 -28.184 54.8621
      vertex 0.289073 -28.184 54.8577
      vertex 0.292078 -28.184 54.881
    endloop
  endfacet
  facet normal 0 -1 0
    outer loop
      vertex 0.26884 -28.184 54.7582
      vertex 0.234735 -28.184 54.8621
      vertex 0.200687 -28.184 54.7699
    endloop
  endfacet
  facet normal 0 -1 0
    outer loop
      vertex 0.234735 -28.184 54.8621
      vertex 0.26884 -28.184 54.7582
      vertex 0.289073 -28.184 54.8577
    endloop
  endfacet
  facet normal 0 -1 0
    outer loop
      vertex 0.241715 -28.184 54.6622
      vertex 0.200687 -28.184 54.7699
      vertex 0.159747 -28.184 54.6813
    endloop
  endfacet
  facet normal 0 -1 0
    outer loop
      vertex 0.200687 -28.184 54.7699
      vertex 0.241715 -28.184 54.6622
      vertex 0.26884 -28.184 54.7582
    endloop
  endfacet
  facet normal 0 -1 0
    outer loop
      vertex 0.207666 -28.184 54.57
      vertex 0.159747 -28.184 54.6813
      vertex 0.111916 -28.184 54.5963
    endloop
  endfacet
  facet normal 0 -1 0
    outer loop
      vertex 0.159747 -28.184 54.6813
      vertex 0.207666 -28.184 54.57
      vertex 0.241715 -28.184 54.6622
    endloop
  endfacet
  facet normal 0 -1 0
    outer loop
      vertex 0.166727 -28.184 54.4814
      vertex 0.111916 -28.184 54.5963
      vertex 0.0577108 -28.184 54.5156
    endloop
  endfacet
  facet normal 0 -1 0
    outer loop
      vertex 0.111916 -28.184 54.5963
      vertex 0.166727 -28.184 54.4814
      vertex 0.207666 -28.184 54.57
    endloop
  endfacet
  facet normal 0 -1 0
    outer loop
      vertex 0.118896 -28.184 54.3965
      vertex 0.0577108 -28.184 54.5156
      vertex -0.00228773 -28.184 54.4393
    endloop
  endfacet
  facet normal 0 -1 0
    outer loop
      vertex 0.0577108 -28.184 54.5156
      vertex 0.118896 -28.184 54.3965
      vertex 0.166727 -28.184 54.4814
    endloop
  endfacet
  facet normal 0 -1 0
    outer loop
      vertex 0.0646906 -28.184 54.3157
      vertex -0.00228773 -28.184 54.4393
      vertex -0.06808 -28.184 54.3677
    endloop
  endfacet
  facet normal 0 -1 0
    outer loop
      vertex -0.00228773 -28.184 54.4393
      vertex 0.0646906 -28.184 54.3157
      vertex 0.118896 -28.184 54.3965
    endloop
  endfacet
  facet normal 0 -1 0
    outer loop
      vertex 0.00469207 -28.184 54.2395
      vertex -0.06808 -28.184 54.3677
      vertex -0.139681 -28.184 54.3006
    endloop
  endfacet
  facet normal 0 -1 0
    outer loop
      vertex -0.06808 -28.184 54.3677
      vertex 0.00469207 -28.184 54.2395
      vertex 0.0646906 -28.184 54.3157
    endloop
  endfacet
  facet normal 0 -1 0
    outer loop
      vertex -0.0611002 -28.184 54.1678
      vertex -0.139681 -28.184 54.3006
      vertex -0.217106 -28.184 54.2381
    endloop
  endfacet
  facet normal 0 -1 0
    outer loop
      vertex -0.132701 -28.184 54.1007
      vertex -0.217106 -28.184 54.2381
      vertex -0.300325 -28.184 54.1802
    endloop
  endfacet
  facet normal 0 -1 0
    outer loop
      vertex -0.139681 -28.184 54.3006
      vertex -0.0611002 -28.184 54.1678
      vertex 0.00469207 -28.184 54.2395
    endloop
  endfacet
  facet normal 0 -1 0
    outer loop
      vertex -0.284494 -28.184 53.9865
      vertex -0.300325 -28.184 54.1802
      vertex -0.388142 -28.184 54.1276
    endloop
  endfacet
  facet normal 0 -1 0
    outer loop
      vertex -0.217106 -28.184 54.2381
      vertex -0.132701 -28.184 54.1007
      vertex -0.0611002 -28.184 54.1678
    endloop
  endfacet
  facet normal 0 -1 0
    outer loop
      vertex -0.300325 -28.184 54.1802
      vertex -0.210126 -28.184 54.0382
      vertex -0.132701 -28.184 54.1007
    endloop
  endfacet
  facet normal 0 -1 0
    outer loop
      vertex -0.300325 -28.184 54.1802
      vertex -0.284494 -28.184 53.9865
      vertex -0.210126 -28.184 54.0382
    endloop
  endfacet
  facet normal 0 -1 0
    outer loop
      vertex 3.02212 -28.184 55.9237
      vertex 4.1672 -28.184 55.7635
      vertex 4.16022 -28.184 55.9634
    endloop
  endfacet
  facet normal -0 -1 0
    outer loop
      vertex 4.1672 -28.184 55.7635
      vertex 3.02212 -28.184 55.9237
      vertex 3.0291 -28.184 55.7238
    endloop
  endfacet
  facet normal 0 -1 0
    outer loop
      vertex 1.8121 -28.184 53.0076
      vertex 3.12934 -28.184 52.8535
      vertex 3.12236 -28.184 53.0534
    endloop
  endfacet
  facet normal -0 -1 0
    outer loop
      vertex 3.12934 -28.184 52.8535
      vertex 1.8121 -28.184 53.0076
      vertex 1.81908 -28.184 52.8078
    endloop
  endfacet
  facet normal 0 -1 0
    outer loop
      vertex 0.573772 -28.184 55.8382
      vertex 1.71885 -28.184 55.678
      vertex 1.71187 -28.184 55.8779
    endloop
  endfacet
  facet normal -0 -1 0
    outer loop
      vertex 1.71885 -28.184 55.678
      vertex 0.573772 -28.184 55.8382
      vertex 0.580752 -28.184 55.6383
    endloop
  endfacet
  facet normal 0 -1 -0
    outer loop
      vertex 4.45341 -28.184 53.0999
      vertex 4.37301 -28.184 52.897
      vertex 5.44329 -28.184 52.9343
    endloop
  endfacet
  facet normal 0 -1 0
    outer loop
      vertex 4.37301 -28.184 52.897
      vertex 4.45341 -28.184 53.0999
      vertex 5.69498 -28.184 56.2337
    endloop
  endfacet
  facet normal 0 -1 0
    outer loop
      vertex 5.67299 -28.184 53.8206
      vertex 5.67997 -28.184 53.6207
      vertex 7.15798 -28.184 53.6723
    endloop
  endfacet
  facet normal 0 -1 0
    outer loop
      vertex 5.43631 -28.184 53.1342
      vertex 5.67997 -28.184 53.6207
      vertex 5.67299 -28.184 53.8206
    endloop
  endfacet
  facet normal 0 -1 0
    outer loop
      vertex 5.43631 -28.184 53.1342
      vertex 5.44329 -28.184 52.9343
      vertex 5.67997 -28.184 53.6207
    endloop
  endfacet
  facet normal 0 -1 0
    outer loop
      vertex 5.44329 -28.184 52.9343
      vertex 5.43631 -28.184 53.1342
      vertex 4.45341 -28.184 53.0999
    endloop
  endfacet
  facet normal 0 -1 0
    outer loop
      vertex 7.15798 -28.184 53.6723
      vertex 7.151 -28.184 53.8722
      vertex 5.67299 -28.184 53.8206
    endloop
  endfacet
  facet normal 0 -1 0
    outer loop
      vertex 7.15798 -28.184 53.6723
      vertex 7.43497 -28.184 53.204
      vertex 7.151 -28.184 53.8722
    endloop
  endfacet
  facet normal 0 -1 -0
    outer loop
      vertex 8.44011 -28.184 53.2391
      vertex 7.44195 -28.184 53.0041
      vertex 8.53447 -28.184 53.0423
    endloop
  endfacet
  facet normal 0 -1 0
    outer loop
      vertex 7.44195 -28.184 53.0041
      vertex 7.43497 -28.184 53.204
      vertex 7.15798 -28.184 53.6723
    endloop
  endfacet
  facet normal 0 -1 0
    outer loop
      vertex 8.44011 -28.184 53.2391
      vertex 8.53447 -28.184 53.0423
      vertex 6.983 -28.184 56.2787
    endloop
  endfacet
  facet normal 0 -1 0
    outer loop
      vertex 7.44195 -28.184 53.0041
      vertex 8.44011 -28.184 53.2391
      vertex 7.43497 -28.184 53.204
    endloop
  endfacet
  facet normal 0 -1 0
    outer loop
      vertex 6.0028 -28.184 54.7771
      vertex 6.35183 -28.184 55.5692
      vertex 6.34485 -28.184 55.7691
    endloop
  endfacet
  facet normal 0 -1 0
    outer loop
      vertex 6.35183 -28.184 55.5692
      vertex 6.0028 -28.184 54.7771
      vertex 6.07962 -28.184 54.7798
    endloop
  endfacet
  facet normal 0 -1 0
    outer loop
      vertex 6.35183 -28.184 55.5692
      vertex 6.75527 -28.184 54.8034
      vertex 6.34485 -28.184 55.7691
    endloop
  endfacet
  facet normal -0 -1 0
    outer loop
      vertex 6.75527 -28.184 54.8034
      vertex 6.35183 -28.184 55.5692
      vertex 6.67845 -28.184 54.8007
    endloop
  endfacet
  facet normal -0.99743 0 -0.071649
    outer loop
      vertex -21.0704 -28.184 53.5473
      vertex -21.0856 -28.016 53.7589
      vertex -21.0704 -28.016 53.5473
    endloop
  endfacet
  facet normal -0.99743 -0 -0.071649
    outer loop
      vertex -21.0856 -28.016 53.7589
      vertex -21.0704 -28.184 53.5473
      vertex -21.0856 -28.184 53.7589
    endloop
  endfacet
  facet normal -0.988521 0 -0.151086
    outer loop
      vertex -21.04 -28.184 53.3484
      vertex -21.0704 -28.016 53.5473
      vertex -21.04 -28.016 53.3484
    endloop
  endfacet
  facet normal -0.988521 -0 -0.151086
    outer loop
      vertex -21.0704 -28.016 53.5473
      vertex -21.04 -28.184 53.3484
      vertex -21.0704 -28.184 53.5473
    endloop
  endfacet
  facet normal -0.971297 0 -0.237869
    outer loop
      vertex -20.9944 -28.184 53.1622
      vertex -21.04 -28.016 53.3484
      vertex -20.9944 -28.016 53.1622
    endloop
  endfacet
  facet normal -0.971297 -0 -0.237869
    outer loop
      vertex -21.04 -28.016 53.3484
      vertex -20.9944 -28.184 53.1622
      vertex -21.04 -28.184 53.3484
    endloop
  endfacet
  facet normal -0.943672 0 -0.330884
    outer loop
      vertex -20.9336 -28.184 52.9888
      vertex -20.9944 -28.016 53.1622
      vertex -20.9336 -28.016 52.9888
    endloop
  endfacet
  facet normal -0.943672 -0 -0.330884
    outer loop
      vertex -20.9944 -28.016 53.1622
      vertex -20.9336 -28.184 52.9888
      vertex -20.9944 -28.184 53.1622
    endloop
  endfacet
  facet normal -0.904206 0 -0.427096
    outer loop
      vertex -20.8576 -28.184 52.8279
      vertex -20.9336 -28.016 52.9888
      vertex -20.8576 -28.016 52.8279
    endloop
  endfacet
  facet normal -0.904206 -0 -0.427096
    outer loop
      vertex -20.9336 -28.016 52.9888
      vertex -20.8576 -28.184 52.8279
      vertex -20.9336 -28.184 52.9888
    endloop
  endfacet
  facet normal -0.851757 0 -0.523937
    outer loop
      vertex -20.7665 -28.184 52.6798
      vertex -20.8576 -28.016 52.8279
      vertex -20.7665 -28.016 52.6798
    endloop
  endfacet
  facet normal -0.851757 -0 -0.523937
    outer loop
      vertex -20.8576 -28.016 52.8279
      vertex -20.7665 -28.184 52.6798
      vertex -20.8576 -28.184 52.8279
    endloop
  endfacet
  facet normal -0.786278 0 -0.617873
    outer loop
      vertex -20.6601 -28.184 52.5444
      vertex -20.7665 -28.016 52.6798
      vertex -20.6601 -28.016 52.5444
    endloop
  endfacet
  facet normal -0.786278 -0 -0.617873
    outer loop
      vertex -20.7665 -28.016 52.6798
      vertex -20.6601 -28.184 52.5444
      vertex -20.7665 -28.184 52.6798
    endloop
  endfacet
  facet normal -0.710573 0 -0.703624
    outer loop
      vertex -20.5386 -28.184 52.4217
      vertex -20.6601 -28.016 52.5444
      vertex -20.5386 -28.016 52.4217
    endloop
  endfacet
  facet normal -0.710573 -0 -0.703624
    outer loop
      vertex -20.6601 -28.016 52.5444
      vertex -20.5386 -28.184 52.4217
      vertex -20.6601 -28.184 52.5444
    endloop
  endfacet
  facet normal -0.627155 0 -0.778895
    outer loop
      vertex -20.5386 -28.184 52.4217
      vertex -20.4036 -28.016 52.313
      vertex -20.4036 -28.184 52.313
    endloop
  endfacet
  facet normal -0.627155 0 -0.778895
    outer loop
      vertex -20.4036 -28.016 52.313
      vertex -20.5386 -28.184 52.4217
      vertex -20.5386 -28.016 52.4217
    endloop
  endfacet
  facet normal -0.535572 0 -0.84449
    outer loop
      vertex -20.4036 -28.184 52.313
      vertex -20.2568 -28.016 52.2199
      vertex -20.2568 -28.184 52.2199
    endloop
  endfacet
  facet normal -0.535572 0 -0.84449
    outer loop
      vertex -20.2568 -28.016 52.2199
      vertex -20.4036 -28.184 52.313
      vertex -20.4036 -28.016 52.313
    endloop
  endfacet
  facet normal -0.439037 0 -0.898469
    outer loop
      vertex -20.2568 -28.184 52.2199
      vertex -20.0982 -28.016 52.1424
      vertex -20.0982 -28.184 52.1424
    endloop
  endfacet
  facet normal -0.439037 0 -0.898469
    outer loop
      vertex -20.0982 -28.016 52.1424
      vertex -20.2568 -28.184 52.2199
      vertex -20.2568 -28.016 52.2199
    endloop
  endfacet
  facet normal -0.34223 0 -0.939616
    outer loop
      vertex -20.0982 -28.184 52.1424
      vertex -19.9277 -28.016 52.0803
      vertex -19.9277 -28.184 52.0803
    endloop
  endfacet
  facet normal -0.34223 0 -0.939616
    outer loop
      vertex -19.9277 -28.016 52.0803
      vertex -20.0982 -28.184 52.1424
      vertex -20.0982 -28.016 52.1424
    endloop
  endfacet
  facet normal -0.247415 0 -0.96891
    outer loop
      vertex -19.9277 -28.184 52.0803
      vertex -19.7456 -28.016 52.0338
      vertex -19.7456 -28.184 52.0338
    endloop
  endfacet
  facet normal -0.247415 0 -0.96891
    outer loop
      vertex -19.7456 -28.016 52.0338
      vertex -19.9277 -28.184 52.0803
      vertex -19.9277 -28.016 52.0803
    endloop
  endfacet
  facet normal -0.157792 0 -0.987472
    outer loop
      vertex -19.7456 -28.184 52.0338
      vertex -19.5516 -28.016 52.0028
      vertex -19.5516 -28.184 52.0028
    endloop
  endfacet
  facet normal -0.157792 0 -0.987472
    outer loop
      vertex -19.5516 -28.016 52.0028
      vertex -19.7456 -28.184 52.0338
      vertex -19.7456 -28.016 52.0338
    endloop
  endfacet
  facet normal -0.0751031 0 -0.997176
    outer loop
      vertex -19.5516 -28.184 52.0028
      vertex -19.3458 -28.016 51.9873
      vertex -19.3458 -28.184 51.9873
    endloop
  endfacet
  facet normal -0.0751031 0 -0.997176
    outer loop
      vertex -19.3458 -28.016 51.9873
      vertex -19.5516 -28.184 52.0028
      vertex -19.5516 -28.016 52.0028
    endloop
  endfacet
  facet normal 0 0 -1
    outer loop
      vertex -19.3458 -28.184 51.9873
      vertex -19.1282 -28.016 51.9873
      vertex -19.1282 -28.184 51.9873
    endloop
  endfacet
  facet normal -0 0 -1
    outer loop
      vertex -19.1282 -28.016 51.9873
      vertex -19.3458 -28.184 51.9873
      vertex -19.3458 -28.016 51.9873
    endloop
  endfacet
  facet normal 0.0698749 0 -0.997556
    outer loop
      vertex -19.1282 -28.184 51.9873
      vertex -18.9112 -28.016 52.0025
      vertex -18.9112 -28.184 52.0025
    endloop
  endfacet
  facet normal 0.0698749 0 -0.997556
    outer loop
      vertex -18.9112 -28.016 52.0025
      vertex -19.1282 -28.184 51.9873
      vertex -19.1282 -28.016 51.9873
    endloop
  endfacet
  facet normal 0.144406 0 -0.989519
    outer loop
      vertex -18.9112 -28.184 52.0025
      vertex -18.707 -28.016 52.0323
      vertex -18.707 -28.184 52.0323
    endloop
  endfacet
  facet normal 0.144406 0 -0.989519
    outer loop
      vertex -18.707 -28.016 52.0323
      vertex -18.9112 -28.184 52.0025
      vertex -18.9112 -28.016 52.0025
    endloop
  endfacet
  facet normal 0.225974 0 -0.974133
    outer loop
      vertex -18.707 -28.184 52.0323
      vertex -18.5156 -28.016 52.0767
      vertex -18.5156 -28.184 52.0767
    endloop
  endfacet
  facet normal 0.225974 0 -0.974133
    outer loop
      vertex -18.5156 -28.016 52.0767
      vertex -18.707 -28.184 52.0323
      vertex -18.707 -28.016 52.0323
    endloop
  endfacet
  facet normal 0.314792 0 -0.949161
    outer loop
      vertex -18.5156 -28.184 52.0767
      vertex -18.3371 -28.016 52.1359
      vertex -18.3371 -28.184 52.1359
    endloop
  endfacet
  facet normal 0.314792 0 -0.949161
    outer loop
      vertex -18.3371 -28.016 52.1359
      vertex -18.5156 -28.184 52.0767
      vertex -18.5156 -28.016 52.0767
    endloop
  endfacet
  facet normal 0.406599 0 -0.913607
    outer loop
      vertex -18.3371 -28.184 52.1359
      vertex -18.1715 -28.016 52.2096
      vertex -18.1715 -28.184 52.2096
    endloop
  endfacet
  facet normal 0.406599 0 -0.913607
    outer loop
      vertex -18.1715 -28.016 52.2096
      vertex -18.3371 -28.184 52.1359
      vertex -18.3371 -28.016 52.1359
    endloop
  endfacet
  facet normal 0.501193 0 -0.865336
    outer loop
      vertex -18.1715 -28.184 52.2096
      vertex -18.0187 -28.016 52.2981
      vertex -18.0187 -28.184 52.2981
    endloop
  endfacet
  facet normal 0.501193 0 -0.865336
    outer loop
      vertex -18.0187 -28.016 52.2981
      vertex -18.1715 -28.184 52.2096
      vertex -18.1715 -28.016 52.2096
    endloop
  endfacet
  facet normal 0.592983 0 -0.805215
    outer loop
      vertex -18.0187 -28.184 52.2981
      vertex -17.8787 -28.016 52.4012
      vertex -17.8787 -28.184 52.4012
    endloop
  endfacet
  facet normal 0.592983 0 -0.805215
    outer loop
      vertex -17.8787 -28.016 52.4012
      vertex -18.0187 -28.184 52.2981
      vertex -18.0187 -28.016 52.2981
    endloop
  endfacet
  facet normal 0.679765 0 -0.73343
    outer loop
      vertex -17.8787 -28.184 52.4012
      vertex -17.7516 -28.016 52.519
      vertex -17.7516 -28.184 52.519
    endloop
  endfacet
  facet normal 0.679765 0 -0.73343
    outer loop
      vertex -17.7516 -28.016 52.519
      vertex -17.8787 -28.184 52.4012
      vertex -17.8787 -28.016 52.4012
    endloop
  endfacet
  facet normal 0.757824 0 -0.652458
    outer loop
      vertex -17.6389 -28.184 52.6499
      vertex -17.7516 -28.016 52.519
      vertex -17.6389 -28.016 52.6499
    endloop
  endfacet
  facet normal 0.757824 0 -0.652458
    outer loop
      vertex -17.7516 -28.016 52.519
      vertex -17.6389 -28.184 52.6499
      vertex -17.7516 -28.184 52.519
    endloop
  endfacet
  facet normal 0.827736 0 -0.561118
    outer loop
      vertex -17.5423 -28.184 52.7924
      vertex -17.6389 -28.016 52.6499
      vertex -17.5423 -28.016 52.7924
    endloop
  endfacet
  facet normal 0.827736 0 -0.561118
    outer loop
      vertex -17.6389 -28.016 52.6499
      vertex -17.5423 -28.184 52.7924
      vertex -17.6389 -28.184 52.6499
    endloop
  endfacet
  facet normal 0.886113 0 -0.46347
    outer loop
      vertex -17.4617 -28.184 52.9465
      vertex -17.5423 -28.016 52.7924
      vertex -17.4617 -28.016 52.9465
    endloop
  endfacet
  facet normal 0.886113 0 -0.46347
    outer loop
      vertex -17.5423 -28.016 52.7924
      vertex -17.4617 -28.184 52.9465
      vertex -17.5423 -28.184 52.7924
    endloop
  endfacet
  facet normal 0.931772 0 -0.363043
    outer loop
      vertex -17.3971 -28.184 53.1123
      vertex -17.4617 -28.016 52.9465
      vertex -17.3971 -28.016 53.1123
    endloop
  endfacet
  facet normal 0.931772 0 -0.363043
    outer loop
      vertex -17.4617 -28.016 52.9465
      vertex -17.3971 -28.184 53.1123
      vertex -17.4617 -28.184 52.9465
    endloop
  endfacet
  facet normal 0.964563 0 -0.263854
    outer loop
      vertex -17.3486 -28.184 53.2896
      vertex -17.3971 -28.016 53.1123
      vertex -17.3486 -28.016 53.2896
    endloop
  endfacet
  facet normal 0.964563 0 -0.263854
    outer loop
      vertex -17.3971 -28.016 53.1123
      vertex -17.3486 -28.184 53.2896
      vertex -17.3971 -28.184 53.1123
    endloop
  endfacet
  facet normal 0.98552 0 -0.169557
    outer loop
      vertex -17.3161 -28.184 53.4785
      vertex -17.3486 -28.016 53.2896
      vertex -17.3161 -28.016 53.4785
    endloop
  endfacet
  facet normal 0.98552 0 -0.169557
    outer loop
      vertex -17.3486 -28.016 53.2896
      vertex -17.3161 -28.184 53.4785
      vertex -17.3486 -28.184 53.2896
    endloop
  endfacet
  facet normal 0.996631 0 -0.082017
    outer loop
      vertex -17.2996 -28.184 53.679
      vertex -17.3161 -28.016 53.4785
      vertex -17.2996 -28.016 53.679
    endloop
  endfacet
  facet normal 0.996631 0 -0.082017
    outer loop
      vertex -17.3161 -28.016 53.4785
      vertex -17.2996 -28.184 53.679
      vertex -17.3161 -28.184 53.4785
    endloop
  endfacet
  facet normal 0.999998 0 -0.0018859
    outer loop
      vertex -17.2992 -28.184 53.8911
      vertex -17.2996 -28.016 53.679
      vertex -17.2992 -28.016 53.8911
    endloop
  endfacet
  facet normal 0.999998 0 -0.0018859
    outer loop
      vertex -17.2996 -28.016 53.679
      vertex -17.2992 -28.184 53.8911
      vertex -17.2996 -28.184 53.679
    endloop
  endfacet
  facet normal 0.0349169 0 -0.99939
    outer loop
      vertex 9.16521 -28.184 53.0643
      vertex 10.4532 -28.016 53.1093
      vertex 10.4532 -28.184 53.1093
    endloop
  endfacet
  facet normal 0.0349169 0 -0.99939
    outer loop
      vertex 10.4532 -28.016 53.1093
      vertex 9.16521 -28.184 53.0643
      vertex 9.16521 -28.016 53.0643
    endloop
  endfacet
  facet normal 0.766188 0 -0.642617
    outer loop
      vertex 10.6999 -28.184 54.4058
      vertex 10.4196 -28.016 54.0716
      vertex 10.6999 -28.016 54.4058
    endloop
  endfacet
  facet normal 0.766188 0 -0.642617
    outer loop
      vertex 10.4196 -28.016 54.0716
      vertex 10.6999 -28.184 54.4058
      vertex 10.4196 -28.184 54.0716
    endloop
  endfacet
  facet normal -0.775597 0 -0.631229
    outer loop
      vertex 11.7191 -28.184 53.1535
      vertex 10.6999 -28.016 54.4058
      vertex 11.7191 -28.016 53.1535
    endloop
  endfacet
  facet normal -0.775597 -0 -0.631229
    outer loop
      vertex 10.6999 -28.016 54.4058
      vertex 11.7191 -28.184 53.1535
      vertex 10.6999 -28.184 54.4058
    endloop
  endfacet
  facet normal 0.0349017 0 -0.999391
    outer loop
      vertex 11.7191 -28.184 53.1535
      vertex 12.7843 -28.016 53.1907
      vertex 12.7843 -28.184 53.1907
    endloop
  endfacet
  facet normal 0.0349017 0 -0.999391
    outer loop
      vertex 12.7843 -28.016 53.1907
      vertex 11.7191 -28.184 53.1535
      vertex 11.7191 -28.016 53.1535
    endloop
  endfacet
  facet normal 0.778132 0 0.6281
    outer loop
      vertex 12.6271 -28.174 53.3853
      vertex 11.547 -28.016 54.7234
      vertex 11.547 -28.174 54.7234
    endloop
  endfacet
  facet normal 0.778102 -0.00052007 0.628137
    outer loop
      vertex 11.547 -28.016 54.7234
      vertex 12.6271 -28.174 53.3853
      vertex 12.7843 -28.016 53.1907
    endloop
  endfacet
  facet normal 0.777896 0 0.628393
    outer loop
      vertex 12.7843 -28.184 53.1907
      vertex 12.6271 -28.174 53.3853
      vertex 12.6271 -28.184 53.3853
    endloop
  endfacet
  facet normal 0.777896 0 0.628393
    outer loop
      vertex 12.6271 -28.174 53.3853
      vertex 12.7843 -28.184 53.1907
      vertex 12.7843 -28.016 53.1907
    endloop
  endfacet
  facet normal 0.76351 0 -0.645796
    outer loop
      vertex 11.612 -28.52 55.2165
      vertex 11.533 -28.006 55.1231
      vertex 11.612 -28.006 55.2165
    endloop
  endfacet
  facet normal 0.76351 0 -0.645796
    outer loop
      vertex 11.533 -28.006 55.1231
      vertex 11.612 -28.52 55.2165
      vertex 11.533 -28.52 55.1231
    endloop
  endfacet
  facet normal 0.77801 -0 0.628252
    outer loop
      vertex 11.526 -28.174 55.323
      vertex 11.612 -28.016 55.2165
      vertex 11.526 -28.016 55.323
    endloop
  endfacet
  facet normal 0.77801 0 0.628252
    outer loop
      vertex 11.612 -28.52 55.2165
      vertex 11.526 -28.174 55.323
      vertex 11.526 -28.52 55.323
    endloop
  endfacet
  facet normal 0.77801 0 0.628252
    outer loop
      vertex 11.526 -28.174 55.323
      vertex 11.612 -28.52 55.2165
      vertex 11.612 -28.016 55.2165
    endloop
  endfacet
  facet normal -0 0 0
    outer loop
      vertex 11.612 -28.016 55.2165
      vertex 11.612 -28.52 55.2165
      vertex 11.612 -28.006 55.2165
    endloop
  endfacet
  facet normal 0.763333 -0.000212131 -0.646005
    outer loop
      vertex 12.4978 -28.016 56.4713
      vertex 11.605 -28.174 55.4164
      vertex 11.526 -28.016 55.323
    endloop
  endfacet
  facet normal 0.763318 0 -0.646023
    outer loop
      vertex 12.4978 -28.184 56.4713
      vertex 11.605 -28.174 55.4164
      vertex 12.4978 -28.016 56.4713
    endloop
  endfacet
  facet normal 0.763318 0 -0.646023
    outer loop
      vertex 11.605 -28.174 55.4164
      vertex 12.4978 -28.184 56.4713
      vertex 11.605 -28.184 55.4164
    endloop
  endfacet
  facet normal 0.76351 0 -0.645796
    outer loop
      vertex 11.526 -28.016 55.323
      vertex 11.605 -28.174 55.4164
      vertex 11.526 -28.174 55.323
    endloop
  endfacet
  facet normal 0.10605 0 -0.994361
    outer loop
      vertex -9.78914 -28.184 52.4061
      vertex -9.63443 -28.016 52.4226
      vertex -9.63443 -28.184 52.4226
    endloop
  endfacet
  facet normal 0.10605 0 -0.994361
    outer loop
      vertex -9.63443 -28.016 52.4226
      vertex -9.78914 -28.184 52.4061
      vertex -9.78914 -28.016 52.4061
    endloop
  endfacet
  facet normal 0.156461 0 -0.987684
    outer loop
      vertex -9.63443 -28.184 52.4226
      vertex -9.48482 -28.016 52.4463
      vertex -9.48482 -28.184 52.4463
    endloop
  endfacet
  facet normal 0.156461 0 -0.987684
    outer loop
      vertex -9.48482 -28.016 52.4463
      vertex -9.63443 -28.184 52.4226
      vertex -9.63443 -28.016 52.4226
    endloop
  endfacet
  facet normal 0.20848 0 -0.978027
    outer loop
      vertex -9.48482 -28.184 52.4463
      vertex -9.34033 -28.016 52.4771
      vertex -9.34033 -28.184 52.4771
    endloop
  endfacet
  facet normal 0.20848 0 -0.978027
    outer loop
      vertex -9.34033 -28.016 52.4771
      vertex -9.48482 -28.184 52.4463
      vertex -9.48482 -28.016 52.4463
    endloop
  endfacet
  facet normal 0.263697 0 -0.964606
    outer loop
      vertex -9.34033 -28.184 52.4771
      vertex -9.20096 -28.016 52.5152
      vertex -9.20096 -28.184 52.5152
    endloop
  endfacet
  facet normal 0.263697 0 -0.964606
    outer loop
      vertex -9.20096 -28.016 52.5152
      vertex -9.34033 -28.184 52.4771
      vertex -9.34033 -28.016 52.4771
    endloop
  endfacet
  facet normal 0.319719 0 -0.947512
    outer loop
      vertex -9.20096 -28.184 52.5152
      vertex -9.06671 -28.016 52.5605
      vertex -9.06671 -28.184 52.5605
    endloop
  endfacet
  facet normal 0.319719 0 -0.947512
    outer loop
      vertex -9.06671 -28.016 52.5605
      vertex -9.20096 -28.184 52.5152
      vertex -9.20096 -28.016 52.5152
    endloop
  endfacet
  facet normal 0.376604 0 -0.926374
    outer loop
      vertex -9.06671 -28.184 52.5605
      vertex -8.93757 -28.016 52.613
      vertex -8.93757 -28.184 52.613
    endloop
  endfacet
  facet normal 0.376604 0 -0.926374
    outer loop
      vertex -8.93757 -28.016 52.613
      vertex -9.06671 -28.184 52.5605
      vertex -9.06671 -28.016 52.5605
    endloop
  endfacet
  facet normal 0.433737 0 -0.90104
    outer loop
      vertex -8.93757 -28.184 52.613
      vertex -8.81355 -28.016 52.6727
      vertex -8.81355 -28.184 52.6727
    endloop
  endfacet
  facet normal 0.433737 0 -0.90104
    outer loop
      vertex -8.81355 -28.016 52.6727
      vertex -8.93757 -28.184 52.613
      vertex -8.93757 -28.016 52.613
    endloop
  endfacet
  facet normal 0.489903 0 -0.871777
    outer loop
      vertex -8.81355 -28.184 52.6727
      vertex -8.69557 -28.016 52.739
      vertex -8.69557 -28.184 52.739
    endloop
  endfacet
  facet normal 0.489903 0 -0.871777
    outer loop
      vertex -8.69557 -28.016 52.739
      vertex -8.81355 -28.184 52.6727
      vertex -8.81355 -28.016 52.6727
    endloop
  endfacet
  facet normal 0.545819 0 -0.837903
    outer loop
      vertex -8.69557 -28.184 52.739
      vertex -8.58458 -28.016 52.8113
      vertex -8.58458 -28.184 52.8113
    endloop
  endfacet
  facet normal 0.545819 0 -0.837903
    outer loop
      vertex -8.58458 -28.016 52.8113
      vertex -8.69557 -28.184 52.739
      vertex -8.69557 -28.016 52.739
    endloop
  endfacet
  facet normal 0.601964 0 -0.798523
    outer loop
      vertex -8.58458 -28.184 52.8113
      vertex -8.48058 -28.016 52.8897
      vertex -8.48058 -28.184 52.8897
    endloop
  endfacet
  facet normal 0.601964 0 -0.798523
    outer loop
      vertex -8.48058 -28.016 52.8897
      vertex -8.58458 -28.184 52.8113
      vertex -8.58458 -28.016 52.8113
    endloop
  endfacet
  facet normal 0.65589 0 -0.754857
    outer loop
      vertex -8.48058 -28.184 52.8897
      vertex -8.38356 -28.016 52.974
      vertex -8.38356 -28.184 52.974
    endloop
  endfacet
  facet normal 0.65589 0 -0.754857
    outer loop
      vertex -8.38356 -28.016 52.974
      vertex -8.48058 -28.184 52.8897
      vertex -8.48058 -28.016 52.8897
    endloop
  endfacet
  facet normal 0.708125 0 -0.706087
    outer loop
      vertex -8.29352 -28.184 53.0643
      vertex -8.38356 -28.016 52.974
      vertex -8.29352 -28.016 53.0643
    endloop
  endfacet
  facet normal 0.708125 0 -0.706087
    outer loop
      vertex -8.38356 -28.016 52.974
      vertex -8.29352 -28.184 53.0643
      vertex -8.38356 -28.184 52.974
    endloop
  endfacet
  facet normal 0.757618 0 -0.652699
    outer loop
      vertex -8.21047 -28.184 53.1607
      vertex -8.29352 -28.016 53.0643
      vertex -8.21047 -28.016 53.1607
    endloop
  endfacet
  facet normal 0.757618 0 -0.652699
    outer loop
      vertex -8.29352 -28.016 53.0643
      vertex -8.21047 -28.184 53.1607
      vertex -8.29352 -28.184 53.0643
    endloop
  endfacet
  facet normal 0.802738 0 -0.596331
    outer loop
      vertex -8.1344 -28.184 53.2631
      vertex -8.21047 -28.016 53.1607
      vertex -8.1344 -28.016 53.2631
    endloop
  endfacet
  facet normal 0.802738 0 -0.596331
    outer loop
      vertex -8.21047 -28.016 53.1607
      vertex -8.1344 -28.184 53.2631
      vertex -8.21047 -28.184 53.1607
    endloop
  endfacet
  facet normal 0.843055 0 -0.537827
    outer loop
      vertex -8.06531 -28.184 53.3714
      vertex -8.1344 -28.016 53.2631
      vertex -8.06531 -28.016 53.3714
    endloop
  endfacet
  facet normal 0.843055 0 -0.537827
    outer loop
      vertex -8.1344 -28.016 53.2631
      vertex -8.06531 -28.184 53.3714
      vertex -8.1344 -28.184 53.2631
    endloop
  endfacet
  facet normal 0.880849 0 -0.473398
    outer loop
      vertex -8.00415 -28.184 53.4852
      vertex -8.06531 -28.016 53.3714
      vertex -8.00415 -28.016 53.4852
    endloop
  endfacet
  facet normal 0.880849 0 -0.473398
    outer loop
      vertex -8.06531 -28.016 53.3714
      vertex -8.00415 -28.184 53.4852
      vertex -8.06531 -28.184 53.3714
    endloop
  endfacet
  facet normal 0.914928 0 -0.403617
    outer loop
      vertex -7.95183 -28.184 53.6038
      vertex -8.00415 -28.016 53.4852
      vertex -7.95183 -28.016 53.6038
    endloop
  endfacet
  facet normal 0.914928 0 -0.403617
    outer loop
      vertex -8.00415 -28.016 53.4852
      vertex -7.95183 -28.184 53.6038
      vertex -8.00415 -28.184 53.4852
    endloop
  endfacet
  facet normal 0.943237 0 -0.33212
    outer loop
      vertex -7.90838 -28.184 53.7272
      vertex -7.95183 -28.016 53.6038
      vertex -7.90838 -28.016 53.7272
    endloop
  endfacet
  facet normal 0.943237 0 -0.33212
    outer loop
      vertex -7.95183 -28.016 53.6038
      vertex -7.90838 -28.184 53.7272
      vertex -7.95183 -28.184 53.6038
    endloop
  endfacet
  facet normal 0.965456 0 -0.260568
    outer loop
      vertex -7.87378 -28.184 53.8554
      vertex -7.90838 -28.016 53.7272
      vertex -7.87378 -28.016 53.8554
    endloop
  endfacet
  facet normal 0.965456 0 -0.260568
    outer loop
      vertex -7.90838 -28.016 53.7272
      vertex -7.87378 -28.184 53.8554
      vertex -7.90838 -28.184 53.7272
    endloop
  endfacet
  facet normal 0.981782 0 -0.190013
    outer loop
      vertex -7.84802 -28.184 53.9885
      vertex -7.87378 -28.016 53.8554
      vertex -7.84802 -28.016 53.9885
    endloop
  endfacet
  facet normal 0.981782 0 -0.190013
    outer loop
      vertex -7.87378 -28.016 53.8554
      vertex -7.84802 -28.184 53.9885
      vertex -7.87378 -28.184 53.8554
    endloop
  endfacet
  facet normal 0 0 0
    outer loop
      vertex -7.83224 -28.184 54.1172
      vertex -7.83224 -28.016 54.1172
      vertex -7.83224 -28.006 54.1172
    endloop
  endfacet
  facet normal 0.992567 0 -0.121699
    outer loop
      vertex -7.83224 -28.184 54.1172
      vertex -7.84802 -28.016 53.9885
      vertex -7.83224 -28.016 54.1172
    endloop
  endfacet
  facet normal 0.992567 0 -0.121699
    outer loop
      vertex -7.84802 -28.016 53.9885
      vertex -7.83224 -28.184 54.1172
      vertex -7.84802 -28.184 53.9885
    endloop
  endfacet
  facet normal 0.981888 0 0.189463
    outer loop
      vertex -7.85151 -28.174 54.2168
      vertex -7.85699 -28.006 54.2452
      vertex -7.85699 -28.174 54.2452
    endloop
  endfacet
  facet normal 0.981814 -6.66596e-05 0.189843
    outer loop
      vertex -7.85699 -28.006 54.2452
      vertex -7.85151 -28.174 54.2168
      vertex -7.83224 -28.006 54.1172
    endloop
  endfacet
  facet normal 0.981793 0 0.189951
    outer loop
      vertex -7.83224 -28.184 54.1172
      vertex -7.85151 -28.174 54.2168
      vertex -7.85151 -28.184 54.2168
    endloop
  endfacet
  facet normal 0.981793 0 0.189951
    outer loop
      vertex -7.85151 -28.174 54.2168
      vertex -7.83224 -28.184 54.1172
      vertex -7.83224 -28.006 54.1172
    endloop
  endfacet
  facet normal 0.0349056 0 -0.999391
    outer loop
      vertex -11.8644 -28.184 52.3299
      vertex -9.94897 -28.016 52.3968
      vertex -9.94897 -28.184 52.3968
    endloop
  endfacet
  facet normal 0.0349056 0 -0.999391
    outer loop
      vertex -9.94897 -28.016 52.3968
      vertex -11.8644 -28.184 52.3299
      vertex -11.8644 -28.016 52.3299
    endloop
  endfacet
  facet normal 0.0580886 0 -0.998311
    outer loop
      vertex -9.94897 -28.184 52.3968
      vertex -9.78914 -28.016 52.4061
      vertex -9.78914 -28.184 52.4061
    endloop
  endfacet
  facet normal 0.0580886 0 -0.998311
    outer loop
      vertex -9.78914 -28.016 52.4061
      vertex -9.94897 -28.184 52.3968
      vertex -9.94897 -28.016 52.3968
    endloop
  endfacet
  facet normal 0.0102484 0 -0.999947
    outer loop
      vertex -10.1045 -28.184 55.2596
      vertex -10.0362 -28.016 55.2603
      vertex -10.0362 -28.184 55.2603
    endloop
  endfacet
  facet normal 0.0102484 0 -0.999947
    outer loop
      vertex -10.0362 -28.016 55.2603
      vertex -10.1045 -28.184 55.2596
      vertex -10.1045 -28.016 55.2596
    endloop
  endfacet
  facet normal -0.0391502 0 -0.999233
    outer loop
      vertex -10.0362 -28.184 55.2603
      vertex -9.96984 -28.016 55.2577
      vertex -9.96984 -28.184 55.2577
    endloop
  endfacet
  facet normal -0.0391502 0 -0.999233
    outer loop
      vertex -9.96984 -28.016 55.2577
      vertex -10.0362 -28.184 55.2603
      vertex -10.0362 -28.016 55.2603
    endloop
  endfacet
  facet normal -0.0929663 0 -0.995669
    outer loop
      vertex -9.96984 -28.184 55.2577
      vertex -9.90558 -28.016 55.2517
      vertex -9.90558 -28.184 55.2517
    endloop
  endfacet
  facet normal -0.0929663 0 -0.995669
    outer loop
      vertex -9.90558 -28.016 55.2517
      vertex -9.96984 -28.184 55.2577
      vertex -9.96984 -28.016 55.2577
    endloop
  endfacet
  facet normal -0.149405 0 -0.988776
    outer loop
      vertex -9.90558 -28.184 55.2517
      vertex -9.84337 -28.016 55.2423
      vertex -9.84337 -28.184 55.2423
    endloop
  endfacet
  facet normal -0.149405 0 -0.988776
    outer loop
      vertex -9.84337 -28.016 55.2423
      vertex -9.90558 -28.184 55.2517
      vertex -9.90558 -28.016 55.2517
    endloop
  endfacet
  facet normal -0.206551 0 -0.978436
    outer loop
      vertex -9.84337 -28.184 55.2423
      vertex -9.78321 -28.016 55.2296
      vertex -9.78321 -28.184 55.2296
    endloop
  endfacet
  facet normal -0.206551 0 -0.978436
    outer loop
      vertex -9.78321 -28.016 55.2296
      vertex -9.84337 -28.184 55.2423
      vertex -9.84337 -28.016 55.2423
    endloop
  endfacet
  facet normal -0.268584 0 -0.963256
    outer loop
      vertex -9.78321 -28.184 55.2296
      vertex -9.72511 -28.016 55.2134
      vertex -9.72511 -28.184 55.2134
    endloop
  endfacet
  facet normal -0.268584 0 -0.963256
    outer loop
      vertex -9.72511 -28.016 55.2134
      vertex -9.78321 -28.184 55.2296
      vertex -9.78321 -28.016 55.2296
    endloop
  endfacet
  facet normal -0.328586 0 -0.944474
    outer loop
      vertex -9.72511 -28.184 55.2134
      vertex -9.66906 -28.016 55.1939
      vertex -9.66906 -28.184 55.1939
    endloop
  endfacet
  facet normal -0.328586 0 -0.944474
    outer loop
      vertex -9.66906 -28.016 55.1939
      vertex -9.72511 -28.184 55.2134
      vertex -9.72511 -28.016 55.2134
    endloop
  endfacet
  facet normal -0.389033 0 -0.921224
    outer loop
      vertex -9.66906 -28.184 55.1939
      vertex -9.61507 -28.016 55.1711
      vertex -9.61507 -28.184 55.1711
    endloop
  endfacet
  facet normal -0.389033 0 -0.921224
    outer loop
      vertex -9.61507 -28.016 55.1711
      vertex -9.66906 -28.184 55.1939
      vertex -9.66906 -28.016 55.1939
    endloop
  endfacet
  facet normal -0.452804 0 -0.89161
    outer loop
      vertex -9.61507 -28.184 55.1711
      vertex -9.56348 -28.016 55.1449
      vertex -9.56348 -28.184 55.1449
    endloop
  endfacet
  facet normal -0.452804 0 -0.89161
    outer loop
      vertex -9.56348 -28.016 55.1449
      vertex -9.61507 -28.184 55.1711
      vertex -9.61507 -28.016 55.1711
    endloop
  endfacet
  facet normal -0.515733 0 -0.856749
    outer loop
      vertex -9.56348 -28.184 55.1449
      vertex -9.51464 -28.016 55.1155
      vertex -9.51464 -28.184 55.1155
    endloop
  endfacet
  facet normal -0.515733 0 -0.856749
    outer loop
      vertex -9.51464 -28.016 55.1155
      vertex -9.56348 -28.184 55.1449
      vertex -9.56348 -28.016 55.1449
    endloop
  endfacet
  facet normal -0.577462 0 -0.816418
    outer loop
      vertex -9.51464 -28.184 55.1155
      vertex -9.46855 -28.016 55.0829
      vertex -9.46855 -28.184 55.0829
    endloop
  endfacet
  facet normal -0.577462 0 -0.816418
    outer loop
      vertex -9.46855 -28.016 55.0829
      vertex -9.51464 -28.184 55.1155
      vertex -9.51464 -28.016 55.1155
    endloop
  endfacet
  facet normal -0.636941 0 -0.770912
    outer loop
      vertex -9.46855 -28.184 55.0829
      vertex -9.42522 -28.016 55.0471
      vertex -9.42522 -28.184 55.0471
    endloop
  endfacet
  facet normal -0.636941 0 -0.770912
    outer loop
      vertex -9.42522 -28.016 55.0471
      vertex -9.46855 -28.184 55.0829
      vertex -9.46855 -28.016 55.0829
    endloop
  endfacet
  facet normal -0.693942 0 -0.720031
    outer loop
      vertex -9.42522 -28.184 55.0471
      vertex -9.38465 -28.016 55.008
      vertex -9.38465 -28.184 55.008
    endloop
  endfacet
  facet normal -0.693942 0 -0.720031
    outer loop
      vertex -9.38465 -28.016 55.008
      vertex -9.42522 -28.184 55.0471
      vertex -9.42522 -28.016 55.0471
    endloop
  endfacet
  facet normal -0.745481 0 -0.666527
    outer loop
      vertex -9.34683 -28.184 54.9657
      vertex -9.38465 -28.016 55.008
      vertex -9.34683 -28.016 54.9657
    endloop
  endfacet
  facet normal -0.745481 -0 -0.666527
    outer loop
      vertex -9.38465 -28.016 55.008
      vertex -9.34683 -28.184 54.9657
      vertex -9.38465 -28.184 55.008
    endloop
  endfacet
  facet normal -0.792035 0 -0.610476
    outer loop
      vertex -9.31176 -28.184 54.9202
      vertex -9.34683 -28.016 54.9657
      vertex -9.31176 -28.016 54.9202
    endloop
  endfacet
  facet normal -0.792035 -0 -0.610476
    outer loop
      vertex -9.34683 -28.016 54.9657
      vertex -9.31176 -28.184 54.9202
      vertex -9.34683 -28.184 54.9657
    endloop
  endfacet
  facet normal -0.833285 0 -0.552843
    outer loop
      vertex -9.27945 -28.184 54.8715
      vertex -9.31176 -28.016 54.9202
      vertex -9.27945 -28.016 54.8715
    endloop
  endfacet
  facet normal -0.833285 -0 -0.552843
    outer loop
      vertex -9.31176 -28.016 54.9202
      vertex -9.27945 -28.184 54.8715
      vertex -9.31176 -28.184 54.9202
    endloop
  endfacet
  facet normal -0.871674 0 -0.490086
    outer loop
      vertex -9.25027 -28.184 54.8196
      vertex -9.27945 -28.016 54.8715
      vertex -9.25027 -28.016 54.8196
    endloop
  endfacet
  facet normal -0.871674 -0 -0.490086
    outer loop
      vertex -9.27945 -28.016 54.8715
      vertex -9.25027 -28.184 54.8196
      vertex -9.27945 -28.184 54.8715
    endloop
  endfacet
  facet normal -0.90612 0 -0.423021
    outer loop
      vertex -9.22464 -28.184 54.7647
      vertex -9.25027 -28.016 54.8196
      vertex -9.22464 -28.016 54.7647
    endloop
  endfacet
  facet normal -0.90612 -0 -0.423021
    outer loop
      vertex -9.25027 -28.016 54.8196
      vertex -9.22464 -28.184 54.7647
      vertex -9.25027 -28.184 54.8196
    endloop
  endfacet
  facet normal -0.934462 0 -0.356062
    outer loop
      vertex -9.20254 -28.184 54.7067
      vertex -9.22464 -28.016 54.7647
      vertex -9.20254 -28.016 54.7067
    endloop
  endfacet
  facet normal -0.934462 -0 -0.356062
    outer loop
      vertex -9.22464 -28.016 54.7647
      vertex -9.20254 -28.184 54.7067
      vertex -9.22464 -28.184 54.7647
    endloop
  endfacet
  facet normal -0.956873 0 -0.290507
    outer loop
      vertex -9.18399 -28.184 54.6456
      vertex -9.20254 -28.016 54.7067
      vertex -9.18399 -28.016 54.6456
    endloop
  endfacet
  facet normal -0.956873 -0 -0.290507
    outer loop
      vertex -9.20254 -28.016 54.7067
      vertex -9.18399 -28.184 54.6456
      vertex -9.20254 -28.184 54.7067
    endloop
  endfacet
  facet normal -0.973774 0 -0.227517
    outer loop
      vertex -9.16899 -28.184 54.5814
      vertex -9.18399 -28.016 54.6456
      vertex -9.16899 -28.016 54.5814
    endloop
  endfacet
  facet normal -0.973774 -0 -0.227517
    outer loop
      vertex -9.18399 -28.016 54.6456
      vertex -9.16899 -28.184 54.5814
      vertex -9.18399 -28.184 54.6456
    endloop
  endfacet
  facet normal -0.985761 0 -0.168151
    outer loop
      vertex -9.15751 -28.184 54.5141
      vertex -9.16899 -28.016 54.5814
      vertex -9.15751 -28.016 54.5141
    endloop
  endfacet
  facet normal -0.985761 -0 -0.168151
    outer loop
      vertex -9.16899 -28.016 54.5814
      vertex -9.15751 -28.184 54.5141
      vertex -9.16899 -28.184 54.5814
    endloop
  endfacet
  facet normal -0.993714 0 -0.111952
    outer loop
      vertex -9.14959 -28.184 54.4438
      vertex -9.15751 -28.016 54.5141
      vertex -9.14959 -28.016 54.4438
    endloop
  endfacet
  facet normal -0.993714 -0 -0.111952
    outer loop
      vertex -9.15751 -28.016 54.5141
      vertex -9.14959 -28.184 54.4438
      vertex -9.15751 -28.184 54.5141
    endloop
  endfacet
  facet normal -0.998208 0 -0.0598381
    outer loop
      vertex -9.14519 -28.016 54.3704
      vertex -9.14959 -28.184 54.4438
      vertex -9.14959 -28.016 54.4438
    endloop
  endfacet
  facet normal -0.998208 0 -0.0598381
    outer loop
      vertex -9.14519 -28.52 54.3704
      vertex -9.14959 -28.184 54.4438
      vertex -9.14519 -28.016 54.3704
    endloop
  endfacet
  facet normal -0.998208 -0 -0.0598381
    outer loop
      vertex -9.14959 -28.184 54.4438
      vertex -9.14519 -28.52 54.3704
      vertex -9.14959 -28.52 54.4438
    endloop
  endfacet
  facet normal -0.999954 0 -0.00954313
    outer loop
      vertex -9.1445 -28.52 54.2981
      vertex -9.14519 -28.016 54.3704
      vertex -9.1445 -28.016 54.2981
    endloop
  endfacet
  facet normal -0.999954 -0 -0.00954313
    outer loop
      vertex -9.14519 -28.016 54.3704
      vertex -9.1445 -28.52 54.2981
      vertex -9.14519 -28.52 54.3704
    endloop
  endfacet
  facet normal -0.999078 0 0.0429234
    outer loop
      vertex -9.14566 -28.52 54.2711
      vertex -9.1445 -28.016 54.2981
      vertex -9.14566 -28.016 54.2711
    endloop
  endfacet
  facet normal -0.999078 0 0.0429234
    outer loop
      vertex -9.1445 -28.016 54.2981
      vertex -9.14566 -28.52 54.2711
      vertex -9.1445 -28.52 54.2981
    endloop
  endfacet
  facet normal -0.993772 0 -0.111434
    outer loop
      vertex -9.14261 -28.52 54.2439
      vertex -9.14566 -28.016 54.2711
      vertex -9.14261 -28.016 54.2439
    endloop
  endfacet
  facet normal -0.993772 -0 -0.111434
    outer loop
      vertex -9.14566 -28.016 54.2711
      vertex -9.14261 -28.52 54.2439
      vertex -9.14566 -28.52 54.2711
    endloop
  endfacet
  facet normal 0.0349069 0 -0.999391
    outer loop
      vertex -10.6542 -28.184 55.2404
      vertex -10.1045 -28.016 55.2596
      vertex -10.1045 -28.184 55.2596
    endloop
  endfacet
  facet normal 0.0349069 0 -0.999391
    outer loop
      vertex -10.1045 -28.016 55.2596
      vertex -10.6542 -28.184 55.2404
      vertex -10.6542 -28.016 55.2404
    endloop
  endfacet
  facet normal 0.0349351 0 -0.99939
    outer loop
      vertex 14.7488 -28.184 56.1608
      vertex 16.6197 -28.016 56.2262
      vertex 16.6197 -28.184 56.2262
    endloop
  endfacet
  facet normal 0.0349351 0 -0.99939
    outer loop
      vertex 16.6197 -28.016 56.2262
      vertex 14.7488 -28.184 56.1608
      vertex 14.7488 -28.016 56.1608
    endloop
  endfacet
  facet normal 0.0349193 0 -0.99939
    outer loop
      vertex 13.5619 -28.184 53.2178
      vertex 16.7931 -28.016 53.3307
      vertex 16.7931 -28.184 53.3307
    endloop
  endfacet
  facet normal 0.0349193 0 -0.99939
    outer loop
      vertex 16.7931 -28.016 53.3307
      vertex 13.5619 -28.184 53.2178
      vertex 13.5619 -28.016 53.2178
    endloop
  endfacet
  facet normal 0.0349063 0 -0.999391
    outer loop
      vertex 14.7976 -28.184 54.7618
      vertex 16.441 -28.016 54.8192
      vertex 16.441 -28.184 54.8192
    endloop
  endfacet
  facet normal 0.0349063 0 -0.999391
    outer loop
      vertex 16.441 -28.016 54.8192
      vertex 14.7976 -28.184 54.7618
      vertex 14.7976 -28.016 54.7618
    endloop
  endfacet
  facet normal 0.0350024 0 -0.999387
    outer loop
      vertex 18.706 -28.184 54.3758
      vertex 19.0629 -28.016 54.3883
      vertex 19.0629 -28.184 54.3883
    endloop
  endfacet
  facet normal 0.0350024 0 -0.999387
    outer loop
      vertex 19.0629 -28.016 54.3883
      vertex 18.706 -28.184 54.3758
      vertex 18.706 -28.016 54.3758
    endloop
  endfacet
  facet normal -0.809044 0 -0.587748
    outer loop
      vertex 19.7561 -28.184 53.4341
      vertex 19.0629 -28.016 54.3883
      vertex 19.7561 -28.016 53.4341
    endloop
  endfacet
  facet normal -0.809044 -0 -0.587748
    outer loop
      vertex 19.0629 -28.016 54.3883
      vertex 19.7561 -28.184 53.4341
      vertex 19.0629 -28.184 54.3883
    endloop
  endfacet
  facet normal 0 0 0
    outer loop
      vertex 20.746 -28.184 53.4687
      vertex 20.746 -28.016 53.4687
      vertex 20.746 -28.006 53.4687
    endloop
  endfacet
  facet normal 0.0349317 0 -0.99939
    outer loop
      vertex 19.7561 -28.184 53.4341
      vertex 20.746 -28.016 53.4687
      vertex 20.746 -28.184 53.4687
    endloop
  endfacet
  facet normal 0.0349317 0 -0.99939
    outer loop
      vertex 20.746 -28.016 53.4687
      vertex 19.7561 -28.184 53.4341
      vertex 19.7561 -28.016 53.4341
    endloop
  endfacet
  facet normal 0.805898 -0 0.592054
    outer loop
      vertex 20.3188 -28.184 54.0502
      vertex 20.746 -28.006 53.4687
      vertex 20.3188 -28.006 54.0502
    endloop
  endfacet
  facet normal 0.805898 0 0.592054
    outer loop
      vertex 20.746 -28.006 53.4687
      vertex 20.3188 -28.184 54.0502
      vertex 20.746 -28.184 53.4687
    endloop
  endfacet
  facet normal 0.571605 0 -0.820529
    outer loop
      vertex 20.3926 -28.52 54.5026
      vertex 20.4015 -28.016 54.5088
      vertex 20.4015 -28.52 54.5088
    endloop
  endfacet
  facet normal 0.571605 0 -0.820529
    outer loop
      vertex 20.4015 -28.016 54.5088
      vertex 20.3926 -28.52 54.5026
      vertex 20.3926 -28.016 54.5026
    endloop
  endfacet
  facet normal 0.805587 -0 0.592478
    outer loop
      vertex 20.2978 -28.52 54.6498
      vertex 20.4015 -28.016 54.5088
      vertex 20.2978 -28.016 54.6498
    endloop
  endfacet
  facet normal 0.805587 0 0.592478
    outer loop
      vertex 20.4015 -28.016 54.5088
      vertex 20.2978 -28.52 54.6498
      vertex 20.4015 -28.52 54.5088
    endloop
  endfacet
  facet normal 0.514209 0 -0.857665
    outer loop
      vertex 20.2978 -28.52 54.6498
      vertex 20.3857 -28.174 54.7025
      vertex 20.3857 -28.52 54.7025
    endloop
  endfacet
  facet normal 0.514209 0 -0.857665
    outer loop
      vertex 20.2978 -28.016 54.6498
      vertex 20.3857 -28.174 54.7025
      vertex 20.2978 -28.52 54.6498
    endloop
  endfacet
  facet normal 0.514209 0 -0.857665
    outer loop
      vertex 20.3857 -28.174 54.7025
      vertex 20.2978 -28.016 54.6498
      vertex 20.3857 -28.016 54.7025
    endloop
  endfacet
  facet normal 0.571388 0 -0.82068
    outer loop
      vertex 20.3945 -28.174 54.7086
      vertex 20.4689 -28.184 54.7604
      vertex 20.3945 -28.184 54.7086
    endloop
  endfacet
  facet normal 0.571388 0 -0.82068
    outer loop
      vertex 20.4689 -28.184 54.7604
      vertex 20.3945 -28.174 54.7086
      vertex 20.4689 -28.016 54.7604
    endloop
  endfacet
  facet normal 0.569696 0 -0.821856
    outer loop
      vertex 20.3857 -28.016 54.7025
      vertex 20.3945 -28.174 54.7086
      vertex 20.3857 -28.174 54.7025
    endloop
  endfacet
  facet normal 0.571209 0.000124879 -0.820805
    outer loop
      vertex 20.3945 -28.174 54.7086
      vertex 20.3857 -28.016 54.7025
      vertex 20.4689 -28.016 54.7604
    endloop
  endfacet
  facet normal 0.628244 0 -0.778017
    outer loop
      vertex 20.4689 -28.184 54.7604
      vertex 20.5463 -28.016 54.8229
      vertex 20.5463 -28.184 54.8229
    endloop
  endfacet
  facet normal 0.628244 0 -0.778017
    outer loop
      vertex 20.5463 -28.016 54.8229
      vertex 20.4689 -28.184 54.7604
      vertex 20.4689 -28.016 54.7604
    endloop
  endfacet
  facet normal 0.683262 0 -0.730173
    outer loop
      vertex 20.5463 -28.184 54.8229
      vertex 20.6179 -28.016 54.8899
      vertex 20.6179 -28.184 54.8899
    endloop
  endfacet
  facet normal 0.683262 0 -0.730173
    outer loop
      vertex 20.6179 -28.016 54.8899
      vertex 20.5463 -28.184 54.8229
      vertex 20.5463 -28.016 54.8229
    endloop
  endfacet
  facet normal 0.73677 0 -0.676143
    outer loop
      vertex 20.6837 -28.184 54.9616
      vertex 20.6179 -28.016 54.8899
      vertex 20.6837 -28.016 54.9616
    endloop
  endfacet
  facet normal 0.73677 0 -0.676143
    outer loop
      vertex 20.6179 -28.016 54.8899
      vertex 20.6837 -28.184 54.9616
      vertex 20.6179 -28.184 54.8899
    endloop
  endfacet
  facet normal 0.785674 0 -0.618641
    outer loop
      vertex 20.7437 -28.184 55.0378
      vertex 20.6837 -28.016 54.9616
      vertex 20.7437 -28.016 55.0378
    endloop
  endfacet
  facet normal 0.785674 0 -0.618641
    outer loop
      vertex 20.6837 -28.016 54.9616
      vertex 20.7437 -28.184 55.0378
      vertex 20.6837 -28.184 54.9616
    endloop
  endfacet
  facet normal 0.830466 0 -0.55707
    outer loop
      vertex 20.7979 -28.184 55.1186
      vertex 20.7437 -28.016 55.0378
      vertex 20.7979 -28.016 55.1186
    endloop
  endfacet
  facet normal 0.830466 0 -0.55707
    outer loop
      vertex 20.7437 -28.016 55.0378
      vertex 20.7979 -28.184 55.1186
      vertex 20.7437 -28.184 55.0378
    endloop
  endfacet
  facet normal 0.871384 0 -0.490602
    outer loop
      vertex 20.8457 -28.184 55.2035
      vertex 20.7979 -28.016 55.1186
      vertex 20.8457 -28.016 55.2035
    endloop
  endfacet
  facet normal 0.871384 0 -0.490602
    outer loop
      vertex 20.7979 -28.016 55.1186
      vertex 20.8457 -28.184 55.2035
      vertex 20.7979 -28.184 55.1186
    endloop
  endfacet
  facet normal 0.907539 0 -0.419967
    outer loop
      vertex 20.8867 -28.184 55.2921
      vertex 20.8457 -28.016 55.2035
      vertex 20.8867 -28.016 55.2921
    endloop
  endfacet
  facet normal 0.907539 0 -0.419967
    outer loop
      vertex 20.8457 -28.016 55.2035
      vertex 20.8867 -28.184 55.2921
      vertex 20.8457 -28.184 55.2035
    endloop
  endfacet
  facet normal 0.93836 0 -0.345658
    outer loop
      vertex 20.9207 -28.184 55.3844
      vertex 20.8867 -28.016 55.2921
      vertex 20.9207 -28.016 55.3844
    endloop
  endfacet
  facet normal 0.93836 0 -0.345658
    outer loop
      vertex 20.8867 -28.016 55.2921
      vertex 20.9207 -28.184 55.3844
      vertex 20.8867 -28.184 55.2921
    endloop
  endfacet
  facet normal 0.962052 0 -0.272866
    outer loop
      vertex 20.9479 -28.184 55.4803
      vertex 20.9207 -28.016 55.3844
      vertex 20.9479 -28.016 55.4803
    endloop
  endfacet
  facet normal 0.962052 0 -0.272866
    outer loop
      vertex 20.9207 -28.016 55.3844
      vertex 20.9479 -28.184 55.4803
      vertex 20.9207 -28.184 55.3844
    endloop
  endfacet
  facet normal 0.980047 0 -0.198765
    outer loop
      vertex 20.9681 -28.184 55.5799
      vertex 20.9479 -28.016 55.4803
      vertex 20.9681 -28.016 55.5799
    endloop
  endfacet
  facet normal 0.980047 0 -0.198765
    outer loop
      vertex 20.9479 -28.016 55.4803
      vertex 20.9681 -28.184 55.5799
      vertex 20.9479 -28.184 55.4803
    endloop
  endfacet
  facet normal 0 0 0
    outer loop
      vertex 20.9711 -28.184 55.6031
      vertex 20.9711 -28.016 55.6031
      vertex 20.9711 -28.006 55.6031
    endloop
  endfacet
  facet normal 0.991743 0 -0.128243
    outer loop
      vertex 20.9711 -28.184 55.6031
      vertex 20.9681 -28.016 55.5799
      vertex 20.9711 -28.016 55.6031
    endloop
  endfacet
  facet normal 0.991743 0 -0.128243
    outer loop
      vertex 20.9681 -28.016 55.5799
      vertex 20.9711 -28.184 55.6031
      vertex 20.9681 -28.184 55.5799
    endloop
  endfacet
  facet normal 0.985333 -0 0.170644
    outer loop
      vertex 20.968 -28.184 55.621
      vertex 20.9711 -28.006 55.6031
      vertex 20.968 -28.006 55.621
    endloop
  endfacet
  facet normal 0.985333 0 0.170644
    outer loop
      vertex 20.9711 -28.006 55.6031
      vertex 20.968 -28.184 55.621
      vertex 20.9711 -28.184 55.6031
    endloop
  endfacet
  facet normal 0.0349325 0 -0.99939
    outer loop
      vertex 17.4299 -28.184 53.3529
      vertex 18.7402 -28.016 53.3987
      vertex 18.7402 -28.184 53.3987
    endloop
  endfacet
  facet normal 0.0349325 0 -0.99939
    outer loop
      vertex 18.7402 -28.016 53.3987
      vertex 17.4299 -28.184 53.3529
      vertex 17.4299 -28.016 53.3529
    endloop
  endfacet
  facet normal 0.0045523 0 -0.99999
    outer loop
      vertex 19.1172 -28.184 56.2912
      vertex 19.1831 -28.016 56.2915
      vertex 19.1831 -28.184 56.2915
    endloop
  endfacet
  facet normal 0.0045523 0 -0.99999
    outer loop
      vertex 19.1831 -28.016 56.2915
      vertex 19.1172 -28.184 56.2912
      vertex 19.1172 -28.016 56.2912
    endloop
  endfacet
  facet normal -0.0568186 0 -0.998385
    outer loop
      vertex 19.1831 -28.184 56.2915
      vertex 19.2446 -28.016 56.288
      vertex 19.2446 -28.184 56.288
    endloop
  endfacet
  facet normal -0.0568186 0 -0.998385
    outer loop
      vertex 19.2446 -28.016 56.288
      vertex 19.1831 -28.184 56.2915
      vertex 19.1831 -28.016 56.2915
    endloop
  endfacet
  facet normal -0.131484 0 -0.991318
    outer loop
      vertex 19.2446 -28.184 56.288
      vertex 19.3019 -28.016 56.2804
      vertex 19.3019 -28.184 56.2804
    endloop
  endfacet
  facet normal -0.131484 0 -0.991318
    outer loop
      vertex 19.3019 -28.016 56.2804
      vertex 19.2446 -28.184 56.288
      vertex 19.2446 -28.016 56.288
    endloop
  endfacet
  facet normal -0.212047 0 -0.977259
    outer loop
      vertex 19.3019 -28.184 56.2804
      vertex 19.3549 -28.016 56.2689
      vertex 19.3549 -28.184 56.2689
    endloop
  endfacet
  facet normal -0.212047 0 -0.977259
    outer loop
      vertex 19.3549 -28.016 56.2689
      vertex 19.3019 -28.184 56.2804
      vertex 19.3019 -28.016 56.2804
    endloop
  endfacet
  facet normal -0.303284 0 -0.9529
    outer loop
      vertex 19.3549 -28.184 56.2689
      vertex 19.4036 -28.016 56.2534
      vertex 19.4036 -28.184 56.2534
    endloop
  endfacet
  facet normal -0.303284 0 -0.9529
    outer loop
      vertex 19.4036 -28.016 56.2534
      vertex 19.3549 -28.184 56.2689
      vertex 19.3549 -28.016 56.2689
    endloop
  endfacet
  facet normal -0.402117 0 -0.915588
    outer loop
      vertex 19.4036 -28.184 56.2534
      vertex 19.448 -28.016 56.2339
      vertex 19.448 -28.184 56.2339
    endloop
  endfacet
  facet normal -0.402117 0 -0.915588
    outer loop
      vertex 19.448 -28.016 56.2339
      vertex 19.4036 -28.184 56.2534
      vertex 19.4036 -28.016 56.2534
    endloop
  endfacet
  facet normal -0.504005 0 -0.863701
    outer loop
      vertex 19.448 -28.184 56.2339
      vertex 19.4881 -28.016 56.2105
      vertex 19.4881 -28.184 56.2105
    endloop
  endfacet
  facet normal -0.504005 0 -0.863701
    outer loop
      vertex 19.4881 -28.016 56.2105
      vertex 19.448 -28.184 56.2339
      vertex 19.448 -28.016 56.2339
    endloop
  endfacet
  facet normal -0.609175 0 -0.793036
    outer loop
      vertex 19.4881 -28.184 56.2105
      vertex 19.5239 -28.016 56.183
      vertex 19.5239 -28.184 56.183
    endloop
  endfacet
  facet normal -0.609175 0 -0.793036
    outer loop
      vertex 19.5239 -28.016 56.183
      vertex 19.4881 -28.184 56.2105
      vertex 19.4881 -28.016 56.2105
    endloop
  endfacet
  facet normal -0.696852 0 -0.717215
    outer loop
      vertex 19.5239 -28.184 56.183
      vertex 19.5556 -28.016 56.1522
      vertex 19.5556 -28.184 56.1522
    endloop
  endfacet
  facet normal -0.696852 0 -0.717215
    outer loop
      vertex 19.5556 -28.016 56.1522
      vertex 19.5239 -28.184 56.183
      vertex 19.5239 -28.016 56.183
    endloop
  endfacet
  facet normal -0.772326 0 -0.635227
    outer loop
      vertex 19.5834 -28.184 56.1184
      vertex 19.5556 -28.016 56.1522
      vertex 19.5834 -28.016 56.1184
    endloop
  endfacet
  facet normal -0.772326 -0 -0.635227
    outer loop
      vertex 19.5556 -28.016 56.1522
      vertex 19.5834 -28.184 56.1184
      vertex 19.5556 -28.184 56.1522
    endloop
  endfacet
  facet normal -0.840061 0 -0.542492
    outer loop
      vertex 19.6071 -28.184 56.0817
      vertex 19.5834 -28.016 56.1184
      vertex 19.6071 -28.016 56.0817
    endloop
  endfacet
  facet normal -0.840061 -0 -0.542492
    outer loop
      vertex 19.5834 -28.016 56.1184
      vertex 19.6071 -28.184 56.0817
      vertex 19.5834 -28.184 56.1184
    endloop
  endfacet
  facet normal -0.89533 0 -0.445404
    outer loop
      vertex 19.6268 -28.184 56.0421
      vertex 19.6071 -28.016 56.0817
      vertex 19.6268 -28.016 56.0421
    endloop
  endfacet
  facet normal -0.89533 -0 -0.445404
    outer loop
      vertex 19.6071 -28.016 56.0817
      vertex 19.6268 -28.184 56.0421
      vertex 19.6071 -28.184 56.0817
    endloop
  endfacet
  facet normal -0.937322 0 -0.348463
    outer loop
      vertex 19.6426 -28.184 55.9996
      vertex 19.6268 -28.016 56.0421
      vertex 19.6426 -28.016 55.9996
    endloop
  endfacet
  facet normal -0.937322 -0 -0.348463
    outer loop
      vertex 19.6268 -28.016 56.0421
      vertex 19.6426 -28.184 55.9996
      vertex 19.6268 -28.184 56.0421
    endloop
  endfacet
  facet normal -0.967843 0 -0.251554
    outer loop
      vertex 19.6544 -28.184 55.9542
      vertex 19.6426 -28.016 55.9996
      vertex 19.6544 -28.016 55.9542
    endloop
  endfacet
  facet normal -0.967843 -0 -0.251554
    outer loop
      vertex 19.6426 -28.016 55.9996
      vertex 19.6544 -28.184 55.9542
      vertex 19.6426 -28.184 55.9996
    endloop
  endfacet
  facet normal -0.987262 0 -0.159104
    outer loop
      vertex 19.6622 -28.016 55.9058
      vertex 19.6544 -28.184 55.9542
      vertex 19.6544 -28.016 55.9542
    endloop
  endfacet
  facet normal -0.987262 0 -0.159104
    outer loop
      vertex 19.6622 -28.52 55.9058
      vertex 19.6544 -28.184 55.9542
      vertex 19.6622 -28.016 55.9058
    endloop
  endfacet
  facet normal -0.987262 -0 -0.159104
    outer loop
      vertex 19.6544 -28.184 55.9542
      vertex 19.6622 -28.52 55.9058
      vertex 19.6544 -28.52 55.9542
    endloop
  endfacet
  facet normal -0.997123 0 -0.0758046
    outer loop
      vertex 19.6661 -28.52 55.8545
      vertex 19.6622 -28.016 55.9058
      vertex 19.6661 -28.016 55.8545
    endloop
  endfacet
  facet normal -0.997123 -0 -0.0758046
    outer loop
      vertex 19.6622 -28.016 55.9058
      vertex 19.6661 -28.52 55.8545
      vertex 19.6622 -28.52 55.9058
    endloop
  endfacet
  facet normal -0.999983 0 0.00583648
    outer loop
      vertex 19.6658 -28.52 55.8031
      vertex 19.6661 -28.016 55.8545
      vertex 19.6658 -28.016 55.8031
    endloop
  endfacet
  facet normal -0.999983 0 0.00583648
    outer loop
      vertex 19.6661 -28.016 55.8545
      vertex 19.6658 -28.52 55.8031
      vertex 19.6661 -28.52 55.8545
    endloop
  endfacet
  facet normal -0.99596 0 0.0897997
    outer loop
      vertex 19.6614 -28.52 55.7543
      vertex 19.6658 -28.016 55.8031
      vertex 19.6614 -28.016 55.7543
    endloop
  endfacet
  facet normal -0.99596 0 0.0897997
    outer loop
      vertex 19.6658 -28.016 55.8031
      vertex 19.6614 -28.52 55.7543
      vertex 19.6658 -28.52 55.8031
    endloop
  endfacet
  facet normal 0.0349525 0 -0.999389
    outer loop
      vertex 18.6397 -28.184 56.2745
      vertex 19.1172 -28.016 56.2912
      vertex 19.1172 -28.184 56.2912
    endloop
  endfacet
  facet normal 0.0349525 0 -0.999389
    outer loop
      vertex 19.1172 -28.016 56.2912
      vertex 18.6397 -28.184 56.2745
      vertex 18.6397 -28.016 56.2745
    endloop
  endfacet
  facet normal -0.744488 0 -0.667635
    outer loop
      vertex -13.7315 -28.184 52.2647
      vertex -15.27 -28.016 53.9803
      vertex -13.7315 -28.016 52.2647
    endloop
  endfacet
  facet normal -0.744488 -0 -0.667635
    outer loop
      vertex -15.27 -28.016 53.9803
      vertex -13.7315 -28.184 52.2647
      vertex -15.27 -28.184 53.9803
    endloop
  endfacet
  facet normal 0.0348905 0 -0.999391
    outer loop
      vertex -13.7315 -28.184 52.2647
      vertex -12.6545 -28.016 52.3023
      vertex -12.6545 -28.184 52.3023
    endloop
  endfacet
  facet normal 0.0348905 0 -0.999391
    outer loop
      vertex -12.6545 -28.016 52.3023
      vertex -13.7315 -28.184 52.2647
      vertex -13.7315 -28.016 52.2647
    endloop
  endfacet
  facet normal 0.0349043 0 -0.999391
    outer loop
      vertex -16.4853 -28.184 52.1686
      vertex -15.2083 -28.016 52.2132
      vertex -15.2083 -28.184 52.2132
    endloop
  endfacet
  facet normal 0.0349043 0 -0.999391
    outer loop
      vertex -15.2083 -28.016 52.2132
      vertex -16.4853 -28.184 52.1686
      vertex -16.4853 -28.016 52.1686
    endloop
  endfacet
  facet normal 0.0347227 0 -0.999397
    outer loop
      vertex -1.97296 -28.184 53.6537
      vertex -1.61606 -28.016 53.6661
      vertex -1.61606 -28.184 53.6661
    endloop
  endfacet
  facet normal 0.0347227 0 -0.999397
    outer loop
      vertex -1.61606 -28.016 53.6661
      vertex -1.97296 -28.184 53.6537
      vertex -1.97296 -28.016 53.6537
    endloop
  endfacet
  facet normal -0.809017 0 -0.587785
    outer loop
      vertex -0.922867 -28.184 52.712
      vertex -1.61606 -28.016 53.6661
      vertex -0.922867 -28.016 52.712
    endloop
  endfacet
  facet normal -0.809017 -0 -0.587785
    outer loop
      vertex -1.61606 -28.016 53.6661
      vertex -0.922867 -28.184 52.712
      vertex -1.61606 -28.184 53.6661
    endloop
  endfacet
  facet normal 0 0 -1
    outer loop
      vertex 0.0670387 -28.184 52.7466
      vertex 0.0670322 -28.016 52.7466
      vertex 0.0670387 -28.006 52.7466
    endloop
  endfacet
  facet normal 0.0349315 1.35152e-06 -0.99939
    outer loop
      vertex -0.922867 -28.184 52.712
      vertex 0.0670322 -28.016 52.7466
      vertex 0.0670387 -28.184 52.7466
    endloop
  endfacet
  facet normal 0.0349317 0 -0.99939
    outer loop
      vertex 0.0670322 -28.016 52.7466
      vertex -0.922867 -28.184 52.712
      vertex -0.922867 -28.016 52.712
    endloop
  endfacet
  facet normal -0 0 -1
    outer loop
      vertex 0.0670387 -28.006 52.7466
      vertex 0.0670322 -28.016 52.7466
      vertex 0.0670322 -28.006 52.7466
    endloop
  endfacet
  facet normal 0.805857 -0 0.59211
    outer loop
      vertex -0.360223 -28.184 53.3281
      vertex 0.0670387 -28.006 52.7466
      vertex -0.360223 -28.006 53.3281
    endloop
  endfacet
  facet normal 0.805857 0 0.59211
    outer loop
      vertex 0.0670387 -28.006 52.7466
      vertex -0.360223 -28.184 53.3281
      vertex 0.0670387 -28.184 52.7466
    endloop
  endfacet
  facet normal 0.56669 0 -0.823931
    outer loop
      vertex -0.286366 -28.52 53.7805
      vertex -0.277497 -28.016 53.7866
      vertex -0.277497 -28.52 53.7866
    endloop
  endfacet
  facet normal 0.56669 0 -0.823931
    outer loop
      vertex -0.277497 -28.016 53.7866
      vertex -0.286366 -28.52 53.7805
      vertex -0.286366 -28.016 53.7805
    endloop
  endfacet
  facet normal 0.80588 -0 0.592079
    outer loop
      vertex -0.381163 -28.52 53.9277
      vertex -0.277497 -28.016 53.7866
      vertex -0.381163 -28.016 53.9277
    endloop
  endfacet
  facet normal 0.80588 0 0.592079
    outer loop
      vertex -0.277497 -28.016 53.7866
      vertex -0.381163 -28.52 53.9277
      vertex -0.277497 -28.52 53.7866
    endloop
  endfacet
  facet normal 0.513848 0 -0.857881
    outer loop
      vertex -0.381163 -28.52 53.9277
      vertex -0.293346 -28.174 53.9803
      vertex -0.293346 -28.52 53.9803
    endloop
  endfacet
  facet normal 0.513848 0 -0.857881
    outer loop
      vertex -0.381163 -28.016 53.9277
      vertex -0.293346 -28.174 53.9803
      vertex -0.381163 -28.52 53.9277
    endloop
  endfacet
  facet normal 0.513848 0 -0.857881
    outer loop
      vertex -0.293346 -28.174 53.9803
      vertex -0.381163 -28.016 53.9277
      vertex -0.293346 -28.016 53.9803
    endloop
  endfacet
  facet normal 0.57081 0 -0.821082
    outer loop
      vertex -0.284494 -28.174 53.9865
      vertex -0.210126 -28.184 54.0382
      vertex -0.284494 -28.184 53.9865
    endloop
  endfacet
  facet normal 0.57081 0 -0.821082
    outer loop
      vertex -0.210126 -28.184 54.0382
      vertex -0.284494 -28.174 53.9865
      vertex -0.210126 -28.016 54.0382
    endloop
  endfacet
  facet normal 0.573686 0 -0.819075
    outer loop
      vertex -0.293346 -28.016 53.9803
      vertex -0.284494 -28.174 53.9865
      vertex -0.293346 -28.174 53.9803
    endloop
  endfacet
  facet normal 0.571116 -0.000214333 -0.820869
    outer loop
      vertex -0.284494 -28.174 53.9865
      vertex -0.293346 -28.016 53.9803
      vertex -0.210126 -28.016 54.0382
    endloop
  endfacet
  facet normal 0.628121 0 -0.778116
    outer loop
      vertex -0.210126 -28.184 54.0382
      vertex -0.132701 -28.016 54.1007
      vertex -0.132701 -28.184 54.1007
    endloop
  endfacet
  facet normal 0.628121 0 -0.778116
    outer loop
      vertex -0.132701 -28.016 54.1007
      vertex -0.210126 -28.184 54.0382
      vertex -0.210126 -28.016 54.0382
    endloop
  endfacet
  facet normal 0.683801 0 -0.729668
    outer loop
      vertex -0.132701 -28.184 54.1007
      vertex -0.0611002 -28.016 54.1678
      vertex -0.0611002 -28.184 54.1678
    endloop
  endfacet
  facet normal 0.683801 0 -0.729668
    outer loop
      vertex -0.0611002 -28.016 54.1678
      vertex -0.132701 -28.184 54.1007
      vertex -0.132701 -28.016 54.1007
    endloop
  endfacet
  facet normal 0.73681 0 -0.6761
    outer loop
      vertex 0.00469207 -28.184 54.2395
      vertex -0.0611002 -28.016 54.1678
      vertex 0.00469207 -28.016 54.2395
    endloop
  endfacet
  facet normal 0.73681 0 -0.6761
    outer loop
      vertex -0.0611002 -28.016 54.1678
      vertex 0.00469207 -28.184 54.2395
      vertex -0.0611002 -28.184 54.1678
    endloop
  endfacet
  facet normal 0.785681 0 -0.618632
    outer loop
      vertex 0.0646906 -28.184 54.3157
      vertex 0.00469207 -28.016 54.2395
      vertex 0.0646906 -28.016 54.3157
    endloop
  endfacet
  facet normal 0.785681 0 -0.618632
    outer loop
      vertex 0.00469207 -28.016 54.2395
      vertex 0.0646906 -28.184 54.3157
      vertex 0.00469207 -28.184 54.2395
    endloop
  endfacet
  facet normal 0.83044 0 -0.557108
    outer loop
      vertex 0.118896 -28.184 54.3965
      vertex 0.0646906 -28.016 54.3157
      vertex 0.118896 -28.016 54.3965
    endloop
  endfacet
  facet normal 0.83044 0 -0.557108
    outer loop
      vertex 0.0646906 -28.016 54.3157
      vertex 0.118896 -28.184 54.3965
      vertex 0.0646906 -28.184 54.3157
    endloop
  endfacet
  facet normal 0.871248 0 -0.490844
    outer loop
      vertex 0.166727 -28.184 54.4814
      vertex 0.118896 -28.016 54.3965
      vertex 0.166727 -28.016 54.4814
    endloop
  endfacet
  facet normal 0.871248 0 -0.490844
    outer loop
      vertex 0.118896 -28.016 54.3965
      vertex 0.166727 -28.184 54.4814
      vertex 0.118896 -28.184 54.3965
    endloop
  endfacet
  facet normal 0.907777 0 -0.419453
    outer loop
      vertex 0.207666 -28.184 54.57
      vertex 0.166727 -28.016 54.4814
      vertex 0.207666 -28.016 54.57
    endloop
  endfacet
  facet normal 0.907777 0 -0.419453
    outer loop
      vertex 0.166727 -28.016 54.4814
      vertex 0.207666 -28.184 54.57
      vertex 0.166727 -28.184 54.4814
    endloop
  endfacet
  facet normal 0.938077 0 -0.346427
    outer loop
      vertex 0.241715 -28.184 54.6622
      vertex 0.207666 -28.016 54.57
      vertex 0.241715 -28.016 54.6622
    endloop
  endfacet
  facet normal 0.938077 0 -0.346427
    outer loop
      vertex 0.207666 -28.016 54.57
      vertex 0.241715 -28.184 54.6622
      vertex 0.207666 -28.184 54.57
    endloop
  endfacet
  facet normal 0.962324 0 -0.271907
    outer loop
      vertex 0.26884 -28.184 54.7582
      vertex 0.241715 -28.016 54.6622
      vertex 0.26884 -28.016 54.7582
    endloop
  endfacet
  facet normal 0.962324 0 -0.271907
    outer loop
      vertex 0.241715 -28.016 54.6622
      vertex 0.26884 -28.184 54.7582
      vertex 0.241715 -28.184 54.6622
    endloop
  endfacet
  facet normal 0.979945 0 -0.199269
    outer loop
      vertex 0.289073 -28.184 54.8577
      vertex 0.26884 -28.016 54.7582
      vertex 0.289073 -28.016 54.8577
    endloop
  endfacet
  facet normal 0.979945 0 -0.199269
    outer loop
      vertex 0.26884 -28.016 54.7582
      vertex 0.289073 -28.184 54.8577
      vertex 0.26884 -28.184 54.7582
    endloop
  endfacet
  facet normal -0 0 -1
    outer loop
      vertex 0.292078 -28.006 54.881
      vertex 0.292077 -28.016 54.881
      vertex 0.292077 -28.006 54.881
    endloop
  endfacet
  facet normal 0 0 -1
    outer loop
      vertex 0.292078 -28.184 54.881
      vertex 0.292077 -28.016 54.881
      vertex 0.292078 -28.006 54.881
    endloop
  endfacet
  facet normal 0.991791 5.90352e-06 -0.127869
    outer loop
      vertex 0.292078 -28.184 54.881
      vertex 0.289073 -28.016 54.8577
      vertex 0.292077 -28.016 54.881
    endloop
  endfacet
  facet normal 0.991786 0 -0.127911
    outer loop
      vertex 0.289073 -28.016 54.8577
      vertex 0.292078 -28.184 54.881
      vertex 0.289073 -28.184 54.8577
    endloop
  endfacet
  facet normal 0.984942 -0 0.172888
    outer loop
      vertex 0.288936 -28.184 54.8989
      vertex 0.292078 -28.006 54.881
      vertex 0.288936 -28.006 54.8989
    endloop
  endfacet
  facet normal 0.984942 0 0.172888
    outer loop
      vertex 0.292078 -28.006 54.881
      vertex 0.288936 -28.184 54.8989
      vertex 0.292078 -28.184 54.881
    endloop
  endfacet
  facet normal 0.0348574 0 -0.999392
    outer loop
      vertex -3.24909 -28.184 52.6308
      vertex -1.93883 -28.016 52.6765
      vertex -1.93883 -28.184 52.6765
    endloop
  endfacet
  facet normal 0.0348574 0 -0.999392
    outer loop
      vertex -1.93883 -28.016 52.6765
      vertex -3.24909 -28.184 52.6308
      vertex -3.24909 -28.016 52.6308
    endloop
  endfacet
  facet normal 0.00607246 0 -0.999982
    outer loop
      vertex -1.5618 -28.184 55.569
      vertex -1.49593 -28.016 55.5694
      vertex -1.49593 -28.184 55.5694
    endloop
  endfacet
  facet normal 0.00607246 0 -0.999982
    outer loop
      vertex -1.49593 -28.016 55.5694
      vertex -1.5618 -28.184 55.569
      vertex -1.5618 -28.016 55.569
    endloop
  endfacet
  facet normal -0.0583798 0 -0.998294
    outer loop
      vertex -1.49593 -28.184 55.5694
      vertex -1.43437 -28.016 55.5658
      vertex -1.43437 -28.184 55.5658
    endloop
  endfacet
  facet normal -0.0583798 0 -0.998294
    outer loop
      vertex -1.43437 -28.016 55.5658
      vertex -1.49593 -28.184 55.5694
      vertex -1.49593 -28.016 55.5694
    endloop
  endfacet
  facet normal -0.129828 0 -0.991537
    outer loop
      vertex -1.43437 -28.184 55.5658
      vertex -1.37709 -28.016 55.5583
      vertex -1.37709 -28.184 55.5583
    endloop
  endfacet
  facet normal -0.129828 0 -0.991537
    outer loop
      vertex -1.37709 -28.016 55.5583
      vertex -1.43437 -28.184 55.5658
      vertex -1.43437 -28.016 55.5658
    endloop
  endfacet
  facet normal -0.212047 0 -0.977259
    outer loop
      vertex -1.37709 -28.184 55.5583
      vertex -1.32409 -28.016 55.5468
      vertex -1.32409 -28.184 55.5468
    endloop
  endfacet
  facet normal -0.212047 0 -0.977259
    outer loop
      vertex -1.32409 -28.016 55.5468
      vertex -1.37709 -28.184 55.5583
      vertex -1.37709 -28.016 55.5583
    endloop
  endfacet
  facet normal -0.30506 0 -0.952333
    outer loop
      vertex -1.32409 -28.184 55.5468
      vertex -1.27539 -28.016 55.5312
      vertex -1.27539 -28.184 55.5312
    endloop
  endfacet
  facet normal -0.30506 0 -0.952333
    outer loop
      vertex -1.27539 -28.016 55.5312
      vertex -1.32409 -28.184 55.5468
      vertex -1.32409 -28.016 55.5468
    endloop
  endfacet
  facet normal -0.400461 0 -0.916314
    outer loop
      vertex -1.27539 -28.184 55.5312
      vertex -1.231 -28.016 55.5118
      vertex -1.231 -28.184 55.5118
    endloop
  endfacet
  facet normal -0.400461 0 -0.916314
    outer loop
      vertex -1.231 -28.016 55.5118
      vertex -1.27539 -28.184 55.5312
      vertex -1.27539 -28.016 55.5312
    endloop
  endfacet
  facet normal -0.505421 0 -0.862873
    outer loop
      vertex -1.231 -28.184 55.5118
      vertex -1.19088 -28.016 55.4883
      vertex -1.19088 -28.184 55.4883
    endloop
  endfacet
  facet normal -0.505421 0 -0.862873
    outer loop
      vertex -1.19088 -28.016 55.4883
      vertex -1.231 -28.184 55.5118
      vertex -1.231 -28.016 55.5118
    endloop
  endfacet
  facet normal -0.607458 0 -0.794352
    outer loop
      vertex -1.19088 -28.184 55.4883
      vertex -1.15505 -28.016 55.4609
      vertex -1.15505 -28.184 55.4609
    endloop
  endfacet
  facet normal -0.607458 0 -0.794352
    outer loop
      vertex -1.15505 -28.016 55.4609
      vertex -1.19088 -28.184 55.4883
      vertex -1.19088 -28.016 55.4883
    endloop
  endfacet
  facet normal -0.696965 0 -0.717105
    outer loop
      vertex -1.15505 -28.184 55.4609
      vertex -1.12336 -28.016 55.4301
      vertex -1.12336 -28.184 55.4301
    endloop
  endfacet
  facet normal -0.696965 0 -0.717105
    outer loop
      vertex -1.12336 -28.016 55.4301
      vertex -1.15505 -28.184 55.4609
      vertex -1.15505 -28.016 55.4609
    endloop
  endfacet
  facet normal -0.773335 0 -0.633997
    outer loop
      vertex -1.09565 -28.184 55.3963
      vertex -1.12336 -28.016 55.4301
      vertex -1.09565 -28.016 55.3963
    endloop
  endfacet
  facet normal -0.773335 -0 -0.633997
    outer loop
      vertex -1.12336 -28.016 55.4301
      vertex -1.09565 -28.184 55.3963
      vertex -1.12336 -28.184 55.4301
    endloop
  endfacet
  facet normal -0.839644 0 -0.543137
    outer loop
      vertex -1.07191 -28.184 55.3596
      vertex -1.09565 -28.016 55.3963
      vertex -1.07191 -28.016 55.3596
    endloop
  endfacet
  facet normal -0.839644 -0 -0.543137
    outer loop
      vertex -1.09565 -28.016 55.3963
      vertex -1.07191 -28.184 55.3596
      vertex -1.09565 -28.184 55.3963
    endloop
  endfacet
  facet normal -0.894879 0 -0.446309
    outer loop
      vertex -1.05216 -28.184 55.32
      vertex -1.07191 -28.016 55.3596
      vertex -1.05216 -28.016 55.32
    endloop
  endfacet
  facet normal -0.894879 -0 -0.446309
    outer loop
      vertex -1.07191 -28.016 55.3596
      vertex -1.05216 -28.184 55.32
      vertex -1.07191 -28.184 55.3596
    endloop
  endfacet
  facet normal -0.937466 0 -0.348076
    outer loop
      vertex -1.03638 -28.184 55.2775
      vertex -1.05216 -28.016 55.32
      vertex -1.03638 -28.016 55.2775
    endloop
  endfacet
  facet normal -0.937466 -0 -0.348076
    outer loop
      vertex -1.05216 -28.016 55.32
      vertex -1.03638 -28.184 55.2775
      vertex -1.05216 -28.184 55.32
    endloop
  endfacet
  facet normal -0.968029 0 -0.250837
    outer loop
      vertex -1.02459 -28.184 55.232
      vertex -1.03638 -28.016 55.2775
      vertex -1.02459 -28.016 55.232
    endloop
  endfacet
  facet normal -0.968029 -0 -0.250837
    outer loop
      vertex -1.03638 -28.016 55.2775
      vertex -1.02459 -28.184 55.232
      vertex -1.03638 -28.184 55.2775
    endloop
  endfacet
  facet normal -0.987178 0 -0.159624
    outer loop
      vertex -1.01678 -28.016 55.1837
      vertex -1.02459 -28.184 55.232
      vertex -1.02459 -28.016 55.232
    endloop
  endfacet
  facet normal -0.987178 0 -0.159624
    outer loop
      vertex -1.01678 -28.52 55.1837
      vertex -1.02459 -28.184 55.232
      vertex -1.01678 -28.016 55.1837
    endloop
  endfacet
  facet normal -0.987178 -0 -0.159624
    outer loop
      vertex -1.02459 -28.184 55.232
      vertex -1.01678 -28.52 55.1837
      vertex -1.02459 -28.52 55.232
    endloop
  endfacet
  facet normal -0.997225 0 -0.0744517
    outer loop
      vertex -1.01295 -28.52 55.1324
      vertex -1.01678 -28.016 55.1837
      vertex -1.01295 -28.016 55.1324
    endloop
  endfacet
  facet normal -0.997225 -0 -0.0744517
    outer loop
      vertex -1.01678 -28.016 55.1837
      vertex -1.01295 -28.52 55.1324
      vertex -1.01678 -28.52 55.1837
    endloop
  endfacet
  facet normal -0.999988 0 0.00486376
    outer loop
      vertex -1.0132 -28.52 55.081
      vertex -1.01295 -28.016 55.1324
      vertex -1.0132 -28.016 55.081
    endloop
  endfacet
  facet normal -0.999988 0 0.00486376
    outer loop
      vertex -1.01295 -28.016 55.1324
      vertex -1.0132 -28.52 55.081
      vertex -1.01295 -28.52 55.1324
    endloop
  endfacet
  facet normal -0.995942 0 0.0900021
    outer loop
      vertex -1.01761 -28.52 55.0322
      vertex -1.0132 -28.016 55.081
      vertex -1.01761 -28.016 55.0322
    endloop
  endfacet
  facet normal -0.995942 0 0.0900021
    outer loop
      vertex -1.0132 -28.016 55.081
      vertex -1.01761 -28.52 55.0322
      vertex -1.0132 -28.52 55.081
    endloop
  endfacet
  facet normal 0.0347463 0 -0.999396
    outer loop
      vertex -2.03926 -28.184 55.5524
      vertex -1.5618 -28.016 55.569
      vertex -1.5618 -28.184 55.569
    endloop
  endfacet
  facet normal 0.0347463 0 -0.999396
    outer loop
      vertex -1.5618 -28.016 55.569
      vertex -2.03926 -28.184 55.5524
      vertex -2.03926 -28.016 55.5524
    endloop
  endfacet
  facet normal 0.0348801 0 -0.999392
    outer loop
      vertex -5.93024 -28.184 55.4387
      vertex -4.05925 -28.016 55.504
      vertex -4.05925 -28.184 55.504
    endloop
  endfacet
  facet normal 0.0348801 0 -0.999392
    outer loop
      vertex -4.05925 -28.016 55.504
      vertex -5.93024 -28.184 55.4387
      vertex -5.93024 -28.016 55.4387
    endloop
  endfacet
  facet normal 0.034889 0 -0.999391
    outer loop
      vertex -7.11704 -28.184 52.4957
      vertex -3.8859 -28.016 52.6085
      vertex -3.8859 -28.184 52.6085
    endloop
  endfacet
  facet normal 0.034889 0 -0.999391
    outer loop
      vertex -3.8859 -28.016 52.6085
      vertex -7.11704 -28.184 52.4957
      vertex -7.11704 -28.016 52.4957
    endloop
  endfacet
  facet normal 0.0349072 0 -0.999391
    outer loop
      vertex -5.88139 -28.184 54.0397
      vertex -4.23803 -28.016 54.0971
      vertex -4.23803 -28.184 54.0971
    endloop
  endfacet
  facet normal 0.0349072 0 -0.999391
    outer loop
      vertex -4.23803 -28.016 54.0971
      vertex -5.88139 -28.184 54.0397
      vertex -5.88139 -28.016 54.0397
    endloop
  endfacet
  facet normal 0.0348616 0 -0.999392
    outer loop
      vertex 0.580752 -28.184 55.6383
      vertex 1.71885 -28.016 55.678
      vertex 1.71885 -28.184 55.678
    endloop
  endfacet
  facet normal 0.0348616 0 -0.999392
    outer loop
      vertex 1.71885 -28.016 55.678
      vertex 0.580752 -28.184 55.6383
      vertex 0.580752 -28.016 55.6383
    endloop
  endfacet
  facet normal 0.0348574 0 -0.999392
    outer loop
      vertex 1.81908 -28.184 52.8078
      vertex 3.12934 -28.016 52.8535
      vertex 3.12934 -28.184 52.8535
    endloop
  endfacet
  facet normal 0.0348574 0 -0.999392
    outer loop
      vertex 3.12934 -28.016 52.8535
      vertex 1.81908 -28.184 52.8078
      vertex 1.81908 -28.016 52.8078
    endloop
  endfacet
  facet normal 0.0348615 0 -0.999392
    outer loop
      vertex 3.0291 -28.184 55.7238
      vertex 4.1672 -28.016 55.7635
      vertex 4.1672 -28.184 55.7635
    endloop
  endfacet
  facet normal 0.0348615 0 -0.999392
    outer loop
      vertex 4.1672 -28.016 55.7635
      vertex 3.0291 -28.184 55.7238
      vertex 3.0291 -28.016 55.7238
    endloop
  endfacet
  facet normal 0.0348906 0 -0.999391
    outer loop
      vertex 5.67997 -28.184 53.6207
      vertex 7.15798 -28.016 53.6723
      vertex 7.15798 -28.184 53.6723
    endloop
  endfacet
  facet normal 0.0348906 0 -0.999391
    outer loop
      vertex 7.15798 -28.016 53.6723
      vertex 5.67997 -28.184 53.6207
      vertex 5.67997 -28.016 53.6207
    endloop
  endfacet
  facet normal -0.920338 0 -0.391123
    outer loop
      vertex 7.44195 -28.184 53.0041
      vertex 7.15798 -28.016 53.6723
      vertex 7.44195 -28.016 53.0041
    endloop
  endfacet
  facet normal -0.920338 -0 -0.391123
    outer loop
      vertex 7.15798 -28.016 53.6723
      vertex 7.44195 -28.184 53.0041
      vertex 7.15798 -28.184 53.6723
    endloop
  endfacet
  facet normal 0.0349437 0 -0.999389
    outer loop
      vertex 7.44195 -28.184 53.0041
      vertex 8.53447 -28.016 53.0423
      vertex 8.53447 -28.184 53.0423
    endloop
  endfacet
  facet normal 0.0349437 0 -0.999389
    outer loop
      vertex 8.53447 -28.016 53.0423
      vertex 7.44195 -28.184 53.0041
      vertex 7.44195 -28.016 53.0041
    endloop
  endfacet
  facet normal 0.901741 -0 0.432278
    outer loop
      vertex 6.983 -28.184 56.2787
      vertex 8.53447 -28.016 53.0423
      vertex 6.983 -28.016 56.2787
    endloop
  endfacet
  facet normal 0.901741 0 0.432278
    outer loop
      vertex 8.53447 -28.016 53.0423
      vertex 6.983 -28.184 56.2787
      vertex 8.53447 -28.184 53.0423
    endloop
  endfacet
  facet normal -0.929693 0 0.368336
    outer loop
      vertex 4.37301 -28.184 52.897
      vertex 5.69498 -28.016 56.2337
      vertex 4.37301 -28.016 52.897
    endloop
  endfacet
  facet normal -0.929693 0 0.368336
    outer loop
      vertex 5.69498 -28.016 56.2337
      vertex 4.37301 -28.184 52.897
      vertex 5.69498 -28.184 56.2337
    endloop
  endfacet
  facet normal 0.0348295 0 -0.999393
    outer loop
      vertex 4.37301 -28.184 52.897
      vertex 5.44329 -28.016 52.9343
      vertex 5.44329 -28.184 52.9343
    endloop
  endfacet
  facet normal 0.0348295 0 -0.999393
    outer loop
      vertex 5.44329 -28.016 52.9343
      vertex 4.37301 -28.184 52.897
      vertex 4.37301 -28.016 52.897
    endloop
  endfacet
  facet normal 0.945377 0 -0.325979
    outer loop
      vertex 5.67997 -28.184 53.6207
      vertex 5.44329 -28.016 52.9343
      vertex 5.67997 -28.016 53.6207
    endloop
  endfacet
  facet normal 0.945377 0 -0.325979
    outer loop
      vertex 5.44329 -28.016 52.9343
      vertex 5.67997 -28.184 53.6207
      vertex 5.44329 -28.184 52.9343
    endloop
  endfacet
  facet normal 0.945405 0 -0.325899
    outer loop
      vertex 6.0866 -28.52 54.5799
      vertex 6.01676 -28.006 54.3773
      vertex 6.0866 -28.006 54.5799
    endloop
  endfacet
  facet normal 0.945405 0 -0.325899
    outer loop
      vertex 6.01676 -28.006 54.3773
      vertex 6.0866 -28.52 54.5799
      vertex 6.01676 -28.52 54.3773
    endloop
  endfacet
  facet normal 0 0 0
    outer loop
      vertex 6.0866 -28.006 54.5799
      vertex 6.0866 -28.016 54.5799
      vertex 6.0866 -28.52 54.5799
    endloop
  endfacet
  facet normal -0.0351254 0 0.999383
    outer loop
      vertex 6.00978 -28.174 54.5772
      vertex 6.0866 -28.016 54.5799
      vertex 6.00978 -28.016 54.5772
    endloop
  endfacet
  facet normal -0.0351254 0 0.999383
    outer loop
      vertex 6.0866 -28.016 54.5799
      vertex 6.00978 -28.174 54.5772
      vertex 6.0866 -28.52 54.5799
    endloop
  endfacet
  facet normal -0.0351254 0 0.999383
    outer loop
      vertex 6.0866 -28.52 54.5799
      vertex 6.00978 -28.174 54.5772
      vertex 6.00978 -28.52 54.5772
    endloop
  endfacet
  facet normal 0.945379 -0.000108871 -0.325975
    outer loop
      vertex 6.35183 -28.016 55.5692
      vertex 6.07962 -28.174 54.7798
      vertex 6.00978 -28.016 54.5772
    endloop
  endfacet
  facet normal 0.945372 0 -0.325994
    outer loop
      vertex 6.35183 -28.184 55.5692
      vertex 6.07962 -28.174 54.7798
      vertex 6.35183 -28.016 55.5692
    endloop
  endfacet
  facet normal 0.945372 0 -0.325994
    outer loop
      vertex 6.07962 -28.174 54.7798
      vertex 6.35183 -28.184 55.5692
      vertex 6.07962 -28.184 54.7798
    endloop
  endfacet
  facet normal 0.945405 0 -0.325899
    outer loop
      vertex 6.00978 -28.016 54.5772
      vertex 6.07962 -28.174 54.7798
      vertex 6.00978 -28.174 54.5772
    endloop
  endfacet
  facet normal -0.920348 0 -0.391101
    outer loop
      vertex 6.67845 -28.174 54.8007
      vertex 6.76225 -28.016 54.6035
      vertex 6.76225 -28.174 54.6035
    endloop
  endfacet
  facet normal -0.920332 -5.52752e-05 -0.391139
    outer loop
      vertex 6.76225 -28.016 54.6035
      vertex 6.67845 -28.174 54.8007
      vertex 6.35183 -28.016 55.5692
    endloop
  endfacet
  facet normal -0.920328 0 -0.391148
    outer loop
      vertex 6.35183 -28.184 55.5692
      vertex 6.67845 -28.174 54.8007
      vertex 6.67845 -28.184 54.8007
    endloop
  endfacet
  facet normal -0.920328 0 -0.391148
    outer loop
      vertex 6.67845 -28.174 54.8007
      vertex 6.35183 -28.184 55.5692
      vertex 6.35183 -28.016 55.5692
    endloop
  endfacet
  facet normal 0 0 1
    outer loop
      vertex 6.68543 -28.006 54.6008
      vertex 6.68542 -28.006 54.6008
      vertex 6.68543 -28.016 54.6008
    endloop
  endfacet
  facet normal -0.0351254 0 0.999383
    outer loop
      vertex 6.68543 -28.016 54.6008
      vertex 6.76225 -28.174 54.6035
      vertex 6.76225 -28.016 54.6035
    endloop
  endfacet
  facet normal -0.035124 6.96904e-07 0.999383
    outer loop
      vertex 6.68542 -28.52 54.6008
      vertex 6.76225 -28.174 54.6035
      vertex 6.68543 -28.016 54.6008
    endloop
  endfacet
  facet normal -0.0351208 0 0.999383
    outer loop
      vertex 6.76225 -28.174 54.6035
      vertex 6.68542 -28.52 54.6008
      vertex 6.76225 -28.52 54.6035
    endloop
  endfacet
  facet normal 0 0 1
    outer loop
      vertex 6.68542 -28.52 54.6008
      vertex 6.68543 -28.016 54.6008
      vertex 6.68542 -28.006 54.6008
    endloop
  endfacet
  facet normal -0.920331 0 -0.391141
    outer loop
      vertex 6.76923 -28.52 54.4036
      vertex 6.68542 -28.006 54.6008
      vertex 6.76923 -28.006 54.4036
    endloop
  endfacet
  facet normal -0.920331 -0 -0.391141
    outer loop
      vertex 6.68542 -28.006 54.6008
      vertex 6.76923 -28.52 54.4036
      vertex 6.68542 -28.52 54.6008
    endloop
  endfacet
  facet normal 0 1 0
    outer loop
      vertex 6.67845 -28.174 54.8007
      vertex 6.76225 -28.174 54.6035
      vertex 6.67844 -28.174 54.8007
    endloop
  endfacet
  facet normal -0 1 0
    outer loop
      vertex -0.284494 -28.174 53.9865
      vertex -0.284492 -28.174 53.9865
      vertex -0.293346 -28.174 53.9803
    endloop
  endfacet
  facet normal 0 1 0
    outer loop
      vertex 0.266122 -28.174 54.979
      vertex 0.266119 -28.174 54.979
      vertex 0.247364 -28.174 55.0448
    endloop
  endfacet
  facet normal 0 1 0
    outer loop
      vertex 12.6272 -28.174 53.3853
      vertex 12.6271 -28.174 53.3853
      vertex 11.547 -28.174 54.7234
    endloop
  endfacet
  facet normal 0 1 0
    outer loop
      vertex -7.85151 -28.174 54.2169
      vertex -7.85151 -28.174 54.2168
      vertex -7.85699 -28.174 54.2452
    endloop
  endfacet
  facet normal 0 -1 -0
    outer loop
      vertex 4.53381 -28.352 53.3028
      vertex 4.45341 -28.352 53.0999
      vertex 5.43631 -28.352 53.1342
    endloop
  endfacet
  facet normal 0 -1 0
    outer loop
      vertex 4.45341 -28.352 53.0999
      vertex 4.53381 -28.352 53.3028
      vertex 5.69498 -28.352 56.2337
    endloop
  endfacet
  facet normal 0 -1 0
    outer loop
      vertex 6.78319 -28.352 54.0039
      vertex 7.14402 -28.352 54.0721
      vertex 6.75989 -28.352 54.0587
    endloop
  endfacet
  facet normal 0 -1 0
    outer loop
      vertex 7.151 -28.352 53.8722
      vertex 6.78319 -28.352 54.0039
      vertex 6.03072 -28.352 53.9776
    endloop
  endfacet
  facet normal 0 -1 0
    outer loop
      vertex 7.151 -28.352 53.8722
      vertex 7.14402 -28.352 54.0721
      vertex 6.78319 -28.352 54.0039
    endloop
  endfacet
  facet normal 0 -1 0
    outer loop
      vertex 7.151 -28.352 53.8722
      vertex 7.42799 -28.352 53.4039
      vertex 7.14402 -28.352 54.0721
    endloop
  endfacet
  facet normal 0 -1 -0
    outer loop
      vertex 8.34575 -28.352 53.4359
      vertex 7.43497 -28.352 53.204
      vertex 8.44011 -28.352 53.2391
    endloop
  endfacet
  facet normal 0 -1 0
    outer loop
      vertex 7.43497 -28.352 53.204
      vertex 7.42799 -28.352 53.4039
      vertex 7.151 -28.352 53.8722
    endloop
  endfacet
  facet normal 0 -1 0
    outer loop
      vertex 5.66601 -28.352 54.0205
      vertex 6.03072 -28.352 53.9776
      vertex 6.05013 -28.352 54.0339
    endloop
  endfacet
  facet normal 0 -1 -0
    outer loop
      vertex 6.03072 -28.352 53.9776
      vertex 5.67299 -28.352 53.8206
      vertex 7.151 -28.352 53.8722
    endloop
  endfacet
  facet normal 0 -1 0
    outer loop
      vertex 5.66601 -28.352 54.0205
      vertex 5.67299 -28.352 53.8206
      vertex 6.03072 -28.352 53.9776
    endloop
  endfacet
  facet normal 0 -1 0
    outer loop
      vertex 5.42933 -28.352 53.3341
      vertex 5.67299 -28.352 53.8206
      vertex 5.66601 -28.352 54.0205
    endloop
  endfacet
  facet normal 0 -1 0
    outer loop
      vertex 5.42933 -28.352 53.3341
      vertex 5.43631 -28.352 53.1342
      vertex 5.67299 -28.352 53.8206
    endloop
  endfacet
  facet normal 0 -1 0
    outer loop
      vertex 5.43631 -28.352 53.1342
      vertex 5.42933 -28.352 53.3341
      vertex 4.53381 -28.352 53.3028
    endloop
  endfacet
  facet normal 0 -1 0
    outer loop
      vertex 8.34575 -28.352 53.4359
      vertex 8.44011 -28.352 53.2391
      vertex 6.983 -28.352 56.2787
    endloop
  endfacet
  facet normal 0 -1 0
    outer loop
      vertex 7.43497 -28.352 53.204
      vertex 8.34575 -28.352 53.4359
      vertex 7.42799 -28.352 53.4039
    endloop
  endfacet
  facet normal 0 -1 0
    outer loop
      vertex 5.99582 -28.352 54.977
      vertex 6.34485 -28.352 55.7691
      vertex 6.33787 -28.352 55.969
    endloop
  endfacet
  facet normal 0 -1 0
    outer loop
      vertex 6.34485 -28.352 55.7691
      vertex 5.99582 -28.352 54.977
      vertex 6.07264 -28.352 54.9796
    endloop
  endfacet
  facet normal 0 -1 0
    outer loop
      vertex 6.34485 -28.352 55.7691
      vertex 6.74829 -28.352 55.0032
      vertex 6.33787 -28.352 55.969
    endloop
  endfacet
  facet normal 0 -1 0
    outer loop
      vertex 6.34485 -28.352 55.7691
      vertex 6.67146 -28.352 55.0006
      vertex 6.74829 -28.352 55.0032
    endloop
  endfacet
  facet normal -0 1 -0
    outer loop
      vertex 6.67146 -28.352 55.0006
      vertex 6.34485 -28.352 55.7691
      vertex 6.75527 -28.352 54.8034
    endloop
  endfacet
  facet normal 0 1 0
    outer loop
      vertex 6.34485 -28.352 55.7691
      vertex 6.07264 -28.352 54.9796
      vertex 6.0028 -28.352 54.7771
    endloop
  endfacet
  facet normal 0 -1 0
    outer loop
      vertex -21.0925 -28.352 53.9587
      vertex -21.0843 -28.352 53.9471
      vertex -21.0995 -28.352 54.1586
    endloop
  endfacet
  facet normal 0 -1 0
    outer loop
      vertex -21.0774 -28.352 53.7472
      vertex -21.0843 -28.352 53.9471
      vertex -21.0925 -28.352 53.9587
    endloop
  endfacet
  facet normal 0 -1 0
    outer loop
      vertex -21.0843 -28.352 53.9471
      vertex -21.0774 -28.352 53.7472
      vertex -21.0539 -28.352 53.7482
    endloop
  endfacet
  facet normal 0 -1 0
    outer loop
      vertex -21.0774 -28.352 53.7472
      vertex -21.0083 -28.352 53.562
      vertex -21.0539 -28.352 53.7482
    endloop
  endfacet
  facet normal 0 -1 0
    outer loop
      vertex -21.047 -28.352 53.5483
      vertex -21.0083 -28.352 53.562
      vertex -21.0774 -28.352 53.7472
    endloop
  endfacet
  facet normal 0 -1 0
    outer loop
      vertex -21.047 -28.352 53.5483
      vertex -20.9476 -28.352 53.3885
      vertex -21.0083 -28.352 53.562
    endloop
  endfacet
  facet normal 0 -1 0
    outer loop
      vertex -21.0014 -28.352 53.3621
      vertex -20.9476 -28.352 53.3885
      vertex -21.047 -28.352 53.5483
    endloop
  endfacet
  facet normal 0 -1 0
    outer loop
      vertex -21.0014 -28.352 53.3621
      vertex -20.8716 -28.352 53.2277
      vertex -20.9476 -28.352 53.3885
    endloop
  endfacet
  facet normal 0 -1 0
    outer loop
      vertex -20.9406 -28.352 53.1886
      vertex -20.8716 -28.352 53.2277
      vertex -21.0014 -28.352 53.3621
    endloop
  endfacet
  facet normal 0 -1 0
    outer loop
      vertex -20.9406 -28.352 53.1886
      vertex -20.7804 -28.352 53.0796
      vertex -20.8716 -28.352 53.2277
    endloop
  endfacet
  facet normal 0 -1 0
    outer loop
      vertex -20.8646 -28.352 53.0278
      vertex -20.7804 -28.352 53.0796
      vertex -20.9406 -28.352 53.1886
    endloop
  endfacet
  facet normal 0 -1 0
    outer loop
      vertex -20.7735 -28.352 52.8797
      vertex -20.7804 -28.352 53.0796
      vertex -20.8646 -28.352 53.0278
    endloop
  endfacet
  facet normal 0 -1 0
    outer loop
      vertex -20.7804 -28.352 53.0796
      vertex -20.7735 -28.352 52.8797
      vertex -20.6741 -28.352 52.9442
    endloop
  endfacet
  facet normal 0 -1 0
    outer loop
      vertex -20.6671 -28.352 52.7443
      vertex -20.6741 -28.352 52.9442
      vertex -20.7735 -28.352 52.8797
    endloop
  endfacet
  facet normal 0 -1 0
    outer loop
      vertex -20.6741 -28.352 52.9442
      vertex -20.6671 -28.352 52.7443
      vertex -20.5526 -28.352 52.8214
    endloop
  endfacet
  facet normal 0 -1 0
    outer loop
      vertex -20.5456 -28.352 52.6215
      vertex -20.5526 -28.352 52.8214
      vertex -20.6671 -28.352 52.7443
    endloop
  endfacet
  facet normal 0 -1 0
    outer loop
      vertex -20.5526 -28.352 52.8214
      vertex -20.5456 -28.352 52.6215
      vertex -20.4175 -28.352 52.7128
    endloop
  endfacet
  facet normal 0 -1 0
    outer loop
      vertex -20.4106 -28.352 52.5129
      vertex -20.4175 -28.352 52.7128
      vertex -20.5456 -28.352 52.6215
    endloop
  endfacet
  facet normal 0 -1 0
    outer loop
      vertex -20.4175 -28.352 52.7128
      vertex -20.4106 -28.352 52.5129
      vertex -20.2707 -28.352 52.6197
    endloop
  endfacet
  facet normal 0 -1 0
    outer loop
      vertex -20.2637 -28.352 52.4198
      vertex -20.2707 -28.352 52.6197
      vertex -20.4106 -28.352 52.5129
    endloop
  endfacet
  facet normal 0 -1 0
    outer loop
      vertex -20.2707 -28.352 52.6197
      vertex -20.2637 -28.352 52.4198
      vertex -20.1121 -28.352 52.5421
    endloop
  endfacet
  facet normal 0 -1 0
    outer loop
      vertex -20.1051 -28.352 52.3422
      vertex -20.1121 -28.352 52.5421
      vertex -20.2637 -28.352 52.4198
    endloop
  endfacet
  facet normal 0 -1 0
    outer loop
      vertex -20.1121 -28.352 52.5421
      vertex -20.1051 -28.352 52.3422
      vertex -19.9417 -28.352 52.4801
    endloop
  endfacet
  facet normal 0 -1 0
    outer loop
      vertex -19.9347 -28.352 52.2802
      vertex -19.9417 -28.352 52.4801
      vertex -20.1051 -28.352 52.3422
    endloop
  endfacet
  facet normal 0 -1 0
    outer loop
      vertex -19.9417 -28.352 52.4801
      vertex -19.9347 -28.352 52.2802
      vertex -19.7595 -28.352 52.4335
    endloop
  endfacet
  facet normal 0 -1 0
    outer loop
      vertex -19.7525 -28.352 52.2337
      vertex -19.7595 -28.352 52.4335
      vertex -19.9347 -28.352 52.2802
    endloop
  endfacet
  facet normal 0 -1 0
    outer loop
      vertex -17.3136 -28.352 54.0787
      vertex -17.3062 -28.352 54.0909
      vertex -17.3132 -28.352 54.2908
    endloop
  endfacet
  facet normal 0 -1 0
    outer loop
      vertex -17.3136 -28.352 54.0787
      vertex -17.3066 -28.352 53.8788
      vertex -17.3062 -28.352 54.0909
    endloop
  endfacet
  facet normal 0 -1 0
    outer loop
      vertex -17.3301 -28.352 53.8782
      vertex -17.3066 -28.352 53.8788
      vertex -17.3136 -28.352 54.0787
    endloop
  endfacet
  facet normal 0 -1 0
    outer loop
      vertex -17.3625 -28.352 53.6893
      vertex -17.3066 -28.352 53.8788
      vertex -17.3301 -28.352 53.8782
    endloop
  endfacet
  facet normal 0 -1 0
    outer loop
      vertex -17.3625 -28.352 53.6893
      vertex -17.3231 -28.352 53.6783
      vertex -17.3066 -28.352 53.8788
    endloop
  endfacet
  facet normal 0 -1 0
    outer loop
      vertex -17.4111 -28.352 53.512
      vertex -17.3231 -28.352 53.6783
      vertex -17.3625 -28.352 53.6893
    endloop
  endfacet
  facet normal 0 -1 0
    outer loop
      vertex -17.4111 -28.352 53.512
      vertex -17.3556 -28.352 53.4894
      vertex -17.3231 -28.352 53.6783
    endloop
  endfacet
  facet normal 0 -1 0
    outer loop
      vertex -17.4756 -28.352 53.3463
      vertex -17.3556 -28.352 53.4894
      vertex -17.4111 -28.352 53.512
    endloop
  endfacet
  facet normal 0 -1 0
    outer loop
      vertex -17.4756 -28.352 53.3463
      vertex -17.4041 -28.352 53.3121
      vertex -17.3556 -28.352 53.4894
    endloop
  endfacet
  facet normal 0 -1 0
    outer loop
      vertex -17.5562 -28.352 53.1922
      vertex -17.4041 -28.352 53.3121
      vertex -17.4756 -28.352 53.3463
    endloop
  endfacet
  facet normal 0 -1 0
    outer loop
      vertex -17.5562 -28.352 53.1922
      vertex -17.4686 -28.352 53.1464
      vertex -17.4041 -28.352 53.3121
    endloop
  endfacet
  facet normal 0 -1 0
    outer loop
      vertex -17.5493 -28.352 52.9923
      vertex -17.5562 -28.352 53.1922
      vertex -17.6529 -28.352 53.0497
    endloop
  endfacet
  facet normal 0 -1 0
    outer loop
      vertex -17.5562 -28.352 53.1922
      vertex -17.5493 -28.352 52.9923
      vertex -17.4686 -28.352 53.1464
    endloop
  endfacet
  facet normal 0 -1 0
    outer loop
      vertex -17.6459 -28.352 52.8498
      vertex -17.6529 -28.352 53.0497
      vertex -17.7656 -28.352 52.9187
    endloop
  endfacet
  facet normal 0 -1 0
    outer loop
      vertex -17.6529 -28.352 53.0497
      vertex -17.6459 -28.352 52.8498
      vertex -17.5493 -28.352 52.9923
    endloop
  endfacet
  facet normal 0 -1 0
    outer loop
      vertex -17.7586 -28.352 52.7189
      vertex -17.7656 -28.352 52.9187
      vertex -17.8927 -28.352 52.801
    endloop
  endfacet
  facet normal 0 -1 0
    outer loop
      vertex -17.7656 -28.352 52.9187
      vertex -17.7586 -28.352 52.7189
      vertex -17.6459 -28.352 52.8498
    endloop
  endfacet
  facet normal 0 -1 0
    outer loop
      vertex -17.8857 -28.352 52.6011
      vertex -17.8927 -28.352 52.801
      vertex -18.0326 -28.352 52.6978
    endloop
  endfacet
  facet normal 0 -1 0
    outer loop
      vertex -18.0257 -28.352 52.498
      vertex -18.0326 -28.352 52.6978
      vertex -18.1854 -28.352 52.6094
    endloop
  endfacet
  facet normal 0 -1 0
    outer loop
      vertex -17.8927 -28.352 52.801
      vertex -17.8857 -28.352 52.6011
      vertex -17.7586 -28.352 52.7189
    endloop
  endfacet
  facet normal 0 -1 0
    outer loop
      vertex -18.1785 -28.352 52.4095
      vertex -18.1854 -28.352 52.6094
      vertex -18.3511 -28.352 52.5356
    endloop
  endfacet
  facet normal 0 -1 0
    outer loop
      vertex -18.0326 -28.352 52.6978
      vertex -18.0257 -28.352 52.498
      vertex -17.8857 -28.352 52.6011
    endloop
  endfacet
  facet normal 0 -1 0
    outer loop
      vertex -18.3441 -28.352 52.3357
      vertex -18.3511 -28.352 52.5356
      vertex -18.5296 -28.352 52.4765
    endloop
  endfacet
  facet normal 0 -1 0
    outer loop
      vertex -18.5226 -28.352 52.2766
      vertex -18.5296 -28.352 52.4765
      vertex -18.7209 -28.352 52.432
    endloop
  endfacet
  facet normal 0 -1 0
    outer loop
      vertex -18.1854 -28.352 52.6094
      vertex -18.1785 -28.352 52.4095
      vertex -18.0257 -28.352 52.498
    endloop
  endfacet
  facet normal 0 -1 0
    outer loop
      vertex -18.714 -28.352 52.2322
      vertex -18.7209 -28.352 52.432
      vertex -18.9251 -28.352 52.4022
    endloop
  endfacet
  facet normal 0 -1 0
    outer loop
      vertex -18.9182 -28.352 52.2023
      vertex -18.9251 -28.352 52.4022
      vertex -19.1422 -28.352 52.3871
    endloop
  endfacet
  facet normal 0 -1 0
    outer loop
      vertex -19.7595 -28.352 52.4335
      vertex -19.7525 -28.352 52.2337
      vertex -19.5655 -28.352 52.4025
    endloop
  endfacet
  facet normal 0 -1 0
    outer loop
      vertex -19.5585 -28.352 52.2027
      vertex -19.5655 -28.352 52.4025
      vertex -19.7525 -28.352 52.2337
    endloop
  endfacet
  facet normal -0 -1 0
    outer loop
      vertex -18.9182 -28.352 52.2023
      vertex -19.1422 -28.352 52.3871
      vertex -19.1352 -28.352 52.1872
    endloop
  endfacet
  facet normal 0 -1 0
    outer loop
      vertex -19.5655 -28.352 52.4025
      vertex -19.5585 -28.352 52.2027
      vertex -19.3598 -28.352 52.387
    endloop
  endfacet
  facet normal 0 -1 0
    outer loop
      vertex -18.7209 -28.352 52.432
      vertex -18.714 -28.352 52.2322
      vertex -18.5226 -28.352 52.2766
    endloop
  endfacet
  facet normal 0 -1 0
    outer loop
      vertex -19.3528 -28.352 52.1872
      vertex -19.3598 -28.352 52.387
      vertex -19.5585 -28.352 52.2027
    endloop
  endfacet
  facet normal 0 -1 0
    outer loop
      vertex -18.3511 -28.352 52.5356
      vertex -18.3441 -28.352 52.3357
      vertex -18.1785 -28.352 52.4095
    endloop
  endfacet
  facet normal 0 -1 0
    outer loop
      vertex -19.3598 -28.352 52.387
      vertex -19.3528 -28.352 52.1872
      vertex -19.1422 -28.352 52.3871
    endloop
  endfacet
  facet normal 0 -1 0
    outer loop
      vertex -18.5296 -28.352 52.4765
      vertex -18.5226 -28.352 52.2766
      vertex -18.3441 -28.352 52.3357
    endloop
  endfacet
  facet normal 0 -1 0
    outer loop
      vertex -18.9251 -28.352 52.4022
      vertex -18.9182 -28.352 52.2023
      vertex -18.714 -28.352 52.2322
    endloop
  endfacet
  facet normal 0 -1 -0
    outer loop
      vertex -19.1422 -28.352 52.3871
      vertex -19.3528 -28.352 52.1872
      vertex -19.1352 -28.352 52.1872
    endloop
  endfacet
  facet normal 0 -1 0
    outer loop
      vertex 1.80512 -28.352 53.2075
      vertex 3.12236 -28.352 53.0534
      vertex 3.11538 -28.352 53.2533
    endloop
  endfacet
  facet normal -0 -1 0
    outer loop
      vertex 3.12236 -28.352 53.0534
      vertex 1.80512 -28.352 53.2075
      vertex 1.8121 -28.352 53.0076
    endloop
  endfacet
  facet normal 0 -1 0
    outer loop
      vertex 0.566792 -28.352 56.0381
      vertex 1.71187 -28.352 55.8779
      vertex 1.70489 -28.352 56.0778
    endloop
  endfacet
  facet normal -0 -1 0
    outer loop
      vertex 1.71187 -28.352 55.8779
      vertex 0.566792 -28.352 56.0381
      vertex 0.573772 -28.352 55.8382
    endloop
  endfacet
  facet normal 0 -1 0
    outer loop
      vertex 3.01514 -28.352 56.1236
      vertex 4.16022 -28.352 55.9634
      vertex 4.15324 -28.352 56.1633
    endloop
  endfacet
  facet normal -0 -1 0
    outer loop
      vertex 4.16022 -28.352 55.9634
      vertex 3.01514 -28.352 56.1236
      vertex 3.02212 -28.352 55.9237
    endloop
  endfacet
  facet normal 0 -1 0
    outer loop
      vertex -5.8934 -28.352 54.3838
      vertex -4.24501 -28.352 54.2969
      vertex -4.25004 -28.352 54.4412
    endloop
  endfacet
  facet normal -0 -1 0
    outer loop
      vertex -4.24501 -28.352 54.2969
      vertex -5.8934 -28.352 54.3838
      vertex -5.88837 -28.352 54.2396
    endloop
  endfacet
  facet normal 0 -1 -0
    outer loop
      vertex -5.843 -28.352 52.9404
      vertex -7.131 -28.352 52.8955
      vertex -5.84261 -28.352 52.9293
    endloop
  endfacet
  facet normal 0 -1 0
    outer loop
      vertex -5.84261 -28.352 52.9293
      vertex -3.89288 -28.352 52.8084
      vertex -3.89947 -28.352 52.9972
    endloop
  endfacet
  facet normal 0 -1 0
    outer loop
      vertex -7.12402 -28.352 52.6956
      vertex -5.84261 -28.352 52.9293
      vertex -7.131 -28.352 52.8955
    endloop
  endfacet
  facet normal 0 -1 -0
    outer loop
      vertex -5.84261 -28.352 52.9293
      vertex -7.12402 -28.352 52.6956
      vertex -3.89288 -28.352 52.8084
    endloop
  endfacet
  facet normal 0 -1 0
    outer loop
      vertex -5.94381 -28.352 55.8273
      vertex -4.06623 -28.352 55.7039
      vertex -4.07282 -28.352 55.8926
    endloop
  endfacet
  facet normal -0 -1 0
    outer loop
      vertex -4.06623 -28.352 55.7039
      vertex -5.94381 -28.352 55.8273
      vertex -5.93722 -28.352 55.6386
    endloop
  endfacet
  facet normal 0 -1 0
    outer loop
      vertex 0.232891 -28.352 55.0802
      vertex 0.247364 -28.352 55.0448
      vertex 0.191523 -28.352 55.1814
    endloop
  endfacet
  facet normal 0 -1 0
    outer loop
      vertex 0.227754 -28.352 55.062
      vertex 0.247364 -28.352 55.0448
      vertex 0.232891 -28.352 55.0802
    endloop
  endfacet
  facet normal 0 -1 0
    outer loop
      vertex 0.193706 -28.352 54.9698
      vertex 0.247364 -28.352 55.0448
      vertex 0.227754 -28.352 55.062
    endloop
  endfacet
  facet normal 0 -1 -0
    outer loop
      vertex 0.247364 -28.352 55.0448
      vertex 0.193706 -28.352 54.9698
      vertex 0.266122 -28.352 54.979
    endloop
  endfacet
  facet normal 0 -1 0
    outer loop
      vertex 0.193706 -28.352 54.9698
      vertex 0.26186 -28.352 54.958
      vertex 0.266122 -28.352 54.979
    endloop
  endfacet
  facet normal 0 -1 0
    outer loop
      vertex 0.234735 -28.352 54.8621
      vertex 0.193706 -28.352 54.9698
      vertex 0.152767 -28.352 54.8812
    endloop
  endfacet
  facet normal 0 -1 0
    outer loop
      vertex 0.193706 -28.352 54.9698
      vertex 0.234735 -28.352 54.8621
      vertex 0.26186 -28.352 54.958
    endloop
  endfacet
  facet normal 0 -1 0
    outer loop
      vertex 0.200687 -28.352 54.7699
      vertex 0.152767 -28.352 54.8812
      vertex 0.104936 -28.352 54.7962
    endloop
  endfacet
  facet normal 0 -1 0
    outer loop
      vertex 0.152767 -28.352 54.8812
      vertex 0.200687 -28.352 54.7699
      vertex 0.234735 -28.352 54.8621
    endloop
  endfacet
  facet normal 0 -1 0
    outer loop
      vertex 0.159747 -28.352 54.6813
      vertex 0.104936 -28.352 54.7962
      vertex 0.0507305 -28.352 54.7154
    endloop
  endfacet
  facet normal 0 -1 0
    outer loop
      vertex 0.104936 -28.352 54.7962
      vertex 0.159747 -28.352 54.6813
      vertex 0.200687 -28.352 54.7699
    endloop
  endfacet
  facet normal 0 -1 0
    outer loop
      vertex 0.111916 -28.352 54.5963
      vertex 0.0507305 -28.352 54.7154
      vertex -0.00926805 -28.352 54.6392
    endloop
  endfacet
  facet normal 0 -1 0
    outer loop
      vertex 0.0507305 -28.352 54.7154
      vertex 0.111916 -28.352 54.5963
      vertex 0.159747 -28.352 54.6813
    endloop
  endfacet
  facet normal 0 -1 0
    outer loop
      vertex 0.0577108 -28.352 54.5156
      vertex -0.00926805 -28.352 54.6392
      vertex -0.0750603 -28.352 54.5676
    endloop
  endfacet
  facet normal 0 -1 0
    outer loop
      vertex -0.00926805 -28.352 54.6392
      vertex 0.0577108 -28.352 54.5156
      vertex 0.111916 -28.352 54.5963
    endloop
  endfacet
  facet normal 0 -1 0
    outer loop
      vertex -0.00228773 -28.352 54.4393
      vertex -0.0750603 -28.352 54.5676
      vertex -0.146661 -28.352 54.5005
    endloop
  endfacet
  facet normal 0 -1 0
    outer loop
      vertex -0.0750603 -28.352 54.5676
      vertex -0.00228773 -28.352 54.4393
      vertex 0.0577108 -28.352 54.5156
    endloop
  endfacet
  facet normal 0 -1 0
    outer loop
      vertex -0.06808 -28.352 54.3677
      vertex -0.146661 -28.352 54.5005
      vertex -0.224087 -28.352 54.438
    endloop
  endfacet
  facet normal 0 -1 0
    outer loop
      vertex -0.139681 -28.352 54.3006
      vertex -0.224087 -28.352 54.438
      vertex -0.307306 -28.352 54.3801
    endloop
  endfacet
  facet normal 0 -1 0
    outer loop
      vertex -0.146661 -28.352 54.5005
      vertex -0.06808 -28.352 54.3677
      vertex -0.00228773 -28.352 54.4393
    endloop
  endfacet
  facet normal 0 -1 0
    outer loop
      vertex -0.224087 -28.352 54.438
      vertex -0.139681 -28.352 54.3006
      vertex -0.06808 -28.352 54.3677
    endloop
  endfacet
  facet normal 0 -1 0
    outer loop
      vertex -0.307306 -28.352 54.3801
      vertex -0.217106 -28.352 54.2381
      vertex -0.139681 -28.352 54.3006
    endloop
  endfacet
  facet normal 0 -1 -0
    outer loop
      vertex -0.291456 -28.352 54.1864
      vertex -0.300325 -28.352 54.1802
      vertex -0.217106 -28.352 54.2381
    endloop
  endfacet
  facet normal 0 -1 0
    outer loop
      vertex -0.395122 -28.352 54.3275
      vertex -0.291456 -28.352 54.1864
      vertex -0.217106 -28.352 54.2381
    endloop
  endfacet
  facet normal 0 -1 -0
    outer loop
      vertex -0.307306 -28.352 54.3801
      vertex -0.395122 -28.352 54.3275
      vertex -0.217106 -28.352 54.2381
    endloop
  endfacet
  facet normal 0 -1 0
    outer loop
      vertex -1.56878 -28.352 55.7689
      vertex -1.50989 -28.352 55.9692
      vertex -1.57576 -28.352 55.9688
    endloop
  endfacet
  facet normal 0 -1 0
    outer loop
      vertex -1.50989 -28.352 55.9692
      vertex -1.50291 -28.352 55.7693
      vertex -1.44833 -28.352 55.9656
    endloop
  endfacet
  facet normal 0 -1 0
    outer loop
      vertex -1.56878 -28.352 55.7689
      vertex -1.57576 -28.352 55.9688
      vertex -2.05322 -28.352 55.9521
    endloop
  endfacet
  facet normal 0 -1 -0
    outer loop
      vertex -1.50989 -28.352 55.9692
      vertex -1.56878 -28.352 55.7689
      vertex -1.50291 -28.352 55.7693
    endloop
  endfacet
  facet normal 0 -1 0
    outer loop
      vertex -1.44135 -28.352 55.7657
      vertex -1.44833 -28.352 55.9656
      vertex -1.50291 -28.352 55.7693
    endloop
  endfacet
  facet normal 0 -1 0
    outer loop
      vertex -1.44833 -28.352 55.9656
      vertex -1.44135 -28.352 55.7657
      vertex -1.39105 -28.352 55.958
    endloop
  endfacet
  facet normal 0 -1 0
    outer loop
      vertex -1.38407 -28.352 55.7582
      vertex -1.39105 -28.352 55.958
      vertex -1.44135 -28.352 55.7657
    endloop
  endfacet
  facet normal 0 -1 0
    outer loop
      vertex -1.39105 -28.352 55.958
      vertex -1.38407 -28.352 55.7582
      vertex -1.33805 -28.352 55.9465
    endloop
  endfacet
  facet normal 0 -1 0
    outer loop
      vertex -1.33107 -28.352 55.7466
      vertex -1.28935 -28.352 55.931
      vertex -1.38407 -28.352 55.7582
    endloop
  endfacet
  facet normal 0 -1 -0
    outer loop
      vertex -1.28935 -28.352 55.931
      vertex -1.33107 -28.352 55.7466
      vertex -1.24496 -28.352 55.9115
    endloop
  endfacet
  facet normal 0 -1 0
    outer loop
      vertex -1.28237 -28.352 55.7311
      vertex -1.24496 -28.352 55.9115
      vertex -1.33107 -28.352 55.7466
    endloop
  endfacet
  facet normal 0 -1 -0
    outer loop
      vertex -1.33805 -28.352 55.9465
      vertex -1.38407 -28.352 55.7582
      vertex -1.28935 -28.352 55.931
    endloop
  endfacet
  facet normal -0 -1 0
    outer loop
      vertex -1.56878 -28.352 55.7689
      vertex -2.05322 -28.352 55.9521
      vertex -2.04624 -28.352 55.7522
    endloop
  endfacet
  facet normal 0 -1 -0
    outer loop
      vertex -1.24496 -28.352 55.9115
      vertex -1.28237 -28.352 55.7311
      vertex -1.20484 -28.352 55.8881
    endloop
  endfacet
  facet normal 0 -1 -0
    outer loop
      vertex -1.20484 -28.352 55.8881
      vertex -1.28237 -28.352 55.7311
      vertex -1.16901 -28.352 55.8607
    endloop
  endfacet
  facet normal 0 -1 0
    outer loop
      vertex -1.23798 -28.352 55.7117
      vertex -1.16901 -28.352 55.8607
      vertex -1.28237 -28.352 55.7311
    endloop
  endfacet
  facet normal 0 -1 -0
    outer loop
      vertex -1.16901 -28.352 55.8607
      vertex -1.23798 -28.352 55.7117
      vertex -1.13732 -28.352 55.8298
    endloop
  endfacet
  facet normal 0 -1 -0
    outer loop
      vertex -1.13732 -28.352 55.8298
      vertex -1.23798 -28.352 55.7117
      vertex -1.10961 -28.352 55.7961
    endloop
  endfacet
  facet normal 0 -1 0
    outer loop
      vertex -1.19786 -28.352 55.6882
      vertex -1.10961 -28.352 55.7961
      vertex -1.23798 -28.352 55.7117
    endloop
  endfacet
  facet normal 0 -1 -0
    outer loop
      vertex -1.10961 -28.352 55.7961
      vertex -1.19786 -28.352 55.6882
      vertex -1.08587 -28.352 55.7594
    endloop
  endfacet
  facet normal 0 -1 0
    outer loop
      vertex -1.16203 -28.352 55.6608
      vertex -1.08587 -28.352 55.7594
      vertex -1.19786 -28.352 55.6882
    endloop
  endfacet
  facet normal 0 -1 -0
    outer loop
      vertex -1.08587 -28.352 55.7594
      vertex -1.16203 -28.352 55.6608
      vertex -1.06612 -28.352 55.7198
    endloop
  endfacet
  facet normal 0 -1 0
    outer loop
      vertex -1.13034 -28.352 55.6299
      vertex -1.06612 -28.352 55.7198
      vertex -1.16203 -28.352 55.6608
    endloop
  endfacet
  facet normal 0 -1 -0
    outer loop
      vertex -1.06612 -28.352 55.7198
      vertex -1.13034 -28.352 55.6299
      vertex -1.05034 -28.352 55.6773
    endloop
  endfacet
  facet normal 0 -1 -0
    outer loop
      vertex -1.05034 -28.352 55.6773
      vertex -1.13034 -28.352 55.6299
      vertex -1.03855 -28.352 55.6318
    endloop
  endfacet
  facet normal 0 -1 0
    outer loop
      vertex -1.10263 -28.352 55.5962
      vertex -1.03855 -28.352 55.6318
      vertex -1.13034 -28.352 55.6299
    endloop
  endfacet
  facet normal 0 -1 0
    outer loop
      vertex -1.10263 -28.352 55.5962
      vertex -1.03074 -28.352 55.5834
      vertex -1.03855 -28.352 55.6318
    endloop
  endfacet
  facet normal 0 -1 0
    outer loop
      vertex -1.07889 -28.352 55.5595
      vertex -1.03074 -28.352 55.5834
      vertex -1.10263 -28.352 55.5962
    endloop
  endfacet
  facet normal 0 -1 0
    outer loop
      vertex -1.07889 -28.352 55.5595
      vertex -1.02691 -28.352 55.5322
      vertex -1.03074 -28.352 55.5834
    endloop
  endfacet
  facet normal 0 -1 0
    outer loop
      vertex -1.05914 -28.352 55.5199
      vertex -1.02691 -28.352 55.5322
      vertex -1.07889 -28.352 55.5595
    endloop
  endfacet
  facet normal 0 -1 0
    outer loop
      vertex -1.05914 -28.352 55.5199
      vertex -1.02716 -28.352 55.4807
      vertex -1.02691 -28.352 55.5322
    endloop
  endfacet
  facet normal 0 -1 0
    outer loop
      vertex -1.04336 -28.352 55.4774
      vertex -1.02716 -28.352 55.4807
      vertex -1.05914 -28.352 55.5199
    endloop
  endfacet
  facet normal 0 -1 0
    outer loop
      vertex -1.02716 -28.352 55.4807
      vertex -1.04336 -28.352 55.4774
      vertex -1.03157 -28.352 55.4319
    endloop
  endfacet
  facet normal 0 -1 0
    outer loop
      vertex -1.98653 -28.352 54.0423
      vertex -1.97994 -28.352 53.8535
      vertex -1.62304 -28.352 53.866
    endloop
  endfacet
  facet normal 0 -1 0
    outer loop
      vertex -1.62304 -28.352 53.866
      vertex -1.62209 -28.352 54.055
      vertex -1.98653 -28.352 54.0423
    endloop
  endfacet
  facet normal 0 -1 0
    outer loop
      vertex -1.62304 -28.352 53.866
      vertex -0.936826 -28.352 53.1118
      vertex -1.62209 -28.352 54.055
    endloop
  endfacet
  facet normal 0 -1 -0
    outer loop
      vertex -0.219694 -28.352 53.1368
      vertex -0.929847 -28.352 52.9119
      vertex -0.0763325 -28.352 52.9417
    endloop
  endfacet
  facet normal 0 -1 0
    outer loop
      vertex -0.929847 -28.352 52.9119
      vertex -0.936826 -28.352 53.1118
      vertex -1.62304 -28.352 53.866
    endloop
  endfacet
  facet normal 0 -1 0
    outer loop
      vertex -0.929847 -28.352 52.9119
      vertex -0.219694 -28.352 53.1368
      vertex -0.936826 -28.352 53.1118
    endloop
  endfacet
  facet normal 0 -1 0
    outer loop
      vertex -3.26305 -28.352 53.0305
      vertex -1.94581 -28.352 52.8764
      vertex -1.95279 -28.352 53.0763
    endloop
  endfacet
  facet normal -0 -1 0
    outer loop
      vertex -1.94581 -28.352 52.8764
      vertex -3.26305 -28.352 53.0305
      vertex -3.25607 -28.352 52.8307
    endloop
  endfacet
  facet normal 0 -1 0
    outer loop
      vertex 10.4057 -28.352 54.4713
      vertex 10.693 -28.352 54.6056
      vertex 10.686 -28.352 54.8055
    endloop
  endfacet
  facet normal 0 -1 0
    outer loop
      vertex 10.693 -28.352 54.6056
      vertex 10.4057 -28.352 54.4713
      vertex 10.4126 -28.352 54.2714
    endloop
  endfacet
  facet normal 0 -1 0
    outer loop
      vertex 10.693 -28.352 54.6056
      vertex 11.7051 -28.352 53.5532
      vertex 10.686 -28.352 54.8055
    endloop
  endfacet
  facet normal 0 -1 -0
    outer loop
      vertex 12.47 -28.352 53.5799
      vertex 11.7121 -28.352 53.3534
      vertex 12.6272 -28.352 53.3853
    endloop
  endfacet
  facet normal 0 -1 0
    outer loop
      vertex 11.7121 -28.352 53.3534
      vertex 11.7051 -28.352 53.5532
      vertex 10.693 -28.352 54.6056
    endloop
  endfacet
  facet normal 0 -1 0
    outer loop
      vertex 12.47 -28.352 53.5799
      vertex 12.6272 -28.352 53.3853
      vertex 11.547 -28.352 54.7234
    endloop
  endfacet
  facet normal 0 -1 0
    outer loop
      vertex 11.7121 -28.352 53.3534
      vertex 12.47 -28.352 53.5799
      vertex 11.7051 -28.352 53.5532
    endloop
  endfacet
  facet normal 0 -1 0
    outer loop
      vertex 9.15125 -28.352 53.4641
      vertex 10.4462 -28.352 53.3092
      vertex 10.4393 -28.352 53.509
    endloop
  endfacet
  facet normal -0 -1 0
    outer loop
      vertex 10.4462 -28.352 53.3092
      vertex 9.15125 -28.352 53.4641
      vertex 9.15823 -28.352 53.2642
    endloop
  endfacet
  facet normal 0 -1 0
    outer loop
      vertex 11.5981 -28.352 55.6163
      vertex 12.1348 -28.352 56.4586
      vertex 11.5121 -28.352 55.7228
    endloop
  endfacet
  facet normal 0 -1 -0
    outer loop
      vertex 12.1348 -28.352 56.4586
      vertex 11.5981 -28.352 55.6163
      vertex 12.3163 -28.352 56.465
    endloop
  endfacet
  facet normal 0 -1 0
    outer loop
      vertex 12.3163 -28.352 56.465
      vertex 11.5981 -28.352 55.6163
      vertex 11.5191 -28.352 55.5229
    endloop
  endfacet
  facet normal 0 -1 0
    outer loop
      vertex -15.277 -28.352 54.1801
      vertex -13.7455 -28.352 52.6645
      vertex -15.284 -28.352 54.38
    endloop
  endfacet
  facet normal 0 -1 0
    outer loop
      vertex -13.7455 -28.352 52.6645
      vertex -13.7385 -28.352 52.4646
      vertex -12.6615 -28.352 52.5022
    endloop
  endfacet
  facet normal 0 -1 0
    outer loop
      vertex -13.7385 -28.352 52.4646
      vertex -13.7455 -28.352 52.6645
      vertex -15.277 -28.352 54.1801
    endloop
  endfacet
  facet normal 0 -1 -0
    outer loop
      vertex -12.6685 -28.352 52.7021
      vertex -13.7455 -28.352 52.6645
      vertex -12.6615 -28.352 52.5022
    endloop
  endfacet
  facet normal 0 -1 0
    outer loop
      vertex -16.4992 -28.352 52.5683
      vertex -15.2153 -28.352 52.413
      vertex -15.2223 -28.352 52.6129
    endloop
  endfacet
  facet normal -0 -1 0
    outer loop
      vertex -15.2153 -28.352 52.413
      vertex -16.4992 -28.352 52.5683
      vertex -16.4922 -28.352 52.3684
    endloop
  endfacet
  facet normal 0 -1 0
    outer loop
      vertex -7.88774 -28.352 54.2552
      vertex -7.85699 -28.352 54.2452
      vertex -7.87591 -28.352 54.3163
    endloop
  endfacet
  facet normal 0 -1 0
    outer loop
      vertex -7.88774 -28.352 54.2552
      vertex -7.85151 -28.352 54.2169
      vertex -7.85699 -28.352 54.2452
    endloop
  endfacet
  facet normal 0 -1 0
    outer loop
      vertex -7.88774 -28.352 54.2552
      vertex -7.855 -28.352 54.1884
      vertex -7.85151 -28.352 54.2169
    endloop
  endfacet
  facet normal 0 -1 0
    outer loop
      vertex -7.92234 -28.352 54.127
      vertex -7.855 -28.352 54.1884
      vertex -7.88774 -28.352 54.2552
    endloop
  endfacet
  facet normal 0 -1 0
    outer loop
      vertex -7.92234 -28.352 54.127
      vertex -7.88075 -28.352 54.0553
      vertex -7.855 -28.352 54.1884
    endloop
  endfacet
  facet normal 0 -1 0
    outer loop
      vertex -7.96579 -28.352 54.0036
      vertex -7.88075 -28.352 54.0553
      vertex -7.92234 -28.352 54.127
    endloop
  endfacet
  facet normal 0 -1 0
    outer loop
      vertex -7.96579 -28.352 54.0036
      vertex -7.91536 -28.352 53.9271
      vertex -7.88075 -28.352 54.0553
    endloop
  endfacet
  facet normal 0 -1 0
    outer loop
      vertex -8.01811 -28.352 53.885
      vertex -7.91536 -28.352 53.9271
      vertex -7.96579 -28.352 54.0036
    endloop
  endfacet
  facet normal 0 -1 0
    outer loop
      vertex -8.01811 -28.352 53.885
      vertex -7.95881 -28.352 53.8037
      vertex -7.91536 -28.352 53.9271
    endloop
  endfacet
  facet normal 0 -1 0
    outer loop
      vertex -8.07927 -28.352 53.7712
      vertex -7.95881 -28.352 53.8037
      vertex -8.01811 -28.352 53.885
    endloop
  endfacet
  facet normal 0 -1 0
    outer loop
      vertex -8.07927 -28.352 53.7712
      vertex -8.01113 -28.352 53.6851
      vertex -7.95881 -28.352 53.8037
    endloop
  endfacet
  facet normal 0 -1 0
    outer loop
      vertex -8.14836 -28.352 53.6628
      vertex -8.01113 -28.352 53.6851
      vertex -8.07927 -28.352 53.7712
    endloop
  endfacet
  facet normal 0 -1 0
    outer loop
      vertex -8.14836 -28.352 53.6628
      vertex -8.07229 -28.352 53.5713
      vertex -8.01113 -28.352 53.6851
    endloop
  endfacet
  facet normal 0 -1 0
    outer loop
      vertex -8.22443 -28.352 53.5605
      vertex -8.07229 -28.352 53.5713
      vertex -8.14836 -28.352 53.6628
    endloop
  endfacet
  facet normal 0 -1 0
    outer loop
      vertex -8.14138 -28.352 53.4629
      vertex -8.22443 -28.352 53.5605
      vertex -8.30748 -28.352 53.4641
    endloop
  endfacet
  facet normal 0 -1 0
    outer loop
      vertex -8.22443 -28.352 53.5605
      vertex -8.14138 -28.352 53.4629
      vertex -8.07229 -28.352 53.5713
    endloop
  endfacet
  facet normal 0 -1 0
    outer loop
      vertex -8.21745 -28.352 53.3606
      vertex -8.30748 -28.352 53.4641
      vertex -8.39752 -28.352 53.3737
    endloop
  endfacet
  facet normal 0 -1 0
    outer loop
      vertex -8.30748 -28.352 53.4641
      vertex -8.21745 -28.352 53.3606
      vertex -8.14138 -28.352 53.4629
    endloop
  endfacet
  facet normal 0 -1 0
    outer loop
      vertex -8.3005 -28.352 53.2642
      vertex -8.39752 -28.352 53.3737
      vertex -8.49454 -28.352 53.2894
    endloop
  endfacet
  facet normal 0 -1 0
    outer loop
      vertex -8.39752 -28.352 53.3737
      vertex -8.3005 -28.352 53.2642
      vertex -8.21745 -28.352 53.3606
    endloop
  endfacet
  facet normal 0 -1 0
    outer loop
      vertex -8.48756 -28.352 53.0895
      vertex -8.49454 -28.352 53.2894
      vertex -8.59854 -28.352 53.2111
    endloop
  endfacet
  facet normal 0 -1 0
    outer loop
      vertex -8.49454 -28.352 53.2894
      vertex -8.39054 -28.352 53.1739
      vertex -8.3005 -28.352 53.2642
    endloop
  endfacet
  facet normal 0 -1 0
    outer loop
      vertex -8.59156 -28.352 53.0112
      vertex -8.59854 -28.352 53.2111
      vertex -8.70953 -28.352 53.1388
    endloop
  endfacet
  facet normal 0 -1 0
    outer loop
      vertex -8.49454 -28.352 53.2894
      vertex -8.48756 -28.352 53.0895
      vertex -8.39054 -28.352 53.1739
    endloop
  endfacet
  facet normal 0 -1 0
    outer loop
      vertex -8.70255 -28.352 52.9389
      vertex -8.70953 -28.352 53.1388
      vertex -8.82751 -28.352 53.0724
    endloop
  endfacet
  facet normal 0 -1 0
    outer loop
      vertex -8.82053 -28.352 52.8726
      vertex -8.82751 -28.352 53.0724
      vertex -8.95153 -28.352 53.0128
    endloop
  endfacet
  facet normal 0 -1 0
    outer loop
      vertex -8.59854 -28.352 53.2111
      vertex -8.59156 -28.352 53.0112
      vertex -8.48756 -28.352 53.0895
    endloop
  endfacet
  facet normal 0 -1 0
    outer loop
      vertex -8.94455 -28.352 52.8129
      vertex -8.95153 -28.352 53.0128
      vertex -9.08066 -28.352 52.9603
    endloop
  endfacet
  facet normal 0 -1 0
    outer loop
      vertex -8.70953 -28.352 53.1388
      vertex -8.70255 -28.352 52.9389
      vertex -8.59156 -28.352 53.0112
    endloop
  endfacet
  facet normal 0 -1 0
    outer loop
      vertex -9.07368 -28.352 52.7604
      vertex -9.08066 -28.352 52.9603
      vertex -9.21492 -28.352 52.915
    endloop
  endfacet
  facet normal 0 -1 0
    outer loop
      vertex -9.20794 -28.352 52.7151
      vertex -9.21492 -28.352 52.915
      vertex -9.35429 -28.352 52.8769
    endloop
  endfacet
  facet normal 0 -1 0
    outer loop
      vertex -8.82751 -28.352 53.0724
      vertex -8.82053 -28.352 52.8726
      vertex -8.70255 -28.352 52.9389
    endloop
  endfacet
  facet normal 0 -1 0
    outer loop
      vertex -9.34731 -28.352 52.677
      vertex -9.35429 -28.352 52.8769
      vertex -9.49878 -28.352 52.846
    endloop
  endfacet
  facet normal 0 -1 0
    outer loop
      vertex -9.4918 -28.352 52.6461
      vertex -9.49878 -28.352 52.846
      vertex -9.64839 -28.352 52.8223
    endloop
  endfacet
  facet normal 0 -1 0
    outer loop
      vertex -8.95153 -28.352 53.0128
      vertex -8.94455 -28.352 52.8129
      vertex -8.82053 -28.352 52.8726
    endloop
  endfacet
  facet normal 0 -1 0
    outer loop
      vertex -9.64141 -28.352 52.6224
      vertex -9.64839 -28.352 52.8223
      vertex -9.8031 -28.352 52.8058
    endloop
  endfacet
  facet normal 0 -1 0
    outer loop
      vertex -9.79612 -28.352 52.606
      vertex -9.8031 -28.352 52.8058
      vertex -9.96293 -28.352 52.7966
    endloop
  endfacet
  facet normal 0 -1 0
    outer loop
      vertex -9.08066 -28.352 52.9603
      vertex -9.07368 -28.352 52.7604
      vertex -8.94455 -28.352 52.8129
    endloop
  endfacet
  facet normal 0 -1 0
    outer loop
      vertex -9.95595 -28.352 52.5967
      vertex -9.96293 -28.352 52.7966
      vertex -11.8783 -28.352 52.7297
    endloop
  endfacet
  facet normal -0 -1 0
    outer loop
      vertex -9.79612 -28.352 52.606
      vertex -9.96293 -28.352 52.7966
      vertex -9.95595 -28.352 52.5967
    endloop
  endfacet
  facet normal 0 -1 0
    outer loop
      vertex -9.21492 -28.352 52.915
      vertex -9.20794 -28.352 52.7151
      vertex -9.07368 -28.352 52.7604
    endloop
  endfacet
  facet normal 0 -1 0
    outer loop
      vertex -9.35429 -28.352 52.8769
      vertex -9.34731 -28.352 52.677
      vertex -9.20794 -28.352 52.7151
    endloop
  endfacet
  facet normal 0 -1 0
    outer loop
      vertex -9.49878 -28.352 52.846
      vertex -9.4918 -28.352 52.6461
      vertex -9.34731 -28.352 52.677
    endloop
  endfacet
  facet normal 0 -1 0
    outer loop
      vertex -9.64839 -28.352 52.8223
      vertex -9.64141 -28.352 52.6224
      vertex -9.4918 -28.352 52.6461
    endloop
  endfacet
  facet normal 0 -1 0
    outer loop
      vertex -9.8031 -28.352 52.8058
      vertex -9.79612 -28.352 52.606
      vertex -9.64141 -28.352 52.6224
    endloop
  endfacet
  facet normal -0 -1 0
    outer loop
      vertex -9.95595 -28.352 52.5967
      vertex -11.8783 -28.352 52.7297
      vertex -11.8713 -28.352 52.5298
    endloop
  endfacet
  facet normal 0 -1 0
    outer loop
      vertex -10.1115 -28.352 55.4595
      vertex -10.0501 -28.352 55.6601
      vertex -10.1185 -28.352 55.6594
    endloop
  endfacet
  facet normal 0 -1 0
    outer loop
      vertex -10.0501 -28.352 55.6601
      vertex -10.0431 -28.352 55.4602
      vertex -9.9838 -28.352 55.6574
    endloop
  endfacet
  facet normal 0 -1 0
    outer loop
      vertex -9.97682 -28.352 55.4576
      vertex -9.9838 -28.352 55.6574
      vertex -10.0431 -28.352 55.4602
    endloop
  endfacet
  facet normal 0 -1 0
    outer loop
      vertex -10.1115 -28.352 55.4595
      vertex -10.1185 -28.352 55.6594
      vertex -10.6681 -28.352 55.6402
    endloop
  endfacet
  facet normal 0 -1 -0
    outer loop
      vertex -10.0501 -28.352 55.6601
      vertex -10.1115 -28.352 55.4595
      vertex -10.0431 -28.352 55.4602
    endloop
  endfacet
  facet normal 0 -1 0
    outer loop
      vertex -9.9838 -28.352 55.6574
      vertex -9.97682 -28.352 55.4576
      vertex -9.91954 -28.352 55.6514
    endloop
  endfacet
  facet normal 0 -1 0
    outer loop
      vertex -9.91256 -28.352 55.4516
      vertex -9.91954 -28.352 55.6514
      vertex -9.97682 -28.352 55.4576
    endloop
  endfacet
  facet normal 0 -1 0
    outer loop
      vertex -9.91954 -28.352 55.6514
      vertex -9.91256 -28.352 55.4516
      vertex -9.85733 -28.352 55.6421
    endloop
  endfacet
  facet normal 0 -1 0
    outer loop
      vertex -9.85733 -28.352 55.6421
      vertex -9.85035 -28.352 55.4422
      vertex -9.79718 -28.352 55.6293
    endloop
  endfacet
  facet normal 0 -1 0
    outer loop
      vertex -9.79019 -28.352 55.4294
      vertex -9.79718 -28.352 55.6293
      vertex -9.85035 -28.352 55.4422
    endloop
  endfacet
  facet normal 0 -1 -0
    outer loop
      vertex -9.73907 -28.352 55.6132
      vertex -9.79019 -28.352 55.4294
      vertex -9.68302 -28.352 55.5937
    endloop
  endfacet
  facet normal 0 -1 0
    outer loop
      vertex -9.79718 -28.352 55.6293
      vertex -9.79019 -28.352 55.4294
      vertex -9.73907 -28.352 55.6132
    endloop
  endfacet
  facet normal 0 -1 0
    outer loop
      vertex -9.85035 -28.352 55.4422
      vertex -9.85733 -28.352 55.6421
      vertex -9.91256 -28.352 55.4516
    endloop
  endfacet
  facet normal -0 -1 0
    outer loop
      vertex -10.1115 -28.352 55.4595
      vertex -10.6681 -28.352 55.6402
      vertex -10.6611 -28.352 55.4403
    endloop
  endfacet
  facet normal 0 -1 0
    outer loop
      vertex -9.73209 -28.352 55.4133
      vertex -9.68302 -28.352 55.5937
      vertex -9.79019 -28.352 55.4294
    endloop
  endfacet
  facet normal 0 -1 -0
    outer loop
      vertex -9.68302 -28.352 55.5937
      vertex -9.73209 -28.352 55.4133
      vertex -9.62903 -28.352 55.5708
    endloop
  endfacet
  facet normal 0 -1 0
    outer loop
      vertex -9.67604 -28.352 55.3938
      vertex -9.62903 -28.352 55.5708
      vertex -9.73209 -28.352 55.4133
    endloop
  endfacet
  facet normal 0 -1 -0
    outer loop
      vertex -9.62903 -28.352 55.5708
      vertex -9.67604 -28.352 55.3938
      vertex -9.57744 -28.352 55.5447
    endloop
  endfacet
  facet normal 0 -1 0
    outer loop
      vertex -9.62205 -28.352 55.3709
      vertex -9.57744 -28.352 55.5447
      vertex -9.67604 -28.352 55.3938
    endloop
  endfacet
  facet normal 0 -1 -0
    outer loop
      vertex -9.57744 -28.352 55.5447
      vertex -9.62205 -28.352 55.3709
      vertex -9.5286 -28.352 55.5153
    endloop
  endfacet
  facet normal 0 -1 0
    outer loop
      vertex -9.57046 -28.352 55.3448
      vertex -9.5286 -28.352 55.5153
      vertex -9.62205 -28.352 55.3709
    endloop
  endfacet
  facet normal 0 -1 -0
    outer loop
      vertex -9.5286 -28.352 55.5153
      vertex -9.57046 -28.352 55.3448
      vertex -9.48251 -28.352 55.4827
    endloop
  endfacet
  facet normal 0 -1 -0
    outer loop
      vertex -9.48251 -28.352 55.4827
      vertex -9.57046 -28.352 55.3448
      vertex -9.43918 -28.352 55.4468
    endloop
  endfacet
  facet normal 0 -1 0
    outer loop
      vertex -9.52162 -28.352 55.3154
      vertex -9.43918 -28.352 55.4468
      vertex -9.57046 -28.352 55.3448
    endloop
  endfacet
  facet normal 0 -1 -0
    outer loop
      vertex -9.43918 -28.352 55.4468
      vertex -9.52162 -28.352 55.3154
      vertex -9.39861 -28.352 55.4078
    endloop
  endfacet
  facet normal 0 -1 0
    outer loop
      vertex -9.47553 -28.352 55.2828
      vertex -9.39861 -28.352 55.4078
      vertex -9.52162 -28.352 55.3154
    endloop
  endfacet
  facet normal 0 -1 -0
    outer loop
      vertex -9.39861 -28.352 55.4078
      vertex -9.47553 -28.352 55.2828
      vertex -9.36079 -28.352 55.3655
    endloop
  endfacet
  facet normal 0 -1 0
    outer loop
      vertex -9.4322 -28.352 55.2469
      vertex -9.36079 -28.352 55.3655
      vertex -9.47553 -28.352 55.2828
    endloop
  endfacet
  facet normal 0 -1 -0
    outer loop
      vertex -9.36079 -28.352 55.3655
      vertex -9.4322 -28.352 55.2469
      vertex -9.32572 -28.352 55.32
    endloop
  endfacet
  facet normal 0 -1 0
    outer loop
      vertex -9.39163 -28.352 55.2079
      vertex -9.32572 -28.352 55.32
      vertex -9.4322 -28.352 55.2469
    endloop
  endfacet
  facet normal 0 -1 -0
    outer loop
      vertex -9.32572 -28.352 55.32
      vertex -9.39163 -28.352 55.2079
      vertex -9.29341 -28.352 55.2713
    endloop
  endfacet
  facet normal 0 -1 0
    outer loop
      vertex -9.35381 -28.352 55.1656
      vertex -9.29341 -28.352 55.2713
      vertex -9.39163 -28.352 55.2079
    endloop
  endfacet
  facet normal 0 -1 -0
    outer loop
      vertex -9.29341 -28.352 55.2713
      vertex -9.35381 -28.352 55.1656
      vertex -9.26423 -28.352 55.2194
    endloop
  endfacet
  facet normal 0 -1 0
    outer loop
      vertex -9.31874 -28.352 55.1201
      vertex -9.26423 -28.352 55.2194
      vertex -9.35381 -28.352 55.1656
    endloop
  endfacet
  facet normal 0 -1 -0
    outer loop
      vertex -9.26423 -28.352 55.2194
      vertex -9.31874 -28.352 55.1201
      vertex -9.2386 -28.352 55.1644
    endloop
  endfacet
  facet normal 0 -1 0
    outer loop
      vertex -9.31874 -28.352 55.1201
      vertex -9.2165 -28.352 55.1064
      vertex -9.2386 -28.352 55.1644
    endloop
  endfacet
  facet normal 0 -1 0
    outer loop
      vertex -9.28643 -28.352 55.0714
      vertex -9.2165 -28.352 55.1064
      vertex -9.31874 -28.352 55.1201
    endloop
  endfacet
  facet normal 0 -1 0
    outer loop
      vertex -9.28643 -28.352 55.0714
      vertex -9.19795 -28.352 55.0453
      vertex -9.2165 -28.352 55.1064
    endloop
  endfacet
  facet normal 0 -1 0
    outer loop
      vertex -9.25725 -28.352 55.0195
      vertex -9.19795 -28.352 55.0453
      vertex -9.28643 -28.352 55.0714
    endloop
  endfacet
  facet normal 0 -1 0
    outer loop
      vertex -9.25725 -28.352 55.0195
      vertex -9.18295 -28.352 54.9811
      vertex -9.19795 -28.352 55.0453
    endloop
  endfacet
  facet normal 0 -1 0
    outer loop
      vertex -9.23162 -28.352 54.9646
      vertex -9.18295 -28.352 54.9811
      vertex -9.25725 -28.352 55.0195
    endloop
  endfacet
  facet normal 0 -1 0
    outer loop
      vertex -9.20952 -28.352 54.9065
      vertex -9.18295 -28.352 54.9811
      vertex -9.23162 -28.352 54.9646
    endloop
  endfacet
  facet normal 0 -1 -0
    outer loop
      vertex -9.18295 -28.352 54.9811
      vertex -9.20952 -28.352 54.9065
      vertex -9.17147 -28.352 54.9139
    endloop
  endfacet
  facet normal 0 -1 0
    outer loop
      vertex -9.19097 -28.352 54.8454
      vertex -9.17147 -28.352 54.9139
      vertex -9.20952 -28.352 54.9065
    endloop
  endfacet
  facet normal 0 -1 0
    outer loop
      vertex -9.19097 -28.352 54.8454
      vertex -9.16355 -28.352 54.8436
      vertex -9.17147 -28.352 54.9139
    endloop
  endfacet
  facet normal 0 -1 0
    outer loop
      vertex -9.17597 -28.352 54.7813
      vertex -9.16355 -28.352 54.8436
      vertex -9.19097 -28.352 54.8454
    endloop
  endfacet
  facet normal 0 -1 0
    outer loop
      vertex -9.17597 -28.352 54.7813
      vertex -9.15915 -28.352 54.7701
      vertex -9.16355 -28.352 54.8436
    endloop
  endfacet
  facet normal 0 -1 0
    outer loop
      vertex -9.16449 -28.352 54.714
      vertex -9.15915 -28.352 54.7701
      vertex -9.17597 -28.352 54.7813
    endloop
  endfacet
  facet normal 0 -1 0
    outer loop
      vertex -9.16449 -28.352 54.714
      vertex -9.15846 -28.352 54.6978
      vertex -9.15915 -28.352 54.7701
    endloop
  endfacet
  facet normal -0 -1 0
    outer loop
      vertex -9.15846 -28.352 54.6978
      vertex -9.16449 -28.352 54.714
      vertex -9.15964 -28.352 54.6709
    endloop
  endfacet
  facet normal 0 -1 0
    outer loop
      vertex 14.7352 -28.352 56.5494
      vertex 16.6128 -28.352 56.426
      vertex 16.6062 -28.352 56.6148
    endloop
  endfacet
  facet normal -0 -1 0
    outer loop
      vertex 16.6128 -28.352 56.426
      vertex 14.7352 -28.352 56.5494
      vertex 14.7418 -28.352 56.3607
    endloop
  endfacet
  facet normal 0 -1 0
    outer loop
      vertex 14.7856 -28.352 55.106
      vertex 16.434 -28.352 55.0191
      vertex 16.429 -28.352 55.1633
    endloop
  endfacet
  facet normal -0 -1 0
    outer loop
      vertex 16.434 -28.352 55.0191
      vertex 14.7856 -28.352 55.106
      vertex 14.7906 -28.352 54.9617
    endloop
  endfacet
  facet normal 0 -1 -0
    outer loop
      vertex 14.836 -28.352 53.6626
      vertex 13.548 -28.352 53.6176
      vertex 14.8364 -28.352 53.6514
    endloop
  endfacet
  facet normal 0 -1 0
    outer loop
      vertex 14.8364 -28.352 53.6514
      vertex 16.7861 -28.352 53.5305
      vertex 16.7795 -28.352 53.7193
    endloop
  endfacet
  facet normal 0 -1 0
    outer loop
      vertex 13.555 -28.352 53.4177
      vertex 14.8364 -28.352 53.6514
      vertex 13.548 -28.352 53.6176
    endloop
  endfacet
  facet normal 0 -1 -0
    outer loop
      vertex 14.8364 -28.352 53.6514
      vertex 13.555 -28.352 53.4177
      vertex 16.7861 -28.352 53.5305
    endloop
  endfacet
  facet normal 0 -1 0
    outer loop
      vertex 18.6925 -28.352 54.7644
      vertex 18.699 -28.352 54.5757
      vertex 19.056 -28.352 54.5881
    endloop
  endfacet
  facet normal 0 -1 0
    outer loop
      vertex 19.056 -28.352 54.5881
      vertex 19.0569 -28.352 54.7771
      vertex 18.6925 -28.352 54.7644
    endloop
  endfacet
  facet normal 0 -1 0
    outer loop
      vertex 19.056 -28.352 54.5881
      vertex 19.7422 -28.352 53.8339
      vertex 19.0569 -28.352 54.7771
    endloop
  endfacet
  facet normal 0 -1 -0
    outer loop
      vertex 20.4593 -28.352 53.8589
      vertex 19.7492 -28.352 53.634
      vertex 20.6027 -28.352 53.6638
    endloop
  endfacet
  facet normal 0 -1 0
    outer loop
      vertex 19.7492 -28.352 53.634
      vertex 19.7422 -28.352 53.8339
      vertex 19.056 -28.352 54.5881
    endloop
  endfacet
  facet normal 0 -1 0
    outer loop
      vertex 19.7492 -28.352 53.634
      vertex 20.4593 -28.352 53.8589
      vertex 19.7422 -28.352 53.8339
    endloop
  endfacet
  facet normal 0 -1 0
    outer loop
      vertex 19.1102 -28.352 56.491
      vertex 19.1691 -28.352 56.6913
      vertex 19.1032 -28.352 56.6909
    endloop
  endfacet
  facet normal 0 -1 0
    outer loop
      vertex 19.1691 -28.352 56.6913
      vertex 19.1761 -28.352 56.4914
      vertex 19.2307 -28.352 56.6877
    endloop
  endfacet
  facet normal 0 -1 0
    outer loop
      vertex 19.1102 -28.352 56.491
      vertex 19.1032 -28.352 56.6909
      vertex 18.6258 -28.352 56.6743
    endloop
  endfacet
  facet normal 0 -1 -0
    outer loop
      vertex 19.1691 -28.352 56.6913
      vertex 19.1102 -28.352 56.491
      vertex 19.1761 -28.352 56.4914
    endloop
  endfacet
  facet normal 0 -1 0
    outer loop
      vertex 19.2377 -28.352 56.4878
      vertex 19.2307 -28.352 56.6877
      vertex 19.1761 -28.352 56.4914
    endloop
  endfacet
  facet normal 0 -1 0
    outer loop
      vertex 19.2307 -28.352 56.6877
      vertex 19.2377 -28.352 56.4878
      vertex 19.2879 -28.352 56.6802
    endloop
  endfacet
  facet normal 0 -1 0
    outer loop
      vertex 19.2949 -28.352 56.4803
      vertex 19.2879 -28.352 56.6802
      vertex 19.2377 -28.352 56.4878
    endloop
  endfacet
  facet normal 0 -1 0
    outer loop
      vertex 19.2879 -28.352 56.6802
      vertex 19.2949 -28.352 56.4803
      vertex 19.3409 -28.352 56.6686
    endloop
  endfacet
  facet normal 0 -1 0
    outer loop
      vertex 19.3479 -28.352 56.4688
      vertex 19.3896 -28.352 56.6531
      vertex 19.2949 -28.352 56.4803
    endloop
  endfacet
  facet normal 0 -1 -0
    outer loop
      vertex 19.3896 -28.352 56.6531
      vertex 19.3479 -28.352 56.4688
      vertex 19.434 -28.352 56.6337
    endloop
  endfacet
  facet normal 0 -1 0
    outer loop
      vertex 19.3966 -28.352 56.4533
      vertex 19.434 -28.352 56.6337
      vertex 19.3479 -28.352 56.4688
    endloop
  endfacet
  facet normal 0 -1 -0
    outer loop
      vertex 19.3409 -28.352 56.6686
      vertex 19.2949 -28.352 56.4803
      vertex 19.3896 -28.352 56.6531
    endloop
  endfacet
  facet normal -0 -1 0
    outer loop
      vertex 19.1102 -28.352 56.491
      vertex 18.6258 -28.352 56.6743
      vertex 18.6327 -28.352 56.4744
    endloop
  endfacet
  facet normal 0 -1 -0
    outer loop
      vertex 19.434 -28.352 56.6337
      vertex 19.3966 -28.352 56.4533
      vertex 19.4742 -28.352 56.6102
    endloop
  endfacet
  facet normal 0 -1 -0
    outer loop
      vertex 19.4742 -28.352 56.6102
      vertex 19.3966 -28.352 56.4533
      vertex 19.51 -28.352 56.5828
    endloop
  endfacet
  facet normal 0 -1 0
    outer loop
      vertex 19.441 -28.352 56.4338
      vertex 19.51 -28.352 56.5828
      vertex 19.3966 -28.352 56.4533
    endloop
  endfacet
  facet normal 0 -1 -0
    outer loop
      vertex 19.51 -28.352 56.5828
      vertex 19.441 -28.352 56.4338
      vertex 19.5417 -28.352 56.552
    endloop
  endfacet
  facet normal 0 -1 -0
    outer loop
      vertex 19.5417 -28.352 56.552
      vertex 19.441 -28.352 56.4338
      vertex 19.5694 -28.352 56.5182
    endloop
  endfacet
  facet normal 0 -1 0
    outer loop
      vertex 19.4811 -28.352 56.4103
      vertex 19.5694 -28.352 56.5182
      vertex 19.441 -28.352 56.4338
    endloop
  endfacet
  facet normal 0 -1 -0
    outer loop
      vertex 19.5694 -28.352 56.5182
      vertex 19.4811 -28.352 56.4103
      vertex 19.5931 -28.352 56.4815
    endloop
  endfacet
  facet normal 0 -1 0
    outer loop
      vertex 19.517 -28.352 56.3829
      vertex 19.5931 -28.352 56.4815
      vertex 19.4811 -28.352 56.4103
    endloop
  endfacet
  facet normal 0 -1 -0
    outer loop
      vertex 19.5931 -28.352 56.4815
      vertex 19.517 -28.352 56.3829
      vertex 19.6129 -28.352 56.4419
    endloop
  endfacet
  facet normal 0 -1 0
    outer loop
      vertex 19.5487 -28.352 56.3521
      vertex 19.6129 -28.352 56.4419
      vertex 19.517 -28.352 56.3829
    endloop
  endfacet
  facet normal 0 -1 -0
    outer loop
      vertex 19.6129 -28.352 56.4419
      vertex 19.5487 -28.352 56.3521
      vertex 19.6286 -28.352 56.3994
    endloop
  endfacet
  facet normal 0 -1 -0
    outer loop
      vertex 19.6286 -28.352 56.3994
      vertex 19.5487 -28.352 56.3521
      vertex 19.6404 -28.352 56.3539
    endloop
  endfacet
  facet normal 0 -1 0
    outer loop
      vertex 19.5764 -28.352 56.3183
      vertex 19.6404 -28.352 56.3539
      vertex 19.5487 -28.352 56.3521
    endloop
  endfacet
  facet normal 0 -1 0
    outer loop
      vertex 19.5764 -28.352 56.3183
      vertex 19.6483 -28.352 56.3056
      vertex 19.6404 -28.352 56.3539
    endloop
  endfacet
  facet normal 0 -1 0
    outer loop
      vertex 19.6001 -28.352 56.2816
      vertex 19.6483 -28.352 56.3056
      vertex 19.5764 -28.352 56.3183
    endloop
  endfacet
  facet normal 0 -1 0
    outer loop
      vertex 19.6001 -28.352 56.2816
      vertex 19.6521 -28.352 56.2543
      vertex 19.6483 -28.352 56.3056
    endloop
  endfacet
  facet normal 0 -1 0
    outer loop
      vertex 19.6199 -28.352 56.242
      vertex 19.6521 -28.352 56.2543
      vertex 19.6001 -28.352 56.2816
    endloop
  endfacet
  facet normal 0 -1 0
    outer loop
      vertex 19.6199 -28.352 56.242
      vertex 19.6518 -28.352 56.2029
      vertex 19.6521 -28.352 56.2543
    endloop
  endfacet
  facet normal 0 -1 0
    outer loop
      vertex 19.6356 -28.352 56.1995
      vertex 19.6518 -28.352 56.2029
      vertex 19.6199 -28.352 56.242
    endloop
  endfacet
  facet normal 0 -1 0
    outer loop
      vertex 19.6518 -28.352 56.2029
      vertex 19.6356 -28.352 56.1995
      vertex 19.6474 -28.352 56.154
    endloop
  endfacet
  facet normal 0 -1 0
    outer loop
      vertex 20.9068 -28.352 55.7841
      vertex 20.9264 -28.352 55.7669
      vertex 20.9119 -28.352 55.8023
    endloop
  endfacet
  facet normal 0 -1 0
    outer loop
      vertex 20.8727 -28.352 55.6919
      vertex 20.9264 -28.352 55.7669
      vertex 20.9068 -28.352 55.7841
    endloop
  endfacet
  facet normal 0 -1 -0
    outer loop
      vertex 20.9264 -28.352 55.7669
      vertex 20.8727 -28.352 55.6919
      vertex 20.9451 -28.352 55.7011
    endloop
  endfacet
  facet normal 0 -1 0
    outer loop
      vertex 20.8727 -28.352 55.6919
      vertex 20.9409 -28.352 55.6802
      vertex 20.9451 -28.352 55.7011
    endloop
  endfacet
  facet normal 0 -1 0
    outer loop
      vertex 20.9137 -28.352 55.5842
      vertex 20.8727 -28.352 55.6919
      vertex 20.8318 -28.352 55.6033
    endloop
  endfacet
  facet normal 0 -1 0
    outer loop
      vertex 20.8727 -28.352 55.6919
      vertex 20.9137 -28.352 55.5842
      vertex 20.9409 -28.352 55.6802
    endloop
  endfacet
  facet normal 0 -1 0
    outer loop
      vertex 20.8797 -28.352 55.492
      vertex 20.8318 -28.352 55.6033
      vertex 20.7839 -28.352 55.5184
    endloop
  endfacet
  facet normal 0 -1 0
    outer loop
      vertex 20.8318 -28.352 55.6033
      vertex 20.8797 -28.352 55.492
      vertex 20.9137 -28.352 55.5842
    endloop
  endfacet
  facet normal 0 -1 0
    outer loop
      vertex 20.8388 -28.352 55.4034
      vertex 20.7839 -28.352 55.5184
      vertex 20.7297 -28.352 55.4376
    endloop
  endfacet
  facet normal 0 -1 0
    outer loop
      vertex 20.7839 -28.352 55.5184
      vertex 20.8388 -28.352 55.4034
      vertex 20.8797 -28.352 55.492
    endloop
  endfacet
  facet normal 0 -1 0
    outer loop
      vertex 20.7909 -28.352 55.3185
      vertex 20.7297 -28.352 55.4376
      vertex 20.6697 -28.352 55.3614
    endloop
  endfacet
  facet normal 0 -1 0
    outer loop
      vertex 20.7297 -28.352 55.4376
      vertex 20.7909 -28.352 55.3185
      vertex 20.8388 -28.352 55.4034
    endloop
  endfacet
  facet normal 0 -1 0
    outer loop
      vertex 20.7367 -28.352 55.2377
      vertex 20.6697 -28.352 55.3614
      vertex 20.6039 -28.352 55.2897
    endloop
  endfacet
  facet normal 0 -1 0
    outer loop
      vertex 20.6697 -28.352 55.3614
      vertex 20.7367 -28.352 55.2377
      vertex 20.7909 -28.352 55.3185
    endloop
  endfacet
  facet normal 0 -1 0
    outer loop
      vertex 20.6767 -28.352 55.1615
      vertex 20.6039 -28.352 55.2897
      vertex 20.5323 -28.352 55.2226
    endloop
  endfacet
  facet normal 0 -1 0
    outer loop
      vertex 20.6039 -28.352 55.2897
      vertex 20.6767 -28.352 55.1615
      vertex 20.7367 -28.352 55.2377
    endloop
  endfacet
  facet normal 0 -1 0
    outer loop
      vertex 20.6109 -28.352 55.0898
      vertex 20.5323 -28.352 55.2226
      vertex 20.4549 -28.352 55.1601
    endloop
  endfacet
  facet normal 0 -1 0
    outer loop
      vertex 20.5393 -28.352 55.0227
      vertex 20.4549 -28.352 55.1601
      vertex 20.3717 -28.352 55.1022
    endloop
  endfacet
  facet normal 0 -1 0
    outer loop
      vertex 20.5323 -28.352 55.2226
      vertex 20.6109 -28.352 55.0898
      vertex 20.6767 -28.352 55.1615
    endloop
  endfacet
  facet normal 0 -1 0
    outer loop
      vertex 20.3875 -28.352 54.9085
      vertex 20.3717 -28.352 55.1022
      vertex 20.2839 -28.352 55.0496
    endloop
  endfacet
  facet normal 0 -1 0
    outer loop
      vertex 20.4549 -28.352 55.1601
      vertex 20.5393 -28.352 55.0227
      vertex 20.6109 -28.352 55.0898
    endloop
  endfacet
  facet normal 0 -1 0
    outer loop
      vertex 20.3717 -28.352 55.1022
      vertex 20.4619 -28.352 54.9602
      vertex 20.5393 -28.352 55.0227
    endloop
  endfacet
  facet normal 0 -1 0
    outer loop
      vertex 20.3717 -28.352 55.1022
      vertex 20.3875 -28.352 54.9085
      vertex 20.4619 -28.352 54.9602
    endloop
  endfacet
  facet normal 0 -1 0
    outer loop
      vertex 20.4619 -28.352 54.9602
      vertex 20.3875 -28.352 54.9085
      vertex 20.3787 -28.352 54.9023
    endloop
  endfacet
  facet normal 0 -1 0
    outer loop
      vertex 17.416 -28.352 53.7527
      vertex 18.7332 -28.352 53.5985
      vertex 18.7262 -28.352 53.7984
    endloop
  endfacet
  facet normal -0 -1 0
    outer loop
      vertex 18.7332 -28.352 53.5985
      vertex 17.416 -28.352 53.7527
      vertex 17.4229 -28.352 53.5528
    endloop
  endfacet
  facet normal -0.997461 0 -0.0712135
    outer loop
      vertex -21.0774 -28.352 53.7472
      vertex -21.0925 -28.184 53.9587
      vertex -21.0774 -28.184 53.7472
    endloop
  endfacet
  facet normal -0.997461 -0 -0.0712135
    outer loop
      vertex -21.0925 -28.184 53.9587
      vertex -21.0774 -28.352 53.7472
      vertex -21.0925 -28.352 53.9587
    endloop
  endfacet
  facet normal -0.988521 0 -0.151086
    outer loop
      vertex -21.047 -28.352 53.5483
      vertex -21.0774 -28.184 53.7472
      vertex -21.047 -28.184 53.5483
    endloop
  endfacet
  facet normal -0.988521 -0 -0.151086
    outer loop
      vertex -21.0774 -28.184 53.7472
      vertex -21.047 -28.352 53.5483
      vertex -21.0774 -28.352 53.7472
    endloop
  endfacet
  facet normal -0.971297 0 -0.237869
    outer loop
      vertex -21.0014 -28.352 53.3621
      vertex -21.047 -28.184 53.5483
      vertex -21.0014 -28.184 53.3621
    endloop
  endfacet
  facet normal -0.971297 -0 -0.237869
    outer loop
      vertex -21.047 -28.184 53.5483
      vertex -21.0014 -28.352 53.3621
      vertex -21.047 -28.352 53.5483
    endloop
  endfacet
  facet normal -0.943731 0 -0.330714
    outer loop
      vertex -20.9406 -28.352 53.1886
      vertex -21.0014 -28.184 53.3621
      vertex -20.9406 -28.184 53.1886
    endloop
  endfacet
  facet normal -0.943731 -0 -0.330714
    outer loop
      vertex -21.0014 -28.184 53.3621
      vertex -20.9406 -28.352 53.1886
      vertex -21.0014 -28.352 53.3621
    endloop
  endfacet
  facet normal -0.904104 0 -0.427313
    outer loop
      vertex -20.8646 -28.352 53.0278
      vertex -20.9406 -28.184 53.1886
      vertex -20.8646 -28.184 53.0278
    endloop
  endfacet
  facet normal -0.904104 -0 -0.427313
    outer loop
      vertex -20.9406 -28.184 53.1886
      vertex -20.8646 -28.352 53.0278
      vertex -20.9406 -28.352 53.1886
    endloop
  endfacet
  facet normal -0.851757 0 -0.523937
    outer loop
      vertex -20.7735 -28.352 52.8797
      vertex -20.8646 -28.184 53.0278
      vertex -20.7735 -28.184 52.8797
    endloop
  endfacet
  facet normal -0.851757 -0 -0.523937
    outer loop
      vertex -20.8646 -28.184 53.0278
      vertex -20.7735 -28.352 52.8797
      vertex -20.8646 -28.352 53.0278
    endloop
  endfacet
  facet normal -0.786278 0 -0.617873
    outer loop
      vertex -20.6671 -28.352 52.7443
      vertex -20.7735 -28.184 52.8797
      vertex -20.6671 -28.184 52.7443
    endloop
  endfacet
  facet normal -0.786278 -0 -0.617873
    outer loop
      vertex -20.7735 -28.184 52.8797
      vertex -20.6671 -28.352 52.7443
      vertex -20.7735 -28.352 52.8797
    endloop
  endfacet
  facet normal -0.710859 0 -0.703334
    outer loop
      vertex -20.5456 -28.352 52.6215
      vertex -20.6671 -28.184 52.7443
      vertex -20.5456 -28.184 52.6215
    endloop
  endfacet
  facet normal -0.710859 -0 -0.703334
    outer loop
      vertex -20.6671 -28.184 52.7443
      vertex -20.5456 -28.352 52.6215
      vertex -20.6671 -28.352 52.7443
    endloop
  endfacet
  facet normal -0.626804 0 -0.779177
    outer loop
      vertex -20.5456 -28.352 52.6215
      vertex -20.4106 -28.184 52.5129
      vertex -20.4106 -28.352 52.5129
    endloop
  endfacet
  facet normal -0.626804 0 -0.779177
    outer loop
      vertex -20.4106 -28.184 52.5129
      vertex -20.5456 -28.352 52.6215
      vertex -20.5456 -28.184 52.6215
    endloop
  endfacet
  facet normal -0.535312 0 -0.844654
    outer loop
      vertex -20.4106 -28.352 52.5129
      vertex -20.2637 -28.184 52.4198
      vertex -20.2637 -28.352 52.4198
    endloop
  endfacet
  facet normal -0.535312 0 -0.844654
    outer loop
      vertex -20.2637 -28.184 52.4198
      vertex -20.4106 -28.352 52.5129
      vertex -20.4106 -28.184 52.5129
    endloop
  endfacet
  facet normal -0.439495 0 -0.898245
    outer loop
      vertex -20.2637 -28.352 52.4198
      vertex -20.1051 -28.184 52.3422
      vertex -20.1051 -28.352 52.3422
    endloop
  endfacet
  facet normal -0.439495 0 -0.898245
    outer loop
      vertex -20.1051 -28.184 52.3422
      vertex -20.2637 -28.352 52.4198
      vertex -20.2637 -28.184 52.4198
    endloop
  endfacet
  facet normal -0.34192 0 -0.939729
    outer loop
      vertex -20.1051 -28.352 52.3422
      vertex -19.9347 -28.184 52.2802
      vertex -19.9347 -28.352 52.2802
    endloop
  endfacet
  facet normal -0.34192 0 -0.939729
    outer loop
      vertex -19.9347 -28.184 52.2802
      vertex -20.1051 -28.352 52.3422
      vertex -20.1051 -28.184 52.3422
    endloop
  endfacet
  facet normal -0.247288 0 -0.968942
    outer loop
      vertex -19.9347 -28.352 52.2802
      vertex -19.7525 -28.184 52.2337
      vertex -19.7525 -28.352 52.2337
    endloop
  endfacet
  facet normal -0.247288 0 -0.968942
    outer loop
      vertex -19.7525 -28.184 52.2337
      vertex -19.9347 -28.352 52.2802
      vertex -19.9347 -28.184 52.2802
    endloop
  endfacet
  facet normal -0.157792 0 -0.987472
    outer loop
      vertex -19.7525 -28.352 52.2337
      vertex -19.5585 -28.184 52.2027
      vertex -19.5585 -28.352 52.2027
    endloop
  endfacet
  facet normal -0.157792 0 -0.987472
    outer loop
      vertex -19.5585 -28.184 52.2027
      vertex -19.7525 -28.352 52.2337
      vertex -19.7525 -28.184 52.2337
    endloop
  endfacet
  facet normal -0.0751394 0 -0.997173
    outer loop
      vertex -19.5585 -28.352 52.2027
      vertex -19.3528 -28.184 52.1872
      vertex -19.3528 -28.352 52.1872
    endloop
  endfacet
  facet normal -0.0751394 0 -0.997173
    outer loop
      vertex -19.3528 -28.184 52.1872
      vertex -19.5585 -28.352 52.2027
      vertex -19.5585 -28.184 52.2027
    endloop
  endfacet
  facet normal 0 0 -1
    outer loop
      vertex -19.3528 -28.352 52.1872
      vertex -19.1352 -28.184 52.1872
      vertex -19.1352 -28.352 52.1872
    endloop
  endfacet
  facet normal -0 0 -1
    outer loop
      vertex -19.1352 -28.184 52.1872
      vertex -19.3528 -28.352 52.1872
      vertex -19.3528 -28.184 52.1872
    endloop
  endfacet
  facet normal 0.0694174 0 -0.997588
    outer loop
      vertex -19.1352 -28.352 52.1872
      vertex -18.9182 -28.184 52.2023
      vertex -18.9182 -28.352 52.2023
    endloop
  endfacet
  facet normal 0.0694174 0 -0.997588
    outer loop
      vertex -18.9182 -28.184 52.2023
      vertex -19.1352 -28.352 52.1872
      vertex -19.1352 -28.184 52.1872
    endloop
  endfacet
  facet normal 0.14488 0 -0.989449
    outer loop
      vertex -18.9182 -28.352 52.2023
      vertex -18.714 -28.184 52.2322
      vertex -18.714 -28.352 52.2322
    endloop
  endfacet
  facet normal 0.14488 0 -0.989449
    outer loop
      vertex -18.714 -28.184 52.2322
      vertex -18.9182 -28.352 52.2023
      vertex -18.9182 -28.184 52.2023
    endloop
  endfacet
  facet normal 0.225974 0 -0.974133
    outer loop
      vertex -18.714 -28.352 52.2322
      vertex -18.5226 -28.184 52.2766
      vertex -18.5226 -28.352 52.2766
    endloop
  endfacet
  facet normal 0.225974 0 -0.974133
    outer loop
      vertex -18.5226 -28.184 52.2766
      vertex -18.714 -28.352 52.2322
      vertex -18.714 -28.184 52.2322
    endloop
  endfacet
  facet normal 0.314313 0 -0.94932
    outer loop
      vertex -18.5226 -28.352 52.2766
      vertex -18.3441 -28.184 52.3357
      vertex -18.3441 -28.352 52.3357
    endloop
  endfacet
  facet normal 0.314313 0 -0.94932
    outer loop
      vertex -18.3441 -28.184 52.3357
      vertex -18.5226 -28.352 52.2766
      vertex -18.5226 -28.184 52.2766
    endloop
  endfacet
  facet normal 0.407059 0 -0.913402
    outer loop
      vertex -18.3441 -28.352 52.3357
      vertex -18.1785 -28.184 52.4095
      vertex -18.1785 -28.352 52.4095
    endloop
  endfacet
  facet normal 0.407059 0 -0.913402
    outer loop
      vertex -18.1785 -28.184 52.4095
      vertex -18.3441 -28.352 52.3357
      vertex -18.3441 -28.184 52.3357
    endloop
  endfacet
  facet normal 0.501193 0 -0.865336
    outer loop
      vertex -18.1785 -28.352 52.4095
      vertex -18.0257 -28.184 52.498
      vertex -18.0257 -28.352 52.498
    endloop
  endfacet
  facet normal 0.501193 0 -0.865336
    outer loop
      vertex -18.0257 -28.184 52.498
      vertex -18.1785 -28.352 52.4095
      vertex -18.1785 -28.184 52.4095
    endloop
  endfacet
  facet normal 0.592983 0 -0.805215
    outer loop
      vertex -18.0257 -28.352 52.498
      vertex -17.8857 -28.184 52.6011
      vertex -17.8857 -28.352 52.6011
    endloop
  endfacet
  facet normal 0.592983 0 -0.805215
    outer loop
      vertex -17.8857 -28.184 52.6011
      vertex -18.0257 -28.352 52.498
      vertex -18.0257 -28.184 52.498
    endloop
  endfacet
  facet normal 0.679765 0 -0.73343
    outer loop
      vertex -17.8857 -28.352 52.6011
      vertex -17.7586 -28.184 52.7189
      vertex -17.7586 -28.352 52.7189
    endloop
  endfacet
  facet normal 0.679765 0 -0.73343
    outer loop
      vertex -17.7586 -28.184 52.7189
      vertex -17.8857 -28.352 52.6011
      vertex -17.8857 -28.184 52.6011
    endloop
  endfacet
  facet normal 0.757824 0 -0.652458
    outer loop
      vertex -17.6459 -28.352 52.8498
      vertex -17.7586 -28.184 52.7189
      vertex -17.6459 -28.184 52.8498
    endloop
  endfacet
  facet normal 0.757824 0 -0.652458
    outer loop
      vertex -17.7586 -28.184 52.7189
      vertex -17.6459 -28.352 52.8498
      vertex -17.7586 -28.352 52.7189
    endloop
  endfacet
  facet normal 0.827736 0 -0.561118
    outer loop
      vertex -17.5493 -28.352 52.9923
      vertex -17.6459 -28.184 52.8498
      vertex -17.5493 -28.184 52.9923
    endloop
  endfacet
  facet normal 0.827736 0 -0.561118
    outer loop
      vertex -17.6459 -28.184 52.8498
      vertex -17.5493 -28.352 52.9923
      vertex -17.6459 -28.352 52.8498
    endloop
  endfacet
  facet normal 0.885877 0 -0.463921
    outer loop
      vertex -17.4686 -28.352 53.1464
      vertex -17.5493 -28.184 52.9923
      vertex -17.4686 -28.184 53.1464
    endloop
  endfacet
  facet normal 0.885877 0 -0.463921
    outer loop
      vertex -17.5493 -28.184 52.9923
      vertex -17.4686 -28.352 53.1464
      vertex -17.5493 -28.352 52.9923
    endloop
  endfacet
  facet normal 0.931889 0 -0.362745
    outer loop
      vertex -17.4041 -28.352 53.3121
      vertex -17.4686 -28.184 53.1464
      vertex -17.4041 -28.184 53.3121
    endloop
  endfacet
  facet normal 0.931889 0 -0.362745
    outer loop
      vertex -17.4686 -28.184 53.1464
      vertex -17.4041 -28.352 53.3121
      vertex -17.4686 -28.352 53.1464
    endloop
  endfacet
  facet normal 0.964563 0 -0.263854
    outer loop
      vertex -17.3556 -28.352 53.4894
      vertex -17.4041 -28.184 53.3121
      vertex -17.3556 -28.184 53.4894
    endloop
  endfacet
  facet normal 0.964563 0 -0.263854
    outer loop
      vertex -17.4041 -28.184 53.3121
      vertex -17.3556 -28.352 53.4894
      vertex -17.4041 -28.352 53.3121
    endloop
  endfacet
  facet normal 0.98552 0 -0.169557
    outer loop
      vertex -17.3231 -28.352 53.6783
      vertex -17.3556 -28.184 53.4894
      vertex -17.3231 -28.184 53.6783
    endloop
  endfacet
  facet normal 0.98552 0 -0.169557
    outer loop
      vertex -17.3556 -28.184 53.4894
      vertex -17.3231 -28.352 53.6783
      vertex -17.3556 -28.352 53.4894
    endloop
  endfacet
  facet normal 0.996631 0 -0.082017
    outer loop
      vertex -17.3066 -28.352 53.8788
      vertex -17.3231 -28.184 53.6783
      vertex -17.3066 -28.184 53.8788
    endloop
  endfacet
  facet normal 0.996631 0 -0.082017
    outer loop
      vertex -17.3231 -28.184 53.6783
      vertex -17.3066 -28.352 53.8788
      vertex -17.3231 -28.352 53.6783
    endloop
  endfacet
  facet normal 0.999998 0 -0.0018859
    outer loop
      vertex -17.3062 -28.352 54.0909
      vertex -17.3066 -28.184 53.8788
      vertex -17.3062 -28.184 54.0909
    endloop
  endfacet
  facet normal 0.999998 0 -0.0018859
    outer loop
      vertex -17.3066 -28.184 53.8788
      vertex -17.3062 -28.352 54.0909
      vertex -17.3066 -28.352 53.8788
    endloop
  endfacet
  facet normal 0.0348906 0 -0.999391
    outer loop
      vertex 5.67299 -28.352 53.8206
      vertex 7.151 -28.184 53.8722
      vertex 7.151 -28.352 53.8722
    endloop
  endfacet
  facet normal 0.0348906 0 -0.999391
    outer loop
      vertex 7.151 -28.184 53.8722
      vertex 5.67299 -28.352 53.8206
      vertex 5.67299 -28.184 53.8206
    endloop
  endfacet
  facet normal -0.920338 0 -0.391123
    outer loop
      vertex 7.43497 -28.352 53.204
      vertex 7.151 -28.184 53.8722
      vertex 7.43497 -28.184 53.204
    endloop
  endfacet
  facet normal -0.920338 -0 -0.391123
    outer loop
      vertex 7.151 -28.184 53.8722
      vertex 7.43497 -28.352 53.204
      vertex 7.151 -28.352 53.8722
    endloop
  endfacet
  facet normal 0.0348992 0 -0.999391
    outer loop
      vertex 7.43497 -28.352 53.204
      vertex 8.44011 -28.184 53.2391
      vertex 8.44011 -28.352 53.2391
    endloop
  endfacet
  facet normal 0.0348992 0 -0.999391
    outer loop
      vertex 8.44011 -28.184 53.2391
      vertex 7.43497 -28.352 53.204
      vertex 7.43497 -28.184 53.204
    endloop
  endfacet
  facet normal 0.901743 -0 0.432273
    outer loop
      vertex 6.983 -28.352 56.2787
      vertex 8.44011 -28.184 53.2391
      vertex 6.983 -28.184 56.2787
    endloop
  endfacet
  facet normal 0.901743 0 0.432273
    outer loop
      vertex 8.44011 -28.184 53.2391
      vertex 6.983 -28.352 56.2787
      vertex 8.44011 -28.352 53.2391
    endloop
  endfacet
  facet normal -0.929694 0 0.368332
    outer loop
      vertex 4.45341 -28.352 53.0999
      vertex 5.69498 -28.184 56.2337
      vertex 4.45341 -28.184 53.0999
    endloop
  endfacet
  facet normal -0.929694 0 0.368332
    outer loop
      vertex 5.69498 -28.184 56.2337
      vertex 4.45341 -28.352 53.0999
      vertex 5.69498 -28.352 56.2337
    endloop
  endfacet
  facet normal 0.0348755 0 -0.999392
    outer loop
      vertex 4.45341 -28.352 53.0999
      vertex 5.43631 -28.184 53.1342
      vertex 5.43631 -28.352 53.1342
    endloop
  endfacet
  facet normal 0.0348755 0 -0.999392
    outer loop
      vertex 5.43631 -28.184 53.1342
      vertex 4.45341 -28.352 53.0999
      vertex 4.45341 -28.184 53.0999
    endloop
  endfacet
  facet normal 0.945377 0 -0.325979
    outer loop
      vertex 5.67299 -28.352 53.8206
      vertex 5.43631 -28.184 53.1342
      vertex 5.67299 -28.184 53.8206
    endloop
  endfacet
  facet normal 0.945377 0 -0.325979
    outer loop
      vertex 5.43631 -28.184 53.1342
      vertex 5.67299 -28.352 53.8206
      vertex 5.43631 -28.352 53.1342
    endloop
  endfacet
  facet normal 0.945405 0 -0.325899
    outer loop
      vertex 6.07962 -28.52 54.7798
      vertex 6.00978 -28.174 54.5772
      vertex 6.07962 -28.174 54.7798
    endloop
  endfacet
  facet normal 0.945405 0 -0.325899
    outer loop
      vertex 6.00978 -28.174 54.5772
      vertex 6.07962 -28.52 54.7798
      vertex 6.00978 -28.52 54.5772
    endloop
  endfacet
  facet normal 0 0 0
    outer loop
      vertex 6.07962 -28.174 54.7798
      vertex 6.07962 -28.184 54.7798
      vertex 6.07962 -28.52 54.7798
    endloop
  endfacet
  facet normal -0.0351254 0 0.999383
    outer loop
      vertex 6.0028 -28.352 54.7771
      vertex 6.07962 -28.184 54.7798
      vertex 6.0028 -28.184 54.7771
    endloop
  endfacet
  facet normal -0.0351254 0 0.999383
    outer loop
      vertex 6.07962 -28.184 54.7798
      vertex 6.0028 -28.352 54.7771
      vertex 6.07962 -28.52 54.7798
    endloop
  endfacet
  facet normal -0.0351254 0 0.999383
    outer loop
      vertex 6.07962 -28.52 54.7798
      vertex 6.0028 -28.352 54.7771
      vertex 6.0028 -28.52 54.7771
    endloop
  endfacet
  facet normal 0.945379 0 -0.325975
    outer loop
      vertex 6.34485 -28.352 55.7691
      vertex 6.0028 -28.184 54.7771
      vertex 6.34485 -28.184 55.7691
    endloop
  endfacet
  facet normal 0.945379 0 -0.325975
    outer loop
      vertex 6.0028 -28.184 54.7771
      vertex 6.34485 -28.352 55.7691
      vertex 6.0028 -28.352 54.7771
    endloop
  endfacet
  facet normal -0.920332 0 -0.391139
    outer loop
      vertex 6.75527 -28.352 54.8034
      vertex 6.34485 -28.184 55.7691
      vertex 6.75527 -28.184 54.8034
    endloop
  endfacet
  facet normal -0.920332 -0 -0.391139
    outer loop
      vertex 6.34485 -28.184 55.7691
      vertex 6.75527 -28.352 54.8034
      vertex 6.34485 -28.352 55.7691
    endloop
  endfacet
  facet normal 0 0 1
    outer loop
      vertex 6.67845 -28.174 54.8007
      vertex 6.67844 -28.174 54.8007
      vertex 6.67845 -28.184 54.8007
    endloop
  endfacet
  facet normal -0.0351254 0 0.999383
    outer loop
      vertex 6.67845 -28.184 54.8007
      vertex 6.75527 -28.352 54.8034
      vertex 6.75527 -28.184 54.8034
    endloop
  endfacet
  facet normal -0.0351231 1.04533e-06 0.999383
    outer loop
      vertex 6.67844 -28.52 54.8007
      vertex 6.75527 -28.352 54.8034
      vertex 6.67845 -28.184 54.8007
    endloop
  endfacet
  facet normal -0.0351208 0 0.999383
    outer loop
      vertex 6.75527 -28.352 54.8034
      vertex 6.67844 -28.52 54.8007
      vertex 6.75527 -28.52 54.8034
    endloop
  endfacet
  facet normal 0 0 1
    outer loop
      vertex 6.67844 -28.52 54.8007
      vertex 6.67845 -28.184 54.8007
      vertex 6.67844 -28.174 54.8007
    endloop
  endfacet
  facet normal -0.920331 0 -0.391141
    outer loop
      vertex 6.76225 -28.52 54.6035
      vertex 6.67844 -28.174 54.8007
      vertex 6.76225 -28.174 54.6035
    endloop
  endfacet
  facet normal -0.920331 -0 -0.391141
    outer loop
      vertex 6.67844 -28.174 54.8007
      vertex 6.76225 -28.52 54.6035
      vertex 6.67844 -28.52 54.8007
    endloop
  endfacet
  facet normal 0.0348616 0 -0.999392
    outer loop
      vertex 0.573772 -28.352 55.8382
      vertex 1.71187 -28.184 55.8779
      vertex 1.71187 -28.352 55.8779
    endloop
  endfacet
  facet normal 0.0348616 0 -0.999392
    outer loop
      vertex 1.71187 -28.184 55.8779
      vertex 0.573772 -28.352 55.8382
      vertex 0.573772 -28.184 55.8382
    endloop
  endfacet
  facet normal 0.0349336 0 -0.99939
    outer loop
      vertex 1.8121 -28.352 53.0076
      vertex 3.12236 -28.184 53.0534
      vertex 3.12236 -28.352 53.0534
    endloop
  endfacet
  facet normal 0.0349336 0 -0.99939
    outer loop
      vertex 3.12236 -28.184 53.0534
      vertex 1.8121 -28.352 53.0076
      vertex 1.8121 -28.184 53.0076
    endloop
  endfacet
  facet normal 0.0348615 0 -0.999392
    outer loop
      vertex 3.02212 -28.352 55.9237
      vertex 4.16022 -28.184 55.9634
      vertex 4.16022 -28.352 55.9634
    endloop
  endfacet
  facet normal 0.0348615 0 -0.999392
    outer loop
      vertex 4.16022 -28.184 55.9634
      vertex 3.02212 -28.352 55.9237
      vertex 3.02212 -28.184 55.9237
    endloop
  endfacet
  facet normal 0.0348801 0 -0.999392
    outer loop
      vertex -5.93722 -28.352 55.6386
      vertex -4.06623 -28.184 55.7039
      vertex -4.06623 -28.352 55.7039
    endloop
  endfacet
  facet normal 0.0348801 0 -0.999392
    outer loop
      vertex -4.06623 -28.184 55.7039
      vertex -5.93722 -28.352 55.6386
      vertex -5.93722 -28.184 55.6386
    endloop
  endfacet
  facet normal 0.034889 0 -0.999391
    outer loop
      vertex -7.12402 -28.352 52.6956
      vertex -3.89288 -28.184 52.8084
      vertex -3.89288 -28.352 52.8084
    endloop
  endfacet
  facet normal 0.034889 0 -0.999391
    outer loop
      vertex -3.89288 -28.184 52.8084
      vertex -7.12402 -28.352 52.6956
      vertex -7.12402 -28.184 52.6956
    endloop
  endfacet
  facet normal 0.0348464 0 -0.999393
    outer loop
      vertex -5.88837 -28.352 54.2396
      vertex -4.24501 -28.184 54.2969
      vertex -4.24501 -28.352 54.2969
    endloop
  endfacet
  facet normal 0.0348464 0 -0.999393
    outer loop
      vertex -4.24501 -28.184 54.2969
      vertex -5.88837 -28.352 54.2396
      vertex -5.88837 -28.184 54.2396
    endloop
  endfacet
  facet normal 0.0350024 0 -0.999387
    outer loop
      vertex -1.97994 -28.352 53.8535
      vertex -1.62304 -28.184 53.866
      vertex -1.62304 -28.352 53.866
    endloop
  endfacet
  facet normal 0.0350024 0 -0.999387
    outer loop
      vertex -1.62304 -28.184 53.866
      vertex -1.97994 -28.352 53.8535
      vertex -1.97994 -28.184 53.8535
    endloop
  endfacet
  facet normal -0.809017 0 -0.587785
    outer loop
      vertex -0.929847 -28.352 52.9119
      vertex -1.62304 -28.184 53.866
      vertex -0.929847 -28.184 52.9119
    endloop
  endfacet
  facet normal -0.809017 -0 -0.587785
    outer loop
      vertex -1.62304 -28.184 53.866
      vertex -0.929847 -28.352 52.9119
      vertex -1.62304 -28.352 53.866
    endloop
  endfacet
  facet normal 0.0348932 0 -0.999391
    outer loop
      vertex -0.929847 -28.352 52.9119
      vertex -0.0763325 -28.184 52.9417
      vertex -0.0763325 -28.352 52.9417
    endloop
  endfacet
  facet normal 0.0348932 0 -0.999391
    outer loop
      vertex -0.0763325 -28.184 52.9417
      vertex -0.929847 -28.352 52.9119
      vertex -0.929847 -28.184 52.9119
    endloop
  endfacet
  facet normal 0.805918 0 0.592027
    outer loop
      vertex -0.219694 -28.342 53.1368
      vertex -0.360223 -28.184 53.3281
      vertex -0.360223 -28.342 53.3281
    endloop
  endfacet
  facet normal 0.805877 -0.000103581 0.592083
    outer loop
      vertex -0.360223 -28.184 53.3281
      vertex -0.219694 -28.342 53.1368
      vertex -0.0763325 -28.184 52.9417
    endloop
  endfacet
  facet normal 0.805837 0 0.592137
    outer loop
      vertex -0.0763325 -28.352 52.9417
      vertex -0.219694 -28.342 53.1368
      vertex -0.219694 -28.352 53.1368
    endloop
  endfacet
  facet normal 0.805837 0 0.592137
    outer loop
      vertex -0.219694 -28.342 53.1368
      vertex -0.0763325 -28.352 52.9417
      vertex -0.0763325 -28.184 52.9417
    endloop
  endfacet
  facet normal 0.573599 0 -0.819136
    outer loop
      vertex -0.293346 -28.52 53.9803
      vertex -0.284492 -28.174 53.9865
      vertex -0.284492 -28.52 53.9865
    endloop
  endfacet
  facet normal 0.573599 0 -0.819136
    outer loop
      vertex -0.284492 -28.174 53.9865
      vertex -0.293346 -28.52 53.9803
      vertex -0.293346 -28.174 53.9803
    endloop
  endfacet
  facet normal 0.805929 0 0.592012
    outer loop
      vertex -0.388142 -28.184 54.1276
      vertex -0.388142 -28.52 54.1276
      vertex -0.284494 -28.184 53.9865
    endloop
  endfacet
  facet normal 0 0 1
    outer loop
      vertex -0.284494 -28.184 53.9865
      vertex -0.284492 -28.174 53.9865
      vertex -0.284494 -28.174 53.9865
    endloop
  endfacet
  facet normal -0 0 1
    outer loop
      vertex -0.284494 -28.184 53.9865
      vertex -0.284492 -28.52 53.9865
      vertex -0.284492 -28.174 53.9865
    endloop
  endfacet
  facet normal 0.805924 4.79716e-06 0.59202
    outer loop
      vertex -0.284492 -28.52 53.9865
      vertex -0.284494 -28.184 53.9865
      vertex -0.388142 -28.52 54.1276
    endloop
  endfacet
  facet normal 0.513848 0 -0.857881
    outer loop
      vertex -0.388142 -28.52 54.1276
      vertex -0.300325 -28.352 54.1802
      vertex -0.300325 -28.52 54.1802
    endloop
  endfacet
  facet normal 0.513848 0 -0.857881
    outer loop
      vertex -0.388142 -28.184 54.1276
      vertex -0.300325 -28.352 54.1802
      vertex -0.388142 -28.52 54.1276
    endloop
  endfacet
  facet normal 0.513848 0 -0.857881
    outer loop
      vertex -0.300325 -28.352 54.1802
      vertex -0.388142 -28.184 54.1276
      vertex -0.300325 -28.184 54.1802
    endloop
  endfacet
  facet normal 0.571121 0 -0.820866
    outer loop
      vertex -0.300325 -28.352 54.1802
      vertex -0.217106 -28.184 54.2381
      vertex -0.217106 -28.352 54.2381
    endloop
  endfacet
  facet normal 0.571121 0 -0.820866
    outer loop
      vertex -0.217106 -28.184 54.2381
      vertex -0.300325 -28.352 54.1802
      vertex -0.300325 -28.184 54.1802
    endloop
  endfacet
  facet normal 0.628121 0 -0.778116
    outer loop
      vertex -0.217106 -28.352 54.2381
      vertex -0.139681 -28.184 54.3006
      vertex -0.139681 -28.352 54.3006
    endloop
  endfacet
  facet normal 0.628121 0 -0.778116
    outer loop
      vertex -0.139681 -28.184 54.3006
      vertex -0.217106 -28.352 54.2381
      vertex -0.217106 -28.184 54.2381
    endloop
  endfacet
  facet normal 0.6838 0 -0.729669
    outer loop
      vertex -0.139681 -28.352 54.3006
      vertex -0.06808 -28.184 54.3677
      vertex -0.06808 -28.352 54.3677
    endloop
  endfacet
  facet normal 0.6838 0 -0.729669
    outer loop
      vertex -0.06808 -28.184 54.3677
      vertex -0.139681 -28.352 54.3006
      vertex -0.139681 -28.184 54.3006
    endloop
  endfacet
  facet normal 0.736339 0 -0.676612
    outer loop
      vertex -0.00228773 -28.352 54.4393
      vertex -0.06808 -28.184 54.3677
      vertex -0.00228773 -28.184 54.4393
    endloop
  endfacet
  facet normal 0.736339 0 -0.676612
    outer loop
      vertex -0.06808 -28.184 54.3677
      vertex -0.00228773 -28.352 54.4393
      vertex -0.06808 -28.352 54.3677
    endloop
  endfacet
  facet normal 0.786075 0 -0.618131
    outer loop
      vertex 0.0577108 -28.352 54.5156
      vertex -0.00228773 -28.184 54.4393
      vertex 0.0577108 -28.184 54.5156
    endloop
  endfacet
  facet normal 0.786075 0 -0.618131
    outer loop
      vertex -0.00228773 -28.184 54.4393
      vertex 0.0577108 -28.352 54.5156
      vertex -0.00228773 -28.352 54.4393
    endloop
  endfacet
  facet normal 0.830122 0 -0.557582
    outer loop
      vertex 0.111916 -28.352 54.5963
      vertex 0.0577108 -28.184 54.5156
      vertex 0.111916 -28.184 54.5963
    endloop
  endfacet
  facet normal 0.830122 0 -0.557582
    outer loop
      vertex 0.0577108 -28.184 54.5156
      vertex 0.111916 -28.352 54.5963
      vertex 0.0577108 -28.352 54.5156
    endloop
  endfacet
  facet normal 0.871494 0 -0.490405
    outer loop
      vertex 0.159747 -28.352 54.6813
      vertex 0.111916 -28.184 54.5963
      vertex 0.159747 -28.184 54.6813
    endloop
  endfacet
  facet normal 0.871494 0 -0.490405
    outer loop
      vertex 0.111916 -28.184 54.5963
      vertex 0.159747 -28.352 54.6813
      vertex 0.111916 -28.352 54.5963
    endloop
  endfacet
  facet normal 0.907773 0 -0.419461
    outer loop
      vertex 0.200687 -28.352 54.7699
      vertex 0.159747 -28.184 54.6813
      vertex 0.200687 -28.184 54.7699
    endloop
  endfacet
  facet normal 0.907773 0 -0.419461
    outer loop
      vertex 0.159747 -28.184 54.6813
      vertex 0.200687 -28.352 54.7699
      vertex 0.159747 -28.352 54.6813
    endloop
  endfacet
  facet normal 0.93808 0 -0.346418
    outer loop
      vertex 0.234735 -28.352 54.8621
      vertex 0.200687 -28.184 54.7699
      vertex 0.234735 -28.184 54.8621
    endloop
  endfacet
  facet normal 0.93808 0 -0.346418
    outer loop
      vertex 0.200687 -28.184 54.7699
      vertex 0.234735 -28.352 54.8621
      vertex 0.200687 -28.352 54.7699
    endloop
  endfacet
  facet normal 0.962249 0 -0.272169
    outer loop
      vertex 0.26186 -28.352 54.958
      vertex 0.234735 -28.184 54.8621
      vertex 0.26186 -28.184 54.958
    endloop
  endfacet
  facet normal 0.962249 0 -0.272169
    outer loop
      vertex 0.234735 -28.184 54.8621
      vertex 0.26186 -28.352 54.958
      vertex 0.234735 -28.352 54.8621
    endloop
  endfacet
  facet normal -0 0 -1
    outer loop
      vertex 0.266122 -28.174 54.979
      vertex 0.266119 -28.184 54.979
      vertex 0.266119 -28.174 54.979
    endloop
  endfacet
  facet normal 0 0 -1
    outer loop
      vertex 0.266122 -28.352 54.979
      vertex 0.266119 -28.184 54.979
      vertex 0.266122 -28.174 54.979
    endloop
  endfacet
  facet normal 0.980048 1.75008e-05 -0.198763
    outer loop
      vertex 0.266122 -28.352 54.979
      vertex 0.26186 -28.184 54.958
      vertex 0.266119 -28.184 54.979
    endloop
  endfacet
  facet normal 0.98002 0 -0.198897
    outer loop
      vertex 0.26186 -28.184 54.958
      vertex 0.266122 -28.352 54.979
      vertex 0.26186 -28.352 54.958
    endloop
  endfacet
  facet normal 0.961686 -0 0.274154
    outer loop
      vertex 0.247364 -28.352 55.0448
      vertex 0.266122 -28.174 54.979
      vertex 0.247364 -28.174 55.0448
    endloop
  endfacet
  facet normal 0.961686 0 0.274154
    outer loop
      vertex 0.266122 -28.174 54.979
      vertex 0.247364 -28.352 55.0448
      vertex 0.266122 -28.352 54.979
    endloop
  endfacet
  facet normal 0.0348574 0 -0.999392
    outer loop
      vertex -3.25607 -28.352 52.8307
      vertex -1.94581 -28.184 52.8764
      vertex -1.94581 -28.352 52.8764
    endloop
  endfacet
  facet normal 0.0348574 0 -0.999392
    outer loop
      vertex -1.94581 -28.184 52.8764
      vertex -3.25607 -28.352 52.8307
      vertex -3.25607 -28.184 52.8307
    endloop
  endfacet
  facet normal 0.00607246 0 -0.999982
    outer loop
      vertex -1.56878 -28.352 55.7689
      vertex -1.50291 -28.184 55.7693
      vertex -1.50291 -28.352 55.7693
    endloop
  endfacet
  facet normal 0.00607246 0 -0.999982
    outer loop
      vertex -1.50291 -28.184 55.7693
      vertex -1.56878 -28.352 55.7689
      vertex -1.56878 -28.184 55.7689
    endloop
  endfacet
  facet normal -0.0583798 0 -0.998294
    outer loop
      vertex -1.50291 -28.352 55.7693
      vertex -1.44135 -28.184 55.7657
      vertex -1.44135 -28.352 55.7657
    endloop
  endfacet
  facet normal -0.0583798 0 -0.998294
    outer loop
      vertex -1.44135 -28.184 55.7657
      vertex -1.50291 -28.352 55.7693
      vertex -1.50291 -28.184 55.7693
    endloop
  endfacet
  facet normal -0.129828 0 -0.991537
    outer loop
      vertex -1.44135 -28.352 55.7657
      vertex -1.38407 -28.184 55.7582
      vertex -1.38407 -28.352 55.7582
    endloop
  endfacet
  facet normal -0.129828 0 -0.991537
    outer loop
      vertex -1.38407 -28.184 55.7582
      vertex -1.44135 -28.352 55.7657
      vertex -1.44135 -28.184 55.7657
    endloop
  endfacet
  facet normal -0.213807 0 -0.976876
    outer loop
      vertex -1.38407 -28.352 55.7582
      vertex -1.33107 -28.184 55.7466
      vertex -1.33107 -28.352 55.7466
    endloop
  endfacet
  facet normal -0.213807 0 -0.976876
    outer loop
      vertex -1.33107 -28.184 55.7466
      vertex -1.38407 -28.352 55.7582
      vertex -1.38407 -28.184 55.7582
    endloop
  endfacet
  facet normal -0.303284 0 -0.9529
    outer loop
      vertex -1.33107 -28.352 55.7466
      vertex -1.28237 -28.184 55.7311
      vertex -1.28237 -28.352 55.7311
    endloop
  endfacet
  facet normal -0.303284 0 -0.9529
    outer loop
      vertex -1.28237 -28.184 55.7311
      vertex -1.33107 -28.352 55.7466
      vertex -1.33107 -28.184 55.7466
    endloop
  endfacet
  facet normal -0.400461 0 -0.916314
    outer loop
      vertex -1.28237 -28.352 55.7311
      vertex -1.23798 -28.184 55.7117
      vertex -1.23798 -28.352 55.7117
    endloop
  endfacet
  facet normal -0.400461 0 -0.916314
    outer loop
      vertex -1.23798 -28.184 55.7117
      vertex -1.28237 -28.352 55.7311
      vertex -1.28237 -28.184 55.7311
    endloop
  endfacet
  facet normal -0.505421 0 -0.862873
    outer loop
      vertex -1.23798 -28.352 55.7117
      vertex -1.19786 -28.184 55.6882
      vertex -1.19786 -28.352 55.6882
    endloop
  endfacet
  facet normal -0.505421 0 -0.862873
    outer loop
      vertex -1.19786 -28.184 55.6882
      vertex -1.23798 -28.352 55.7117
      vertex -1.23798 -28.184 55.7117
    endloop
  endfacet
  facet normal -0.607458 0 -0.794352
    outer loop
      vertex -1.19786 -28.352 55.6882
      vertex -1.16203 -28.184 55.6608
      vertex -1.16203 -28.352 55.6608
    endloop
  endfacet
  facet normal -0.607458 0 -0.794352
    outer loop
      vertex -1.16203 -28.184 55.6608
      vertex -1.19786 -28.352 55.6882
      vertex -1.19786 -28.184 55.6882
    endloop
  endfacet
  facet normal -0.698126 0 -0.715975
    outer loop
      vertex -1.16203 -28.352 55.6608
      vertex -1.13034 -28.184 55.6299
      vertex -1.13034 -28.352 55.6299
    endloop
  endfacet
  facet normal -0.698126 0 -0.715975
    outer loop
      vertex -1.13034 -28.184 55.6299
      vertex -1.16203 -28.352 55.6608
      vertex -1.16203 -28.184 55.6608
    endloop
  endfacet
  facet normal -0.772413 0 -0.635121
    outer loop
      vertex -1.10263 -28.352 55.5962
      vertex -1.13034 -28.184 55.6299
      vertex -1.10263 -28.184 55.5962
    endloop
  endfacet
  facet normal -0.772413 -0 -0.635121
    outer loop
      vertex -1.13034 -28.184 55.6299
      vertex -1.10263 -28.352 55.5962
      vertex -1.13034 -28.352 55.6299
    endloop
  endfacet
  facet normal -0.839644 0 -0.543137
    outer loop
      vertex -1.07889 -28.352 55.5595
      vertex -1.10263 -28.184 55.5962
      vertex -1.07889 -28.184 55.5595
    endloop
  endfacet
  facet normal -0.839644 -0 -0.543137
    outer loop
      vertex -1.10263 -28.184 55.5962
      vertex -1.07889 -28.352 55.5595
      vertex -1.10263 -28.352 55.5962
    endloop
  endfacet
  facet normal -0.894879 0 -0.446309
    outer loop
      vertex -1.05914 -28.352 55.5199
      vertex -1.07889 -28.184 55.5595
      vertex -1.05914 -28.184 55.5199
    endloop
  endfacet
  facet normal -0.894879 -0 -0.446309
    outer loop
      vertex -1.07889 -28.184 55.5595
      vertex -1.05914 -28.352 55.5199
      vertex -1.07889 -28.352 55.5595
    endloop
  endfacet
  facet normal -0.937466 0 -0.348076
    outer loop
      vertex -1.04336 -28.352 55.4774
      vertex -1.05914 -28.184 55.5199
      vertex -1.04336 -28.184 55.4774
    endloop
  endfacet
  facet normal -0.937466 -0 -0.348076
    outer loop
      vertex -1.05914 -28.184 55.5199
      vertex -1.04336 -28.352 55.4774
      vertex -1.05914 -28.352 55.5199
    endloop
  endfacet
  facet normal -0.968029 0 -0.250837
    outer loop
      vertex -1.03157 -28.352 55.4319
      vertex -1.04336 -28.184 55.4774
      vertex -1.03157 -28.184 55.4319
    endloop
  endfacet
  facet normal -0.968029 -0 -0.250837
    outer loop
      vertex -1.04336 -28.184 55.4774
      vertex -1.03157 -28.352 55.4319
      vertex -1.04336 -28.352 55.4774
    endloop
  endfacet
  facet normal -0.987178 0 -0.159624
    outer loop
      vertex -1.02376 -28.184 55.3836
      vertex -1.03157 -28.352 55.4319
      vertex -1.03157 -28.184 55.4319
    endloop
  endfacet
  facet normal -0.987178 0 -0.159624
    outer loop
      vertex -1.02376 -28.52 55.3836
      vertex -1.03157 -28.352 55.4319
      vertex -1.02376 -28.184 55.3836
    endloop
  endfacet
  facet normal -0.987178 -0 -0.159624
    outer loop
      vertex -1.03157 -28.352 55.4319
      vertex -1.02376 -28.52 55.3836
      vertex -1.03157 -28.52 55.4319
    endloop
  endfacet
  facet normal -0.997225 0 -0.0744517
    outer loop
      vertex -1.01993 -28.52 55.3323
      vertex -1.02376 -28.184 55.3836
      vertex -1.01993 -28.184 55.3323
    endloop
  endfacet
  facet normal -0.997225 -0 -0.0744517
    outer loop
      vertex -1.02376 -28.184 55.3836
      vertex -1.01993 -28.52 55.3323
      vertex -1.02376 -28.52 55.3836
    endloop
  endfacet
  facet normal -0.999988 0 0.00485431
    outer loop
      vertex -1.02018 -28.52 55.2808
      vertex -1.01993 -28.184 55.3323
      vertex -1.02018 -28.184 55.2808
    endloop
  endfacet
  facet normal -0.999988 0 0.00485431
    outer loop
      vertex -1.01993 -28.184 55.3323
      vertex -1.02018 -28.52 55.2808
      vertex -1.01993 -28.52 55.3323
    endloop
  endfacet
  facet normal -0.995942 0 0.0900021
    outer loop
      vertex -1.02459 -28.52 55.232
      vertex -1.02018 -28.184 55.2808
      vertex -1.02459 -28.184 55.232
    endloop
  endfacet
  facet normal -0.995942 0 0.0900021
    outer loop
      vertex -1.02018 -28.184 55.2808
      vertex -1.02459 -28.52 55.232
      vertex -1.02018 -28.52 55.2808
    endloop
  endfacet
  facet normal 0.0349554 0 -0.999389
    outer loop
      vertex -2.04624 -28.352 55.7522
      vertex -1.56878 -28.184 55.7689
      vertex -1.56878 -28.352 55.7689
    endloop
  endfacet
  facet normal 0.0349554 0 -0.999389
    outer loop
      vertex -1.56878 -28.184 55.7689
      vertex -2.04624 -28.352 55.7522
      vertex -2.04624 -28.184 55.7522
    endloop
  endfacet
  facet normal 0.0349174 0 -0.99939
    outer loop
      vertex 9.15823 -28.352 53.2642
      vertex 10.4462 -28.184 53.3092
      vertex 10.4462 -28.352 53.3092
    endloop
  endfacet
  facet normal 0.0349174 0 -0.99939
    outer loop
      vertex 10.4462 -28.184 53.3092
      vertex 9.15823 -28.352 53.2642
      vertex 9.15823 -28.184 53.2642
    endloop
  endfacet
  facet normal 0.766075 0 -0.642751
    outer loop
      vertex 10.693 -28.352 54.6056
      vertex 10.4126 -28.184 54.2714
      vertex 10.693 -28.184 54.6056
    endloop
  endfacet
  facet normal 0.766075 0 -0.642751
    outer loop
      vertex 10.4126 -28.184 54.2714
      vertex 10.693 -28.352 54.6056
      vertex 10.4126 -28.352 54.2714
    endloop
  endfacet
  facet normal -0.775602 0 -0.631222
    outer loop
      vertex 11.7121 -28.352 53.3534
      vertex 10.693 -28.184 54.6056
      vertex 11.7121 -28.184 53.3534
    endloop
  endfacet
  facet normal -0.775602 -0 -0.631222
    outer loop
      vertex 10.693 -28.184 54.6056
      vertex 11.7121 -28.352 53.3534
      vertex 10.693 -28.352 54.6056
    endloop
  endfacet
  facet normal 0 0 -1
    outer loop
      vertex 12.6272 -28.352 53.3853
      vertex 12.6271 -28.184 53.3853
      vertex 12.6272 -28.174 53.3853
    endloop
  endfacet
  facet normal 0.0348384 2.07372e-05 -0.999393
    outer loop
      vertex 11.7121 -28.352 53.3534
      vertex 12.6271 -28.184 53.3853
      vertex 12.6272 -28.352 53.3853
    endloop
  endfacet
  facet normal 0.0348422 0 -0.999393
    outer loop
      vertex 12.6271 -28.184 53.3853
      vertex 11.7121 -28.352 53.3534
      vertex 11.7121 -28.184 53.3534
    endloop
  endfacet
  facet normal -0 0 -1
    outer loop
      vertex 12.6272 -28.174 53.3853
      vertex 12.6271 -28.184 53.3853
      vertex 12.6271 -28.174 53.3853
    endloop
  endfacet
  facet normal 0.778104 -0 0.628135
    outer loop
      vertex 11.547 -28.352 54.7234
      vertex 12.6272 -28.174 53.3853
      vertex 11.547 -28.174 54.7234
    endloop
  endfacet
  facet normal 0.778104 0 0.628135
    outer loop
      vertex 12.6272 -28.174 53.3853
      vertex 11.547 -28.352 54.7234
      vertex 12.6272 -28.352 53.3853
    endloop
  endfacet
  facet normal 0.76351 0 -0.645796
    outer loop
      vertex 11.605 -28.52 55.4164
      vertex 11.526 -28.174 55.323
      vertex 11.605 -28.174 55.4164
    endloop
  endfacet
  facet normal 0.76351 0 -0.645796
    outer loop
      vertex 11.526 -28.174 55.323
      vertex 11.605 -28.52 55.4164
      vertex 11.526 -28.52 55.323
    endloop
  endfacet
  facet normal 0.778367 -0 0.62781
    outer loop
      vertex 11.5191 -28.352 55.5229
      vertex 11.605 -28.184 55.4164
      vertex 11.5191 -28.184 55.5229
    endloop
  endfacet
  facet normal 0.778367 0 0.62781
    outer loop
      vertex 11.605 -28.52 55.4164
      vertex 11.5191 -28.352 55.5229
      vertex 11.5191 -28.52 55.5229
    endloop
  endfacet
  facet normal 0.778367 0 0.62781
    outer loop
      vertex 11.5191 -28.352 55.5229
      vertex 11.605 -28.52 55.4164
      vertex 11.605 -28.184 55.4164
    endloop
  endfacet
  facet normal -0 0 0
    outer loop
      vertex 11.605 -28.184 55.4164
      vertex 11.605 -28.52 55.4164
      vertex 11.605 -28.174 55.4164
    endloop
  endfacet
  facet normal 0.763371 0 -0.64596
    outer loop
      vertex 12.3163 -28.352 56.465
      vertex 11.5191 -28.184 55.5229
      vertex 12.3163 -28.184 56.465
    endloop
  endfacet
  facet normal 0.763371 0 -0.64596
    outer loop
      vertex 11.5191 -28.184 55.5229
      vertex 12.3163 -28.352 56.465
      vertex 11.5191 -28.352 55.5229
    endloop
  endfacet
  facet normal -0.744469 0 -0.667657
    outer loop
      vertex -13.7385 -28.352 52.4646
      vertex -15.277 -28.184 54.1801
      vertex -13.7385 -28.184 52.4646
    endloop
  endfacet
  facet normal -0.744469 -0 -0.667657
    outer loop
      vertex -15.277 -28.184 54.1801
      vertex -13.7385 -28.352 52.4646
      vertex -15.277 -28.352 54.1801
    endloop
  endfacet
  facet normal 0.0348905 0 -0.999391
    outer loop
      vertex -13.7385 -28.352 52.4646
      vertex -12.6615 -28.184 52.5022
      vertex -12.6615 -28.352 52.5022
    endloop
  endfacet
  facet normal 0.0348905 0 -0.999391
    outer loop
      vertex -12.6615 -28.184 52.5022
      vertex -13.7385 -28.352 52.4646
      vertex -13.7385 -28.184 52.4646
    endloop
  endfacet
  facet normal 0.0349071 0 -0.999391
    outer loop
      vertex -16.4922 -28.352 52.3684
      vertex -15.2153 -28.184 52.413
      vertex -15.2153 -28.352 52.413
    endloop
  endfacet
  facet normal 0.0349071 0 -0.999391
    outer loop
      vertex -15.2153 -28.184 52.413
      vertex -16.4922 -28.352 52.3684
      vertex -16.4922 -28.184 52.3684
    endloop
  endfacet
  facet normal 0.105414 0 -0.994428
    outer loop
      vertex -9.79612 -28.352 52.606
      vertex -9.64141 -28.184 52.6224
      vertex -9.64141 -28.352 52.6224
    endloop
  endfacet
  facet normal 0.105414 0 -0.994428
    outer loop
      vertex -9.64141 -28.184 52.6224
      vertex -9.79612 -28.352 52.606
      vertex -9.79612 -28.184 52.606
    endloop
  endfacet
  facet normal 0.156461 0 -0.987684
    outer loop
      vertex -9.64141 -28.352 52.6224
      vertex -9.4918 -28.184 52.6461
      vertex -9.4918 -28.352 52.6461
    endloop
  endfacet
  facet normal 0.156461 0 -0.987684
    outer loop
      vertex -9.4918 -28.184 52.6461
      vertex -9.64141 -28.352 52.6224
      vertex -9.64141 -28.184 52.6224
    endloop
  endfacet
  facet normal 0.209127 0 -0.977888
    outer loop
      vertex -9.4918 -28.352 52.6461
      vertex -9.34731 -28.184 52.677
      vertex -9.34731 -28.352 52.677
    endloop
  endfacet
  facet normal 0.209127 0 -0.977888
    outer loop
      vertex -9.34731 -28.184 52.677
      vertex -9.4918 -28.352 52.6461
      vertex -9.4918 -28.184 52.6461
    endloop
  endfacet
  facet normal 0.263697 0 -0.964606
    outer loop
      vertex -9.34731 -28.352 52.677
      vertex -9.20794 -28.184 52.7151
      vertex -9.20794 -28.352 52.7151
    endloop
  endfacet
  facet normal 0.263697 0 -0.964606
    outer loop
      vertex -9.20794 -28.184 52.7151
      vertex -9.34731 -28.352 52.677
      vertex -9.34731 -28.184 52.677
    endloop
  endfacet
  facet normal 0.319698 0 -0.94752
    outer loop
      vertex -9.20794 -28.352 52.7151
      vertex -9.07368 -28.184 52.7604
      vertex -9.07368 -28.352 52.7604
    endloop
  endfacet
  facet normal 0.319698 0 -0.94752
    outer loop
      vertex -9.07368 -28.184 52.7604
      vertex -9.20794 -28.352 52.7151
      vertex -9.20794 -28.184 52.7151
    endloop
  endfacet
  facet normal 0.376629 0 -0.926364
    outer loop
      vertex -9.07368 -28.352 52.7604
      vertex -8.94455 -28.184 52.8129
      vertex -8.94455 -28.352 52.8129
    endloop
  endfacet
  facet normal 0.376629 0 -0.926364
    outer loop
      vertex -8.94455 -28.184 52.8129
      vertex -9.07368 -28.352 52.7604
      vertex -9.07368 -28.184 52.7604
    endloop
  endfacet
  facet normal 0.433737 0 -0.90104
    outer loop
      vertex -8.94455 -28.352 52.8129
      vertex -8.82053 -28.184 52.8726
      vertex -8.82053 -28.352 52.8726
    endloop
  endfacet
  facet normal 0.433737 0 -0.90104
    outer loop
      vertex -8.82053 -28.184 52.8726
      vertex -8.94455 -28.352 52.8129
      vertex -8.94455 -28.184 52.8129
    endloop
  endfacet
  facet normal 0.489903 0 -0.871777
    outer loop
      vertex -8.82053 -28.352 52.8726
      vertex -8.70255 -28.184 52.9389
      vertex -8.70255 -28.352 52.9389
    endloop
  endfacet
  facet normal 0.489903 0 -0.871777
    outer loop
      vertex -8.70255 -28.184 52.9389
      vertex -8.82053 -28.352 52.8726
      vertex -8.82053 -28.184 52.8726
    endloop
  endfacet
  facet normal 0.545819 0 -0.837903
    outer loop
      vertex -8.70255 -28.352 52.9389
      vertex -8.59156 -28.184 53.0112
      vertex -8.59156 -28.352 53.0112
    endloop
  endfacet
  facet normal 0.545819 0 -0.837903
    outer loop
      vertex -8.59156 -28.184 53.0112
      vertex -8.70255 -28.352 52.9389
      vertex -8.70255 -28.184 52.9389
    endloop
  endfacet
  facet normal 0.601474 0 -0.798892
    outer loop
      vertex -8.59156 -28.352 53.0112
      vertex -8.48756 -28.184 53.0895
      vertex -8.48756 -28.352 53.0895
    endloop
  endfacet
  facet normal 0.601474 0 -0.798892
    outer loop
      vertex -8.48756 -28.184 53.0895
      vertex -8.59156 -28.352 53.0112
      vertex -8.59156 -28.184 53.0112
    endloop
  endfacet
  facet normal 0.656333 0 -0.754472
    outer loop
      vertex -8.48756 -28.352 53.0895
      vertex -8.39054 -28.184 53.1739
      vertex -8.39054 -28.352 53.1739
    endloop
  endfacet
  facet normal 0.656333 0 -0.754472
    outer loop
      vertex -8.39054 -28.184 53.1739
      vertex -8.48756 -28.352 53.0895
      vertex -8.48756 -28.184 53.0895
    endloop
  endfacet
  facet normal 0.708125 0 -0.706087
    outer loop
      vertex -8.3005 -28.352 53.2642
      vertex -8.39054 -28.184 53.1739
      vertex -8.3005 -28.184 53.2642
    endloop
  endfacet
  facet normal 0.708125 0 -0.706087
    outer loop
      vertex -8.39054 -28.184 53.1739
      vertex -8.3005 -28.352 53.2642
      vertex -8.39054 -28.352 53.1739
    endloop
  endfacet
  facet normal 0.757618 0 -0.652699
    outer loop
      vertex -8.21745 -28.352 53.3606
      vertex -8.3005 -28.184 53.2642
      vertex -8.21745 -28.184 53.3606
    endloop
  endfacet
  facet normal 0.757618 0 -0.652699
    outer loop
      vertex -8.3005 -28.184 53.2642
      vertex -8.21745 -28.352 53.3606
      vertex -8.3005 -28.352 53.2642
    endloop
  endfacet
  facet normal 0.802459 0 -0.596707
    outer loop
      vertex -8.14138 -28.352 53.4629
      vertex -8.21745 -28.184 53.3606
      vertex -8.14138 -28.184 53.4629
    endloop
  endfacet
  facet normal 0.802459 0 -0.596707
    outer loop
      vertex -8.21745 -28.184 53.3606
      vertex -8.14138 -28.352 53.4629
      vertex -8.21745 -28.352 53.3606
    endloop
  endfacet
  facet normal 0.84328 0 -0.537474
    outer loop
      vertex -8.07229 -28.352 53.5713
      vertex -8.14138 -28.184 53.4629
      vertex -8.07229 -28.184 53.5713
    endloop
  endfacet
  facet normal 0.84328 0 -0.537474
    outer loop
      vertex -8.14138 -28.184 53.4629
      vertex -8.07229 -28.352 53.5713
      vertex -8.14138 -28.352 53.4629
    endloop
  endfacet
  facet normal 0.880849 0 -0.473398
    outer loop
      vertex -8.01113 -28.352 53.6851
      vertex -8.07229 -28.184 53.5713
      vertex -8.01113 -28.184 53.6851
    endloop
  endfacet
  facet normal 0.880849 0 -0.473398
    outer loop
      vertex -8.07229 -28.184 53.5713
      vertex -8.01113 -28.352 53.6851
      vertex -8.07229 -28.352 53.5713
    endloop
  endfacet
  facet normal 0.914928 0 -0.403617
    outer loop
      vertex -7.95881 -28.352 53.8037
      vertex -8.01113 -28.184 53.6851
      vertex -7.95881 -28.184 53.8037
    endloop
  endfacet
  facet normal 0.914928 0 -0.403617
    outer loop
      vertex -8.01113 -28.184 53.6851
      vertex -7.95881 -28.352 53.8037
      vertex -8.01113 -28.352 53.6851
    endloop
  endfacet
  facet normal 0.943237 0 -0.33212
    outer loop
      vertex -7.91536 -28.352 53.9271
      vertex -7.95881 -28.184 53.8037
      vertex -7.91536 -28.184 53.9271
    endloop
  endfacet
  facet normal 0.943237 0 -0.33212
    outer loop
      vertex -7.95881 -28.184 53.8037
      vertex -7.91536 -28.352 53.9271
      vertex -7.95881 -28.352 53.8037
    endloop
  endfacet
  facet normal 0.965437 0 -0.260638
    outer loop
      vertex -7.88075 -28.352 54.0553
      vertex -7.91536 -28.184 53.9271
      vertex -7.88075 -28.184 54.0553
    endloop
  endfacet
  facet normal 0.965437 0 -0.260638
    outer loop
      vertex -7.91536 -28.184 53.9271
      vertex -7.88075 -28.352 54.0553
      vertex -7.91536 -28.352 53.9271
    endloop
  endfacet
  facet normal 0.981795 0 -0.189942
    outer loop
      vertex -7.855 -28.352 54.1884
      vertex -7.88075 -28.184 54.0553
      vertex -7.855 -28.184 54.1884
    endloop
  endfacet
  facet normal 0.981795 0 -0.189942
    outer loop
      vertex -7.88075 -28.184 54.0553
      vertex -7.855 -28.352 54.1884
      vertex -7.88075 -28.352 54.0553
    endloop
  endfacet
  facet normal 1 0 0
    outer loop
      vertex -7.85151 -28.174 54.2169
      vertex -7.85151 -28.184 54.2168
      vertex -7.85151 -28.174 54.2168
    endloop
  endfacet
  facet normal 1 -0 0
    outer loop
      vertex -7.85151 -28.352 54.2169
      vertex -7.85151 -28.184 54.2168
      vertex -7.85151 -28.174 54.2169
    endloop
  endfacet
  facet normal 0.992534 -7.26011e-05 -0.12197
    outer loop
      vertex -7.85151 -28.352 54.2169
      vertex -7.855 -28.184 54.1884
      vertex -7.85151 -28.184 54.2168
    endloop
  endfacet
  facet normal 0.992586 0 -0.121548
    outer loop
      vertex -7.855 -28.184 54.1884
      vertex -7.85151 -28.352 54.2169
      vertex -7.855 -28.352 54.1884
    endloop
  endfacet
  facet normal 0.981763 -0 0.190108
    outer loop
      vertex -7.85699 -28.352 54.2452
      vertex -7.85151 -28.174 54.2169
      vertex -7.85699 -28.174 54.2452
    endloop
  endfacet
  facet normal 0.981763 0 0.190108
    outer loop
      vertex -7.85151 -28.174 54.2169
      vertex -7.85699 -28.352 54.2452
      vertex -7.85151 -28.352 54.2169
    endloop
  endfacet
  facet normal 0.0349071 0 -0.999391
    outer loop
      vertex -11.8713 -28.352 52.5298
      vertex -9.95595 -28.184 52.5967
      vertex -9.95595 -28.352 52.5967
    endloop
  endfacet
  facet normal 0.0349071 0 -0.999391
    outer loop
      vertex -9.95595 -28.184 52.5967
      vertex -11.8713 -28.352 52.5298
      vertex -11.8713 -28.184 52.5298
    endloop
  endfacet
  facet normal 0.0580886 0 -0.998311
    outer loop
      vertex -9.95595 -28.352 52.5967
      vertex -9.79612 -28.184 52.606
      vertex -9.79612 -28.352 52.606
    endloop
  endfacet
  facet normal 0.0580886 0 -0.998311
    outer loop
      vertex -9.79612 -28.184 52.606
      vertex -9.95595 -28.352 52.5967
      vertex -9.95595 -28.184 52.5967
    endloop
  endfacet
  facet normal 0.0102334 0 -0.999948
    outer loop
      vertex -10.1115 -28.352 55.4595
      vertex -10.0431 -28.184 55.4602
      vertex -10.0431 -28.352 55.4602
    endloop
  endfacet
  facet normal 0.0102334 0 -0.999948
    outer loop
      vertex -10.0431 -28.184 55.4602
      vertex -10.1115 -28.352 55.4595
      vertex -10.1115 -28.184 55.4595
    endloop
  endfacet
  facet normal -0.0391974 0 -0.999231
    outer loop
      vertex -10.0431 -28.352 55.4602
      vertex -9.97682 -28.184 55.4576
      vertex -9.97682 -28.352 55.4576
    endloop
  endfacet
  facet normal -0.0391974 0 -0.999231
    outer loop
      vertex -9.97682 -28.184 55.4576
      vertex -10.0431 -28.352 55.4602
      vertex -10.0431 -28.184 55.4602
    endloop
  endfacet
  facet normal -0.0929663 0 -0.995669
    outer loop
      vertex -9.97682 -28.352 55.4576
      vertex -9.91256 -28.184 55.4516
      vertex -9.91256 -28.352 55.4516
    endloop
  endfacet
  facet normal -0.0929663 0 -0.995669
    outer loop
      vertex -9.91256 -28.184 55.4516
      vertex -9.97682 -28.352 55.4576
      vertex -9.97682 -28.184 55.4576
    endloop
  endfacet
  facet normal -0.149405 0 -0.988776
    outer loop
      vertex -9.91256 -28.352 55.4516
      vertex -9.85035 -28.184 55.4422
      vertex -9.85035 -28.352 55.4422
    endloop
  endfacet
  facet normal -0.149405 0 -0.988776
    outer loop
      vertex -9.85035 -28.184 55.4422
      vertex -9.91256 -28.352 55.4516
      vertex -9.91256 -28.184 55.4516
    endloop
  endfacet
  facet normal -0.208108 0 -0.978106
    outer loop
      vertex -9.85035 -28.352 55.4422
      vertex -9.79019 -28.184 55.4294
      vertex -9.79019 -28.352 55.4294
    endloop
  endfacet
  facet normal -0.208108 0 -0.978106
    outer loop
      vertex -9.79019 -28.184 55.4294
      vertex -9.85035 -28.352 55.4422
      vertex -9.85035 -28.184 55.4422
    endloop
  endfacet
  facet normal -0.267045 0 -0.963684
    outer loop
      vertex -9.79019 -28.352 55.4294
      vertex -9.73209 -28.184 55.4133
      vertex -9.73209 -28.352 55.4133
    endloop
  endfacet
  facet normal -0.267045 0 -0.963684
    outer loop
      vertex -9.73209 -28.184 55.4133
      vertex -9.79019 -28.352 55.4294
      vertex -9.79019 -28.184 55.4294
    endloop
  endfacet
  facet normal -0.328586 0 -0.944474
    outer loop
      vertex -9.73209 -28.352 55.4133
      vertex -9.67604 -28.184 55.3938
      vertex -9.67604 -28.352 55.3938
    endloop
  endfacet
  facet normal -0.328586 0 -0.944474
    outer loop
      vertex -9.67604 -28.184 55.3938
      vertex -9.73209 -28.352 55.4133
      vertex -9.73209 -28.184 55.4133
    endloop
  endfacet
  facet normal -0.39048 0 -0.920612
    outer loop
      vertex -9.67604 -28.352 55.3938
      vertex -9.62205 -28.184 55.3709
      vertex -9.62205 -28.352 55.3709
    endloop
  endfacet
  facet normal -0.39048 0 -0.920612
    outer loop
      vertex -9.62205 -28.184 55.3709
      vertex -9.67604 -28.352 55.3938
      vertex -9.67604 -28.184 55.3938
    endloop
  endfacet
  facet normal -0.451429 0 -0.892307
    outer loop
      vertex -9.62205 -28.352 55.3709
      vertex -9.57046 -28.184 55.3448
      vertex -9.57046 -28.352 55.3448
    endloop
  endfacet
  facet normal -0.451429 0 -0.892307
    outer loop
      vertex -9.57046 -28.184 55.3448
      vertex -9.62205 -28.352 55.3709
      vertex -9.62205 -28.184 55.3709
    endloop
  endfacet
  facet normal -0.515733 0 -0.856749
    outer loop
      vertex -9.57046 -28.352 55.3448
      vertex -9.52162 -28.184 55.3154
      vertex -9.52162 -28.352 55.3154
    endloop
  endfacet
  facet normal -0.515733 0 -0.856749
    outer loop
      vertex -9.52162 -28.184 55.3154
      vertex -9.57046 -28.352 55.3448
      vertex -9.57046 -28.184 55.3448
    endloop
  endfacet
  facet normal -0.577462 0 -0.816418
    outer loop
      vertex -9.52162 -28.352 55.3154
      vertex -9.47553 -28.184 55.2828
      vertex -9.47553 -28.352 55.2828
    endloop
  endfacet
  facet normal -0.577462 0 -0.816418
    outer loop
      vertex -9.47553 -28.184 55.2828
      vertex -9.52162 -28.352 55.3154
      vertex -9.52162 -28.184 55.3154
    endloop
  endfacet
  facet normal -0.637997 0 -0.770039
    outer loop
      vertex -9.47553 -28.352 55.2828
      vertex -9.4322 -28.184 55.2469
      vertex -9.4322 -28.352 55.2469
    endloop
  endfacet
  facet normal -0.637997 0 -0.770039
    outer loop
      vertex -9.4322 -28.184 55.2469
      vertex -9.47553 -28.352 55.2828
      vertex -9.47553 -28.184 55.2828
    endloop
  endfacet
  facet normal -0.69302 0 -0.720918
    outer loop
      vertex -9.4322 -28.352 55.2469
      vertex -9.39163 -28.184 55.2079
      vertex -9.39163 -28.352 55.2079
    endloop
  endfacet
  facet normal -0.69302 0 -0.720918
    outer loop
      vertex -9.39163 -28.184 55.2079
      vertex -9.4322 -28.352 55.2469
      vertex -9.4322 -28.184 55.2469
    endloop
  endfacet
  facet normal -0.745481 0 -0.666527
    outer loop
      vertex -9.35381 -28.352 55.1656
      vertex -9.39163 -28.184 55.2079
      vertex -9.35381 -28.184 55.1656
    endloop
  endfacet
  facet normal -0.745481 -0 -0.666527
    outer loop
      vertex -9.39163 -28.184 55.2079
      vertex -9.35381 -28.352 55.1656
      vertex -9.39163 -28.352 55.2079
    endloop
  endfacet
  facet normal -0.792035 0 -0.610476
    outer loop
      vertex -9.31874 -28.352 55.1201
      vertex -9.35381 -28.184 55.1656
      vertex -9.31874 -28.184 55.1201
    endloop
  endfacet
  facet normal -0.792035 -0 -0.610476
    outer loop
      vertex -9.35381 -28.184 55.1656
      vertex -9.31874 -28.352 55.1201
      vertex -9.35381 -28.352 55.1656
    endloop
  endfacet
  facet normal -0.833285 0 -0.552843
    outer loop
      vertex -9.28643 -28.352 55.0714
      vertex -9.31874 -28.184 55.1201
      vertex -9.28643 -28.184 55.0714
    endloop
  endfacet
  facet normal -0.833285 -0 -0.552843
    outer loop
      vertex -9.31874 -28.184 55.1201
      vertex -9.28643 -28.352 55.0714
      vertex -9.31874 -28.352 55.1201
    endloop
  endfacet
  facet normal -0.871674 0 -0.490086
    outer loop
      vertex -9.25725 -28.352 55.0195
      vertex -9.28643 -28.184 55.0714
      vertex -9.25725 -28.184 55.0195
    endloop
  endfacet
  facet normal -0.871674 -0 -0.490086
    outer loop
      vertex -9.28643 -28.184 55.0714
      vertex -9.25725 -28.352 55.0195
      vertex -9.28643 -28.352 55.0714
    endloop
  endfacet
  facet normal -0.90612 0 -0.423021
    outer loop
      vertex -9.23162 -28.352 54.9646
      vertex -9.25725 -28.184 55.0195
      vertex -9.23162 -28.184 54.9646
    endloop
  endfacet
  facet normal -0.90612 -0 -0.423021
    outer loop
      vertex -9.25725 -28.184 55.0195
      vertex -9.23162 -28.352 54.9646
      vertex -9.25725 -28.352 55.0195
    endloop
  endfacet
  facet normal -0.934666 0 -0.355527
    outer loop
      vertex -9.20952 -28.352 54.9065
      vertex -9.23162 -28.184 54.9646
      vertex -9.20952 -28.184 54.9065
    endloop
  endfacet
  facet normal -0.934666 -0 -0.355527
    outer loop
      vertex -9.23162 -28.184 54.9646
      vertex -9.20952 -28.352 54.9065
      vertex -9.23162 -28.352 54.9646
    endloop
  endfacet
  facet normal -0.956873 0 -0.290507
    outer loop
      vertex -9.19097 -28.352 54.8454
      vertex -9.20952 -28.184 54.9065
      vertex -9.19097 -28.184 54.8454
    endloop
  endfacet
  facet normal -0.956873 -0 -0.290507
    outer loop
      vertex -9.20952 -28.184 54.9065
      vertex -9.19097 -28.352 54.8454
      vertex -9.20952 -28.352 54.9065
    endloop
  endfacet
  facet normal -0.973695 0 -0.227854
    outer loop
      vertex -9.17597 -28.352 54.7813
      vertex -9.19097 -28.184 54.8454
      vertex -9.17597 -28.184 54.7813
    endloop
  endfacet
  facet normal -0.973695 -0 -0.227854
    outer loop
      vertex -9.19097 -28.184 54.8454
      vertex -9.17597 -28.352 54.7813
      vertex -9.19097 -28.352 54.8454
    endloop
  endfacet
  facet normal -0.985761 0 -0.168151
    outer loop
      vertex -9.16449 -28.352 54.714
      vertex -9.17597 -28.184 54.7813
      vertex -9.16449 -28.184 54.714
    endloop
  endfacet
  facet normal -0.985761 -0 -0.168151
    outer loop
      vertex -9.17597 -28.184 54.7813
      vertex -9.16449 -28.352 54.714
      vertex -9.17597 -28.352 54.7813
    endloop
  endfacet
  facet normal -0.993691 0 -0.112156
    outer loop
      vertex -9.15964 -28.342 54.6709
      vertex -9.15657 -28.184 54.6437
      vertex -9.15657 -28.342 54.6437
    endloop
  endfacet
  facet normal -0.993714 3.55173e-05 -0.111952
    outer loop
      vertex -9.15657 -28.184 54.6437
      vertex -9.15964 -28.342 54.6709
      vertex -9.16449 -28.184 54.714
    endloop
  endfacet
  facet normal -0.993728 0 -0.111823
    outer loop
      vertex -9.16449 -28.352 54.714
      vertex -9.15964 -28.342 54.6709
      vertex -9.15964 -28.352 54.6709
    endloop
  endfacet
  facet normal -0.993728 0 -0.111823
    outer loop
      vertex -9.15964 -28.342 54.6709
      vertex -9.16449 -28.352 54.714
      vertex -9.16449 -28.184 54.714
    endloop
  endfacet
  facet normal -0.998213 0 -0.059757
    outer loop
      vertex -9.15217 -28.184 54.5702
      vertex -9.15657 -28.342 54.6437
      vertex -9.15657 -28.184 54.6437
    endloop
  endfacet
  facet normal -0.998213 0 -0.059757
    outer loop
      vertex -9.15217 -28.52 54.5702
      vertex -9.15657 -28.342 54.6437
      vertex -9.15217 -28.184 54.5702
    endloop
  endfacet
  facet normal -0.998213 -0 -0.059757
    outer loop
      vertex -9.15657 -28.342 54.6437
      vertex -9.15217 -28.52 54.5702
      vertex -9.15657 -28.52 54.6437
    endloop
  endfacet
  facet normal -0.999954 0 -0.00955635
    outer loop
      vertex -9.15148 -28.52 54.498
      vertex -9.15217 -28.184 54.5702
      vertex -9.15148 -28.184 54.498
    endloop
  endfacet
  facet normal -0.999954 -0 -0.00955635
    outer loop
      vertex -9.15217 -28.184 54.5702
      vertex -9.15148 -28.52 54.498
      vertex -9.15217 -28.52 54.5702
    endloop
  endfacet
  facet normal -0.999078 0 0.0429234
    outer loop
      vertex -9.15264 -28.52 54.471
      vertex -9.15148 -28.184 54.498
      vertex -9.15264 -28.184 54.471
    endloop
  endfacet
  facet normal -0.999078 0 0.0429234
    outer loop
      vertex -9.15148 -28.184 54.498
      vertex -9.15264 -28.52 54.471
      vertex -9.15148 -28.52 54.498
    endloop
  endfacet
  facet normal -0.993772 0 -0.111434
    outer loop
      vertex -9.14959 -28.52 54.4438
      vertex -9.15264 -28.184 54.471
      vertex -9.14959 -28.184 54.4438
    endloop
  endfacet
  facet normal -0.993772 -0 -0.111434
    outer loop
      vertex -9.15264 -28.184 54.471
      vertex -9.14959 -28.52 54.4438
      vertex -9.15264 -28.52 54.471
    endloop
  endfacet
  facet normal 0.0349132 0 -0.99939
    outer loop
      vertex -10.6611 -28.352 55.4403
      vertex -10.1115 -28.184 55.4595
      vertex -10.1115 -28.352 55.4595
    endloop
  endfacet
  facet normal 0.0349132 0 -0.99939
    outer loop
      vertex -10.1115 -28.184 55.4595
      vertex -10.6611 -28.352 55.4403
      vertex -10.6611 -28.184 55.4403
    endloop
  endfacet
  facet normal 0.0348799 0 -0.999392
    outer loop
      vertex 14.7418 -28.352 56.3607
      vertex 16.6128 -28.184 56.426
      vertex 16.6128 -28.352 56.426
    endloop
  endfacet
  facet normal 0.0348799 0 -0.999392
    outer loop
      vertex 16.6128 -28.184 56.426
      vertex 14.7418 -28.352 56.3607
      vertex 14.7418 -28.184 56.3607
    endloop
  endfacet
  facet normal 0.0348895 0 -0.999391
    outer loop
      vertex 13.555 -28.352 53.4177
      vertex 16.7861 -28.184 53.5305
      vertex 16.7861 -28.352 53.5305
    endloop
  endfacet
  facet normal 0.0348895 0 -0.999391
    outer loop
      vertex 16.7861 -28.184 53.5305
      vertex 13.555 -28.352 53.4177
      vertex 13.555 -28.184 53.4177
    endloop
  endfacet
  facet normal 0.0349063 0 -0.999391
    outer loop
      vertex 14.7906 -28.352 54.9617
      vertex 16.434 -28.184 55.0191
      vertex 16.434 -28.352 55.0191
    endloop
  endfacet
  facet normal 0.0349063 0 -0.999391
    outer loop
      vertex 16.434 -28.184 55.0191
      vertex 14.7906 -28.352 54.9617
      vertex 14.7906 -28.184 54.9617
    endloop
  endfacet
  facet normal 0.034713 0 -0.999397
    outer loop
      vertex 18.699 -28.352 54.5757
      vertex 19.056 -28.184 54.5881
      vertex 19.056 -28.352 54.5881
    endloop
  endfacet
  facet normal 0.034713 0 -0.999397
    outer loop
      vertex 19.056 -28.184 54.5881
      vertex 18.699 -28.352 54.5757
      vertex 18.699 -28.184 54.5757
    endloop
  endfacet
  facet normal -0.809015 0 -0.587788
    outer loop
      vertex 19.7492 -28.352 53.634
      vertex 19.056 -28.184 54.5881
      vertex 19.7492 -28.184 53.634
    endloop
  endfacet
  facet normal -0.809015 -0 -0.587788
    outer loop
      vertex 19.056 -28.184 54.5881
      vertex 19.7492 -28.352 53.634
      vertex 19.056 -28.352 54.5881
    endloop
  endfacet
  facet normal 0.0348938 0 -0.999391
    outer loop
      vertex 19.7492 -28.352 53.634
      vertex 20.6027 -28.184 53.6638
      vertex 20.6027 -28.352 53.6638
    endloop
  endfacet
  facet normal 0.0348938 0 -0.999391
    outer loop
      vertex 20.6027 -28.184 53.6638
      vertex 19.7492 -28.352 53.634
      vertex 19.7492 -28.184 53.634
    endloop
  endfacet
  facet normal 0.805976 0 0.591948
    outer loop
      vertex 20.4593 -28.342 53.8589
      vertex 20.3188 -28.184 54.0502
      vertex 20.3188 -28.342 54.0502
    endloop
  endfacet
  facet normal 0.805868 -0.000275481 0.592096
    outer loop
      vertex 20.3188 -28.184 54.0502
      vertex 20.4593 -28.342 53.8589
      vertex 20.6027 -28.184 53.6638
    endloop
  endfacet
  facet normal 0.805761 0 0.592241
    outer loop
      vertex 20.6027 -28.352 53.6638
      vertex 20.4593 -28.342 53.8589
      vertex 20.4593 -28.352 53.8589
    endloop
  endfacet
  facet normal 0.805761 0 0.592241
    outer loop
      vertex 20.4593 -28.342 53.8589
      vertex 20.6027 -28.352 53.6638
      vertex 20.6027 -28.184 53.6638
    endloop
  endfacet
  facet normal 0.569696 0 -0.821856
    outer loop
      vertex 20.3857 -28.52 54.7025
      vertex 20.3945 -28.174 54.7086
      vertex 20.3945 -28.52 54.7086
    endloop
  endfacet
  facet normal 0.569696 0 -0.821856
    outer loop
      vertex 20.3945 -28.174 54.7086
      vertex 20.3857 -28.52 54.7025
      vertex 20.3857 -28.174 54.7025
    endloop
  endfacet
  facet normal 0.80606 0 0.591834
    outer loop
      vertex 20.2909 -28.184 54.8497
      vertex 20.2909 -28.52 54.8497
      vertex 20.3945 -28.184 54.7086
    endloop
  endfacet
  facet normal -0 0 0
    outer loop
      vertex 20.3945 -28.184 54.7086
      vertex 20.3945 -28.52 54.7086
      vertex 20.3945 -28.174 54.7086
    endloop
  endfacet
  facet normal 0.80606 -0 0.591834
    outer loop
      vertex 20.3945 -28.52 54.7086
      vertex 20.3945 -28.184 54.7086
      vertex 20.2909 -28.52 54.8497
    endloop
  endfacet
  facet normal 0.513921 0 -0.857838
    outer loop
      vertex 20.2909 -28.52 54.8497
      vertex 20.3787 -28.352 54.9023
      vertex 20.3787 -28.52 54.9023
    endloop
  endfacet
  facet normal 0.513921 0 -0.857838
    outer loop
      vertex 20.2909 -28.184 54.8497
      vertex 20.3787 -28.352 54.9023
      vertex 20.2909 -28.52 54.8497
    endloop
  endfacet
  facet normal 0.513921 0 -0.857838
    outer loop
      vertex 20.3787 -28.352 54.9023
      vertex 20.2909 -28.184 54.8497
      vertex 20.3787 -28.184 54.9023
    endloop
  endfacet
  facet normal 0.571209 0 -0.820805
    outer loop
      vertex 20.3787 -28.352 54.9023
      vertex 20.4619 -28.184 54.9602
      vertex 20.4619 -28.352 54.9602
    endloop
  endfacet
  facet normal 0.571209 0 -0.820805
    outer loop
      vertex 20.4619 -28.184 54.9602
      vertex 20.3787 -28.352 54.9023
      vertex 20.3787 -28.184 54.9023
    endloop
  endfacet
  facet normal 0.628244 0 -0.778017
    outer loop
      vertex 20.4619 -28.352 54.9602
      vertex 20.5393 -28.184 55.0227
      vertex 20.5393 -28.352 55.0227
    endloop
  endfacet
  facet normal 0.628244 0 -0.778017
    outer loop
      vertex 20.5393 -28.184 55.0227
      vertex 20.4619 -28.352 54.9602
      vertex 20.4619 -28.184 54.9602
    endloop
  endfacet
  facet normal 0.683806 0 -0.729664
    outer loop
      vertex 20.5393 -28.352 55.0227
      vertex 20.6109 -28.184 55.0898
      vertex 20.6109 -28.352 55.0898
    endloop
  endfacet
  facet normal 0.683806 0 -0.729664
    outer loop
      vertex 20.6109 -28.184 55.0898
      vertex 20.5393 -28.352 55.0227
      vertex 20.5393 -28.184 55.0227
    endloop
  endfacet
  facet normal 0.73677 0 -0.676143
    outer loop
      vertex 20.6767 -28.352 55.1615
      vertex 20.6109 -28.184 55.0898
      vertex 20.6767 -28.184 55.1615
    endloop
  endfacet
  facet normal 0.73677 0 -0.676143
    outer loop
      vertex 20.6109 -28.184 55.0898
      vertex 20.6767 -28.352 55.1615
      vertex 20.6109 -28.352 55.0898
    endloop
  endfacet
  facet normal 0.785674 0 -0.618641
    outer loop
      vertex 20.7367 -28.352 55.2377
      vertex 20.6767 -28.184 55.1615
      vertex 20.7367 -28.184 55.2377
    endloop
  endfacet
  facet normal 0.785674 0 -0.618641
    outer loop
      vertex 20.6767 -28.184 55.1615
      vertex 20.7367 -28.352 55.2377
      vertex 20.6767 -28.352 55.1615
    endloop
  endfacet
  facet normal 0.830466 0 -0.55707
    outer loop
      vertex 20.7909 -28.352 55.3185
      vertex 20.7367 -28.184 55.2377
      vertex 20.7909 -28.184 55.3185
    endloop
  endfacet
  facet normal 0.830466 0 -0.55707
    outer loop
      vertex 20.7367 -28.184 55.2377
      vertex 20.7909 -28.352 55.3185
      vertex 20.7367 -28.352 55.2377
    endloop
  endfacet
  facet normal 0.870945 0 -0.491381
    outer loop
      vertex 20.8388 -28.352 55.4034
      vertex 20.7909 -28.184 55.3185
      vertex 20.8388 -28.184 55.4034
    endloop
  endfacet
  facet normal 0.870945 0 -0.491381
    outer loop
      vertex 20.7909 -28.184 55.3185
      vertex 20.8388 -28.352 55.4034
      vertex 20.7909 -28.352 55.3185
    endloop
  endfacet
  facet normal 0.907929 0 -0.419123
    outer loop
      vertex 20.8797 -28.352 55.492
      vertex 20.8388 -28.184 55.4034
      vertex 20.8797 -28.184 55.492
    endloop
  endfacet
  facet normal 0.907929 0 -0.419123
    outer loop
      vertex 20.8388 -28.184 55.4034
      vertex 20.8797 -28.352 55.492
      vertex 20.8388 -28.352 55.4034
    endloop
  endfacet
  facet normal 0.938239 0 -0.345988
    outer loop
      vertex 20.9137 -28.352 55.5842
      vertex 20.8797 -28.184 55.492
      vertex 20.9137 -28.184 55.5842
    endloop
  endfacet
  facet normal 0.938239 0 -0.345988
    outer loop
      vertex 20.8797 -28.184 55.492
      vertex 20.9137 -28.352 55.5842
      vertex 20.8797 -28.352 55.492
    endloop
  endfacet
  facet normal 0.962127 0 -0.272603
    outer loop
      vertex 20.9409 -28.352 55.6802
      vertex 20.9137 -28.184 55.5842
      vertex 20.9409 -28.184 55.6802
    endloop
  endfacet
  facet normal 0.962127 0 -0.272603
    outer loop
      vertex 20.9137 -28.184 55.5842
      vertex 20.9409 -28.352 55.6802
      vertex 20.9137 -28.352 55.5842
    endloop
  endfacet
  facet normal 0 0 0
    outer loop
      vertex 20.9451 -28.352 55.7011
      vertex 20.9451 -28.184 55.7011
      vertex 20.9451 -28.174 55.7011
    endloop
  endfacet
  facet normal 0.9804 0 -0.197018
    outer loop
      vertex 20.9451 -28.352 55.7011
      vertex 20.9409 -28.184 55.6802
      vertex 20.9451 -28.184 55.7011
    endloop
  endfacet
  facet normal 0.9804 0 -0.197018
    outer loop
      vertex 20.9409 -28.184 55.6802
      vertex 20.9451 -28.352 55.7011
      vertex 20.9409 -28.352 55.6802
    endloop
  endfacet
  facet normal 0.961909 -0 0.273369
    outer loop
      vertex 20.9264 -28.352 55.7669
      vertex 20.9451 -28.174 55.7011
      vertex 20.9264 -28.174 55.7669
    endloop
  endfacet
  facet normal 0.961909 0 0.273369
    outer loop
      vertex 20.9451 -28.174 55.7011
      vertex 20.9264 -28.352 55.7669
      vertex 20.9451 -28.352 55.7011
    endloop
  endfacet
  facet normal 0.0348563 0 -0.999392
    outer loop
      vertex 17.4229 -28.352 53.5528
      vertex 18.7332 -28.184 53.5985
      vertex 18.7332 -28.352 53.5985
    endloop
  endfacet
  facet normal 0.0348563 0 -0.999392
    outer loop
      vertex 18.7332 -28.184 53.5985
      vertex 17.4229 -28.352 53.5528
      vertex 17.4229 -28.184 53.5528
    endloop
  endfacet
  facet normal 0.00606969 0 -0.999982
    outer loop
      vertex 19.1102 -28.352 56.491
      vertex 19.1761 -28.184 56.4914
      vertex 19.1761 -28.352 56.4914
    endloop
  endfacet
  facet normal 0.00606969 0 -0.999982
    outer loop
      vertex 19.1761 -28.184 56.4914
      vertex 19.1102 -28.352 56.491
      vertex 19.1102 -28.184 56.491
    endloop
  endfacet
  facet normal -0.058342 0 -0.998297
    outer loop
      vertex 19.1761 -28.352 56.4914
      vertex 19.2377 -28.184 56.4878
      vertex 19.2377 -28.352 56.4878
    endloop
  endfacet
  facet normal -0.058342 0 -0.998297
    outer loop
      vertex 19.2377 -28.184 56.4878
      vertex 19.1761 -28.352 56.4914
      vertex 19.1761 -28.184 56.4914
    endloop
  endfacet
  facet normal -0.130006 0 -0.991513
    outer loop
      vertex 19.2377 -28.352 56.4878
      vertex 19.2949 -28.184 56.4803
      vertex 19.2949 -28.352 56.4803
    endloop
  endfacet
  facet normal -0.130006 0 -0.991513
    outer loop
      vertex 19.2949 -28.184 56.4803
      vertex 19.2377 -28.352 56.4878
      vertex 19.2377 -28.184 56.4878
    endloop
  endfacet
  facet normal -0.212047 0 -0.977259
    outer loop
      vertex 19.2949 -28.352 56.4803
      vertex 19.3479 -28.184 56.4688
      vertex 19.3479 -28.352 56.4688
    endloop
  endfacet
  facet normal -0.212047 0 -0.977259
    outer loop
      vertex 19.3479 -28.184 56.4688
      vertex 19.2949 -28.352 56.4803
      vertex 19.2949 -28.184 56.4803
    endloop
  endfacet
  facet normal -0.303284 0 -0.9529
    outer loop
      vertex 19.3479 -28.352 56.4688
      vertex 19.3966 -28.184 56.4533
      vertex 19.3966 -28.352 56.4533
    endloop
  endfacet
  facet normal -0.303284 0 -0.9529
    outer loop
      vertex 19.3966 -28.184 56.4533
      vertex 19.3479 -28.352 56.4688
      vertex 19.3479 -28.184 56.4688
    endloop
  endfacet
  facet normal -0.402117 0 -0.915588
    outer loop
      vertex 19.3966 -28.352 56.4533
      vertex 19.441 -28.184 56.4338
      vertex 19.441 -28.352 56.4338
    endloop
  endfacet
  facet normal -0.402117 0 -0.915588
    outer loop
      vertex 19.441 -28.184 56.4338
      vertex 19.3966 -28.352 56.4533
      vertex 19.3966 -28.184 56.4533
    endloop
  endfacet
  facet normal -0.505609 0 -0.862763
    outer loop
      vertex 19.441 -28.352 56.4338
      vertex 19.4811 -28.184 56.4103
      vertex 19.4811 -28.352 56.4103
    endloop
  endfacet
  facet normal -0.505609 0 -0.862763
    outer loop
      vertex 19.4811 -28.184 56.4103
      vertex 19.441 -28.352 56.4338
      vertex 19.441 -28.184 56.4338
    endloop
  endfacet
  facet normal -0.60671 0 -0.794923
    outer loop
      vertex 19.4811 -28.352 56.4103
      vertex 19.517 -28.184 56.3829
      vertex 19.517 -28.352 56.3829
    endloop
  endfacet
  facet normal -0.60671 0 -0.794923
    outer loop
      vertex 19.517 -28.184 56.3829
      vertex 19.4811 -28.352 56.4103
      vertex 19.4811 -28.184 56.4103
    endloop
  endfacet
  facet normal -0.696852 0 -0.717215
    outer loop
      vertex 19.517 -28.352 56.3829
      vertex 19.5487 -28.184 56.3521
      vertex 19.5487 -28.352 56.3521
    endloop
  endfacet
  facet normal -0.696852 0 -0.717215
    outer loop
      vertex 19.5487 -28.184 56.3521
      vertex 19.517 -28.352 56.3829
      vertex 19.517 -28.184 56.3829
    endloop
  endfacet
  facet normal -0.773447 0 -0.633861
    outer loop
      vertex 19.5764 -28.352 56.3183
      vertex 19.5487 -28.184 56.3521
      vertex 19.5764 -28.184 56.3183
    endloop
  endfacet
  facet normal -0.773447 -0 -0.633861
    outer loop
      vertex 19.5487 -28.184 56.3521
      vertex 19.5764 -28.352 56.3183
      vertex 19.5487 -28.352 56.3521
    endloop
  endfacet
  facet normal -0.840061 0 -0.542492
    outer loop
      vertex 19.6001 -28.352 56.2816
      vertex 19.5764 -28.184 56.3183
      vertex 19.6001 -28.184 56.2816
    endloop
  endfacet
  facet normal -0.840061 -0 -0.542492
    outer loop
      vertex 19.5764 -28.184 56.3183
      vertex 19.6001 -28.352 56.2816
      vertex 19.5764 -28.352 56.3183
    endloop
  endfacet
  facet normal -0.894427 0 -0.447214
    outer loop
      vertex 19.6199 -28.352 56.242
      vertex 19.6001 -28.184 56.2816
      vertex 19.6199 -28.184 56.242
    endloop
  endfacet
  facet normal -0.894427 -0 -0.447214
    outer loop
      vertex 19.6001 -28.184 56.2816
      vertex 19.6199 -28.352 56.242
      vertex 19.6001 -28.352 56.2816
    endloop
  endfacet
  facet normal -0.938041 0 -0.346523
    outer loop
      vertex 19.6356 -28.352 56.1995
      vertex 19.6199 -28.184 56.242
      vertex 19.6356 -28.184 56.1995
    endloop
  endfacet
  facet normal -0.938041 -0 -0.346523
    outer loop
      vertex 19.6199 -28.184 56.242
      vertex 19.6356 -28.352 56.1995
      vertex 19.6199 -28.352 56.242
    endloop
  endfacet
  facet normal -0.967978 0 -0.251036
    outer loop
      vertex 19.6474 -28.352 56.154
      vertex 19.6356 -28.184 56.1995
      vertex 19.6474 -28.184 56.154
    endloop
  endfacet
  facet normal -0.967978 -0 -0.251036
    outer loop
      vertex 19.6356 -28.184 56.1995
      vertex 19.6474 -28.352 56.154
      vertex 19.6356 -28.352 56.1995
    endloop
  endfacet
  facet normal -0.98721 0 -0.159425
    outer loop
      vertex 19.6552 -28.184 56.1057
      vertex 19.6474 -28.352 56.154
      vertex 19.6474 -28.184 56.154
    endloop
  endfacet
  facet normal -0.98721 0 -0.159425
    outer loop
      vertex 19.6552 -28.52 56.1057
      vertex 19.6474 -28.352 56.154
      vertex 19.6552 -28.184 56.1057
    endloop
  endfacet
  facet normal -0.98721 -0 -0.159425
    outer loop
      vertex 19.6474 -28.352 56.154
      vertex 19.6552 -28.52 56.1057
      vertex 19.6474 -28.52 56.154
    endloop
  endfacet
  facet normal -0.997123 0 -0.0758046
    outer loop
      vertex 19.6591 -28.52 56.0544
      vertex 19.6552 -28.184 56.1057
      vertex 19.6591 -28.184 56.0544
    endloop
  endfacet
  facet normal -0.997123 -0 -0.0758046
    outer loop
      vertex 19.6552 -28.184 56.1057
      vertex 19.6591 -28.52 56.0544
      vertex 19.6552 -28.52 56.1057
    endloop
  endfacet
  facet normal -0.999983 0 0.00583648
    outer loop
      vertex 19.6588 -28.52 56.003
      vertex 19.6591 -28.184 56.0544
      vertex 19.6588 -28.184 56.003
    endloop
  endfacet
  facet normal -0.999983 0 0.00583648
    outer loop
      vertex 19.6591 -28.184 56.0544
      vertex 19.6588 -28.52 56.003
      vertex 19.6591 -28.52 56.0544
    endloop
  endfacet
  facet normal -0.99596 0 0.0897997
    outer loop
      vertex 19.6544 -28.52 55.9542
      vertex 19.6588 -28.184 56.003
      vertex 19.6544 -28.184 55.9542
    endloop
  endfacet
  facet normal -0.99596 0 0.0897997
    outer loop
      vertex 19.6588 -28.184 56.003
      vertex 19.6544 -28.52 55.9542
      vertex 19.6588 -28.52 56.003
    endloop
  endfacet
  facet normal 0.0347434 0 -0.999396
    outer loop
      vertex 18.6327 -28.352 56.4744
      vertex 19.1102 -28.184 56.491
      vertex 19.1102 -28.352 56.491
    endloop
  endfacet
  facet normal 0.0347434 0 -0.999396
    outer loop
      vertex 19.1102 -28.184 56.491
      vertex 18.6327 -28.352 56.4744
      vertex 18.6327 -28.184 56.4744
    endloop
  endfacet
  facet normal 0 1 0
    outer loop
      vertex 6.10056 -28.342 54.1801
      vertex 6.05014 -28.342 54.0339
      vertex 6.05013 -28.342 54.0339
    endloop
  endfacet
  facet normal 0 1 0
    outer loop
      vertex 6.75989 -28.342 54.0587
      vertex 6.75988 -28.342 54.0587
      vertex 6.69938 -28.342 54.2011
    endloop
  endfacet
  facet normal 0 1 0
    outer loop
      vertex -0.219689 -28.342 53.1368
      vertex -0.219694 -28.342 53.1368
      vertex -0.360223 -28.342 53.3281
    endloop
  endfacet
  facet normal 0 -1 0
    outer loop
      vertex 13.4472 -28.52 56.5045
      vertex 14.836 -28.52 53.6626
      vertex 14.7352 -28.52 56.5494
    endloop
  endfacet
  facet normal -0 -1 0
    outer loop
      vertex 14.836 -28.52 53.6626
      vertex 13.4472 -28.52 56.5045
      vertex 13.548 -28.52 53.6176
    endloop
  endfacet
  facet normal 0 -1 0
    outer loop
      vertex -21.0995 -28.52 54.1586
      vertex -19.829 -28.52 55.3424
      vertex -21.1393 -28.52 55.2967
    endloop
  endfacet
  facet normal 0 -1 0
    outer loop
      vertex -19.7557 -28.52 53.2438
      vertex -21.0995 -28.52 54.1586
      vertex -21.0843 -28.52 53.9471
    endloop
  endfacet
  facet normal 0 -1 0
    outer loop
      vertex -19.7557 -28.52 53.2438
      vertex -21.0843 -28.52 53.9471
      vertex -21.0539 -28.52 53.7482
    endloop
  endfacet
  facet normal 0 -1 0
    outer loop
      vertex -19.7557 -28.52 53.2438
      vertex -21.0539 -28.52 53.7482
      vertex -21.0083 -28.52 53.562
    endloop
  endfacet
  facet normal 0 -1 0
    outer loop
      vertex -19.7557 -28.52 53.2438
      vertex -21.0083 -28.52 53.562
      vertex -20.9476 -28.52 53.3885
    endloop
  endfacet
  facet normal 0 -1 0
    outer loop
      vertex -21.0995 -28.52 54.1586
      vertex -19.7557 -28.52 53.2438
      vertex -19.829 -28.52 55.3424
    endloop
  endfacet
  facet normal 0 -1 0
    outer loop
      vertex -20.8716 -28.52 53.2277
      vertex -19.7557 -28.52 53.2438
      vertex -20.9476 -28.52 53.3885
    endloop
  endfacet
  facet normal 0 -1 0
    outer loop
      vertex -20.7804 -28.52 53.0796
      vertex -19.7557 -28.52 53.2438
      vertex -20.8716 -28.52 53.2277
    endloop
  endfacet
  facet normal 0 -1 0
    outer loop
      vertex -20.6741 -28.52 52.9442
      vertex -19.7557 -28.52 53.2438
      vertex -20.7804 -28.52 53.0796
    endloop
  endfacet
  facet normal 0 -1 0
    outer loop
      vertex -20.5526 -28.52 52.8214
      vertex -19.7557 -28.52 53.2438
      vertex -20.6741 -28.52 52.9442
    endloop
  endfacet
  facet normal 0 -1 -0
    outer loop
      vertex -19.7557 -28.52 53.2438
      vertex -20.5526 -28.52 52.8214
      vertex -19.7495 -28.52 53.1369
    endloop
  endfacet
  facet normal 0 -1 0
    outer loop
      vertex -20.4175 -28.52 52.7128
      vertex -19.7495 -28.52 53.1369
      vertex -20.5526 -28.52 52.8214
    endloop
  endfacet
  facet normal 0 -1 -0
    outer loop
      vertex -19.7495 -28.52 53.1369
      vertex -20.4175 -28.52 52.7128
      vertex -19.7385 -28.52 53.0383
    endloop
  endfacet
  facet normal 0 -1 0
    outer loop
      vertex -20.2707 -28.52 52.6197
      vertex -19.7385 -28.52 53.0383
      vertex -20.4175 -28.52 52.7128
    endloop
  endfacet
  facet normal 0 -1 -0
    outer loop
      vertex -19.7385 -28.52 53.0383
      vertex -20.2707 -28.52 52.6197
      vertex -19.7227 -28.52 52.9478
    endloop
  endfacet
  facet normal 0 -1 0
    outer loop
      vertex -20.1121 -28.52 52.5421
      vertex -19.7227 -28.52 52.9478
      vertex -20.2707 -28.52 52.6197
    endloop
  endfacet
  facet normal 0 -1 -0
    outer loop
      vertex -19.7227 -28.52 52.9478
      vertex -20.1121 -28.52 52.5421
      vertex -19.7022 -28.52 52.8657
    endloop
  endfacet
  facet normal 0 -1 0
    outer loop
      vertex -19.9417 -28.52 52.4801
      vertex -19.7022 -28.52 52.8657
      vertex -20.1121 -28.52 52.5421
    endloop
  endfacet
  facet normal 0 -1 -0
    outer loop
      vertex -19.7022 -28.52 52.8657
      vertex -19.9417 -28.52 52.4801
      vertex -19.677 -28.52 52.7917
    endloop
  endfacet
  facet normal 0 -1 -0
    outer loop
      vertex -19.677 -28.52 52.7917
      vertex -19.9417 -28.52 52.4801
      vertex -19.647 -28.52 52.726
    endloop
  endfacet
  facet normal 0 -1 0
    outer loop
      vertex -19.7595 -28.52 52.4335
      vertex -19.647 -28.52 52.726
      vertex -19.9417 -28.52 52.4801
    endloop
  endfacet
  facet normal 0 -1 -0
    outer loop
      vertex -19.647 -28.52 52.726
      vertex -19.7595 -28.52 52.4335
      vertex -19.6123 -28.52 52.6686
    endloop
  endfacet
  facet normal 0 -1 -0
    outer loop
      vertex -19.6123 -28.52 52.6686
      vertex -19.7595 -28.52 52.4335
      vertex -19.5728 -28.52 52.6193
    endloop
  endfacet
  facet normal 0 -1 0
    outer loop
      vertex -19.5655 -28.52 52.4025
      vertex -19.5728 -28.52 52.6193
      vertex -19.7595 -28.52 52.4335
    endloop
  endfacet
  facet normal 0 -1 0
    outer loop
      vertex -19.5728 -28.52 52.6193
      vertex -19.5655 -28.52 52.4025
      vertex -19.5292 -28.52 52.5772
    endloop
  endfacet
  facet normal 0 -1 -0
    outer loop
      vertex -19.5292 -28.52 52.5772
      vertex -19.5655 -28.52 52.4025
      vertex -19.4825 -28.52 52.541
    endloop
  endfacet
  facet normal 0 -1 -0
    outer loop
      vertex -19.4825 -28.52 52.541
      vertex -19.5655 -28.52 52.4025
      vertex -19.4324 -28.52 52.5108
    endloop
  endfacet
  facet normal 0 -1 0
    outer loop
      vertex -19.3598 -28.52 52.387
      vertex -19.4324 -28.52 52.5108
      vertex -19.5655 -28.52 52.4025
    endloop
  endfacet
  facet normal 0 -1 0
    outer loop
      vertex -19.4324 -28.52 52.5108
      vertex -19.3598 -28.52 52.387
      vertex -19.3791 -28.52 52.4864
    endloop
  endfacet
  facet normal 0 -1 -0
    outer loop
      vertex -19.3225 -28.52 52.4681
      vertex -19.3598 -28.52 52.387
      vertex -19.2627 -28.52 52.4556
    endloop
  endfacet
  facet normal 0 -1 0
    outer loop
      vertex -19.3791 -28.52 52.4864
      vertex -19.3598 -28.52 52.387
      vertex -19.3225 -28.52 52.4681
    endloop
  endfacet
  facet normal 0 -1 0
    outer loop
      vertex -18.641 -28.52 55.3839
      vertex -17.3132 -28.52 54.2908
      vertex -17.3529 -28.52 55.4289
    endloop
  endfacet
  facet normal 0 -1 0
    outer loop
      vertex -18.5677 -28.52 53.2853
      vertex -17.3132 -28.52 54.2908
      vertex -18.641 -28.52 55.3839
    endloop
  endfacet
  facet normal 0 -1 0
    outer loop
      vertex -17.3132 -28.52 54.2908
      vertex -18.5677 -28.52 53.2853
      vertex -17.3136 -28.52 54.0787
    endloop
  endfacet
  facet normal 0 -1 0
    outer loop
      vertex -17.3136 -28.52 54.0787
      vertex -18.5677 -28.52 53.2853
      vertex -17.3301 -28.52 53.8782
    endloop
  endfacet
  facet normal 0 -1 0
    outer loop
      vertex -17.3301 -28.52 53.8782
      vertex -18.5677 -28.52 53.2853
      vertex -17.3625 -28.52 53.6893
    endloop
  endfacet
  facet normal 0 -1 0
    outer loop
      vertex -17.3625 -28.52 53.6893
      vertex -18.5677 -28.52 53.2853
      vertex -17.4111 -28.52 53.512
    endloop
  endfacet
  facet normal 0 -1 0
    outer loop
      vertex -17.4111 -28.52 53.512
      vertex -18.5677 -28.52 53.2853
      vertex -17.4756 -28.52 53.3463
    endloop
  endfacet
  facet normal 0 -1 0
    outer loop
      vertex -18.5677 -28.52 53.2853
      vertex -17.5562 -28.52 53.1922
      vertex -17.4756 -28.52 53.3463
    endloop
  endfacet
  facet normal 0 -1 0
    outer loop
      vertex -17.7656 -28.52 52.9187
      vertex -18.5677 -28.52 53.2853
      vertex -18.5664 -28.52 53.1782
    endloop
  endfacet
  facet normal 0 -1 0
    outer loop
      vertex -17.8927 -28.52 52.801
      vertex -18.5664 -28.52 53.1782
      vertex -18.5704 -28.52 53.079
    endloop
  endfacet
  facet normal 0 -1 0
    outer loop
      vertex -18.5677 -28.52 53.2853
      vertex -17.6529 -28.52 53.0497
      vertex -17.5562 -28.52 53.1922
    endloop
  endfacet
  facet normal 0 -1 0
    outer loop
      vertex -18.0326 -28.52 52.6978
      vertex -18.5704 -28.52 53.079
      vertex -18.5796 -28.52 52.9878
    endloop
  endfacet
  facet normal 0 -1 0
    outer loop
      vertex -18.5677 -28.52 53.2853
      vertex -17.7656 -28.52 52.9187
      vertex -17.6529 -28.52 53.0497
    endloop
  endfacet
  facet normal 0 -1 0
    outer loop
      vertex -18.1854 -28.52 52.6094
      vertex -18.5796 -28.52 52.9878
      vertex -18.594 -28.52 52.9044
    endloop
  endfacet
  facet normal 0 -1 0
    outer loop
      vertex -18.1854 -28.52 52.6094
      vertex -18.594 -28.52 52.9044
      vertex -18.6136 -28.52 52.8288
    endloop
  endfacet
  facet normal 0 -1 0
    outer loop
      vertex -18.5664 -28.52 53.1782
      vertex -17.8927 -28.52 52.801
      vertex -17.7656 -28.52 52.9187
    endloop
  endfacet
  facet normal 0 -1 0
    outer loop
      vertex -18.3511 -28.52 52.5356
      vertex -18.6136 -28.52 52.8288
      vertex -18.6385 -28.52 52.7612
    endloop
  endfacet
  facet normal 0 -1 0
    outer loop
      vertex -18.5296 -28.52 52.4765
      vertex -18.6385 -28.52 52.7612
      vertex -18.6686 -28.52 52.7015
    endloop
  endfacet
  facet normal 0 -1 0
    outer loop
      vertex -18.5704 -28.52 53.079
      vertex -18.0326 -28.52 52.6978
      vertex -17.8927 -28.52 52.801
    endloop
  endfacet
  facet normal 0 -1 0
    outer loop
      vertex -18.5296 -28.52 52.4765
      vertex -18.6686 -28.52 52.7015
      vertex -18.7039 -28.52 52.6497
    endloop
  endfacet
  facet normal 0 -1 0
    outer loop
      vertex -18.5796 -28.52 52.9878
      vertex -18.1854 -28.52 52.6094
      vertex -18.0326 -28.52 52.6978
    endloop
  endfacet
  facet normal 0 -1 0
    outer loop
      vertex -18.5296 -28.52 52.4765
      vertex -18.7039 -28.52 52.6497
      vertex -18.7438 -28.52 52.6046
    endloop
  endfacet
  facet normal 0 -1 0
    outer loop
      vertex -18.7209 -28.52 52.432
      vertex -18.7438 -28.52 52.6046
      vertex -18.7876 -28.52 52.5653
    endloop
  endfacet
  facet normal 0 -1 0
    outer loop
      vertex -18.6136 -28.52 52.8288
      vertex -18.3511 -28.52 52.5356
      vertex -18.1854 -28.52 52.6094
    endloop
  endfacet
  facet normal 0 -1 0
    outer loop
      vertex -18.7209 -28.52 52.432
      vertex -18.7876 -28.52 52.5653
      vertex -18.8354 -28.52 52.5316
    endloop
  endfacet
  facet normal 0 -1 0
    outer loop
      vertex -18.7209 -28.52 52.432
      vertex -18.8354 -28.52 52.5316
      vertex -18.8871 -28.52 52.5036
    endloop
  endfacet
  facet normal 0 -1 0
    outer loop
      vertex -18.9251 -28.52 52.4022
      vertex -18.8871 -28.52 52.5036
      vertex -18.9427 -28.52 52.4813
    endloop
  endfacet
  facet normal 0 -1 0
    outer loop
      vertex -18.6385 -28.52 52.7612
      vertex -18.5296 -28.52 52.4765
      vertex -18.3511 -28.52 52.5356
    endloop
  endfacet
  facet normal 0 -1 0
    outer loop
      vertex -18.9251 -28.52 52.4022
      vertex -18.9427 -28.52 52.4813
      vertex -19.0023 -28.52 52.4647
    endloop
  endfacet
  facet normal 0 -1 0
    outer loop
      vertex -18.9251 -28.52 52.4022
      vertex -19.0023 -28.52 52.4647
      vertex -19.0658 -28.52 52.4537
    endloop
  endfacet
  facet normal 0 -1 0
    outer loop
      vertex -19.1422 -28.52 52.3871
      vertex -19.0658 -28.52 52.4537
      vertex -19.1332 -28.52 52.4485
    endloop
  endfacet
  facet normal 0 -1 0
    outer loop
      vertex -18.7438 -28.52 52.6046
      vertex -18.7209 -28.52 52.432
      vertex -18.5296 -28.52 52.4765
    endloop
  endfacet
  facet normal -0 -1 0
    outer loop
      vertex -19.1422 -28.52 52.3871
      vertex -19.2627 -28.52 52.4556
      vertex -19.3598 -28.52 52.387
    endloop
  endfacet
  facet normal 0 -1 0
    outer loop
      vertex -19.2627 -28.52 52.4556
      vertex -19.1422 -28.52 52.3871
      vertex -19.1996 -28.52 52.4491
    endloop
  endfacet
  facet normal 0 -1 -0
    outer loop
      vertex -18.8871 -28.52 52.5036
      vertex -18.9251 -28.52 52.4022
      vertex -18.7209 -28.52 52.432
    endloop
  endfacet
  facet normal 0 -1 -0
    outer loop
      vertex -19.0658 -28.52 52.4537
      vertex -19.1422 -28.52 52.3871
      vertex -18.9251 -28.52 52.4022
    endloop
  endfacet
  facet normal 0 -1 0
    outer loop
      vertex -19.1996 -28.52 52.4491
      vertex -19.1422 -28.52 52.3871
      vertex -19.1332 -28.52 52.4485
    endloop
  endfacet
  facet normal 0 -1 0
    outer loop
      vertex 19.2307 -28.52 56.6877
      vertex 19.3476 -28.52 56.7043
      vertex 19.1306 -28.52 56.7029
    endloop
  endfacet
  facet normal 0 -1 0
    outer loop
      vertex 19.2307 -28.52 56.6877
      vertex 19.1306 -28.52 56.7029
      vertex 19.1691 -28.52 56.6913
    endloop
  endfacet
  facet normal 0 -1 -0
    outer loop
      vertex 19.1306 -28.52 56.7029
      vertex 19.1032 -28.52 56.6909
      vertex 19.1691 -28.52 56.6913
    endloop
  endfacet
  facet normal 0 -1 0
    outer loop
      vertex 19.1306 -28.52 56.7029
      vertex 18.6258 -28.52 56.6743
      vertex 19.1032 -28.52 56.6909
    endloop
  endfacet
  facet normal 0 -1 0
    outer loop
      vertex 17.3151 -28.52 56.6395
      vertex 18.6258 -28.52 56.6743
      vertex 19.1306 -28.52 56.7029
    endloop
  endfacet
  facet normal 0 -1 0
    outer loop
      vertex 17.3151 -28.52 56.6395
      vertex 18.7262 -28.52 53.7984
      vertex 18.6258 -28.52 56.6743
    endloop
  endfacet
  facet normal -0 -1 0
    outer loop
      vertex 18.7262 -28.52 53.7984
      vertex 17.3151 -28.52 56.6395
      vertex 17.416 -28.52 53.7527
    endloop
  endfacet
  facet normal 0 -1 0
    outer loop
      vertex 19.2879 -28.52 56.6802
      vertex 19.3476 -28.52 56.7043
      vertex 19.2307 -28.52 56.6877
    endloop
  endfacet
  facet normal 0 -1 0
    outer loop
      vertex 19.3409 -28.52 56.6686
      vertex 19.3476 -28.52 56.7043
      vertex 19.2879 -28.52 56.6802
    endloop
  endfacet
  facet normal 0 -1 0
    outer loop
      vertex 19.3896 -28.52 56.6531
      vertex 19.3476 -28.52 56.7043
      vertex 19.3409 -28.52 56.6686
    endloop
  endfacet
  facet normal 0 -1 0
    outer loop
      vertex 19.3476 -28.52 56.7043
      vertex 19.3896 -28.52 56.6531
      vertex 19.5517 -28.52 56.693
    endloop
  endfacet
  facet normal 0 -1 0
    outer loop
      vertex 19.434 -28.52 56.6337
      vertex 19.5517 -28.52 56.693
      vertex 19.3896 -28.52 56.6531
    endloop
  endfacet
  facet normal 0 -1 0
    outer loop
      vertex 19.4742 -28.52 56.6102
      vertex 19.5517 -28.52 56.693
      vertex 19.434 -28.52 56.6337
    endloop
  endfacet
  facet normal 0 -1 0
    outer loop
      vertex 19.51 -28.52 56.5828
      vertex 19.5517 -28.52 56.693
      vertex 19.4742 -28.52 56.6102
    endloop
  endfacet
  facet normal 0 -1 0
    outer loop
      vertex 19.5417 -28.52 56.552
      vertex 19.5517 -28.52 56.693
      vertex 19.51 -28.52 56.5828
    endloop
  endfacet
  facet normal 0 -1 -0
    outer loop
      vertex 19.5517 -28.52 56.693
      vertex 19.5417 -28.52 56.552
      vertex 19.7428 -28.52 56.6688
    endloop
  endfacet
  facet normal 0 -1 0
    outer loop
      vertex 19.5694 -28.52 56.5182
      vertex 19.7428 -28.52 56.6688
      vertex 19.5417 -28.52 56.552
    endloop
  endfacet
  facet normal 0 -1 0
    outer loop
      vertex 19.5931 -28.52 56.4815
      vertex 19.7428 -28.52 56.6688
      vertex 19.5694 -28.52 56.5182
    endloop
  endfacet
  facet normal 0 -1 0
    outer loop
      vertex 19.6129 -28.52 56.4419
      vertex 19.7428 -28.52 56.6688
      vertex 19.5931 -28.52 56.4815
    endloop
  endfacet
  facet normal 0 -1 -0
    outer loop
      vertex 19.7428 -28.52 56.6688
      vertex 19.6129 -28.52 56.4419
      vertex 19.921 -28.52 56.6319
    endloop
  endfacet
  facet normal 0 -1 0
    outer loop
      vertex 19.6286 -28.52 56.3994
      vertex 19.921 -28.52 56.6319
      vertex 19.6129 -28.52 56.4419
    endloop
  endfacet
  facet normal 0 -1 0
    outer loop
      vertex 19.6404 -28.52 56.3539
      vertex 19.921 -28.52 56.6319
      vertex 19.6286 -28.52 56.3994
    endloop
  endfacet
  facet normal 0 -1 0
    outer loop
      vertex 19.6483 -28.52 56.3056
      vertex 19.921 -28.52 56.6319
      vertex 19.6404 -28.52 56.3539
    endloop
  endfacet
  facet normal 0 -1 -0
    outer loop
      vertex 19.921 -28.52 56.6319
      vertex 19.6483 -28.52 56.3056
      vertex 20.0863 -28.52 56.5821
    endloop
  endfacet
  facet normal 0 -1 0
    outer loop
      vertex 19.6521 -28.52 56.2543
      vertex 20.0863 -28.52 56.5821
      vertex 19.6483 -28.52 56.3056
    endloop
  endfacet
  facet normal 0 -1 0
    outer loop
      vertex 19.6518 -28.52 56.2029
      vertex 20.0863 -28.52 56.5821
      vertex 19.6521 -28.52 56.2543
    endloop
  endfacet
  facet normal 0 -1 -0
    outer loop
      vertex 20.0863 -28.52 56.5821
      vertex 19.6518 -28.52 56.2029
      vertex 20.2386 -28.52 56.5196
    endloop
  endfacet
  facet normal 0 -1 0
    outer loop
      vertex 19.6552 -28.52 56.1057
      vertex 20.2386 -28.52 56.5196
      vertex 19.6518 -28.52 56.2029
    endloop
  endfacet
  facet normal 0 -1 0
    outer loop
      vertex 19.6591 -28.52 56.0544
      vertex 20.2386 -28.52 56.5196
      vertex 19.6552 -28.52 56.1057
    endloop
  endfacet
  facet normal 0 -1 -0
    outer loop
      vertex 20.2386 -28.52 56.5196
      vertex 19.6591 -28.52 56.0544
      vertex 20.3781 -28.52 56.4443
    endloop
  endfacet
  facet normal 0 -1 0
    outer loop
      vertex 19.6552 -28.52 56.1057
      vertex 19.6518 -28.52 56.2029
      vertex 19.6474 -28.52 56.154
    endloop
  endfacet
  facet normal 0 -1 0
    outer loop
      vertex 19.6588 -28.52 56.003
      vertex 20.3781 -28.52 56.4443
      vertex 19.6591 -28.52 56.0544
    endloop
  endfacet
  facet normal 0 -1 -0
    outer loop
      vertex 20.3781 -28.52 56.4443
      vertex 19.6588 -28.52 56.003
      vertex 20.5045 -28.52 56.3562
    endloop
  endfacet
  facet normal 0 -1 0
    outer loop
      vertex 19.6622 -28.52 55.9058
      vertex 20.5045 -28.52 56.3562
      vertex 19.6588 -28.52 56.003
    endloop
  endfacet
  facet normal 0 -1 0
    outer loop
      vertex 19.6661 -28.52 55.8545
      vertex 20.5045 -28.52 56.3562
      vertex 19.6622 -28.52 55.9058
    endloop
  endfacet
  facet normal 0 -1 -0
    outer loop
      vertex 20.5045 -28.52 56.3562
      vertex 19.6661 -28.52 55.8545
      vertex 20.6174 -28.52 56.2571
    endloop
  endfacet
  facet normal 0 -1 0
    outer loop
      vertex 19.6622 -28.52 55.9058
      vertex 19.6588 -28.52 56.003
      vertex 19.6544 -28.52 55.9542
    endloop
  endfacet
  facet normal 0 -1 0
    outer loop
      vertex 19.6658 -28.52 55.8031
      vertex 20.6174 -28.52 56.2571
      vertex 19.6661 -28.52 55.8545
    endloop
  endfacet
  facet normal 0 -1 -0
    outer loop
      vertex 20.6174 -28.52 56.2571
      vertex 19.6658 -28.52 55.8031
      vertex 20.7161 -28.52 56.1486
    endloop
  endfacet
  facet normal 0 -1 0
    outer loop
      vertex 20.7297 -28.52 55.4376
      vertex 20.7161 -28.52 56.1486
      vertex 19.6658 -28.52 55.8031
    endloop
  endfacet
  facet normal -0 -1 0
    outer loop
      vertex 20.7839 -28.52 55.5184
      vertex 20.7161 -28.52 56.1486
      vertex 20.7297 -28.52 55.4376
    endloop
  endfacet
  facet normal -0 -1 0
    outer loop
      vertex 20.8318 -28.52 55.6033
      vertex 20.8004 -28.52 56.0307
      vertex 20.7839 -28.52 55.5184
    endloop
  endfacet
  facet normal 0 -1 0
    outer loop
      vertex 20.8705 -28.52 55.9035
      vertex 20.9068 -28.52 55.7841
      vertex 20.9119 -28.52 55.8023
    endloop
  endfacet
  facet normal 0 -1 0
    outer loop
      vertex 19.6692 -28.52 55.7059
      vertex 19.6658 -28.52 55.8031
      vertex 19.6614 -28.52 55.7543
    endloop
  endfacet
  facet normal 0 -1 0
    outer loop
      vertex 20.7297 -28.52 55.4376
      vertex 19.6658 -28.52 55.8031
      vertex 19.6692 -28.52 55.7059
    endloop
  endfacet
  facet normal 0 -1 0
    outer loop
      vertex 20.8705 -28.52 55.9035
      vertex 20.8727 -28.52 55.6919
      vertex 20.9068 -28.52 55.7841
    endloop
  endfacet
  facet normal 0 -1 0
    outer loop
      vertex 20.6697 -28.52 55.3614
      vertex 19.6692 -28.52 55.7059
      vertex 19.673 -28.52 55.6547
    endloop
  endfacet
  facet normal 0 -1 -0
    outer loop
      vertex 20.8705 -28.52 55.9035
      vertex 20.8318 -28.52 55.6033
      vertex 20.8727 -28.52 55.6919
    endloop
  endfacet
  facet normal 0 -1 0
    outer loop
      vertex 20.5323 -28.52 55.2226
      vertex 19.673 -28.52 55.6547
      vertex 19.6728 -28.52 55.6032
    endloop
  endfacet
  facet normal 0 -1 0
    outer loop
      vertex 19.6762 -28.52 55.5061
      vertex 19.6728 -28.52 55.6032
      vertex 19.6684 -28.52 55.5544
    endloop
  endfacet
  facet normal 0 -1 0
    outer loop
      vertex 20.8004 -28.52 56.0307
      vertex 20.8318 -28.52 55.6033
      vertex 20.8705 -28.52 55.9035
    endloop
  endfacet
  facet normal 0 -1 0
    outer loop
      vertex 20.4549 -28.52 55.1601
      vertex 19.6728 -28.52 55.6032
      vertex 19.6762 -28.52 55.5061
    endloop
  endfacet
  facet normal 0 -1 0
    outer loop
      vertex 20.4549 -28.52 55.1601
      vertex 19.6762 -28.52 55.5061
      vertex 19.68 -28.52 55.4548
    endloop
  endfacet
  facet normal 0 -1 0
    outer loop
      vertex 20.7161 -28.52 56.1486
      vertex 20.7839 -28.52 55.5184
      vertex 20.8004 -28.52 56.0307
    endloop
  endfacet
  facet normal 0 -1 0
    outer loop
      vertex 20.2839 -28.52 55.0496
      vertex 19.68 -28.52 55.4548
      vertex 19.6798 -28.52 55.4034
    endloop
  endfacet
  facet normal 0 -1 0
    outer loop
      vertex 19.6692 -28.52 55.7059
      vertex 20.6697 -28.52 55.3614
      vertex 20.7297 -28.52 55.4376
    endloop
  endfacet
  facet normal 0 -1 0
    outer loop
      vertex 19.6832 -28.52 55.3062
      vertex 19.6798 -28.52 55.4034
      vertex 19.6753 -28.52 55.3545
    endloop
  endfacet
  facet normal 0 -1 0
    outer loop
      vertex 19.6798 -28.52 55.4034
      vertex 19.6832 -28.52 55.3062
      vertex 20.2839 -28.52 55.0496
    endloop
  endfacet
  facet normal 0 -1 0
    outer loop
      vertex 19.673 -28.52 55.6547
      vertex 20.6039 -28.52 55.2897
      vertex 20.6697 -28.52 55.3614
    endloop
  endfacet
  facet normal 0 -1 0
    outer loop
      vertex 20.2839 -28.52 55.0496
      vertex 19.6832 -28.52 55.3062
      vertex 19.687 -28.52 55.2549
    endloop
  endfacet
  facet normal 0 -1 0
    outer loop
      vertex 19.673 -28.52 55.6547
      vertex 20.5323 -28.52 55.2226
      vertex 20.6039 -28.52 55.2897
    endloop
  endfacet
  facet normal 0 -1 0
    outer loop
      vertex 20.2839 -28.52 55.0496
      vertex 19.687 -28.52 55.2549
      vertex 19.6867 -28.52 55.2035
    endloop
  endfacet
  facet normal 0 -1 0
    outer loop
      vertex 19.6728 -28.52 55.6032
      vertex 20.4549 -28.52 55.1601
      vertex 20.5323 -28.52 55.2226
    endloop
  endfacet
  facet normal 0 -1 0
    outer loop
      vertex 20.2839 -28.52 55.0496
      vertex 19.6867 -28.52 55.2035
      vertex 19.6823 -28.52 55.1547
    endloop
  endfacet
  facet normal 0 -1 0
    outer loop
      vertex 20.2839 -28.52 55.0496
      vertex 19.6823 -28.52 55.1547
      vertex 19.6737 -28.52 55.1085
    endloop
  endfacet
  facet normal 0 -1 0
    outer loop
      vertex 19.68 -28.52 55.4548
      vertex 20.3717 -28.52 55.1022
      vertex 20.4549 -28.52 55.1601
    endloop
  endfacet
  facet normal 0 -1 0
    outer loop
      vertex 20.2839 -28.52 55.0496
      vertex 19.6737 -28.52 55.1085
      vertex 19.661 -28.52 55.065
    endloop
  endfacet
  facet normal 0 -1 0
    outer loop
      vertex 19.68 -28.52 55.4548
      vertex 20.2839 -28.52 55.0496
      vertex 20.3717 -28.52 55.1022
    endloop
  endfacet
  facet normal 0 -1 0
    outer loop
      vertex 20.2909 -28.52 54.8497
      vertex 19.661 -28.52 55.065
      vertex 19.644 -28.52 55.0241
    endloop
  endfacet
  facet normal 0 -1 0
    outer loop
      vertex 20.2909 -28.52 54.8497
      vertex 19.644 -28.52 55.0241
      vertex 19.6229 -28.52 54.9858
    endloop
  endfacet
  facet normal 0 -1 0
    outer loop
      vertex 20.2909 -28.52 54.8497
      vertex 19.6229 -28.52 54.9858
      vertex 19.5976 -28.52 54.9502
    endloop
  endfacet
  facet normal 0 -1 0
    outer loop
      vertex 20.2978 -28.52 54.6498
      vertex 19.5976 -28.52 54.9502
      vertex 19.5681 -28.52 54.9172
    endloop
  endfacet
  facet normal 0 -1 0
    outer loop
      vertex 19.661 -28.52 55.065
      vertex 20.2909 -28.52 54.8497
      vertex 20.2839 -28.52 55.0496
    endloop
  endfacet
  facet normal 0 -1 0
    outer loop
      vertex 20.2839 -28.52 55.0496
      vertex 20.3787 -28.52 54.9023
      vertex 20.3875 -28.52 54.9085
    endloop
  endfacet
  facet normal 0 -1 0
    outer loop
      vertex 20.2978 -28.52 54.6498
      vertex 19.5681 -28.52 54.9172
      vertex 19.5343 -28.52 54.8874
    endloop
  endfacet
  facet normal 0 -1 0
    outer loop
      vertex 20.3048 -28.52 54.45
      vertex 19.5343 -28.52 54.8874
      vertex 19.4959 -28.52 54.8612
    endloop
  endfacet
  facet normal 0 -1 0
    outer loop
      vertex 20.2839 -28.52 55.0496
      vertex 20.2909 -28.52 54.8497
      vertex 20.3787 -28.52 54.9023
    endloop
  endfacet
  facet normal 0 -1 0
    outer loop
      vertex 19.7422 -28.52 53.8339
      vertex 19.4959 -28.52 54.8612
      vertex 19.453 -28.52 54.8387
    endloop
  endfacet
  facet normal 0 -1 0
    outer loop
      vertex 19.7422 -28.52 53.8339
      vertex 19.453 -28.52 54.8387
      vertex 19.4055 -28.52 54.8198
    endloop
  endfacet
  facet normal 0 -1 0
    outer loop
      vertex 19.7422 -28.52 53.8339
      vertex 19.4055 -28.52 54.8198
      vertex 19.3534 -28.52 54.8047
    endloop
  endfacet
  facet normal 0 -1 0
    outer loop
      vertex 19.7422 -28.52 53.8339
      vertex 19.3534 -28.52 54.8047
      vertex 19.2968 -28.52 54.7931
    endloop
  endfacet
  facet normal 0 -1 0
    outer loop
      vertex 19.7422 -28.52 53.8339
      vertex 19.2968 -28.52 54.7931
      vertex 19.2357 -28.52 54.7853
    endloop
  endfacet
  facet normal 0 -1 0
    outer loop
      vertex 19.7422 -28.52 53.8339
      vertex 19.2357 -28.52 54.7853
      vertex 19.1699 -28.52 54.7811
    endloop
  endfacet
  facet normal 0 -1 0
    outer loop
      vertex 19.5976 -28.52 54.9502
      vertex 20.2978 -28.52 54.6498
      vertex 20.2909 -28.52 54.8497
    endloop
  endfacet
  facet normal 0 -1 0
    outer loop
      vertex 19.7422 -28.52 53.8339
      vertex 19.1699 -28.52 54.7811
      vertex 19.0569 -28.52 54.7771
    endloop
  endfacet
  facet normal -0 -1 0
    outer loop
      vertex 20.3857 -28.52 54.7025
      vertex 20.2909 -28.52 54.8497
      vertex 20.2978 -28.52 54.6498
    endloop
  endfacet
  facet normal 0 -1 0
    outer loop
      vertex 20.2909 -28.52 54.8497
      vertex 20.3857 -28.52 54.7025
      vertex 20.3945 -28.52 54.7086
    endloop
  endfacet
  facet normal 0 -1 0
    outer loop
      vertex 19.5343 -28.52 54.8874
      vertex 20.3048 -28.52 54.45
      vertex 20.2978 -28.52 54.6498
    endloop
  endfacet
  facet normal 0 -1 0
    outer loop
      vertex 20.2978 -28.52 54.6498
      vertex 20.3926 -28.52 54.5026
      vertex 20.4015 -28.52 54.5088
    endloop
  endfacet
  facet normal 0 -1 0
    outer loop
      vertex 20.2978 -28.52 54.6498
      vertex 20.3048 -28.52 54.45
      vertex 20.3926 -28.52 54.5026
    endloop
  endfacet
  facet normal 0 -1 0
    outer loop
      vertex 19.4959 -28.52 54.8612
      vertex 19.7422 -28.52 53.8339
      vertex 20.3048 -28.52 54.45
    endloop
  endfacet
  facet normal 0 -1 0
    outer loop
      vertex 20.3048 -28.52 54.45
      vertex 20.3996 -28.52 54.3027
      vertex 20.4085 -28.52 54.3089
    endloop
  endfacet
  facet normal 0 -1 0
    outer loop
      vertex 20.3048 -28.52 54.45
      vertex 20.3118 -28.52 54.2501
      vertex 20.3996 -28.52 54.3027
    endloop
  endfacet
  facet normal 0 -1 -0
    outer loop
      vertex 20.3048 -28.52 54.45
      vertex 19.7422 -28.52 53.8339
      vertex 20.3118 -28.52 54.2501
    endloop
  endfacet
  facet normal 0 -1 0
    outer loop
      vertex 20.3118 -28.52 54.2501
      vertex 20.4066 -28.52 54.1028
      vertex 20.4155 -28.52 54.109
    endloop
  endfacet
  facet normal 0 -1 0
    outer loop
      vertex 20.3118 -28.52 54.2501
      vertex 20.3188 -28.52 54.0502
      vertex 20.4066 -28.52 54.1028
    endloop
  endfacet
  facet normal 0 -1 -0
    outer loop
      vertex 20.3118 -28.52 54.2501
      vertex 19.7422 -28.52 53.8339
      vertex 20.3188 -28.52 54.0502
    endloop
  endfacet
  facet normal 0 -1 -0
    outer loop
      vertex 20.3188 -28.52 54.0502
      vertex 19.7422 -28.52 53.8339
      vertex 20.4593 -28.52 53.8589
    endloop
  endfacet
  facet normal 0 -1 -0
    outer loop
      vertex 4.15266 -28.52 56.1799
      vertex 3.01514 -28.52 56.1236
      vertex 4.15324 -28.52 56.1633
    endloop
  endfacet
  facet normal 0 -1 0
    outer loop
      vertex 4.15266 -28.52 56.1799
      vertex 1.70489 -28.52 56.0778
      vertex 3.01514 -28.52 56.1236
    endloop
  endfacet
  facet normal 0 -1 0
    outer loop
      vertex 0.566212 -28.52 56.0546
      vertex 1.70489 -28.52 56.0778
      vertex 4.15266 -28.52 56.1799
    endloop
  endfacet
  facet normal 0 -1 0
    outer loop
      vertex 1.70489 -28.52 56.0778
      vertex 0.566212 -28.52 56.0546
      vertex 0.566792 -28.52 56.0381
    endloop
  endfacet
  facet normal 0 -1 0
    outer loop
      vertex 1.70489 -28.52 56.0778
      vertex 3.11538 -28.52 53.2533
      vertex 3.01514 -28.52 56.1236
    endloop
  endfacet
  facet normal -0 -1 0
    outer loop
      vertex 3.11538 -28.52 53.2533
      vertex 1.70489 -28.52 56.0778
      vertex 1.80512 -28.52 53.2075
    endloop
  endfacet
  facet normal 0 -1 0
    outer loop
      vertex -9.9838 -28.52 55.6574
      vertex -9.90366 -28.52 55.6853
      vertex -10.0637 -28.52 55.6834
    endloop
  endfacet
  facet normal 0 -1 0
    outer loop
      vertex -9.85733 -28.52 55.6421
      vertex -9.90366 -28.52 55.6853
      vertex -9.91954 -28.52 55.6514
    endloop
  endfacet
  facet normal 0 -1 0
    outer loop
      vertex -9.9838 -28.52 55.6574
      vertex -10.0637 -28.52 55.6834
      vertex -10.0501 -28.52 55.6601
    endloop
  endfacet
  facet normal 0 -1 -0
    outer loop
      vertex -10.0637 -28.52 55.6834
      vertex -10.1185 -28.52 55.6594
      vertex -10.0501 -28.52 55.6601
    endloop
  endfacet
  facet normal 0 -1 0
    outer loop
      vertex -10.0637 -28.52 55.6834
      vertex -10.6681 -28.52 55.6402
      vertex -10.1185 -28.52 55.6594
    endloop
  endfacet
  facet normal 0 -1 0
    outer loop
      vertex -11.9791 -28.52 55.6166
      vertex -10.6681 -28.52 55.6402
      vertex -10.0637 -28.52 55.6834
    endloop
  endfacet
  facet normal 0 -1 0
    outer loop
      vertex -11.9791 -28.52 55.6166
      vertex -10.5689 -28.52 52.7976
      vertex -10.6681 -28.52 55.6402
    endloop
  endfacet
  facet normal 0 -1 -0
    outer loop
      vertex -10.5689 -28.52 52.7976
      vertex -11.8783 -28.52 52.7297
      vertex -9.96293 -28.52 52.7966
    endloop
  endfacet
  facet normal 0 -1 0
    outer loop
      vertex -11.8783 -28.52 52.7297
      vertex -10.5689 -28.52 52.7976
      vertex -11.9791 -28.52 55.6166
    endloop
  endfacet
  facet normal 0 -1 0
    outer loop
      vertex -9.90366 -28.52 55.6853
      vertex -9.9838 -28.52 55.6574
      vertex -9.91954 -28.52 55.6514
    endloop
  endfacet
  facet normal 0 -1 0
    outer loop
      vertex -9.90366 -28.52 55.6853
      vertex -9.85733 -28.52 55.6421
      vertex -9.74817 -28.52 55.6797
    endloop
  endfacet
  facet normal 0 -1 0
    outer loop
      vertex -9.79718 -28.52 55.6293
      vertex -9.74817 -28.52 55.6797
      vertex -9.85733 -28.52 55.6421
    endloop
  endfacet
  facet normal 0 -1 0
    outer loop
      vertex -9.73907 -28.52 55.6132
      vertex -9.74817 -28.52 55.6797
      vertex -9.79718 -28.52 55.6293
    endloop
  endfacet
  facet normal 0 -1 0
    outer loop
      vertex -9.68302 -28.52 55.5937
      vertex -9.74817 -28.52 55.6797
      vertex -9.73907 -28.52 55.6132
    endloop
  endfacet
  facet normal 0 -1 0
    outer loop
      vertex -9.74817 -28.52 55.6797
      vertex -9.68302 -28.52 55.5937
      vertex -9.59727 -28.52 55.6665
    endloop
  endfacet
  facet normal 0 -1 0
    outer loop
      vertex -9.62903 -28.52 55.5708
      vertex -9.59727 -28.52 55.6665
      vertex -9.68302 -28.52 55.5937
    endloop
  endfacet
  facet normal 0 -1 0
    outer loop
      vertex -9.57744 -28.52 55.5447
      vertex -9.59727 -28.52 55.6665
      vertex -9.62903 -28.52 55.5708
    endloop
  endfacet
  facet normal 0 -1 0
    outer loop
      vertex -9.59727 -28.52 55.6665
      vertex -9.57744 -28.52 55.5447
      vertex -9.45098 -28.52 55.6458
    endloop
  endfacet
  facet normal 0 -1 0
    outer loop
      vertex -9.5286 -28.52 55.5153
      vertex -9.45098 -28.52 55.6458
      vertex -9.57744 -28.52 55.5447
    endloop
  endfacet
  facet normal 0 -1 0
    outer loop
      vertex -9.48251 -28.52 55.4827
      vertex -9.45098 -28.52 55.6458
      vertex -9.5286 -28.52 55.5153
    endloop
  endfacet
  facet normal 0 -1 -0
    outer loop
      vertex -9.45098 -28.52 55.6458
      vertex -9.48251 -28.52 55.4827
      vertex -9.3093 -28.52 55.6175
    endloop
  endfacet
  facet normal 0 -1 0
    outer loop
      vertex -9.43918 -28.52 55.4468
      vertex -9.3093 -28.52 55.6175
      vertex -9.48251 -28.52 55.4827
    endloop
  endfacet
  facet normal 0 -1 0
    outer loop
      vertex -9.39861 -28.52 55.4078
      vertex -9.3093 -28.52 55.6175
      vertex -9.43918 -28.52 55.4468
    endloop
  endfacet
  facet normal 0 -1 0
    outer loop
      vertex -9.36079 -28.52 55.3655
      vertex -9.3093 -28.52 55.6175
      vertex -9.39861 -28.52 55.4078
    endloop
  endfacet
  facet normal 0 -1 -0
    outer loop
      vertex -9.3093 -28.52 55.6175
      vertex -9.36079 -28.52 55.3655
      vertex -9.17221 -28.52 55.5817
    endloop
  endfacet
  facet normal 0 -1 0
    outer loop
      vertex -9.32572 -28.52 55.32
      vertex -9.17221 -28.52 55.5817
      vertex -9.36079 -28.52 55.3655
    endloop
  endfacet
  facet normal 0 -1 -0
    outer loop
      vertex -9.17221 -28.52 55.5817
      vertex -9.32572 -28.52 55.32
      vertex -9.03972 -28.52 55.5383
    endloop
  endfacet
  facet normal 0 -1 0
    outer loop
      vertex -9.29341 -28.52 55.2713
      vertex -9.03972 -28.52 55.5383
      vertex -9.32572 -28.52 55.32
    endloop
  endfacet
  facet normal 0 -1 0
    outer loop
      vertex -9.26423 -28.52 55.2194
      vertex -9.03972 -28.52 55.5383
      vertex -9.29341 -28.52 55.2713
    endloop
  endfacet
  facet normal 0 -1 -0
    outer loop
      vertex -9.03972 -28.52 55.5383
      vertex -9.26423 -28.52 55.2194
      vertex -8.91185 -28.52 55.4874
    endloop
  endfacet
  facet normal 0 -1 0
    outer loop
      vertex -9.2386 -28.52 55.1644
      vertex -8.91185 -28.52 55.4874
      vertex -9.26423 -28.52 55.2194
    endloop
  endfacet
  facet normal 0 -1 0
    outer loop
      vertex -9.2165 -28.52 55.1064
      vertex -8.91185 -28.52 55.4874
      vertex -9.2386 -28.52 55.1644
    endloop
  endfacet
  facet normal 0 -1 -0
    outer loop
      vertex -8.91185 -28.52 55.4874
      vertex -9.2165 -28.52 55.1064
      vertex -8.78953 -28.52 55.4295
    endloop
  endfacet
  facet normal 0 -1 0
    outer loop
      vertex -9.19795 -28.52 55.0453
      vertex -8.78953 -28.52 55.4295
      vertex -9.2165 -28.52 55.1064
    endloop
  endfacet
  facet normal 0 -1 -0
    outer loop
      vertex -8.78953 -28.52 55.4295
      vertex -9.19795 -28.52 55.0453
      vertex -8.67377 -28.52 55.3653
    endloop
  endfacet
  facet normal 0 -1 0
    outer loop
      vertex -9.18295 -28.52 54.9811
      vertex -8.67377 -28.52 55.3653
      vertex -9.19795 -28.52 55.0453
    endloop
  endfacet
  facet normal 0 -1 -0
    outer loop
      vertex -8.67377 -28.52 55.3653
      vertex -9.18295 -28.52 54.9811
      vertex -8.56456 -28.52 55.2946
    endloop
  endfacet
  facet normal 0 -1 0
    outer loop
      vertex -9.17147 -28.52 54.9139
      vertex -8.56456 -28.52 55.2946
      vertex -9.18295 -28.52 54.9811
    endloop
  endfacet
  facet normal 0 -1 -0
    outer loop
      vertex -8.56456 -28.52 55.2946
      vertex -9.17147 -28.52 54.9139
      vertex -8.46191 -28.52 55.2175
    endloop
  endfacet
  facet normal 0 -1 0
    outer loop
      vertex -9.16355 -28.52 54.8436
      vertex -8.46191 -28.52 55.2175
      vertex -9.17147 -28.52 54.9139
    endloop
  endfacet
  facet normal 0 -1 -0
    outer loop
      vertex -8.46191 -28.52 55.2175
      vertex -9.16355 -28.52 54.8436
      vertex -8.3658 -28.52 55.1341
    endloop
  endfacet
  facet normal 0 -1 0
    outer loop
      vertex -9.15915 -28.52 54.7701
      vertex -8.3658 -28.52 55.1341
      vertex -9.16355 -28.52 54.8436
    endloop
  endfacet
  facet normal 0 -1 -0
    outer loop
      vertex -8.3658 -28.52 55.1341
      vertex -9.15915 -28.52 54.7701
      vertex -8.27624 -28.52 55.0442
    endloop
  endfacet
  facet normal 0 -1 0
    outer loop
      vertex -9.15846 -28.52 54.6978
      vertex -8.27624 -28.52 55.0442
      vertex -9.15915 -28.52 54.7701
    endloop
  endfacet
  facet normal 0 -1 0
    outer loop
      vertex -9.15657 -28.52 54.6437
      vertex -8.27624 -28.52 55.0442
      vertex -9.15846 -28.52 54.6978
    endloop
  endfacet
  facet normal 0 -1 -0
    outer loop
      vertex -8.27624 -28.52 55.0442
      vertex -9.15657 -28.52 54.6437
      vertex -8.19324 -28.52 54.948
    endloop
  endfacet
  facet normal 0 -1 0
    outer loop
      vertex -9.15217 -28.52 54.5702
      vertex -8.19324 -28.52 54.948
      vertex -9.15657 -28.52 54.6437
    endloop
  endfacet
  facet normal 0 -1 0
    outer loop
      vertex -9.15657 -28.52 54.6437
      vertex -9.15846 -28.52 54.6978
      vertex -9.15964 -28.52 54.6709
    endloop
  endfacet
  facet normal 0 -1 -0
    outer loop
      vertex -8.19324 -28.52 54.948
      vertex -9.15217 -28.52 54.5702
      vertex -8.11678 -28.52 54.8454
    endloop
  endfacet
  facet normal 0 -1 0
    outer loop
      vertex -9.15148 -28.52 54.498
      vertex -8.11678 -28.52 54.8454
      vertex -9.15217 -28.52 54.5702
    endloop
  endfacet
  facet normal 0 -1 0
    outer loop
      vertex -9.14959 -28.52 54.4438
      vertex -8.11678 -28.52 54.8454
      vertex -9.15148 -28.52 54.498
    endloop
  endfacet
  facet normal 0 -1 -0
    outer loop
      vertex -8.11678 -28.52 54.8454
      vertex -9.14959 -28.52 54.4438
      vertex -8.04786 -28.52 54.7367
    endloop
  endfacet
  facet normal 0 -1 0
    outer loop
      vertex -9.14519 -28.52 54.3704
      vertex -8.04786 -28.52 54.7367
      vertex -9.14959 -28.52 54.4438
    endloop
  endfacet
  facet normal 0 -1 0
    outer loop
      vertex -9.14959 -28.52 54.4438
      vertex -9.15148 -28.52 54.498
      vertex -9.15264 -28.52 54.471
    endloop
  endfacet
  facet normal 0 -1 -0
    outer loop
      vertex -8.04786 -28.52 54.7367
      vertex -9.14519 -28.52 54.3704
      vertex -7.9874 -28.52 54.6223
    endloop
  endfacet
  facet normal 0 -1 0
    outer loop
      vertex -9.1445 -28.52 54.2981
      vertex -7.9874 -28.52 54.6223
      vertex -9.14519 -28.52 54.3704
    endloop
  endfacet
  facet normal 0 -1 -0
    outer loop
      vertex -7.9874 -28.52 54.6223
      vertex -9.1445 -28.52 54.2981
      vertex -7.93545 -28.52 54.5023
    endloop
  endfacet
  facet normal 0 -1 0
    outer loop
      vertex -7.92234 -28.52 54.127
      vertex -7.93545 -28.52 54.5023
      vertex -9.1445 -28.52 54.2981
    endloop
  endfacet
  facet normal 0 -1 0
    outer loop
      vertex -7.93545 -28.52 54.5023
      vertex -7.92234 -28.52 54.127
      vertex -7.89197 -28.52 54.3766
    endloop
  endfacet
  facet normal 0 -1 0
    outer loop
      vertex -9.14261 -28.52 54.2439
      vertex -9.1445 -28.52 54.2981
      vertex -9.14566 -28.52 54.2711
    endloop
  endfacet
  facet normal 0 -1 0
    outer loop
      vertex -7.89197 -28.52 54.3766
      vertex -7.88774 -28.52 54.2552
      vertex -7.87591 -28.52 54.3163
    endloop
  endfacet
  facet normal 0 -1 0
    outer loop
      vertex -9.1445 -28.52 54.2981
      vertex -9.14261 -28.52 54.2439
      vertex -7.92234 -28.52 54.127
    endloop
  endfacet
  facet normal 0 -1 0
    outer loop
      vertex -7.96579 -28.52 54.0036
      vertex -9.14261 -28.52 54.2439
      vertex -9.13821 -28.52 54.1705
    endloop
  endfacet
  facet normal 0 -1 -0
    outer loop
      vertex -7.89197 -28.52 54.3766
      vertex -7.92234 -28.52 54.127
      vertex -7.88774 -28.52 54.2552
    endloop
  endfacet
  facet normal 0 -1 0
    outer loop
      vertex -8.01811 -28.52 53.885
      vertex -9.13821 -28.52 54.1705
      vertex -9.13752 -28.52 54.0982
    endloop
  endfacet
  facet normal 0 -1 0
    outer loop
      vertex -9.13563 -28.52 54.044
      vertex -9.13752 -28.52 54.0982
      vertex -9.13868 -28.52 54.0712
    endloop
  endfacet
  facet normal 0 -1 0
    outer loop
      vertex -8.07927 -28.52 53.7712
      vertex -9.13752 -28.52 54.0982
      vertex -9.13563 -28.52 54.044
    endloop
  endfacet
  facet normal 0 -1 0
    outer loop
      vertex -9.14261 -28.52 54.2439
      vertex -7.96579 -28.52 54.0036
      vertex -7.92234 -28.52 54.127
    endloop
  endfacet
  facet normal 0 -1 0
    outer loop
      vertex -8.07927 -28.52 53.7712
      vertex -9.13563 -28.52 54.044
      vertex -9.13123 -28.52 53.9706
    endloop
  endfacet
  facet normal 0 -1 0
    outer loop
      vertex -8.14836 -28.52 53.6628
      vertex -9.13123 -28.52 53.9706
      vertex -9.13054 -28.52 53.8983
    endloop
  endfacet
  facet normal 0 -1 0
    outer loop
      vertex -9.13821 -28.52 54.1705
      vertex -8.01811 -28.52 53.885
      vertex -7.96579 -28.52 54.0036
    endloop
  endfacet
  facet normal 0 -1 0
    outer loop
      vertex -9.12865 -28.52 53.8442
      vertex -9.13054 -28.52 53.8983
      vertex -9.1317 -28.52 53.8714
    endloop
  endfacet
  facet normal 0 -1 0
    outer loop
      vertex -9.13054 -28.52 53.8983
      vertex -9.12865 -28.52 53.8442
      vertex -8.22443 -28.52 53.5605
    endloop
  endfacet
  facet normal 0 -1 0
    outer loop
      vertex -9.13752 -28.52 54.0982
      vertex -8.07927 -28.52 53.7712
      vertex -8.01811 -28.52 53.885
    endloop
  endfacet
  facet normal 0 -1 0
    outer loop
      vertex -8.22443 -28.52 53.5605
      vertex -9.12865 -28.52 53.8442
      vertex -9.12425 -28.52 53.7707
    endloop
  endfacet
  facet normal 0 -1 0
    outer loop
      vertex -8.30748 -28.52 53.4641
      vertex -9.12425 -28.52 53.7707
      vertex -9.12356 -28.52 53.6985
    endloop
  endfacet
  facet normal 0 -1 0
    outer loop
      vertex -9.13123 -28.52 53.9706
      vertex -8.14836 -28.52 53.6628
      vertex -8.07927 -28.52 53.7712
    endloop
  endfacet
  facet normal 0 -1 0
    outer loop
      vertex -8.39752 -28.52 53.3737
      vertex -9.12356 -28.52 53.6985
      vertex -9.12659 -28.52 53.6288
    endloop
  endfacet
  facet normal 0 -1 0
    outer loop
      vertex -8.49454 -28.52 53.2894
      vertex -9.12659 -28.52 53.6288
      vertex -9.13338 -28.52 53.5616
    endloop
  endfacet
  facet normal 0 -1 0
    outer loop
      vertex -9.13054 -28.52 53.8983
      vertex -8.22443 -28.52 53.5605
      vertex -8.14836 -28.52 53.6628
    endloop
  endfacet
  facet normal 0 -1 0
    outer loop
      vertex -8.59854 -28.52 53.2111
      vertex -9.13338 -28.52 53.5616
      vertex -9.14388 -28.52 53.497
    endloop
  endfacet
  facet normal 0 -1 0
    outer loop
      vertex -9.12425 -28.52 53.7707
      vertex -8.30748 -28.52 53.4641
      vertex -8.22443 -28.52 53.5605
    endloop
  endfacet
  facet normal 0 -1 0
    outer loop
      vertex -8.70953 -28.52 53.1388
      vertex -9.14388 -28.52 53.497
      vertex -9.15813 -28.52 53.435
    endloop
  endfacet
  facet normal 0 -1 0
    outer loop
      vertex -8.82751 -28.52 53.0724
      vertex -9.15813 -28.52 53.435
      vertex -9.17613 -28.52 53.3755
    endloop
  endfacet
  facet normal 0 -1 0
    outer loop
      vertex -9.12356 -28.52 53.6985
      vertex -8.39752 -28.52 53.3737
      vertex -8.30748 -28.52 53.4641
    endloop
  endfacet
  facet normal 0 -1 0
    outer loop
      vertex -8.82751 -28.52 53.0724
      vertex -9.17613 -28.52 53.3755
      vertex -9.19786 -28.52 53.3186
    endloop
  endfacet
  facet normal 0 -1 0
    outer loop
      vertex -9.12659 -28.52 53.6288
      vertex -8.49454 -28.52 53.2894
      vertex -8.39752 -28.52 53.3737
    endloop
  endfacet
  facet normal 0 -1 0
    outer loop
      vertex -8.95153 -28.52 53.0128
      vertex -9.19786 -28.52 53.3186
      vertex -9.22332 -28.52 53.2642
    endloop
  endfacet
  facet normal 0 -1 0
    outer loop
      vertex -8.95153 -28.52 53.0128
      vertex -9.22332 -28.52 53.2642
      vertex -9.25213 -28.52 53.2127
    endloop
  endfacet
  facet normal 0 -1 0
    outer loop
      vertex -9.13338 -28.52 53.5616
      vertex -8.59854 -28.52 53.2111
      vertex -8.49454 -28.52 53.2894
    endloop
  endfacet
  facet normal 0 -1 0
    outer loop
      vertex -9.08066 -28.52 52.9603
      vertex -9.25213 -28.52 53.2127
      vertex -9.28393 -28.52 53.1643
    endloop
  endfacet
  facet normal 0 -1 0
    outer loop
      vertex -9.14388 -28.52 53.497
      vertex -8.70953 -28.52 53.1388
      vertex -8.59854 -28.52 53.2111
    endloop
  endfacet
  facet normal 0 -1 0
    outer loop
      vertex -9.21492 -28.52 52.915
      vertex -9.28393 -28.52 53.1643
      vertex -9.31868 -28.52 53.119
    endloop
  endfacet
  facet normal 0 -1 0
    outer loop
      vertex -9.21492 -28.52 52.915
      vertex -9.31868 -28.52 53.119
      vertex -9.35642 -28.52 53.0768
    endloop
  endfacet
  facet normal 0 -1 0
    outer loop
      vertex -9.15813 -28.52 53.435
      vertex -8.82751 -28.52 53.0724
      vertex -8.70953 -28.52 53.1388
    endloop
  endfacet
  facet normal 0 -1 0
    outer loop
      vertex -9.21492 -28.52 52.915
      vertex -9.35642 -28.52 53.0768
      vertex -9.39713 -28.52 53.0378
    endloop
  endfacet
  facet normal 0 -1 0
    outer loop
      vertex -9.19786 -28.52 53.3186
      vertex -8.95153 -28.52 53.0128
      vertex -8.82751 -28.52 53.0724
    endloop
  endfacet
  facet normal 0 -1 0
    outer loop
      vertex -9.35429 -28.52 52.8769
      vertex -9.39713 -28.52 53.0378
      vertex -9.44082 -28.52 53.0018
    endloop
  endfacet
  facet normal 0 -1 0
    outer loop
      vertex -9.35429 -28.52 52.8769
      vertex -9.44082 -28.52 53.0018
      vertex -9.4875 -28.52 52.969
    endloop
  endfacet
  facet normal 0 -1 0
    outer loop
      vertex -9.25213 -28.52 53.2127
      vertex -9.08066 -28.52 52.9603
      vertex -8.95153 -28.52 53.0128
    endloop
  endfacet
  facet normal 0 -1 0
    outer loop
      vertex -9.49878 -28.52 52.846
      vertex -9.4875 -28.52 52.969
      vertex -9.53713 -28.52 52.9392
    endloop
  endfacet
  facet normal 0 -1 0
    outer loop
      vertex -9.28393 -28.52 53.1643
      vertex -9.21492 -28.52 52.915
      vertex -9.08066 -28.52 52.9603
    endloop
  endfacet
  facet normal 0 -1 0
    outer loop
      vertex -9.49878 -28.52 52.846
      vertex -9.53713 -28.52 52.9392
      vertex -9.5894 -28.52 52.9126
    endloop
  endfacet
  facet normal 0 -1 0
    outer loop
      vertex -9.64839 -28.52 52.8223
      vertex -9.5894 -28.52 52.9126
      vertex -9.64394 -28.52 52.8893
    endloop
  endfacet
  facet normal 0 -1 0
    outer loop
      vertex -9.39713 -28.52 53.0378
      vertex -9.35429 -28.52 52.8769
      vertex -9.21492 -28.52 52.915
    endloop
  endfacet
  facet normal 0 -1 0
    outer loop
      vertex -9.64839 -28.52 52.8223
      vertex -9.64394 -28.52 52.8893
      vertex -9.70079 -28.52 52.8691
    endloop
  endfacet
  facet normal 0 -1 0
    outer loop
      vertex -9.64839 -28.52 52.8223
      vertex -9.70079 -28.52 52.8691
      vertex -9.75991 -28.52 52.8522
    endloop
  endfacet
  facet normal 0 -1 -0
    outer loop
      vertex -9.4875 -28.52 52.969
      vertex -9.49878 -28.52 52.846
      vertex -9.35429 -28.52 52.8769
    endloop
  endfacet
  facet normal 0 -1 0
    outer loop
      vertex -9.8031 -28.52 52.8058
      vertex -9.75991 -28.52 52.8522
      vertex -9.82131 -28.52 52.8385
    endloop
  endfacet
  facet normal 0 -1 0
    outer loop
      vertex -9.8031 -28.52 52.8058
      vertex -9.82131 -28.52 52.8385
      vertex -9.885 -28.52 52.8281
    endloop
  endfacet
  facet normal 0 -1 -0
    outer loop
      vertex -9.5894 -28.52 52.9126
      vertex -9.64839 -28.52 52.8223
      vertex -9.49878 -28.52 52.846
    endloop
  endfacet
  facet normal 0 -1 0
    outer loop
      vertex -9.96293 -28.52 52.7966
      vertex -9.885 -28.52 52.8281
      vertex -9.95098 -28.52 52.8208
    endloop
  endfacet
  facet normal 0 -1 0
    outer loop
      vertex -9.96293 -28.52 52.7966
      vertex -9.95098 -28.52 52.8208
      vertex -10.0192 -28.52 52.8168
    endloop
  endfacet
  facet normal 0 -1 -0
    outer loop
      vertex -9.75991 -28.52 52.8522
      vertex -9.8031 -28.52 52.8058
      vertex -9.64839 -28.52 52.8223
    endloop
  endfacet
  facet normal 0 -1 0
    outer loop
      vertex -9.96293 -28.52 52.7966
      vertex -10.0192 -28.52 52.8168
      vertex -10.5689 -28.52 52.7976
    endloop
  endfacet
  facet normal 0 -1 -0
    outer loop
      vertex -9.885 -28.52 52.8281
      vertex -9.96293 -28.52 52.7966
      vertex -9.8031 -28.52 52.8058
    endloop
  endfacet
  facet normal 0 -1 0
    outer loop
      vertex -16.4992 -28.52 52.5683
      vertex -15.284 -28.52 54.38
      vertex -16.6 -28.52 55.4552
    endloop
  endfacet
  facet normal 0 -1 -0
    outer loop
      vertex -15.284 -28.52 54.38
      vertex -16.4992 -28.52 52.5683
      vertex -15.2223 -28.52 52.6129
    endloop
  endfacet
  facet normal 0 -1 0
    outer loop
      vertex -15.284 -28.52 54.38
      vertex -15.523 -28.52 55.4928
      vertex -16.6 -28.52 55.4552
    endloop
  endfacet
  facet normal 0 -1 0
    outer loop
      vertex -15.284 -28.52 54.38
      vertex -13.9845 -28.52 53.7772
      vertex -15.523 -28.52 55.4928
    endloop
  endfacet
  facet normal 0 -1 0
    outer loop
      vertex -13.7455 -28.52 52.6645
      vertex -13.9845 -28.52 53.7772
      vertex -15.284 -28.52 54.38
    endloop
  endfacet
  facet normal 0 -1 0
    outer loop
      vertex -13.9845 -28.52 53.7772
      vertex -13.7455 -28.52 52.6645
      vertex -12.6685 -28.52 52.7021
    endloop
  endfacet
  facet normal 0 -1 0
    outer loop
      vertex -13.9845 -28.52 53.7772
      vertex -12.7693 -28.52 55.589
      vertex -14.0462 -28.52 55.5444
    endloop
  endfacet
  facet normal 0 -1 -0
    outer loop
      vertex -12.7693 -28.52 55.589
      vertex -13.9845 -28.52 53.7772
      vertex -12.6685 -28.52 52.7021
    endloop
  endfacet
  facet normal 0 -1 -0
    outer loop
      vertex 6.77621 -28.52 54.2037
      vertex 6.75988 -28.52 54.0587
      vertex 7.14402 -28.52 54.0721
    endloop
  endfacet
  facet normal 0 -1 0
    outer loop
      vertex 5.69498 -28.52 56.2337
      vertex 5.99582 -28.52 54.977
      vertex 6.33787 -28.52 55.969
    endloop
  endfacet
  facet normal 0 -1 0
    outer loop
      vertex 4.53381 -28.52 53.3028
      vertex 5.99582 -28.52 54.977
      vertex 5.69498 -28.52 56.2337
    endloop
  endfacet
  facet normal 0 -1 -0
    outer loop
      vertex 5.99582 -28.52 54.977
      vertex 5.66601 -28.52 54.0205
      vertex 6.0028 -28.52 54.7771
    endloop
  endfacet
  facet normal 0 -1 -0
    outer loop
      vertex 6.0028 -28.52 54.7771
      vertex 5.66601 -28.52 54.0205
      vertex 6.00978 -28.52 54.5772
    endloop
  endfacet
  facet normal 0 -1 -0
    outer loop
      vertex 6.00978 -28.52 54.5772
      vertex 5.66601 -28.52 54.0205
      vertex 6.01676 -28.52 54.3773
    endloop
  endfacet
  facet normal 0 -1 -0
    outer loop
      vertex 6.02374 -28.52 54.1775
      vertex 5.66601 -28.52 54.0205
      vertex 6.05014 -28.52 54.0339
    endloop
  endfacet
  facet normal 0 -1 -0
    outer loop
      vertex 6.01676 -28.52 54.3773
      vertex 5.66601 -28.52 54.0205
      vertex 6.02374 -28.52 54.1775
    endloop
  endfacet
  facet normal 0 -1 0
    outer loop
      vertex 5.99582 -28.52 54.977
      vertex 4.53381 -28.52 53.3028
      vertex 5.66601 -28.52 54.0205
    endloop
  endfacet
  facet normal 0 -1 0
    outer loop
      vertex 5.66601 -28.52 54.0205
      vertex 4.53381 -28.52 53.3028
      vertex 5.42933 -28.52 53.3341
    endloop
  endfacet
  facet normal 0 -1 0
    outer loop
      vertex 6.33787 -28.52 55.969
      vertex 6.983 -28.52 56.2787
      vertex 5.69498 -28.52 56.2337
    endloop
  endfacet
  facet normal 0 -1 0
    outer loop
      vertex 6.74829 -28.52 55.0032
      vertex 6.983 -28.52 56.2787
      vertex 6.33787 -28.52 55.969
    endloop
  endfacet
  facet normal 0 -1 0
    outer loop
      vertex 6.75527 -28.52 54.8034
      vertex 6.74829 -28.52 55.0032
      vertex 6.67146 -28.52 55.0006
    endloop
  endfacet
  facet normal 0 -1 0
    outer loop
      vertex 7.14402 -28.52 54.0721
      vertex 6.74829 -28.52 55.0032
      vertex 6.75527 -28.52 54.8034
    endloop
  endfacet
  facet normal 0 -1 0
    outer loop
      vertex 6.76225 -28.52 54.6035
      vertex 6.75527 -28.52 54.8034
      vertex 6.67844 -28.52 54.8007
    endloop
  endfacet
  facet normal 0 -1 0
    outer loop
      vertex 7.14402 -28.52 54.0721
      vertex 6.75527 -28.52 54.8034
      vertex 6.76225 -28.52 54.6035
    endloop
  endfacet
  facet normal 0 -1 0
    outer loop
      vertex 6.76923 -28.52 54.4036
      vertex 6.76225 -28.52 54.6035
      vertex 6.68542 -28.52 54.6008
    endloop
  endfacet
  facet normal 0 -1 0
    outer loop
      vertex 7.14402 -28.52 54.0721
      vertex 6.76225 -28.52 54.6035
      vertex 6.76923 -28.52 54.4036
    endloop
  endfacet
  facet normal 0 -1 0
    outer loop
      vertex 6.77621 -28.52 54.2037
      vertex 6.76923 -28.52 54.4036
      vertex 6.69242 -28.52 54.4009
    endloop
  endfacet
  facet normal 0 -1 0
    outer loop
      vertex 7.14402 -28.52 54.0721
      vertex 6.76923 -28.52 54.4036
      vertex 6.77621 -28.52 54.2037
    endloop
  endfacet
  facet normal 0 -1 0
    outer loop
      vertex 6.75988 -28.52 54.0587
      vertex 6.77621 -28.52 54.2037
      vertex 6.69938 -28.52 54.2011
    endloop
  endfacet
  facet normal 0 -1 0
    outer loop
      vertex 8.34575 -28.52 53.4359
      vertex 6.74829 -28.52 55.0032
      vertex 7.14402 -28.52 54.0721
    endloop
  endfacet
  facet normal 0 -1 0
    outer loop
      vertex 6.74829 -28.52 55.0032
      vertex 8.34575 -28.52 53.4359
      vertex 6.983 -28.52 56.2787
    endloop
  endfacet
  facet normal -0 -1 0
    outer loop
      vertex 8.34575 -28.52 53.4359
      vertex 7.14402 -28.52 54.0721
      vertex 7.42799 -28.52 53.4039
    endloop
  endfacet
  facet normal 0 -1 0
    outer loop
      vertex 6.07264 -28.52 54.9796
      vertex 5.99582 -28.52 54.977
      vertex 6.0028 -28.52 54.7771
    endloop
  endfacet
  facet normal 0 -1 0
    outer loop
      vertex 6.07962 -28.52 54.7798
      vertex 6.0028 -28.52 54.7771
      vertex 6.00978 -28.52 54.5772
    endloop
  endfacet
  facet normal 0 -1 0
    outer loop
      vertex 6.0866 -28.52 54.5799
      vertex 6.00978 -28.52 54.5772
      vertex 6.01676 -28.52 54.3773
    endloop
  endfacet
  facet normal 0 -1 0
    outer loop
      vertex 6.09357 -28.52 54.38
      vertex 6.01676 -28.52 54.3773
      vertex 6.02374 -28.52 54.1775
    endloop
  endfacet
  facet normal 0 -1 0
    outer loop
      vertex 6.10056 -28.52 54.1801
      vertex 6.02374 -28.52 54.1775
      vertex 6.05014 -28.52 54.0339
    endloop
  endfacet
  facet normal 0 -1 0
    outer loop
      vertex 9.05044 -28.52 56.3509
      vertex 10.3876 -28.52 54.9884
      vertex 10.3385 -28.52 56.3959
    endloop
  endfacet
  facet normal 0 -1 -0
    outer loop
      vertex 11.533 -28.52 55.1231
      vertex 10.686 -28.52 54.8055
      vertex 11.54 -28.52 54.9233
    endloop
  endfacet
  facet normal 0 -1 0
    outer loop
      vertex 11.547 -28.52 54.7234
      vertex 11.54 -28.52 54.9233
      vertex 10.686 -28.52 54.8055
    endloop
  endfacet
  facet normal 0 -1 0
    outer loop
      vertex 10.3876 -28.52 54.9884
      vertex 10.4057 -28.52 54.4713
      vertex 10.686 -28.52 54.8055
    endloop
  endfacet
  facet normal 0 -1 0
    outer loop
      vertex 9.15125 -28.52 53.4641
      vertex 10.3876 -28.52 54.9884
      vertex 9.05044 -28.52 56.3509
    endloop
  endfacet
  facet normal 0 -1 -0
    outer loop
      vertex 10.3876 -28.52 54.9884
      vertex 9.15125 -28.52 53.4641
      vertex 10.4057 -28.52 54.4713
    endloop
  endfacet
  facet normal 0 -1 -0
    outer loop
      vertex 10.4057 -28.52 54.4713
      vertex 9.15125 -28.52 53.4641
      vertex 10.4393 -28.52 53.509
    endloop
  endfacet
  facet normal 0 -1 -0
    outer loop
      vertex 11.6154 -28.52 56.4405
      vertex 11.5121 -28.52 55.7228
      vertex 12.1348 -28.52 56.4586
    endloop
  endfacet
  facet normal 0 -1 0
    outer loop
      vertex 11.5121 -28.52 55.7228
      vertex 11.5191 -28.52 55.5229
      vertex 11.5981 -28.52 55.6163
    endloop
  endfacet
  facet normal 0 -1 0
    outer loop
      vertex 11.5191 -28.52 55.5229
      vertex 11.526 -28.52 55.323
      vertex 11.605 -28.52 55.4164
    endloop
  endfacet
  facet normal 0 -1 0
    outer loop
      vertex 11.526 -28.52 55.323
      vertex 11.533 -28.52 55.1231
      vertex 11.612 -28.52 55.2165
    endloop
  endfacet
  facet normal 0 -1 0
    outer loop
      vertex 10.686 -28.52 54.8055
      vertex 11.5191 -28.52 55.5229
      vertex 10.3876 -28.52 54.9884
    endloop
  endfacet
  facet normal 0 -1 0
    outer loop
      vertex 10.3876 -28.52 54.9884
      vertex 11.5121 -28.52 55.7228
      vertex 11.6154 -28.52 56.4405
    endloop
  endfacet
  facet normal 0 -1 0
    outer loop
      vertex 10.3876 -28.52 54.9884
      vertex 11.5191 -28.52 55.5229
      vertex 11.5121 -28.52 55.7228
    endloop
  endfacet
  facet normal 0 -1 -0
    outer loop
      vertex 11.5191 -28.52 55.5229
      vertex 10.686 -28.52 54.8055
      vertex 11.526 -28.52 55.323
    endloop
  endfacet
  facet normal 0 -1 -0
    outer loop
      vertex 11.526 -28.52 55.323
      vertex 10.686 -28.52 54.8055
      vertex 11.533 -28.52 55.1231
    endloop
  endfacet
  facet normal 0 -1 0
    outer loop
      vertex 11.533 -28.52 55.1231
      vertex 11.54 -28.52 54.9233
      vertex 11.619 -28.52 55.0166
    endloop
  endfacet
  facet normal 0 -1 0
    outer loop
      vertex 11.54 -28.52 54.9233
      vertex 11.547 -28.52 54.7234
      vertex 11.626 -28.52 54.8167
    endloop
  endfacet
  facet normal 0 -1 0
    outer loop
      vertex 11.7051 -28.52 53.5532
      vertex 11.547 -28.52 54.7234
      vertex 10.686 -28.52 54.8055
    endloop
  endfacet
  facet normal 0 -1 0
    outer loop
      vertex 11.547 -28.52 54.7234
      vertex 11.7051 -28.52 53.5532
      vertex 12.47 -28.52 53.5799
    endloop
  endfacet
  facet normal 0 -1 0
    outer loop
      vertex -7.23181 -28.52 55.7823
      vertex -5.843 -28.52 52.9404
      vertex -5.94381 -28.52 55.8273
    endloop
  endfacet
  facet normal -0 -1 0
    outer loop
      vertex -5.843 -28.52 52.9404
      vertex -7.23181 -28.52 55.7823
      vertex -7.131 -28.52 52.8955
    endloop
  endfacet
  facet normal 0 -1 0
    outer loop
      vertex -1.44833 -28.52 55.9656
      vertex -1.3314 -28.52 55.9822
      vertex -1.5484 -28.52 55.9808
    endloop
  endfacet
  facet normal 0 -1 0
    outer loop
      vertex -1.44833 -28.52 55.9656
      vertex -1.5484 -28.52 55.9808
      vertex -1.50989 -28.52 55.9692
    endloop
  endfacet
  facet normal 0 -1 -0
    outer loop
      vertex -1.5484 -28.52 55.9808
      vertex -1.57576 -28.52 55.9688
      vertex -1.50989 -28.52 55.9692
    endloop
  endfacet
  facet normal 0 -1 0
    outer loop
      vertex -1.5484 -28.52 55.9808
      vertex -2.05322 -28.52 55.9521
      vertex -1.57576 -28.52 55.9688
    endloop
  endfacet
  facet normal 0 -1 0
    outer loop
      vertex -3.36386 -28.52 55.9174
      vertex -2.05322 -28.52 55.9521
      vertex -1.5484 -28.52 55.9808
    endloop
  endfacet
  facet normal 0 -1 0
    outer loop
      vertex -3.36386 -28.52 55.9174
      vertex -1.95279 -28.52 53.0763
      vertex -2.05322 -28.52 55.9521
    endloop
  endfacet
  facet normal -0 -1 0
    outer loop
      vertex -1.95279 -28.52 53.0763
      vertex -3.36386 -28.52 55.9174
      vertex -3.26305 -28.52 53.0305
    endloop
  endfacet
  facet normal 0 -1 0
    outer loop
      vertex -1.39105 -28.52 55.958
      vertex -1.3314 -28.52 55.9822
      vertex -1.44833 -28.52 55.9656
    endloop
  endfacet
  facet normal 0 -1 0
    outer loop
      vertex -1.33805 -28.52 55.9465
      vertex -1.3314 -28.52 55.9822
      vertex -1.39105 -28.52 55.958
    endloop
  endfacet
  facet normal 0 -1 0
    outer loop
      vertex -1.28935 -28.52 55.931
      vertex -1.3314 -28.52 55.9822
      vertex -1.33805 -28.52 55.9465
    endloop
  endfacet
  facet normal 0 -1 0
    outer loop
      vertex -1.3314 -28.52 55.9822
      vertex -1.28935 -28.52 55.931
      vertex -1.12733 -28.52 55.9708
    endloop
  endfacet
  facet normal 0 -1 0
    outer loop
      vertex -1.24496 -28.52 55.9115
      vertex -1.12733 -28.52 55.9708
      vertex -1.28935 -28.52 55.931
    endloop
  endfacet
  facet normal 0 -1 0
    outer loop
      vertex -1.20484 -28.52 55.8881
      vertex -1.12733 -28.52 55.9708
      vertex -1.24496 -28.52 55.9115
    endloop
  endfacet
  facet normal 0 -1 0
    outer loop
      vertex -1.16901 -28.52 55.8607
      vertex -1.12733 -28.52 55.9708
      vertex -1.20484 -28.52 55.8881
    endloop
  endfacet
  facet normal 0 -1 0
    outer loop
      vertex -1.13732 -28.52 55.8298
      vertex -1.12733 -28.52 55.9708
      vertex -1.16901 -28.52 55.8607
    endloop
  endfacet
  facet normal 0 -1 -0
    outer loop
      vertex -1.12733 -28.52 55.9708
      vertex -1.13732 -28.52 55.8298
      vertex -0.936199 -28.52 55.9467
    endloop
  endfacet
  facet normal 0 -1 0
    outer loop
      vertex -1.10961 -28.52 55.7961
      vertex -0.936199 -28.52 55.9467
      vertex -1.13732 -28.52 55.8298
    endloop
  endfacet
  facet normal 0 -1 0
    outer loop
      vertex -1.08587 -28.52 55.7594
      vertex -0.936199 -28.52 55.9467
      vertex -1.10961 -28.52 55.7961
    endloop
  endfacet
  facet normal 0 -1 0
    outer loop
      vertex -1.06612 -28.52 55.7198
      vertex -0.936199 -28.52 55.9467
      vertex -1.08587 -28.52 55.7594
    endloop
  endfacet
  facet normal 0 -1 -0
    outer loop
      vertex -0.936199 -28.52 55.9467
      vertex -1.06612 -28.52 55.7198
      vertex -0.757983 -28.52 55.9097
    endloop
  endfacet
  facet normal 0 -1 0
    outer loop
      vertex -1.05034 -28.52 55.6773
      vertex -0.757983 -28.52 55.9097
      vertex -1.06612 -28.52 55.7198
    endloop
  endfacet
  facet normal 0 -1 0
    outer loop
      vertex -1.03855 -28.52 55.6318
      vertex -0.757983 -28.52 55.9097
      vertex -1.05034 -28.52 55.6773
    endloop
  endfacet
  facet normal 0 -1 0
    outer loop
      vertex -1.03074 -28.52 55.5834
      vertex -0.757983 -28.52 55.9097
      vertex -1.03855 -28.52 55.6318
    endloop
  endfacet
  facet normal 0 -1 -0
    outer loop
      vertex -0.757983 -28.52 55.9097
      vertex -1.03074 -28.52 55.5834
      vertex -0.592709 -28.52 55.86
    endloop
  endfacet
  facet normal 0 -1 0
    outer loop
      vertex -1.02691 -28.52 55.5322
      vertex -0.592709 -28.52 55.86
      vertex -1.03074 -28.52 55.5834
    endloop
  endfacet
  facet normal 0 -1 0
    outer loop
      vertex -1.02716 -28.52 55.4807
      vertex -0.592709 -28.52 55.86
      vertex -1.02691 -28.52 55.5322
    endloop
  endfacet
  facet normal 0 -1 -0
    outer loop
      vertex -0.592709 -28.52 55.86
      vertex -1.02716 -28.52 55.4807
      vertex -0.440364 -28.52 55.7975
    endloop
  endfacet
  facet normal 0 -1 0
    outer loop
      vertex -1.02376 -28.52 55.3836
      vertex -0.440364 -28.52 55.7975
      vertex -1.02716 -28.52 55.4807
    endloop
  endfacet
  facet normal 0 -1 0
    outer loop
      vertex -1.01993 -28.52 55.3323
      vertex -0.440364 -28.52 55.7975
      vertex -1.02376 -28.52 55.3836
    endloop
  endfacet
  facet normal 0 -1 -0
    outer loop
      vertex -0.440364 -28.52 55.7975
      vertex -1.01993 -28.52 55.3323
      vertex -0.300949 -28.52 55.7222
    endloop
  endfacet
  facet normal 0 -1 0
    outer loop
      vertex -1.02376 -28.52 55.3836
      vertex -1.02716 -28.52 55.4807
      vertex -1.03157 -28.52 55.4319
    endloop
  endfacet
  facet normal 0 -1 0
    outer loop
      vertex -1.02018 -28.52 55.2808
      vertex -0.300949 -28.52 55.7222
      vertex -1.01993 -28.52 55.3323
    endloop
  endfacet
  facet normal 0 -1 -0
    outer loop
      vertex -0.300949 -28.52 55.7222
      vertex -1.02018 -28.52 55.2808
      vertex -0.17446 -28.52 55.6341
    endloop
  endfacet
  facet normal 0 -1 0
    outer loop
      vertex -1.01678 -28.52 55.1837
      vertex -0.17446 -28.52 55.6341
      vertex -1.02018 -28.52 55.2808
    endloop
  endfacet
  facet normal 0 -1 0
    outer loop
      vertex -1.01295 -28.52 55.1324
      vertex -0.17446 -28.52 55.6341
      vertex -1.01678 -28.52 55.1837
    endloop
  endfacet
  facet normal 0 -1 -0
    outer loop
      vertex -0.17446 -28.52 55.6341
      vertex -1.01295 -28.52 55.1324
      vertex -0.0615716 -28.52 55.535
    endloop
  endfacet
  facet normal 0 -1 0
    outer loop
      vertex -1.01678 -28.52 55.1837
      vertex -1.02018 -28.52 55.2808
      vertex -1.02459 -28.52 55.232
    endloop
  endfacet
  facet normal 0 -1 0
    outer loop
      vertex -1.0132 -28.52 55.081
      vertex -0.0615716 -28.52 55.535
      vertex -1.01295 -28.52 55.1324
    endloop
  endfacet
  facet normal 0 -1 -0
    outer loop
      vertex -0.0615716 -28.52 55.535
      vertex -1.0132 -28.52 55.081
      vertex 0.0370475 -28.52 55.4264
    endloop
  endfacet
  facet normal 0 -1 0
    outer loop
      vertex 0.0507305 -28.52 54.7154
      vertex 0.0370475 -28.52 55.4264
      vertex -1.0132 -28.52 55.081
    endloop
  endfacet
  facet normal -0 -1 0
    outer loop
      vertex 0.104936 -28.52 54.7962
      vertex 0.0370475 -28.52 55.4264
      vertex 0.0507305 -28.52 54.7154
    endloop
  endfacet
  facet normal -0 -1 0
    outer loop
      vertex 0.152767 -28.52 54.8812
      vertex 0.121428 -28.52 55.3086
      vertex 0.104936 -28.52 54.7962
    endloop
  endfacet
  facet normal 0 -1 0
    outer loop
      vertex 0.191523 -28.52 55.1814
      vertex 0.227754 -28.52 55.062
      vertex 0.232891 -28.52 55.0802
    endloop
  endfacet
  facet normal 0 -1 0
    outer loop
      vertex -1.0098 -28.52 54.9838
      vertex -1.0132 -28.52 55.081
      vertex -1.01761 -28.52 55.0322
    endloop
  endfacet
  facet normal 0 -1 0
    outer loop
      vertex 0.0507305 -28.52 54.7154
      vertex -1.0132 -28.52 55.081
      vertex -1.0098 -28.52 54.9838
    endloop
  endfacet
  facet normal 0 -1 0
    outer loop
      vertex 0.191523 -28.52 55.1814
      vertex 0.193706 -28.52 54.9698
      vertex 0.227754 -28.52 55.062
    endloop
  endfacet
  facet normal 0 -1 0
    outer loop
      vertex -0.00926805 -28.52 54.6392
      vertex -1.0098 -28.52 54.9838
      vertex -1.00597 -28.52 54.9325
    endloop
  endfacet
  facet normal 0 -1 -0
    outer loop
      vertex 0.191523 -28.52 55.1814
      vertex 0.152767 -28.52 54.8812
      vertex 0.193706 -28.52 54.9698
    endloop
  endfacet
  facet normal 0 -1 0
    outer loop
      vertex -0.146661 -28.52 54.5005
      vertex -1.00597 -28.52 54.9325
      vertex -1.00622 -28.52 54.8811
    endloop
  endfacet
  facet normal 0 -1 0
    outer loop
      vertex -1.00282 -28.52 54.7839
      vertex -1.00622 -28.52 54.8811
      vertex -1.01063 -28.52 54.8323
    endloop
  endfacet
  facet normal 0 -1 0
    outer loop
      vertex 0.121428 -28.52 55.3086
      vertex 0.152767 -28.52 54.8812
      vertex 0.191523 -28.52 55.1814
    endloop
  endfacet
  facet normal 0 -1 0
    outer loop
      vertex -0.224087 -28.52 54.438
      vertex -1.00622 -28.52 54.8811
      vertex -1.00282 -28.52 54.7839
    endloop
  endfacet
  facet normal 0 -1 0
    outer loop
      vertex -0.224087 -28.52 54.438
      vertex -1.00282 -28.52 54.7839
      vertex -0.998987 -28.52 54.7327
    endloop
  endfacet
  facet normal 0 -1 0
    outer loop
      vertex 0.0370475 -28.52 55.4264
      vertex 0.104936 -28.52 54.7962
      vertex 0.121428 -28.52 55.3086
    endloop
  endfacet
  facet normal 0 -1 0
    outer loop
      vertex -0.395122 -28.52 54.3275
      vertex -0.998987 -28.52 54.7327
      vertex -0.999237 -28.52 54.6812
    endloop
  endfacet
  facet normal 0 -1 0
    outer loop
      vertex -1.0098 -28.52 54.9838
      vertex -0.00926805 -28.52 54.6392
      vertex 0.0507305 -28.52 54.7154
    endloop
  endfacet
  facet normal 0 -1 0
    outer loop
      vertex -0.995843 -28.52 54.5841
      vertex -0.999237 -28.52 54.6812
      vertex -1.00365 -28.52 54.6324
    endloop
  endfacet
  facet normal 0 -1 0
    outer loop
      vertex -0.999237 -28.52 54.6812
      vertex -0.995843 -28.52 54.5841
      vertex -0.395122 -28.52 54.3275
    endloop
  endfacet
  facet normal 0 -1 0
    outer loop
      vertex -1.00597 -28.52 54.9325
      vertex -0.0750603 -28.52 54.5676
      vertex -0.00926805 -28.52 54.6392
    endloop
  endfacet
  facet normal 0 -1 0
    outer loop
      vertex -0.395122 -28.52 54.3275
      vertex -0.995843 -28.52 54.5841
      vertex -0.992007 -28.52 54.5328
    endloop
  endfacet
  facet normal 0 -1 0
    outer loop
      vertex -1.00597 -28.52 54.9325
      vertex -0.146661 -28.52 54.5005
      vertex -0.0750603 -28.52 54.5676
    endloop
  endfacet
  facet normal 0 -1 0
    outer loop
      vertex -0.395122 -28.52 54.3275
      vertex -0.992007 -28.52 54.5328
      vertex -0.992257 -28.52 54.4813
    endloop
  endfacet
  facet normal 0 -1 0
    outer loop
      vertex -1.00622 -28.52 54.8811
      vertex -0.224087 -28.52 54.438
      vertex -0.146661 -28.52 54.5005
    endloop
  endfacet
  facet normal 0 -1 0
    outer loop
      vertex -0.395122 -28.52 54.3275
      vertex -0.992257 -28.52 54.4813
      vertex -0.996675 -28.52 54.4326
    endloop
  endfacet
  facet normal 0 -1 0
    outer loop
      vertex -0.395122 -28.52 54.3275
      vertex -0.996675 -28.52 54.4326
      vertex -1.00526 -28.52 54.3864
    endloop
  endfacet
  facet normal 0 -1 0
    outer loop
      vertex -0.998987 -28.52 54.7327
      vertex -0.307306 -28.52 54.3801
      vertex -0.224087 -28.52 54.438
    endloop
  endfacet
  facet normal 0 -1 0
    outer loop
      vertex -0.395122 -28.52 54.3275
      vertex -1.00526 -28.52 54.3864
      vertex -1.01803 -28.52 54.3429
    endloop
  endfacet
  facet normal 0 -1 0
    outer loop
      vertex -0.998987 -28.52 54.7327
      vertex -0.395122 -28.52 54.3275
      vertex -0.307306 -28.52 54.3801
    endloop
  endfacet
  facet normal 0 -1 0
    outer loop
      vertex -0.388142 -28.52 54.1276
      vertex -1.01803 -28.52 54.3429
      vertex -1.03497 -28.52 54.302
    endloop
  endfacet
  facet normal 0 -1 0
    outer loop
      vertex -0.388142 -28.52 54.1276
      vertex -1.03497 -28.52 54.302
      vertex -1.0561 -28.52 54.2637
    endloop
  endfacet
  facet normal 0 -1 0
    outer loop
      vertex -0.388142 -28.52 54.1276
      vertex -1.0561 -28.52 54.2637
      vertex -1.08139 -28.52 54.2281
    endloop
  endfacet
  facet normal 0 -1 0
    outer loop
      vertex -0.381163 -28.52 53.9277
      vertex -1.08139 -28.52 54.2281
      vertex -1.11085 -28.52 54.1951
    endloop
  endfacet
  facet normal 0 -1 0
    outer loop
      vertex -1.01803 -28.52 54.3429
      vertex -0.388142 -28.52 54.1276
      vertex -0.395122 -28.52 54.3275
    endloop
  endfacet
  facet normal 0 -1 0
    outer loop
      vertex -0.395122 -28.52 54.3275
      vertex -0.300325 -28.52 54.1802
      vertex -0.291456 -28.52 54.1864
    endloop
  endfacet
  facet normal 0 -1 0
    outer loop
      vertex -0.381163 -28.52 53.9277
      vertex -1.11085 -28.52 54.1951
      vertex -1.14468 -28.52 54.1653
    endloop
  endfacet
  facet normal 0 -1 0
    outer loop
      vertex -0.374183 -28.52 53.7278
      vertex -1.14468 -28.52 54.1653
      vertex -1.18306 -28.52 54.1391
    endloop
  endfacet
  facet normal 0 -1 0
    outer loop
      vertex -0.395122 -28.52 54.3275
      vertex -0.388142 -28.52 54.1276
      vertex -0.300325 -28.52 54.1802
    endloop
  endfacet
  facet normal 0 -1 0
    outer loop
      vertex -0.936826 -28.52 53.1118
      vertex -1.18306 -28.52 54.1391
      vertex -1.22599 -28.52 54.1166
    endloop
  endfacet
  facet normal 0 -1 0
    outer loop
      vertex -0.936826 -28.52 53.1118
      vertex -1.22599 -28.52 54.1166
      vertex -1.27349 -28.52 54.0977
    endloop
  endfacet
  facet normal 0 -1 0
    outer loop
      vertex -0.936826 -28.52 53.1118
      vertex -1.27349 -28.52 54.0977
      vertex -1.32556 -28.52 54.0825
    endloop
  endfacet
  facet normal 0 -1 0
    outer loop
      vertex -0.936826 -28.52 53.1118
      vertex -1.32556 -28.52 54.0825
      vertex -1.38216 -28.52 54.071
    endloop
  endfacet
  facet normal 0 -1 0
    outer loop
      vertex -0.936826 -28.52 53.1118
      vertex -1.38216 -28.52 54.071
      vertex -1.44333 -28.52 54.0631
    endloop
  endfacet
  facet normal 0 -1 0
    outer loop
      vertex -0.936826 -28.52 53.1118
      vertex -1.44333 -28.52 54.0631
      vertex -1.50906 -28.52 54.0589
    endloop
  endfacet
  facet normal 0 -1 0
    outer loop
      vertex -1.08139 -28.52 54.2281
      vertex -0.381163 -28.52 53.9277
      vertex -0.388142 -28.52 54.1276
    endloop
  endfacet
  facet normal 0 -1 0
    outer loop
      vertex -0.936826 -28.52 53.1118
      vertex -1.50906 -28.52 54.0589
      vertex -1.62209 -28.52 54.055
    endloop
  endfacet
  facet normal -0 -1 0
    outer loop
      vertex -0.293346 -28.52 53.9803
      vertex -0.388142 -28.52 54.1276
      vertex -0.381163 -28.52 53.9277
    endloop
  endfacet
  facet normal 0 -1 0
    outer loop
      vertex -0.388142 -28.52 54.1276
      vertex -0.293346 -28.52 53.9803
      vertex -0.284492 -28.52 53.9865
    endloop
  endfacet
  facet normal 0 -1 0
    outer loop
      vertex -1.14468 -28.52 54.1653
      vertex -0.374183 -28.52 53.7278
      vertex -0.381163 -28.52 53.9277
    endloop
  endfacet
  facet normal 0 -1 0
    outer loop
      vertex -0.381163 -28.52 53.9277
      vertex -0.286366 -28.52 53.7805
      vertex -0.277497 -28.52 53.7866
    endloop
  endfacet
  facet normal 0 -1 0
    outer loop
      vertex -0.381163 -28.52 53.9277
      vertex -0.374183 -28.52 53.7278
      vertex -0.286366 -28.52 53.7805
    endloop
  endfacet
  facet normal 0 -1 0
    outer loop
      vertex -1.18306 -28.52 54.1391
      vertex -0.936826 -28.52 53.1118
      vertex -0.374183 -28.52 53.7278
    endloop
  endfacet
  facet normal 0 -1 0
    outer loop
      vertex -0.374183 -28.52 53.7278
      vertex -0.279387 -28.52 53.5806
      vertex -0.270518 -28.52 53.5868
    endloop
  endfacet
  facet normal 0 -1 0
    outer loop
      vertex -0.374183 -28.52 53.7278
      vertex -0.367203 -28.52 53.528
      vertex -0.279387 -28.52 53.5806
    endloop
  endfacet
  facet normal 0 -1 -0
    outer loop
      vertex -0.374183 -28.52 53.7278
      vertex -0.936826 -28.52 53.1118
      vertex -0.367203 -28.52 53.528
    endloop
  endfacet
  facet normal 0 -1 0
    outer loop
      vertex -0.367203 -28.52 53.528
      vertex -0.272406 -28.52 53.3807
      vertex -0.263537 -28.52 53.3869
    endloop
  endfacet
  facet normal 0 -1 0
    outer loop
      vertex -0.367203 -28.52 53.528
      vertex -0.360223 -28.52 53.3281
      vertex -0.272406 -28.52 53.3807
    endloop
  endfacet
  facet normal 0 -1 -0
    outer loop
      vertex -0.367203 -28.52 53.528
      vertex -0.936826 -28.52 53.1118
      vertex -0.360223 -28.52 53.3281
    endloop
  endfacet
  facet normal 0 -1 -0
    outer loop
      vertex -0.360223 -28.52 53.3281
      vertex -0.936826 -28.52 53.1118
      vertex -0.219689 -28.52 53.1368
    endloop
  endfacet
  facet normal -0.997427 0 -0.0716827
    outer loop
      vertex -21.0843 -28.52 53.9471
      vertex -21.0995 -28.352 54.1586
      vertex -21.0843 -28.352 53.9471
    endloop
  endfacet
  facet normal -0.997427 -0 -0.0716827
    outer loop
      vertex -21.0995 -28.352 54.1586
      vertex -21.0843 -28.52 53.9471
      vertex -21.0995 -28.52 54.1586
    endloop
  endfacet
  facet normal -0.988521 0 -0.151086
    outer loop
      vertex -21.0539 -28.52 53.7482
      vertex -21.0843 -28.352 53.9471
      vertex -21.0539 -28.352 53.7482
    endloop
  endfacet
  facet normal -0.988521 -0 -0.151086
    outer loop
      vertex -21.0843 -28.352 53.9471
      vertex -21.0539 -28.52 53.7482
      vertex -21.0843 -28.52 53.9471
    endloop
  endfacet
  facet normal -0.971297 0 -0.237869
    outer loop
      vertex -21.0083 -28.52 53.562
      vertex -21.0539 -28.352 53.7482
      vertex -21.0083 -28.352 53.562
    endloop
  endfacet
  facet normal -0.971297 -0 -0.237869
    outer loop
      vertex -21.0539 -28.352 53.7482
      vertex -21.0083 -28.52 53.562
      vertex -21.0539 -28.52 53.7482
    endloop
  endfacet
  facet normal -0.943901 0 -0.330229
    outer loop
      vertex -20.9476 -28.52 53.3885
      vertex -21.0083 -28.352 53.562
      vertex -20.9476 -28.352 53.3885
    endloop
  endfacet
  facet normal -0.943901 -0 -0.330229
    outer loop
      vertex -21.0083 -28.352 53.562
      vertex -20.9476 -28.52 53.3885
      vertex -21.0083 -28.52 53.562
    endloop
  endfacet
  facet normal -0.904104 0 -0.427313
    outer loop
      vertex -20.8716 -28.52 53.2277
      vertex -20.9476 -28.352 53.3885
      vertex -20.8716 -28.352 53.2277
    endloop
  endfacet
  facet normal -0.904104 -0 -0.427313
    outer loop
      vertex -20.9476 -28.352 53.3885
      vertex -20.8716 -28.52 53.2277
      vertex -20.9476 -28.52 53.3885
    endloop
  endfacet
  facet normal -0.8515 0 -0.524354
    outer loop
      vertex -20.7804 -28.52 53.0796
      vertex -20.8716 -28.352 53.2277
      vertex -20.7804 -28.352 53.0796
    endloop
  endfacet
  facet normal -0.8515 -0 -0.524354
    outer loop
      vertex -20.8716 -28.352 53.2277
      vertex -20.7804 -28.52 53.0796
      vertex -20.8716 -28.52 53.2277
    endloop
  endfacet
  facet normal -0.78656 0 -0.617514
    outer loop
      vertex -20.6741 -28.52 52.9442
      vertex -20.7804 -28.352 53.0796
      vertex -20.6741 -28.352 52.9442
    endloop
  endfacet
  facet normal -0.78656 -0 -0.617514
    outer loop
      vertex -20.7804 -28.352 53.0796
      vertex -20.6741 -28.52 52.9442
      vertex -20.7804 -28.52 53.0796
    endloop
  endfacet
  facet normal -0.710859 0 -0.703334
    outer loop
      vertex -20.5526 -28.52 52.8214
      vertex -20.6741 -28.352 52.9442
      vertex -20.5526 -28.352 52.8214
    endloop
  endfacet
  facet normal -0.710859 -0 -0.703334
    outer loop
      vertex -20.6741 -28.352 52.9442
      vertex -20.5526 -28.52 52.8214
      vertex -20.6741 -28.52 52.9442
    endloop
  endfacet
  facet normal -0.626523 0 -0.779403
    outer loop
      vertex -20.5526 -28.52 52.8214
      vertex -20.4175 -28.352 52.7128
      vertex -20.4175 -28.52 52.7128
    endloop
  endfacet
  facet normal -0.626523 0 -0.779403
    outer loop
      vertex -20.4175 -28.352 52.7128
      vertex -20.5526 -28.52 52.8214
      vertex -20.5526 -28.352 52.8214
    endloop
  endfacet
  facet normal -0.535572 0 -0.84449
    outer loop
      vertex -20.4175 -28.52 52.7128
      vertex -20.2707 -28.352 52.6197
      vertex -20.2707 -28.52 52.6197
    endloop
  endfacet
  facet normal -0.535572 0 -0.84449
    outer loop
      vertex -20.2707 -28.352 52.6197
      vertex -20.4175 -28.52 52.7128
      vertex -20.4175 -28.352 52.7128
    endloop
  endfacet
  facet normal -0.439495 0 -0.898245
    outer loop
      vertex -20.2707 -28.52 52.6197
      vertex -20.1121 -28.352 52.5421
      vertex -20.1121 -28.52 52.5421
    endloop
  endfacet
  facet normal -0.439495 0 -0.898245
    outer loop
      vertex -20.1121 -28.352 52.5421
      vertex -20.2707 -28.52 52.6197
      vertex -20.2707 -28.352 52.6197
    endloop
  endfacet
  facet normal -0.34192 0 -0.939729
    outer loop
      vertex -20.1121 -28.52 52.5421
      vertex -19.9417 -28.352 52.4801
      vertex -19.9417 -28.52 52.4801
    endloop
  endfacet
  facet normal -0.34192 0 -0.939729
    outer loop
      vertex -19.9417 -28.352 52.4801
      vertex -20.1121 -28.52 52.5421
      vertex -20.1121 -28.352 52.5421
    endloop
  endfacet
  facet normal -0.247787 0 -0.968815
    outer loop
      vertex -19.9417 -28.52 52.4801
      vertex -19.7595 -28.352 52.4335
      vertex -19.7595 -28.52 52.4335
    endloop
  endfacet
  facet normal -0.247787 0 -0.968815
    outer loop
      vertex -19.7595 -28.352 52.4335
      vertex -19.9417 -28.52 52.4801
      vertex -19.9417 -28.352 52.4801
    endloop
  endfacet
  facet normal -0.157792 0 -0.987472
    outer loop
      vertex -19.7595 -28.52 52.4335
      vertex -19.5655 -28.352 52.4025
      vertex -19.5655 -28.52 52.4025
    endloop
  endfacet
  facet normal -0.157792 0 -0.987472
    outer loop
      vertex -19.5655 -28.352 52.4025
      vertex -19.7595 -28.52 52.4335
      vertex -19.7595 -28.352 52.4335
    endloop
  endfacet
  facet normal -0.0751394 0 -0.997173
    outer loop
      vertex -19.5655 -28.52 52.4025
      vertex -19.3598 -28.352 52.387
      vertex -19.3598 -28.52 52.387
    endloop
  endfacet
  facet normal -0.0751394 0 -0.997173
    outer loop
      vertex -19.3598 -28.352 52.387
      vertex -19.5655 -28.52 52.4025
      vertex -19.5655 -28.352 52.4025
    endloop
  endfacet
  facet normal 0.000459559 0 -1
    outer loop
      vertex -19.3598 -28.52 52.387
      vertex -19.1422 -28.352 52.3871
      vertex -19.1422 -28.52 52.3871
    endloop
  endfacet
  facet normal 0.000459559 0 -1
    outer loop
      vertex -19.1422 -28.352 52.3871
      vertex -19.3598 -28.52 52.387
      vertex -19.3598 -28.352 52.387
    endloop
  endfacet
  facet normal 0.0693856 0 -0.99759
    outer loop
      vertex -19.1422 -28.52 52.3871
      vertex -18.9251 -28.352 52.4022
      vertex -18.9251 -28.52 52.4022
    endloop
  endfacet
  facet normal 0.0693856 0 -0.99759
    outer loop
      vertex -18.9251 -28.352 52.4022
      vertex -19.1422 -28.52 52.3871
      vertex -19.1422 -28.352 52.3871
    endloop
  endfacet
  facet normal 0.144406 0 -0.989519
    outer loop
      vertex -18.9251 -28.52 52.4022
      vertex -18.7209 -28.352 52.432
      vertex -18.7209 -28.52 52.432
    endloop
  endfacet
  facet normal 0.144406 0 -0.989519
    outer loop
      vertex -18.7209 -28.352 52.432
      vertex -18.9251 -28.52 52.4022
      vertex -18.9251 -28.352 52.4022
    endloop
  endfacet
  facet normal 0.22657 0 -0.973995
    outer loop
      vertex -18.7209 -28.52 52.432
      vertex -18.5296 -28.352 52.4765
      vertex -18.5296 -28.52 52.4765
    endloop
  endfacet
  facet normal 0.22657 0 -0.973995
    outer loop
      vertex -18.5296 -28.352 52.4765
      vertex -18.7209 -28.52 52.432
      vertex -18.7209 -28.352 52.432
    endloop
  endfacet
  facet normal 0.314313 0 -0.94932
    outer loop
      vertex -18.5296 -28.52 52.4765
      vertex -18.3511 -28.352 52.5356
      vertex -18.3511 -28.52 52.5356
    endloop
  endfacet
  facet normal 0.314313 0 -0.94932
    outer loop
      vertex -18.3511 -28.352 52.5356
      vertex -18.5296 -28.52 52.4765
      vertex -18.5296 -28.352 52.4765
    endloop
  endfacet
  facet normal 0.406854 0 -0.913493
    outer loop
      vertex -18.3511 -28.52 52.5356
      vertex -18.1854 -28.352 52.6094
      vertex -18.1854 -28.52 52.6094
    endloop
  endfacet
  facet normal 0.406854 0 -0.913493
    outer loop
      vertex -18.1854 -28.352 52.6094
      vertex -18.3511 -28.52 52.5356
      vertex -18.3511 -28.352 52.5356
    endloop
  endfacet
  facet normal 0.500768 0 -0.865581
    outer loop
      vertex -18.1854 -28.52 52.6094
      vertex -18.0326 -28.352 52.6978
      vertex -18.0326 -28.52 52.6978
    endloop
  endfacet
  facet normal 0.500768 0 -0.865581
    outer loop
      vertex -18.0326 -28.352 52.6978
      vertex -18.1854 -28.52 52.6094
      vertex -18.1854 -28.352 52.6094
    endloop
  endfacet
  facet normal 0.593631 0 -0.804738
    outer loop
      vertex -18.0326 -28.52 52.6978
      vertex -17.8927 -28.352 52.801
      vertex -17.8927 -28.52 52.801
    endloop
  endfacet
  facet normal 0.593631 0 -0.804738
    outer loop
      vertex -17.8927 -28.352 52.801
      vertex -18.0326 -28.52 52.6978
      vertex -18.0326 -28.352 52.6978
    endloop
  endfacet
  facet normal 0.679454 0 -0.733718
    outer loop
      vertex -17.8927 -28.52 52.801
      vertex -17.7656 -28.352 52.9187
      vertex -17.7656 -28.52 52.9187
    endloop
  endfacet
  facet normal 0.679454 0 -0.733718
    outer loop
      vertex -17.7656 -28.352 52.9187
      vertex -17.8927 -28.52 52.801
      vertex -17.8927 -28.352 52.801
    endloop
  endfacet
  facet normal 0.758071 0 -0.652172
    outer loop
      vertex -17.6529 -28.52 53.0497
      vertex -17.7656 -28.352 52.9187
      vertex -17.6529 -28.352 53.0497
    endloop
  endfacet
  facet normal 0.758071 0 -0.652172
    outer loop
      vertex -17.7656 -28.352 52.9187
      vertex -17.6529 -28.52 53.0497
      vertex -17.7656 -28.52 52.9187
    endloop
  endfacet
  facet normal 0.827466 0 -0.561516
    outer loop
      vertex -17.5562 -28.52 53.1922
      vertex -17.6529 -28.352 53.0497
      vertex -17.5562 -28.352 53.1922
    endloop
  endfacet
  facet normal 0.827466 0 -0.561516
    outer loop
      vertex -17.6529 -28.352 53.0497
      vertex -17.5562 -28.52 53.1922
      vertex -17.6529 -28.52 53.0497
    endloop
  endfacet
  facet normal 0.886113 0 -0.46347
    outer loop
      vertex -17.4756 -28.52 53.3463
      vertex -17.5562 -28.352 53.1922
      vertex -17.4756 -28.352 53.3463
    endloop
  endfacet
  facet normal 0.886113 0 -0.46347
    outer loop
      vertex -17.5562 -28.352 53.1922
      vertex -17.4756 -28.52 53.3463
      vertex -17.5562 -28.52 53.1922
    endloop
  endfacet
  facet normal 0.931889 0 -0.362745
    outer loop
      vertex -17.4111 -28.52 53.512
      vertex -17.4756 -28.352 53.3463
      vertex -17.4111 -28.352 53.512
    endloop
  endfacet
  facet normal 0.931889 0 -0.362745
    outer loop
      vertex -17.4756 -28.352 53.3463
      vertex -17.4111 -28.52 53.512
      vertex -17.4756 -28.52 53.3463
    endloop
  endfacet
  facet normal 0.964424 0 -0.26436
    outer loop
      vertex -17.3625 -28.52 53.6893
      vertex -17.4111 -28.352 53.512
      vertex -17.3625 -28.352 53.6893
    endloop
  endfacet
  facet normal 0.964424 0 -0.26436
    outer loop
      vertex -17.4111 -28.352 53.512
      vertex -17.3625 -28.52 53.6893
      vertex -17.4111 -28.52 53.512
    endloop
  endfacet
  facet normal 0.985607 0 -0.169051
    outer loop
      vertex -17.3301 -28.52 53.8782
      vertex -17.3625 -28.352 53.6893
      vertex -17.3301 -28.352 53.8782
    endloop
  endfacet
  facet normal 0.985607 0 -0.169051
    outer loop
      vertex -17.3625 -28.352 53.6893
      vertex -17.3301 -28.52 53.8782
      vertex -17.3625 -28.52 53.6893
    endloop
  endfacet
  facet normal 0.996631 0 -0.082017
    outer loop
      vertex -17.3136 -28.52 54.0787
      vertex -17.3301 -28.352 53.8782
      vertex -17.3136 -28.352 54.0787
    endloop
  endfacet
  facet normal 0.996631 0 -0.082017
    outer loop
      vertex -17.3301 -28.352 53.8782
      vertex -17.3136 -28.52 54.0787
      vertex -17.3301 -28.52 53.8782
    endloop
  endfacet
  facet normal 0.999998 0 -0.0018859
    outer loop
      vertex -17.3132 -28.52 54.2908
      vertex -17.3136 -28.352 54.0787
      vertex -17.3132 -28.352 54.2908
    endloop
  endfacet
  facet normal 0.999998 0 -0.0018859
    outer loop
      vertex -17.3136 -28.352 54.0787
      vertex -17.3132 -28.52 54.2908
      vertex -17.3136 -28.52 54.0787
    endloop
  endfacet
  facet normal 0.00606969 0 -0.999982
    outer loop
      vertex 19.1032 -28.52 56.6909
      vertex 19.1691 -28.352 56.6913
      vertex 19.1691 -28.52 56.6913
    endloop
  endfacet
  facet normal 0.00606969 0 -0.999982
    outer loop
      vertex 19.1691 -28.352 56.6913
      vertex 19.1032 -28.52 56.6909
      vertex 19.1032 -28.352 56.6909
    endloop
  endfacet
  facet normal -0.058342 0 -0.998297
    outer loop
      vertex 19.1691 -28.52 56.6913
      vertex 19.2307 -28.352 56.6877
      vertex 19.2307 -28.52 56.6877
    endloop
  endfacet
  facet normal -0.058342 0 -0.998297
    outer loop
      vertex 19.2307 -28.352 56.6877
      vertex 19.1691 -28.52 56.6913
      vertex 19.1691 -28.352 56.6913
    endloop
  endfacet
  facet normal -0.130006 0 -0.991513
    outer loop
      vertex 19.2307 -28.52 56.6877
      vertex 19.2879 -28.352 56.6802
      vertex 19.2879 -28.52 56.6802
    endloop
  endfacet
  facet normal -0.130006 0 -0.991513
    outer loop
      vertex 19.2879 -28.352 56.6802
      vertex 19.2307 -28.52 56.6877
      vertex 19.2307 -28.352 56.6877
    endloop
  endfacet
  facet normal -0.213807 0 -0.976876
    outer loop
      vertex 19.2879 -28.52 56.6802
      vertex 19.3409 -28.352 56.6686
      vertex 19.3409 -28.52 56.6686
    endloop
  endfacet
  facet normal -0.213807 0 -0.976876
    outer loop
      vertex 19.3409 -28.352 56.6686
      vertex 19.2879 -28.52 56.6802
      vertex 19.2879 -28.352 56.6802
    endloop
  endfacet
  facet normal -0.303284 0 -0.9529
    outer loop
      vertex 19.3409 -28.52 56.6686
      vertex 19.3896 -28.352 56.6531
      vertex 19.3896 -28.52 56.6531
    endloop
  endfacet
  facet normal -0.303284 0 -0.9529
    outer loop
      vertex 19.3896 -28.352 56.6531
      vertex 19.3409 -28.52 56.6686
      vertex 19.3409 -28.352 56.6686
    endloop
  endfacet
  facet normal -0.400386 0 -0.916347
    outer loop
      vertex 19.3896 -28.52 56.6531
      vertex 19.434 -28.352 56.6337
      vertex 19.434 -28.52 56.6337
    endloop
  endfacet
  facet normal -0.400386 0 -0.916347
    outer loop
      vertex 19.434 -28.352 56.6337
      vertex 19.3896 -28.52 56.6531
      vertex 19.3896 -28.352 56.6531
    endloop
  endfacet
  facet normal -0.504672 0 -0.863311
    outer loop
      vertex 19.434 -28.52 56.6337
      vertex 19.4742 -28.352 56.6102
      vertex 19.4742 -28.52 56.6102
    endloop
  endfacet
  facet normal -0.504672 0 -0.863311
    outer loop
      vertex 19.4742 -28.352 56.6102
      vertex 19.434 -28.52 56.6337
      vertex 19.434 -28.352 56.6337
    endloop
  endfacet
  facet normal -0.607779 0 -0.794106
    outer loop
      vertex 19.4742 -28.52 56.6102
      vertex 19.51 -28.352 56.5828
      vertex 19.51 -28.52 56.5828
    endloop
  endfacet
  facet normal -0.607779 0 -0.794106
    outer loop
      vertex 19.51 -28.352 56.5828
      vertex 19.4742 -28.52 56.6102
      vertex 19.4742 -28.352 56.6102
    endloop
  endfacet
  facet normal -0.696852 0 -0.717215
    outer loop
      vertex 19.51 -28.52 56.5828
      vertex 19.5417 -28.352 56.552
      vertex 19.5417 -28.52 56.552
    endloop
  endfacet
  facet normal -0.696852 0 -0.717215
    outer loop
      vertex 19.5417 -28.352 56.552
      vertex 19.51 -28.52 56.5828
      vertex 19.51 -28.352 56.5828
    endloop
  endfacet
  facet normal -0.773447 0 -0.633861
    outer loop
      vertex 19.5694 -28.52 56.5182
      vertex 19.5417 -28.352 56.552
      vertex 19.5694 -28.352 56.5182
    endloop
  endfacet
  facet normal -0.773447 -0 -0.633861
    outer loop
      vertex 19.5417 -28.352 56.552
      vertex 19.5694 -28.52 56.5182
      vertex 19.5417 -28.52 56.552
    endloop
  endfacet
  facet normal -0.840061 0 -0.542492
    outer loop
      vertex 19.5931 -28.52 56.4815
      vertex 19.5694 -28.352 56.5182
      vertex 19.5931 -28.352 56.4815
    endloop
  endfacet
  facet normal -0.840061 -0 -0.542492
    outer loop
      vertex 19.5694 -28.352 56.5182
      vertex 19.5931 -28.52 56.4815
      vertex 19.5694 -28.52 56.5182
    endloop
  endfacet
  facet normal -0.894427 0 -0.447214
    outer loop
      vertex 19.6129 -28.52 56.4419
      vertex 19.5931 -28.352 56.4815
      vertex 19.6129 -28.352 56.4419
    endloop
  endfacet
  facet normal -0.894427 -0 -0.447214
    outer loop
      vertex 19.5931 -28.352 56.4815
      vertex 19.6129 -28.52 56.4419
      vertex 19.5931 -28.52 56.4815
    endloop
  endfacet
  facet normal -0.938041 0 -0.346523
    outer loop
      vertex 19.6286 -28.52 56.3994
      vertex 19.6129 -28.352 56.4419
      vertex 19.6286 -28.352 56.3994
    endloop
  endfacet
  facet normal -0.938041 -0 -0.346523
    outer loop
      vertex 19.6129 -28.352 56.4419
      vertex 19.6286 -28.52 56.3994
      vertex 19.6129 -28.52 56.4419
    endloop
  endfacet
  facet normal -0.967978 0 -0.251036
    outer loop
      vertex 19.6404 -28.52 56.3539
      vertex 19.6286 -28.352 56.3994
      vertex 19.6404 -28.352 56.3539
    endloop
  endfacet
  facet normal -0.967978 -0 -0.251036
    outer loop
      vertex 19.6286 -28.352 56.3994
      vertex 19.6404 -28.52 56.3539
      vertex 19.6286 -28.52 56.3994
    endloop
  endfacet
  facet normal -0.986886 0 -0.161416
    outer loop
      vertex 19.6483 -28.52 56.3056
      vertex 19.6404 -28.352 56.3539
      vertex 19.6483 -28.352 56.3056
    endloop
  endfacet
  facet normal -0.986886 -0 -0.161416
    outer loop
      vertex 19.6404 -28.352 56.3539
      vertex 19.6483 -28.52 56.3056
      vertex 19.6404 -28.52 56.3539
    endloop
  endfacet
  facet normal -0.997268 0 -0.0738717
    outer loop
      vertex 19.6521 -28.52 56.2543
      vertex 19.6483 -28.352 56.3056
      vertex 19.6521 -28.352 56.2543
    endloop
  endfacet
  facet normal -0.997268 -0 -0.0738717
    outer loop
      vertex 19.6483 -28.352 56.3056
      vertex 19.6521 -28.52 56.2543
      vertex 19.6483 -28.52 56.3056
    endloop
  endfacet
  facet normal -0.999983 0 0.00583648
    outer loop
      vertex 19.6518 -28.52 56.2029
      vertex 19.6521 -28.352 56.2543
      vertex 19.6518 -28.352 56.2029
    endloop
  endfacet
  facet normal -0.999983 0 0.00583648
    outer loop
      vertex 19.6521 -28.352 56.2543
      vertex 19.6518 -28.52 56.2029
      vertex 19.6521 -28.52 56.2543
    endloop
  endfacet
  facet normal -0.995976 0 0.0896175
    outer loop
      vertex 19.6474 -28.52 56.154
      vertex 19.6518 -28.352 56.2029
      vertex 19.6474 -28.352 56.154
    endloop
  endfacet
  facet normal -0.995976 0 0.0896175
    outer loop
      vertex 19.6518 -28.352 56.2029
      vertex 19.6474 -28.52 56.154
      vertex 19.6518 -28.52 56.2029
    endloop
  endfacet
  facet normal -0.809007 0 -0.587799
    outer loop
      vertex 19.7422 -28.52 53.8339
      vertex 19.0569 -28.352 54.7771
      vertex 19.7422 -28.352 53.8339
    endloop
  endfacet
  facet normal -0.809007 -0 -0.587799
    outer loop
      vertex 19.0569 -28.352 54.7771
      vertex 19.7422 -28.52 53.8339
      vertex 19.0569 -28.52 54.7771
    endloop
  endfacet
  facet normal 0 0 0
    outer loop
      vertex 20.4593 -28.52 53.8589
      vertex 20.4593 -28.352 53.8589
      vertex 20.4593 -28.342 53.8589
    endloop
  endfacet
  facet normal 0.0348415 0 -0.999393
    outer loop
      vertex 19.7422 -28.52 53.8339
      vertex 20.4593 -28.352 53.8589
      vertex 20.4593 -28.52 53.8589
    endloop
  endfacet
  facet normal 0.0348415 0 -0.999393
    outer loop
      vertex 20.4593 -28.352 53.8589
      vertex 19.7422 -28.52 53.8339
      vertex 19.7422 -28.352 53.8339
    endloop
  endfacet
  facet normal 0.805976 -0 0.591948
    outer loop
      vertex 20.3188 -28.52 54.0502
      vertex 20.4593 -28.342 53.8589
      vertex 20.3188 -28.342 54.0502
    endloop
  endfacet
  facet normal 0.805976 0 0.591948
    outer loop
      vertex 20.4593 -28.342 53.8589
      vertex 20.3188 -28.52 54.0502
      vertex 20.4593 -28.52 53.8589
    endloop
  endfacet
  facet normal 0.575954 0 -0.817482
    outer loop
      vertex 20.3787 -28.52 54.9023
      vertex 20.3875 -28.352 54.9085
      vertex 20.3875 -28.52 54.9085
    endloop
  endfacet
  facet normal 0.575954 0 -0.817482
    outer loop
      vertex 20.3875 -28.352 54.9085
      vertex 20.3787 -28.52 54.9023
      vertex 20.3787 -28.352 54.9023
    endloop
  endfacet
  facet normal 0.80606 -0 0.591834
    outer loop
      vertex 20.2839 -28.52 55.0496
      vertex 20.3875 -28.352 54.9085
      vertex 20.2839 -28.352 55.0496
    endloop
  endfacet
  facet normal 0.80606 0 0.591834
    outer loop
      vertex 20.3875 -28.352 54.9085
      vertex 20.2839 -28.52 55.0496
      vertex 20.3875 -28.52 54.9085
    endloop
  endfacet
  facet normal 0.513921 0 -0.857838
    outer loop
      vertex 20.2839 -28.52 55.0496
      vertex 20.3717 -28.352 55.1022
      vertex 20.3717 -28.52 55.1022
    endloop
  endfacet
  facet normal 0.513921 0 -0.857838
    outer loop
      vertex 20.3717 -28.352 55.1022
      vertex 20.2839 -28.52 55.0496
      vertex 20.2839 -28.352 55.0496
    endloop
  endfacet
  facet normal 0.571209 0 -0.820805
    outer loop
      vertex 20.3717 -28.52 55.1022
      vertex 20.4549 -28.352 55.1601
      vertex 20.4549 -28.52 55.1601
    endloop
  endfacet
  facet normal 0.571209 0 -0.820805
    outer loop
      vertex 20.4549 -28.352 55.1601
      vertex 20.3717 -28.52 55.1022
      vertex 20.3717 -28.352 55.1022
    endloop
  endfacet
  facet normal 0.628244 0 -0.778017
    outer loop
      vertex 20.4549 -28.52 55.1601
      vertex 20.5323 -28.352 55.2226
      vertex 20.5323 -28.52 55.2226
    endloop
  endfacet
  facet normal 0.628244 0 -0.778017
    outer loop
      vertex 20.5323 -28.352 55.2226
      vertex 20.4549 -28.52 55.1601
      vertex 20.4549 -28.352 55.1601
    endloop
  endfacet
  facet normal 0.683806 0 -0.729664
    outer loop
      vertex 20.5323 -28.52 55.2226
      vertex 20.6039 -28.352 55.2897
      vertex 20.6039 -28.52 55.2897
    endloop
  endfacet
  facet normal 0.683806 0 -0.729664
    outer loop
      vertex 20.6039 -28.352 55.2897
      vertex 20.5323 -28.52 55.2226
      vertex 20.5323 -28.352 55.2226
    endloop
  endfacet
  facet normal 0.73677 0 -0.676143
    outer loop
      vertex 20.6697 -28.52 55.3614
      vertex 20.6039 -28.352 55.2897
      vertex 20.6697 -28.352 55.3614
    endloop
  endfacet
  facet normal 0.73677 0 -0.676143
    outer loop
      vertex 20.6039 -28.352 55.2897
      vertex 20.6697 -28.52 55.3614
      vertex 20.6039 -28.52 55.2897
    endloop
  endfacet
  facet normal 0.785674 0 -0.618641
    outer loop
      vertex 20.7297 -28.52 55.4376
      vertex 20.6697 -28.352 55.3614
      vertex 20.7297 -28.352 55.4376
    endloop
  endfacet
  facet normal 0.785674 0 -0.618641
    outer loop
      vertex 20.6697 -28.352 55.3614
      vertex 20.7297 -28.52 55.4376
      vertex 20.6697 -28.52 55.3614
    endloop
  endfacet
  facet normal 0.830466 0 -0.55707
    outer loop
      vertex 20.7839 -28.52 55.5184
      vertex 20.7297 -28.352 55.4376
      vertex 20.7839 -28.352 55.5184
    endloop
  endfacet
  facet normal 0.830466 0 -0.55707
    outer loop
      vertex 20.7297 -28.352 55.4376
      vertex 20.7839 -28.52 55.5184
      vertex 20.7297 -28.52 55.4376
    endloop
  endfacet
  facet normal 0.870945 0 -0.491381
    outer loop
      vertex 20.8318 -28.52 55.6033
      vertex 20.7839 -28.352 55.5184
      vertex 20.8318 -28.352 55.6033
    endloop
  endfacet
  facet normal 0.870945 0 -0.491381
    outer loop
      vertex 20.7839 -28.352 55.5184
      vertex 20.8318 -28.52 55.6033
      vertex 20.7839 -28.52 55.5184
    endloop
  endfacet
  facet normal 0.907929 0 -0.419123
    outer loop
      vertex 20.8727 -28.52 55.6919
      vertex 20.8318 -28.352 55.6033
      vertex 20.8727 -28.352 55.6919
    endloop
  endfacet
  facet normal 0.907929 0 -0.419123
    outer loop
      vertex 20.8318 -28.352 55.6033
      vertex 20.8727 -28.52 55.6919
      vertex 20.8318 -28.52 55.6033
    endloop
  endfacet
  facet normal 0.937908 0 -0.346884
    outer loop
      vertex 20.9068 -28.52 55.7841
      vertex 20.8727 -28.352 55.6919
      vertex 20.9068 -28.352 55.7841
    endloop
  endfacet
  facet normal 0.937908 0 -0.346884
    outer loop
      vertex 20.8727 -28.352 55.6919
      vertex 20.9068 -28.52 55.7841
      vertex 20.8727 -28.52 55.6919
    endloop
  endfacet
  facet normal 0.962909 0 -0.269826
    outer loop
      vertex 20.9119 -28.52 55.8023
      vertex 20.9068 -28.352 55.7841
      vertex 20.9119 -28.352 55.8023
    endloop
  endfacet
  facet normal 0.962909 0 -0.269826
    outer loop
      vertex 20.9068 -28.352 55.7841
      vertex 20.9119 -28.52 55.8023
      vertex 20.9068 -28.52 55.7841
    endloop
  endfacet
  facet normal 0 0 0
    outer loop
      vertex 20.9119 -28.52 55.8023
      vertex 20.9119 -28.352 55.8023
      vertex 20.9119 -28.342 55.8023
    endloop
  endfacet
  facet normal 0.925547 -0 0.378633
    outer loop
      vertex 20.8705 -28.52 55.9035
      vertex 20.9119 -28.342 55.8023
      vertex 20.8705 -28.342 55.9035
    endloop
  endfacet
  facet normal 0.925547 0 0.378633
    outer loop
      vertex 20.9119 -28.342 55.8023
      vertex 20.8705 -28.52 55.9035
      vertex 20.9119 -28.52 55.8023
    endloop
  endfacet
  facet normal 0.034859 0 -0.999392
    outer loop
      vertex 17.416 -28.52 53.7527
      vertex 18.7262 -28.352 53.7984
      vertex 18.7262 -28.52 53.7984
    endloop
  endfacet
  facet normal 0.034859 0 -0.999392
    outer loop
      vertex 18.7262 -28.352 53.7984
      vertex 17.416 -28.52 53.7527
      vertex 17.416 -28.352 53.7527
    endloop
  endfacet
  facet normal 0.0347507 0 -0.999396
    outer loop
      vertex 18.6258 -28.52 56.6743
      vertex 19.1032 -28.352 56.6909
      vertex 19.1032 -28.52 56.6909
    endloop
  endfacet
  facet normal 0.0347507 0 -0.999396
    outer loop
      vertex 19.1032 -28.352 56.6909
      vertex 18.6258 -28.52 56.6743
      vertex 18.6258 -28.352 56.6743
    endloop
  endfacet
  facet normal 0.0349166 0 -0.99939
    outer loop
      vertex 13.548 -28.52 53.6176
      vertex 14.836 -28.352 53.6626
      vertex 14.836 -28.52 53.6626
    endloop
  endfacet
  facet normal 0.0349166 0 -0.99939
    outer loop
      vertex 14.836 -28.352 53.6626
      vertex 13.548 -28.52 53.6176
      vertex 13.548 -28.352 53.6176
    endloop
  endfacet
  facet normal 0.10605 0 -0.994361
    outer loop
      vertex -9.8031 -28.52 52.8058
      vertex -9.64839 -28.352 52.8223
      vertex -9.64839 -28.52 52.8223
    endloop
  endfacet
  facet normal 0.10605 0 -0.994361
    outer loop
      vertex -9.64839 -28.352 52.8223
      vertex -9.8031 -28.52 52.8058
      vertex -9.8031 -28.352 52.8058
    endloop
  endfacet
  facet normal 0.156461 0 -0.987684
    outer loop
      vertex -9.64839 -28.52 52.8223
      vertex -9.49878 -28.352 52.846
      vertex -9.49878 -28.52 52.846
    endloop
  endfacet
  facet normal 0.156461 0 -0.987684
    outer loop
      vertex -9.49878 -28.352 52.846
      vertex -9.64839 -28.52 52.8223
      vertex -9.64839 -28.352 52.8223
    endloop
  endfacet
  facet normal 0.209127 0 -0.977888
    outer loop
      vertex -9.49878 -28.52 52.846
      vertex -9.35429 -28.352 52.8769
      vertex -9.35429 -28.52 52.8769
    endloop
  endfacet
  facet normal 0.209127 0 -0.977888
    outer loop
      vertex -9.35429 -28.352 52.8769
      vertex -9.49878 -28.52 52.846
      vertex -9.49878 -28.352 52.846
    endloop
  endfacet
  facet normal 0.263697 0 -0.964606
    outer loop
      vertex -9.35429 -28.52 52.8769
      vertex -9.21492 -28.352 52.915
      vertex -9.21492 -28.52 52.915
    endloop
  endfacet
  facet normal 0.263697 0 -0.964606
    outer loop
      vertex -9.21492 -28.352 52.915
      vertex -9.35429 -28.52 52.8769
      vertex -9.35429 -28.352 52.8769
    endloop
  endfacet
  facet normal 0.319698 0 -0.94752
    outer loop
      vertex -9.21492 -28.52 52.915
      vertex -9.08066 -28.352 52.9603
      vertex -9.08066 -28.52 52.9603
    endloop
  endfacet
  facet normal 0.319698 0 -0.94752
    outer loop
      vertex -9.08066 -28.352 52.9603
      vertex -9.21492 -28.52 52.915
      vertex -9.21492 -28.352 52.915
    endloop
  endfacet
  facet normal 0.376629 0 -0.926364
    outer loop
      vertex -9.08066 -28.52 52.9603
      vertex -8.95153 -28.352 53.0128
      vertex -8.95153 -28.52 53.0128
    endloop
  endfacet
  facet normal 0.376629 0 -0.926364
    outer loop
      vertex -8.95153 -28.352 53.0128
      vertex -9.08066 -28.52 52.9603
      vertex -9.08066 -28.352 52.9603
    endloop
  endfacet
  facet normal 0.433147 0 -0.901323
    outer loop
      vertex -8.95153 -28.52 53.0128
      vertex -8.82751 -28.352 53.0724
      vertex -8.82751 -28.52 53.0724
    endloop
  endfacet
  facet normal 0.433147 0 -0.901323
    outer loop
      vertex -8.82751 -28.352 53.0724
      vertex -8.95153 -28.52 53.0128
      vertex -8.95153 -28.352 53.0128
    endloop
  endfacet
  facet normal 0.490465 0 -0.871461
    outer loop
      vertex -8.82751 -28.52 53.0724
      vertex -8.70953 -28.352 53.1388
      vertex -8.70953 -28.52 53.1388
    endloop
  endfacet
  facet normal 0.490465 0 -0.871461
    outer loop
      vertex -8.70953 -28.352 53.1388
      vertex -8.82751 -28.52 53.0724
      vertex -8.82751 -28.352 53.0724
    endloop
  endfacet
  facet normal 0.545819 0 -0.837903
    outer loop
      vertex -8.70953 -28.52 53.1388
      vertex -8.59854 -28.352 53.2111
      vertex -8.59854 -28.52 53.2111
    endloop
  endfacet
  facet normal 0.545819 0 -0.837903
    outer loop
      vertex -8.59854 -28.352 53.2111
      vertex -8.70953 -28.52 53.1388
      vertex -8.70953 -28.352 53.1388
    endloop
  endfacet
  facet normal 0.601474 0 -0.798892
    outer loop
      vertex -8.59854 -28.52 53.2111
      vertex -8.49454 -28.352 53.2894
      vertex -8.49454 -28.52 53.2894
    endloop
  endfacet
  facet normal 0.601474 0 -0.798892
    outer loop
      vertex -8.49454 -28.352 53.2894
      vertex -8.59854 -28.52 53.2111
      vertex -8.59854 -28.352 53.2111
    endloop
  endfacet
  facet normal 0.65589 0 -0.754857
    outer loop
      vertex -8.49454 -28.52 53.2894
      vertex -8.39752 -28.352 53.3737
      vertex -8.39752 -28.52 53.3737
    endloop
  endfacet
  facet normal 0.65589 0 -0.754857
    outer loop
      vertex -8.39752 -28.352 53.3737
      vertex -8.49454 -28.52 53.2894
      vertex -8.49454 -28.352 53.2894
    endloop
  endfacet
  facet normal 0.708516 0 -0.705695
    outer loop
      vertex -8.30748 -28.52 53.4641
      vertex -8.39752 -28.352 53.3737
      vertex -8.30748 -28.352 53.4641
    endloop
  endfacet
  facet normal 0.708516 0 -0.705695
    outer loop
      vertex -8.39752 -28.352 53.3737
      vertex -8.30748 -28.52 53.4641
      vertex -8.39752 -28.52 53.3737
    endloop
  endfacet
  facet normal 0.757618 0 -0.652699
    outer loop
      vertex -8.22443 -28.52 53.5605
      vertex -8.30748 -28.352 53.4641
      vertex -8.22443 -28.352 53.5605
    endloop
  endfacet
  facet normal 0.757618 0 -0.652699
    outer loop
      vertex -8.30748 -28.352 53.4641
      vertex -8.22443 -28.52 53.5605
      vertex -8.30748 -28.52 53.4641
    endloop
  endfacet
  facet normal 0.802459 0 -0.596707
    outer loop
      vertex -8.14836 -28.52 53.6628
      vertex -8.22443 -28.352 53.5605
      vertex -8.14836 -28.352 53.6628
    endloop
  endfacet
  facet normal 0.802459 0 -0.596707
    outer loop
      vertex -8.22443 -28.352 53.5605
      vertex -8.14836 -28.52 53.6628
      vertex -8.22443 -28.52 53.5605
    endloop
  endfacet
  facet normal 0.84328 0 -0.537474
    outer loop
      vertex -8.07927 -28.52 53.7712
      vertex -8.14836 -28.352 53.6628
      vertex -8.07927 -28.352 53.7712
    endloop
  endfacet
  facet normal 0.84328 0 -0.537474
    outer loop
      vertex -8.14836 -28.352 53.6628
      vertex -8.07927 -28.52 53.7712
      vertex -8.14836 -28.52 53.6628
    endloop
  endfacet
  facet normal 0.880849 0 -0.473398
    outer loop
      vertex -8.01811 -28.52 53.885
      vertex -8.07927 -28.352 53.7712
      vertex -8.01811 -28.352 53.885
    endloop
  endfacet
  facet normal 0.880849 0 -0.473398
    outer loop
      vertex -8.07927 -28.352 53.7712
      vertex -8.01811 -28.52 53.885
      vertex -8.07927 -28.52 53.7712
    endloop
  endfacet
  facet normal 0.914928 0 -0.403617
    outer loop
      vertex -7.96579 -28.52 54.0036
      vertex -8.01811 -28.352 53.885
      vertex -7.96579 -28.352 54.0036
    endloop
  endfacet
  facet normal 0.914928 0 -0.403617
    outer loop
      vertex -8.01811 -28.352 53.885
      vertex -7.96579 -28.52 54.0036
      vertex -8.01811 -28.52 53.885
    endloop
  endfacet
  facet normal 0.943237 0 -0.33212
    outer loop
      vertex -7.92234 -28.52 54.127
      vertex -7.96579 -28.352 54.0036
      vertex -7.92234 -28.352 54.127
    endloop
  endfacet
  facet normal 0.943237 0 -0.33212
    outer loop
      vertex -7.96579 -28.352 54.0036
      vertex -7.92234 -28.52 54.127
      vertex -7.96579 -28.52 54.0036
    endloop
  endfacet
  facet normal 0.965456 0 -0.260568
    outer loop
      vertex -7.88774 -28.52 54.2552
      vertex -7.92234 -28.352 54.127
      vertex -7.88774 -28.352 54.2552
    endloop
  endfacet
  facet normal 0.965456 0 -0.260568
    outer loop
      vertex -7.92234 -28.352 54.127
      vertex -7.88774 -28.52 54.2552
      vertex -7.92234 -28.52 54.127
    endloop
  endfacet
  facet normal 0 0 0
    outer loop
      vertex -7.87591 -28.52 54.3163
      vertex -7.87591 -28.352 54.3163
      vertex -7.87591 -28.342 54.3163
    endloop
  endfacet
  facet normal 0.981767 0 -0.190087
    outer loop
      vertex -7.87591 -28.52 54.3163
      vertex -7.88774 -28.352 54.2552
      vertex -7.87591 -28.352 54.3163
    endloop
  endfacet
  facet normal 0.981767 0 -0.190087
    outer loop
      vertex -7.88774 -28.352 54.2552
      vertex -7.87591 -28.52 54.3163
      vertex -7.88774 -28.52 54.2552
    endloop
  endfacet
  facet normal 0.966315 -0 0.257363
    outer loop
      vertex -7.89197 -28.52 54.3766
      vertex -7.87591 -28.342 54.3163
      vertex -7.89197 -28.342 54.3766
    endloop
  endfacet
  facet normal 0.966315 0 0.257363
    outer loop
      vertex -7.87591 -28.342 54.3163
      vertex -7.89197 -28.52 54.3766
      vertex -7.87591 -28.52 54.3163
    endloop
  endfacet
  facet normal 0.0349067 0 -0.999391
    outer loop
      vertex -11.8783 -28.52 52.7297
      vertex -9.96293 -28.352 52.7966
      vertex -9.96293 -28.52 52.7966
    endloop
  endfacet
  facet normal 0.0349067 0 -0.999391
    outer loop
      vertex -9.96293 -28.352 52.7966
      vertex -11.8783 -28.52 52.7297
      vertex -11.8783 -28.352 52.7297
    endloop
  endfacet
  facet normal 0.057466 0 -0.998347
    outer loop
      vertex -9.96293 -28.52 52.7966
      vertex -9.8031 -28.352 52.8058
      vertex -9.8031 -28.52 52.8058
    endloop
  endfacet
  facet normal 0.057466 0 -0.998347
    outer loop
      vertex -9.8031 -28.352 52.8058
      vertex -9.96293 -28.52 52.7966
      vertex -9.96293 -28.352 52.7966
    endloop
  endfacet
  facet normal 0.0102334 0 -0.999948
    outer loop
      vertex -10.1185 -28.52 55.6594
      vertex -10.0501 -28.352 55.6601
      vertex -10.0501 -28.52 55.6601
    endloop
  endfacet
  facet normal 0.0102334 0 -0.999948
    outer loop
      vertex -10.0501 -28.352 55.6601
      vertex -10.1185 -28.52 55.6594
      vertex -10.1185 -28.352 55.6594
    endloop
  endfacet
  facet normal -0.0406903 0 -0.999172
    outer loop
      vertex -10.0501 -28.52 55.6601
      vertex -9.9838 -28.352 55.6574
      vertex -9.9838 -28.52 55.6574
    endloop
  endfacet
  facet normal -0.0406903 0 -0.999172
    outer loop
      vertex -9.9838 -28.352 55.6574
      vertex -10.0501 -28.52 55.6601
      vertex -10.0501 -28.352 55.6601
    endloop
  endfacet
  facet normal -0.0929663 0 -0.995669
    outer loop
      vertex -9.9838 -28.52 55.6574
      vertex -9.91954 -28.352 55.6514
      vertex -9.91954 -28.52 55.6514
    endloop
  endfacet
  facet normal -0.0929663 0 -0.995669
    outer loop
      vertex -9.91954 -28.352 55.6514
      vertex -9.9838 -28.52 55.6574
      vertex -9.9838 -28.352 55.6574
    endloop
  endfacet
  facet normal -0.147851 0 -0.98901
    outer loop
      vertex -9.91954 -28.52 55.6514
      vertex -9.85733 -28.352 55.6421
      vertex -9.85733 -28.52 55.6421
    endloop
  endfacet
  facet normal -0.147851 0 -0.98901
    outer loop
      vertex -9.85733 -28.352 55.6421
      vertex -9.91954 -28.52 55.6514
      vertex -9.91954 -28.352 55.6514
    endloop
  endfacet
  facet normal -0.208141 0 -0.978099
    outer loop
      vertex -9.85733 -28.52 55.6421
      vertex -9.79718 -28.352 55.6293
      vertex -9.79718 -28.52 55.6293
    endloop
  endfacet
  facet normal -0.208141 0 -0.978099
    outer loop
      vertex -9.79718 -28.352 55.6293
      vertex -9.85733 -28.52 55.6421
      vertex -9.85733 -28.352 55.6421
    endloop
  endfacet
  facet normal -0.267002 0 -0.963696
    outer loop
      vertex -9.79718 -28.52 55.6293
      vertex -9.73907 -28.352 55.6132
      vertex -9.73907 -28.52 55.6132
    endloop
  endfacet
  facet normal -0.267002 0 -0.963696
    outer loop
      vertex -9.73907 -28.352 55.6132
      vertex -9.79718 -28.52 55.6293
      vertex -9.79718 -28.352 55.6293
    endloop
  endfacet
  facet normal -0.328586 0 -0.944474
    outer loop
      vertex -9.73907 -28.52 55.6132
      vertex -9.68302 -28.352 55.5937
      vertex -9.68302 -28.52 55.5937
    endloop
  endfacet
  facet normal -0.328586 0 -0.944474
    outer loop
      vertex -9.68302 -28.352 55.5937
      vertex -9.73907 -28.52 55.6132
      vertex -9.73907 -28.352 55.6132
    endloop
  endfacet
  facet normal -0.39048 0 -0.920612
    outer loop
      vertex -9.68302 -28.52 55.5937
      vertex -9.62903 -28.352 55.5708
      vertex -9.62903 -28.52 55.5708
    endloop
  endfacet
  facet normal -0.39048 0 -0.920612
    outer loop
      vertex -9.62903 -28.352 55.5708
      vertex -9.68302 -28.52 55.5937
      vertex -9.68302 -28.352 55.5937
    endloop
  endfacet
  facet normal -0.451429 0 -0.892307
    outer loop
      vertex -9.62903 -28.52 55.5708
      vertex -9.57744 -28.352 55.5447
      vertex -9.57744 -28.52 55.5447
    endloop
  endfacet
  facet normal -0.451429 0 -0.892307
    outer loop
      vertex -9.57744 -28.352 55.5447
      vertex -9.62903 -28.52 55.5708
      vertex -9.62903 -28.352 55.5708
    endloop
  endfacet
  facet normal -0.515733 0 -0.856749
    outer loop
      vertex -9.57744 -28.52 55.5447
      vertex -9.5286 -28.352 55.5153
      vertex -9.5286 -28.52 55.5153
    endloop
  endfacet
  facet normal -0.515733 0 -0.856749
    outer loop
      vertex -9.5286 -28.352 55.5153
      vertex -9.57744 -28.52 55.5447
      vertex -9.57744 -28.352 55.5447
    endloop
  endfacet
  facet normal -0.577462 0 -0.816418
    outer loop
      vertex -9.5286 -28.52 55.5153
      vertex -9.48251 -28.352 55.4827
      vertex -9.48251 -28.52 55.4827
    endloop
  endfacet
  facet normal -0.577462 0 -0.816418
    outer loop
      vertex -9.48251 -28.352 55.4827
      vertex -9.5286 -28.52 55.5153
      vertex -9.5286 -28.352 55.5153
    endloop
  endfacet
  facet normal -0.637997 0 -0.770039
    outer loop
      vertex -9.48251 -28.52 55.4827
      vertex -9.43918 -28.352 55.4468
      vertex -9.43918 -28.52 55.4468
    endloop
  endfacet
  facet normal -0.637997 0 -0.770039
    outer loop
      vertex -9.43918 -28.352 55.4468
      vertex -9.48251 -28.52 55.4827
      vertex -9.48251 -28.352 55.4827
    endloop
  endfacet
  facet normal -0.69302 0 -0.720918
    outer loop
      vertex -9.43918 -28.52 55.4468
      vertex -9.39861 -28.352 55.4078
      vertex -9.39861 -28.52 55.4078
    endloop
  endfacet
  facet normal -0.69302 0 -0.720918
    outer loop
      vertex -9.39861 -28.352 55.4078
      vertex -9.43918 -28.52 55.4468
      vertex -9.43918 -28.352 55.4468
    endloop
  endfacet
  facet normal -0.745481 0 -0.666527
    outer loop
      vertex -9.36079 -28.52 55.3655
      vertex -9.39861 -28.352 55.4078
      vertex -9.36079 -28.352 55.3655
    endloop
  endfacet
  facet normal -0.745481 -0 -0.666527
    outer loop
      vertex -9.39861 -28.352 55.4078
      vertex -9.36079 -28.52 55.3655
      vertex -9.39861 -28.52 55.4078
    endloop
  endfacet
  facet normal -0.792035 0 -0.610476
    outer loop
      vertex -9.32572 -28.52 55.32
      vertex -9.36079 -28.352 55.3655
      vertex -9.32572 -28.352 55.32
    endloop
  endfacet
  facet normal -0.792035 -0 -0.610476
    outer loop
      vertex -9.36079 -28.352 55.3655
      vertex -9.32572 -28.52 55.32
      vertex -9.36079 -28.52 55.3655
    endloop
  endfacet
  facet normal -0.833285 0 -0.552843
    outer loop
      vertex -9.29341 -28.52 55.2713
      vertex -9.32572 -28.352 55.32
      vertex -9.29341 -28.352 55.2713
    endloop
  endfacet
  facet normal -0.833285 -0 -0.552843
    outer loop
      vertex -9.32572 -28.352 55.32
      vertex -9.29341 -28.52 55.2713
      vertex -9.32572 -28.52 55.32
    endloop
  endfacet
  facet normal -0.871674 0 -0.490086
    outer loop
      vertex -9.26423 -28.52 55.2194
      vertex -9.29341 -28.352 55.2713
      vertex -9.26423 -28.352 55.2194
    endloop
  endfacet
  facet normal -0.871674 -0 -0.490086
    outer loop
      vertex -9.29341 -28.352 55.2713
      vertex -9.26423 -28.52 55.2194
      vertex -9.29341 -28.52 55.2713
    endloop
  endfacet
  facet normal -0.906415 0 -0.422389
    outer loop
      vertex -9.2386 -28.52 55.1644
      vertex -9.26423 -28.352 55.2194
      vertex -9.2386 -28.352 55.1644
    endloop
  endfacet
  facet normal -0.906415 -0 -0.422389
    outer loop
      vertex -9.26423 -28.352 55.2194
      vertex -9.2386 -28.52 55.1644
      vertex -9.26423 -28.52 55.2194
    endloop
  endfacet
  facet normal -0.934462 0 -0.356062
    outer loop
      vertex -9.2165 -28.52 55.1064
      vertex -9.2386 -28.352 55.1644
      vertex -9.2165 -28.352 55.1064
    endloop
  endfacet
  facet normal -0.934462 -0 -0.356062
    outer loop
      vertex -9.2386 -28.352 55.1644
      vertex -9.2165 -28.52 55.1064
      vertex -9.2386 -28.52 55.1644
    endloop
  endfacet
  facet normal -0.956873 0 -0.290507
    outer loop
      vertex -9.19795 -28.52 55.0453
      vertex -9.2165 -28.352 55.1064
      vertex -9.19795 -28.352 55.0453
    endloop
  endfacet
  facet normal -0.956873 -0 -0.290507
    outer loop
      vertex -9.2165 -28.352 55.1064
      vertex -9.19795 -28.52 55.0453
      vertex -9.2165 -28.52 55.1064
    endloop
  endfacet
  facet normal -0.973774 0 -0.227517
    outer loop
      vertex -9.18295 -28.52 54.9811
      vertex -9.19795 -28.352 55.0453
      vertex -9.18295 -28.352 54.9811
    endloop
  endfacet
  facet normal -0.973774 -0 -0.227517
    outer loop
      vertex -9.19795 -28.352 55.0453
      vertex -9.18295 -28.52 54.9811
      vertex -9.19795 -28.52 55.0453
    endloop
  endfacet
  facet normal -0.98572 0 -0.168394
    outer loop
      vertex -9.17147 -28.52 54.9139
      vertex -9.18295 -28.352 54.9811
      vertex -9.17147 -28.352 54.9139
    endloop
  endfacet
  facet normal -0.98572 -0 -0.168394
    outer loop
      vertex -9.18295 -28.352 54.9811
      vertex -9.17147 -28.52 54.9139
      vertex -9.18295 -28.52 54.9811
    endloop
  endfacet
  facet normal -0.993714 0 -0.111952
    outer loop
      vertex -9.16355 -28.52 54.8436
      vertex -9.17147 -28.352 54.9139
      vertex -9.16355 -28.352 54.8436
    endloop
  endfacet
  facet normal -0.993714 -0 -0.111952
    outer loop
      vertex -9.17147 -28.352 54.9139
      vertex -9.16355 -28.52 54.8436
      vertex -9.17147 -28.52 54.9139
    endloop
  endfacet
  facet normal -0.998213 0 -0.059757
    outer loop
      vertex -9.15915 -28.52 54.7701
      vertex -9.16355 -28.352 54.8436
      vertex -9.15915 -28.352 54.7701
    endloop
  endfacet
  facet normal -0.998213 -0 -0.059757
    outer loop
      vertex -9.16355 -28.352 54.8436
      vertex -9.15915 -28.52 54.7701
      vertex -9.16355 -28.52 54.8436
    endloop
  endfacet
  facet normal -0.999954 0 -0.00954313
    outer loop
      vertex -9.15846 -28.52 54.6978
      vertex -9.15915 -28.352 54.7701
      vertex -9.15846 -28.352 54.6978
    endloop
  endfacet
  facet normal -0.999954 -0 -0.00954313
    outer loop
      vertex -9.15915 -28.352 54.7701
      vertex -9.15846 -28.52 54.6978
      vertex -9.15915 -28.52 54.7701
    endloop
  endfacet
  facet normal 0 0 0
    outer loop
      vertex -9.15964 -28.52 54.6709
      vertex -9.15964 -28.352 54.6709
      vertex -9.15964 -28.342 54.6709
    endloop
  endfacet
  facet normal -0.999039 0 0.043824
    outer loop
      vertex -9.15964 -28.52 54.6709
      vertex -9.15846 -28.352 54.6978
      vertex -9.15964 -28.352 54.6709
    endloop
  endfacet
  facet normal -0.999039 0 0.043824
    outer loop
      vertex -9.15846 -28.352 54.6978
      vertex -9.15964 -28.52 54.6709
      vertex -9.15846 -28.52 54.6978
    endloop
  endfacet
  facet normal -0.993691 0 -0.112156
    outer loop
      vertex -9.15657 -28.52 54.6437
      vertex -9.15964 -28.342 54.6709
      vertex -9.15657 -28.342 54.6437
    endloop
  endfacet
  facet normal -0.993691 -0 -0.112156
    outer loop
      vertex -9.15964 -28.342 54.6709
      vertex -9.15657 -28.52 54.6437
      vertex -9.15964 -28.52 54.6709
    endloop
  endfacet
  facet normal 0.0349132 0 -0.99939
    outer loop
      vertex -10.6681 -28.52 55.6402
      vertex -10.1185 -28.352 55.6594
      vertex -10.1185 -28.52 55.6594
    endloop
  endfacet
  facet normal 0.0349132 0 -0.99939
    outer loop
      vertex -10.1185 -28.352 55.6594
      vertex -10.6681 -28.52 55.6402
      vertex -10.6681 -28.352 55.6402
    endloop
  endfacet
  facet normal -0.744469 0 -0.667657
    outer loop
      vertex -13.7455 -28.52 52.6645
      vertex -15.284 -28.352 54.38
      vertex -13.7455 -28.352 52.6645
    endloop
  endfacet
  facet normal -0.744469 -0 -0.667657
    outer loop
      vertex -15.284 -28.352 54.38
      vertex -13.7455 -28.52 52.6645
      vertex -15.284 -28.52 54.38
    endloop
  endfacet
  facet normal 0.0348905 0 -0.999391
    outer loop
      vertex -13.7455 -28.52 52.6645
      vertex -12.6685 -28.352 52.7021
      vertex -12.6685 -28.52 52.7021
    endloop
  endfacet
  facet normal 0.0348905 0 -0.999391
    outer loop
      vertex -12.6685 -28.352 52.7021
      vertex -13.7455 -28.52 52.6645
      vertex -13.7455 -28.352 52.6645
    endloop
  endfacet
  facet normal 0.0349071 0 -0.999391
    outer loop
      vertex -16.4992 -28.52 52.5683
      vertex -15.2223 -28.352 52.6129
      vertex -15.2223 -28.52 52.6129
    endloop
  endfacet
  facet normal 0.0349071 0 -0.999391
    outer loop
      vertex -15.2223 -28.352 52.6129
      vertex -16.4992 -28.52 52.5683
      vertex -16.4992 -28.352 52.5683
    endloop
  endfacet
  facet normal 0 0 -1
    outer loop
      vertex 6.05014 -28.52 54.0339
      vertex 6.05013 -28.352 54.0339
      vertex 6.05014 -28.342 54.0339
    endloop
  endfacet
  facet normal 0.0348628 2.07517e-06 -0.999392
    outer loop
      vertex 5.66601 -28.52 54.0205
      vertex 6.05013 -28.352 54.0339
      vertex 6.05014 -28.52 54.0339
    endloop
  endfacet
  facet normal 0.0348637 0 -0.999392
    outer loop
      vertex 6.05013 -28.352 54.0339
      vertex 5.66601 -28.52 54.0205
      vertex 5.66601 -28.352 54.0205
    endloop
  endfacet
  facet normal -0 0 -1
    outer loop
      vertex 6.05014 -28.342 54.0339
      vertex 6.05013 -28.352 54.0339
      vertex 6.05013 -28.342 54.0339
    endloop
  endfacet
  facet normal 0.945361 0 -0.326027
    outer loop
      vertex 6.10056 -28.52 54.1801
      vertex 6.05014 -28.342 54.0339
      vertex 6.10056 -28.342 54.1801
    endloop
  endfacet
  facet normal 0.945361 0 -0.326027
    outer loop
      vertex 6.05014 -28.342 54.0339
      vertex 6.10056 -28.52 54.1801
      vertex 6.05014 -28.52 54.0339
    endloop
  endfacet
  facet normal 0.945355 0 -0.326042
    outer loop
      vertex 6.07264 -28.52 54.9796
      vertex 6.0028 -28.352 54.7771
      vertex 6.07264 -28.352 54.9796
    endloop
  endfacet
  facet normal 0.945355 0 -0.326042
    outer loop
      vertex 6.0028 -28.352 54.7771
      vertex 6.07264 -28.52 54.9796
      vertex 6.0028 -28.52 54.7771
    endloop
  endfacet
  facet normal -0.033826 0 0.999428
    outer loop
      vertex 5.99582 -28.352 54.977
      vertex 6.07264 -28.52 54.9796
      vertex 6.07264 -28.352 54.9796
    endloop
  endfacet
  facet normal -0.033826 0 0.999428
    outer loop
      vertex 6.07264 -28.52 54.9796
      vertex 5.99582 -28.352 54.977
      vertex 5.99582 -28.52 54.977
    endloop
  endfacet
  facet normal 0.945379 0 -0.325975
    outer loop
      vertex 6.33787 -28.52 55.969
      vertex 5.99582 -28.352 54.977
      vertex 6.33787 -28.352 55.969
    endloop
  endfacet
  facet normal 0.945379 0 -0.325975
    outer loop
      vertex 5.99582 -28.352 54.977
      vertex 6.33787 -28.52 55.969
      vertex 5.99582 -28.52 54.977
    endloop
  endfacet
  facet normal -0.920346 0 -0.391104
    outer loop
      vertex 6.74829 -28.52 55.0032
      vertex 6.33787 -28.352 55.969
      vertex 6.74829 -28.352 55.0032
    endloop
  endfacet
  facet normal -0.920346 -0 -0.391104
    outer loop
      vertex 6.33787 -28.352 55.969
      vertex 6.74829 -28.52 55.0032
      vertex 6.33787 -28.52 55.969
    endloop
  endfacet
  facet normal -0.0338216 0 0.999428
    outer loop
      vertex 6.67146 -28.352 55.0006
      vertex 6.74829 -28.52 55.0032
      vertex 6.74829 -28.352 55.0032
    endloop
  endfacet
  facet normal -0.0338216 0 0.999428
    outer loop
      vertex 6.74829 -28.52 55.0032
      vertex 6.67146 -28.352 55.0006
      vertex 6.67146 -28.52 55.0006
    endloop
  endfacet
  facet normal -0.920331 0 -0.391141
    outer loop
      vertex 6.75527 -28.52 54.8034
      vertex 6.67146 -28.352 55.0006
      vertex 6.75527 -28.352 54.8034
    endloop
  endfacet
  facet normal -0.920331 -0 -0.391141
    outer loop
      vertex 6.67146 -28.352 55.0006
      vertex 6.75527 -28.52 54.8034
      vertex 6.67146 -28.52 55.0006
    endloop
  endfacet
  facet normal -0.920377 0 -0.391031
    outer loop
      vertex 6.75988 -28.52 54.0587
      vertex 6.69938 -28.342 54.2011
      vertex 6.75988 -28.342 54.0587
    endloop
  endfacet
  facet normal -0.920377 -0 -0.391031
    outer loop
      vertex 6.69938 -28.342 54.2011
      vertex 6.75988 -28.52 54.0587
      vertex 6.69938 -28.52 54.2011
    endloop
  endfacet
  facet normal 0.0348628 0 -0.999392
    outer loop
      vertex 7.14402 -28.52 54.0721
      vertex 6.75989 -28.352 54.0587
      vertex 7.14402 -28.352 54.0721
    endloop
  endfacet
  facet normal 0.0348619 -2.07511e-06 -0.999392
    outer loop
      vertex 6.75988 -28.52 54.0587
      vertex 6.75989 -28.352 54.0587
      vertex 7.14402 -28.52 54.0721
    endloop
  endfacet
  facet normal 0 0 -1
    outer loop
      vertex 6.75988 -28.342 54.0587
      vertex 6.75989 -28.352 54.0587
      vertex 6.75988 -28.52 54.0587
    endloop
  endfacet
  facet normal 0 0 -1
    outer loop
      vertex 6.75989 -28.352 54.0587
      vertex 6.75988 -28.342 54.0587
      vertex 6.75989 -28.342 54.0587
    endloop
  endfacet
  facet normal -0.920338 0 -0.391123
    outer loop
      vertex 7.42799 -28.52 53.4039
      vertex 7.14402 -28.352 54.0721
      vertex 7.42799 -28.352 53.4039
    endloop
  endfacet
  facet normal -0.920338 -0 -0.391123
    outer loop
      vertex 7.14402 -28.352 54.0721
      vertex 7.42799 -28.52 53.4039
      vertex 7.14402 -28.52 54.0721
    endloop
  endfacet
  facet normal 0.0348463 0 -0.999393
    outer loop
      vertex 7.42799 -28.52 53.4039
      vertex 8.34575 -28.352 53.4359
      vertex 8.34575 -28.52 53.4359
    endloop
  endfacet
  facet normal 0.0348463 0 -0.999393
    outer loop
      vertex 8.34575 -28.352 53.4359
      vertex 7.42799 -28.52 53.4039
      vertex 7.42799 -28.352 53.4039
    endloop
  endfacet
  facet normal 0.901745 -0 0.432269
    outer loop
      vertex 6.983 -28.52 56.2787
      vertex 8.34575 -28.352 53.4359
      vertex 6.983 -28.352 56.2787
    endloop
  endfacet
  facet normal 0.901745 0 0.432269
    outer loop
      vertex 8.34575 -28.352 53.4359
      vertex 6.983 -28.52 56.2787
      vertex 8.34575 -28.52 53.4359
    endloop
  endfacet
  facet normal -0.929696 0 0.368329
    outer loop
      vertex 4.53381 -28.52 53.3028
      vertex 5.69498 -28.352 56.2337
      vertex 4.53381 -28.352 53.3028
    endloop
  endfacet
  facet normal -0.929696 0 0.368329
    outer loop
      vertex 5.69498 -28.352 56.2337
      vertex 4.53381 -28.52 53.3028
      vertex 5.69498 -28.52 56.2337
    endloop
  endfacet
  facet normal 0.0349304 0 -0.99939
    outer loop
      vertex 4.53381 -28.52 53.3028
      vertex 5.42933 -28.352 53.3341
      vertex 5.42933 -28.52 53.3341
    endloop
  endfacet
  facet normal 0.0349304 0 -0.99939
    outer loop
      vertex 5.42933 -28.352 53.3341
      vertex 4.53381 -28.52 53.3028
      vertex 4.53381 -28.352 53.3028
    endloop
  endfacet
  facet normal 0.945377 0 -0.325979
    outer loop
      vertex 5.66601 -28.52 54.0205
      vertex 5.42933 -28.352 53.3341
      vertex 5.66601 -28.352 54.0205
    endloop
  endfacet
  facet normal 0.945377 0 -0.325979
    outer loop
      vertex 5.42933 -28.352 53.3341
      vertex 5.66601 -28.52 54.0205
      vertex 5.42933 -28.52 53.3341
    endloop
  endfacet
  facet normal 0.0348377 0 -0.999393
    outer loop
      vertex 9.15125 -28.52 53.4641
      vertex 10.4393 -28.352 53.509
      vertex 10.4393 -28.52 53.509
    endloop
  endfacet
  facet normal 0.0348377 0 -0.999393
    outer loop
      vertex 10.4393 -28.352 53.509
      vertex 9.15125 -28.52 53.4641
      vertex 9.15125 -28.352 53.4641
    endloop
  endfacet
  facet normal 0.766188 0 -0.642617
    outer loop
      vertex 10.686 -28.52 54.8055
      vertex 10.4057 -28.352 54.4713
      vertex 10.686 -28.352 54.8055
    endloop
  endfacet
  facet normal 0.766188 0 -0.642617
    outer loop
      vertex 10.4057 -28.352 54.4713
      vertex 10.686 -28.52 54.8055
      vertex 10.4057 -28.52 54.4713
    endloop
  endfacet
  facet normal -0.775627 0 -0.631192
    outer loop
      vertex 11.7051 -28.52 53.5532
      vertex 10.686 -28.352 54.8055
      vertex 11.7051 -28.352 53.5532
    endloop
  endfacet
  facet normal -0.775627 -0 -0.631192
    outer loop
      vertex 10.686 -28.352 54.8055
      vertex 11.7051 -28.52 53.5532
      vertex 10.686 -28.52 54.8055
    endloop
  endfacet
  facet normal 0.0348853 0 -0.999391
    outer loop
      vertex 11.7051 -28.52 53.5532
      vertex 12.47 -28.352 53.5799
      vertex 12.47 -28.52 53.5799
    endloop
  endfacet
  facet normal 0.0348853 0 -0.999391
    outer loop
      vertex 12.47 -28.352 53.5799
      vertex 11.7051 -28.52 53.5532
      vertex 11.7051 -28.352 53.5532
    endloop
  endfacet
  facet normal 0.778139 -0 0.628092
    outer loop
      vertex 11.547 -28.52 54.7234
      vertex 12.47 -28.352 53.5799
      vertex 11.547 -28.352 54.7234
    endloop
  endfacet
  facet normal 0.778139 0 0.628092
    outer loop
      vertex 12.47 -28.352 53.5799
      vertex 11.547 -28.52 54.7234
      vertex 12.47 -28.52 53.5799
    endloop
  endfacet
  facet normal 0.76351 0 -0.645796
    outer loop
      vertex 11.5981 -28.52 55.6163
      vertex 11.5191 -28.352 55.5229
      vertex 11.5981 -28.352 55.6163
    endloop
  endfacet
  facet normal 0.76351 0 -0.645796
    outer loop
      vertex 11.5191 -28.352 55.5229
      vertex 11.5981 -28.52 55.6163
      vertex 11.5191 -28.52 55.5229
    endloop
  endfacet
  facet normal 0.77801 -0 0.628252
    outer loop
      vertex 11.5121 -28.52 55.7228
      vertex 11.5981 -28.352 55.6163
      vertex 11.5121 -28.352 55.7228
    endloop
  endfacet
  facet normal 0.77801 0 0.628252
    outer loop
      vertex 11.5981 -28.352 55.6163
      vertex 11.5121 -28.52 55.7228
      vertex 11.5981 -28.52 55.6163
    endloop
  endfacet
  facet normal 0.763335 0 -0.646003
    outer loop
      vertex 12.1348 -28.52 56.4586
      vertex 11.5121 -28.352 55.7228
      vertex 12.1348 -28.352 56.4586
    endloop
  endfacet
  facet normal 0.763335 0 -0.646003
    outer loop
      vertex 11.5121 -28.352 55.7228
      vertex 12.1348 -28.52 56.4586
      vertex 11.5121 -28.52 55.7228
    endloop
  endfacet
  facet normal 0.0348616 0 -0.999392
    outer loop
      vertex 0.566792 -28.52 56.0381
      vertex 1.70489 -28.352 56.0778
      vertex 1.70489 -28.52 56.0778
    endloop
  endfacet
  facet normal 0.0348616 0 -0.999392
    outer loop
      vertex 1.70489 -28.352 56.0778
      vertex 0.566792 -28.52 56.0381
      vertex 0.566792 -28.352 56.0381
    endloop
  endfacet
  facet normal 0.0349336 0 -0.99939
    outer loop
      vertex 1.80512 -28.52 53.2075
      vertex 3.11538 -28.352 53.2533
      vertex 3.11538 -28.52 53.2533
    endloop
  endfacet
  facet normal 0.0349336 0 -0.99939
    outer loop
      vertex 3.11538 -28.352 53.2533
      vertex 1.80512 -28.52 53.2075
      vertex 1.80512 -28.352 53.2075
    endloop
  endfacet
  facet normal 0.0348615 0 -0.999392
    outer loop
      vertex 3.01514 -28.52 56.1236
      vertex 4.15324 -28.352 56.1633
      vertex 4.15324 -28.52 56.1633
    endloop
  endfacet
  facet normal 0.0348615 0 -0.999392
    outer loop
      vertex 4.15324 -28.352 56.1633
      vertex 3.01514 -28.52 56.1236
      vertex 3.01514 -28.352 56.1236
    endloop
  endfacet
  facet normal 0.0348391 0 -0.999393
    outer loop
      vertex -7.131 -28.52 52.8955
      vertex -5.843 -28.352 52.9404
      vertex -5.843 -28.52 52.9404
    endloop
  endfacet
  facet normal 0.0348391 0 -0.999393
    outer loop
      vertex -5.843 -28.352 52.9404
      vertex -7.131 -28.52 52.8955
      vertex -7.131 -28.352 52.8955
    endloop
  endfacet
  facet normal 0.00607246 0 -0.999982
    outer loop
      vertex -1.57576 -28.52 55.9688
      vertex -1.50989 -28.352 55.9692
      vertex -1.50989 -28.52 55.9692
    endloop
  endfacet
  facet normal 0.00607246 0 -0.999982
    outer loop
      vertex -1.50989 -28.352 55.9692
      vertex -1.57576 -28.52 55.9688
      vertex -1.57576 -28.352 55.9688
    endloop
  endfacet
  facet normal -0.0583798 0 -0.998294
    outer loop
      vertex -1.50989 -28.52 55.9692
      vertex -1.44833 -28.352 55.9656
      vertex -1.44833 -28.52 55.9656
    endloop
  endfacet
  facet normal -0.0583798 0 -0.998294
    outer loop
      vertex -1.44833 -28.352 55.9656
      vertex -1.50989 -28.52 55.9692
      vertex -1.50989 -28.352 55.9692
    endloop
  endfacet
  facet normal -0.131529 0 -0.991312
    outer loop
      vertex -1.44833 -28.52 55.9656
      vertex -1.39105 -28.352 55.958
      vertex -1.39105 -28.52 55.958
    endloop
  endfacet
  facet normal -0.131529 0 -0.991312
    outer loop
      vertex -1.39105 -28.352 55.958
      vertex -1.44833 -28.52 55.9656
      vertex -1.44833 -28.352 55.9656
    endloop
  endfacet
  facet normal -0.212047 0 -0.977259
    outer loop
      vertex -1.39105 -28.52 55.958
      vertex -1.33805 -28.352 55.9465
      vertex -1.33805 -28.52 55.9465
    endloop
  endfacet
  facet normal -0.212047 0 -0.977259
    outer loop
      vertex -1.33805 -28.352 55.9465
      vertex -1.39105 -28.52 55.958
      vertex -1.39105 -28.352 55.958
    endloop
  endfacet
  facet normal -0.303284 0 -0.9529
    outer loop
      vertex -1.33805 -28.52 55.9465
      vertex -1.28935 -28.352 55.931
      vertex -1.28935 -28.52 55.931
    endloop
  endfacet
  facet normal -0.303284 0 -0.9529
    outer loop
      vertex -1.28935 -28.352 55.931
      vertex -1.33805 -28.52 55.9465
      vertex -1.33805 -28.352 55.9465
    endloop
  endfacet
  facet normal -0.402192 0 -0.915555
    outer loop
      vertex -1.28935 -28.52 55.931
      vertex -1.24496 -28.352 55.9115
      vertex -1.24496 -28.52 55.9115
    endloop
  endfacet
  facet normal -0.402192 0 -0.915555
    outer loop
      vertex -1.24496 -28.352 55.9115
      vertex -1.28935 -28.52 55.931
      vertex -1.28935 -28.352 55.931
    endloop
  endfacet
  facet normal -0.503817 0 -0.86381
    outer loop
      vertex -1.24496 -28.52 55.9115
      vertex -1.20484 -28.352 55.8881
      vertex -1.20484 -28.52 55.8881
    endloop
  endfacet
  facet normal -0.503817 0 -0.86381
    outer loop
      vertex -1.20484 -28.352 55.8881
      vertex -1.24496 -28.52 55.9115
      vertex -1.24496 -28.352 55.9115
    endloop
  endfacet
  facet normal -0.607458 0 -0.794352
    outer loop
      vertex -1.20484 -28.52 55.8881
      vertex -1.16901 -28.352 55.8607
      vertex -1.16901 -28.52 55.8607
    endloop
  endfacet
  facet normal -0.607458 0 -0.794352
    outer loop
      vertex -1.16901 -28.352 55.8607
      vertex -1.20484 -28.52 55.8881
      vertex -1.20484 -28.352 55.8881
    endloop
  endfacet
  facet normal -0.698126 0 -0.715975
    outer loop
      vertex -1.16901 -28.52 55.8607
      vertex -1.13732 -28.352 55.8298
      vertex -1.13732 -28.52 55.8298
    endloop
  endfacet
  facet normal -0.698126 0 -0.715975
    outer loop
      vertex -1.13732 -28.352 55.8298
      vertex -1.16901 -28.52 55.8607
      vertex -1.16901 -28.352 55.8607
    endloop
  endfacet
  facet normal -0.772413 0 -0.635121
    outer loop
      vertex -1.10961 -28.52 55.7961
      vertex -1.13732 -28.352 55.8298
      vertex -1.10961 -28.352 55.7961
    endloop
  endfacet
  facet normal -0.772413 -0 -0.635121
    outer loop
      vertex -1.13732 -28.352 55.8298
      vertex -1.10961 -28.52 55.7961
      vertex -1.13732 -28.52 55.8298
    endloop
  endfacet
  facet normal -0.839644 0 -0.543137
    outer loop
      vertex -1.08587 -28.52 55.7594
      vertex -1.10961 -28.352 55.7961
      vertex -1.08587 -28.352 55.7594
    endloop
  endfacet
  facet normal -0.839644 -0 -0.543137
    outer loop
      vertex -1.10961 -28.352 55.7961
      vertex -1.08587 -28.52 55.7594
      vertex -1.10961 -28.52 55.7961
    endloop
  endfacet
  facet normal -0.894879 0 -0.446309
    outer loop
      vertex -1.06612 -28.52 55.7198
      vertex -1.08587 -28.352 55.7594
      vertex -1.06612 -28.352 55.7198
    endloop
  endfacet
  facet normal -0.894879 -0 -0.446309
    outer loop
      vertex -1.08587 -28.352 55.7594
      vertex -1.06612 -28.52 55.7198
      vertex -1.08587 -28.52 55.7594
    endloop
  endfacet
  facet normal -0.937466 0 -0.348076
    outer loop
      vertex -1.05034 -28.52 55.6773
      vertex -1.06612 -28.352 55.7198
      vertex -1.05034 -28.352 55.6773
    endloop
  endfacet
  facet normal -0.937466 -0 -0.348076
    outer loop
      vertex -1.06612 -28.352 55.7198
      vertex -1.05034 -28.52 55.6773
      vertex -1.06612 -28.52 55.7198
    endloop
  endfacet
  facet normal -0.968029 0 -0.250837
    outer loop
      vertex -1.03855 -28.52 55.6318
      vertex -1.05034 -28.352 55.6773
      vertex -1.03855 -28.352 55.6318
    endloop
  endfacet
  facet normal -0.968029 -0 -0.250837
    outer loop
      vertex -1.05034 -28.352 55.6773
      vertex -1.03855 -28.52 55.6318
      vertex -1.05034 -28.52 55.6773
    endloop
  endfacet
  facet normal -0.98723 0 -0.159303
    outer loop
      vertex -1.03074 -28.52 55.5834
      vertex -1.03855 -28.352 55.6318
      vertex -1.03074 -28.352 55.5834
    endloop
  endfacet
  facet normal -0.98723 -0 -0.159303
    outer loop
      vertex -1.03855 -28.352 55.6318
      vertex -1.03074 -28.52 55.5834
      vertex -1.03855 -28.52 55.6318
    endloop
  endfacet
  facet normal -0.997214 0 -0.0745963
    outer loop
      vertex -1.02691 -28.52 55.5322
      vertex -1.03074 -28.352 55.5834
      vertex -1.02691 -28.352 55.5322
    endloop
  endfacet
  facet normal -0.997214 -0 -0.0745963
    outer loop
      vertex -1.03074 -28.352 55.5834
      vertex -1.02691 -28.52 55.5322
      vertex -1.03074 -28.52 55.5834
    endloop
  endfacet
  facet normal -0.999988 0 0.00485431
    outer loop
      vertex -1.02716 -28.52 55.4807
      vertex -1.02691 -28.352 55.5322
      vertex -1.02716 -28.352 55.4807
    endloop
  endfacet
  facet normal -0.999988 0 0.00485431
    outer loop
      vertex -1.02691 -28.352 55.5322
      vertex -1.02716 -28.52 55.4807
      vertex -1.02691 -28.52 55.5322
    endloop
  endfacet
  facet normal -0.995942 0 0.0900021
    outer loop
      vertex -1.03157 -28.52 55.4319
      vertex -1.02716 -28.352 55.4807
      vertex -1.03157 -28.352 55.4319
    endloop
  endfacet
  facet normal -0.995942 0 0.0900021
    outer loop
      vertex -1.02716 -28.352 55.4807
      vertex -1.03157 -28.52 55.4319
      vertex -1.02716 -28.52 55.4807
    endloop
  endfacet
  facet normal -0.809021 0 -0.587779
    outer loop
      vertex -0.936826 -28.52 53.1118
      vertex -1.62209 -28.352 54.055
      vertex -0.936826 -28.352 53.1118
    endloop
  endfacet
  facet normal -0.809021 -0 -0.587779
    outer loop
      vertex -1.62209 -28.352 54.055
      vertex -0.936826 -28.52 53.1118
      vertex -1.62209 -28.52 54.055
    endloop
  endfacet
  facet normal 0 0 -1
    outer loop
      vertex -0.219689 -28.52 53.1368
      vertex -0.219694 -28.352 53.1368
      vertex -0.219689 -28.342 53.1368
    endloop
  endfacet
  facet normal 0.0348397 1.0369e-06 -0.999393
    outer loop
      vertex -0.936826 -28.52 53.1118
      vertex -0.219694 -28.352 53.1368
      vertex -0.219689 -28.52 53.1368
    endloop
  endfacet
  facet normal 0.0348399 0 -0.999393
    outer loop
      vertex -0.219694 -28.352 53.1368
      vertex -0.936826 -28.52 53.1118
      vertex -0.936826 -28.352 53.1118
    endloop
  endfacet
  facet normal -0 0 -1
    outer loop
      vertex -0.219689 -28.342 53.1368
      vertex -0.219694 -28.352 53.1368
      vertex -0.219694 -28.342 53.1368
    endloop
  endfacet
  facet normal 0.805908 -0 0.592041
    outer loop
      vertex -0.360223 -28.52 53.3281
      vertex -0.219689 -28.342 53.1368
      vertex -0.360223 -28.342 53.3281
    endloop
  endfacet
  facet normal 0.805908 0 0.592041
    outer loop
      vertex -0.219689 -28.342 53.1368
      vertex -0.360223 -28.52 53.3281
      vertex -0.219689 -28.52 53.1368
    endloop
  endfacet
  facet normal 0.572947 0 -0.819592
    outer loop
      vertex -0.300325 -28.52 54.1802
      vertex -0.291456 -28.352 54.1864
      vertex -0.291456 -28.52 54.1864
    endloop
  endfacet
  facet normal 0.572947 0 -0.819592
    outer loop
      vertex -0.291456 -28.352 54.1864
      vertex -0.300325 -28.52 54.1802
      vertex -0.300325 -28.352 54.1802
    endloop
  endfacet
  facet normal 0.80588 -0 0.592079
    outer loop
      vertex -0.395122 -28.52 54.3275
      vertex -0.291456 -28.352 54.1864
      vertex -0.395122 -28.352 54.3275
    endloop
  endfacet
  facet normal 0.80588 0 0.592079
    outer loop
      vertex -0.291456 -28.352 54.1864
      vertex -0.395122 -28.52 54.3275
      vertex -0.291456 -28.52 54.1864
    endloop
  endfacet
  facet normal 0.513852 0 -0.857879
    outer loop
      vertex -0.395122 -28.52 54.3275
      vertex -0.307306 -28.352 54.3801
      vertex -0.307306 -28.52 54.3801
    endloop
  endfacet
  facet normal 0.513852 0 -0.857879
    outer loop
      vertex -0.307306 -28.352 54.3801
      vertex -0.395122 -28.52 54.3275
      vertex -0.395122 -28.352 54.3275
    endloop
  endfacet
  facet normal 0.571121 0 -0.820866
    outer loop
      vertex -0.307306 -28.52 54.3801
      vertex -0.224087 -28.352 54.438
      vertex -0.224087 -28.52 54.438
    endloop
  endfacet
  facet normal 0.571121 0 -0.820866
    outer loop
      vertex -0.224087 -28.352 54.438
      vertex -0.307306 -28.52 54.3801
      vertex -0.307306 -28.352 54.3801
    endloop
  endfacet
  facet normal 0.628116 0 -0.77812
    outer loop
      vertex -0.224087 -28.52 54.438
      vertex -0.146661 -28.352 54.5005
      vertex -0.146661 -28.52 54.5005
    endloop
  endfacet
  facet normal 0.628116 0 -0.77812
    outer loop
      vertex -0.146661 -28.352 54.5005
      vertex -0.224087 -28.52 54.438
      vertex -0.224087 -28.352 54.438
    endloop
  endfacet
  facet normal 0.683802 0 -0.729668
    outer loop
      vertex -0.146661 -28.52 54.5005
      vertex -0.0750603 -28.352 54.5676
      vertex -0.0750603 -28.52 54.5676
    endloop
  endfacet
  facet normal 0.683802 0 -0.729668
    outer loop
      vertex -0.0750603 -28.352 54.5676
      vertex -0.146661 -28.52 54.5005
      vertex -0.146661 -28.352 54.5005
    endloop
  endfacet
  facet normal 0.73634 0 -0.676612
    outer loop
      vertex -0.00926805 -28.52 54.6392
      vertex -0.0750603 -28.352 54.5676
      vertex -0.00926805 -28.352 54.6392
    endloop
  endfacet
  facet normal 0.73634 0 -0.676612
    outer loop
      vertex -0.0750603 -28.352 54.5676
      vertex -0.00926805 -28.52 54.6392
      vertex -0.0750603 -28.52 54.5676
    endloop
  endfacet
  facet normal 0.785681 0 -0.618632
    outer loop
      vertex 0.0507305 -28.52 54.7154
      vertex -0.00926805 -28.352 54.6392
      vertex 0.0507305 -28.352 54.7154
    endloop
  endfacet
  facet normal 0.785681 0 -0.618632
    outer loop
      vertex -0.00926805 -28.352 54.6392
      vertex 0.0507305 -28.52 54.7154
      vertex -0.00926805 -28.52 54.6392
    endloop
  endfacet
  facet normal 0.83044 0 -0.557109
    outer loop
      vertex 0.104936 -28.52 54.7962
      vertex 0.0507305 -28.352 54.7154
      vertex 0.104936 -28.352 54.7962
    endloop
  endfacet
  facet normal 0.83044 0 -0.557109
    outer loop
      vertex 0.0507305 -28.352 54.7154
      vertex 0.104936 -28.52 54.7962
      vertex 0.0507305 -28.52 54.7154
    endloop
  endfacet
  facet normal 0.871494 0 -0.490405
    outer loop
      vertex 0.152767 -28.52 54.8812
      vertex 0.104936 -28.352 54.7962
      vertex 0.152767 -28.352 54.8812
    endloop
  endfacet
  facet normal 0.871494 0 -0.490405
    outer loop
      vertex 0.104936 -28.352 54.7962
      vertex 0.152767 -28.52 54.8812
      vertex 0.104936 -28.52 54.7962
    endloop
  endfacet
  facet normal 0.907777 0 -0.419453
    outer loop
      vertex 0.193706 -28.52 54.9698
      vertex 0.152767 -28.352 54.8812
      vertex 0.193706 -28.352 54.9698
    endloop
  endfacet
  facet normal 0.907777 0 -0.419453
    outer loop
      vertex 0.152767 -28.352 54.8812
      vertex 0.193706 -28.52 54.9698
      vertex 0.152767 -28.52 54.8812
    endloop
  endfacet
  facet normal 0.93808 0 -0.346418
    outer loop
      vertex 0.227754 -28.52 55.062
      vertex 0.193706 -28.352 54.9698
      vertex 0.227754 -28.352 55.062
    endloop
  endfacet
  facet normal 0.93808 0 -0.346418
    outer loop
      vertex 0.193706 -28.352 54.9698
      vertex 0.227754 -28.52 55.062
      vertex 0.193706 -28.52 54.9698
    endloop
  endfacet
  facet normal 0.962399 0 -0.27164
    outer loop
      vertex 0.232891 -28.52 55.0802
      vertex 0.227754 -28.352 55.062
      vertex 0.232891 -28.352 55.0802
    endloop
  endfacet
  facet normal 0.962399 0 -0.27164
    outer loop
      vertex 0.227754 -28.352 55.062
      vertex 0.232891 -28.52 55.0802
      vertex 0.227754 -28.52 55.062
    endloop
  endfacet
  facet normal 0.925649 -0 0.378382
    outer loop
      vertex 0.191523 -28.52 55.1814
      vertex 0.232891 -28.352 55.0802
      vertex 0.191523 -28.352 55.1814
    endloop
  endfacet
  facet normal 0.925649 0 0.378382
    outer loop
      vertex 0.232891 -28.352 55.0802
      vertex 0.191523 -28.52 55.1814
      vertex 0.232891 -28.52 55.0802
    endloop
  endfacet
  facet normal 0.0349336 0 -0.99939
    outer loop
      vertex -3.26305 -28.52 53.0305
      vertex -1.95279 -28.352 53.0763
      vertex -1.95279 -28.52 53.0763
    endloop
  endfacet
  facet normal 0.0349336 0 -0.99939
    outer loop
      vertex -1.95279 -28.352 53.0763
      vertex -3.26305 -28.52 53.0305
      vertex -3.26305 -28.352 53.0305
    endloop
  endfacet
  facet normal 0.0349554 0 -0.999389
    outer loop
      vertex -2.05322 -28.52 55.9521
      vertex -1.57576 -28.352 55.9688
      vertex -1.57576 -28.52 55.9688
    endloop
  endfacet
  facet normal 0.0349554 0 -0.999389
    outer loop
      vertex -1.57576 -28.352 55.9688
      vertex -2.05322 -28.52 55.9521
      vertex -2.05322 -28.352 55.9521
    endloop
  endfacet
  facet normal -0 0 1
    outer loop
      vertex 15 -32.7 29.7
      vertex 20.2 -36.8 29.7
      vertex 20.2 -32.7 29.7
    endloop
  endfacet
  facet normal 0 0 1
    outer loop
      vertex 20.2 -36.8 29.7
      vertex 15 -32.7 29.7
      vertex 15 -36.8 29.7
    endloop
  endfacet
  facet normal 0 -1 0
    outer loop
      vertex 14 -36.8 22.7
      vertex 20.2 -36.8 29.7
      vertex 15 -36.8 29.7
    endloop
  endfacet
  facet normal 0 -1 0
    outer loop
      vertex 14 -36.8 22.7
      vertex 21.2 -36.8 22.7
      vertex 20.2 -36.8 29.7
    endloop
  endfacet
  facet normal 0 -1 0
    outer loop
      vertex 15.2 -36.8 7.7
      vertex 21.2 -36.8 22.7
      vertex 14 -36.8 22.7
    endloop
  endfacet
  facet normal 0 -1 0
    outer loop
      vertex 21.2 -36.8 22.7
      vertex 15.2 -36.8 7.7
      vertex 20 -36.8 7.7
    endloop
  endfacet
  facet normal 0.989949 -0 0.141421
    outer loop
      vertex 20.2 -36.8 29.7
      vertex 21.2 -32.7 22.7
      vertex 20.2 -32.7 29.7
    endloop
  endfacet
  facet normal 0.989949 0 0.141421
    outer loop
      vertex 21.2 -32.7 22.7
      vertex 20.2 -36.8 29.7
      vertex 21.2 -36.8 22.7
    endloop
  endfacet
  facet normal 0.996815 0 -0.0797452
    outer loop
      vertex 21.2 -36.8 22.7
      vertex 20 -32.7 7.7
      vertex 21.2 -32.7 22.7
    endloop
  endfacet
  facet normal 0.996815 0 -0.0797452
    outer loop
      vertex 20 -32.7 7.7
      vertex 21.2 -36.8 22.7
      vertex 20 -36.8 7.7
    endloop
  endfacet
  facet normal 0 0 -1
    outer loop
      vertex 15.2 -36.8 7.7
      vertex 20 -32.7 7.7
      vertex 20 -36.8 7.7
    endloop
  endfacet
  facet normal -0 0 -1
    outer loop
      vertex 20 -32.7 7.7
      vertex 15.2 -36.8 7.7
      vertex 15.2 -32.7 7.7
    endloop
  endfacet
  facet normal -0.989949 0 0.141421
    outer loop
      vertex 14 -36.8 22.7
      vertex 15 -32.7 29.7
      vertex 14 -32.7 22.7
    endloop
  endfacet
  facet normal -0.989949 0 0.141421
    outer loop
      vertex 15 -32.7 29.7
      vertex 14 -36.8 22.7
      vertex 15 -36.8 29.7
    endloop
  endfacet
  facet normal -0.996815 0 -0.0797452
    outer loop
      vertex 15.2 -36.8 7.7
      vertex 14 -32.7 22.7
      vertex 15.2 -32.7 7.7
    endloop
  endfacet
  facet normal -0.996815 -0 -0.0797452
    outer loop
      vertex 14 -32.7 22.7
      vertex 15.2 -36.8 7.7
      vertex 14 -36.8 22.7
    endloop
  endfacet
  facet normal 0 1 0
    outer loop
      vertex 21.2 -32.7 22.7
      vertex 15 -32.7 29.7
      vertex 20.2 -32.7 29.7
    endloop
  endfacet
  facet normal 0 1 0
    outer loop
      vertex 21.2 -32.7 22.7
      vertex 14 -32.7 22.7
      vertex 15 -32.7 29.7
    endloop
  endfacet
  facet normal 0 1 -0
    outer loop
      vertex 20 -32.7 7.7
      vertex 14 -32.7 22.7
      vertex 21.2 -32.7 22.7
    endloop
  endfacet
  facet normal 0 1 0
    outer loop
      vertex 14 -32.7 22.7
      vertex 20 -32.7 7.7
      vertex 15.2 -32.7 7.7
    endloop
  endfacet
endsolid OpenSCAD_Model
